date,open,high,low,close,volume
2022-12-15 00:00:00,0.670017,0.670017,0.670017,0.670017,50
2022-12-15 01:00:00,0.670017,0.670017,0.670017,0.670017,50
2022-12-15 02:00:00,0.670017,0.670017,0.670017,0.670017,50
2022-12-15 03:00:00,0.670017,0.670017,0.670017,0.670017,50
2022-12-15 04:00:00,0.670017,0.670017,0.670017,0.670017,50
2022-12-15 05:00:00,0.670017,0.670017,0.670017,0.670017,50
2022-12-15 06:00:00,0.670017,0.670017,0.670017,0.670017,50
2022-12-15 07:00:00,0.670017,0.670017,0.670017,0.670017,50
2022-12-15 08:00:00,0.670017,0.670017,0.670017,0.670017,50
2022-12-15 09:00:00,0.670017,0.670017,0.670017,0.670017,50
2022-12-15 10:00:00,0.670017,0.670017,0.670017,0.670017,50
2022-12-15 11:00:00,0.670017,0.670017,0.670017,0.670017,50
2022-12-15 12:00:00,0.670017,0.670017,0.670017,0.670017,50
2022-12-15 13:00:00,0.670017,0.670017,0.670017,0.670017,50
2022-12-15 14:00:00,0.670017,0.670017,0.670017,0.670017,50
2022-12-15 15:00:00,0.670017,0.670017,0.670017,0.670017,50
2022-12-15 16:00:00,0.670017,0.670017,0.670017,0.670017,50
2022-12-15 17:00:00,0.670017,0.670017,0.670017,0.670017,50
2022-12-15 18:00:00,0.670017,0.670017,0.670017,0.670017,50
2022-12-15 19:00:00,0.670017,0.670017,0.670017,0.670017,50
2022-12-15 20:00:00,0.670017,0.670017,0.670017,0.670017,50
2022-12-15 21:00:00,0.670017,0.670017,0.670017,0.670017,50
2022-12-15 22:00:00,0.670017,0.670017,0.670017,0.670017,50
2022-12-15 23:00:00,0.670017,0.670017,0.670017,0.670017,50
2022-12-16 00:00:00,0.670017,0.670647,0.669941,0.670572,50
2022-12-16 01:00:00,0.670572,0.670689,0.670225,0.670342,50
2022-12-16 02:00:00,0.670342,0.670346,0.670201,0.670205,50
2022-12-16 03:00:00,0.670205,0.670413,0.670159,0.670366,50
2022-12-16 04:00:00,0.670366,0.670424,0.670296,0.670354,50
2022-12-16 05:00:00,0.670354,0.670464,0.670162,0.670272,50
2022-12-16 06:00:00,0.670272,0.670295,0.670216,0.670239,50
2022-12-16 07:00:00,0.670239,0.670270,0.670178,0.670209,50
2022-12-16 08:00:00,0.670209,0.670239,0.669954,0.669984,50
2022-12-16 09:00:00,0.669984,0.669990,0.669639,0.669645,50
2022-12-16 10:00:00,0.669645,0.669726,0.669045,0.669126,50
2022-12-16 11:00:00,0.669126,0.669259,0.669027,0.669160,50
2022-12-16 12:00:00,0.669160,0.669462,0.669108,0.669409,50
2022-12-16 13:00:00,0.669409,0.669414,0.669166,0.669171,50
2022-12-16 14:00:00,0.669171,0.669365,0.669085,0.669279,50
2022-12-16 15:00:00,0.669279,0.669648,0.669190,0.669559,50
2022-12-16 16:00:00,0.669559,0.669638,0.668899,0.668978,50
2022-12-16 17:00:00,0.668978,0.669018,0.668649,0.668689,50
2022-12-16 18:00:00,0.668689,0.668911,0.668589,0.668811,50
2022-12-16 19:00:00,0.668811,0.668998,0.668735,0.668922,50
2022-12-16 20:00:00,0.668922,0.668993,0.668714,0.668785,50
2022-12-16 21:00:00,0.668785,0.668850,0.668656,0.668721,50
2022-12-16 22:00:00,0.668721,0.668749,0.668537,0.668565,50
2022-12-16 23:00:00,0.668565,0.669175,0.668510,0.669120,50
2022-12-19 00:00:00,0.669120,0.669249,0.668596,0.668725,50
2022-12-19 01:00:00,0.668725,0.669265,0.668565,0.669105,50
2022-12-19 02:00:00,0.669105,0.669383,0.669089,0.669368,50
2022-12-19 03:00:00,0.669368,0.669531,0.669353,0.669516,50
2022-12-19 04:00:00,0.669516,0.669685,0.669392,0.669561,50
2022-12-19 05:00:00,0.669561,0.669635,0.669508,0.669582,50
2022-12-19 06:00:00,0.669582,0.669647,0.669483,0.669547,50
2022-12-19 07:00:00,0.669547,0.669855,0.669402,0.669710,50
2022-12-19 08:00:00,0.669710,0.669833,0.669381,0.669505,50
2022-12-19 09:00:00,0.669505,0.670122,0.669395,0.670013,50
2022-12-19 10:00:00,0.670013,0.670610,0.669869,0.670466,50
2022-12-19 11:00:00,0.670466,0.670691,0.670345,0.670570,50
2022-12-19 12:00:00,0.670570,0.671096,0.670435,0.670961,50
2022-12-19 13:00:00,0.670961,0.671512,0.670855,0.671406,50
2022-12-19 14:00:00,0.671406,0.671504,0.671289,0.671387,50
2022-12-19 15:00:00,0.671387,0.671397,0.671149,0.671159,50
2022-12-19 16:00:00,0.671159,0.671615,0.671008,0.671464,50
2022-12-19 17:00:00,0.671464,0.671616,0.670881,0.671033,50
2022-12-19 18:00:00,0.671033,0.671395,0.670974,0.671336,50
2022-12-19 19:00:00,0.671336,0.671595,0.671232,0.671491,50
2022-12-19 20:00:00,0.671491,0.671494,0.671257,0.671260,50
2022-12-19 21:00:00,0.671260,0.671343,0.670461,0.670544,50
2022-12-19 22:00:00,0.670544,0.670766,0.670440,0.670662,50
2022-12-19 23:00:00,0.670662,0.671145,0.670614,0.671096,50
2022-12-20 00:00:00,0.671096,0.671386,0.666871,0.667160,50
2022-12-20 01:00:00,0.667160,0.667923,0.666950,0.667712,50
2022-12-20 02:00:00,0.667712,0.669183,0.667670,0.669141,50
2022-12-20 03:00:00,0.669141,0.670122,0.669053,0.670034,50
2022-12-20 04:00:00,0.670034,0.670230,0.669700,0.669896,50
2022-12-20 05:00:00,0.669896,0.670197,0.668578,0.668879,50
2022-12-20 06:00:00,0.668879,0.670776,0.668772,0.670670,50
2022-12-20 07:00:00,0.670670,0.671757,0.670628,0.671716,50
2022-12-20 08:00:00,0.671716,0.671853,0.671260,0.671397,50
2022-12-20 09:00:00,0.671397,0.671424,0.671305,0.671332,50
2022-12-20 10:00:00,0.671332,0.672147,0.671202,0.672017,50
2022-12-20 11:00:00,0.672017,0.672355,0.670228,0.670566,50
2022-12-20 12:00:00,0.670566,0.670637,0.670239,0.670310,50
2022-12-20 13:00:00,0.670310,0.670812,0.670194,0.670695,50
2022-12-20 14:00:00,0.670695,0.670995,0.669479,0.669779,50
2022-12-20 15:00:00,0.669779,0.670364,0.669700,0.670286,50
2022-12-20 16:00:00,0.670286,0.670330,0.668292,0.668336,50
2022-12-20 17:00:00,0.668336,0.668830,0.668240,0.668734,50
2022-12-20 18:00:00,0.668734,0.668970,0.666586,0.666822,50
2022-12-20 19:00:00,0.666822,0.667097,0.665292,0.665568,50
2022-12-20 20:00:00,0.665568,0.666314,0.665306,0.666052,50
2022-12-20 21:00:00,0.666052,0.666077,0.665962,0.665987,50
2022-12-20 22:00:00,0.665987,0.666419,0.665877,0.666310,50
2022-12-20 23:00:00,0.666310,0.666534,0.666265,0.666489,50
2022-12-21 00:00:00,0.666489,0.666754,0.666331,0.666597,50
2022-12-21 01:00:00,0.666597,0.667492,0.666450,0.667346,50
2022-12-21 02:00:00,0.667346,0.667546,0.666372,0.666572,50
2022-12-21 03:00:00,0.666572,0.666866,0.666510,0.666803,50
2022-12-21 04:00:00,0.666803,0.667024,0.665711,0.665932,50
2022-12-21 05:00:00,0.665932,0.666172,0.665624,0.665864,50
2022-12-21 06:00:00,0.665864,0.666755,0.665855,0.666745,50
2022-12-21 07:00:00,0.666745,0.667066,0.666658,0.666978,50
2022-12-21 08:00:00,0.666978,0.667479,0.666883,0.667384,50
2022-12-21 09:00:00,0.667384,0.667546,0.667283,0.667445,50
2022-12-21 10:00:00,0.667445,0.667587,0.667104,0.667246,50
2022-12-21 11:00:00,0.667246,0.669621,0.667180,0.669555,50
2022-12-21 12:00:00,0.669555,0.669725,0.668263,0.668433,50
2022-12-21 13:00:00,0.668433,0.668794,0.668202,0.668563,50
2022-12-21 14:00:00,0.668563,0.670481,0.668320,0.670238,50
2022-12-21 15:00:00,0.670238,0.670460,0.669056,0.669278,50
2022-12-21 16:00:00,0.669278,0.669335,0.668629,0.668686,50
2022-12-21 17:00:00,0.668686,0.668882,0.668225,0.668420,50
2022-12-21 18:00:00,0.668420,0.668623,0.667387,0.667590,50
2022-12-21 19:00:00,0.667590,0.667749,0.667310,0.667468,50
2022-12-21 20:00:00,0.667468,0.667868,0.667291,0.667691,50
2022-12-21 21:00:00,0.667691,0.667766,0.667555,0.667630,50
2022-12-21 22:00:00,0.667630,0.667833,0.666481,0.666684,50
2022-12-21 23:00:00,0.666684,0.669676,0.666621,0.669613,50
2022-12-22 00:00:00,0.669613,0.669684,0.669404,0.669475,50
2022-12-22 01:00:00,0.669475,0.669619,0.669404,0.669548,50
2022-12-22 02:00:00,0.669548,0.669819,0.669371,0.669642,50
2022-12-22 03:00:00,0.669642,0.670080,0.669585,0.670023,50
2022-12-22 04:00:00,0.670023,0.670159,0.669607,0.669743,50
2022-12-22 05:00:00,0.669743,0.670054,0.669546,0.669857,50
2022-12-22 06:00:00,0.669857,0.669977,0.669716,0.669836,50
2022-12-22 07:00:00,0.669836,0.670173,0.669777,0.670113,50
2022-12-22 08:00:00,0.670113,0.670142,0.669166,0.669195,50
2022-12-22 09:00:00,0.669195,0.669531,0.669058,0.669394,50
2022-12-22 10:00:00,0.669394,0.669431,0.668836,0.668873,50
2022-12-22 11:00:00,0.668873,0.668957,0.668371,0.668455,50
2022-12-22 12:00:00,0.668455,0.668627,0.668174,0.668345,50
2022-12-22 13:00:00,0.668345,0.668510,0.667641,0.667805,50
2022-12-22 14:00:00,0.667805,0.667863,0.667589,0.667648,50
2022-12-22 15:00:00,0.667648,0.667940,0.667571,0.667863,50
2022-12-22 16:00:00,0.667863,0.667924,0.667766,0.667827,50
2022-12-22 17:00:00,0.667827,0.667888,0.667590,0.667651,50
2022-12-22 18:00:00,0.667651,0.667755,0.667048,0.667153,50
2022-12-22 19:00:00,0.667153,0.667177,0.666918,0.666943,50
2022-12-22 20:00:00,0.666943,0.666967,0.666793,0.666817,50
2022-12-22 21:00:00,0.666817,0.666848,0.666580,0.666611,50
2022-12-22 22:00:00,0.666611,0.666803,0.666542,0.666733,50
2022-12-22 23:00:00,0.666733,0.667224,0.666621,0.667111,50
2022-12-23 00:00:00,0.667111,0.667314,0.666797,0.667000,50
2022-12-23 01:00:00,0.667000,0.667515,0.666784,0.667298,50
2022-12-23 02:00:00,0.667298,0.668434,0.667073,0.668209,50
2022-12-23 03:00:00,0.668209,0.669267,0.667912,0.668969,50
2022-12-23 04:00:00,0.668969,0.669037,0.668675,0.668743,50
2022-12-23 05:00:00,0.668743,0.668995,0.668475,0.668727,50
2022-12-23 06:00:00,0.668727,0.669865,0.668705,0.669843,50
2022-12-23 07:00:00,0.669843,0.670250,0.669760,0.670167,50
2022-12-23 08:00:00,0.670167,0.671019,0.669972,0.670824,50
2022-12-23 09:00:00,0.670824,0.671889,0.670720,0.671785,50
2022-12-23 10:00:00,0.671785,0.671944,0.671046,0.671206,50
2022-12-23 11:00:00,0.671206,0.671278,0.670514,0.670586,50
2022-12-23 12:00:00,0.670586,0.671269,0.670503,0.671186,50
2022-12-23 13:00:00,0.671186,0.671329,0.670278,0.670421,50
2022-12-23 14:00:00,0.670421,0.670621,0.669575,0.669775,50
2022-12-23 15:00:00,0.669775,0.670002,0.669228,0.669454,50
2022-12-23 16:00:00,0.669454,0.669621,0.669291,0.669457,50
2022-12-23 17:00:00,0.669457,0.669970,0.669333,0.669846,50
2022-12-23 18:00:00,0.669846,0.670162,0.668917,0.669233,50
2022-12-23 19:00:00,0.669233,0.669808,0.668979,0.669554,50
2022-12-23 20:00:00,0.669554,0.669812,0.669374,0.669633,50
2022-12-23 21:00:00,0.669633,0.669810,0.668898,0.669075,50
2022-12-23 22:00:00,0.669075,0.669124,0.667646,0.667695,50
2022-12-23 23:00:00,0.667695,0.671071,0.667629,0.671006,50
2022-12-27 00:00:00,0.671006,0.672428,0.670792,0.672214,50
2022-12-27 01:00:00,0.672214,0.672393,0.672040,0.672220,50
2022-12-27 02:00:00,0.672220,0.672336,0.671855,0.671971,50
2022-12-27 03:00:00,0.671971,0.672032,0.671620,0.671682,50
2022-12-27 04:00:00,0.671682,0.671753,0.670292,0.670363,50
2022-12-27 05:00:00,0.670363,0.670837,0.670112,0.670586,50
2022-12-27 06:00:00,0.670586,0.671152,0.670397,0.670963,50
2022-12-27 07:00:00,0.670963,0.671216,0.670934,0.671188,50
2022-12-27 08:00:00,0.671188,0.671434,0.670847,0.671093,50
2022-12-27 09:00:00,0.671093,0.671166,0.670829,0.670902,50
2022-12-27 10:00:00,0.670902,0.671628,0.670716,0.671441,50
2022-12-27 11:00:00,0.671441,0.672349,0.671317,0.672225,50
2022-12-27 12:00:00,0.672225,0.672748,0.672153,0.672675,50
2022-12-27 13:00:00,0.672675,0.672731,0.672561,0.672617,50
2022-12-27 14:00:00,0.672617,0.673295,0.672461,0.673139,50
2022-12-27 15:00:00,0.673139,0.674563,0.673028,0.674452,50
2022-12-27 16:00:00,0.674452,0.674620,0.673938,0.674107,50
2022-12-27 17:00:00,0.674107,0.674934,0.673919,0.674746,50
2022-12-27 18:00:00,0.674746,0.674967,0.673933,0.674154,50
2022-12-27 19:00:00,0.674154,0.674384,0.673454,0.673684,50
2022-12-27 20:00:00,0.673684,0.675029,0.673515,0.674860,50
2022-12-27 21:00:00,0.674860,0.675121,0.673905,0.674166,50
2022-12-27 22:00:00,0.674166,0.674300,0.673686,0.673820,50
2022-12-27 23:00:00,0.673820,0.674457,0.673580,0.674218,50
2022-12-28 00:00:00,0.674218,0.674263,0.673674,0.673718,50
2022-12-28 01:00:00,0.673718,0.674121,0.673623,0.674026,50
2022-12-28 02:00:00,0.674026,0.674392,0.673913,0.674280,50
2022-12-28 03:00:00,0.674280,0.674784,0.674187,0.674691,50
2022-12-28 04:00:00,0.674691,0.674753,0.674668,0.674730,50
2022-12-28 05:00:00,0.674730,0.675150,0.674637,0.675058,50
2022-12-28 06:00:00,0.675058,0.675346,0.675004,0.675292,50
2022-12-28 07:00:00,0.675292,0.675394,0.675074,0.675175,50
2022-12-28 08:00:00,0.675175,0.675647,0.675118,0.675590,50
2022-12-28 09:00:00,0.675590,0.675700,0.675395,0.675505,50
2022-12-28 10:00:00,0.675505,0.675625,0.675034,0.675154,50
2022-12-28 11:00:00,0.675154,0.675254,0.674945,0.675045,50
2022-12-28 12:00:00,0.675045,0.675145,0.674733,0.674834,50
2022-12-28 13:00:00,0.674834,0.674933,0.674608,0.674707,50
2022-12-28 14:00:00,0.674707,0.675044,0.674635,0.674972,50
2022-12-28 15:00:00,0.674972,0.674993,0.674945,0.674967,50
2022-12-28 16:00:00,0.674967,0.675594,0.674847,0.675474,50
2022-12-28 17:00:00,0.675474,0.675531,0.675366,0.675422,50
2022-12-28 18:00:00,0.675422,0.675623,0.675420,0.675621,50
2022-12-28 19:00:00,0.675621,0.675709,0.675568,0.675656,50
2022-12-28 20:00:00,0.675656,0.675707,0.675132,0.675182,50
2022-12-28 21:00:00,0.675182,0.675274,0.675158,0.675249,50
2022-12-28 22:00:00,0.675249,0.675524,0.675132,0.675407,50
2022-12-28 23:00:00,0.675407,0.675421,0.675206,0.675219,50
2022-12-29 00:00:00,0.675219,0.675938,0.675016,0.675735,50
2022-12-29 01:00:00,0.675735,0.675950,0.675485,0.675700,50
2022-12-29 02:00:00,0.675700,0.675830,0.675433,0.675563,50
2022-12-29 03:00:00,0.675563,0.675715,0.674527,0.674679,50
2022-12-29 04:00:00,0.674679,0.675621,0.674479,0.675421,50
2022-12-29 05:00:00,0.675421,0.675545,0.675013,0.675137,50
2022-12-29 06:00:00,0.675137,0.675569,0.675104,0.675537,50
2022-12-29 07:00:00,0.675537,0.675655,0.675196,0.675314,50
2022-12-29 08:00:00,0.675314,0.676238,0.675194,0.676118,50
2022-12-29 09:00:00,0.676118,0.676158,0.676051,0.676091,50
2022-12-29 10:00:00,0.676091,0.676405,0.676070,0.676384,50
2022-12-29 11:00:00,0.676384,0.677083,0.676343,0.677041,50
2022-12-29 12:00:00,0.677041,0.677200,0.676743,0.676901,50
2022-12-29 13:00:00,0.676901,0.677085,0.676566,0.676750,50
2022-12-29 14:00:00,0.676750,0.676899,0.676513,0.676662,50
2022-12-29 15:00:00,0.676662,0.676834,0.676565,0.676738,50
2022-12-29 16:00:00,0.676738,0.677177,0.676731,0.677170,50
2022-12-29 17:00:00,0.677170,0.677373,0.677169,0.677372,50
2022-12-29 18:00:00,0.677372,0.677596,0.677223,0.677448,50
2022-12-29 19:00:00,0.677448,0.678190,0.677328,0.678070,50
2022-12-29 20:00:00,0.678070,0.678316,0.677966,0.678213,50
2022-12-29 21:00:00,0.678213,0.678252,0.677375,0.677414,50
2022-12-29 22:00:00,0.677414,0.678488,0.677386,0.678460,50
2022-12-29 23:00:00,0.678460,0.678501,0.677879,0.677920,50
2022-12-30 00:00:00,0.677920,0.678692,0.677707,0.678479,50
2022-12-30 01:00:00,0.678479,0.679468,0.678467,0.679456,50
2022-12-30 02:00:00,0.679456,0.680571,0.679396,0.680510,50
2022-12-30 03:00:00,0.680510,0.680530,0.680195,0.680214,50
2022-12-30 04:00:00,0.680214,0.680361,0.679291,0.679438,50
2022-12-30 05:00:00,0.679438,0.679852,0.679348,0.679762,50
2022-12-30 06:00:00,0.679762,0.679971,0.679667,0.679876,50
2022-12-30 07:00:00,0.679876,0.681045,0.679822,0.680992,50
2022-12-30 08:00:00,0.680992,0.681160,0.680703,0.680872,50
2022-12-30 09:00:00,0.680872,0.681185,0.680707,0.681020,50
2022-12-30 10:00:00,0.681020,0.681117,0.679773,0.679870,50
2022-12-30 11:00:00,0.679870,0.680049,0.677630,0.677809,50
2022-12-30 12:00:00,0.677809,0.677870,0.677759,0.677820,50
2022-12-30 13:00:00,0.677820,0.678432,0.677745,0.678357,50
2022-12-30 14:00:00,0.678357,0.678585,0.678149,0.678377,50
2022-12-30 15:00:00,0.678377,0.678847,0.678328,0.678798,50
2022-12-30 16:00:00,0.678798,0.679306,0.678767,0.679275,50
2022-12-30 17:00:00,0.679275,0.679282,0.678693,0.678700,50
2022-12-30 18:00:00,0.678700,0.678846,0.678504,0.678650,50
2022-12-30 19:00:00,0.678650,0.678828,0.678098,0.678276,50
2022-12-30 20:00:00,0.678276,0.679285,0.678265,0.679274,50
2022-12-30 21:00:00,0.679274,0.679425,0.679170,0.679321,50
2022-12-30 22:00:00,0.679321,0.679831,0.679235,0.679745,50
2022-12-30 23:00:00,0.679745,0.680575,0.679674,0.680504,50
2023-01-03 00:00:00,0.680504,0.680780,0.677636,0.677912,50
2023-01-03 01:00:00,0.677912,0.678807,0.677346,0.678240,50
2023-01-03 02:00:00,0.678240,0.679740,0.678003,0.679502,50
2023-01-03 03:00:00,0.679502,0.679975,0.679494,0.679967,50
2023-01-03 04:00:00,0.679967,0.680135,0.678691,0.678859,50
2023-01-03 05:00:00,0.678859,0.679295,0.678714,0.679151,50
2023-01-03 06:00:00,0.679151,0.680616,0.679138,0.680603,50
2023-01-03 07:00:00,0.680603,0.681166,0.679532,0.680095,50
2023-01-03 08:00:00,0.680095,0.682469,0.679632,0.682006,50
2023-01-03 09:00:00,0.682006,0.682092,0.680172,0.680258,50
2023-01-03 10:00:00,0.680258,0.680411,0.678747,0.678900,50
2023-01-03 11:00:00,0.678900,0.680817,0.678281,0.680199,50
2023-01-03 12:00:00,0.680199,0.680641,0.676433,0.676875,50
2023-01-03 13:00:00,0.676875,0.677157,0.675377,0.675659,50
2023-01-03 14:00:00,0.675659,0.677524,0.675293,0.677158,50
2023-01-03 15:00:00,0.677158,0.678255,0.676538,0.677635,50
2023-01-03 16:00:00,0.677635,0.679145,0.677484,0.678994,50
2023-01-03 17:00:00,0.678994,0.679762,0.678596,0.679363,50
2023-01-03 18:00:00,0.679363,0.679373,0.678505,0.678515,50
2023-01-03 19:00:00,0.678515,0.679215,0.678209,0.678909,50
2023-01-03 20:00:00,0.678909,0.679058,0.675836,0.675985,50
2023-01-03 21:00:00,0.675985,0.676199,0.672143,0.672357,50
2023-01-03 22:00:00,0.672357,0.672671,0.672109,0.672423,50
2023-01-03 23:00:00,0.672423,0.673262,0.672153,0.672993,50
2023-01-04 00:00:00,0.672993,0.678714,0.672935,0.678657,50
2023-01-04 01:00:00,0.678657,0.678910,0.675962,0.676215,50
2023-01-04 02:00:00,0.676215,0.676764,0.673894,0.674443,50
2023-01-04 03:00:00,0.674443,0.675260,0.671203,0.672020,50
2023-01-04 04:00:00,0.672020,0.672234,0.670176,0.670389,50
2023-01-04 05:00:00,0.670389,0.673756,0.669553,0.672920,50
2023-01-04 06:00:00,0.672920,0.673913,0.672471,0.673464,50
2023-01-04 07:00:00,0.673464,0.673799,0.671523,0.671857,50
2023-01-04 08:00:00,0.671857,0.673596,0.670950,0.672689,50
2023-01-04 09:00:00,0.672689,0.677501,0.672571,0.677384,50
2023-01-04 10:00:00,0.677384,0.679612,0.676362,0.678590,50
2023-01-04 11:00:00,0.678590,0.680913,0.678251,0.680574,50
2023-01-04 12:00:00,0.680574,0.682427,0.680177,0.682031,50
2023-01-04 13:00:00,0.682031,0.682253,0.680570,0.680792,50
2023-01-04 14:00:00,0.680792,0.681686,0.680280,0.681175,50
2023-01-04 15:00:00,0.681175,0.684047,0.680253,0.683126,50
2023-01-04 16:00:00,0.683126,0.685979,0.682885,0.685738,50
2023-01-04 17:00:00,0.685738,0.686916,0.685132,0.686310,50
2023-01-04 18:00:00,0.686310,0.687163,0.685829,0.686681,50
2023-01-04 19:00:00,0.686681,0.687420,0.686351,0.687090,50
2023-01-04 20:00:00,0.687090,0.687232,0.686585,0.686727,50
2023-01-04 21:00:00,0.686727,0.687490,0.683017,0.683781,50
2023-01-04 22:00:00,0.683781,0.687509,0.683327,0.687055,50
2023-01-04 23:00:00,0.687055,0.687568,0.685499,0.686012,50
2023-01-05 00:00:00,0.686012,0.688768,0.685579,0.688335,50
2023-01-05 01:00:00,0.688335,0.689031,0.687116,0.687813,50
2023-01-05 02:00:00,0.687813,0.687935,0.685393,0.685516,50
2023-01-05 03:00:00,0.685516,0.686553,0.684861,0.685898,50
2023-01-05 04:00:00,0.685898,0.686593,0.685837,0.686532,50
2023-01-05 05:00:00,0.686532,0.686741,0.680666,0.680875,50
2023-01-05 06:00:00,0.680875,0.681534,0.679014,0.679673,50
2023-01-05 07:00:00,0.679673,0.680514,0.679487,0.680328,50
2023-01-05 08:00:00,0.680328,0.680460,0.679697,0.679829,50
2023-01-05 09:00:00,0.679829,0.680815,0.679344,0.680330,50
2023-01-05 10:00:00,0.680330,0.680954,0.676038,0.676662,50
2023-01-05 11:00:00,0.676662,0.676667,0.672072,0.672077,50
2023-01-05 12:00:00,0.672077,0.673570,0.671419,0.672912,50
2023-01-05 13:00:00,0.672912,0.676520,0.672343,0.675951,50
2023-01-05 14:00:00,0.675951,0.677003,0.675951,0.677002,50
2023-01-05 15:00:00,0.677002,0.681771,0.676449,0.681217,50
2023-01-05 16:00:00,0.681217,0.681218,0.679472,0.679472,50
2023-01-05 17:00:00,0.679472,0.680013,0.678280,0.678821,50
2023-01-05 18:00:00,0.678821,0.680494,0.678226,0.679899,50
2023-01-05 19:00:00,0.679899,0.680483,0.679523,0.680107,50
2023-01-05 20:00:00,0.680107,0.681450,0.679756,0.681099,50
2023-01-05 21:00:00,0.681099,0.681872,0.679623,0.680396,50
2023-01-05 22:00:00,0.680396,0.680585,0.678396,0.678585,50
2023-01-05 23:00:00,0.678585,0.679038,0.673947,0.674400,50
2023-01-06 00:00:00,0.674400,0.680205,0.674244,0.680050,50
2023-01-06 01:00:00,0.680050,0.680640,0.678673,0.679264,50
2023-01-06 02:00:00,0.679264,0.679693,0.676235,0.676664,50
2023-01-06 03:00:00,0.676664,0.677432,0.675585,0.676353,50
2023-01-06 04:00:00,0.676353,0.676947,0.674032,0.674626,50
2023-01-06 05:00:00,0.674626,0.675246,0.674258,0.674878,50
2023-01-06 06:00:00,0.674878,0.675400,0.671480,0.672002,50
2023-01-06 07:00:00,0.672002,0.672685,0.671781,0.672464,50
2023-01-06 08:00:00,0.672464,0.673453,0.671176,0.672164,50
2023-01-06 09:00:00,0.672164,0.673293,0.671303,0.672432,50
2023-01-06 10:00:00,0.672432,0.673050,0.672034,0.672652,50
2023-01-06 11:00:00,0.672652,0.675349,0.672433,0.675130,50
2023-01-06 12:00:00,0.675130,0.677218,0.674680,0.676769,50
2023-01-06 13:00:00,0.676769,0.678697,0.676126,0.678054,50
2023-01-06 14:00:00,0.678054,0.678503,0.674518,0.674967,50
2023-01-06 15:00:00,0.674967,0.676357,0.674019,0.675409,50
2023-01-06 16:00:00,0.675409,0.675950,0.675358,0.675899,50
2023-01-06 17:00:00,0.675899,0.679489,0.675555,0.679146,50
2023-01-06 18:00:00,0.679146,0.683651,0.678625,0.683131,50
2023-01-06 19:00:00,0.683131,0.684411,0.683085,0.684365,50
2023-01-06 20:00:00,0.684365,0.687138,0.683895,0.686668,50
2023-01-06 21:00:00,0.686668,0.689363,0.686092,0.688787,50
2023-01-06 22:00:00,0.688787,0.689093,0.686472,0.686778,50
2023-01-06 23:00:00,0.686778,0.687779,0.685388,0.686389,50
2023-01-09 00:00:00,0.686389,0.687001,0.685523,0.686135,50
2023-01-09 01:00:00,0.686135,0.687159,0.685916,0.686940,50
2023-01-09 02:00:00,0.686940,0.691201,0.686508,0.690769,50
2023-01-09 03:00:00,0.690769,0.696316,0.690257,0.695805,50
2023-01-09 04:00:00,0.695805,0.696341,0.692404,0.692941,50
2023-01-09 05:00:00,0.692941,0.693585,0.691556,0.692200,50
2023-01-09 06:00:00,0.692200,0.693638,0.692088,0.693526,50
2023-01-09 07:00:00,0.693526,0.693842,0.691470,0.691786,50
2023-01-09 08:00:00,0.691786,0.691878,0.686953,0.687045,50
2023-01-09 09:00:00,0.687045,0.692176,0.686538,0.691669,50
2023-01-09 10:00:00,0.691669,0.691829,0.690607,0.690768,50
2023-01-09 11:00:00,0.690768,0.693541,0.690582,0.693355,50
2023-01-09 12:00:00,0.693355,0.693531,0.692311,0.692488,50
2023-01-09 13:00:00,0.692488,0.693897,0.691981,0.693390,50
2023-01-09 14:00:00,0.693390,0.696798,0.693053,0.696461,50
2023-01-09 15:00:00,0.696461,0.697046,0.695672,0.696257,50
2023-01-09 16:00:00,0.696257,0.696673,0.692745,0.693160,50
2023-01-09 17:00:00,0.693160,0.693574,0.691251,0.691665,50
2023-01-09 18:00:00,0.691665,0.693951,0.691192,0.693478,50
2023-01-09 19:00:00,0.693478,0.693713,0.691467,0.691702,50
2023-01-09 20:00:00,0.691702,0.691984,0.688356,0.688638,50
2023-01-09 21:00:00,0.688638,0.688839,0.686256,0.686457,50
2023-01-09 22:00:00,0.686457,0.686602,0.685885,0.686029,50
2023-01-09 23:00:00,0.686029,0.695419,0.685392,0.694782,50
2023-01-10 00:00:00,0.694782,0.695191,0.689432,0.689841,50
2023-01-10 01:00:00,0.689841,0.694417,0.689533,0.694109,50
2023-01-10 02:00:00,0.694109,0.695020,0.693582,0.694492,50
2023-01-10 03:00:00,0.694492,0.694631,0.694218,0.694356,50
2023-01-10 04:00:00,0.694356,0.696131,0.694308,0.696083,50
2023-01-10 05:00:00,0.696083,0.696399,0.693298,0.693614,50
2023-01-10 06:00:00,0.693614,0.694075,0.693035,0.693497,50
2023-01-10 07:00:00,0.693497,0.693851,0.692894,0.693249,50
2023-01-10 08:00:00,0.693249,0.694175,0.693191,0.694117,50
2023-01-10 09:00:00,0.694117,0.694302,0.692316,0.692501,50
2023-01-10 10:00:00,0.692501,0.693380,0.692432,0.693310,50
2023-01-10 11:00:00,0.693310,0.693531,0.690921,0.691142,50
2023-01-10 12:00:00,0.691142,0.691779,0.690717,0.691354,50
2023-01-10 13:00:00,0.691354,0.691601,0.688154,0.688401,50
2023-01-10 14:00:00,0.688401,0.688694,0.686685,0.686978,50
2023-01-10 15:00:00,0.686978,0.689385,0.686854,0.689262,50
2023-01-10 16:00:00,0.689262,0.693382,0.688979,0.693099,50
2023-01-10 17:00:00,0.693099,0.693640,0.691792,0.692333,50
2023-01-10 18:00:00,0.692333,0.693274,0.692115,0.693056,50
2023-01-10 19:00:00,0.693056,0.693223,0.692413,0.692581,50
2023-01-10 20:00:00,0.692581,0.692958,0.689927,0.690304,50
2023-01-10 21:00:00,0.690304,0.690788,0.687096,0.687580,50
2023-01-10 22:00:00,0.687580,0.687611,0.687363,0.687394,50
2023-01-10 23:00:00,0.687394,0.688628,0.687045,0.688279,50
2023-01-11 00:00:00,0.688279,0.688293,0.687941,0.687956,50
2023-01-11 01:00:00,0.687956,0.688321,0.687915,0.688280,50
2023-01-11 02:00:00,0.688280,0.688283,0.688230,0.688233,50
2023-01-11 03:00:00,0.688233,0.688788,0.688156,0.688711,50
2023-01-11 04:00:00,0.688711,0.688751,0.688438,0.688478,50
2023-01-11 05:00:00,0.688478,0.688560,0.688445,0.688527,50
2023-01-11 06:00:00,0.688527,0.688938,0.688490,0.688901,50
2023-01-11 07:00:00,0.688901,0.689028,0.688490,0.688617,50
2023-01-11 08:00:00,0.688617,0.688884,0.688600,0.688866,50
2023-01-11 09:00:00,0.688866,0.688989,0.688441,0.688564,50
2023-01-11 10:00:00,0.688564,0.688790,0.688441,0.688667,50
2023-01-11 11:00:00,0.688667,0.688937,0.688640,0.688909,50
2023-01-11 12:00:00,0.688909,0.689053,0.688797,0.688940,50
2023-01-11 13:00:00,0.688940,0.689436,0.688914,0.689410,50
2023-01-11 14:00:00,0.689410,0.689966,0.689322,0.689878,50
2023-01-11 15:00:00,0.689878,0.689922,0.689862,0.689906,50
2023-01-11 16:00:00,0.689906,0.690062,0.689862,0.690019,50
2023-01-11 17:00:00,0.690019,0.690283,0.689952,0.690216,50
2023-01-11 18:00:00,0.690216,0.690267,0.689890,0.689941,50
2023-01-11 19:00:00,0.689941,0.690053,0.689541,0.689653,50
2023-01-11 20:00:00,0.689653,0.689741,0.689228,0.689316,50
2023-01-11 21:00:00,0.689316,0.689320,0.689285,0.689289,50
2023-01-11 22:00:00,0.689289,0.689365,0.688909,0.688985,50
2023-01-11 23:00:00,0.688985,0.689905,0.688973,0.689893,50
2023-01-12 00:00:00,0.689893,0.692098,0.689649,0.691854,50
2023-01-12 01:00:00,0.691854,0.692224,0.691554,0.691923,50
2023-01-12 02:00:00,0.691923,0.692678,0.691676,0.692430,50
2023-01-12 03:00:00,0.692430,0.692500,0.691079,0.691150,50
2023-01-12 04:00:00,0.691150,0.691431,0.689844,0.690125,50
2023-01-12 05:00:00,0.690125,0.692384,0.690023,0.692282,50
2023-01-12 06:00:00,0.692282,0.692443,0.690654,0.690814,50
2023-01-12 07:00:00,0.690814,0.690993,0.690763,0.690941,50
2023-01-12 08:00:00,0.690941,0.690964,0.689775,0.689798,50
2023-01-12 09:00:00,0.689798,0.690713,0.689653,0.690568,50
2023-01-12 10:00:00,0.690568,0.691661,0.690563,0.691655,50
2023-01-12 11:00:00,0.691655,0.693747,0.691503,0.693595,50
2023-01-12 12:00:00,0.693595,0.695864,0.693259,0.695528,50
2023-01-12 13:00:00,0.695528,0.695922,0.693607,0.694001,50
2023-01-12 14:00:00,0.694001,0.694168,0.692876,0.693043,50
2023-01-12 15:00:00,0.693043,0.693086,0.691929,0.691971,50
2023-01-12 16:00:00,0.691971,0.692108,0.691038,0.691175,50
2023-01-12 17:00:00,0.691175,0.691553,0.691150,0.691527,50
2023-01-12 18:00:00,0.691527,0.691613,0.691267,0.691353,50
2023-01-12 19:00:00,0.691353,0.691598,0.689822,0.690067,50
2023-01-12 20:00:00,0.690067,0.690311,0.688711,0.688954,50
2023-01-12 21:00:00,0.688954,0.693181,0.688941,0.693168,50
2023-01-12 22:00:00,0.693168,0.693361,0.690636,0.690829,50
2023-01-12 23:00:00,0.690829,0.694756,0.690662,0.694589,50
2023-01-13 00:00:00,0.694589,0.694706,0.694195,0.694312,50
2023-01-13 01:00:00,0.694312,0.694350,0.694201,0.694239,50
2023-01-13 02:00:00,0.694239,0.694478,0.694196,0.694435,50
2023-01-13 03:00:00,0.694435,0.694493,0.694340,0.694398,50
2023-01-13 04:00:00,0.694398,0.694516,0.693717,0.693836,50
2023-01-13 05:00:00,0.693836,0.694001,0.693797,0.693962,50
2023-01-13 06:00:00,0.693962,0.693999,0.693728,0.693764,50
2023-01-13 07:00:00,0.693764,0.694070,0.693710,0.694017,50
2023-01-13 08:00:00,0.694017,0.694466,0.693931,0.694380,50
2023-01-13 09:00:00,0.694380,0.695000,0.694345,0.694965,50
2023-01-13 10:00:00,0.694965,0.695152,0.694943,0.695130,50
2023-01-13 11:00:00,0.695130,0.695222,0.695023,0.695115,50
2023-01-13 12:00:00,0.695115,0.695406,0.695043,0.695334,50
2023-01-13 13:00:00,0.695334,0.695619,0.695261,0.695547,50
2023-01-13 14:00:00,0.695547,0.695549,0.695082,0.695083,50
2023-01-13 15:00:00,0.695083,0.695114,0.694997,0.695028,50
2023-01-13 16:00:00,0.695028,0.695041,0.694817,0.694830,50
2023-01-13 17:00:00,0.694830,0.695177,0.694784,0.695131,50
2023-01-13 18:00:00,0.695131,0.695344,0.695018,0.695231,50
2023-01-13 19:00:00,0.695231,0.695513,0.695107,0.695389,50
2023-01-13 20:00:00,0.695389,0.695794,0.695283,0.695688,50
2023-01-13 21:00:00,0.695688,0.695895,0.695641,0.695849,50
2023-01-13 22:00:00,0.695849,0.695920,0.695432,0.695503,50
2023-01-13 23:00:00,0.695503,0.695615,0.694911,0.695024,50
2023-01-17 00:00:00,0.695024,0.695153,0.694176,0.694305,50
2023-01-17 01:00:00,0.694305,0.694614,0.694112,0.694421,50
2023-01-17 02:00:00,0.694421,0.694968,0.694274,0.694821,50
2023-01-17 03:00:00,0.694821,0.694883,0.694503,0.694565,50
2023-01-17 04:00:00,0.694565,0.695423,0.694294,0.695152,50
2023-01-17 05:00:00,0.695152,0.695521,0.695141,0.695510,50
2023-01-17 06:00:00,0.695510,0.695860,0.695407,0.695757,50
2023-01-17 07:00:00,0.695757,0.695983,0.695658,0.695884,50
2023-01-17 08:00:00,0.695884,0.696695,0.695592,0.696404,50
2023-01-17 09:00:00,0.696404,0.696700,0.696368,0.696664,50
2023-01-17 10:00:00,0.696664,0.697151,0.696490,0.696976,50
2023-01-17 11:00:00,0.696976,0.697261,0.696217,0.696501,50
2023-01-17 12:00:00,0.696501,0.696823,0.696317,0.696639,50
2023-01-17 13:00:00,0.696639,0.697705,0.696359,0.697426,50
2023-01-17 14:00:00,0.697426,0.697800,0.697307,0.697681,50
2023-01-17 15:00:00,0.697681,0.697813,0.697282,0.697414,50
2023-01-17 16:00:00,0.697414,0.697526,0.697210,0.697322,50
2023-01-17 17:00:00,0.697322,0.698046,0.697211,0.697935,50
2023-01-17 18:00:00,0.697935,0.698941,0.697830,0.698836,50
2023-01-17 19:00:00,0.698836,0.698859,0.698658,0.698680,50
2023-01-17 20:00:00,0.698680,0.699448,0.698383,0.699150,50
2023-01-17 21:00:00,0.699150,0.699372,0.698469,0.698690,50
2023-01-17 22:00:00,0.698690,0.698974,0.698486,0.698770,50
2023-01-17 23:00:00,0.698770,0.698930,0.698456,0.698617,50
2023-01-18 00:00:00,0.698617,0.698641,0.698222,0.698246,50
2023-01-18 01:00:00,0.698246,0.698423,0.698144,0.698321,50
2023-01-18 02:00:00,0.698321,0.698418,0.697569,0.697666,50
2023-01-18 03:00:00,0.697666,0.698167,0.697616,0.698117,50
2023-01-18 04:00:00,0.698117,0.699187,0.698090,0.699160,50
2023-01-18 05:00:00,0.699160,0.699364,0.699067,0.699271,50
2023-01-18 06:00:00,0.699271,0.699340,0.699020,0.699089,50
2023-01-18 07:00:00,0.699089,0.699134,0.698432,0.698477,50
2023-01-18 08:00:00,0.698477,0.698593,0.698438,0.698554,50
2023-01-18 09:00:00,0.698554,0.698600,0.698284,0.698330,50
2023-01-18 10:00:00,0.698330,0.698609,0.698269,0.698548,50
2023-01-18 11:00:00,0.698548,0.698570,0.698059,0.698081,50
2023-01-18 12:00:00,0.698081,0.698504,0.698081,0.698504,50
2023-01-18 13:00:00,0.698504,0.699125,0.698445,0.699066,50
2023-01-18 14:00:00,0.699066,0.699093,0.698513,0.698540,50
2023-01-18 15:00:00,0.698540,0.698755,0.698533,0.698748,50
2023-01-18 16:00:00,0.698748,0.699245,0.698713,0.699210,50
2023-01-18 17:00:00,0.699210,0.699562,0.699125,0.699478,50
2023-01-18 18:00:00,0.699478,0.699711,0.699373,0.699606,50
2023-01-18 19:00:00,0.699606,0.699614,0.699603,0.699611,50
2023-01-18 20:00:00,0.699611,0.699797,0.699509,0.699696,50
2023-01-18 21:00:00,0.699696,0.699801,0.699658,0.699763,50
2023-01-18 22:00:00,0.699763,0.699870,0.699444,0.699551,50
2023-01-18 23:00:00,0.699551,0.699663,0.698700,0.698812,50
2023-01-19 00:00:00,0.698812,0.699130,0.698616,0.698935,50
2023-01-19 01:00:00,0.698935,0.700494,0.698152,0.699711,50
2023-01-19 02:00:00,0.699711,0.701373,0.699172,0.700833,50
2023-01-19 03:00:00,0.700833,0.701171,0.698838,0.699176,50
2023-01-19 04:00:00,0.699176,0.699580,0.696475,0.696879,50
2023-01-19 05:00:00,0.696879,0.697473,0.695867,0.696461,50
2023-01-19 06:00:00,0.696461,0.697105,0.694423,0.695068,50
2023-01-19 07:00:00,0.695068,0.697959,0.694406,0.697297,50
2023-01-19 08:00:00,0.697297,0.698158,0.697013,0.697874,50
2023-01-19 09:00:00,0.697874,0.698695,0.696634,0.697455,50
2023-01-19 10:00:00,0.697455,0.698103,0.695470,0.696118,50
2023-01-19 11:00:00,0.696118,0.696347,0.695350,0.695579,50
2023-01-19 12:00:00,0.695579,0.695725,0.693999,0.694145,50
2023-01-19 13:00:00,0.694145,0.694510,0.691653,0.692019,50
2023-01-19 14:00:00,0.692019,0.693100,0.691797,0.692879,50
2023-01-19 15:00:00,0.692879,0.693879,0.692134,0.693134,50
2023-01-19 16:00:00,0.693134,0.693141,0.689561,0.689569,50
2023-01-19 17:00:00,0.689569,0.690263,0.688234,0.688929,50
2023-01-19 18:00:00,0.688929,0.690071,0.688791,0.689933,50
2023-01-19 19:00:00,0.689933,0.690623,0.685995,0.686684,50
2023-01-19 20:00:00,0.686684,0.688155,0.686316,0.687787,50
2023-01-19 21:00:00,0.687787,0.689186,0.687675,0.689074,50
2023-01-19 22:00:00,0.689074,0.689910,0.686693,0.687530,50
2023-01-19 23:00:00,0.687530,0.689061,0.687174,0.688705,50
2023-01-20 00:00:00,0.688705,0.692322,0.688311,0.691927,50
2023-01-20 01:00:00,0.691927,0.692314,0.690932,0.691319,50
2023-01-20 02:00:00,0.691319,0.691862,0.690743,0.691285,50
2023-01-20 03:00:00,0.691285,0.691400,0.689745,0.689859,50
2023-01-20 04:00:00,0.689859,0.690135,0.689682,0.689958,50
2023-01-20 05:00:00,0.689958,0.690226,0.687115,0.687384,50
2023-01-20 06:00:00,0.687384,0.689537,0.687214,0.689367,50
2023-01-20 07:00:00,0.689367,0.690328,0.689205,0.690167,50
2023-01-20 08:00:00,0.690167,0.690277,0.688692,0.688803,50
2023-01-20 09:00:00,0.688803,0.689991,0.688291,0.689480,50
2023-01-20 10:00:00,0.689480,0.690689,0.688941,0.690150,50
2023-01-20 11:00:00,0.690150,0.690636,0.689529,0.690015,50
2023-01-20 12:00:00,0.690015,0.690456,0.689469,0.689909,50
2023-01-20 13:00:00,0.689909,0.690620,0.689684,0.690395,50
2023-01-20 14:00:00,0.690395,0.691087,0.690223,0.690915,50
2023-01-20 15:00:00,0.690915,0.691139,0.690089,0.690313,50
2023-01-20 16:00:00,0.690313,0.690521,0.690304,0.690512,50
2023-01-20 17:00:00,0.690512,0.692024,0.690446,0.691958,50
2023-01-20 18:00:00,0.691958,0.693856,0.691695,0.693593,50
2023-01-20 19:00:00,0.693593,0.693874,0.693363,0.693644,50
2023-01-20 20:00:00,0.693644,0.694007,0.691229,0.691592,50
2023-01-20 21:00:00,0.691592,0.695022,0.691281,0.694710,50
2023-01-20 22:00:00,0.694710,0.696691,0.694655,0.696635,50
2023-01-20 23:00:00,0.696635,0.697106,0.694843,0.695314,50
2023-01-23 00:00:00,0.695314,0.697338,0.695093,0.697117,50
2023-01-23 01:00:00,0.697117,0.698761,0.697114,0.698757,50
2023-01-23 02:00:00,0.698757,0.701505,0.698181,0.700929,50
2023-01-23 03:00:00,0.700929,0.701383,0.700089,0.700544,50
2023-01-23 04:00:00,0.700544,0.703150,0.700063,0.702669,50
2023-01-23 05:00:00,0.702669,0.703056,0.701514,0.701901,50
2023-01-23 06:00:00,0.701901,0.702488,0.697863,0.698450,50
2023-01-23 07:00:00,0.698450,0.698682,0.694924,0.695155,50
2023-01-23 08:00:00,0.695155,0.695352,0.695131,0.695328,50
2023-01-23 09:00:00,0.695328,0.696119,0.695115,0.695906,50
2023-01-23 10:00:00,0.695906,0.696416,0.695647,0.696157,50
2023-01-23 11:00:00,0.696157,0.697146,0.695677,0.696665,50
2023-01-23 12:00:00,0.696665,0.696666,0.695654,0.695656,50
2023-01-23 13:00:00,0.695656,0.696568,0.695147,0.696059,50
2023-01-23 14:00:00,0.696059,0.697770,0.695851,0.697562,50
2023-01-23 15:00:00,0.697562,0.698608,0.697547,0.698593,50
2023-01-23 16:00:00,0.698593,0.698953,0.694675,0.695035,50
2023-01-23 17:00:00,0.695035,0.698113,0.694516,0.697594,50
2023-01-23 18:00:00,0.697594,0.701028,0.697233,0.700666,50
2023-01-23 19:00:00,0.700666,0.701350,0.700229,0.700913,50
2023-01-23 20:00:00,0.700913,0.704073,0.700652,0.703811,50
2023-01-23 21:00:00,0.703811,0.704047,0.701666,0.701901,50
2023-01-23 22:00:00,0.701901,0.702570,0.701886,0.702556,50
2023-01-23 23:00:00,0.702556,0.703074,0.701876,0.702395,50
2023-01-24 00:00:00,0.702395,0.702459,0.702024,0.702088,50
2023-01-24 01:00:00,0.702088,0.703101,0.702008,0.703021,50
2023-01-24 02:00:00,0.703021,0.703114,0.702943,0.703035,50
2023-01-24 03:00:00,0.703035,0.704000,0.702930,0.703895,50
2023-01-24 04:00:00,0.703895,0.704030,0.703364,0.703498,50
2023-01-24 05:00:00,0.703498,0.703643,0.703020,0.703165,50
2023-01-24 06:00:00,0.703165,0.703534,0.703077,0.703446,50
2023-01-24 07:00:00,0.703446,0.703540,0.703224,0.703318,50
2023-01-24 08:00:00,0.703318,0.703407,0.703005,0.703093,50
2023-01-24 09:00:00,0.703093,0.703415,0.703041,0.703364,50
2023-01-24 10:00:00,0.703364,0.703481,0.702879,0.702996,50
2023-01-24 11:00:00,0.702996,0.703076,0.702978,0.703057,50
2023-01-24 12:00:00,0.703057,0.703839,0.702917,0.703698,50
2023-01-24 13:00:00,0.703698,0.703994,0.703627,0.703923,50
2023-01-24 14:00:00,0.703923,0.704035,0.703788,0.703900,50
2023-01-24 15:00:00,0.703900,0.704116,0.703796,0.704013,50
2023-01-24 16:00:00,0.704013,0.704044,0.704001,0.704032,50
2023-01-24 17:00:00,0.704032,0.704281,0.703969,0.704218,50
2023-01-24 18:00:00,0.704218,0.704371,0.704160,0.704313,50
2023-01-24 19:00:00,0.704313,0.704332,0.704149,0.704167,50
2023-01-24 20:00:00,0.704167,0.704483,0.704057,0.704372,50
2023-01-24 21:00:00,0.704372,0.704594,0.704310,0.704532,50
2023-01-24 22:00:00,0.704532,0.704631,0.704261,0.704360,50
2023-01-24 23:00:00,0.704360,0.704366,0.704170,0.704176,50
2023-01-25 00:00:00,0.704176,0.706376,0.703924,0.706123,50
2023-01-25 01:00:00,0.706123,0.706811,0.705839,0.706527,50
2023-01-25 02:00:00,0.706527,0.706563,0.705824,0.705860,50
2023-01-25 03:00:00,0.705860,0.705994,0.704568,0.704702,50
2023-01-25 04:00:00,0.704702,0.705942,0.704486,0.705726,50
2023-01-25 05:00:00,0.705726,0.705748,0.703788,0.703810,50
2023-01-25 06:00:00,0.703810,0.704114,0.703044,0.703348,50
2023-01-25 07:00:00,0.703348,0.705499,0.703096,0.705248,50
2023-01-25 08:00:00,0.705248,0.706961,0.705118,0.706831,50
2023-01-25 09:00:00,0.706831,0.706846,0.705874,0.705888,50
2023-01-25 10:00:00,0.705888,0.707610,0.705855,0.707577,50
2023-01-25 11:00:00,0.707577,0.708346,0.707566,0.708336,50
2023-01-25 12:00:00,0.708336,0.708960,0.708249,0.708873,50
2023-01-25 13:00:00,0.708873,0.708958,0.707669,0.707753,50
2023-01-25 14:00:00,0.707753,0.708750,0.707701,0.708698,50
2023-01-25 15:00:00,0.708698,0.708865,0.708159,0.708326,50
2023-01-25 16:00:00,0.708326,0.709399,0.708047,0.709120,50
2023-01-25 17:00:00,0.709120,0.709364,0.708236,0.708481,50
2023-01-25 18:00:00,0.708481,0.708701,0.707931,0.708152,50
2023-01-25 19:00:00,0.708152,0.708476,0.707392,0.707716,50
2023-01-25 20:00:00,0.707716,0.708454,0.707536,0.708274,50
2023-01-25 21:00:00,0.708274,0.708286,0.706856,0.706868,50
2023-01-25 22:00:00,0.706868,0.707773,0.706838,0.707743,50
2023-01-25 23:00:00,0.707743,0.708358,0.707701,0.708316,50
2023-01-26 00:00:00,0.708316,0.708331,0.707923,0.707939,50
2023-01-26 01:00:00,0.707939,0.708257,0.707836,0.708155,50
2023-01-26 02:00:00,0.708155,0.708521,0.708042,0.708408,50
2023-01-26 03:00:00,0.708408,0.708514,0.708237,0.708342,50
2023-01-26 04:00:00,0.708342,0.708359,0.708045,0.708062,50
2023-01-26 05:00:00,0.708062,0.708190,0.707943,0.708071,50
2023-01-26 06:00:00,0.708071,0.708400,0.708042,0.708371,50
2023-01-26 07:00:00,0.708371,0.709058,0.708269,0.708956,50
2023-01-26 08:00:00,0.708956,0.709169,0.708854,0.709068,50
2023-01-26 09:00:00,0.709068,0.709631,0.709001,0.709564,50
2023-01-26 10:00:00,0.709564,0.710029,0.709468,0.709933,50
2023-01-26 11:00:00,0.709933,0.710031,0.709488,0.709587,50
2023-01-26 12:00:00,0.709587,0.709689,0.709094,0.709196,50
2023-01-26 13:00:00,0.709196,0.709236,0.708966,0.709006,50
2023-01-26 14:00:00,0.709006,0.709267,0.708883,0.709144,50
2023-01-26 15:00:00,0.709144,0.709224,0.708225,0.708304,50
2023-01-26 16:00:00,0.708304,0.708555,0.708258,0.708510,50
2023-01-26 17:00:00,0.708510,0.708525,0.708421,0.708437,50
2023-01-26 18:00:00,0.708437,0.708544,0.707893,0.708000,50
2023-01-26 19:00:00,0.708000,0.708126,0.707787,0.707913,50
2023-01-26 20:00:00,0.707913,0.708024,0.707693,0.707804,50
2023-01-26 21:00:00,0.707804,0.707899,0.707720,0.707815,50
2023-01-26 22:00:00,0.707815,0.708696,0.707722,0.708603,50
2023-01-26 23:00:00,0.708603,0.709471,0.708553,0.709421,50
2023-01-27 00:00:00,0.709421,0.709542,0.708613,0.708734,50
2023-01-27 01:00:00,0.708734,0.709137,0.708608,0.709012,50
2023-01-27 02:00:00,0.709012,0.709733,0.708927,0.709649,50
2023-01-27 03:00:00,0.709649,0.709714,0.709617,0.709683,50
2023-01-27 04:00:00,0.709683,0.710066,0.709664,0.710047,50
2023-01-27 05:00:00,0.710047,0.710079,0.709267,0.709299,50
2023-01-27 06:00:00,0.709299,0.709393,0.709192,0.709286,50
2023-01-27 07:00:00,0.709286,0.709500,0.709221,0.709435,50
2023-01-27 08:00:00,0.709435,0.709611,0.709397,0.709573,50
2023-01-27 09:00:00,0.709573,0.709625,0.709571,0.709623,50
2023-01-27 10:00:00,0.709623,0.710007,0.709578,0.709962,50
2023-01-27 11:00:00,0.709962,0.710064,0.709912,0.710014,50
2023-01-27 12:00:00,0.710014,0.710023,0.709732,0.709741,50
2023-01-27 13:00:00,0.709741,0.710080,0.709709,0.710048,50
2023-01-27 14:00:00,0.710048,0.710100,0.710010,0.710062,50
2023-01-27 15:00:00,0.710062,0.710115,0.709802,0.709855,50
2023-01-27 16:00:00,0.709855,0.710021,0.709792,0.709958,50
2023-01-27 17:00:00,0.709958,0.710210,0.709886,0.710137,50
2023-01-27 18:00:00,0.710137,0.710563,0.710029,0.710455,50
2023-01-27 19:00:00,0.710455,0.710554,0.710417,0.710516,50
2023-01-27 20:00:00,0.710516,0.710575,0.710504,0.710563,50
2023-01-27 21:00:00,0.710563,0.710720,0.710524,0.710681,50
2023-01-27 22:00:00,0.710681,0.710892,0.710653,0.710864,50
2023-01-27 23:00:00,0.710864,0.710938,0.710103,0.710177,50
2023-01-30 00:00:00,0.710177,0.710252,0.710089,0.710164,50
2023-01-30 01:00:00,0.710164,0.710419,0.710117,0.710372,50
2023-01-30 02:00:00,0.710372,0.710873,0.710188,0.710689,50
2023-01-30 03:00:00,0.710689,0.710826,0.710532,0.710668,50
2023-01-30 04:00:00,0.710668,0.710744,0.710270,0.710345,50
2023-01-30 05:00:00,0.710345,0.710452,0.710146,0.710253,50
2023-01-30 06:00:00,0.710253,0.710293,0.710179,0.710219,50
2023-01-30 07:00:00,0.710219,0.710422,0.709490,0.709693,50
2023-01-30 08:00:00,0.709693,0.709888,0.708728,0.708923,50
2023-01-30 09:00:00,0.708923,0.709046,0.708250,0.708373,50
2023-01-30 10:00:00,0.708373,0.708406,0.708248,0.708281,50
2023-01-30 11:00:00,0.708281,0.708486,0.707773,0.707978,50
2023-01-30 12:00:00,0.707978,0.708025,0.707574,0.707621,50
2023-01-30 13:00:00,0.707621,0.707968,0.707609,0.707956,50
2023-01-30 14:00:00,0.707956,0.708046,0.707779,0.707869,50
2023-01-30 15:00:00,0.707869,0.707950,0.707559,0.707640,50
2023-01-30 16:00:00,0.707640,0.707960,0.707457,0.707777,50
2023-01-30 17:00:00,0.707777,0.707808,0.707395,0.707426,50
2023-01-30 18:00:00,0.707426,0.707460,0.707413,0.707447,50
2023-01-30 19:00:00,0.707447,0.707542,0.707203,0.707298,50
2023-01-30 20:00:00,0.707298,0.707307,0.707262,0.707271,50
2023-01-30 21:00:00,0.707271,0.707473,0.707128,0.707331,50
2023-01-30 22:00:00,0.707331,0.707436,0.706996,0.707101,50
2023-01-30 23:00:00,0.707101,0.707802,0.706913,0.707614,50
2023-01-31 00:00:00,0.707614,0.707807,0.707343,0.707536,50
2023-01-31 01:00:00,0.707536,0.708340,0.707329,0.708133,50
2023-01-31 02:00:00,0.708133,0.708183,0.707557,0.707607,50
2023-01-31 03:00:00,0.707607,0.707654,0.707336,0.707383,50
2023-01-31 04:00:00,0.707383,0.707558,0.706700,0.706875,50
2023-01-31 05:00:00,0.706875,0.706934,0.706509,0.706568,50
2023-01-31 06:00:00,0.706568,0.706627,0.706165,0.706225,50
2023-01-31 07:00:00,0.706225,0.706236,0.706175,0.706186,50
2023-01-31 08:00:00,0.706186,0.706655,0.706020,0.706489,50
2023-01-31 09:00:00,0.706489,0.706792,0.706437,0.706741,50
2023-01-31 10:00:00,0.706741,0.706800,0.706704,0.706763,50
2023-01-31 11:00:00,0.706763,0.706896,0.706514,0.706648,50
2023-01-31 12:00:00,0.706648,0.706666,0.706308,0.706326,50
2023-01-31 13:00:00,0.706326,0.706928,0.706155,0.706757,50
2023-01-31 14:00:00,0.706757,0.706775,0.706222,0.706240,50
2023-01-31 15:00:00,0.706240,0.706451,0.705849,0.706061,50
2023-01-31 16:00:00,0.706061,0.706832,0.706032,0.706803,50
2023-01-31 17:00:00,0.706803,0.706834,0.705820,0.705851,50
2023-01-31 18:00:00,0.705851,0.705952,0.705437,0.705538,50
2023-01-31 19:00:00,0.705538,0.705705,0.705227,0.705394,50
2023-01-31 20:00:00,0.705394,0.706213,0.705287,0.706107,50
2023-01-31 21:00:00,0.706107,0.706262,0.705240,0.705394,50
2023-01-31 22:00:00,0.705394,0.705447,0.704448,0.704501,50
2023-01-31 23:00:00,0.704501,0.705207,0.704314,0.705020,50
2023-02-01 00:00:00,0.705020,0.705020,0.705001,0.705001,50
2023-02-01 01:00:00,0.705001,0.705141,0.704550,0.704690,50
2023-02-01 02:00:00,0.704690,0.704941,0.704567,0.704818,50
2023-02-01 03:00:00,0.704818,0.705062,0.704687,0.704930,50
2023-02-01 04:00:00,0.704930,0.705010,0.704600,0.704681,50
2023-02-01 05:00:00,0.704681,0.705425,0.704576,0.705320,50
2023-02-01 06:00:00,0.705320,0.705708,0.705218,0.705606,50
2023-02-01 07:00:00,0.705606,0.705653,0.705432,0.705479,50
2023-02-01 08:00:00,0.705479,0.705482,0.705130,0.705133,50
2023-02-01 09:00:00,0.705133,0.705364,0.705034,0.705266,50
2023-02-01 10:00:00,0.705266,0.705726,0.705130,0.705590,50
2023-02-01 11:00:00,0.705590,0.705605,0.705408,0.705423,50
2023-02-01 12:00:00,0.705423,0.705521,0.705170,0.705269,50
2023-02-01 13:00:00,0.705269,0.705705,0.705198,0.705635,50
2023-02-01 14:00:00,0.705635,0.706095,0.705579,0.706039,50
2023-02-01 15:00:00,0.706039,0.706146,0.705940,0.706047,50
2023-02-01 16:00:00,0.706047,0.706568,0.705961,0.706483,50
2023-02-01 17:00:00,0.706483,0.707042,0.706372,0.706931,50
2023-02-01 18:00:00,0.706931,0.706993,0.706099,0.706160,50
2023-02-01 19:00:00,0.706160,0.706540,0.706094,0.706474,50
2023-02-01 20:00:00,0.706474,0.706563,0.706152,0.706241,50
2023-02-01 21:00:00,0.706241,0.706402,0.706208,0.706369,50
2023-02-01 22:00:00,0.706369,0.707183,0.706239,0.707053,50
2023-02-01 23:00:00,0.707053,0.707060,0.706706,0.706714,50
2023-02-02 00:00:00,0.706714,0.707361,0.706617,0.707265,50
2023-02-02 01:00:00,0.707265,0.707436,0.707246,0.707417,50
2023-02-02 02:00:00,0.707417,0.708317,0.707292,0.708191,50
2023-02-02 03:00:00,0.708191,0.708442,0.708148,0.708399,50
2023-02-02 04:00:00,0.708399,0.708536,0.707937,0.708075,50
2023-02-02 05:00:00,0.708075,0.708099,0.707431,0.707455,50
2023-02-02 06:00:00,0.707455,0.707521,0.706702,0.706768,50
2023-02-02 07:00:00,0.706768,0.706931,0.706724,0.706887,50
2023-02-02 08:00:00,0.706887,0.707504,0.706799,0.707416,50
2023-02-02 09:00:00,0.707416,0.707425,0.706926,0.706934,50
2023-02-02 10:00:00,0.706934,0.706942,0.706365,0.706373,50
2023-02-02 11:00:00,0.706373,0.707239,0.706327,0.707192,50
2023-02-02 12:00:00,0.707192,0.707201,0.707104,0.707113,50
2023-02-02 13:00:00,0.707113,0.707407,0.706996,0.707291,50
2023-02-02 14:00:00,0.707291,0.707308,0.707270,0.707287,50
2023-02-02 15:00:00,0.707287,0.707879,0.707243,0.707835,50
2023-02-02 16:00:00,0.707835,0.708189,0.707760,0.708115,50
2023-02-02 17:00:00,0.708115,0.708131,0.707766,0.707782,50
2023-02-02 18:00:00,0.707782,0.707919,0.707451,0.707587,50
2023-02-02 19:00:00,0.707587,0.707629,0.707231,0.707273,50
2023-02-02 20:00:00,0.707273,0.708616,0.707192,0.708535,50
2023-02-02 21:00:00,0.708535,0.708787,0.708505,0.708756,50
2023-02-02 22:00:00,0.708756,0.708791,0.708249,0.708284,50
2023-02-02 23:00:00,0.708284,0.708506,0.708194,0.708416,50
2023-02-03 00:00:00,0.708416,0.708532,0.703094,0.703210,50
2023-02-03 01:00:00,0.703210,0.707678,0.702473,0.706941,50
2023-02-03 02:00:00,0.706941,0.708374,0.706054,0.707486,50
2023-02-03 03:00:00,0.707486,0.709269,0.707384,0.709168,50
2023-02-03 04:00:00,0.709168,0.709995,0.706991,0.707818,50
2023-02-03 05:00:00,0.707818,0.709370,0.707028,0.708581,50
2023-02-03 06:00:00,0.708581,0.708703,0.707178,0.707300,50
2023-02-03 07:00:00,0.707300,0.711981,0.706452,0.711133,50
2023-02-03 08:00:00,0.711133,0.711254,0.710133,0.710255,50
2023-02-03 09:00:00,0.710255,0.710334,0.710232,0.710311,50
2023-02-03 10:00:00,0.710311,0.712114,0.709379,0.711181,50
2023-02-03 11:00:00,0.711181,0.712228,0.708892,0.709938,50
2023-02-03 12:00:00,0.709938,0.710700,0.709358,0.710120,50
2023-02-03 13:00:00,0.710120,0.711244,0.708274,0.709398,50
2023-02-03 14:00:00,0.709398,0.710094,0.707181,0.707877,50
2023-02-03 15:00:00,0.707877,0.708901,0.704491,0.705516,50
2023-02-03 16:00:00,0.705516,0.706033,0.700383,0.700900,50
2023-02-03 17:00:00,0.700900,0.701408,0.696744,0.697252,50
2023-02-03 18:00:00,0.697252,0.698329,0.696091,0.697168,50
2023-02-03 19:00:00,0.697168,0.697829,0.694647,0.695308,50
2023-02-03 20:00:00,0.695308,0.695860,0.694033,0.694585,50
2023-02-03 21:00:00,0.694585,0.695813,0.693558,0.694786,50
2023-02-03 22:00:00,0.694786,0.695658,0.692469,0.693341,50
2023-02-03 23:00:00,0.693341,0.695492,0.692438,0.694589,50
2023-02-06 00:00:00,0.694589,0.695206,0.694465,0.695082,50
2023-02-06 01:00:00,0.695082,0.696178,0.695030,0.696125,50
2023-02-06 02:00:00,0.696125,0.696255,0.695859,0.695989,50
2023-02-06 03:00:00,0.695989,0.696350,0.693341,0.693702,50
2023-02-06 04:00:00,0.693702,0.693985,0.692372,0.692654,50
2023-02-06 05:00:00,0.692654,0.693108,0.691276,0.691730,50
2023-02-06 06:00:00,0.691730,0.693357,0.691681,0.693308,50
2023-02-06 07:00:00,0.693308,0.694451,0.692766,0.693910,50
2023-02-06 08:00:00,0.693910,0.694543,0.692217,0.692850,50
2023-02-06 09:00:00,0.692850,0.693328,0.691001,0.691478,50
2023-02-06 10:00:00,0.691478,0.694355,0.690998,0.693876,50
2023-02-06 11:00:00,0.693876,0.694433,0.693327,0.693885,50
2023-02-06 12:00:00,0.693885,0.693946,0.690790,0.690851,50
2023-02-06 13:00:00,0.690851,0.691149,0.690009,0.690306,50
2023-02-06 14:00:00,0.690306,0.690357,0.689208,0.689259,50
2023-02-06 15:00:00,0.689259,0.689763,0.686775,0.687279,50
2023-02-06 16:00:00,0.687279,0.689947,0.686932,0.689599,50
2023-02-06 17:00:00,0.689599,0.689775,0.689531,0.689706,50
2023-02-06 18:00:00,0.689706,0.689993,0.688978,0.689265,50
2023-02-06 19:00:00,0.689265,0.689766,0.687782,0.688283,50
2023-02-06 20:00:00,0.688283,0.688639,0.686117,0.686473,50
2023-02-06 21:00:00,0.686473,0.686552,0.685293,0.685371,50
2023-02-06 22:00:00,0.685371,0.686782,0.684767,0.686178,50
2023-02-06 23:00:00,0.686178,0.686944,0.686141,0.686908,50
2023-02-07 00:00:00,0.686908,0.687080,0.686395,0.686567,50
2023-02-07 01:00:00,0.686567,0.686664,0.685727,0.685824,50
2023-02-07 02:00:00,0.685824,0.688469,0.685776,0.688421,50
2023-02-07 03:00:00,0.688421,0.688489,0.687015,0.687083,50
2023-02-07 04:00:00,0.687083,0.687220,0.686858,0.686995,50
2023-02-07 05:00:00,0.686995,0.689184,0.686714,0.688903,50
2023-02-07 06:00:00,0.688903,0.690316,0.688491,0.689904,50
2023-02-07 07:00:00,0.689904,0.690244,0.689783,0.690123,50
2023-02-07 08:00:00,0.690123,0.690562,0.687872,0.688311,50
2023-02-07 09:00:00,0.688311,0.688390,0.685706,0.685785,50
2023-02-07 10:00:00,0.685785,0.687065,0.685549,0.686829,50
2023-02-07 11:00:00,0.686829,0.689770,0.686478,0.689419,50
2023-02-07 12:00:00,0.689419,0.689844,0.687346,0.687771,50
2023-02-07 13:00:00,0.687771,0.689771,0.687341,0.689341,50
2023-02-07 14:00:00,0.689341,0.690462,0.688891,0.690012,50
2023-02-07 15:00:00,0.690012,0.690051,0.688823,0.688862,50
2023-02-07 16:00:00,0.688862,0.690140,0.688454,0.689732,50
2023-02-07 17:00:00,0.689732,0.691436,0.689731,0.691436,50
2023-02-07 18:00:00,0.691436,0.693504,0.691220,0.693288,50
2023-02-07 19:00:00,0.693288,0.693460,0.692854,0.693026,50
2023-02-07 20:00:00,0.693026,0.693847,0.692822,0.693643,50
2023-02-07 21:00:00,0.693643,0.693684,0.692648,0.692689,50
2023-02-07 22:00:00,0.692689,0.692973,0.692496,0.692780,50
2023-02-07 23:00:00,0.692780,0.693100,0.692201,0.692521,50
2023-02-08 00:00:00,0.692521,0.692529,0.692358,0.692366,50
2023-02-08 01:00:00,0.692366,0.692590,0.692353,0.692577,50
2023-02-08 02:00:00,0.692577,0.692704,0.692561,0.692689,50
2023-02-08 03:00:00,0.692689,0.692898,0.692664,0.692873,50
2023-02-08 04:00:00,0.692873,0.692909,0.692778,0.692814,50
2023-02-08 05:00:00,0.692814,0.692843,0.692629,0.692658,50
2023-02-08 06:00:00,0.692658,0.692751,0.692451,0.692544,50
2023-02-08 07:00:00,0.692544,0.692761,0.692482,0.692699,50
2023-02-08 08:00:00,0.692699,0.693052,0.692676,0.693028,50
2023-02-08 09:00:00,0.693028,0.693033,0.692971,0.692975,50
2023-02-08 10:00:00,0.692975,0.693063,0.692780,0.692868,50
2023-02-08 11:00:00,0.692868,0.693216,0.692795,0.693143,50
2023-02-08 12:00:00,0.693143,0.693396,0.693020,0.693272,50
2023-02-08 13:00:00,0.693272,0.693292,0.693010,0.693030,50
2023-02-08 14:00:00,0.693030,0.693174,0.693002,0.693146,50
2023-02-08 15:00:00,0.693146,0.693271,0.692765,0.692890,50
2023-02-08 16:00:00,0.692890,0.692926,0.692815,0.692852,50
2023-02-08 17:00:00,0.692852,0.693594,0.692728,0.693471,50
2023-02-08 18:00:00,0.693471,0.694217,0.693338,0.694084,50
2023-02-08 19:00:00,0.694084,0.694316,0.694013,0.694246,50
2023-02-08 20:00:00,0.694246,0.694341,0.693918,0.694014,50
2023-02-08 21:00:00,0.694014,0.694445,0.693992,0.694424,50
2023-02-08 22:00:00,0.694424,0.694536,0.694201,0.694312,50
2023-02-08 23:00:00,0.694312,0.694395,0.694025,0.694107,50
2023-02-09 00:00:00,0.694107,0.695149,0.694058,0.695099,50
2023-02-09 01:00:00,0.695099,0.695775,0.695084,0.695760,50
2023-02-09 02:00:00,0.695760,0.695780,0.695390,0.695410,50
2023-02-09 03:00:00,0.695410,0.695413,0.694107,0.694110,50
2023-02-09 04:00:00,0.694110,0.694111,0.693663,0.693664,50
2023-02-09 05:00:00,0.693664,0.694246,0.693563,0.694145,50
2023-02-09 06:00:00,0.694145,0.694202,0.693613,0.693670,50
2023-02-09 07:00:00,0.693670,0.694217,0.693600,0.694147,50
2023-02-09 08:00:00,0.694147,0.695168,0.694036,0.695057,50
2023-02-09 09:00:00,0.695057,0.695117,0.693593,0.693653,50
2023-02-09 10:00:00,0.693653,0.694927,0.693511,0.694785,50
2023-02-09 11:00:00,0.694785,0.694832,0.694193,0.694239,50
2023-02-09 12:00:00,0.694239,0.694707,0.694144,0.694612,50
2023-02-09 13:00:00,0.694612,0.694816,0.694542,0.694745,50
2023-02-09 14:00:00,0.694745,0.695534,0.694604,0.695392,50
2023-02-09 15:00:00,0.695392,0.695479,0.695078,0.695164,50
2023-02-09 16:00:00,0.695164,0.695674,0.695111,0.695621,50
2023-02-09 17:00:00,0.695621,0.696386,0.695443,0.696209,50
2023-02-09 18:00:00,0.696209,0.696714,0.696060,0.696565,50
2023-02-09 19:00:00,0.696565,0.696631,0.696346,0.696412,50
2023-02-09 20:00:00,0.696412,0.696541,0.696084,0.696213,50
2023-02-09 21:00:00,0.696213,0.696572,0.696117,0.696475,50
2023-02-09 22:00:00,0.696475,0.696841,0.696468,0.696833,50
2023-02-09 23:00:00,0.696833,0.696874,0.696338,0.696379,50
2023-02-10 00:00:00,0.696379,0.696467,0.696191,0.696279,50
2023-02-10 01:00:00,0.696279,0.696590,0.695932,0.696242,50
2023-02-10 02:00:00,0.696242,0.696335,0.695319,0.695411,50
2023-02-10 03:00:00,0.695411,0.695580,0.694927,0.695095,50
2023-02-10 04:00:00,0.695095,0.695574,0.694885,0.695364,50
2023-02-10 05:00:00,0.695364,0.695725,0.694545,0.694906,50
2023-02-10 06:00:00,0.694906,0.695182,0.693182,0.693458,50
2023-02-10 07:00:00,0.693458,0.694240,0.693142,0.693924,50
2023-02-10 08:00:00,0.693924,0.694056,0.692266,0.692397,50
2023-02-10 09:00:00,0.692397,0.692529,0.691071,0.691202,50
2023-02-10 10:00:00,0.691202,0.691530,0.690674,0.691002,50
2023-02-10 11:00:00,0.691002,0.692033,0.690781,0.691812,50
2023-02-10 12:00:00,0.691812,0.692083,0.691382,0.691653,50
2023-02-10 13:00:00,0.691653,0.692136,0.691616,0.692099,50
2023-02-10 14:00:00,0.692099,0.693075,0.692075,0.693052,50
2023-02-10 15:00:00,0.693052,0.693702,0.692891,0.693541,50
2023-02-10 16:00:00,0.693541,0.693657,0.693077,0.693192,50
2023-02-10 17:00:00,0.693192,0.694419,0.693092,0.694319,50
2023-02-10 18:00:00,0.694319,0.697462,0.694012,0.697155,50
2023-02-10 19:00:00,0.697155,0.697501,0.696097,0.696443,50
2023-02-10 20:00:00,0.696443,0.696673,0.696359,0.696589,50
2023-02-10 21:00:00,0.696589,0.696626,0.695753,0.695791,50
2023-02-10 22:00:00,0.695791,0.695862,0.694283,0.694354,50
2023-02-10 23:00:00,0.694354,0.694424,0.691829,0.691898,50
2023-02-13 00:00:00,0.691898,0.692260,0.691695,0.692057,50
2023-02-13 01:00:00,0.692057,0.692268,0.690791,0.691002,50
2023-02-13 02:00:00,0.691002,0.694315,0.690732,0.694046,50
2023-02-13 03:00:00,0.694046,0.694310,0.693880,0.694144,50
2023-02-13 04:00:00,0.694144,0.694288,0.693220,0.693365,50
2023-02-13 05:00:00,0.693365,0.695509,0.693122,0.695265,50
2023-02-13 06:00:00,0.695265,0.695896,0.694924,0.695555,50
2023-02-13 07:00:00,0.695555,0.696421,0.695306,0.696172,50
2023-02-13 08:00:00,0.696172,0.696182,0.695098,0.695108,50
2023-02-13 09:00:00,0.695108,0.695867,0.694996,0.695754,50
2023-02-13 10:00:00,0.695754,0.696581,0.695391,0.696218,50
2023-02-13 11:00:00,0.696218,0.696847,0.695855,0.696484,50
2023-02-13 12:00:00,0.696484,0.697387,0.696372,0.697275,50
2023-02-13 13:00:00,0.697275,0.697355,0.695093,0.695173,50
2023-02-13 14:00:00,0.695173,0.695175,0.694822,0.694824,50
2023-02-13 15:00:00,0.694824,0.694870,0.694431,0.694478,50
2023-02-13 16:00:00,0.694478,0.694999,0.694451,0.694972,50
2023-02-13 17:00:00,0.694972,0.695341,0.693643,0.694013,50
2023-02-13 18:00:00,0.694013,0.695707,0.693656,0.695351,50
2023-02-13 19:00:00,0.695351,0.695478,0.695150,0.695277,50
2023-02-13 20:00:00,0.695277,0.695287,0.695238,0.695248,50
2023-02-13 21:00:00,0.695248,0.695593,0.694841,0.695186,50
2023-02-13 22:00:00,0.695186,0.696038,0.694952,0.695805,50
2023-02-13 23:00:00,0.695805,0.696719,0.695464,0.696379,50
2023-02-14 00:00:00,0.696379,0.697350,0.696355,0.697326,50
2023-02-14 01:00:00,0.697326,0.697443,0.697196,0.697313,50
2023-02-14 02:00:00,0.697313,0.697353,0.697041,0.697081,50
2023-02-14 03:00:00,0.697081,0.697138,0.696879,0.696936,50
2023-02-14 04:00:00,0.696936,0.697054,0.696432,0.696550,50
2023-02-14 05:00:00,0.696550,0.696624,0.696351,0.696426,50
2023-02-14 06:00:00,0.696426,0.696466,0.696296,0.696336,50
2023-02-14 07:00:00,0.696336,0.696365,0.696084,0.696113,50
2023-02-14 08:00:00,0.696113,0.696227,0.695959,0.696074,50
2023-02-14 09:00:00,0.696074,0.696249,0.695984,0.696159,50
2023-02-14 10:00:00,0.696159,0.696238,0.695945,0.696024,50
2023-02-14 11:00:00,0.696024,0.696093,0.695759,0.695829,50
2023-02-14 12:00:00,0.695829,0.695944,0.695593,0.695709,50
2023-02-14 13:00:00,0.695709,0.696019,0.695693,0.696003,50
2023-02-14 14:00:00,0.696003,0.696473,0.695957,0.696426,50
2023-02-14 15:00:00,0.696426,0.696957,0.696324,0.696855,50
2023-02-14 16:00:00,0.696855,0.696938,0.696735,0.696817,50
2023-02-14 17:00:00,0.696817,0.696895,0.696437,0.696515,50
2023-02-14 18:00:00,0.696515,0.696597,0.696188,0.696271,50
2023-02-14 19:00:00,0.696271,0.696330,0.695788,0.695847,50
2023-02-14 20:00:00,0.695847,0.695917,0.695310,0.695380,50
2023-02-14 21:00:00,0.695380,0.695434,0.695267,0.695321,50
2023-02-14 22:00:00,0.695321,0.695654,0.695202,0.695535,50
2023-02-14 23:00:00,0.695535,0.696219,0.695501,0.696185,50
2023-02-15 00:00:00,0.696185,0.697615,0.695789,0.697218,50
2023-02-15 01:00:00,0.697218,0.697527,0.694066,0.694375,50
2023-02-15 02:00:00,0.694375,0.694497,0.694368,0.694491,50
2023-02-15 03:00:00,0.694491,0.694635,0.694374,0.694518,50
2023-02-15 04:00:00,0.694518,0.695881,0.694275,0.695638,50
2023-02-15 05:00:00,0.695638,0.695806,0.695423,0.695591,50
2023-02-15 06:00:00,0.695591,0.696156,0.695526,0.696091,50
2023-02-15 07:00:00,0.696091,0.697616,0.696022,0.697546,50
2023-02-15 08:00:00,0.697546,0.697968,0.695095,0.695516,50
2023-02-15 09:00:00,0.695516,0.695830,0.694535,0.694849,50
2023-02-15 10:00:00,0.694849,0.695117,0.693350,0.693618,50
2023-02-15 11:00:00,0.693618,0.693635,0.692617,0.692634,50
2023-02-15 12:00:00,0.692634,0.693110,0.692195,0.692671,50
2023-02-15 13:00:00,0.692671,0.693242,0.691146,0.691717,50
2023-02-15 14:00:00,0.691717,0.692137,0.688833,0.689253,50
2023-02-15 15:00:00,0.689253,0.690035,0.688976,0.689758,50
2023-02-15 16:00:00,0.689758,0.690168,0.689103,0.689513,50
2023-02-15 17:00:00,0.689513,0.689875,0.687587,0.687950,50
2023-02-15 18:00:00,0.687950,0.689968,0.687872,0.689890,50
2023-02-15 19:00:00,0.689890,0.692225,0.689573,0.691909,50
2023-02-15 20:00:00,0.691909,0.694443,0.691554,0.694088,50
2023-02-15 21:00:00,0.694088,0.694826,0.693979,0.694717,50
2023-02-15 22:00:00,0.694717,0.695760,0.694564,0.695607,50
2023-02-15 23:00:00,0.695607,0.695791,0.689139,0.689322,50
2023-02-16 00:00:00,0.689322,0.689403,0.688717,0.688798,50
2023-02-16 01:00:00,0.688798,0.689115,0.688770,0.689087,50
2023-02-16 02:00:00,0.689087,0.689514,0.689036,0.689462,50
2023-02-16 03:00:00,0.689462,0.689878,0.689345,0.689761,50
2023-02-16 04:00:00,0.689761,0.689892,0.689717,0.689848,50
2023-02-16 05:00:00,0.689848,0.690098,0.689828,0.690078,50
2023-02-16 06:00:00,0.690078,0.690189,0.690030,0.690142,50
2023-02-16 07:00:00,0.690142,0.690160,0.689646,0.689664,50
2023-02-16 08:00:00,0.689664,0.689767,0.689271,0.689374,50
2023-02-16 09:00:00,0.689374,0.689457,0.689125,0.689209,50
2023-02-16 10:00:00,0.689209,0.689237,0.688764,0.688793,50
2023-02-16 11:00:00,0.688793,0.688910,0.688579,0.688696,50
2023-02-16 12:00:00,0.688696,0.688806,0.688639,0.688749,50
2023-02-16 13:00:00,0.688749,0.689121,0.688708,0.689080,50
2023-02-16 14:00:00,0.689080,0.689190,0.688771,0.688881,50
2023-02-16 15:00:00,0.688881,0.688901,0.688715,0.688734,50
2023-02-16 16:00:00,0.688734,0.688767,0.688681,0.688714,50
2023-02-16 17:00:00,0.688714,0.688775,0.688662,0.688723,50
2023-02-16 18:00:00,0.688723,0.688830,0.688400,0.688507,50
2023-02-16 19:00:00,0.688507,0.688552,0.688372,0.688417,50
2023-02-16 20:00:00,0.688417,0.688486,0.688171,0.688240,50
2023-02-16 21:00:00,0.688240,0.688261,0.688055,0.688075,50
2023-02-16 22:00:00,0.688075,0.688403,0.688045,0.688372,50
2023-02-16 23:00:00,0.688372,0.688940,0.688327,0.688895,50
2023-02-17 00:00:00,0.688895,0.688955,0.688406,0.688466,50
2023-02-17 01:00:00,0.688466,0.688655,0.688369,0.688557,50
2023-02-17 02:00:00,0.688557,0.688749,0.688194,0.688385,50
2023-02-17 03:00:00,0.688385,0.688766,0.688285,0.688666,50
2023-02-17 04:00:00,0.688666,0.688752,0.688436,0.688523,50
2023-02-17 05:00:00,0.688523,0.688677,0.688358,0.688512,50
2023-02-17 06:00:00,0.688512,0.689184,0.688372,0.689045,50
2023-02-17 07:00:00,0.689045,0.689093,0.689004,0.689052,50
2023-02-17 08:00:00,0.689052,0.689223,0.688580,0.688751,50
2023-02-17 09:00:00,0.688751,0.689538,0.688590,0.689377,50
2023-02-17 10:00:00,0.689377,0.689429,0.688723,0.688775,50
2023-02-17 11:00:00,0.688775,0.688881,0.688217,0.688323,50
2023-02-17 12:00:00,0.688323,0.688454,0.687617,0.687748,50
2023-02-17 13:00:00,0.687748,0.687822,0.687280,0.687354,50
2023-02-17 14:00:00,0.687354,0.687972,0.687217,0.687835,50
2023-02-17 15:00:00,0.687835,0.687959,0.687589,0.687713,50
2023-02-17 16:00:00,0.687713,0.687801,0.687609,0.687697,50
2023-02-17 17:00:00,0.687697,0.688112,0.687540,0.687954,50
2023-02-17 18:00:00,0.687954,0.687988,0.687197,0.687230,50
2023-02-17 19:00:00,0.687230,0.687373,0.686789,0.686932,50
2023-02-17 20:00:00,0.686932,0.687090,0.686629,0.686788,50
2023-02-17 21:00:00,0.686788,0.686923,0.686380,0.686516,50
2023-02-17 22:00:00,0.686516,0.686698,0.686008,0.686191,50
2023-02-17 23:00:00,0.686191,0.686646,0.686028,0.686483,50
2023-02-21 00:00:00,0.686483,0.686557,0.686410,0.686483,50
2023-02-21 01:00:00,0.686483,0.686564,0.686402,0.686483,50
2023-02-21 02:00:00,0.686483,0.686584,0.686383,0.686483,50
2023-02-21 03:00:00,0.686483,0.686523,0.686443,0.686483,50
2023-02-21 04:00:00,0.686483,0.686564,0.686402,0.686483,50
2023-02-21 05:00:00,0.686483,0.686604,0.686363,0.686483,50
2023-02-21 06:00:00,0.686483,0.686601,0.686365,0.686483,50
2023-02-21 07:00:00,0.686483,0.686509,0.686458,0.686483,50
2023-02-21 08:00:00,0.686483,0.686526,0.686440,0.686483,50
2023-02-21 09:00:00,0.686483,0.686507,0.686459,0.686483,50
2023-02-21 10:00:00,0.686483,0.686557,0.686410,0.686483,50
2023-02-21 11:00:00,0.686483,0.686542,0.686424,0.686483,50
2023-02-21 12:00:00,0.686483,0.686554,0.686412,0.686483,50
2023-02-21 13:00:00,0.686483,0.686520,0.686447,0.686483,50
2023-02-21 14:00:00,0.686483,0.686598,0.686368,0.686483,50
2023-02-21 15:00:00,0.686483,0.686496,0.686470,0.686483,50
2023-02-21 16:00:00,0.686483,0.686606,0.686361,0.686483,50
2023-02-21 17:00:00,0.686483,0.686586,0.686380,0.686483,50
2023-02-21 18:00:00,0.686483,0.686576,0.686390,0.686483,50
2023-02-21 19:00:00,0.686483,0.686561,0.686405,0.686483,50
2023-02-21 20:00:00,0.686483,0.686602,0.686364,0.686483,50
2023-02-21 21:00:00,0.686483,0.686542,0.686425,0.686483,50
2023-02-21 22:00:00,0.686483,0.686601,0.686365,0.686483,50
2023-02-21 23:00:00,0.686483,0.686600,0.686366,0.686483,50
2023-02-22 00:00:00,0.686483,0.686838,0.685951,0.686305,50
2023-02-22 01:00:00,0.686305,0.686686,0.685610,0.685991,50
2023-02-22 02:00:00,0.685991,0.686367,0.684690,0.685066,50
2023-02-22 03:00:00,0.685066,0.685966,0.684816,0.685716,50
2023-02-22 04:00:00,0.685716,0.687314,0.685349,0.686947,50
2023-02-22 05:00:00,0.686947,0.687457,0.686645,0.687155,50
2023-02-22 06:00:00,0.687155,0.687165,0.686407,0.686416,50
2023-02-22 07:00:00,0.686416,0.687592,0.686225,0.687401,50
2023-02-22 08:00:00,0.687401,0.687546,0.685606,0.685751,50
2023-02-22 09:00:00,0.685751,0.685900,0.683725,0.683874,50
2023-02-22 10:00:00,0.683874,0.684067,0.683362,0.683555,50
2023-02-22 11:00:00,0.683555,0.683744,0.683058,0.683247,50
2023-02-22 12:00:00,0.683247,0.683395,0.682717,0.682865,50
2023-02-22 13:00:00,0.682865,0.682918,0.682080,0.682133,50
2023-02-22 14:00:00,0.682133,0.682511,0.681968,0.682346,50
2023-02-22 15:00:00,0.682346,0.682851,0.682226,0.682731,50
2023-02-22 16:00:00,0.682731,0.683060,0.681940,0.682269,50
2023-02-22 17:00:00,0.682269,0.682277,0.681492,0.681500,50
2023-02-22 18:00:00,0.681500,0.681551,0.681267,0.681318,50
2023-02-22 19:00:00,0.681318,0.681748,0.681104,0.681534,50
2023-02-22 20:00:00,0.681534,0.681567,0.681007,0.681040,50
2023-02-22 21:00:00,0.681040,0.681497,0.680929,0.681387,50
2023-02-22 22:00:00,0.681387,0.681660,0.680706,0.680978,50
2023-02-22 23:00:00,0.680978,0.682272,0.680602,0.681896,50
2023-02-23 00:00:00,0.681896,0.682162,0.681499,0.681765,50
2023-02-23 01:00:00,0.681765,0.681767,0.681334,0.681336,50
2023-02-23 02:00:00,0.681336,0.681573,0.680744,0.680981,50
2023-02-23 03:00:00,0.680981,0.681025,0.680942,0.680986,50
2023-02-23 04:00:00,0.680986,0.681047,0.680706,0.680767,50
2023-02-23 05:00:00,0.680767,0.681085,0.680742,0.681060,50
2023-02-23 06:00:00,0.681060,0.682336,0.680968,0.682244,50
2023-02-23 07:00:00,0.682244,0.682456,0.681343,0.681554,50
2023-02-23 08:00:00,0.681554,0.681947,0.681460,0.681853,50
2023-02-23 09:00:00,0.681853,0.682004,0.680775,0.680926,50
2023-02-23 10:00:00,0.680926,0.681120,0.679601,0.679795,50
2023-02-23 11:00:00,0.679795,0.680019,0.678980,0.679204,50
2023-02-23 12:00:00,0.679204,0.679408,0.679055,0.679258,50
2023-02-23 13:00:00,0.679258,0.679403,0.679103,0.679247,50
2023-02-23 14:00:00,0.679247,0.679354,0.678704,0.678811,50
2023-02-23 15:00:00,0.678811,0.679012,0.678044,0.678246,50
2023-02-23 16:00:00,0.678246,0.678372,0.677937,0.678064,50
2023-02-23 17:00:00,0.678064,0.679124,0.677804,0.678864,50
2023-02-23 18:00:00,0.678864,0.679112,0.678339,0.678587,50
2023-02-23 19:00:00,0.678587,0.678709,0.678510,0.678632,50
2023-02-23 20:00:00,0.678632,0.679124,0.678368,0.678859,50
2023-02-23 21:00:00,0.678859,0.679107,0.678472,0.678720,50
2023-02-23 22:00:00,0.678720,0.678870,0.678023,0.678173,50
2023-02-23 23:00:00,0.678173,0.678944,0.677931,0.678702,50
2023-02-24 00:00:00,0.678702,0.679642,0.678481,0.679421,50
2023-02-24 01:00:00,0.679421,0.680150,0.679015,0.679745,50
2023-02-24 02:00:00,0.679745,0.679838,0.679104,0.679197,50
2023-02-24 03:00:00,0.679197,0.679242,0.678297,0.678342,50
2023-02-24 04:00:00,0.678342,0.678528,0.677682,0.677867,50
2023-02-24 05:00:00,0.677867,0.677871,0.677329,0.677333,50
2023-02-24 06:00:00,0.677333,0.677369,0.675774,0.675811,50
2023-02-24 07:00:00,0.675811,0.676577,0.675526,0.676292,50
2023-02-24 08:00:00,0.676292,0.676970,0.675861,0.676539,50
2023-02-24 09:00:00,0.676539,0.676965,0.675569,0.675995,50
2023-02-24 10:00:00,0.675995,0.676350,0.675598,0.675952,50
2023-02-24 11:00:00,0.675952,0.676439,0.675762,0.676249,50
2023-02-24 12:00:00,0.676249,0.676591,0.675880,0.676223,50
2023-02-24 13:00:00,0.676223,0.676546,0.675681,0.676004,50
2023-02-24 14:00:00,0.676004,0.676340,0.674859,0.675195,50
2023-02-24 15:00:00,0.675195,0.675404,0.673295,0.673504,50
2023-02-24 16:00:00,0.673504,0.674251,0.673177,0.673924,50
2023-02-24 17:00:00,0.673924,0.674071,0.673174,0.673321,50
2023-02-24 18:00:00,0.673321,0.673588,0.673201,0.673468,50
2023-02-24 19:00:00,0.673468,0.673545,0.673015,0.673092,50
2023-02-24 20:00:00,0.673092,0.673314,0.672929,0.673151,50
2023-02-24 21:00:00,0.673151,0.673343,0.672483,0.672675,50
2023-02-24 22:00:00,0.672675,0.672815,0.672463,0.672603,50
2023-02-24 23:00:00,0.672603,0.673874,0.672220,0.673491,50
2023-02-27 00:00:00,0.673491,0.673930,0.673449,0.673887,50
2023-02-27 01:00:00,0.673887,0.674059,0.673798,0.673970,50
2023-02-27 02:00:00,0.673970,0.674065,0.673811,0.673906,50
2023-02-27 03:00:00,0.673906,0.674011,0.673655,0.673760,50
2023-02-27 04:00:00,0.673760,0.674335,0.673676,0.674252,50
2023-02-27 05:00:00,0.674252,0.674304,0.674037,0.674089,50
2023-02-27 06:00:00,0.674089,0.674130,0.674034,0.674075,50
2023-02-27 07:00:00,0.674075,0.674121,0.673728,0.673775,50
2023-02-27 08:00:00,0.673775,0.673913,0.673729,0.673868,50
2023-02-27 09:00:00,0.673868,0.673975,0.673583,0.673690,50
2023-02-27 10:00:00,0.673690,0.673791,0.673384,0.673485,50
2023-02-27 11:00:00,0.673485,0.673511,0.673303,0.673329,50
2023-02-27 12:00:00,0.673329,0.673361,0.672606,0.672638,50
2023-02-27 13:00:00,0.672638,0.672685,0.672633,0.672680,50
2023-02-27 14:00:00,0.672680,0.672886,0.672567,0.672773,50
2023-02-27 15:00:00,0.672773,0.673221,0.672766,0.673213,50
2023-02-27 16:00:00,0.673213,0.673272,0.673166,0.673225,50
2023-02-27 17:00:00,0.673225,0.673247,0.673089,0.673111,50
2023-02-27 18:00:00,0.673111,0.673427,0.673087,0.673403,50
2023-02-27 19:00:00,0.673403,0.673517,0.673276,0.673390,50
2023-02-27 20:00:00,0.673390,0.673443,0.673118,0.673171,50
2023-02-27 21:00:00,0.673171,0.673248,0.673033,0.673110,50
2023-02-27 22:00:00,0.673110,0.673210,0.672372,0.672472,50
2023-02-27 23:00:00,0.672472,0.673056,0.672409,0.672993,50
2023-02-28 00:00:00,0.672993,0.673087,0.672802,0.672897,50
2023-02-28 01:00:00,0.672897,0.672983,0.672695,0.672782,50
2023-02-28 02:00:00,0.672782,0.673096,0.672700,0.673014,50
2023-02-28 03:00:00,0.673014,0.673219,0.672899,0.673103,50
2023-02-28 04:00:00,0.673103,0.673199,0.672854,0.672950,50
2023-02-28 05:00:00,0.672950,0.673422,0.672942,0.673413,50
2023-02-28 06:00:00,0.673413,0.673616,0.673369,0.673572,50
2023-02-28 07:00:00,0.673572,0.673877,0.673568,0.673873,50
2023-02-28 08:00:00,0.673873,0.674174,0.673763,0.674064,50
2023-02-28 09:00:00,0.674064,0.674238,0.673980,0.674154,50
2023-02-28 10:00:00,0.674154,0.674181,0.673800,0.673827,50
2023-02-28 11:00:00,0.673827,0.674376,0.673805,0.674354,50
2023-02-28 12:00:00,0.674354,0.674619,0.674327,0.674592,50
2023-02-28 13:00:00,0.674592,0.674782,0.674518,0.674708,50
2023-02-28 14:00:00,0.674708,0.674766,0.674305,0.674364,50
2023-02-28 15:00:00,0.674364,0.674364,0.674221,0.674222,50
2023-02-28 16:00:00,0.674222,0.674468,0.674143,0.674388,50
2023-02-28 17:00:00,0.674388,0.674629,0.674354,0.674595,50
2023-02-28 18:00:00,0.674595,0.674629,0.674434,0.674469,50
2023-02-28 19:00:00,0.674469,0.674590,0.674135,0.674257,50
2023-02-28 20:00:00,0.674257,0.674452,0.674147,0.674342,50
2023-02-28 21:00:00,0.674342,0.674516,0.674236,0.674410,50
2023-02-28 22:00:00,0.674410,0.674780,0.674302,0.674672,50
2023-02-28 23:00:00,0.674672,0.674741,0.674331,0.674400,50
2023-03-01 00:00:00,0.674400,0.674443,0.674215,0.674258,50
2023-03-01 01:00:00,0.674258,0.674813,0.674102,0.674656,50
2023-03-01 02:00:00,0.674656,0.675401,0.674469,0.675214,50
2023-03-01 03:00:00,0.675214,0.675472,0.675201,0.675459,50
2023-03-01 04:00:00,0.675459,0.675493,0.674962,0.674997,50
2023-03-01 05:00:00,0.674997,0.675183,0.674410,0.674597,50
2023-03-01 06:00:00,0.674597,0.674618,0.674421,0.674442,50
2023-03-01 07:00:00,0.674442,0.674458,0.674132,0.674148,50
2023-03-01 08:00:00,0.674148,0.674330,0.673877,0.674059,50
2023-03-01 09:00:00,0.674059,0.674116,0.673859,0.673916,50
2023-03-01 10:00:00,0.673916,0.674228,0.673913,0.674225,50
2023-03-01 11:00:00,0.674225,0.674449,0.674110,0.674333,50
2023-03-01 12:00:00,0.674333,0.674822,0.674295,0.674784,50
2023-03-01 13:00:00,0.674784,0.675294,0.674705,0.675216,50
2023-03-01 14:00:00,0.675216,0.675282,0.674356,0.674423,50
2023-03-01 15:00:00,0.674423,0.675115,0.674257,0.674949,50
2023-03-01 16:00:00,0.674949,0.675141,0.674634,0.674826,50
2023-03-01 17:00:00,0.674826,0.675957,0.674631,0.675762,50
2023-03-01 18:00:00,0.675762,0.675863,0.675642,0.675743,50
2023-03-01 19:00:00,0.675743,0.677491,0.675554,0.677303,50
2023-03-01 20:00:00,0.677303,0.677443,0.676774,0.676913,50
2023-03-01 21:00:00,0.676913,0.677033,0.676802,0.676921,50
2023-03-01 22:00:00,0.676921,0.677208,0.676790,0.677077,50
2023-03-01 23:00:00,0.677077,0.677210,0.676686,0.676819,50
2023-03-02 00:00:00,0.676819,0.677099,0.673373,0.673652,50
2023-03-02 01:00:00,0.673652,0.673765,0.673385,0.673497,50
2023-03-02 02:00:00,0.673497,0.673528,0.673260,0.673290,50
2023-03-02 03:00:00,0.673290,0.674525,0.673139,0.674373,50
2023-03-02 04:00:00,0.674373,0.675908,0.674054,0.675589,50
2023-03-02 05:00:00,0.675589,0.675860,0.675448,0.675719,50
2023-03-02 06:00:00,0.675719,0.676995,0.675498,0.676774,50
2023-03-02 07:00:00,0.676774,0.677087,0.676132,0.676446,50
2023-03-02 08:00:00,0.676446,0.677895,0.676333,0.677783,50
2023-03-02 09:00:00,0.677783,0.678134,0.675141,0.675492,50
2023-03-02 10:00:00,0.675492,0.675676,0.675475,0.675660,50
2023-03-02 11:00:00,0.675660,0.675863,0.675477,0.675681,50
2023-03-02 12:00:00,0.675681,0.675779,0.673156,0.673253,50
2023-03-02 13:00:00,0.673253,0.674353,0.673184,0.674284,50
2023-03-02 14:00:00,0.674284,0.674649,0.672140,0.672505,50
2023-03-02 15:00:00,0.672505,0.673094,0.672437,0.673027,50
2023-03-02 16:00:00,0.673027,0.673343,0.672562,0.672878,50
2023-03-02 17:00:00,0.672878,0.673069,0.672410,0.672601,50
2023-03-02 18:00:00,0.672601,0.672984,0.670766,0.671149,50
2023-03-02 19:00:00,0.671149,0.671824,0.670791,0.671465,50
2023-03-02 20:00:00,0.671465,0.671767,0.671458,0.671761,50
2023-03-02 21:00:00,0.671761,0.672610,0.671375,0.672225,50
2023-03-02 22:00:00,0.672225,0.672451,0.671565,0.671792,50
2023-03-02 23:00:00,0.671792,0.672292,0.671497,0.671998,50
2023-03-03 00:00:00,0.671998,0.672572,0.671802,0.672377,50
2023-03-03 01:00:00,0.672377,0.672544,0.671050,0.671217,50
2023-03-03 02:00:00,0.671217,0.672473,0.671165,0.672421,50
2023-03-03 03:00:00,0.672421,0.672663,0.672158,0.672399,50
2023-03-03 04:00:00,0.672399,0.673091,0.672175,0.672867,50
2023-03-03 05:00:00,0.672867,0.673153,0.672379,0.672666,50
2023-03-03 06:00:00,0.672666,0.672820,0.671981,0.672135,50
2023-03-03 07:00:00,0.672135,0.672160,0.672131,0.672155,50
2023-03-03 08:00:00,0.672155,0.672683,0.672034,0.672562,50
2023-03-03 09:00:00,0.672562,0.672769,0.672388,0.672595,50
2023-03-03 10:00:00,0.672595,0.672789,0.672295,0.672489,50
2023-03-03 11:00:00,0.672489,0.673215,0.672391,0.673117,50
2023-03-03 12:00:00,0.673117,0.673239,0.671912,0.672034,50
2023-03-03 13:00:00,0.672034,0.672175,0.671400,0.671541,50
2023-03-03 14:00:00,0.671541,0.672313,0.671246,0.672017,50
2023-03-03 15:00:00,0.672017,0.673377,0.671977,0.673337,50
2023-03-03 16:00:00,0.673337,0.673380,0.672273,0.672316,50
2023-03-03 17:00:00,0.672316,0.673856,0.672010,0.673550,50
2023-03-03 18:00:00,0.673550,0.673735,0.672939,0.673124,50
2023-03-03 19:00:00,0.673124,0.673494,0.673119,0.673490,50
2023-03-03 20:00:00,0.673490,0.674527,0.673420,0.674457,50
2023-03-03 21:00:00,0.674457,0.676813,0.674329,0.676685,50
2023-03-03 22:00:00,0.676685,0.676855,0.675555,0.675725,50
2023-03-03 23:00:00,0.675725,0.676176,0.675452,0.675904,50
2023-03-06 00:00:00,0.675904,0.676265,0.675814,0.676175,50
2023-03-06 01:00:00,0.676175,0.676180,0.675537,0.675542,50
2023-03-06 02:00:00,0.675542,0.675768,0.675531,0.675757,50
2023-03-06 03:00:00,0.675757,0.675834,0.675516,0.675593,50
2023-03-06 04:00:00,0.675593,0.675738,0.675169,0.675315,50
2023-03-06 05:00:00,0.675315,0.675993,0.675249,0.675927,50
2023-03-06 06:00:00,0.675927,0.676127,0.675755,0.675954,50
2023-03-06 07:00:00,0.675954,0.676137,0.675850,0.676033,50
2023-03-06 08:00:00,0.676033,0.676343,0.676013,0.676323,50
2023-03-06 09:00:00,0.676323,0.676420,0.676035,0.676132,50
2023-03-06 10:00:00,0.676132,0.676316,0.675959,0.676144,50
2023-03-06 11:00:00,0.676144,0.676197,0.675727,0.675781,50
2023-03-06 12:00:00,0.675781,0.676004,0.675634,0.675857,50
2023-03-06 13:00:00,0.675857,0.675973,0.675276,0.675391,50
2023-03-06 14:00:00,0.675391,0.675436,0.674826,0.674870,50
2023-03-06 15:00:00,0.674870,0.675011,0.674692,0.674833,50
2023-03-06 16:00:00,0.674833,0.674867,0.674345,0.674379,50
2023-03-06 17:00:00,0.674379,0.674510,0.674303,0.674433,50
2023-03-06 18:00:00,0.674433,0.674820,0.674298,0.674685,50
2023-03-06 19:00:00,0.674685,0.674693,0.674123,0.674131,50
2023-03-06 20:00:00,0.674131,0.674780,0.673979,0.674627,50
2023-03-06 21:00:00,0.674627,0.674690,0.673850,0.673913,50
2023-03-06 22:00:00,0.673913,0.674027,0.673276,0.673390,50
2023-03-06 23:00:00,0.673390,0.673923,0.673276,0.673809,50
2023-03-07 00:00:00,0.673809,0.674678,0.660072,0.660941,50
2023-03-07 01:00:00,0.660941,0.672940,0.660814,0.672813,50
2023-03-07 02:00:00,0.672813,0.672888,0.663063,0.663137,50
2023-03-07 03:00:00,0.663137,0.673856,0.662519,0.673239,50
2023-03-07 04:00:00,0.673239,0.677629,0.672185,0.676575,50
2023-03-07 05:00:00,0.676575,0.677297,0.665745,0.666466,50
2023-03-07 06:00:00,0.666466,0.667330,0.663763,0.664626,50
2023-03-07 07:00:00,0.664626,0.665152,0.663429,0.663955,50
2023-03-07 08:00:00,0.663955,0.675668,0.662819,0.674532,50
2023-03-07 09:00:00,0.674532,0.674811,0.665091,0.665369,50
2023-03-07 10:00:00,0.665369,0.665394,0.663656,0.663680,50
2023-03-07 11:00:00,0.663680,0.666204,0.663003,0.665527,50
2023-03-07 12:00:00,0.665527,0.666116,0.656942,0.657530,50
2023-03-07 13:00:00,0.657530,0.660746,0.657301,0.660516,50
2023-03-07 14:00:00,0.660516,0.662502,0.660425,0.662410,50
2023-03-07 15:00:00,0.662410,0.663099,0.657971,0.658661,50
2023-03-07 16:00:00,0.658661,0.658944,0.657067,0.657351,50
2023-03-07 17:00:00,0.657351,0.661311,0.657187,0.661148,50
2023-03-07 18:00:00,0.661148,0.662285,0.657046,0.658183,50
2023-03-07 19:00:00,0.658183,0.661099,0.657050,0.659966,50
2023-03-07 20:00:00,0.659966,0.662900,0.659785,0.662719,50
2023-03-07 21:00:00,0.662719,0.662730,0.659527,0.659537,50
2023-03-07 22:00:00,0.659537,0.660394,0.656857,0.657713,50
2023-03-07 23:00:00,0.657713,0.660527,0.657165,0.659979,50
2023-03-08 00:00:00,0.659979,0.660055,0.659915,0.659990,50
2023-03-08 01:00:00,0.659990,0.660038,0.659396,0.659444,50
2023-03-08 02:00:00,0.659444,0.659588,0.659376,0.659521,50
2023-03-08 03:00:00,0.659521,0.659617,0.659321,0.659418,50
2023-03-08 04:00:00,0.659418,0.660038,0.659386,0.660006,50
2023-03-08 05:00:00,0.660006,0.660067,0.659845,0.659906,50
2023-03-08 06:00:00,0.659906,0.659980,0.659891,0.659965,50
2023-03-08 07:00:00,0.659965,0.660151,0.659901,0.660087,50
2023-03-08 08:00:00,0.660087,0.660413,0.660004,0.660331,50
2023-03-08 09:00:00,0.660331,0.660379,0.660277,0.660326,50
2023-03-08 10:00:00,0.660326,0.660338,0.659307,0.659319,50
2023-03-08 11:00:00,0.659319,0.659424,0.658993,0.659098,50
2023-03-08 12:00:00,0.659098,0.659287,0.659006,0.659195,50
2023-03-08 13:00:00,0.659195,0.659629,0.659097,0.659531,50
2023-03-08 14:00:00,0.659531,0.659550,0.659406,0.659425,50
2023-03-08 15:00:00,0.659425,0.660188,0.659306,0.660070,50
2023-03-08 16:00:00,0.660070,0.660128,0.659648,0.659707,50
2023-03-08 17:00:00,0.659707,0.659728,0.659669,0.659690,50
2023-03-08 18:00:00,0.659690,0.659763,0.659655,0.659728,50
2023-03-08 19:00:00,0.659728,0.659737,0.659612,0.659621,50
2023-03-08 20:00:00,0.659621,0.659738,0.659525,0.659642,50
2023-03-08 21:00:00,0.659642,0.660497,0.659530,0.660384,50
2023-03-08 22:00:00,0.660384,0.661186,0.660276,0.661078,50
2023-03-08 23:00:00,0.661078,0.661163,0.660112,0.660197,50
2023-03-09 00:00:00,0.660197,0.660289,0.660001,0.660093,50
2023-03-09 01:00:00,0.660093,0.660149,0.659924,0.659979,50
2023-03-09 02:00:00,0.659979,0.660027,0.659834,0.659882,50
2023-03-09 03:00:00,0.659882,0.659914,0.659645,0.659677,50
2023-03-09 04:00:00,0.659677,0.659678,0.659662,0.659663,50
2023-03-09 05:00:00,0.659663,0.659915,0.659639,0.659891,50
2023-03-09 06:00:00,0.659891,0.660346,0.659773,0.660228,50
2023-03-09 07:00:00,0.660228,0.660292,0.659860,0.659923,50
2023-03-09 08:00:00,0.659923,0.660665,0.659868,0.660610,50
2023-03-09 09:00:00,0.660610,0.660888,0.660503,0.660780,50
2023-03-09 10:00:00,0.660780,0.661166,0.660708,0.661094,50
2023-03-09 11:00:00,0.661094,0.661210,0.660957,0.661073,50
2023-03-09 12:00:00,0.661073,0.661274,0.661030,0.661232,50
2023-03-09 13:00:00,0.661232,0.661395,0.661206,0.661369,50
2023-03-09 14:00:00,0.661369,0.661478,0.661022,0.661132,50
2023-03-09 15:00:00,0.661132,0.661319,0.661112,0.661299,50
2023-03-09 16:00:00,0.661299,0.661741,0.661205,0.661647,50
2023-03-09 17:00:00,0.661647,0.661718,0.661282,0.661352,50
2023-03-09 18:00:00,0.661352,0.661469,0.660981,0.661098,50
2023-03-09 19:00:00,0.661098,0.661210,0.660625,0.660737,50
2023-03-09 20:00:00,0.660737,0.660816,0.660498,0.660577,50
2023-03-09 21:00:00,0.660577,0.660802,0.660572,0.660798,50
2023-03-09 22:00:00,0.660798,0.660801,0.660447,0.660450,50
2023-03-09 23:00:00,0.660450,0.661170,0.660394,0.661113,50
2023-03-10 00:00:00,0.661113,0.661493,0.661047,0.661427,50
2023-03-10 01:00:00,0.661427,0.661534,0.661101,0.661208,50
2023-03-10 02:00:00,0.661208,0.661305,0.661060,0.661157,50
2023-03-10 03:00:00,0.661157,0.661565,0.661138,0.661545,50
2023-03-10 04:00:00,0.661545,0.661653,0.661468,0.661576,50
2023-03-10 05:00:00,0.661576,0.661856,0.661561,0.661841,50
2023-03-10 06:00:00,0.661841,0.661842,0.661745,0.661745,50
2023-03-10 07:00:00,0.661745,0.662086,0.661698,0.662039,50
2023-03-10 08:00:00,0.662039,0.662131,0.661705,0.661797,50
2023-03-10 09:00:00,0.661797,0.661865,0.661597,0.661664,50
2023-03-10 10:00:00,0.661664,0.661687,0.661085,0.661108,50
2023-03-10 11:00:00,0.661108,0.661208,0.660835,0.660935,50
2023-03-10 12:00:00,0.660935,0.661044,0.660613,0.660721,50
2023-03-10 13:00:00,0.660721,0.660823,0.660693,0.660795,50
2023-03-10 14:00:00,0.660795,0.661005,0.660742,0.660951,50
2023-03-10 15:00:00,0.660951,0.661027,0.660477,0.660553,50
2023-03-10 16:00:00,0.660553,0.660660,0.660401,0.660508,50
2023-03-10 17:00:00,0.660508,0.660523,0.660342,0.660357,50
2023-03-10 18:00:00,0.660357,0.660423,0.660205,0.660270,50
2023-03-10 19:00:00,0.660270,0.660386,0.659941,0.660056,50
2023-03-10 20:00:00,0.660056,0.660580,0.659984,0.660508,50
2023-03-10 21:00:00,0.660508,0.661052,0.660422,0.660967,50
2023-03-10 22:00:00,0.660967,0.661059,0.660722,0.660814,50
2023-03-10 23:00:00,0.660814,0.661043,0.660754,0.660982,50
2023-03-13 00:00:00,0.660982,0.661053,0.659742,0.659812,50
2023-03-13 01:00:00,0.659812,0.660338,0.658936,0.659462,50
2023-03-13 02:00:00,0.659462,0.662316,0.659028,0.661882,50
2023-03-13 03:00:00,0.661882,0.662307,0.660920,0.661345,50
2023-03-13 04:00:00,0.661345,0.661908,0.659204,0.659767,50
2023-03-13 05:00:00,0.659767,0.660349,0.659515,0.660097,50
2023-03-13 06:00:00,0.660097,0.660510,0.659855,0.660268,50
2023-03-13 07:00:00,0.660268,0.661292,0.659998,0.661022,50
2023-03-13 08:00:00,0.661022,0.661281,0.660362,0.660620,50
2023-03-13 09:00:00,0.660620,0.662677,0.660193,0.662250,50
2023-03-13 10:00:00,0.662250,0.662937,0.662246,0.662932,50
2023-03-13 11:00:00,0.662932,0.666068,0.662636,0.665772,50
2023-03-13 12:00:00,0.665772,0.666765,0.665430,0.666424,50
2023-03-13 13:00:00,0.666424,0.666953,0.666203,0.666732,50
2023-03-13 14:00:00,0.666732,0.668347,0.666718,0.668333,50
2023-03-13 15:00:00,0.668333,0.669785,0.667884,0.669336,50
2023-03-13 16:00:00,0.669336,0.669342,0.668496,0.668502,50
2023-03-13 17:00:00,0.668502,0.669790,0.668142,0.669430,50
2023-03-13 18:00:00,0.669430,0.669527,0.668609,0.668707,50
2023-03-13 19:00:00,0.668707,0.670126,0.668685,0.670103,50
2023-03-13 20:00:00,0.670103,0.670219,0.669367,0.669482,50
2023-03-13 21:00:00,0.669482,0.669953,0.669440,0.669911,50
2023-03-13 22:00:00,0.669911,0.670007,0.668963,0.669059,50
2023-03-13 23:00:00,0.669059,0.669496,0.668146,0.668583,50
2023-03-14 00:00:00,0.668583,0.668613,0.668352,0.668381,50
2023-03-14 01:00:00,0.668381,0.668507,0.667339,0.667464,50
2023-03-14 02:00:00,0.667464,0.667592,0.666708,0.666835,50
2023-03-14 03:00:00,0.666835,0.666970,0.665562,0.665697,50
2023-03-14 04:00:00,0.665697,0.666378,0.665647,0.666329,50
2023-03-14 05:00:00,0.666329,0.666856,0.666310,0.666837,50
2023-03-14 06:00:00,0.666837,0.667693,0.666770,0.667626,50
2023-03-14 07:00:00,0.667626,0.668483,0.667487,0.668344,50
2023-03-14 08:00:00,0.668344,0.668447,0.667263,0.667366,50
2023-03-14 09:00:00,0.667366,0.667517,0.666943,0.667094,50
2023-03-14 10:00:00,0.667094,0.667911,0.667007,0.667824,50
2023-03-14 11:00:00,0.667824,0.668588,0.667744,0.668508,50
2023-03-14 12:00:00,0.668508,0.668691,0.667346,0.667529,50
2023-03-14 13:00:00,0.667529,0.668488,0.667495,0.668454,50
2023-03-14 14:00:00,0.668454,0.668921,0.668412,0.668879,50
2023-03-14 15:00:00,0.668879,0.668998,0.668346,0.668465,50
2023-03-14 16:00:00,0.668465,0.668593,0.667294,0.667421,50
2023-03-14 17:00:00,0.667421,0.667509,0.666251,0.666339,50
2023-03-14 18:00:00,0.666339,0.666869,0.666226,0.666756,50
2023-03-14 19:00:00,0.666756,0.667896,0.666667,0.667807,50
2023-03-14 20:00:00,0.667807,0.668852,0.667672,0.668717,50
2023-03-14 21:00:00,0.668717,0.668896,0.668188,0.668368,50
2023-03-14 22:00:00,0.668368,0.668534,0.668023,0.668190,50
2023-03-14 23:00:00,0.668190,0.668319,0.666049,0.666178,50
2023-03-15 00:00:00,0.666178,0.666355,0.662369,0.662545,50
2023-03-15 01:00:00,0.662545,0.663053,0.662211,0.662719,50
2023-03-15 02:00:00,0.662719,0.663342,0.662475,0.663098,50
2023-03-15 03:00:00,0.663098,0.665375,0.662747,0.665023,50
2023-03-15 04:00:00,0.665023,0.665129,0.664811,0.664917,50
2023-03-15 05:00:00,0.664917,0.665074,0.664285,0.664442,50
2023-03-15 06:00:00,0.664442,0.665181,0.664195,0.664934,50
2023-03-15 07:00:00,0.664934,0.665707,0.664531,0.665305,50
2023-03-15 08:00:00,0.665305,0.667454,0.665042,0.667191,50
2023-03-15 09:00:00,0.667191,0.667393,0.665266,0.665468,50
2023-03-15 10:00:00,0.665468,0.665575,0.664939,0.665046,50
2023-03-15 11:00:00,0.665046,0.665603,0.664926,0.665484,50
2023-03-15 12:00:00,0.665484,0.665575,0.664645,0.664737,50
2023-03-15 13:00:00,0.664737,0.665157,0.663895,0.664314,50
2023-03-15 14:00:00,0.664314,0.664691,0.663810,0.664187,50
2023-03-15 15:00:00,0.664187,0.664806,0.663807,0.664425,50
2023-03-15 16:00:00,0.664425,0.664650,0.664111,0.664336,50
2023-03-15 17:00:00,0.664336,0.664637,0.663468,0.663769,50
2023-03-15 18:00:00,0.663769,0.663895,0.662627,0.662753,50
2023-03-15 19:00:00,0.662753,0.662958,0.661504,0.661708,50
2023-03-15 20:00:00,0.661708,0.661770,0.661150,0.661212,50
2023-03-15 21:00:00,0.661212,0.661391,0.659922,0.660100,50
2023-03-15 22:00:00,0.660100,0.660408,0.659993,0.660300,50
2023-03-15 23:00:00,0.660300,0.661156,0.660258,0.661113,50
2023-03-16 00:00:00,0.661113,0.661893,0.661052,0.661831,50
2023-03-16 01:00:00,0.661831,0.662027,0.661260,0.661456,50
2023-03-16 02:00:00,0.661456,0.661490,0.661361,0.661395,50
2023-03-16 03:00:00,0.661395,0.661601,0.660659,0.660865,50
2023-03-16 04:00:00,0.660865,0.661140,0.660020,0.660295,50
2023-03-16 05:00:00,0.660295,0.661606,0.660011,0.661322,50
2023-03-16 06:00:00,0.661322,0.661456,0.661235,0.661370,50
2023-03-16 07:00:00,0.661370,0.661512,0.661099,0.661242,50
2023-03-16 08:00:00,0.661242,0.662349,0.660924,0.662032,50
2023-03-16 09:00:00,0.662032,0.663525,0.661911,0.663404,50
2023-03-16 10:00:00,0.663404,0.664550,0.663064,0.664209,50
2023-03-16 11:00:00,0.664209,0.665017,0.664140,0.664949,50
2023-03-16 12:00:00,0.664949,0.665237,0.664141,0.664430,50
2023-03-16 13:00:00,0.664430,0.665392,0.664416,0.665378,50
2023-03-16 14:00:00,0.665378,0.666251,0.665149,0.666021,50
2023-03-16 15:00:00,0.666021,0.666298,0.664989,0.665266,50
2023-03-16 16:00:00,0.665266,0.665454,0.664565,0.664753,50
2023-03-16 17:00:00,0.664753,0.665388,0.664535,0.665171,50
2023-03-16 18:00:00,0.665171,0.665485,0.664094,0.664408,50
2023-03-16 19:00:00,0.664408,0.664751,0.663338,0.663681,50
2023-03-16 20:00:00,0.663681,0.663742,0.662913,0.662975,50
2023-03-16 21:00:00,0.662975,0.663605,0.662795,0.663425,50
2023-03-16 22:00:00,0.663425,0.663439,0.662849,0.662863,50
2023-03-16 23:00:00,0.662863,0.665333,0.662733,0.665203,50
2023-03-17 00:00:00,0.665203,0.667030,0.665066,0.666892,50
2023-03-17 01:00:00,0.666892,0.666958,0.666339,0.666405,50
2023-03-17 02:00:00,0.666405,0.667121,0.666162,0.666878,50
2023-03-17 03:00:00,0.666878,0.667139,0.664812,0.665073,50
2023-03-17 04:00:00,0.665073,0.665237,0.664417,0.664581,50
2023-03-17 05:00:00,0.664581,0.665807,0.664550,0.665777,50
2023-03-17 06:00:00,0.665777,0.665992,0.665332,0.665547,50
2023-03-17 07:00:00,0.665547,0.666138,0.665347,0.665938,50
2023-03-17 08:00:00,0.665938,0.666168,0.664976,0.665206,50
2023-03-17 09:00:00,0.665206,0.666491,0.664951,0.666236,50
2023-03-17 10:00:00,0.666236,0.667159,0.665981,0.666904,50
2023-03-17 11:00:00,0.666904,0.667989,0.666712,0.667796,50
2023-03-17 12:00:00,0.667796,0.667899,0.667419,0.667521,50
2023-03-17 13:00:00,0.667521,0.668033,0.667382,0.667894,50
2023-03-17 14:00:00,0.667894,0.668026,0.667081,0.667213,50
2023-03-17 15:00:00,0.667213,0.667732,0.667015,0.667533,50
2023-03-17 16:00:00,0.667533,0.667696,0.665851,0.666014,50
2023-03-17 17:00:00,0.666014,0.666616,0.665799,0.666400,50
2023-03-17 18:00:00,0.666400,0.667013,0.666265,0.666878,50
2023-03-17 19:00:00,0.666878,0.667033,0.666463,0.666617,50
2023-03-17 20:00:00,0.666617,0.667911,0.666365,0.667659,50
2023-03-17 21:00:00,0.667659,0.667866,0.667372,0.667579,50
2023-03-17 22:00:00,0.667579,0.669181,0.667336,0.668938,50
2023-03-17 23:00:00,0.668938,0.669120,0.668133,0.668315,50
2023-03-20 00:00:00,0.668315,0.669478,0.668214,0.669377,50
2023-03-20 01:00:00,0.669377,0.669385,0.667750,0.667759,50
2023-03-20 02:00:00,0.667759,0.669773,0.667587,0.669601,50
2023-03-20 03:00:00,0.669601,0.669820,0.669578,0.669797,50
2023-03-20 04:00:00,0.669797,0.669955,0.669755,0.669912,50
2023-03-20 05:00:00,0.669912,0.670086,0.669497,0.669671,50
2023-03-20 06:00:00,0.669671,0.670265,0.669568,0.670161,50
2023-03-20 07:00:00,0.670161,0.670290,0.668710,0.668839,50
2023-03-20 08:00:00,0.668839,0.669773,0.668697,0.669631,50
2023-03-20 09:00:00,0.669631,0.671683,0.669515,0.671567,50
2023-03-20 10:00:00,0.671567,0.671666,0.670901,0.671000,50
2023-03-20 11:00:00,0.671000,0.671688,0.670964,0.671652,50
2023-03-20 12:00:00,0.671652,0.671685,0.670932,0.670965,50
2023-03-20 13:00:00,0.670965,0.671013,0.669929,0.669976,50
2023-03-20 14:00:00,0.669976,0.670033,0.669905,0.669962,50
2023-03-20 15:00:00,0.669962,0.670037,0.669257,0.669332,50
2023-03-20 16:00:00,0.669332,0.669540,0.668703,0.668911,50
2023-03-20 17:00:00,0.668911,0.669003,0.668861,0.668953,50
2023-03-20 18:00:00,0.668953,0.668984,0.668783,0.668813,50
2023-03-20 19:00:00,0.668813,0.669770,0.668750,0.669707,50
2023-03-20 20:00:00,0.669707,0.670385,0.669676,0.670354,50
2023-03-20 21:00:00,0.670354,0.670876,0.670161,0.670683,50
2023-03-20 22:00:00,0.670683,0.671102,0.670460,0.670879,50
2023-03-20 23:00:00,0.670879,0.671275,0.670700,0.671096,50
2023-03-21 00:00:00,0.671096,0.672315,0.671020,0.672239,50
2023-03-21 01:00:00,0.672239,0.672373,0.670524,0.670658,50
2023-03-21 02:00:00,0.670658,0.670778,0.668816,0.668937,50
2023-03-21 03:00:00,0.668937,0.669448,0.668727,0.669239,50
2023-03-21 04:00:00,0.669239,0.670682,0.668815,0.670258,50
2023-03-21 05:00:00,0.670258,0.670375,0.670029,0.670146,50
2023-03-21 06:00:00,0.670146,0.670449,0.667026,0.667329,50
2023-03-21 07:00:00,0.667329,0.667527,0.663851,0.664049,50
2023-03-21 08:00:00,0.664049,0.664193,0.663880,0.664025,50
2023-03-21 09:00:00,0.664025,0.665063,0.663877,0.664915,50
2023-03-21 10:00:00,0.664915,0.666836,0.664530,0.666450,50
2023-03-21 11:00:00,0.666450,0.667906,0.666033,0.667489,50
2023-03-21 12:00:00,0.667489,0.667852,0.666327,0.666689,50
2023-03-21 13:00:00,0.666689,0.667660,0.666249,0.667220,50
2023-03-21 14:00:00,0.667220,0.667876,0.666859,0.667516,50
2023-03-21 15:00:00,0.667516,0.667664,0.666666,0.666813,50
2023-03-21 16:00:00,0.666813,0.669194,0.666698,0.669078,50
2023-03-21 17:00:00,0.669078,0.670800,0.668798,0.670519,50
2023-03-21 18:00:00,0.670519,0.670884,0.670218,0.670583,50
2023-03-21 19:00:00,0.670583,0.671625,0.670194,0.671236,50
2023-03-21 20:00:00,0.671236,0.672017,0.670788,0.671568,50
2023-03-21 21:00:00,0.671568,0.671963,0.670829,0.671224,50
2023-03-21 22:00:00,0.671224,0.671707,0.670000,0.670483,50
2023-03-21 23:00:00,0.670483,0.670817,0.664869,0.665203,50
2023-03-22 00:00:00,0.665203,0.665330,0.664953,0.665080,50
2023-03-22 01:00:00,0.665080,0.665772,0.664982,0.665674,50
2023-03-22 02:00:00,0.665674,0.666197,0.665469,0.665992,50
2023-03-22 03:00:00,0.665992,0.666273,0.665414,0.665695,50
2023-03-22 04:00:00,0.665695,0.665962,0.665379,0.665646,50
2023-03-22 05:00:00,0.665646,0.665991,0.665589,0.665934,50
2023-03-22 06:00:00,0.665934,0.666418,0.665719,0.666203,50
2023-03-22 07:00:00,0.666203,0.666491,0.666063,0.666352,50
2023-03-22 08:00:00,0.666352,0.666890,0.666072,0.666610,50
2023-03-22 09:00:00,0.666610,0.667715,0.666334,0.667439,50
2023-03-22 10:00:00,0.667439,0.667681,0.667302,0.667544,50
2023-03-22 11:00:00,0.667544,0.668068,0.667288,0.667812,50
2023-03-22 12:00:00,0.667812,0.668954,0.667561,0.668703,50
2023-03-22 13:00:00,0.668703,0.668735,0.668237,0.668269,50
2023-03-22 14:00:00,0.668269,0.668698,0.668154,0.668583,50
2023-03-22 15:00:00,0.668583,0.669087,0.668314,0.668818,50
2023-03-22 16:00:00,0.668818,0.669326,0.668751,0.669259,50
2023-03-22 17:00:00,0.669259,0.669384,0.669103,0.669228,50
2023-03-22 18:00:00,0.669228,0.669406,0.668575,0.668754,50
2023-03-22 19:00:00,0.668754,0.668854,0.668164,0.668264,50
2023-03-22 20:00:00,0.668264,0.668487,0.667951,0.668174,50
2023-03-22 21:00:00,0.668174,0.668226,0.668003,0.668054,50
2023-03-22 22:00:00,0.668054,0.668224,0.667747,0.667917,50
2023-03-22 23:00:00,0.667917,0.668740,0.667760,0.668583,50
2023-03-23 00:00:00,0.668583,0.671117,0.668307,0.670841,50
2023-03-23 01:00:00,0.670841,0.671767,0.670598,0.671523,50
2023-03-23 02:00:00,0.671523,0.671709,0.671060,0.671246,50
2023-03-23 03:00:00,0.671246,0.671371,0.671037,0.671162,50
2023-03-23 04:00:00,0.671162,0.671280,0.669481,0.669599,50
2023-03-23 05:00:00,0.669599,0.669642,0.669535,0.669578,50
2023-03-23 06:00:00,0.669578,0.669589,0.668871,0.668883,50
2023-03-23 07:00:00,0.668883,0.669153,0.668324,0.668594,50
2023-03-23 08:00:00,0.668594,0.668874,0.668484,0.668763,50
2023-03-23 09:00:00,0.668763,0.668872,0.667996,0.668105,50
2023-03-23 10:00:00,0.668105,0.668240,0.667783,0.667918,50
2023-03-23 11:00:00,0.667918,0.669364,0.667644,0.669090,50
2023-03-23 12:00:00,0.669090,0.669995,0.668834,0.669740,50
2023-03-23 13:00:00,0.669740,0.671068,0.669547,0.670875,50
2023-03-23 14:00:00,0.670875,0.671681,0.670656,0.671462,50
2023-03-23 15:00:00,0.671462,0.671609,0.670788,0.670935,50
2023-03-23 16:00:00,0.670935,0.671116,0.670525,0.670706,50
2023-03-23 17:00:00,0.670706,0.670928,0.670460,0.670682,50
2023-03-23 18:00:00,0.670682,0.671366,0.670496,0.671181,50
2023-03-23 19:00:00,0.671181,0.672150,0.671167,0.672136,50
2023-03-23 20:00:00,0.672136,0.672266,0.671890,0.672020,50
2023-03-23 21:00:00,0.672020,0.672183,0.670989,0.671153,50
2023-03-23 22:00:00,0.671153,0.671995,0.670966,0.671807,50
2023-03-23 23:00:00,0.671807,0.672168,0.671547,0.671908,50
2023-03-24 00:00:00,0.671908,0.672403,0.666520,0.667015,50
2023-03-24 01:00:00,0.667015,0.667307,0.664430,0.664722,50
2023-03-24 02:00:00,0.664722,0.667054,0.664143,0.666475,50
2023-03-24 03:00:00,0.666475,0.667099,0.663137,0.663761,50
2023-03-24 04:00:00,0.663761,0.664324,0.662437,0.663001,50
2023-03-24 05:00:00,0.663001,0.663163,0.662877,0.663039,50
2023-03-24 06:00:00,0.663039,0.663301,0.662651,0.662913,50
2023-03-24 07:00:00,0.662913,0.663058,0.662747,0.662892,50
2023-03-24 08:00:00,0.662892,0.663180,0.662533,0.662821,50
2023-03-24 09:00:00,0.662821,0.663394,0.662276,0.662849,50
2023-03-24 10:00:00,0.662849,0.664761,0.662534,0.664446,50
2023-03-24 11:00:00,0.664446,0.667075,0.664236,0.666865,50
2023-03-24 12:00:00,0.666865,0.673530,0.666760,0.673425,50
2023-03-24 13:00:00,0.673425,0.673515,0.668603,0.668692,50
2023-03-24 14:00:00,0.668692,0.669217,0.663428,0.663953,50
2023-03-24 15:00:00,0.663953,0.664559,0.662386,0.662993,50
2023-03-24 16:00:00,0.662993,0.663559,0.662252,0.662819,50
2023-03-24 17:00:00,0.662819,0.662864,0.662816,0.662861,50
2023-03-24 18:00:00,0.662861,0.663032,0.662656,0.662826,50
2023-03-24 19:00:00,0.662826,0.662916,0.662717,0.662807,50
2023-03-24 20:00:00,0.662807,0.663103,0.662506,0.662802,50
2023-03-24 21:00:00,0.662802,0.662938,0.662673,0.662809,50
2023-03-24 22:00:00,0.662809,0.663946,0.662498,0.663636,50
2023-03-24 23:00:00,0.663636,0.664607,0.663348,0.664319,50
2023-03-27 00:00:00,0.664319,0.664424,0.664179,0.664283,50
2023-03-27 01:00:00,0.664283,0.664374,0.663805,0.663896,50
2023-03-27 02:00:00,0.663896,0.664599,0.663883,0.664586,50
2023-03-27 03:00:00,0.664586,0.664598,0.664314,0.664325,50
2023-03-27 04:00:00,0.664325,0.664380,0.663569,0.663624,50
2023-03-27 05:00:00,0.663624,0.664176,0.663598,0.664150,50
2023-03-27 06:00:00,0.664150,0.664379,0.664122,0.664351,50
2023-03-27 07:00:00,0.664351,0.664828,0.664237,0.664714,50
2023-03-27 08:00:00,0.664714,0.664827,0.664199,0.664311,50
2023-03-27 09:00:00,0.664311,0.664530,0.664309,0.664527,50
2023-03-27 10:00:00,0.664527,0.664530,0.664210,0.664213,50
2023-03-27 11:00:00,0.664213,0.664288,0.663562,0.663637,50
2023-03-27 12:00:00,0.663637,0.663750,0.663144,0.663257,50
2023-03-27 13:00:00,0.663257,0.663704,0.663151,0.663598,50
2023-03-27 14:00:00,0.663598,0.663864,0.663515,0.663781,50
2023-03-27 15:00:00,0.663781,0.664857,0.663693,0.664769,50
2023-03-27 16:00:00,0.664769,0.665307,0.664711,0.665250,50
2023-03-27 17:00:00,0.665250,0.665308,0.664853,0.664912,50
2023-03-27 18:00:00,0.664912,0.665197,0.664809,0.665094,50
2023-03-27 19:00:00,0.665094,0.665107,0.664564,0.664577,50
2023-03-27 20:00:00,0.664577,0.664689,0.664496,0.664608,50
2023-03-27 21:00:00,0.664608,0.664694,0.664055,0.664141,50
2023-03-27 22:00:00,0.664141,0.664160,0.663535,0.663553,50
2023-03-27 23:00:00,0.663553,0.664279,0.663461,0.664187,50
2023-03-28 00:00:00,0.664187,0.666813,0.664014,0.666640,50
2023-03-28 01:00:00,0.666640,0.667005,0.665811,0.666177,50
2023-03-28 02:00:00,0.666177,0.669758,0.665664,0.669246,50
2023-03-28 03:00:00,0.669246,0.672590,0.668917,0.672262,50
2023-03-28 04:00:00,0.672262,0.672777,0.667890,0.668406,50
2023-03-28 05:00:00,0.668406,0.671554,0.667952,0.671100,50
2023-03-28 06:00:00,0.671100,0.671136,0.670018,0.670054,50
2023-03-28 07:00:00,0.670054,0.670192,0.668241,0.668379,50
2023-03-28 08:00:00,0.668379,0.671426,0.668005,0.671052,50
2023-03-28 09:00:00,0.671052,0.671322,0.669990,0.670260,50
2023-03-28 10:00:00,0.670260,0.670263,0.665968,0.665971,50
2023-03-28 11:00:00,0.665971,0.667425,0.665506,0.666961,50
2023-03-28 12:00:00,0.666961,0.669823,0.666593,0.669455,50
2023-03-28 13:00:00,0.669455,0.669701,0.668699,0.668945,50
2023-03-28 14:00:00,0.668945,0.669240,0.668120,0.668415,50
2023-03-28 15:00:00,0.668415,0.668511,0.664734,0.664830,50
2023-03-28 16:00:00,0.664830,0.665141,0.663146,0.663457,50
2023-03-28 17:00:00,0.663457,0.664245,0.663376,0.664165,50
2023-03-28 18:00:00,0.664165,0.666831,0.663790,0.666456,50
2023-03-28 19:00:00,0.666456,0.666988,0.665206,0.665738,50
2023-03-28 20:00:00,0.665738,0.667435,0.665616,0.667312,50
2023-03-28 21:00:00,0.667312,0.668787,0.667162,0.668637,50
2023-03-28 22:00:00,0.668637,0.668963,0.664630,0.664956,50
2023-03-28 23:00:00,0.664956,0.671411,0.664461,0.670916,50
2023-03-29 00:00:00,0.670916,0.671135,0.670876,0.671095,50
2023-03-29 01:00:00,0.671095,0.671423,0.670996,0.671324,50
2023-03-29 02:00:00,0.671324,0.671392,0.671236,0.671304,50
2023-03-29 03:00:00,0.671304,0.671351,0.671146,0.671192,50
2023-03-29 04:00:00,0.671192,0.671361,0.670605,0.670774,50
2023-03-29 05:00:00,0.670774,0.670783,0.670630,0.670638,50
2023-03-29 06:00:00,0.670638,0.671542,0.670595,0.671498,50
2023-03-29 07:00:00,0.671498,0.671672,0.670535,0.670708,50
2023-03-29 08:00:00,0.670708,0.670927,0.670233,0.670452,50
2023-03-29 09:00:00,0.670452,0.671289,0.670378,0.671215,50
2023-03-29 10:00:00,0.671215,0.671423,0.670522,0.670730,50
2023-03-29 11:00:00,0.670730,0.670950,0.670527,0.670746,50
2023-03-29 12:00:00,0.670746,0.670783,0.670164,0.670201,50
2023-03-29 13:00:00,0.670201,0.670669,0.669977,0.670445,50
2023-03-29 14:00:00,0.670445,0.670486,0.668969,0.669010,50
2023-03-29 15:00:00,0.669010,0.669423,0.668895,0.669307,50
2023-03-29 16:00:00,0.669307,0.669328,0.669267,0.669287,50
2023-03-29 17:00:00,0.669287,0.669311,0.669099,0.669123,50
2023-03-29 18:00:00,0.669123,0.669285,0.668027,0.668189,50
2023-03-29 19:00:00,0.668189,0.669640,0.667983,0.669435,50
2023-03-29 20:00:00,0.669435,0.669518,0.669407,0.669490,50
2023-03-29 21:00:00,0.669490,0.669570,0.668601,0.668681,50
2023-03-29 22:00:00,0.668681,0.668831,0.667987,0.668136,50
2023-03-29 23:00:00,0.668136,0.668281,0.667857,0.668003,50
2023-03-30 00:00:00,0.668003,0.669149,0.667841,0.668987,50
2023-03-30 01:00:00,0.668987,0.669097,0.668506,0.668616,50
2023-03-30 02:00:00,0.668616,0.668965,0.668575,0.668924,50
2023-03-30 03:00:00,0.668924,0.669622,0.668756,0.669454,50
2023-03-30 04:00:00,0.669454,0.669934,0.669311,0.669791,50
2023-03-30 05:00:00,0.669791,0.670279,0.669638,0.670126,50
2023-03-30 06:00:00,0.670126,0.670185,0.668844,0.668903,50
2023-03-30 07:00:00,0.668903,0.669104,0.668849,0.669051,50
2023-03-30 08:00:00,0.669051,0.669304,0.668878,0.669132,50
2023-03-30 09:00:00,0.669132,0.669296,0.668683,0.668846,50
2023-03-30 10:00:00,0.668846,0.668864,0.667918,0.667935,50
2023-03-30 11:00:00,0.667935,0.669443,0.667921,0.669429,50
2023-03-30 12:00:00,0.669429,0.669656,0.669405,0.669633,50
2023-03-30 13:00:00,0.669633,0.669750,0.669184,0.669301,50
2023-03-30 14:00:00,0.669301,0.669345,0.667538,0.667582,50
2023-03-30 15:00:00,0.667582,0.667853,0.667552,0.667824,50
2023-03-30 16:00:00,0.667824,0.668300,0.667732,0.668208,50
2023-03-30 17:00:00,0.668208,0.668379,0.667946,0.668116,50
2023-03-30 18:00:00,0.668116,0.668201,0.668009,0.668094,50
2023-03-30 19:00:00,0.668094,0.670290,0.668079,0.670276,50
2023-03-30 20:00:00,0.670276,0.670552,0.670251,0.670527,50
2023-03-30 21:00:00,0.670527,0.670580,0.669724,0.669777,50
2023-03-30 22:00:00,0.669777,0.669836,0.668788,0.668847,50
2023-03-30 23:00:00,0.668847,0.670144,0.668810,0.670107,50
2023-03-31 00:00:00,0.670107,0.670201,0.669336,0.669431,50
2023-03-31 01:00:00,0.669431,0.669712,0.669354,0.669636,50
2023-03-31 02:00:00,0.669636,0.669732,0.669351,0.669448,50
2023-03-31 03:00:00,0.669448,0.669499,0.669234,0.669285,50
2023-03-31 04:00:00,0.669285,0.669371,0.669172,0.669258,50
2023-03-31 05:00:00,0.669258,0.670327,0.669195,0.670264,50
2023-03-31 06:00:00,0.670264,0.670337,0.669424,0.669498,50
2023-03-31 07:00:00,0.669498,0.669657,0.669380,0.669539,50
2023-03-31 08:00:00,0.669539,0.670141,0.669432,0.670034,50
2023-03-31 09:00:00,0.670034,0.670718,0.669948,0.670632,50
2023-03-31 10:00:00,0.670632,0.671342,0.670560,0.671269,50
2023-03-31 11:00:00,0.671269,0.671298,0.671172,0.671200,50
2023-03-31 12:00:00,0.671200,0.671302,0.671007,0.671108,50
2023-03-31 13:00:00,0.671108,0.671158,0.670942,0.670991,50
2023-03-31 14:00:00,0.670991,0.671036,0.670326,0.670371,50
2023-03-31 15:00:00,0.670371,0.671149,0.670267,0.671045,50
2023-03-31 16:00:00,0.671045,0.671103,0.670172,0.670229,50
2023-03-31 17:00:00,0.670229,0.670497,0.670145,0.670412,50
2023-03-31 18:00:00,0.670412,0.670696,0.670390,0.670674,50
2023-03-31 19:00:00,0.670674,0.670924,0.670583,0.670833,50
2023-03-31 20:00:00,0.670833,0.670948,0.670293,0.670408,50
2023-03-31 21:00:00,0.670408,0.670941,0.670334,0.670867,50
2023-03-31 22:00:00,0.670867,0.670969,0.670166,0.670268,50
2023-03-31 23:00:00,0.670268,0.670490,0.670199,0.670421,50
2023-04-03 00:00:00,0.670421,0.670750,0.668501,0.668829,50
2023-04-03 01:00:00,0.668829,0.670230,0.668776,0.670177,50
2023-04-03 02:00:00,0.670177,0.670511,0.669868,0.670202,50
2023-04-03 03:00:00,0.670202,0.670485,0.670063,0.670347,50
2023-04-03 04:00:00,0.670347,0.671716,0.670076,0.671445,50
2023-04-03 05:00:00,0.671445,0.673064,0.671267,0.672886,50
2023-04-03 06:00:00,0.672886,0.674627,0.672412,0.674153,50
2023-04-03 07:00:00,0.674153,0.674404,0.673749,0.673999,50
2023-04-03 08:00:00,0.673999,0.674269,0.673700,0.673970,50
2023-04-03 09:00:00,0.673970,0.674253,0.672552,0.672834,50
2023-04-03 10:00:00,0.672834,0.675180,0.672412,0.674758,50
2023-04-03 11:00:00,0.674758,0.676139,0.674493,0.675874,50
2023-04-03 12:00:00,0.675874,0.677478,0.675366,0.676970,50
2023-04-03 13:00:00,0.676970,0.677978,0.676502,0.677510,50
2023-04-03 14:00:00,0.677510,0.678486,0.677284,0.678260,50
2023-04-03 15:00:00,0.678260,0.678642,0.676152,0.676534,50
2023-04-03 16:00:00,0.676534,0.677124,0.676110,0.676700,50
2023-04-03 17:00:00,0.676700,0.676714,0.676343,0.676357,50
2023-04-03 18:00:00,0.676357,0.677899,0.676082,0.677624,50
2023-04-03 19:00:00,0.677624,0.678272,0.677432,0.678080,50
2023-04-03 20:00:00,0.678080,0.678320,0.677273,0.677513,50
2023-04-03 21:00:00,0.677513,0.678842,0.677241,0.678570,50
2023-04-03 22:00:00,0.678570,0.679641,0.677928,0.679000,50
2023-04-03 23:00:00,0.679000,0.679501,0.677879,0.678380,50
2023-04-04 00:00:00,0.678380,0.678709,0.675419,0.675748,50
2023-04-04 01:00:00,0.675748,0.676619,0.675438,0.676309,50
2023-04-04 02:00:00,0.676309,0.676369,0.675803,0.675863,50
2023-04-04 03:00:00,0.675863,0.676227,0.675824,0.676188,50
2023-04-04 04:00:00,0.676188,0.676503,0.675481,0.675797,50
2023-04-04 05:00:00,0.675797,0.676274,0.675580,0.676057,50
2023-04-04 06:00:00,0.676057,0.676064,0.674857,0.674864,50
2023-04-04 07:00:00,0.674864,0.674938,0.674585,0.674658,50
2023-04-04 08:00:00,0.674658,0.674775,0.673552,0.673669,50
2023-04-04 09:00:00,0.673669,0.675196,0.673526,0.675053,50
2023-04-04 10:00:00,0.675053,0.677648,0.674962,0.677556,50
2023-04-04 11:00:00,0.677556,0.678174,0.677449,0.678066,50
2023-04-04 12:00:00,0.678066,0.678261,0.677355,0.677550,50
2023-04-04 13:00:00,0.677550,0.678096,0.677229,0.677776,50
2023-04-04 14:00:00,0.677776,0.678021,0.676786,0.677031,50
2023-04-04 15:00:00,0.677031,0.678006,0.676703,0.677678,50
2023-04-04 16:00:00,0.677678,0.679150,0.677676,0.679148,50
2023-04-04 17:00:00,0.679148,0.679312,0.679048,0.679212,50
2023-04-04 18:00:00,0.679212,0.679525,0.678091,0.678403,50
2023-04-04 19:00:00,0.678403,0.678609,0.677225,0.677432,50
2023-04-04 20:00:00,0.677432,0.677547,0.675980,0.676094,50
2023-04-04 21:00:00,0.676094,0.676184,0.674468,0.674558,50
2023-04-04 22:00:00,0.674558,0.674855,0.673089,0.673385,50
2023-04-04 23:00:00,0.673385,0.674566,0.673037,0.674218,50
2023-04-05 00:00:00,0.674218,0.674225,0.674141,0.674148,50
2023-04-05 01:00:00,0.674148,0.674248,0.673815,0.673915,50
2023-04-05 02:00:00,0.673915,0.674285,0.673837,0.674207,50
2023-04-05 03:00:00,0.674207,0.674523,0.674101,0.674417,50
2023-04-05 04:00:00,0.674417,0.674546,0.674324,0.674454,50
2023-04-05 05:00:00,0.674454,0.674509,0.674077,0.674132,50
2023-04-05 06:00:00,0.674132,0.674534,0.674122,0.674524,50
2023-04-05 07:00:00,0.674524,0.674547,0.674159,0.674182,50
2023-04-05 08:00:00,0.674182,0.674286,0.673561,0.673664,50
2023-04-05 09:00:00,0.673664,0.673745,0.673558,0.673639,50
2023-04-05 10:00:00,0.673639,0.673639,0.673226,0.673226,50
2023-04-05 11:00:00,0.673226,0.673320,0.672941,0.673035,50
2023-04-05 12:00:00,0.673035,0.673265,0.673025,0.673256,50
2023-04-05 13:00:00,0.673256,0.673257,0.672727,0.672728,50
2023-04-05 14:00:00,0.672728,0.672837,0.672579,0.672688,50
2023-04-05 15:00:00,0.672688,0.672799,0.672574,0.672684,50
2023-04-05 16:00:00,0.672684,0.672779,0.672641,0.672735,50
2023-04-05 17:00:00,0.672735,0.673025,0.672639,0.672929,50
2023-04-05 18:00:00,0.672929,0.673642,0.672902,0.673616,50
2023-04-05 19:00:00,0.673616,0.673638,0.672935,0.672957,50
2023-04-05 20:00:00,0.672957,0.673052,0.672411,0.672506,50
2023-04-05 21:00:00,0.672506,0.672978,0.672472,0.672945,50
2023-04-05 22:00:00,0.672945,0.673628,0.672935,0.673618,50
2023-04-05 23:00:00,0.673618,0.673723,0.672707,0.672812,50
2023-04-06 00:00:00,0.672812,0.674071,0.672575,0.673835,50
2023-04-06 01:00:00,0.673835,0.674060,0.672910,0.673135,50
2023-04-06 02:00:00,0.673135,0.673982,0.672945,0.673792,50
2023-04-06 03:00:00,0.673792,0.673841,0.670855,0.670905,50
2023-04-06 04:00:00,0.670905,0.674006,0.670797,0.673898,50
2023-04-06 05:00:00,0.673898,0.674342,0.673020,0.673464,50
2023-04-06 06:00:00,0.673464,0.673638,0.672385,0.672559,50
2023-04-06 07:00:00,0.672559,0.673207,0.672315,0.672962,50
2023-04-06 08:00:00,0.672962,0.673391,0.667464,0.667892,50
2023-04-06 09:00:00,0.667892,0.670487,0.667619,0.670214,50
2023-04-06 10:00:00,0.670214,0.672018,0.670129,0.671934,50
2023-04-06 11:00:00,0.671934,0.671963,0.671800,0.671828,50
2023-04-06 12:00:00,0.671828,0.672514,0.671751,0.672437,50
2023-04-06 13:00:00,0.672437,0.672487,0.670908,0.670959,50
2023-04-06 14:00:00,0.670959,0.671040,0.668974,0.669055,50
2023-04-06 15:00:00,0.669055,0.669127,0.667957,0.668030,50
2023-04-06 16:00:00,0.668030,0.668179,0.667804,0.667953,50
2023-04-06 17:00:00,0.667953,0.670354,0.667739,0.670140,50
2023-04-06 18:00:00,0.670140,0.670315,0.669608,0.669783,50
2023-04-06 19:00:00,0.669783,0.669952,0.666639,0.666807,50
2023-04-06 20:00:00,0.666807,0.667044,0.666055,0.666292,50
2023-04-06 21:00:00,0.666292,0.667220,0.666187,0.667115,50
2023-04-06 22:00:00,0.667115,0.672267,0.666676,0.671827,50
2023-04-06 23:00:00,0.671827,0.671935,0.667271,0.667379,50
2023-04-07 00:00:00,0.667379,0.667390,0.667360,0.667371,50
2023-04-07 01:00:00,0.667371,0.667493,0.667267,0.667389,50
2023-04-07 02:00:00,0.667389,0.667443,0.666928,0.666982,50
2023-04-07 03:00:00,0.666982,0.667152,0.666935,0.667106,50
2023-04-07 04:00:00,0.667106,0.667805,0.667009,0.667709,50
2023-04-07 05:00:00,0.667709,0.668172,0.667626,0.668089,50
2023-04-07 06:00:00,0.668089,0.668142,0.667589,0.667642,50
2023-04-07 07:00:00,0.667642,0.667688,0.667307,0.667353,50
2023-04-07 08:00:00,0.667353,0.667418,0.667249,0.667315,50
2023-04-07 09:00:00,0.667315,0.667415,0.666989,0.667089,50
2023-04-07 10:00:00,0.667089,0.667387,0.667004,0.667302,50
2023-04-07 11:00:00,0.667302,0.667313,0.666848,0.666858,50
2023-04-07 12:00:00,0.666858,0.666862,0.666417,0.666420,50
2023-04-07 13:00:00,0.666420,0.666633,0.666378,0.666590,50
2023-04-07 14:00:00,0.666590,0.666688,0.666555,0.666654,50
2023-04-07 15:00:00,0.666654,0.666747,0.666417,0.666510,50
2023-04-07 16:00:00,0.666510,0.666631,0.666437,0.666558,50
2023-04-07 17:00:00,0.666558,0.666574,0.666336,0.666353,50
2023-04-07 18:00:00,0.666353,0.666761,0.666303,0.666711,50
2023-04-07 19:00:00,0.666711,0.666785,0.666641,0.666716,50
2023-04-07 20:00:00,0.666716,0.666773,0.666505,0.666562,50
2023-04-07 21:00:00,0.666562,0.666593,0.666395,0.666426,50
2023-04-07 22:00:00,0.666426,0.666509,0.666006,0.666089,50
2023-04-07 23:00:00,0.666089,0.666834,0.666055,0.666800,50
2023-04-10 00:00:00,0.666800,0.667501,0.666463,0.667163,50
2023-04-10 01:00:00,0.667163,0.667890,0.666930,0.667657,50
2023-04-10 02:00:00,0.667657,0.667848,0.666197,0.666388,50
2023-04-10 03:00:00,0.666388,0.667403,0.666322,0.667337,50
2023-04-10 04:00:00,0.667337,0.667453,0.666568,0.666684,50
2023-04-10 05:00:00,0.666684,0.666832,0.665963,0.666112,50
2023-04-10 06:00:00,0.666112,0.666706,0.666059,0.666654,50
2023-04-10 07:00:00,0.666654,0.666774,0.666311,0.666432,50
2023-04-10 08:00:00,0.666432,0.666998,0.666300,0.666866,50
2023-04-10 09:00:00,0.666866,0.667131,0.665992,0.666257,50
2023-04-10 10:00:00,0.666257,0.666584,0.665089,0.665416,50
2023-04-10 11:00:00,0.665416,0.665419,0.663738,0.663741,50
2023-04-10 12:00:00,0.663741,0.664128,0.663692,0.664079,50
2023-04-10 13:00:00,0.664079,0.664387,0.662864,0.663172,50
2023-04-10 14:00:00,0.663172,0.663229,0.663168,0.663226,50
2023-04-10 15:00:00,0.663226,0.663319,0.662984,0.663077,50
2023-04-10 16:00:00,0.663077,0.663280,0.661608,0.661810,50
2023-04-10 17:00:00,0.661810,0.662611,0.661619,0.662420,50
2023-04-10 18:00:00,0.662420,0.662513,0.662342,0.662434,50
2023-04-10 19:00:00,0.662434,0.662706,0.661387,0.661658,50
2023-04-10 20:00:00,0.661658,0.661999,0.661401,0.661743,50
2023-04-10 21:00:00,0.661743,0.662394,0.661741,0.662392,50
2023-04-10 22:00:00,0.662392,0.662648,0.661818,0.662074,50
2023-04-10 23:00:00,0.662074,0.662651,0.661939,0.662515,50
2023-04-11 00:00:00,0.662515,0.663013,0.662499,0.662996,50
2023-04-11 01:00:00,0.662996,0.663175,0.662877,0.663056,50
2023-04-11 02:00:00,0.663056,0.663682,0.662958,0.663583,50
2023-04-11 03:00:00,0.663583,0.663640,0.661983,0.662039,50
2023-04-11 04:00:00,0.662039,0.662377,0.661853,0.662191,50
2023-04-11 05:00:00,0.662191,0.663502,0.662067,0.663378,50
2023-04-11 06:00:00,0.663378,0.664786,0.663270,0.664678,50
2023-04-11 07:00:00,0.664678,0.664850,0.664155,0.664327,50
2023-04-11 08:00:00,0.664327,0.664503,0.664248,0.664423,50
2023-04-11 09:00:00,0.664423,0.665565,0.664228,0.665369,50
2023-04-11 10:00:00,0.665369,0.665506,0.664622,0.664759,50
2023-04-11 11:00:00,0.664759,0.664836,0.664203,0.664280,50
2023-04-11 12:00:00,0.664280,0.664371,0.663299,0.663390,50
2023-04-11 13:00:00,0.663390,0.663751,0.663197,0.663558,50
2023-04-11 14:00:00,0.663558,0.664399,0.663436,0.664278,50
2023-04-11 15:00:00,0.664278,0.664280,0.663586,0.663588,50
2023-04-11 16:00:00,0.663588,0.663759,0.663022,0.663192,50
2023-04-11 17:00:00,0.663192,0.663275,0.662617,0.662700,50
2023-04-11 18:00:00,0.662700,0.662760,0.662494,0.662554,50
2023-04-11 19:00:00,0.662554,0.663436,0.662457,0.663339,50
2023-04-11 20:00:00,0.663339,0.664829,0.663298,0.664788,50
2023-04-11 21:00:00,0.664788,0.664921,0.663411,0.663545,50
2023-04-11 22:00:00,0.663545,0.664438,0.663421,0.664314,50
2023-04-11 23:00:00,0.664314,0.664986,0.664222,0.664894,50
2023-04-12 00:00:00,0.664894,0.667100,0.664887,0.667093,50
2023-04-12 01:00:00,0.667093,0.667603,0.666794,0.667303,50
2023-04-12 02:00:00,0.667303,0.667492,0.666508,0.666697,50
2023-04-12 03:00:00,0.666697,0.667184,0.666609,0.667096,50
2023-04-12 04:00:00,0.667096,0.667717,0.666821,0.667442,50
2023-04-12 05:00:00,0.667442,0.667694,0.666942,0.667195,50
2023-04-12 06:00:00,0.667195,0.667308,0.665751,0.665864,50
2023-04-12 07:00:00,0.665864,0.666128,0.665293,0.665557,50
2023-04-12 08:00:00,0.665557,0.666160,0.665489,0.666092,50
2023-04-12 09:00:00,0.666092,0.666292,0.665175,0.665375,50
2023-04-12 10:00:00,0.665375,0.665548,0.664490,0.664663,50
2023-04-12 11:00:00,0.664663,0.666096,0.664397,0.665830,50
2023-04-12 12:00:00,0.665830,0.665936,0.665726,0.665832,50
2023-04-12 13:00:00,0.665832,0.666051,0.665702,0.665920,50
2023-04-12 14:00:00,0.665920,0.666173,0.665069,0.665322,50
2023-04-12 15:00:00,0.665322,0.665744,0.665153,0.665575,50
2023-04-12 16:00:00,0.665575,0.665800,0.664878,0.665103,50
2023-04-12 17:00:00,0.665103,0.665313,0.664561,0.664771,50
2023-04-12 18:00:00,0.664771,0.664990,0.663892,0.664111,50
2023-04-12 19:00:00,0.664111,0.665918,0.663818,0.665626,50
2023-04-12 20:00:00,0.665626,0.666340,0.665466,0.666181,50
2023-04-12 21:00:00,0.666181,0.666400,0.665586,0.665805,50
2023-04-12 22:00:00,0.665805,0.667612,0.665682,0.667489,50
2023-04-12 23:00:00,0.667489,0.668817,0.667479,0.668807,50
2023-04-13 00:00:00,0.668807,0.669200,0.667822,0.668215,50
2023-04-13 01:00:00,0.668215,0.668722,0.667398,0.667905,50
2023-04-13 02:00:00,0.667905,0.669818,0.667149,0.669062,50
2023-04-13 03:00:00,0.669062,0.671497,0.668976,0.671411,50
2023-04-13 04:00:00,0.671411,0.671846,0.669439,0.669874,50
2023-04-13 05:00:00,0.669874,0.671134,0.669507,0.670767,50
2023-04-13 06:00:00,0.670767,0.671952,0.670179,0.671363,50
2023-04-13 07:00:00,0.671363,0.671948,0.670899,0.671483,50
2023-04-13 08:00:00,0.671483,0.673647,0.671142,0.673306,50
2023-04-13 09:00:00,0.673306,0.673407,0.672834,0.672935,50
2023-04-13 10:00:00,0.672935,0.674480,0.672527,0.674072,50
2023-04-13 11:00:00,0.674072,0.674835,0.673466,0.674229,50
2023-04-13 12:00:00,0.674229,0.674954,0.672850,0.673576,50
2023-04-13 13:00:00,0.673576,0.674254,0.673227,0.673905,50
2023-04-13 14:00:00,0.673905,0.675008,0.673513,0.674616,50
2023-04-13 15:00:00,0.674616,0.675755,0.674003,0.675142,50
2023-04-13 16:00:00,0.675142,0.675900,0.674799,0.675557,50
2023-04-13 17:00:00,0.675557,0.676382,0.675248,0.676072,50
2023-04-13 18:00:00,0.676072,0.677262,0.675508,0.676698,50
2023-04-13 19:00:00,0.676698,0.677374,0.675303,0.675979,50
2023-04-13 20:00:00,0.675979,0.676568,0.675101,0.675691,50
2023-04-13 21:00:00,0.675691,0.677387,0.674978,0.676674,50
2023-04-13 22:00:00,0.676674,0.678523,0.676542,0.678391,50
2023-04-13 23:00:00,0.678391,0.678797,0.677513,0.677920,50
2023-04-14 00:00:00,0.677920,0.679571,0.677642,0.679292,50
2023-04-14 01:00:00,0.679292,0.679871,0.677725,0.678304,50
2023-04-14 02:00:00,0.678304,0.679435,0.677889,0.679020,50
2023-04-14 03:00:00,0.679020,0.679519,0.676648,0.677147,50
2023-04-14 04:00:00,0.677147,0.677263,0.676855,0.676970,50
2023-04-14 05:00:00,0.676970,0.677075,0.674676,0.674781,50
2023-04-14 06:00:00,0.674781,0.674817,0.672205,0.672241,50
2023-04-14 07:00:00,0.672241,0.672751,0.669704,0.670213,50
2023-04-14 08:00:00,0.670213,0.674289,0.669827,0.673904,50
2023-04-14 09:00:00,0.673904,0.674059,0.673848,0.674003,50
2023-04-14 10:00:00,0.674003,0.675879,0.673701,0.675577,50
2023-04-14 11:00:00,0.675577,0.678231,0.675239,0.677892,50
2023-04-14 12:00:00,0.677892,0.679778,0.677580,0.679465,50
2023-04-14 13:00:00,0.679465,0.679870,0.676084,0.676489,50
2023-04-14 14:00:00,0.676489,0.677136,0.675859,0.676506,50
2023-04-14 15:00:00,0.676506,0.676748,0.674296,0.674538,50
2023-04-14 16:00:00,0.674538,0.674955,0.672609,0.673026,50
2023-04-14 17:00:00,0.673026,0.673618,0.672530,0.673122,50
2023-04-14 18:00:00,0.673122,0.673663,0.671274,0.671815,50
2023-04-14 19:00:00,0.671815,0.672171,0.671538,0.671894,50
2023-04-14 20:00:00,0.671894,0.673938,0.671543,0.673587,50
2023-04-14 21:00:00,0.673587,0.674063,0.672251,0.672727,50
2023-04-14 22:00:00,0.672727,0.673153,0.670018,0.670444,50
2023-04-14 23:00:00,0.670444,0.670941,0.669699,0.670196,50
2023-04-17 00:00:00,0.670196,0.670420,0.670148,0.670371,50
2023-04-17 01:00:00,0.670371,0.670401,0.670177,0.670207,50
2023-04-17 02:00:00,0.670207,0.670258,0.669762,0.669813,50
2023-04-17 03:00:00,0.669813,0.669954,0.669783,0.669924,50
2023-04-17 04:00:00,0.669924,0.669973,0.669558,0.669607,50
2023-04-17 05:00:00,0.669607,0.669753,0.669518,0.669664,50
2023-04-17 06:00:00,0.669664,0.669750,0.669661,0.669747,50
2023-04-17 07:00:00,0.669747,0.669979,0.669642,0.669874,50
2023-04-17 08:00:00,0.669874,0.669953,0.669709,0.669788,50
2023-04-17 09:00:00,0.669788,0.669865,0.669624,0.669701,50
2023-04-17 10:00:00,0.669701,0.669720,0.669524,0.669542,50
2023-04-17 11:00:00,0.669542,0.669619,0.669150,0.669226,50
2023-04-17 12:00:00,0.669226,0.669227,0.668920,0.668921,50
2023-04-17 13:00:00,0.668921,0.669365,0.668853,0.669296,50
2023-04-17 14:00:00,0.669296,0.669341,0.669029,0.669073,50
2023-04-17 15:00:00,0.669073,0.669377,0.668962,0.669267,50
2023-04-17 16:00:00,0.669267,0.669378,0.669256,0.669367,50
2023-04-17 17:00:00,0.669367,0.669426,0.668998,0.669058,50
2023-04-17 18:00:00,0.669058,0.669127,0.668972,0.669041,50
2023-04-17 19:00:00,0.669041,0.669157,0.668923,0.669040,50
2023-04-17 20:00:00,0.669040,0.669094,0.668819,0.668874,50
2023-04-17 21:00:00,0.668874,0.668923,0.668650,0.668699,50
2023-04-17 22:00:00,0.668699,0.668944,0.668636,0.668881,50
2023-04-17 23:00:00,0.668881,0.669305,0.668786,0.669210,50
2023-04-18 00:00:00,0.669210,0.669813,0.669048,0.669651,50
2023-04-18 01:00:00,0.669651,0.669951,0.669567,0.669866,50
2023-04-18 02:00:00,0.669866,0.669952,0.669549,0.669634,50
2023-04-18 03:00:00,0.669634,0.669698,0.669471,0.669535,50
2023-04-18 04:00:00,0.669535,0.670945,0.669421,0.670831,50
2023-04-18 05:00:00,0.670831,0.671135,0.670773,0.671077,50
2023-04-18 06:00:00,0.671077,0.671099,0.670662,0.670684,50
2023-04-18 07:00:00,0.670684,0.671024,0.670600,0.670940,50
2023-04-18 08:00:00,0.670940,0.670953,0.670287,0.670300,50
2023-04-18 09:00:00,0.670300,0.670463,0.669010,0.669173,50
2023-04-18 10:00:00,0.669173,0.669219,0.668624,0.668670,50
2023-04-18 11:00:00,0.668670,0.670003,0.668606,0.669939,50
2023-04-18 12:00:00,0.669939,0.670037,0.669299,0.669396,50
2023-04-18 13:00:00,0.669396,0.670866,0.669233,0.670703,50
2023-04-18 14:00:00,0.670703,0.670892,0.670435,0.670625,50
2023-04-18 15:00:00,0.670625,0.670812,0.670162,0.670349,50
2023-04-18 16:00:00,0.670349,0.670640,0.670292,0.670583,50
2023-04-18 17:00:00,0.670583,0.670768,0.670274,0.670459,50
2023-04-18 18:00:00,0.670459,0.671298,0.670249,0.671088,50
2023-04-18 19:00:00,0.671088,0.671617,0.670959,0.671487,50
2023-04-18 20:00:00,0.671487,0.671815,0.671275,0.671602,50
2023-04-18 21:00:00,0.671602,0.671749,0.671439,0.671585,50
2023-04-18 22:00:00,0.671585,0.672502,0.671530,0.672447,50
2023-04-18 23:00:00,0.672447,0.672498,0.671857,0.671908,50
2023-04-19 00:00:00,0.671908,0.672844,0.671865,0.672802,50
2023-04-19 01:00:00,0.672802,0.672884,0.672591,0.672673,50
2023-04-19 02:00:00,0.672673,0.672775,0.672316,0.672418,50
2023-04-19 03:00:00,0.672418,0.672442,0.672376,0.672399,50
2023-04-19 04:00:00,0.672399,0.672739,0.672331,0.672671,50
2023-04-19 05:00:00,0.672671,0.672721,0.672671,0.672721,50
2023-04-19 06:00:00,0.672721,0.672789,0.672418,0.672486,50
2023-04-19 07:00:00,0.672486,0.672494,0.672201,0.672209,50
2023-04-19 08:00:00,0.672209,0.672278,0.671769,0.671838,50
2023-04-19 09:00:00,0.671838,0.671870,0.671150,0.671182,50
2023-04-19 10:00:00,0.671182,0.671275,0.670924,0.671016,50
2023-04-19 11:00:00,0.671016,0.671062,0.670910,0.670956,50
2023-04-19 12:00:00,0.670956,0.671346,0.670867,0.671257,50
2023-04-19 13:00:00,0.671257,0.671582,0.671188,0.671513,50
2023-04-19 14:00:00,0.671513,0.671554,0.670746,0.670787,50
2023-04-19 15:00:00,0.670787,0.671639,0.670690,0.671542,50
2023-04-19 16:00:00,0.671542,0.671591,0.671387,0.671436,50
2023-04-19 17:00:00,0.671436,0.671453,0.670916,0.670933,50
2023-04-19 18:00:00,0.670933,0.671177,0.670932,0.671177,50
2023-04-19 19:00:00,0.671177,0.671646,0.671122,0.671592,50
2023-04-19 20:00:00,0.671592,0.672420,0.671559,0.672387,50
2023-04-19 21:00:00,0.672387,0.672425,0.671899,0.671937,50
2023-04-19 22:00:00,0.671937,0.672035,0.671651,0.671748,50
2023-04-19 23:00:00,0.671748,0.671841,0.671589,0.671682,50
2023-04-20 00:00:00,0.671682,0.673247,0.671390,0.672955,50
2023-04-20 01:00:00,0.672955,0.673742,0.672823,0.673610,50
2023-04-20 02:00:00,0.673610,0.673891,0.673534,0.673816,50
2023-04-20 03:00:00,0.673816,0.673871,0.672264,0.672319,50
2023-04-20 04:00:00,0.672319,0.672350,0.670907,0.670938,50
2023-04-20 05:00:00,0.670938,0.672256,0.670787,0.672105,50
2023-04-20 06:00:00,0.672105,0.672563,0.672088,0.672547,50
2023-04-20 07:00:00,0.672547,0.673216,0.672353,0.673023,50
2023-04-20 08:00:00,0.673023,0.673125,0.672770,0.672872,50
2023-04-20 09:00:00,0.672872,0.673238,0.672826,0.673192,50
2023-04-20 10:00:00,0.673192,0.673719,0.673042,0.673569,50
2023-04-20 11:00:00,0.673569,0.673881,0.673375,0.673687,50
2023-04-20 12:00:00,0.673687,0.673952,0.673203,0.673467,50
2023-04-20 13:00:00,0.673467,0.674414,0.673436,0.674383,50
2023-04-20 14:00:00,0.674383,0.674540,0.674147,0.674304,50
2023-04-20 15:00:00,0.674304,0.674739,0.674258,0.674694,50
2023-04-20 16:00:00,0.674694,0.675142,0.674409,0.674857,50
2023-04-20 17:00:00,0.674857,0.676195,0.674807,0.676146,50
2023-04-20 18:00:00,0.676146,0.676285,0.675779,0.675918,50
2023-04-20 19:00:00,0.675918,0.676116,0.675465,0.675662,50
2023-04-20 20:00:00,0.675662,0.675895,0.674928,0.675160,50
2023-04-20 21:00:00,0.675160,0.675267,0.674789,0.674896,50
2023-04-20 22:00:00,0.674896,0.675216,0.674617,0.674937,50
2023-04-20 23:00:00,0.674937,0.675516,0.674822,0.675402,50
2023-04-21 00:00:00,0.675402,0.675785,0.672358,0.672741,50
2023-04-21 01:00:00,0.672741,0.673427,0.672224,0.672910,50
2023-04-21 02:00:00,0.672910,0.673293,0.672702,0.673086,50
2023-04-21 03:00:00,0.673086,0.676499,0.672736,0.676149,50
2023-04-21 04:00:00,0.676149,0.676656,0.675860,0.676367,50
2023-04-21 05:00:00,0.676367,0.676947,0.676078,0.676658,50
2023-04-21 06:00:00,0.676658,0.676942,0.676276,0.676560,50
2023-04-21 07:00:00,0.676560,0.677005,0.674550,0.674996,50
2023-04-21 08:00:00,0.674996,0.675482,0.672031,0.672517,50
2023-04-21 09:00:00,0.672517,0.673378,0.672026,0.672886,50
2023-04-21 10:00:00,0.672886,0.675465,0.672818,0.675396,50
2023-04-21 11:00:00,0.675396,0.676310,0.674945,0.675859,50
2023-04-21 12:00:00,0.675859,0.675920,0.673744,0.673805,50
2023-04-21 13:00:00,0.673805,0.673887,0.672132,0.672214,50
2023-04-21 14:00:00,0.672214,0.672959,0.672135,0.672880,50
2023-04-21 15:00:00,0.672880,0.673887,0.672834,0.673841,50
2023-04-21 16:00:00,0.673841,0.675195,0.673609,0.674963,50
2023-04-21 17:00:00,0.674963,0.675017,0.673536,0.673590,50
2023-04-21 18:00:00,0.673590,0.673821,0.671781,0.672011,50
2023-04-21 19:00:00,0.672011,0.672926,0.671542,0.672457,50
2023-04-21 20:00:00,0.672457,0.672674,0.669183,0.669400,50
2023-04-21 21:00:00,0.669400,0.669442,0.668827,0.668869,50
2023-04-21 22:00:00,0.668869,0.669268,0.667464,0.667864,50
2023-04-21 23:00:00,0.667864,0.669396,0.667588,0.669120,50
2023-04-24 00:00:00,0.669120,0.669209,0.668407,0.668496,50
2023-04-24 01:00:00,0.668496,0.668984,0.668495,0.668983,50
2023-04-24 02:00:00,0.668983,0.669307,0.668876,0.669200,50
2023-04-24 03:00:00,0.669200,0.669393,0.669140,0.669333,50
2023-04-24 04:00:00,0.669333,0.669386,0.668772,0.668824,50
2023-04-24 05:00:00,0.668824,0.669253,0.668814,0.669243,50
2023-04-24 06:00:00,0.669243,0.669261,0.668984,0.669002,50
2023-04-24 07:00:00,0.669002,0.669350,0.668994,0.669342,50
2023-04-24 08:00:00,0.669342,0.669507,0.669331,0.669496,50
2023-04-24 09:00:00,0.669496,0.669703,0.669401,0.669608,50
2023-04-24 10:00:00,0.669608,0.669653,0.669440,0.669485,50
2023-04-24 11:00:00,0.669485,0.669578,0.669017,0.669111,50
2023-04-24 12:00:00,0.669111,0.669229,0.668930,0.669049,50
2023-04-24 13:00:00,0.669049,0.669124,0.668645,0.668720,50
2023-04-24 14:00:00,0.668720,0.668745,0.668488,0.668513,50
2023-04-24 15:00:00,0.668513,0.668547,0.668494,0.668527,50
2023-04-24 16:00:00,0.668527,0.668660,0.668411,0.668544,50
2023-04-24 17:00:00,0.668544,0.668702,0.668485,0.668643,50
2023-04-24 18:00:00,0.668643,0.668851,0.668602,0.668810,50
2023-04-24 19:00:00,0.668810,0.669220,0.668695,0.669105,50
2023-04-24 20:00:00,0.669105,0.669126,0.668660,0.668680,50
2023-04-24 21:00:00,0.668680,0.668786,0.668298,0.668404,50
2023-04-24 22:00:00,0.668404,0.668405,0.668047,0.668049,50
2023-04-24 23:00:00,0.668049,0.668145,0.667996,0.668092,50
2023-04-25 00:00:00,0.668092,0.669510,0.667737,0.669155,50
2023-04-25 01:00:00,0.669155,0.669325,0.668586,0.668757,50
2023-04-25 02:00:00,0.668757,0.669183,0.667060,0.667487,50
2023-04-25 03:00:00,0.667487,0.668834,0.667089,0.668436,50
2023-04-25 04:00:00,0.668436,0.669031,0.668349,0.668944,50
2023-04-25 05:00:00,0.668944,0.669298,0.667238,0.667593,50
2023-04-25 06:00:00,0.667593,0.667838,0.665991,0.666235,50
2023-04-25 07:00:00,0.666235,0.666869,0.665966,0.666599,50
2023-04-25 08:00:00,0.666599,0.666957,0.664205,0.664563,50
2023-04-25 09:00:00,0.664563,0.664863,0.663942,0.664243,50
2023-04-25 10:00:00,0.664243,0.664620,0.663944,0.664321,50
2023-04-25 11:00:00,0.664321,0.664715,0.662618,0.663012,50
2023-04-25 12:00:00,0.663012,0.663080,0.662488,0.662556,50
2023-04-25 13:00:00,0.662556,0.662586,0.661685,0.661716,50
2023-04-25 14:00:00,0.661716,0.662750,0.661588,0.662622,50
2023-04-25 15:00:00,0.662622,0.662783,0.661813,0.661973,50
2023-04-25 16:00:00,0.661973,0.662032,0.661750,0.661809,50
2023-04-25 17:00:00,0.661809,0.663226,0.661790,0.663207,50
2023-04-25 18:00:00,0.663207,0.663422,0.662267,0.662483,50
2023-04-25 19:00:00,0.662483,0.664165,0.662099,0.663781,50
2023-04-25 20:00:00,0.663781,0.664787,0.663434,0.664439,50
2023-04-25 21:00:00,0.664439,0.665263,0.664236,0.665059,50
2023-04-25 22:00:00,0.665059,0.665448,0.664466,0.664855,50
2023-04-25 23:00:00,0.664855,0.665118,0.662515,0.662778,50
2023-04-26 00:00:00,0.662778,0.662813,0.662639,0.662674,50
2023-04-26 01:00:00,0.662674,0.662762,0.662605,0.662694,50
2023-04-26 02:00:00,0.662694,0.662804,0.662678,0.662789,50
2023-04-26 03:00:00,0.662789,0.662803,0.661981,0.661995,50
2023-04-26 04:00:00,0.661995,0.662078,0.661619,0.661703,50
2023-04-26 05:00:00,0.661703,0.662181,0.661693,0.662171,50
2023-04-26 06:00:00,0.662171,0.662289,0.661552,0.661670,50
2023-04-26 07:00:00,0.661670,0.661700,0.661164,0.661194,50
2023-04-26 08:00:00,0.661194,0.661989,0.661089,0.661885,50
2023-04-26 09:00:00,0.661885,0.661999,0.661546,0.661661,50
2023-04-26 10:00:00,0.661661,0.662125,0.661653,0.662117,50
2023-04-26 11:00:00,0.662117,0.662164,0.661607,0.661655,50
2023-04-26 12:00:00,0.661655,0.661714,0.661565,0.661624,50
2023-04-26 13:00:00,0.661624,0.662011,0.661596,0.661983,50
2023-04-26 14:00:00,0.661983,0.662533,0.661953,0.662503,50
2023-04-26 15:00:00,0.662503,0.662572,0.662457,0.662525,50
2023-04-26 16:00:00,0.662525,0.662779,0.662469,0.662722,50
2023-04-26 17:00:00,0.662722,0.663057,0.662690,0.663025,50
2023-04-26 18:00:00,0.663025,0.663128,0.662953,0.663056,50
2023-04-26 19:00:00,0.663056,0.663163,0.662991,0.663099,50
2023-04-26 20:00:00,0.663099,0.663209,0.663033,0.663144,50
2023-04-26 21:00:00,0.663144,0.663148,0.662752,0.662757,50
2023-04-26 22:00:00,0.662757,0.662865,0.662102,0.662211,50
2023-04-26 23:00:00,0.662211,0.662258,0.661547,0.661594,50
2023-04-27 00:00:00,0.661594,0.661698,0.660888,0.660992,50
2023-04-27 01:00:00,0.660992,0.661130,0.660882,0.661021,50
2023-04-27 02:00:00,0.661021,0.662025,0.660975,0.661980,50
2023-04-27 03:00:00,0.661980,0.662065,0.661797,0.661882,50
2023-04-27 04:00:00,0.661882,0.661992,0.661753,0.661862,50
2023-04-27 05:00:00,0.661862,0.661972,0.660920,0.661030,50
2023-04-27 06:00:00,0.661030,0.661841,0.660950,0.661762,50
2023-04-27 07:00:00,0.661762,0.661967,0.661683,0.661887,50
2023-04-27 08:00:00,0.661887,0.662238,0.661871,0.662221,50
2023-04-27 09:00:00,0.662221,0.662599,0.662122,0.662499,50
2023-04-27 10:00:00,0.662499,0.662585,0.662082,0.662168,50
2023-04-27 11:00:00,0.662168,0.662250,0.662106,0.662188,50
2023-04-27 12:00:00,0.662188,0.662290,0.661622,0.661724,50
2023-04-27 13:00:00,0.661724,0.661822,0.661490,0.661587,50
2023-04-27 14:00:00,0.661587,0.662055,0.661474,0.661941,50
2023-04-27 15:00:00,0.661941,0.662097,0.661854,0.662010,50
2023-04-27 16:00:00,0.662010,0.662070,0.661179,0.661239,50
2023-04-27 17:00:00,0.661239,0.661308,0.661092,0.661160,50
2023-04-27 18:00:00,0.661160,0.661166,0.661101,0.661106,50
2023-04-27 19:00:00,0.661106,0.661153,0.660712,0.660759,50
2023-04-27 20:00:00,0.660759,0.661391,0.660730,0.661362,50
2023-04-27 21:00:00,0.661362,0.661378,0.660942,0.660959,50
2023-04-27 22:00:00,0.660959,0.660970,0.660821,0.660832,50
2023-04-27 23:00:00,0.660832,0.661515,0.660737,0.661419,50
2023-04-28 00:00:00,0.661419,0.661629,0.661377,0.661586,50
2023-04-28 01:00:00,0.661586,0.661627,0.661165,0.661206,50
2023-04-28 02:00:00,0.661206,0.661233,0.660868,0.660895,50
2023-04-28 03:00:00,0.660895,0.660996,0.660617,0.660717,50
2023-04-28 04:00:00,0.660717,0.660900,0.660602,0.660785,50
2023-04-28 05:00:00,0.660785,0.660811,0.660617,0.660643,50
2023-04-28 06:00:00,0.660643,0.660729,0.660473,0.660558,50
2023-04-28 07:00:00,0.660558,0.661050,0.660473,0.660964,50
2023-04-28 08:00:00,0.660964,0.661300,0.660882,0.661218,50
2023-04-28 09:00:00,0.661218,0.661625,0.661171,0.661579,50
2023-04-28 10:00:00,0.661579,0.661593,0.661183,0.661197,50
2023-04-28 11:00:00,0.661197,0.661737,0.661112,0.661651,50
2023-04-28 12:00:00,0.661651,0.661708,0.661514,0.661571,50
2023-04-28 13:00:00,0.661571,0.662208,0.661520,0.662157,50
2023-04-28 14:00:00,0.662157,0.662483,0.662063,0.662388,50
2023-04-28 15:00:00,0.662388,0.662407,0.662266,0.662285,50
2023-04-28 16:00:00,0.662285,0.662314,0.662253,0.662281,50
2023-04-28 17:00:00,0.662281,0.662396,0.662245,0.662360,50
2023-04-28 18:00:00,0.662360,0.662478,0.662193,0.662311,50
2023-04-28 19:00:00,0.662311,0.662601,0.662253,0.662543,50
2023-04-28 20:00:00,0.662543,0.662606,0.661625,0.661688,50
2023-04-28 21:00:00,0.661688,0.661783,0.661471,0.661566,50
2023-04-28 22:00:00,0.661566,0.661606,0.661388,0.661427,50
2023-04-28 23:00:00,0.661427,0.661692,0.661418,0.661682,50
2023-05-01 00:00:00,0.661682,0.662098,0.661653,0.662069,50
2023-05-01 01:00:00,0.662069,0.662213,0.661720,0.661864,50
2023-05-01 02:00:00,0.661864,0.662019,0.661140,0.661296,50
2023-05-01 03:00:00,0.661296,0.661632,0.661213,0.661549,50
2023-05-01 04:00:00,0.661549,0.661582,0.661338,0.661372,50
2023-05-01 05:00:00,0.661372,0.661507,0.661330,0.661465,50
2023-05-01 06:00:00,0.661465,0.661607,0.661250,0.661392,50
2023-05-01 07:00:00,0.661392,0.661500,0.661197,0.661306,50
2023-05-01 08:00:00,0.661306,0.661999,0.661185,0.661878,50
2023-05-01 09:00:00,0.661878,0.662009,0.661729,0.661860,50
2023-05-01 10:00:00,0.661860,0.662131,0.661818,0.662088,50
2023-05-01 11:00:00,0.662088,0.662270,0.661985,0.662166,50
2023-05-01 12:00:00,0.662166,0.662808,0.662156,0.662797,50
2023-05-01 13:00:00,0.662797,0.662884,0.662580,0.662667,50
2023-05-01 14:00:00,0.662667,0.662755,0.662306,0.662394,50
2023-05-01 15:00:00,0.662394,0.662398,0.662134,0.662138,50
2023-05-01 16:00:00,0.662138,0.662487,0.662052,0.662402,50
2023-05-01 17:00:00,0.662402,0.662507,0.661716,0.661821,50
2023-05-01 18:00:00,0.661821,0.662420,0.661781,0.662380,50
2023-05-01 19:00:00,0.662380,0.662708,0.662325,0.662653,50
2023-05-01 20:00:00,0.662653,0.662772,0.662497,0.662616,50
2023-05-01 21:00:00,0.662616,0.663386,0.662468,0.663238,50
2023-05-01 22:00:00,0.663238,0.663899,0.663214,0.663874,50
2023-05-01 23:00:00,0.663874,0.663876,0.663612,0.663614,50
2023-05-02 00:00:00,0.663614,0.663973,0.663524,0.663883,50
2023-05-02 01:00:00,0.663883,0.664346,0.663880,0.664343,50
2023-05-02 02:00:00,0.664343,0.665195,0.664231,0.665083,50
2023-05-02 03:00:00,0.665083,0.665101,0.665018,0.665037,50
2023-05-02 04:00:00,0.665037,0.665138,0.663835,0.663936,50
2023-05-02 05:00:00,0.663936,0.665621,0.663792,0.665477,50
2023-05-02 06:00:00,0.665477,0.666528,0.665421,0.666472,50
2023-05-02 07:00:00,0.666472,0.666641,0.665579,0.665747,50
2023-05-02 08:00:00,0.665747,0.667918,0.665480,0.667651,50
2023-05-02 09:00:00,0.667651,0.667804,0.667031,0.667184,50
2023-05-02 10:00:00,0.667184,0.667340,0.666481,0.666637,50
2023-05-02 11:00:00,0.666637,0.666836,0.666349,0.666548,50
2023-05-02 12:00:00,0.666548,0.666559,0.665428,0.665439,50
2023-05-02 13:00:00,0.665439,0.666207,0.665216,0.665985,50
2023-05-02 14:00:00,0.665985,0.666245,0.665957,0.666217,50
2023-05-02 15:00:00,0.666217,0.666366,0.666071,0.666220,50
2023-05-02 16:00:00,0.666220,0.667007,0.665992,0.666779,50
2023-05-02 17:00:00,0.666779,0.666780,0.666686,0.666687,50
2023-05-02 18:00:00,0.666687,0.667397,0.666484,0.667194,50
2023-05-02 19:00:00,0.667194,0.667434,0.666562,0.666802,50
2023-05-02 20:00:00,0.666802,0.667417,0.666732,0.667347,50
2023-05-02 21:00:00,0.667347,0.667602,0.665136,0.665392,50
2023-05-02 22:00:00,0.665392,0.667445,0.665125,0.667179,50
2023-05-02 23:00:00,0.667179,0.667217,0.666940,0.666978,50
2023-05-03 00:00:00,0.666978,0.667009,0.666370,0.666401,50
2023-05-03 01:00:00,0.666401,0.666875,0.666350,0.666825,50
2023-05-03 02:00:00,0.666825,0.666841,0.666718,0.666734,50
2023-05-03 03:00:00,0.666734,0.666853,0.666348,0.666467,50
2023-05-03 04:00:00,0.666467,0.666717,0.666419,0.666669,50
2023-05-03 05:00:00,0.666669,0.666732,0.666369,0.666432,50
2023-05-03 06:00:00,0.666432,0.666789,0.666346,0.666703,50
2023-05-03 07:00:00,0.666703,0.667122,0.666640,0.667059,50
2023-05-03 08:00:00,0.667059,0.667130,0.666632,0.666703,50
2023-05-03 09:00:00,0.666703,0.667356,0.666603,0.667256,50
2023-05-03 10:00:00,0.667256,0.668332,0.667170,0.668246,50
2023-05-03 11:00:00,0.668246,0.668353,0.667773,0.667879,50
2023-05-03 12:00:00,0.667879,0.667974,0.667634,0.667728,50
2023-05-03 13:00:00,0.667728,0.667806,0.667197,0.667274,50
2023-05-03 14:00:00,0.667274,0.667765,0.667214,0.667704,50
2023-05-03 15:00:00,0.667704,0.667705,0.667415,0.667416,50
2023-05-03 16:00:00,0.667416,0.667693,0.667335,0.667611,50
2023-05-03 17:00:00,0.667611,0.667892,0.667551,0.667832,50
2023-05-03 18:00:00,0.667832,0.667922,0.667803,0.667893,50
2023-05-03 19:00:00,0.667893,0.667907,0.667822,0.667836,50
2023-05-03 20:00:00,0.667836,0.667911,0.667506,0.667582,50
2023-05-03 21:00:00,0.667582,0.667652,0.667206,0.667276,50
2023-05-03 22:00:00,0.667276,0.667300,0.667275,0.667299,50
2023-05-03 23:00:00,0.667299,0.667575,0.667237,0.667512,50
2023-05-04 00:00:00,0.667512,0.667576,0.666495,0.666560,50
2023-05-04 01:00:00,0.666560,0.666567,0.666548,0.666555,50
2023-05-04 02:00:00,0.666555,0.667154,0.666542,0.667141,50
2023-05-04 03:00:00,0.667141,0.667318,0.667111,0.667287,50
2023-05-04 04:00:00,0.667287,0.667402,0.666782,0.666897,50
2023-05-04 05:00:00,0.666897,0.667170,0.666778,0.667051,50
2023-05-04 06:00:00,0.667051,0.667053,0.667051,0.667053,50
2023-05-04 07:00:00,0.667053,0.667469,0.666999,0.667414,50
2023-05-04 08:00:00,0.667414,0.668101,0.667321,0.668008,50
2023-05-04 09:00:00,0.668008,0.668111,0.668002,0.668105,50
2023-05-04 10:00:00,0.668105,0.668174,0.668020,0.668090,50
2023-05-04 11:00:00,0.668090,0.668363,0.668082,0.668356,50
2023-05-04 12:00:00,0.668356,0.668431,0.668138,0.668213,50
2023-05-04 13:00:00,0.668213,0.668362,0.668142,0.668292,50
2023-05-04 14:00:00,0.668292,0.668380,0.667945,0.668033,50
2023-05-04 15:00:00,0.668033,0.668579,0.667985,0.668530,50
2023-05-04 16:00:00,0.668530,0.668605,0.668484,0.668558,50
2023-05-04 17:00:00,0.668558,0.668629,0.668283,0.668353,50
2023-05-04 18:00:00,0.668353,0.668485,0.668319,0.668451,50
2023-05-04 19:00:00,0.668451,0.668514,0.668069,0.668132,50
2023-05-04 20:00:00,0.668132,0.668231,0.668052,0.668151,50
2023-05-04 21:00:00,0.668151,0.668182,0.668076,0.668108,50
2023-05-04 22:00:00,0.668108,0.668198,0.667791,0.667881,50
2023-05-04 23:00:00,0.667881,0.667989,0.667493,0.667601,50
2023-05-05 00:00:00,0.667601,0.668392,0.667515,0.668305,50
2023-05-05 01:00:00,0.668305,0.668824,0.666936,0.667455,50
2023-05-05 02:00:00,0.667455,0.667849,0.666816,0.667211,50
2023-05-05 03:00:00,0.667211,0.670071,0.666763,0.669624,50
2023-05-05 04:00:00,0.669624,0.673364,0.669269,0.673010,50
2023-05-05 05:00:00,0.673010,0.674696,0.672614,0.674301,50
2023-05-05 06:00:00,0.674301,0.676549,0.673729,0.675977,50
2023-05-05 07:00:00,0.675977,0.676624,0.675495,0.676142,50
2023-05-05 08:00:00,0.676142,0.676427,0.674509,0.674793,50
2023-05-05 09:00:00,0.674793,0.674922,0.670326,0.670455,50
2023-05-05 10:00:00,0.670455,0.670600,0.666033,0.666178,50
2023-05-05 11:00:00,0.666178,0.669838,0.666092,0.669752,50
2023-05-05 12:00:00,0.669752,0.671278,0.669445,0.670972,50
2023-05-05 13:00:00,0.670972,0.671019,0.669951,0.669999,50
2023-05-05 14:00:00,0.669999,0.671851,0.669701,0.671553,50
2023-05-05 15:00:00,0.671553,0.676015,0.671467,0.675929,50
2023-05-05 16:00:00,0.675929,0.676429,0.673446,0.673946,50
2023-05-05 17:00:00,0.673946,0.674171,0.668937,0.669162,50
2023-05-05 18:00:00,0.669162,0.672232,0.668665,0.671735,50
2023-05-05 19:00:00,0.671735,0.673274,0.671216,0.672755,50
2023-05-05 20:00:00,0.672755,0.673267,0.670143,0.670655,50
2023-05-05 21:00:00,0.670655,0.672828,0.670079,0.672251,50
2023-05-05 22:00:00,0.672251,0.672534,0.671103,0.671386,50
2023-05-05 23:00:00,0.671386,0.675125,0.670980,0.674718,50
2023-05-08 00:00:00,0.674718,0.679197,0.674656,0.679135,50
2023-05-08 01:00:00,0.679135,0.679453,0.678769,0.679088,50
2023-05-08 02:00:00,0.679088,0.679622,0.678787,0.679320,50
2023-05-08 03:00:00,0.679320,0.679604,0.677989,0.678273,50
2023-05-08 04:00:00,0.678273,0.678524,0.677991,0.678242,50
2023-05-08 05:00:00,0.678242,0.678451,0.677944,0.678152,50
2023-05-08 06:00:00,0.678152,0.678354,0.677699,0.677901,50
2023-05-08 07:00:00,0.677901,0.680347,0.677661,0.680108,50
2023-05-08 08:00:00,0.680108,0.680273,0.678447,0.678612,50
2023-05-08 09:00:00,0.678612,0.678650,0.675491,0.675529,50
2023-05-08 10:00:00,0.675529,0.675636,0.674484,0.674591,50
2023-05-08 11:00:00,0.674591,0.675293,0.674469,0.675171,50
2023-05-08 12:00:00,0.675171,0.675407,0.673647,0.673882,50
2023-05-08 13:00:00,0.673882,0.676047,0.673564,0.675729,50
2023-05-08 14:00:00,0.675729,0.676269,0.675553,0.676093,50
2023-05-08 15:00:00,0.676093,0.676244,0.675089,0.675240,50
2023-05-08 16:00:00,0.675240,0.675375,0.674946,0.675082,50
2023-05-08 17:00:00,0.675082,0.675300,0.673603,0.673820,50
2023-05-08 18:00:00,0.673820,0.674428,0.673561,0.674168,50
2023-05-08 19:00:00,0.674168,0.676688,0.673970,0.676489,50
2023-05-08 20:00:00,0.676489,0.676590,0.676339,0.676439,50
2023-05-08 21:00:00,0.676439,0.678745,0.676125,0.678432,50
2023-05-08 22:00:00,0.678432,0.678449,0.678320,0.678337,50
2023-05-08 23:00:00,0.678337,0.679329,0.678218,0.679209,50
2023-05-09 00:00:00,0.679209,0.679211,0.678008,0.678010,50
2023-05-09 01:00:00,0.678010,0.678677,0.677862,0.678530,50
2023-05-09 02:00:00,0.678530,0.679596,0.678262,0.679329,50
2023-05-09 03:00:00,0.679329,0.679410,0.679183,0.679264,50
2023-05-09 04:00:00,0.679264,0.680262,0.679009,0.680007,50
2023-05-09 05:00:00,0.680007,0.680303,0.678623,0.678918,50
2023-05-09 06:00:00,0.678918,0.679224,0.678637,0.678942,50
2023-05-09 07:00:00,0.678942,0.679041,0.678529,0.678627,50
2023-05-09 08:00:00,0.678627,0.678717,0.678119,0.678209,50
2023-05-09 09:00:00,0.678209,0.678326,0.677311,0.677428,50
2023-05-09 10:00:00,0.677428,0.677438,0.676835,0.676846,50
2023-05-09 11:00:00,0.676846,0.677485,0.676838,0.677478,50
2023-05-09 12:00:00,0.677478,0.677557,0.676890,0.676969,50
2023-05-09 13:00:00,0.676969,0.677031,0.676779,0.676842,50
2023-05-09 14:00:00,0.676842,0.677089,0.676107,0.676354,50
2023-05-09 15:00:00,0.676354,0.676466,0.675890,0.676002,50
2023-05-09 16:00:00,0.676002,0.676737,0.675984,0.676718,50
2023-05-09 17:00:00,0.676718,0.676820,0.675295,0.675397,50
2023-05-09 18:00:00,0.675397,0.676709,0.675355,0.676667,50
2023-05-09 19:00:00,0.676667,0.676674,0.676528,0.676536,50
2023-05-09 20:00:00,0.676536,0.676737,0.676216,0.676417,50
2023-05-09 21:00:00,0.676417,0.676827,0.676337,0.676746,50
2023-05-09 22:00:00,0.676746,0.676836,0.675562,0.675652,50
2023-05-09 23:00:00,0.675652,0.675716,0.675155,0.675219,50
2023-05-10 00:00:00,0.675219,0.675243,0.675164,0.675188,50
2023-05-10 01:00:00,0.675188,0.675549,0.675110,0.675471,50
2023-05-10 02:00:00,0.675471,0.675574,0.675188,0.675291,50
2023-05-10 03:00:00,0.675291,0.675364,0.675165,0.675238,50
2023-05-10 04:00:00,0.675238,0.675333,0.675129,0.675224,50
2023-05-10 05:00:00,0.675224,0.675307,0.674715,0.674799,50
2023-05-10 06:00:00,0.674799,0.675201,0.674736,0.675139,50
2023-05-10 07:00:00,0.675139,0.675255,0.675013,0.675128,50
2023-05-10 08:00:00,0.675128,0.675223,0.675008,0.675102,50
2023-05-10 09:00:00,0.675102,0.675519,0.675033,0.675449,50
2023-05-10 10:00:00,0.675449,0.675492,0.675341,0.675384,50
2023-05-10 11:00:00,0.675384,0.675517,0.675352,0.675485,50
2023-05-10 12:00:00,0.675485,0.676115,0.675372,0.676002,50
2023-05-10 13:00:00,0.676002,0.676503,0.675914,0.676415,50
2023-05-10 14:00:00,0.676415,0.676541,0.676373,0.676499,50
2023-05-10 15:00:00,0.676499,0.676613,0.676483,0.676597,50
2023-05-10 16:00:00,0.676597,0.676658,0.676079,0.676140,50
2023-05-10 17:00:00,0.676140,0.676668,0.676131,0.676659,50
2023-05-10 18:00:00,0.676659,0.676746,0.676647,0.676733,50
2023-05-10 19:00:00,0.676733,0.676787,0.676397,0.676450,50
2023-05-10 20:00:00,0.676450,0.676557,0.676448,0.676554,50
2023-05-10 21:00:00,0.676554,0.676656,0.676402,0.676503,50
2023-05-10 22:00:00,0.676503,0.676701,0.676484,0.676682,50
2023-05-10 23:00:00,0.676682,0.676797,0.676292,0.676407,50
2023-05-11 00:00:00,0.676407,0.676667,0.669045,0.669305,50
2023-05-11 01:00:00,0.669305,0.670378,0.668873,0.669946,50
2023-05-11 02:00:00,0.669946,0.672828,0.669833,0.672715,50
2023-05-11 03:00:00,0.672715,0.672818,0.671607,0.671710,50
2023-05-11 04:00:00,0.671710,0.672236,0.671477,0.672003,50
2023-05-11 05:00:00,0.672003,0.672482,0.670785,0.671264,50
2023-05-11 06:00:00,0.671264,0.671416,0.669059,0.669211,50
2023-05-11 07:00:00,0.669211,0.670957,0.668773,0.670518,50
2023-05-11 08:00:00,0.670518,0.670751,0.669328,0.669560,50
2023-05-11 09:00:00,0.669560,0.669803,0.669528,0.669770,50
2023-05-11 10:00:00,0.669770,0.669930,0.667825,0.667985,50
2023-05-11 11:00:00,0.667985,0.669289,0.667667,0.668971,50
2023-05-11 12:00:00,0.668971,0.672584,0.668833,0.672445,50
2023-05-11 13:00:00,0.672445,0.672570,0.670605,0.670730,50
2023-05-11 14:00:00,0.670730,0.671251,0.670086,0.670607,50
2023-05-11 15:00:00,0.670607,0.673943,0.670314,0.673650,50
2023-05-11 16:00:00,0.673650,0.673836,0.673352,0.673538,50
2023-05-11 17:00:00,0.673538,0.675657,0.673302,0.675421,50
2023-05-11 18:00:00,0.675421,0.677036,0.675304,0.676919,50
2023-05-11 19:00:00,0.676919,0.678192,0.676538,0.677811,50
2023-05-11 20:00:00,0.677811,0.678033,0.675449,0.675672,50
2023-05-11 21:00:00,0.675672,0.675928,0.673349,0.673605,50
2023-05-11 22:00:00,0.673605,0.673694,0.670922,0.671011,50
2023-05-11 23:00:00,0.671011,0.671273,0.669128,0.669389,50
2023-05-12 00:00:00,0.669389,0.669726,0.668004,0.668342,50
2023-05-12 01:00:00,0.668342,0.670269,0.668017,0.669945,50
2023-05-12 02:00:00,0.669945,0.670320,0.669509,0.669884,50
2023-05-12 03:00:00,0.669884,0.670138,0.669668,0.669922,50
2023-05-12 04:00:00,0.669922,0.669999,0.668786,0.668863,50
2023-05-12 05:00:00,0.668863,0.669029,0.668534,0.668699,50
2023-05-12 06:00:00,0.668699,0.668928,0.667962,0.668192,50
2023-05-12 07:00:00,0.668192,0.670149,0.668019,0.669975,50
2023-05-12 08:00:00,0.669975,0.670180,0.667447,0.667652,50
2023-05-12 09:00:00,0.667652,0.668974,0.667534,0.668857,50
2023-05-12 10:00:00,0.668857,0.670559,0.668585,0.670288,50
2023-05-12 11:00:00,0.670288,0.670418,0.669882,0.670012,50
2023-05-12 12:00:00,0.670012,0.670268,0.668010,0.668266,50
2023-05-12 13:00:00,0.668266,0.668320,0.666725,0.666779,50
2023-05-12 14:00:00,0.666779,0.666890,0.665682,0.665793,50
2023-05-12 15:00:00,0.665793,0.665876,0.665321,0.665404,50
2023-05-12 16:00:00,0.665404,0.667048,0.665319,0.666963,50
2023-05-12 17:00:00,0.666963,0.667183,0.666175,0.666395,50
2023-05-12 18:00:00,0.666395,0.666938,0.666060,0.666604,50
2023-05-12 19:00:00,0.666604,0.666826,0.665174,0.665397,50
2023-05-12 20:00:00,0.665397,0.665595,0.664780,0.664979,50
2023-05-12 21:00:00,0.664979,0.665266,0.663707,0.663995,50
2023-05-12 22:00:00,0.663995,0.664479,0.663845,0.664330,50
2023-05-12 23:00:00,0.664330,0.664980,0.664243,0.664894,50
2023-05-15 00:00:00,0.664894,0.669691,0.664655,0.669453,50
2023-05-15 01:00:00,0.669453,0.670799,0.669363,0.670709,50
2023-05-15 02:00:00,0.670709,0.671135,0.670346,0.670772,50
2023-05-15 03:00:00,0.670772,0.670932,0.670170,0.670331,50
2023-05-15 04:00:00,0.670331,0.670598,0.667703,0.667970,50
2023-05-15 05:00:00,0.667970,0.668156,0.666799,0.666985,50
2023-05-15 06:00:00,0.666985,0.667396,0.666383,0.666794,50
2023-05-15 07:00:00,0.666794,0.667432,0.666430,0.667068,50
2023-05-15 08:00:00,0.667068,0.668478,0.666865,0.668275,50
2023-05-15 09:00:00,0.668275,0.668655,0.667701,0.668080,50
2023-05-15 10:00:00,0.668080,0.668737,0.667940,0.668596,50
2023-05-15 11:00:00,0.668596,0.668868,0.666543,0.666814,50
2023-05-15 12:00:00,0.666814,0.666859,0.663869,0.663914,50
2023-05-15 13:00:00,0.663914,0.665419,0.663844,0.665350,50
2023-05-15 14:00:00,0.665350,0.665843,0.665278,0.665771,50
2023-05-15 15:00:00,0.665771,0.665956,0.665416,0.665600,50
2023-05-15 16:00:00,0.665600,0.668267,0.665452,0.668119,50
2023-05-15 17:00:00,0.668119,0.668798,0.668065,0.668744,50
2023-05-15 18:00:00,0.668744,0.669102,0.668097,0.668456,50
2023-05-15 19:00:00,0.668456,0.668734,0.668283,0.668562,50
2023-05-15 20:00:00,0.668562,0.670406,0.668552,0.670396,50
2023-05-15 21:00:00,0.670396,0.670715,0.669481,0.669800,50
2023-05-15 22:00:00,0.669800,0.670101,0.669624,0.669925,50
2023-05-15 23:00:00,0.669925,0.669955,0.669763,0.669792,50
2023-05-16 00:00:00,0.669792,0.670016,0.669645,0.669869,50
2023-05-16 01:00:00,0.669869,0.669957,0.669455,0.669543,50
2023-05-16 02:00:00,0.669543,0.670557,0.669475,0.670489,50
2023-05-16 03:00:00,0.670489,0.670709,0.669927,0.670147,50
2023-05-16 04:00:00,0.670147,0.670202,0.668852,0.668906,50
2023-05-16 05:00:00,0.668906,0.669564,0.668664,0.669322,50
2023-05-16 06:00:00,0.669322,0.669543,0.668961,0.669182,50
2023-05-16 07:00:00,0.669182,0.669301,0.667393,0.667512,50
2023-05-16 08:00:00,0.667512,0.668189,0.667297,0.667974,50
2023-05-16 09:00:00,0.667974,0.668124,0.667166,0.667316,50
2023-05-16 10:00:00,0.667316,0.668204,0.667247,0.668136,50
2023-05-16 11:00:00,0.668136,0.668257,0.666786,0.666908,50
2023-05-16 12:00:00,0.666908,0.666969,0.666504,0.666566,50
2023-05-16 13:00:00,0.666566,0.666669,0.666541,0.666644,50
2023-05-16 14:00:00,0.666644,0.666689,0.665849,0.665894,50
2023-05-16 15:00:00,0.665894,0.666482,0.665719,0.666307,50
2023-05-16 16:00:00,0.666307,0.666326,0.665596,0.665615,50
2023-05-16 17:00:00,0.665615,0.666901,0.665448,0.666733,50
2023-05-16 18:00:00,0.666733,0.667179,0.666498,0.666943,50
2023-05-16 19:00:00,0.666943,0.667866,0.666670,0.667593,50
2023-05-16 20:00:00,0.667593,0.669162,0.667492,0.669060,50
2023-05-16 21:00:00,0.669060,0.669921,0.668800,0.669661,50
2023-05-16 22:00:00,0.669661,0.670119,0.669597,0.670054,50
2023-05-16 23:00:00,0.670054,0.670311,0.666054,0.666311,50
2023-05-17 00:00:00,0.666311,0.666433,0.666250,0.666373,50
2023-05-17 01:00:00,0.666373,0.666726,0.666254,0.666607,50
2023-05-17 02:00:00,0.666607,0.666805,0.666489,0.666687,50
2023-05-17 03:00:00,0.666687,0.666739,0.666620,0.666672,50
2023-05-17 04:00:00,0.666672,0.666723,0.666276,0.666328,50
2023-05-17 05:00:00,0.666328,0.666438,0.665496,0.665606,50
2023-05-17 06:00:00,0.665606,0.665662,0.665522,0.665577,50
2023-05-17 07:00:00,0.665577,0.665726,0.665562,0.665711,50
2023-05-17 08:00:00,0.665711,0.665773,0.665533,0.665595,50
2023-05-17 09:00:00,0.665595,0.665701,0.665490,0.665596,50
2023-05-17 10:00:00,0.665596,0.665661,0.665522,0.665587,50
2023-05-17 11:00:00,0.665587,0.666162,0.665548,0.666124,50
2023-05-17 12:00:00,0.666124,0.666207,0.665797,0.665880,50
2023-05-17 13:00:00,0.665880,0.665948,0.665435,0.665503,50
2023-05-17 14:00:00,0.665503,0.665532,0.665218,0.665248,50
2023-05-17 15:00:00,0.665248,0.665477,0.665170,0.665399,50
2023-05-17 16:00:00,0.665399,0.665743,0.665317,0.665661,50
2023-05-17 17:00:00,0.665661,0.665790,0.665552,0.665681,50
2023-05-17 18:00:00,0.665681,0.665770,0.665565,0.665655,50
2023-05-17 19:00:00,0.665655,0.665688,0.665556,0.665589,50
2023-05-17 20:00:00,0.665589,0.665934,0.665534,0.665879,50
2023-05-17 21:00:00,0.665879,0.665991,0.665119,0.665231,50
2023-05-17 22:00:00,0.665231,0.665345,0.664806,0.664920,50
2023-05-17 23:00:00,0.664920,0.665147,0.664888,0.665115,50
2023-05-18 00:00:00,0.665115,0.665215,0.664184,0.664284,50
2023-05-18 01:00:00,0.664284,0.664428,0.663698,0.663842,50
2023-05-18 02:00:00,0.663842,0.664001,0.663392,0.663551,50
2023-05-18 03:00:00,0.663551,0.663596,0.663160,0.663205,50
2023-05-18 04:00:00,0.663205,0.663392,0.662439,0.662626,50
2023-05-18 05:00:00,0.662626,0.664390,0.662529,0.664293,50
2023-05-18 06:00:00,0.664293,0.664847,0.664127,0.664681,50
2023-05-18 07:00:00,0.664681,0.664798,0.664283,0.664400,50
2023-05-18 08:00:00,0.664400,0.664480,0.664023,0.664103,50
2023-05-18 09:00:00,0.664103,0.664965,0.664057,0.664919,50
2023-05-18 10:00:00,0.664919,0.664949,0.664023,0.664052,50
2023-05-18 11:00:00,0.664052,0.664252,0.662848,0.663047,50
2023-05-18 12:00:00,0.663047,0.663124,0.662218,0.662295,50
2023-05-18 13:00:00,0.662295,0.662471,0.660978,0.661153,50
2023-05-18 14:00:00,0.661153,0.664823,0.661087,0.664757,50
2023-05-18 15:00:00,0.664757,0.664989,0.663914,0.664147,50
2023-05-18 16:00:00,0.664147,0.665984,0.663938,0.665775,50
2023-05-18 17:00:00,0.665775,0.665787,0.664746,0.664758,50
2023-05-18 18:00:00,0.664758,0.664978,0.663872,0.664092,50
2023-05-18 19:00:00,0.664092,0.664218,0.663091,0.663217,50
2023-05-18 20:00:00,0.663217,0.665752,0.662956,0.665491,50
2023-05-18 21:00:00,0.665491,0.665697,0.662559,0.662765,50
2023-05-18 22:00:00,0.662765,0.662821,0.662396,0.662452,50
2023-05-18 23:00:00,0.662452,0.662699,0.661566,0.661813,50
2023-05-19 00:00:00,0.661813,0.663118,0.661609,0.662913,50
2023-05-19 01:00:00,0.662913,0.662987,0.660884,0.660958,50
2023-05-19 02:00:00,0.660958,0.661389,0.660860,0.661291,50
2023-05-19 03:00:00,0.661291,0.662325,0.661067,0.662101,50
2023-05-19 04:00:00,0.662101,0.662278,0.661316,0.661493,50
2023-05-19 05:00:00,0.661493,0.661770,0.661300,0.661576,50
2023-05-19 06:00:00,0.661576,0.663200,0.661378,0.663002,50
2023-05-19 07:00:00,0.663002,0.664237,0.662695,0.663930,50
2023-05-19 08:00:00,0.663930,0.663940,0.663076,0.663086,50
2023-05-19 09:00:00,0.663086,0.664866,0.662776,0.664556,50
2023-05-19 10:00:00,0.664556,0.665799,0.664324,0.665568,50
2023-05-19 11:00:00,0.665568,0.665914,0.664748,0.665094,50
2023-05-19 12:00:00,0.665094,0.665156,0.665033,0.665095,50
2023-05-19 13:00:00,0.665095,0.665107,0.664747,0.664759,50
2023-05-19 14:00:00,0.664759,0.665125,0.664652,0.665018,50
2023-05-19 15:00:00,0.665018,0.665089,0.664443,0.664515,50
2023-05-19 16:00:00,0.664515,0.665299,0.664314,0.665099,50
2023-05-19 17:00:00,0.665099,0.665203,0.663948,0.664052,50
2023-05-19 18:00:00,0.664052,0.665536,0.664045,0.665529,50
2023-05-19 19:00:00,0.665529,0.665627,0.664934,0.665031,50
2023-05-19 20:00:00,0.665031,0.665370,0.664155,0.664494,50
2023-05-19 21:00:00,0.664494,0.664898,0.664154,0.664558,50
2023-05-19 22:00:00,0.664558,0.666540,0.664318,0.666301,50
2023-05-19 23:00:00,0.666301,0.666406,0.665984,0.666089,50
2023-05-22 00:00:00,0.666089,0.666130,0.665351,0.665391,50
2023-05-22 01:00:00,0.665391,0.666194,0.665287,0.666089,50
2023-05-22 02:00:00,0.666089,0.666114,0.665560,0.665584,50
2023-05-22 03:00:00,0.665584,0.665847,0.665483,0.665745,50
2023-05-22 04:00:00,0.665745,0.665886,0.665321,0.665462,50
2023-05-22 05:00:00,0.665462,0.665556,0.664401,0.664496,50
2023-05-22 06:00:00,0.664496,0.664527,0.664040,0.664071,50
2023-05-22 07:00:00,0.664071,0.664326,0.664057,0.664311,50
2023-05-22 08:00:00,0.664311,0.664894,0.664202,0.664784,50
2023-05-22 09:00:00,0.664784,0.664855,0.664596,0.664667,50
2023-05-22 10:00:00,0.664667,0.665394,0.664594,0.665321,50
2023-05-22 11:00:00,0.665321,0.665377,0.665087,0.665143,50
2023-05-22 12:00:00,0.665143,0.665319,0.665048,0.665224,50
2023-05-22 13:00:00,0.665224,0.665881,0.665117,0.665774,50
2023-05-22 14:00:00,0.665774,0.666264,0.665705,0.666195,50
2023-05-22 15:00:00,0.666195,0.666453,0.666168,0.666426,50
2023-05-22 16:00:00,0.666426,0.666533,0.666105,0.666212,50
2023-05-22 17:00:00,0.666212,0.666349,0.665837,0.665974,50
2023-05-22 18:00:00,0.665974,0.666112,0.665497,0.665635,50
2023-05-22 19:00:00,0.665635,0.665667,0.664929,0.664961,50
2023-05-22 20:00:00,0.664961,0.664977,0.664779,0.664794,50
2023-05-22 21:00:00,0.664794,0.664932,0.664305,0.664443,50
2023-05-22 22:00:00,0.664443,0.664774,0.664325,0.664656,50
2023-05-22 23:00:00,0.664656,0.664745,0.664319,0.664408,50
2023-05-23 00:00:00,0.664408,0.664601,0.664282,0.664475,50
2023-05-23 01:00:00,0.664475,0.664608,0.664394,0.664528,50
2023-05-23 02:00:00,0.664528,0.664679,0.663764,0.663916,50
2023-05-23 03:00:00,0.663916,0.664089,0.662944,0.663116,50
2023-05-23 04:00:00,0.663116,0.663133,0.662942,0.662958,50
2023-05-23 05:00:00,0.662958,0.663485,0.662936,0.663462,50
2023-05-23 06:00:00,0.663462,0.663474,0.663015,0.663027,50
2023-05-23 07:00:00,0.663027,0.663363,0.662994,0.663329,50
2023-05-23 08:00:00,0.663329,0.663409,0.662621,0.662701,50
2023-05-23 09:00:00,0.662701,0.662766,0.662533,0.662598,50
2023-05-23 10:00:00,0.662598,0.663233,0.662562,0.663197,50
2023-05-23 11:00:00,0.663197,0.663808,0.663038,0.663649,50
2023-05-23 12:00:00,0.663649,0.663690,0.663582,0.663623,50
2023-05-23 13:00:00,0.663623,0.663768,0.662444,0.662589,50
2023-05-23 14:00:00,0.662589,0.662677,0.662554,0.662642,50
2023-05-23 15:00:00,0.662642,0.663090,0.662504,0.662952,50
2023-05-23 16:00:00,0.662952,0.663131,0.662866,0.663045,50
2023-05-23 17:00:00,0.663045,0.663193,0.662925,0.663073,50
2023-05-23 18:00:00,0.663073,0.663406,0.662947,0.663280,50
2023-05-23 19:00:00,0.663280,0.663339,0.662626,0.662686,50
2023-05-23 20:00:00,0.662686,0.662954,0.662566,0.662834,50
2023-05-23 21:00:00,0.662834,0.662893,0.662476,0.662535,50
2023-05-23 22:00:00,0.662535,0.662710,0.661593,0.661768,50
2023-05-23 23:00:00,0.661768,0.662250,0.661725,0.662208,50
2023-05-24 00:00:00,0.662208,0.662444,0.656099,0.656335,50
2023-05-24 01:00:00,0.656335,0.656906,0.655723,0.656293,50
2023-05-24 02:00:00,0.656293,0.656495,0.655780,0.655982,50
2023-05-24 03:00:00,0.655982,0.661297,0.655737,0.661053,50
2023-05-24 04:00:00,0.661053,0.664495,0.660385,0.663828,50
2023-05-24 05:00:00,0.663828,0.664109,0.661405,0.661687,50
2023-05-24 06:00:00,0.661687,0.662135,0.657120,0.657568,50
2023-05-24 07:00:00,0.657568,0.657995,0.654350,0.654776,50
2023-05-24 08:00:00,0.654776,0.660187,0.654663,0.660074,50
2023-05-24 09:00:00,0.660074,0.660461,0.658848,0.659236,50
2023-05-24 10:00:00,0.659236,0.660831,0.658841,0.660437,50
2023-05-24 11:00:00,0.660437,0.660877,0.657104,0.657544,50
2023-05-24 12:00:00,0.657544,0.657849,0.655730,0.656035,50
2023-05-24 13:00:00,0.656035,0.659927,0.655606,0.659498,50
2023-05-24 14:00:00,0.659498,0.663336,0.659385,0.663223,50
2023-05-24 15:00:00,0.663223,0.663805,0.659926,0.660508,50
2023-05-24 16:00:00,0.660508,0.663118,0.660389,0.662999,50
2023-05-24 17:00:00,0.662999,0.663396,0.658474,0.658871,50
2023-05-24 18:00:00,0.658871,0.659374,0.655054,0.655558,50
2023-05-24 19:00:00,0.655558,0.657706,0.655184,0.657332,50
2023-05-24 20:00:00,0.657332,0.657992,0.653316,0.653976,50
2023-05-24 21:00:00,0.653976,0.654055,0.652418,0.652497,50
2023-05-24 22:00:00,0.652497,0.652983,0.652002,0.652488,50
2023-05-24 23:00:00,0.652488,0.654423,0.652172,0.654108,50
2023-05-25 00:00:00,0.654108,0.654211,0.653079,0.653182,50
2023-05-25 01:00:00,0.653182,0.655023,0.652965,0.654806,50
2023-05-25 02:00:00,0.654806,0.654837,0.653769,0.653801,50
2023-05-25 03:00:00,0.653801,0.654963,0.653636,0.654799,50
2023-05-25 04:00:00,0.654799,0.654941,0.654585,0.654727,50
2023-05-25 05:00:00,0.654727,0.654764,0.654716,0.654753,50
2023-05-25 06:00:00,0.654753,0.654904,0.653342,0.653493,50
2023-05-25 07:00:00,0.653493,0.654112,0.653269,0.653888,50
2023-05-25 08:00:00,0.653888,0.654130,0.652673,0.652915,50
2023-05-25 09:00:00,0.652915,0.653417,0.652899,0.653401,50
2023-05-25 10:00:00,0.653401,0.653496,0.653101,0.653196,50
2023-05-25 11:00:00,0.653196,0.653359,0.652916,0.653079,50
2023-05-25 12:00:00,0.653079,0.653265,0.652964,0.653150,50
2023-05-25 13:00:00,0.653150,0.653181,0.652309,0.652340,50
2023-05-25 14:00:00,0.652340,0.652492,0.652281,0.652432,50
2023-05-25 15:00:00,0.652432,0.652581,0.652034,0.652183,50
2023-05-25 16:00:00,0.652183,0.652467,0.651192,0.651476,50
2023-05-25 17:00:00,0.651476,0.652275,0.651281,0.652080,50
2023-05-25 18:00:00,0.652080,0.652296,0.651677,0.651893,50
2023-05-25 19:00:00,0.651893,0.652114,0.650856,0.651077,50
2023-05-25 20:00:00,0.651077,0.651317,0.650360,0.650600,50
2023-05-25 21:00:00,0.650600,0.650709,0.650162,0.650270,50
2023-05-25 22:00:00,0.650270,0.650560,0.649630,0.649920,50
2023-05-25 23:00:00,0.649920,0.650688,0.649850,0.650618,50
2023-05-26 00:00:00,0.650618,0.650642,0.650390,0.650414,50
2023-05-26 01:00:00,0.650414,0.650674,0.650354,0.650615,50
2023-05-26 02:00:00,0.650615,0.650689,0.649800,0.649874,50
2023-05-26 03:00:00,0.649874,0.650472,0.649861,0.650459,50
2023-05-26 04:00:00,0.650459,0.650509,0.650354,0.650405,50
2023-05-26 05:00:00,0.650405,0.650842,0.650306,0.650744,50
2023-05-26 06:00:00,0.650744,0.651401,0.650676,0.651333,50
2023-05-26 07:00:00,0.651333,0.651574,0.651226,0.651466,50
2023-05-26 08:00:00,0.651466,0.651734,0.651432,0.651700,50
2023-05-26 09:00:00,0.651700,0.651902,0.651626,0.651828,50
2023-05-26 10:00:00,0.651828,0.651880,0.651469,0.651521,50
2023-05-26 11:00:00,0.651521,0.651527,0.650710,0.650716,50
2023-05-26 12:00:00,0.650716,0.650788,0.650576,0.650649,50
2023-05-26 13:00:00,0.650649,0.650706,0.650564,0.650621,50
2023-05-26 14:00:00,0.650621,0.650830,0.650618,0.650826,50
2023-05-26 15:00:00,0.650826,0.650878,0.650809,0.650861,50
2023-05-26 16:00:00,0.650861,0.650923,0.650763,0.650825,50
2023-05-26 17:00:00,0.650825,0.650930,0.650252,0.650357,50
2023-05-26 18:00:00,0.650357,0.650383,0.650280,0.650306,50
2023-05-26 19:00:00,0.650306,0.650745,0.650268,0.650706,50
2023-05-26 20:00:00,0.650706,0.650763,0.650219,0.650276,50
2023-05-26 21:00:00,0.650276,0.650421,0.650231,0.650376,50
2023-05-26 22:00:00,0.650376,0.650757,0.650276,0.650657,50
2023-05-26 23:00:00,0.650657,0.651138,0.650603,0.651084,50
2023-05-30 00:00:00,0.651084,0.651101,0.650196,0.650213,50
2023-05-30 01:00:00,0.650213,0.650366,0.650109,0.650261,50
2023-05-30 02:00:00,0.650261,0.650372,0.650155,0.650266,50
2023-05-30 03:00:00,0.650266,0.650577,0.650236,0.650548,50
2023-05-30 04:00:00,0.650548,0.650582,0.650543,0.650577,50
2023-05-30 05:00:00,0.650577,0.650759,0.650569,0.650750,50
2023-05-30 06:00:00,0.650750,0.650909,0.650732,0.650891,50
2023-05-30 07:00:00,0.650891,0.650980,0.650723,0.650811,50
2023-05-30 08:00:00,0.650811,0.650843,0.650510,0.650541,50
2023-05-30 09:00:00,0.650541,0.650556,0.650418,0.650432,50
2023-05-30 10:00:00,0.650432,0.650643,0.650336,0.650546,50
2023-05-30 11:00:00,0.650546,0.650619,0.650419,0.650491,50
2023-05-30 12:00:00,0.650491,0.650716,0.650480,0.650705,50
2023-05-30 13:00:00,0.650705,0.650953,0.650697,0.650945,50
2023-05-30 14:00:00,0.650945,0.651266,0.650917,0.651238,50
2023-05-30 15:00:00,0.651238,0.651400,0.651143,0.651305,50
2023-05-30 16:00:00,0.651305,0.651411,0.651200,0.651306,50
2023-05-30 17:00:00,0.651306,0.651387,0.651205,0.651286,50
2023-05-30 18:00:00,0.651286,0.651341,0.650836,0.650891,50
2023-05-30 19:00:00,0.650891,0.650911,0.650672,0.650692,50
2023-05-30 20:00:00,0.650692,0.651148,0.650653,0.651109,50
2023-05-30 21:00:00,0.651109,0.651510,0.651033,0.651434,50
2023-05-30 22:00:00,0.651434,0.652088,0.651332,0.651985,50
2023-05-30 23:00:00,0.651985,0.652076,0.651205,0.651296,50
2023-05-31 00:00:00,0.651296,0.652053,0.650982,0.651739,50
2023-05-31 01:00:00,0.651739,0.652289,0.651547,0.652097,50
2023-05-31 02:00:00,0.652097,0.652297,0.651181,0.651381,50
2023-05-31 03:00:00,0.651381,0.651463,0.651225,0.651307,50
2023-05-31 04:00:00,0.651307,0.651602,0.650845,0.651140,50
2023-05-31 05:00:00,0.651140,0.651433,0.649431,0.649724,50
2023-05-31 06:00:00,0.649724,0.650020,0.648965,0.649260,50
2023-05-31 07:00:00,0.649260,0.649555,0.648670,0.648964,50
2023-05-31 08:00:00,0.648964,0.649080,0.648554,0.648670,50
2023-05-31 09:00:00,0.648670,0.648963,0.648147,0.648440,50
2023-05-31 10:00:00,0.648440,0.649182,0.648255,0.648997,50
2023-05-31 11:00:00,0.648997,0.650630,0.648824,0.650458,50
2023-05-31 12:00:00,0.650458,0.651057,0.650448,0.651048,50
2023-05-31 13:00:00,0.651048,0.651095,0.650524,0.650571,50
2023-05-31 14:00:00,0.650571,0.651155,0.650331,0.650915,50
2023-05-31 15:00:00,0.650915,0.651243,0.649458,0.649786,50
2023-05-31 16:00:00,0.649786,0.650043,0.648825,0.649082,50
2023-05-31 17:00:00,0.649082,0.649337,0.648303,0.648557,50
2023-05-31 18:00:00,0.648557,0.648799,0.647576,0.647818,50
2023-05-31 19:00:00,0.647818,0.647864,0.646443,0.646490,50
2023-05-31 20:00:00,0.646490,0.647449,0.646279,0.647238,50
2023-05-31 21:00:00,0.647238,0.648354,0.647113,0.648230,50
2023-05-31 22:00:00,0.648230,0.648883,0.647917,0.648571,50
2023-05-31 23:00:00,0.648571,0.648807,0.647055,0.647291,50
2023-06-01 00:00:00,0.647291,0.648165,0.647190,0.648064,50
2023-06-01 01:00:00,0.648064,0.655380,0.647298,0.654613,50
2023-06-01 02:00:00,0.654613,0.654686,0.653610,0.653683,50
2023-06-01 03:00:00,0.653683,0.654913,0.652859,0.654090,50
2023-06-01 04:00:00,0.654090,0.657488,0.653968,0.657366,50
2023-06-01 05:00:00,0.657366,0.657883,0.655004,0.655521,50
2023-06-01 06:00:00,0.655521,0.657682,0.654846,0.657007,50
2023-06-01 07:00:00,0.657007,0.657774,0.653520,0.654287,50
2023-06-01 08:00:00,0.654287,0.655407,0.653674,0.654793,50
2023-06-01 09:00:00,0.654793,0.655866,0.654338,0.655410,50
2023-06-01 10:00:00,0.655410,0.655695,0.653021,0.653305,50
2023-06-01 11:00:00,0.653305,0.653788,0.650998,0.651482,50
2023-06-01 12:00:00,0.651482,0.652260,0.649845,0.650624,50
2023-06-01 13:00:00,0.650624,0.650895,0.650092,0.650363,50
2023-06-01 14:00:00,0.650363,0.653326,0.650138,0.653101,50
2023-06-01 15:00:00,0.653101,0.655800,0.652496,0.655195,50
2023-06-01 16:00:00,0.655195,0.656518,0.654425,0.655748,50
2023-06-01 17:00:00,0.655748,0.656311,0.655299,0.655863,50
2023-06-01 18:00:00,0.655863,0.656979,0.655248,0.656364,50
2023-06-01 19:00:00,0.656364,0.657041,0.656227,0.656905,50
2023-06-01 20:00:00,0.656905,0.658011,0.656310,0.657417,50
2023-06-01 21:00:00,0.657417,0.658513,0.657105,0.658201,50
2023-06-01 22:00:00,0.658201,0.660402,0.657555,0.659756,50
2023-06-01 23:00:00,0.659756,0.660152,0.657283,0.657678,50
2023-06-02 00:00:00,0.657678,0.657922,0.656651,0.656895,50
2023-06-02 01:00:00,0.656895,0.657851,0.656827,0.657783,50
2023-06-02 02:00:00,0.657783,0.657925,0.657707,0.657849,50
2023-06-02 03:00:00,0.657849,0.659880,0.657674,0.659704,50
2023-06-02 04:00:00,0.659704,0.659980,0.659288,0.659564,50
2023-06-02 05:00:00,0.659564,0.659759,0.659231,0.659426,50
2023-06-02 06:00:00,0.659426,0.659452,0.659195,0.659221,50
2023-06-02 07:00:00,0.659221,0.659276,0.658243,0.658299,50
2023-06-02 08:00:00,0.658299,0.659884,0.658121,0.659706,50
2023-06-02 09:00:00,0.659706,0.660221,0.659506,0.660020,50
2023-06-02 10:00:00,0.660020,0.660235,0.659996,0.660210,50
2023-06-02 11:00:00,0.660210,0.661298,0.660095,0.661183,50
2023-06-02 12:00:00,0.661183,0.661204,0.660778,0.660799,50
2023-06-02 13:00:00,0.660799,0.662433,0.660544,0.662178,50
2023-06-02 14:00:00,0.662178,0.662400,0.661864,0.662086,50
2023-06-02 15:00:00,0.662086,0.662610,0.661767,0.662291,50
2023-06-02 16:00:00,0.662291,0.662385,0.661608,0.661701,50
2023-06-02 17:00:00,0.661701,0.661848,0.661237,0.661385,50
2023-06-02 18:00:00,0.661385,0.661387,0.660005,0.660007,50
2023-06-02 19:00:00,0.660007,0.660226,0.659811,0.660030,50
2023-06-02 20:00:00,0.660030,0.661329,0.659962,0.661261,50
2023-06-02 21:00:00,0.661261,0.662285,0.661030,0.662054,50
2023-06-02 22:00:00,0.662054,0.662268,0.661212,0.661425,50
2023-06-02 23:00:00,0.661425,0.661755,0.661264,0.661594,50
2023-06-05 00:00:00,0.661594,0.661873,0.661484,0.661763,50
2023-06-05 01:00:00,0.661763,0.661784,0.661568,0.661590,50
2023-06-05 02:00:00,0.661590,0.661678,0.661337,0.661425,50
2023-06-05 03:00:00,0.661425,0.661506,0.661024,0.661105,50
2023-06-05 04:00:00,0.661105,0.661194,0.661095,0.661184,50
2023-06-05 05:00:00,0.661184,0.661522,0.661167,0.661504,50
2023-06-05 06:00:00,0.661504,0.662040,0.661455,0.661990,50
2023-06-05 07:00:00,0.661990,0.662149,0.661953,0.662112,50
2023-06-05 08:00:00,0.662112,0.662211,0.662030,0.662129,50
2023-06-05 09:00:00,0.662129,0.662434,0.662128,0.662434,50
2023-06-05 10:00:00,0.662434,0.662529,0.662364,0.662460,50
2023-06-05 11:00:00,0.662460,0.662504,0.662282,0.662326,50
2023-06-05 12:00:00,0.662326,0.662440,0.662131,0.662245,50
2023-06-05 13:00:00,0.662245,0.662309,0.662155,0.662220,50
2023-06-05 14:00:00,0.662220,0.662594,0.662128,0.662502,50
2023-06-05 15:00:00,0.662502,0.662598,0.662251,0.662346,50
2023-06-05 16:00:00,0.662346,0.662909,0.662276,0.662839,50
2023-06-05 17:00:00,0.662839,0.662864,0.662668,0.662693,50
2023-06-05 18:00:00,0.662693,0.662699,0.662455,0.662461,50
2023-06-05 19:00:00,0.662461,0.663166,0.662387,0.663092,50
2023-06-05 20:00:00,0.663092,0.663158,0.662646,0.662712,50
2023-06-05 21:00:00,0.662712,0.662887,0.662689,0.662865,50
2023-06-05 22:00:00,0.662865,0.662928,0.662427,0.662490,50
2023-06-05 23:00:00,0.662490,0.662674,0.662419,0.662603,50
2023-06-06 00:00:00,0.662603,0.664209,0.662441,0.664047,50
2023-06-06 01:00:00,0.664047,0.664285,0.663963,0.664201,50
2023-06-06 02:00:00,0.664201,0.664341,0.663769,0.663909,50
2023-06-06 03:00:00,0.663909,0.664189,0.661368,0.661648,50
2023-06-06 04:00:00,0.661648,0.662654,0.661434,0.662440,50
2023-06-06 05:00:00,0.662440,0.663529,0.662273,0.663362,50
2023-06-06 06:00:00,0.663362,0.663539,0.663139,0.663316,50
2023-06-06 07:00:00,0.663316,0.665297,0.662989,0.664971,50
2023-06-06 08:00:00,0.664971,0.665037,0.663979,0.664046,50
2023-06-06 09:00:00,0.664046,0.665013,0.663893,0.664860,50
2023-06-06 10:00:00,0.664860,0.665172,0.662950,0.663261,50
2023-06-06 11:00:00,0.663261,0.663527,0.662486,0.662752,50
2023-06-06 12:00:00,0.662752,0.664240,0.662735,0.664223,50
2023-06-06 13:00:00,0.664223,0.664329,0.663915,0.664022,50
2023-06-06 14:00:00,0.664022,0.664397,0.662570,0.662946,50
2023-06-06 15:00:00,0.662946,0.663186,0.662160,0.662401,50
2023-06-06 16:00:00,0.662401,0.662489,0.661754,0.661842,50
2023-06-06 17:00:00,0.661842,0.664250,0.661606,0.664014,50
2023-06-06 18:00:00,0.664014,0.664350,0.662775,0.663112,50
2023-06-06 19:00:00,0.663112,0.665117,0.662729,0.664734,50
2023-06-06 20:00:00,0.664734,0.668137,0.664416,0.667820,50
2023-06-06 21:00:00,0.667820,0.668679,0.667475,0.668334,50
2023-06-06 22:00:00,0.668334,0.668538,0.666136,0.666341,50
2023-06-06 23:00:00,0.666341,0.667584,0.666136,0.667379,50
2023-06-07 00:00:00,0.667379,0.667467,0.666798,0.666886,50
2023-06-07 01:00:00,0.666886,0.666946,0.666572,0.666632,50
2023-06-07 02:00:00,0.666632,0.666747,0.666451,0.666565,50
2023-06-07 03:00:00,0.666565,0.666640,0.666262,0.666336,50
2023-06-07 04:00:00,0.666336,0.666878,0.666283,0.666824,50
2023-06-07 05:00:00,0.666824,0.666854,0.666792,0.666822,50
2023-06-07 06:00:00,0.666822,0.666889,0.666459,0.666526,50
2023-06-07 07:00:00,0.666526,0.666654,0.666414,0.666542,50
2023-06-07 08:00:00,0.666542,0.666809,0.666494,0.666760,50
2023-06-07 09:00:00,0.666760,0.666850,0.666615,0.666704,50
2023-06-07 10:00:00,0.666704,0.667007,0.666674,0.666977,50
2023-06-07 11:00:00,0.666977,0.667009,0.666799,0.666831,50
2023-06-07 12:00:00,0.666831,0.666853,0.666700,0.666723,50
2023-06-07 13:00:00,0.666723,0.666890,0.666625,0.666792,50
2023-06-07 14:00:00,0.666792,0.667331,0.666709,0.667248,50
2023-06-07 15:00:00,0.667248,0.667528,0.667206,0.667486,50
2023-06-07 16:00:00,0.667486,0.667588,0.667348,0.667450,50
2023-06-07 17:00:00,0.667450,0.667814,0.667369,0.667733,50
2023-06-07 18:00:00,0.667733,0.667808,0.667420,0.667494,50
2023-06-07 19:00:00,0.667494,0.667498,0.667177,0.667180,50
2023-06-07 20:00:00,0.667180,0.667275,0.666367,0.666462,50
2023-06-07 21:00:00,0.666462,0.666609,0.666347,0.666494,50
2023-06-07 22:00:00,0.666494,0.666498,0.665731,0.665735,50
2023-06-07 23:00:00,0.665735,0.666116,0.665708,0.666089,50
2023-06-08 00:00:00,0.666089,0.667636,0.666064,0.667611,50
2023-06-08 01:00:00,0.667611,0.667852,0.667064,0.667306,50
2023-06-08 02:00:00,0.667306,0.667493,0.666044,0.666232,50
2023-06-08 03:00:00,0.666232,0.666356,0.665480,0.665605,50
2023-06-08 04:00:00,0.665605,0.666667,0.665238,0.666301,50
2023-06-08 05:00:00,0.666301,0.666396,0.665681,0.665776,50
2023-06-08 06:00:00,0.665776,0.665999,0.664946,0.665169,50
2023-06-08 07:00:00,0.665169,0.665986,0.665161,0.665978,50
2023-06-08 08:00:00,0.665978,0.666754,0.665634,0.666411,50
2023-06-08 09:00:00,0.666411,0.667116,0.666212,0.666918,50
2023-06-08 10:00:00,0.666918,0.667609,0.666604,0.667295,50
2023-06-08 11:00:00,0.667295,0.667757,0.666976,0.667438,50
2023-06-08 12:00:00,0.667438,0.669354,0.667158,0.669073,50
2023-06-08 13:00:00,0.669073,0.671333,0.669045,0.671305,50
2023-06-08 14:00:00,0.671305,0.671368,0.671045,0.671108,50
2023-06-08 15:00:00,0.671108,0.671155,0.669174,0.669220,50
2023-06-08 16:00:00,0.669220,0.670514,0.669131,0.670425,50
2023-06-08 17:00:00,0.670425,0.671412,0.670040,0.671028,50
2023-06-08 18:00:00,0.671028,0.671340,0.670034,0.670347,50
2023-06-08 19:00:00,0.670347,0.670731,0.669394,0.669778,50
2023-06-08 20:00:00,0.669778,0.670655,0.669627,0.670503,50
2023-06-08 21:00:00,0.670503,0.671877,0.670237,0.671611,50
2023-06-08 22:00:00,0.671611,0.671823,0.671069,0.671281,50
2023-06-08 23:00:00,0.671281,0.671666,0.670306,0.670691,50
2023-06-09 00:00:00,0.670691,0.670944,0.670443,0.670696,50
2023-06-09 01:00:00,0.670696,0.671303,0.670544,0.671151,50
2023-06-09 02:00:00,0.671151,0.672358,0.670941,0.672148,50
2023-06-09 03:00:00,0.672148,0.672425,0.671503,0.671779,50
2023-06-09 04:00:00,0.671779,0.671902,0.671274,0.671397,50
2023-06-09 05:00:00,0.671397,0.671431,0.671067,0.671100,50
2023-06-09 06:00:00,0.671100,0.671351,0.670777,0.671027,50
2023-06-09 07:00:00,0.671027,0.671147,0.670951,0.671071,50
2023-06-09 08:00:00,0.671071,0.671530,0.671015,0.671475,50
2023-06-09 09:00:00,0.671475,0.671726,0.670757,0.671009,50
2023-06-09 10:00:00,0.671009,0.671488,0.670997,0.671477,50
2023-06-09 11:00:00,0.671477,0.671664,0.670603,0.670790,50
2023-06-09 12:00:00,0.670790,0.671655,0.670726,0.671592,50
2023-06-09 13:00:00,0.671592,0.672275,0.671576,0.672259,50
2023-06-09 14:00:00,0.672259,0.673905,0.672022,0.673669,50
2023-06-09 15:00:00,0.673669,0.673709,0.673116,0.673156,50
2023-06-09 16:00:00,0.673156,0.673524,0.673049,0.673418,50
2023-06-09 17:00:00,0.673418,0.673434,0.673013,0.673029,50
2023-06-09 18:00:00,0.673029,0.673844,0.672991,0.673806,50
2023-06-09 19:00:00,0.673806,0.674479,0.673614,0.674287,50
2023-06-09 20:00:00,0.674287,0.674595,0.674088,0.674396,50
2023-06-09 21:00:00,0.674396,0.674491,0.673530,0.673625,50
2023-06-09 22:00:00,0.673625,0.674699,0.673401,0.674475,50
2023-06-09 23:00:00,0.674475,0.674645,0.673821,0.673991,50
2023-06-12 00:00:00,0.673991,0.674500,0.673917,0.674427,50
2023-06-12 01:00:00,0.674427,0.674575,0.674395,0.674543,50
2023-06-12 02:00:00,0.674543,0.674692,0.674524,0.674674,50
2023-06-12 03:00:00,0.674674,0.674708,0.674534,0.674567,50
2023-06-12 04:00:00,0.674567,0.674696,0.674466,0.674594,50
2023-06-12 05:00:00,0.674594,0.674974,0.674481,0.674861,50
2023-06-12 06:00:00,0.674861,0.675389,0.674838,0.675367,50
2023-06-12 07:00:00,0.675367,0.675477,0.674855,0.674965,50
2023-06-12 08:00:00,0.674965,0.675039,0.674693,0.674767,50
2023-06-12 09:00:00,0.674767,0.675247,0.674741,0.675222,50
2023-06-12 10:00:00,0.675222,0.675334,0.675176,0.675288,50
2023-06-12 11:00:00,0.675288,0.675306,0.674990,0.675008,50
2023-06-12 12:00:00,0.675008,0.675056,0.674608,0.674656,50
2023-06-12 13:00:00,0.674656,0.674671,0.673960,0.673975,50
2023-06-12 14:00:00,0.673975,0.674596,0.673907,0.674529,50
2023-06-12 15:00:00,0.674529,0.675210,0.674419,0.675100,50
2023-06-12 16:00:00,0.675100,0.675242,0.675095,0.675237,50
2023-06-12 17:00:00,0.675237,0.675259,0.675185,0.675207,50
2023-06-12 18:00:00,0.675207,0.675233,0.674704,0.674730,50
2023-06-12 19:00:00,0.674730,0.674978,0.674707,0.674955,50
2023-06-12 20:00:00,0.674955,0.674991,0.674783,0.674819,50
2023-06-12 21:00:00,0.674819,0.674875,0.674615,0.674671,50
2023-06-12 22:00:00,0.674671,0.674737,0.674135,0.674201,50
2023-06-12 23:00:00,0.674201,0.674787,0.674132,0.674718,50
2023-06-13 00:00:00,0.674718,0.674775,0.674333,0.674390,50
2023-06-13 01:00:00,0.674390,0.675084,0.674211,0.674905,50
2023-06-13 02:00:00,0.674905,0.675133,0.674341,0.674569,50
2023-06-13 03:00:00,0.674569,0.674961,0.674340,0.674732,50
2023-06-13 04:00:00,0.674732,0.675421,0.674720,0.675409,50
2023-06-13 05:00:00,0.675409,0.675795,0.675175,0.675561,50
2023-06-13 06:00:00,0.675561,0.675951,0.675496,0.675886,50
2023-06-13 07:00:00,0.675886,0.676101,0.675547,0.675762,50
2023-06-13 08:00:00,0.675762,0.676230,0.675604,0.676072,50
2023-06-13 09:00:00,0.676072,0.676111,0.675098,0.675137,50
2023-06-13 10:00:00,0.675137,0.675331,0.674898,0.675092,50
2023-06-13 11:00:00,0.675092,0.675262,0.674429,0.674599,50
2023-06-13 12:00:00,0.674599,0.675382,0.674451,0.675233,50
2023-06-13 13:00:00,0.675233,0.675911,0.674994,0.675671,50
2023-06-13 14:00:00,0.675671,0.675877,0.675447,0.675653,50
2023-06-13 15:00:00,0.675653,0.675694,0.675627,0.675669,50
2023-06-13 16:00:00,0.675669,0.676076,0.675549,0.675956,50
2023-06-13 17:00:00,0.675956,0.676492,0.675897,0.676433,50
2023-06-13 18:00:00,0.676433,0.676687,0.676296,0.676549,50
2023-06-13 19:00:00,0.676549,0.677111,0.676548,0.677110,50
2023-06-13 20:00:00,0.677110,0.677574,0.676894,0.677358,50
2023-06-13 21:00:00,0.677358,0.677824,0.677282,0.677748,50
2023-06-13 22:00:00,0.677748,0.677974,0.677442,0.677669,50
2023-06-13 23:00:00,0.677669,0.677832,0.677436,0.677599,50
2023-06-14 00:00:00,0.677599,0.682354,0.677149,0.681904,50
2023-06-14 01:00:00,0.681904,0.682488,0.681860,0.682445,50
2023-06-14 02:00:00,0.682445,0.682744,0.679204,0.679503,50
2023-06-14 03:00:00,0.679503,0.681177,0.679334,0.681008,50
2023-06-14 04:00:00,0.681008,0.681546,0.680709,0.681246,50
2023-06-14 05:00:00,0.681246,0.681654,0.678830,0.679237,50
2023-06-14 06:00:00,0.679237,0.679977,0.679083,0.679823,50
2023-06-14 07:00:00,0.679823,0.679995,0.678244,0.678416,50
2023-06-14 08:00:00,0.678416,0.680179,0.678206,0.679969,50
2023-06-14 09:00:00,0.679969,0.680353,0.678812,0.679196,50
2023-06-14 10:00:00,0.679196,0.679499,0.676176,0.676478,50
2023-06-14 11:00:00,0.676478,0.676665,0.676396,0.676583,50
2023-06-14 12:00:00,0.676583,0.678542,0.676464,0.678423,50
2023-06-14 13:00:00,0.678423,0.679260,0.678279,0.679117,50
2023-06-14 14:00:00,0.679117,0.680220,0.678908,0.680012,50
2023-06-14 15:00:00,0.680012,0.681052,0.679560,0.680600,50
2023-06-14 16:00:00,0.680600,0.680970,0.680330,0.680700,50
2023-06-14 17:00:00,0.680700,0.681001,0.679984,0.680286,50
2023-06-14 18:00:00,0.680286,0.680324,0.679222,0.679260,50
2023-06-14 19:00:00,0.679260,0.679556,0.678826,0.679123,50
2023-06-14 20:00:00,0.679123,0.681886,0.678750,0.681513,50
2023-06-14 21:00:00,0.681513,0.683109,0.681190,0.682786,50
2023-06-14 22:00:00,0.682786,0.684495,0.682581,0.684291,50
2023-06-14 23:00:00,0.684291,0.684726,0.682765,0.683200,50
2023-06-15 00:00:00,0.683200,0.686455,0.683149,0.686404,50
2023-06-15 01:00:00,0.686404,0.686538,0.685202,0.685335,50
2023-06-15 02:00:00,0.685335,0.685588,0.684627,0.684880,50
2023-06-15 03:00:00,0.684880,0.685315,0.684874,0.685310,50
2023-06-15 04:00:00,0.685310,0.686098,0.685172,0.685960,50
2023-06-15 05:00:00,0.685960,0.687703,0.685867,0.687611,50
2023-06-15 06:00:00,0.687611,0.687660,0.686069,0.686118,50
2023-06-15 07:00:00,0.686118,0.686251,0.685868,0.686001,50
2023-06-15 08:00:00,0.686001,0.686137,0.684420,0.684555,50
2023-06-15 09:00:00,0.684555,0.684731,0.683200,0.683375,50
2023-06-15 10:00:00,0.683375,0.683556,0.682985,0.683165,50
2023-06-15 11:00:00,0.683165,0.683383,0.682571,0.682789,50
2023-06-15 12:00:00,0.682789,0.683749,0.682507,0.683467,50
2023-06-15 13:00:00,0.683467,0.683549,0.682771,0.682853,50
2023-06-15 14:00:00,0.682853,0.682996,0.682278,0.682421,50
2023-06-15 15:00:00,0.682421,0.683213,0.682272,0.683065,50
2023-06-15 16:00:00,0.683065,0.683894,0.683037,0.683866,50
2023-06-15 17:00:00,0.683866,0.684184,0.683257,0.683575,50
2023-06-15 18:00:00,0.683575,0.686643,0.683457,0.686526,50
2023-06-15 19:00:00,0.686526,0.686738,0.685807,0.686019,50
2023-06-15 20:00:00,0.686019,0.686057,0.685975,0.686014,50
2023-06-15 21:00:00,0.686014,0.686270,0.685970,0.686226,50
2023-06-15 22:00:00,0.686226,0.686823,0.685965,0.686562,50
2023-06-15 23:00:00,0.686562,0.687417,0.686241,0.687096,50
2023-06-16 00:00:00,0.687096,0.687402,0.687050,0.687356,50
2023-06-16 01:00:00,0.687356,0.687910,0.687265,0.687819,50
2023-06-16 02:00:00,0.687819,0.687871,0.687608,0.687660,50
2023-06-16 03:00:00,0.687660,0.687685,0.687577,0.687602,50
2023-06-16 04:00:00,0.687602,0.687753,0.687527,0.687678,50
2023-06-16 05:00:00,0.687678,0.687723,0.687337,0.687383,50
2023-06-16 06:00:00,0.687383,0.687409,0.687359,0.687385,50
2023-06-16 07:00:00,0.687385,0.687400,0.687107,0.687123,50
2023-06-16 08:00:00,0.687123,0.687226,0.686451,0.686554,50
2023-06-16 09:00:00,0.686554,0.686560,0.686298,0.686304,50
2023-06-16 10:00:00,0.686304,0.686424,0.686046,0.686166,50
2023-06-16 11:00:00,0.686166,0.686257,0.685971,0.686062,50
2023-06-16 12:00:00,0.686062,0.686153,0.685895,0.685986,50
2023-06-16 13:00:00,0.685986,0.686089,0.685657,0.685760,50
2023-06-16 14:00:00,0.685760,0.686166,0.685722,0.686128,50
2023-06-16 15:00:00,0.686128,0.686626,0.686082,0.686579,50
2023-06-16 16:00:00,0.686579,0.686721,0.686512,0.686654,50
2023-06-16 17:00:00,0.686654,0.687020,0.686558,0.686924,50
2023-06-16 18:00:00,0.686924,0.687585,0.686911,0.687573,50
2023-06-16 19:00:00,0.687573,0.687825,0.687513,0.687765,50
2023-06-16 20:00:00,0.687765,0.687779,0.687460,0.687473,50
2023-06-16 21:00:00,0.687473,0.687564,0.687238,0.687328,50
2023-06-16 22:00:00,0.687328,0.687351,0.686915,0.686938,50
2023-06-16 23:00:00,0.686938,0.687051,0.686370,0.686483,50
2023-06-20 00:00:00,0.686483,0.686849,0.681583,0.681949,50
2023-06-20 01:00:00,0.681949,0.686496,0.681515,0.686062,50
2023-06-20 02:00:00,0.686062,0.687962,0.685604,0.687504,50
2023-06-20 03:00:00,0.687504,0.688662,0.687222,0.688379,50
2023-06-20 04:00:00,0.688379,0.688409,0.688275,0.688305,50
2023-06-20 05:00:00,0.688305,0.688728,0.686358,0.686780,50
2023-06-20 06:00:00,0.686780,0.686792,0.684278,0.684289,50
2023-06-20 07:00:00,0.684289,0.684605,0.681600,0.681915,50
2023-06-20 08:00:00,0.681915,0.681968,0.677719,0.677772,50
2023-06-20 09:00:00,0.677772,0.678045,0.677108,0.677381,50
2023-06-20 10:00:00,0.677381,0.678905,0.676604,0.678127,50
2023-06-20 11:00:00,0.678127,0.678193,0.675960,0.676025,50
2023-06-20 12:00:00,0.676025,0.679051,0.675466,0.678492,50
2023-06-20 13:00:00,0.678492,0.678914,0.678345,0.678767,50
2023-06-20 14:00:00,0.678767,0.679017,0.674994,0.675244,50
2023-06-20 15:00:00,0.675244,0.675676,0.674675,0.675106,50
2023-06-20 16:00:00,0.675106,0.676361,0.674992,0.676247,50
2023-06-20 17:00:00,0.676247,0.676513,0.675687,0.675953,50
2023-06-20 18:00:00,0.675953,0.677423,0.675636,0.677107,50
2023-06-20 19:00:00,0.677107,0.677239,0.676710,0.676841,50
2023-06-20 20:00:00,0.676841,0.677564,0.676058,0.676781,50
2023-06-20 21:00:00,0.676781,0.677013,0.676434,0.676665,50
2023-06-20 22:00:00,0.676665,0.677369,0.676264,0.676968,50
2023-06-20 23:00:00,0.676968,0.677468,0.676502,0.677002,50
2023-06-21 00:00:00,0.677002,0.677917,0.676931,0.677846,50
2023-06-21 01:00:00,0.677846,0.677949,0.677317,0.677421,50
2023-06-21 02:00:00,0.677421,0.677684,0.677325,0.677589,50
2023-06-21 03:00:00,0.677589,0.677676,0.677484,0.677571,50
2023-06-21 04:00:00,0.677571,0.677629,0.676879,0.676937,50
2023-06-21 05:00:00,0.676937,0.677016,0.676457,0.676536,50
2023-06-21 06:00:00,0.676536,0.676784,0.676472,0.676720,50
2023-06-21 07:00:00,0.676720,0.676832,0.676513,0.676624,50
2023-06-21 08:00:00,0.676624,0.676974,0.676571,0.676921,50
2023-06-21 09:00:00,0.676921,0.676990,0.676844,0.676913,50
2023-06-21 10:00:00,0.676913,0.677049,0.676861,0.676997,50
2023-06-21 11:00:00,0.676997,0.677179,0.676978,0.677160,50
2023-06-21 12:00:00,0.677160,0.677775,0.677133,0.677748,50
2023-06-21 13:00:00,0.677748,0.677808,0.677358,0.677418,50
2023-06-21 14:00:00,0.677418,0.678097,0.677373,0.678052,50
2023-06-21 15:00:00,0.678052,0.678060,0.677958,0.677965,50
2023-06-21 16:00:00,0.677965,0.678071,0.677902,0.678008,50
2023-06-21 17:00:00,0.678008,0.678129,0.677420,0.677541,50
2023-06-21 18:00:00,0.677541,0.677695,0.677443,0.677597,50
2023-06-21 19:00:00,0.677597,0.677783,0.677560,0.677746,50
2023-06-21 20:00:00,0.677746,0.678212,0.677681,0.678147,50
2023-06-21 21:00:00,0.678147,0.678361,0.678096,0.678310,50
2023-06-21 22:00:00,0.678310,0.678633,0.678248,0.678570,50
2023-06-21 23:00:00,0.678570,0.678620,0.678054,0.678104,50
2023-06-22 00:00:00,0.678104,0.678333,0.677147,0.677376,50
2023-06-22 01:00:00,0.677376,0.677949,0.677276,0.677849,50
2023-06-22 02:00:00,0.677849,0.678769,0.677743,0.678663,50
2023-06-22 03:00:00,0.678663,0.678775,0.677408,0.677520,50
2023-06-22 04:00:00,0.677520,0.678443,0.677444,0.678367,50
2023-06-22 05:00:00,0.678367,0.678367,0.677939,0.677939,50
2023-06-22 06:00:00,0.677939,0.678032,0.675874,0.675966,50
2023-06-22 07:00:00,0.675966,0.676706,0.675960,0.676699,50
2023-06-22 08:00:00,0.676699,0.676793,0.675427,0.675520,50
2023-06-22 09:00:00,0.675520,0.675693,0.674772,0.674945,50
2023-06-22 10:00:00,0.674945,0.676736,0.674846,0.676637,50
2023-06-22 11:00:00,0.676637,0.677292,0.676528,0.677183,50
2023-06-22 12:00:00,0.677183,0.677402,0.676626,0.676845,50
2023-06-22 13:00:00,0.676845,0.676849,0.676669,0.676672,50
2023-06-22 14:00:00,0.676672,0.676750,0.674674,0.674752,50
2023-06-22 15:00:00,0.674752,0.675731,0.674720,0.675700,50
2023-06-22 16:00:00,0.675700,0.676206,0.675594,0.676100,50
2023-06-22 17:00:00,0.676100,0.676640,0.676012,0.676552,50
2023-06-22 18:00:00,0.676552,0.676651,0.675722,0.675821,50
2023-06-22 19:00:00,0.675821,0.676272,0.675646,0.676097,50
2023-06-22 20:00:00,0.676097,0.677377,0.675881,0.677161,50
2023-06-22 21:00:00,0.677161,0.678396,0.676968,0.678204,50
2023-06-22 22:00:00,0.678204,0.678419,0.677664,0.677879,50
2023-06-22 23:00:00,0.677879,0.677938,0.675252,0.675311,50
2023-06-23 00:00:00,0.675311,0.675480,0.672564,0.672733,50
2023-06-23 01:00:00,0.672733,0.672887,0.670242,0.670395,50
2023-06-23 02:00:00,0.670395,0.670603,0.669700,0.669908,50
2023-06-23 03:00:00,0.669908,0.672673,0.669905,0.672670,50
2023-06-23 04:00:00,0.672670,0.674697,0.672328,0.674356,50
2023-06-23 05:00:00,0.674356,0.674699,0.674103,0.674446,50
2023-06-23 06:00:00,0.674446,0.674490,0.673224,0.673268,50
2023-06-23 07:00:00,0.673268,0.674747,0.673161,0.674640,50
2023-06-23 08:00:00,0.674640,0.675407,0.674262,0.675029,50
2023-06-23 09:00:00,0.675029,0.676747,0.674911,0.676629,50
2023-06-23 10:00:00,0.676629,0.677110,0.673244,0.673725,50
2023-06-23 11:00:00,0.673725,0.673951,0.673391,0.673617,50
2023-06-23 12:00:00,0.673617,0.673908,0.671427,0.671718,50
2023-06-23 13:00:00,0.671718,0.672631,0.671211,0.672124,50
2023-06-23 14:00:00,0.672124,0.673376,0.671737,0.672989,50
2023-06-23 15:00:00,0.672989,0.674041,0.672838,0.673890,50
2023-06-23 16:00:00,0.673890,0.674051,0.672914,0.673075,50
2023-06-23 17:00:00,0.673075,0.673493,0.670465,0.670883,50
2023-06-23 18:00:00,0.670883,0.671283,0.670497,0.670897,50
2023-06-23 19:00:00,0.670897,0.671284,0.670623,0.671010,50
2023-06-23 20:00:00,0.671010,0.671271,0.669253,0.669514,50
2023-06-23 21:00:00,0.669514,0.669865,0.669457,0.669809,50
2023-06-23 22:00:00,0.669809,0.669999,0.668207,0.668397,50
2023-06-23 23:00:00,0.668397,0.669108,0.668007,0.668717,50
2023-06-26 00:00:00,0.668717,0.668799,0.667867,0.667949,50
2023-06-26 01:00:00,0.667949,0.668228,0.667941,0.668220,50
2023-06-26 02:00:00,0.668220,0.668295,0.667897,0.667972,50
2023-06-26 03:00:00,0.667972,0.668070,0.667835,0.667933,50
2023-06-26 04:00:00,0.667933,0.667938,0.667898,0.667903,50
2023-06-26 05:00:00,0.667903,0.667931,0.667679,0.667707,50
2023-06-26 06:00:00,0.667707,0.667728,0.667493,0.667514,50
2023-06-26 07:00:00,0.667514,0.667715,0.667460,0.667662,50
2023-06-26 08:00:00,0.667662,0.667828,0.667640,0.667806,50
2023-06-26 09:00:00,0.667806,0.668079,0.667746,0.668020,50
2023-06-26 10:00:00,0.668020,0.668392,0.668015,0.668387,50
2023-06-26 11:00:00,0.668387,0.668665,0.668277,0.668555,50
2023-06-26 12:00:00,0.668555,0.668725,0.668499,0.668669,50
2023-06-26 13:00:00,0.668669,0.669062,0.668620,0.669013,50
2023-06-26 14:00:00,0.669013,0.669255,0.668900,0.669142,50
2023-06-26 15:00:00,0.669142,0.669547,0.669113,0.669519,50
2023-06-26 16:00:00,0.669519,0.669590,0.668982,0.669053,50
2023-06-26 17:00:00,0.669053,0.669146,0.668913,0.669005,50
2023-06-26 18:00:00,0.669005,0.669038,0.668720,0.668753,50
2023-06-26 19:00:00,0.668753,0.668834,0.668447,0.668528,50
2023-06-26 20:00:00,0.668528,0.668645,0.668143,0.668260,50
2023-06-26 21:00:00,0.668260,0.668304,0.668106,0.668151,50
2023-06-26 22:00:00,0.668151,0.668282,0.668042,0.668173,50
2023-06-26 23:00:00,0.668173,0.668384,0.668104,0.668315,50
2023-06-27 00:00:00,0.668315,0.668372,0.668258,0.668315,50
2023-06-27 01:00:00,0.668315,0.668427,0.668203,0.668315,50
2023-06-27 02:00:00,0.668315,0.668328,0.668302,0.668315,50
2023-06-27 03:00:00,0.668315,0.668384,0.668247,0.668315,50
2023-06-27 04:00:00,0.668315,0.668320,0.668310,0.668315,50
2023-06-27 05:00:00,0.668315,0.668357,0.668274,0.668315,50
2023-06-27 06:00:00,0.668315,0.668319,0.668311,0.668315,50
2023-06-27 07:00:00,0.668315,0.668338,0.668292,0.668315,50
2023-06-27 08:00:00,0.668315,0.668403,0.668227,0.668315,50
2023-06-27 09:00:00,0.668315,0.668410,0.668220,0.668315,50
2023-06-27 10:00:00,0.668315,0.668362,0.668269,0.668315,50
2023-06-27 11:00:00,0.668315,0.668404,0.668227,0.668315,50
2023-06-27 12:00:00,0.668315,0.668353,0.668277,0.668315,50
2023-06-27 13:00:00,0.668315,0.668371,0.668260,0.668315,50
2023-06-27 14:00:00,0.668315,0.668414,0.668216,0.668315,50
2023-06-27 15:00:00,0.668315,0.668426,0.668204,0.668315,50
2023-06-27 16:00:00,0.668315,0.668410,0.668221,0.668315,50
2023-06-27 17:00:00,0.668315,0.668369,0.668261,0.668315,50
2023-06-27 18:00:00,0.668315,0.668349,0.668282,0.668315,50
2023-06-27 19:00:00,0.668315,0.668333,0.668298,0.668315,50
2023-06-27 20:00:00,0.668315,0.668431,0.668199,0.668315,50
2023-06-27 21:00:00,0.668315,0.668341,0.668290,0.668315,50
2023-06-27 22:00:00,0.668315,0.668375,0.668255,0.668315,50
2023-06-27 23:00:00,0.668315,0.668392,0.668238,0.668315,50
2023-06-28 00:00:00,0.668315,0.668759,0.667161,0.667605,50
2023-06-28 01:00:00,0.667605,0.667756,0.667082,0.667233,50
2023-06-28 02:00:00,0.667233,0.667476,0.666896,0.667139,50
2023-06-28 03:00:00,0.667139,0.667314,0.666402,0.666577,50
2023-06-28 04:00:00,0.666577,0.666866,0.664970,0.665260,50
2023-06-28 05:00:00,0.665260,0.666496,0.665043,0.666279,50
2023-06-28 06:00:00,0.666279,0.667364,0.666259,0.667344,50
2023-06-28 07:00:00,0.667344,0.668575,0.667209,0.668440,50
2023-06-28 08:00:00,0.668440,0.668674,0.665628,0.665861,50
2023-06-28 09:00:00,0.665861,0.665896,0.663973,0.664007,50
2023-06-28 10:00:00,0.664007,0.665573,0.663516,0.665081,50
2023-06-28 11:00:00,0.665081,0.665147,0.662261,0.662326,50
2023-06-28 12:00:00,0.662326,0.662754,0.662293,0.662721,50
2023-06-28 13:00:00,0.662721,0.663016,0.661510,0.661805,50
2023-06-28 14:00:00,0.661805,0.661999,0.660601,0.660795,50
2023-06-28 15:00:00,0.660795,0.662151,0.660524,0.661880,50
2023-06-28 16:00:00,0.661880,0.662041,0.660563,0.660723,50
2023-06-28 17:00:00,0.660723,0.661621,0.660449,0.661347,50
2023-06-28 18:00:00,0.661347,0.661658,0.661046,0.661357,50
2023-06-28 19:00:00,0.661357,0.661919,0.661004,0.661565,50
2023-06-28 20:00:00,0.661565,0.662542,0.661398,0.662375,50
2023-06-28 21:00:00,0.662375,0.662490,0.662001,0.662116,50
2023-06-28 22:00:00,0.662116,0.662965,0.662037,0.662885,50
2023-06-28 23:00:00,0.662885,0.662932,0.661941,0.661989,50
2023-06-29 00:00:00,0.661989,0.662075,0.661566,0.661652,50
2023-06-29 01:00:00,0.661652,0.661731,0.661643,0.661722,50
2023-06-29 02:00:00,0.661722,0.662226,0.661619,0.662124,50
2023-06-29 03:00:00,0.662124,0.662421,0.662056,0.662354,50
2023-06-29 04:00:00,0.662354,0.662381,0.662295,0.662322,50
2023-06-29 05:00:00,0.662322,0.662490,0.662236,0.662404,50
2023-06-29 06:00:00,0.662404,0.662423,0.662115,0.662134,50
2023-06-29 07:00:00,0.662134,0.662681,0.662083,0.662630,50
2023-06-29 08:00:00,0.662630,0.663091,0.662621,0.663081,50
2023-06-29 09:00:00,0.663081,0.663465,0.663001,0.663385,50
2023-06-29 10:00:00,0.663385,0.663494,0.663074,0.663183,50
2023-06-29 11:00:00,0.663183,0.663666,0.663140,0.663623,50
2023-06-29 12:00:00,0.663623,0.663735,0.663530,0.663642,50
2023-06-29 13:00:00,0.663642,0.663684,0.663474,0.663515,50
2023-06-29 14:00:00,0.663515,0.663557,0.663083,0.663124,50
2023-06-29 15:00:00,0.663124,0.663166,0.662706,0.662748,50
2023-06-29 16:00:00,0.662748,0.662925,0.662664,0.662841,50
2023-06-29 17:00:00,0.662841,0.663105,0.662839,0.663103,50
2023-06-29 18:00:00,0.663103,0.663407,0.663038,0.663341,50
2023-06-29 19:00:00,0.663341,0.663397,0.663132,0.663188,50
2023-06-29 20:00:00,0.663188,0.663259,0.662792,0.662863,50
2023-06-29 21:00:00,0.662863,0.662916,0.662837,0.662890,50
2023-06-29 22:00:00,0.662890,0.662929,0.662733,0.662772,50
2023-06-29 23:00:00,0.662772,0.663387,0.662692,0.663306,50
2023-06-30 00:00:00,0.663306,0.666096,0.663142,0.665933,50
2023-06-30 01:00:00,0.665933,0.665937,0.665381,0.665385,50
2023-06-30 02:00:00,0.665385,0.666335,0.665212,0.666161,50
2023-06-30 03:00:00,0.666161,0.666301,0.665403,0.665542,50
2023-06-30 04:00:00,0.665542,0.665693,0.665411,0.665562,50
2023-06-30 05:00:00,0.665562,0.665626,0.664874,0.664939,50
2023-06-30 06:00:00,0.664939,0.665087,0.664538,0.664686,50
2023-06-30 07:00:00,0.664686,0.664926,0.662465,0.662705,50
2023-06-30 08:00:00,0.662705,0.663452,0.662614,0.663361,50
2023-06-30 09:00:00,0.663361,0.664914,0.663334,0.664886,50
2023-06-30 10:00:00,0.664886,0.665398,0.664665,0.665178,50
2023-06-30 11:00:00,0.665178,0.665233,0.664704,0.664759,50
2023-06-30 12:00:00,0.664759,0.665105,0.664733,0.665079,50
2023-06-30 13:00:00,0.665079,0.667109,0.664882,0.666912,50
2023-06-30 14:00:00,0.666912,0.667080,0.665197,0.665365,50
2023-06-30 15:00:00,0.665365,0.665766,0.665149,0.665549,50
2023-06-30 16:00:00,0.665549,0.666174,0.665330,0.665955,50
2023-06-30 17:00:00,0.665955,0.666761,0.665861,0.666667,50
2023-06-30 18:00:00,0.666667,0.666799,0.666284,0.666416,50
2023-06-30 19:00:00,0.666416,0.666677,0.666382,0.666643,50
2023-06-30 20:00:00,0.666643,0.666823,0.665837,0.666016,50
2023-06-30 21:00:00,0.666016,0.666169,0.664912,0.665065,50
2023-06-30 22:00:00,0.665065,0.665690,0.664847,0.665472,50
2023-06-30 23:00:00,0.665472,0.666550,0.665233,0.666311,50
2023-07-03 00:00:00,0.666311,0.667370,0.666226,0.667285,50
2023-07-03 01:00:00,0.667285,0.667291,0.667035,0.667041,50
2023-07-03 02:00:00,0.667041,0.667227,0.666955,0.667141,50
2023-07-03 03:00:00,0.667141,0.667209,0.666877,0.666945,50
2023-07-03 04:00:00,0.666945,0.666948,0.666263,0.666266,50
2023-07-03 05:00:00,0.666266,0.666368,0.666092,0.666194,50
2023-07-03 06:00:00,0.666194,0.667301,0.666185,0.667291,50
2023-07-03 07:00:00,0.667291,0.667702,0.667223,0.667633,50
2023-07-03 08:00:00,0.667633,0.668170,0.667536,0.668073,50
2023-07-03 09:00:00,0.668073,0.668191,0.667881,0.667998,50
2023-07-03 10:00:00,0.667998,0.668009,0.667498,0.667509,50
2023-07-03 11:00:00,0.667509,0.667579,0.667225,0.667295,50
2023-07-03 12:00:00,0.667295,0.667316,0.666299,0.666320,50
2023-07-03 13:00:00,0.666320,0.666348,0.665989,0.666018,50
2023-07-03 14:00:00,0.666018,0.666936,0.666000,0.666918,50
2023-07-03 15:00:00,0.666918,0.667944,0.666839,0.667866,50
2023-07-03 16:00:00,0.667866,0.667979,0.667062,0.667175,50
2023-07-03 17:00:00,0.667175,0.667239,0.666630,0.666694,50
2023-07-03 18:00:00,0.666694,0.666981,0.666616,0.666902,50
2023-07-03 19:00:00,0.666902,0.667337,0.666827,0.667262,50
2023-07-03 20:00:00,0.667262,0.667310,0.666853,0.666902,50
2023-07-03 21:00:00,0.666902,0.667979,0.666839,0.667916,50
2023-07-03 22:00:00,0.667916,0.667996,0.667861,0.667940,50
2023-07-03 23:00:00,0.667940,0.668016,0.667704,0.667780,50
2023-07-05 00:00:00,0.667780,0.667842,0.666850,0.666912,50
2023-07-05 01:00:00,0.666912,0.666982,0.666233,0.666303,50
2023-07-05 02:00:00,0.666303,0.666549,0.666250,0.666497,50
2023-07-05 03:00:00,0.666497,0.666712,0.666459,0.666675,50
2023-07-05 04:00:00,0.666675,0.667074,0.666665,0.667064,50
2023-07-05 05:00:00,0.667064,0.667124,0.667019,0.667079,50
2023-07-05 06:00:00,0.667079,0.667106,0.666798,0.666825,50
2023-07-05 07:00:00,0.666825,0.666868,0.666722,0.666765,50
2023-07-05 08:00:00,0.666765,0.667026,0.666666,0.666927,50
2023-07-05 09:00:00,0.666927,0.667239,0.666841,0.667153,50
2023-07-05 10:00:00,0.667153,0.667182,0.666872,0.666901,50
2023-07-05 11:00:00,0.666901,0.667021,0.666571,0.666690,50
2023-07-05 12:00:00,0.666690,0.667182,0.666686,0.667178,50
2023-07-05 13:00:00,0.667178,0.667264,0.666768,0.666854,50
2023-07-05 14:00:00,0.666854,0.667442,0.666771,0.667359,50
2023-07-05 15:00:00,0.667359,0.668186,0.667246,0.668073,50
2023-07-05 16:00:00,0.668073,0.668122,0.667684,0.667733,50
2023-07-05 17:00:00,0.667733,0.667759,0.667388,0.667414,50
2023-07-05 18:00:00,0.667414,0.667460,0.667331,0.667377,50
2023-07-05 19:00:00,0.667377,0.667593,0.667339,0.667555,50
2023-07-05 20:00:00,0.667555,0.667594,0.666810,0.666850,50
2023-07-05 21:00:00,0.666850,0.666909,0.666654,0.666713,50
2023-07-05 22:00:00,0.666713,0.666824,0.665907,0.666018,50
2023-07-05 23:00:00,0.666018,0.666422,0.665907,0.666311,50
2023-07-06 00:00:00,0.666311,0.666760,0.666037,0.666486,50
2023-07-06 01:00:00,0.666486,0.666992,0.666214,0.666720,50
2023-07-06 02:00:00,0.666720,0.667333,0.666581,0.667193,50
2023-07-06 03:00:00,0.667193,0.667233,0.666352,0.666391,50
2023-07-06 04:00:00,0.666391,0.666553,0.665915,0.666077,50
2023-07-06 05:00:00,0.666077,0.666445,0.664885,0.665253,50
2023-07-06 06:00:00,0.665253,0.665883,0.665175,0.665804,50
2023-07-06 07:00:00,0.665804,0.665851,0.664788,0.664834,50
2023-07-06 08:00:00,0.664834,0.665203,0.664475,0.664845,50
2023-07-06 09:00:00,0.664845,0.665944,0.664514,0.665613,50
2023-07-06 10:00:00,0.665613,0.665667,0.665526,0.665579,50
2023-07-06 11:00:00,0.665579,0.665834,0.665101,0.665356,50
2023-07-06 12:00:00,0.665356,0.665723,0.663323,0.663691,50
2023-07-06 13:00:00,0.663691,0.664603,0.663320,0.664233,50
2023-07-06 14:00:00,0.664233,0.665091,0.663923,0.664780,50
2023-07-06 15:00:00,0.664780,0.665037,0.663897,0.664154,50
2023-07-06 16:00:00,0.664154,0.664198,0.663219,0.663264,50
2023-07-06 17:00:00,0.663264,0.664117,0.662894,0.663748,50
2023-07-06 18:00:00,0.663748,0.665077,0.663547,0.664876,50
2023-07-06 19:00:00,0.664876,0.664911,0.663949,0.663984,50
2023-07-06 20:00:00,0.663984,0.664187,0.663891,0.664094,50
2023-07-06 21:00:00,0.664094,0.664368,0.663152,0.663426,50
2023-07-06 22:00:00,0.663426,0.663580,0.661306,0.661460,50
2023-07-06 23:00:00,0.661460,0.662001,0.661360,0.661901,50
2023-07-07 00:00:00,0.661901,0.665834,0.661644,0.665577,50
2023-07-07 01:00:00,0.665577,0.665650,0.665162,0.665235,50
2023-07-07 02:00:00,0.665235,0.665534,0.663648,0.663947,50
2023-07-07 03:00:00,0.663947,0.665002,0.663585,0.664640,50
2023-07-07 04:00:00,0.664640,0.665609,0.664259,0.665228,50
2023-07-07 05:00:00,0.665228,0.665321,0.662434,0.662526,50
2023-07-07 06:00:00,0.662526,0.662976,0.662313,0.662763,50
2023-07-07 07:00:00,0.662763,0.663195,0.660132,0.660565,50
2023-07-07 08:00:00,0.660565,0.664653,0.660048,0.664137,50
2023-07-07 09:00:00,0.664137,0.664405,0.663024,0.663292,50
2023-07-07 10:00:00,0.663292,0.663778,0.661899,0.662384,50
2023-07-07 11:00:00,0.662384,0.662660,0.661505,0.661781,50
2023-07-07 12:00:00,0.661781,0.662026,0.661514,0.661759,50
2023-07-07 13:00:00,0.661759,0.662476,0.661421,0.662138,50
2023-07-07 14:00:00,0.662138,0.662595,0.661930,0.662388,50
2023-07-07 15:00:00,0.662388,0.663199,0.662247,0.663058,50
2023-07-07 16:00:00,0.663058,0.665860,0.662551,0.665354,50
2023-07-07 17:00:00,0.665354,0.666857,0.664942,0.666445,50
2023-07-07 18:00:00,0.666445,0.666836,0.665446,0.665838,50
2023-07-07 19:00:00,0.665838,0.666075,0.664647,0.664885,50
2023-07-07 20:00:00,0.664885,0.666636,0.664629,0.666381,50
2023-07-07 21:00:00,0.666381,0.668932,0.666268,0.668820,50
2023-07-07 22:00:00,0.668820,0.668953,0.668623,0.668756,50
2023-07-07 23:00:00,0.668756,0.668771,0.668568,0.668583,50
2023-07-10 00:00:00,0.668583,0.668699,0.667741,0.667857,50
2023-07-10 01:00:00,0.667857,0.668217,0.667771,0.668130,50
2023-07-10 02:00:00,0.668130,0.668399,0.668084,0.668353,50
2023-07-10 03:00:00,0.668353,0.668474,0.668233,0.668354,50
2023-07-10 04:00:00,0.668354,0.668504,0.668297,0.668446,50
2023-07-10 05:00:00,0.668446,0.669037,0.668331,0.668922,50
2023-07-10 06:00:00,0.668922,0.669022,0.668708,0.668807,50
2023-07-10 07:00:00,0.668807,0.668849,0.668752,0.668793,50
2023-07-10 08:00:00,0.668793,0.668871,0.668375,0.668453,50
2023-07-10 09:00:00,0.668453,0.668590,0.667875,0.668012,50
2023-07-10 10:00:00,0.668012,0.668459,0.667894,0.668342,50
2023-07-10 11:00:00,0.668342,0.668593,0.668252,0.668503,50
2023-07-10 12:00:00,0.668503,0.668562,0.668232,0.668291,50
2023-07-10 13:00:00,0.668291,0.668301,0.667637,0.667647,50
2023-07-10 14:00:00,0.667647,0.668322,0.667610,0.668285,50
2023-07-10 15:00:00,0.668285,0.668382,0.667835,0.667932,50
2023-07-10 16:00:00,0.667932,0.668063,0.667881,0.668012,50
2023-07-10 17:00:00,0.668012,0.668144,0.667888,0.668020,50
2023-07-10 18:00:00,0.668020,0.668066,0.667762,0.667808,50
2023-07-10 19:00:00,0.667808,0.667924,0.667423,0.667539,50
2023-07-10 20:00:00,0.667539,0.667638,0.667356,0.667454,50
2023-07-10 21:00:00,0.667454,0.667464,0.666880,0.666890,50
2023-07-10 22:00:00,0.666890,0.667011,0.666429,0.666550,50
2023-07-10 23:00:00,0.666550,0.666921,0.666518,0.666889,50
2023-07-11 00:00:00,0.666889,0.667540,0.666851,0.667501,50
2023-07-11 01:00:00,0.667501,0.667618,0.667260,0.667376,50
2023-07-11 02:00:00,0.667376,0.667470,0.667041,0.667136,50
2023-07-11 03:00:00,0.667136,0.667317,0.667064,0.667246,50
2023-07-11 04:00:00,0.667246,0.667410,0.667237,0.667401,50
2023-07-11 05:00:00,0.667401,0.667436,0.667097,0.667132,50
2023-07-11 06:00:00,0.667132,0.667135,0.666795,0.666799,50
2023-07-11 07:00:00,0.666799,0.667125,0.666706,0.667033,50
2023-07-11 08:00:00,0.667033,0.667416,0.666937,0.667320,50
2023-07-11 09:00:00,0.667320,0.667682,0.667222,0.667584,50
2023-07-11 10:00:00,0.667584,0.667626,0.667415,0.667457,50
2023-07-11 11:00:00,0.667457,0.667707,0.667394,0.667644,50
2023-07-11 12:00:00,0.667644,0.667709,0.667375,0.667440,50
2023-07-11 13:00:00,0.667440,0.667523,0.667348,0.667430,50
2023-07-11 14:00:00,0.667430,0.667591,0.667352,0.667512,50
2023-07-11 15:00:00,0.667512,0.667554,0.667332,0.667374,50
2023-07-11 16:00:00,0.667374,0.667462,0.667067,0.667155,50
2023-07-11 17:00:00,0.667155,0.667235,0.666977,0.667056,50
2023-07-11 18:00:00,0.667056,0.667144,0.666804,0.666891,50
2023-07-11 19:00:00,0.666891,0.666904,0.666630,0.666644,50
2023-07-11 20:00:00,0.666644,0.666720,0.666221,0.666297,50
2023-07-11 21:00:00,0.666297,0.666390,0.665942,0.666034,50
2023-07-11 22:00:00,0.666034,0.666059,0.665749,0.665774,50
2023-07-11 23:00:00,0.665774,0.666480,0.665694,0.666400,50
2023-07-12 00:00:00,0.666400,0.666524,0.664168,0.664292,50
2023-07-12 01:00:00,0.664292,0.666810,0.664106,0.666624,50
2023-07-12 02:00:00,0.666624,0.667120,0.665053,0.665549,50
2023-07-12 03:00:00,0.665549,0.665592,0.663998,0.664041,50
2023-07-12 04:00:00,0.664041,0.666529,0.663641,0.666129,50
2023-07-12 05:00:00,0.666129,0.668277,0.665359,0.667507,50
2023-07-12 06:00:00,0.667507,0.667654,0.667457,0.667604,50
2023-07-12 07:00:00,0.667604,0.668553,0.666585,0.667535,50
2023-07-12 08:00:00,0.667535,0.672442,0.666891,0.671798,50
2023-07-12 09:00:00,0.671798,0.674304,0.671706,0.674212,50
2023-07-12 10:00:00,0.674212,0.675016,0.672412,0.673216,50
2023-07-12 11:00:00,0.673216,0.675563,0.672314,0.674661,50
2023-07-12 12:00:00,0.674661,0.675046,0.673844,0.674229,50
2023-07-12 13:00:00,0.674229,0.674685,0.674066,0.674521,50
2023-07-12 14:00:00,0.674521,0.676196,0.673846,0.675520,50
2023-07-12 15:00:00,0.675520,0.677245,0.674961,0.676685,50
2023-07-12 16:00:00,0.676685,0.677100,0.675150,0.675565,50
2023-07-12 17:00:00,0.675565,0.677118,0.675350,0.676903,50
2023-07-12 18:00:00,0.676903,0.679504,0.676217,0.678818,50
2023-07-12 19:00:00,0.678818,0.681061,0.678312,0.680555,50
2023-07-12 20:00:00,0.680555,0.680976,0.678967,0.679387,50
2023-07-12 21:00:00,0.679387,0.679641,0.676486,0.676740,50
2023-07-12 22:00:00,0.676740,0.678758,0.676433,0.678452,50
2023-07-12 23:00:00,0.678452,0.679416,0.677231,0.678196,50
2023-07-13 00:00:00,0.678196,0.684824,0.678014,0.684642,50
2023-07-13 01:00:00,0.684642,0.684670,0.682271,0.682299,50
2023-07-13 02:00:00,0.682299,0.685715,0.681708,0.685123,50
2023-07-13 03:00:00,0.685123,0.686755,0.684370,0.686002,50
2023-07-13 04:00:00,0.686002,0.686413,0.682402,0.682813,50
2023-07-13 05:00:00,0.682813,0.683555,0.679500,0.680242,50
2023-07-13 06:00:00,0.680242,0.680985,0.677753,0.678496,50
2023-07-13 07:00:00,0.678496,0.679408,0.677916,0.678829,50
2023-07-13 08:00:00,0.678829,0.679647,0.678738,0.679556,50
2023-07-13 09:00:00,0.679556,0.680305,0.677637,0.678385,50
2023-07-13 10:00:00,0.678385,0.680400,0.678075,0.680090,50
2023-07-13 11:00:00,0.680090,0.680827,0.676961,0.677697,50
2023-07-13 12:00:00,0.677697,0.681214,0.677096,0.680613,50
2023-07-13 13:00:00,0.680613,0.681274,0.679394,0.680056,50
2023-07-13 14:00:00,0.680056,0.680811,0.678797,0.679552,50
2023-07-13 15:00:00,0.679552,0.683252,0.679332,0.683033,50
2023-07-13 16:00:00,0.683033,0.686328,0.682271,0.685567,50
2023-07-13 17:00:00,0.685567,0.686171,0.685208,0.685813,50
2023-07-13 18:00:00,0.685813,0.686436,0.679050,0.679673,50
2023-07-13 19:00:00,0.679673,0.680408,0.675643,0.676378,50
2023-07-13 20:00:00,0.676378,0.677997,0.675995,0.677613,50
2023-07-13 21:00:00,0.677613,0.685751,0.677022,0.685159,50
2023-07-13 22:00:00,0.685159,0.689451,0.684768,0.689060,50
2023-07-13 23:00:00,0.689060,0.689481,0.686864,0.687285,50
2023-07-14 00:00:00,0.687285,0.687611,0.687137,0.687463,50
2023-07-14 01:00:00,0.687463,0.687503,0.687012,0.687051,50
2023-07-14 02:00:00,0.687051,0.687757,0.686841,0.687547,50
2023-07-14 03:00:00,0.687547,0.688038,0.687387,0.687878,50
2023-07-14 04:00:00,0.687878,0.688054,0.687114,0.687290,50
2023-07-14 05:00:00,0.687290,0.687529,0.686960,0.687200,50
2023-07-14 06:00:00,0.687200,0.687320,0.687061,0.687181,50
2023-07-14 07:00:00,0.687181,0.687324,0.686303,0.686447,50
2023-07-14 08:00:00,0.686447,0.686687,0.685452,0.685692,50
2023-07-14 09:00:00,0.685692,0.685830,0.685601,0.685738,50
2023-07-14 10:00:00,0.685738,0.685892,0.685333,0.685487,50
2023-07-14 11:00:00,0.685487,0.685559,0.684993,0.685065,50
2023-07-14 12:00:00,0.685065,0.685086,0.684967,0.684988,50
2023-07-14 13:00:00,0.684988,0.685020,0.684560,0.684593,50
2023-07-14 14:00:00,0.684593,0.684788,0.684415,0.684611,50
2023-07-14 15:00:00,0.684611,0.684841,0.683499,0.683730,50
2023-07-14 16:00:00,0.683730,0.683963,0.683601,0.683835,50
2023-07-14 17:00:00,0.683835,0.684508,0.683809,0.684482,50
2023-07-14 18:00:00,0.684482,0.685524,0.684410,0.685453,50
2023-07-14 19:00:00,0.685453,0.685557,0.685019,0.685123,50
2023-07-14 20:00:00,0.685123,0.685329,0.684297,0.684503,50
2023-07-14 21:00:00,0.684503,0.684929,0.684326,0.684752,50
2023-07-14 22:00:00,0.684752,0.685404,0.684544,0.685196,50
2023-07-14 23:00:00,0.685196,0.685237,0.684282,0.684322,50
2023-07-17 00:00:00,0.684322,0.684480,0.684112,0.684270,50
2023-07-17 01:00:00,0.684270,0.684806,0.684234,0.684770,50
2023-07-17 02:00:00,0.684770,0.684834,0.684600,0.684664,50
2023-07-17 03:00:00,0.684664,0.684771,0.683969,0.684077,50
2023-07-17 04:00:00,0.684077,0.684135,0.683996,0.684055,50
2023-07-17 05:00:00,0.684055,0.684192,0.683507,0.683644,50
2023-07-17 06:00:00,0.683644,0.684116,0.683623,0.684095,50
2023-07-17 07:00:00,0.684095,0.684138,0.683688,0.683730,50
2023-07-17 08:00:00,0.683730,0.684106,0.683587,0.683963,50
2023-07-17 09:00:00,0.683963,0.684115,0.683086,0.683237,50
2023-07-17 10:00:00,0.683237,0.683386,0.682767,0.682916,50
2023-07-17 11:00:00,0.682916,0.682966,0.682607,0.682657,50
2023-07-17 12:00:00,0.682657,0.682874,0.682501,0.682718,50
2023-07-17 13:00:00,0.682718,0.683188,0.682546,0.683016,50
2023-07-17 14:00:00,0.683016,0.683156,0.682715,0.682855,50
2023-07-17 15:00:00,0.682855,0.682975,0.682600,0.682720,50
2023-07-17 16:00:00,0.682720,0.682750,0.682592,0.682623,50
2023-07-17 17:00:00,0.682623,0.682886,0.682570,0.682834,50
2023-07-17 18:00:00,0.682834,0.682949,0.682634,0.682749,50
2023-07-17 19:00:00,0.682749,0.682885,0.682320,0.682456,50
2023-07-17 20:00:00,0.682456,0.682544,0.682096,0.682183,50
2023-07-17 21:00:00,0.682183,0.682543,0.682057,0.682417,50
2023-07-17 22:00:00,0.682417,0.682498,0.682139,0.682221,50
2023-07-17 23:00:00,0.682221,0.682227,0.682076,0.682082,50
2023-07-18 00:00:00,0.682082,0.682981,0.682019,0.682918,50
2023-07-18 01:00:00,0.682918,0.682997,0.682748,0.682827,50
2023-07-18 02:00:00,0.682827,0.682869,0.682368,0.682410,50
2023-07-18 03:00:00,0.682410,0.682421,0.681875,0.681886,50
2023-07-18 04:00:00,0.681886,0.681974,0.680963,0.681051,50
2023-07-18 05:00:00,0.681051,0.681332,0.680986,0.681267,50
2023-07-18 06:00:00,0.681267,0.682066,0.681258,0.682056,50
2023-07-18 07:00:00,0.682056,0.682205,0.682050,0.682199,50
2023-07-18 08:00:00,0.682199,0.682560,0.682156,0.682517,50
2023-07-18 09:00:00,0.682517,0.682776,0.682414,0.682673,50
2023-07-18 10:00:00,0.682673,0.682827,0.682651,0.682805,50
2023-07-18 11:00:00,0.682805,0.682817,0.682273,0.682285,50
2023-07-18 12:00:00,0.682285,0.682398,0.681607,0.681720,50
2023-07-18 13:00:00,0.681720,0.681752,0.681277,0.681310,50
2023-07-18 14:00:00,0.681310,0.681669,0.681296,0.681655,50
2023-07-18 15:00:00,0.681655,0.681719,0.681492,0.681556,50
2023-07-18 16:00:00,0.681556,0.682333,0.681501,0.682278,50
2023-07-18 17:00:00,0.682278,0.682385,0.681618,0.681724,50
2023-07-18 18:00:00,0.681724,0.681735,0.681600,0.681611,50
2023-07-18 19:00:00,0.681611,0.681663,0.680821,0.680873,50
2023-07-18 20:00:00,0.680873,0.681898,0.680793,0.681818,50
2023-07-18 21:00:00,0.681818,0.681858,0.681340,0.681380,50
2023-07-18 22:00:00,0.681380,0.681562,0.681283,0.681465,50
2023-07-18 23:00:00,0.681465,0.681781,0.681393,0.681710,50
2023-07-19 00:00:00,0.681710,0.681966,0.680927,0.681183,50
2023-07-19 01:00:00,0.681183,0.681432,0.680173,0.680422,50
2023-07-19 02:00:00,0.680422,0.680659,0.679645,0.679882,50
2023-07-19 03:00:00,0.679882,0.680461,0.679732,0.680310,50
2023-07-19 04:00:00,0.680310,0.683082,0.680016,0.682789,50
2023-07-19 05:00:00,0.682789,0.682959,0.682187,0.682358,50
2023-07-19 06:00:00,0.682358,0.682623,0.680913,0.681178,50
2023-07-19 07:00:00,0.681178,0.681355,0.679284,0.679461,50
2023-07-19 08:00:00,0.679461,0.679860,0.678249,0.678648,50
2023-07-19 09:00:00,0.678648,0.681972,0.678262,0.681586,50
2023-07-19 10:00:00,0.681586,0.681844,0.679107,0.679365,50
2023-07-19 11:00:00,0.679365,0.679578,0.678347,0.678560,50
2023-07-19 12:00:00,0.678560,0.678715,0.676897,0.677052,50
2023-07-19 13:00:00,0.677052,0.677161,0.676241,0.676350,50
2023-07-19 14:00:00,0.676350,0.677030,0.676039,0.676720,50
2023-07-19 15:00:00,0.676720,0.677780,0.676595,0.677655,50
2023-07-19 16:00:00,0.677655,0.677775,0.675689,0.675809,50
2023-07-19 17:00:00,0.675809,0.675896,0.675150,0.675237,50
2023-07-19 18:00:00,0.675237,0.675293,0.675206,0.675262,50
2023-07-19 19:00:00,0.675262,0.676393,0.674810,0.675941,50
2023-07-19 20:00:00,0.675941,0.676677,0.675890,0.676626,50
2023-07-19 21:00:00,0.676626,0.678769,0.676344,0.678486,50
2023-07-19 22:00:00,0.678486,0.680579,0.678396,0.680489,50
2023-07-19 23:00:00,0.680489,0.680844,0.675960,0.676315,50
2023-07-20 00:00:00,0.676315,0.676410,0.675927,0.676022,50
2023-07-20 01:00:00,0.676022,0.676570,0.675924,0.676472,50
2023-07-20 02:00:00,0.676472,0.676555,0.676176,0.676259,50
2023-07-20 03:00:00,0.676259,0.676590,0.676151,0.676482,50
2023-07-20 04:00:00,0.676482,0.676509,0.676294,0.676322,50
2023-07-20 05:00:00,0.676322,0.676400,0.676039,0.676117,50
2023-07-20 06:00:00,0.676117,0.676425,0.675995,0.676304,50
2023-07-20 07:00:00,0.676304,0.676588,0.676244,0.676529,50
2023-07-20 08:00:00,0.676529,0.676971,0.676498,0.676940,50
2023-07-20 09:00:00,0.676940,0.677355,0.676891,0.677305,50
2023-07-20 10:00:00,0.677305,0.677559,0.677255,0.677508,50
2023-07-20 11:00:00,0.677508,0.677567,0.677313,0.677372,50
2023-07-20 12:00:00,0.677372,0.677751,0.677272,0.677652,50
2023-07-20 13:00:00,0.677652,0.677658,0.677342,0.677348,50
2023-07-20 14:00:00,0.677348,0.677696,0.677339,0.677686,50
2023-07-20 15:00:00,0.677686,0.678060,0.677658,0.678032,50
2023-07-20 16:00:00,0.678032,0.678056,0.677704,0.677728,50
2023-07-20 17:00:00,0.677728,0.677764,0.677646,0.677682,50
2023-07-20 18:00:00,0.677682,0.677704,0.677493,0.677515,50
2023-07-20 19:00:00,0.677515,0.678026,0.677494,0.678005,50
2023-07-20 20:00:00,0.678005,0.678158,0.677923,0.678076,50
2023-07-20 21:00:00,0.678076,0.678194,0.677723,0.677841,50
2023-07-20 22:00:00,0.677841,0.677923,0.677725,0.677808,50
2023-07-20 23:00:00,0.677808,0.677891,0.677698,0.677782,50
2023-07-21 00:00:00,0.677782,0.678165,0.677706,0.678088,50
2023-07-21 01:00:00,0.678088,0.678649,0.678034,0.678595,50
2023-07-21 02:00:00,0.678595,0.678718,0.676501,0.676624,50
2023-07-21 03:00:00,0.676624,0.677117,0.676548,0.677041,50
2023-07-21 04:00:00,0.677041,0.677179,0.676457,0.676595,50
2023-07-21 05:00:00,0.676595,0.677600,0.676354,0.677359,50
2023-07-21 06:00:00,0.677359,0.677611,0.676771,0.677022,50
2023-07-21 07:00:00,0.677022,0.677259,0.676051,0.676288,50
2023-07-21 08:00:00,0.676288,0.676595,0.676270,0.676577,50
2023-07-21 09:00:00,0.676577,0.676781,0.674223,0.674427,50
2023-07-21 10:00:00,0.674427,0.674802,0.674256,0.674631,50
2023-07-21 11:00:00,0.674631,0.675140,0.674588,0.675097,50
2023-07-21 12:00:00,0.675097,0.675318,0.673472,0.673693,50
2023-07-21 13:00:00,0.673693,0.674263,0.673544,0.674114,50
2023-07-21 14:00:00,0.674114,0.674902,0.673923,0.674711,50
2023-07-21 15:00:00,0.674711,0.674934,0.674016,0.674239,50
2023-07-21 16:00:00,0.674239,0.674250,0.673944,0.673955,50
2023-07-21 17:00:00,0.673955,0.675367,0.673808,0.675220,50
2023-07-21 18:00:00,0.675220,0.675413,0.673907,0.674100,50
2023-07-21 19:00:00,0.674100,0.674337,0.672668,0.672905,50
2023-07-21 20:00:00,0.672905,0.673415,0.672750,0.673259,50
2023-07-21 21:00:00,0.673259,0.676010,0.673079,0.675829,50
2023-07-21 22:00:00,0.675829,0.676311,0.675739,0.676221,50
2023-07-21 23:00:00,0.676221,0.676400,0.673539,0.673718,50
2023-07-24 00:00:00,0.673718,0.674676,0.673604,0.674562,50
2023-07-24 01:00:00,0.674562,0.674614,0.674308,0.674361,50
2023-07-24 02:00:00,0.674361,0.674517,0.674262,0.674418,50
2023-07-24 03:00:00,0.674418,0.674497,0.673663,0.673742,50
2023-07-24 04:00:00,0.673742,0.673856,0.673339,0.673453,50
2023-07-24 05:00:00,0.673453,0.673524,0.673272,0.673342,50
2023-07-24 06:00:00,0.673342,0.673438,0.673279,0.673375,50
2023-07-24 07:00:00,0.673375,0.673602,0.673364,0.673591,50
2023-07-24 08:00:00,0.673591,0.673941,0.673525,0.673875,50
2023-07-24 09:00:00,0.673875,0.673915,0.673688,0.673728,50
2023-07-24 10:00:00,0.673728,0.674421,0.673626,0.674318,50
2023-07-24 11:00:00,0.674318,0.674379,0.674244,0.674305,50
2023-07-24 12:00:00,0.674305,0.674440,0.674215,0.674351,50
2023-07-24 13:00:00,0.674351,0.674541,0.674332,0.674522,50
2023-07-24 14:00:00,0.674522,0.674793,0.674419,0.674690,50
2023-07-24 15:00:00,0.674690,0.674724,0.674405,0.674440,50
2023-07-24 16:00:00,0.674440,0.674450,0.674387,0.674397,50
2023-07-24 17:00:00,0.674397,0.674722,0.674293,0.674618,50
2023-07-24 18:00:00,0.674618,0.674636,0.674306,0.674323,50
2023-07-24 19:00:00,0.674323,0.674837,0.674244,0.674758,50
2023-07-24 20:00:00,0.674758,0.674902,0.674662,0.674806,50
2023-07-24 21:00:00,0.674806,0.675297,0.674725,0.675216,50
2023-07-24 22:00:00,0.675216,0.675276,0.675145,0.675206,50
2023-07-24 23:00:00,0.675206,0.675315,0.674883,0.674992,50
2023-07-25 00:00:00,0.674992,0.676430,0.674729,0.676167,50
2023-07-25 01:00:00,0.676167,0.676653,0.675919,0.676405,50
2023-07-25 02:00:00,0.676405,0.676463,0.675952,0.676010,50
2023-07-25 03:00:00,0.676010,0.676332,0.675125,0.675448,50
2023-07-25 04:00:00,0.675448,0.675625,0.675285,0.675462,50
2023-07-25 05:00:00,0.675462,0.675785,0.673843,0.674166,50
2023-07-25 06:00:00,0.674166,0.674519,0.673924,0.674276,50
2023-07-25 07:00:00,0.674276,0.675798,0.674244,0.675766,50
2023-07-25 08:00:00,0.675766,0.678179,0.675424,0.677837,50
2023-07-25 09:00:00,0.677837,0.678672,0.677611,0.678447,50
2023-07-25 10:00:00,0.678447,0.679335,0.678262,0.679151,50
2023-07-25 11:00:00,0.679151,0.679285,0.678309,0.678443,50
2023-07-25 12:00:00,0.678443,0.679301,0.678300,0.679157,50
2023-07-25 13:00:00,0.679157,0.680110,0.678989,0.679942,50
2023-07-25 14:00:00,0.679942,0.680137,0.679043,0.679238,50
2023-07-25 15:00:00,0.679238,0.679293,0.678485,0.678540,50
2023-07-25 16:00:00,0.678540,0.678786,0.678228,0.678475,50
2023-07-25 17:00:00,0.678475,0.678706,0.677922,0.678154,50
2023-07-25 18:00:00,0.678154,0.678623,0.678050,0.678519,50
2023-07-25 19:00:00,0.678519,0.678916,0.678273,0.678669,50
2023-07-25 20:00:00,0.678669,0.679130,0.678547,0.679009,50
2023-07-25 21:00:00,0.679009,0.679269,0.678299,0.678559,50
2023-07-25 22:00:00,0.678559,0.678750,0.677956,0.678146,50
2023-07-25 23:00:00,0.678146,0.679166,0.678097,0.679117,50
2023-07-26 00:00:00,0.679117,0.679133,0.678550,0.678566,50
2023-07-26 01:00:00,0.678566,0.678758,0.678286,0.678479,50
2023-07-26 02:00:00,0.678479,0.678932,0.678273,0.678727,50
2023-07-26 03:00:00,0.678727,0.679733,0.678474,0.679480,50
2023-07-26 04:00:00,0.679480,0.679864,0.679440,0.679824,50
2023-07-26 05:00:00,0.679824,0.679980,0.679260,0.679416,50
2023-07-26 06:00:00,0.679416,0.679537,0.678768,0.678889,50
2023-07-26 07:00:00,0.678889,0.679092,0.678039,0.678241,50
2023-07-26 08:00:00,0.678241,0.678428,0.677432,0.677619,50
2023-07-26 09:00:00,0.677619,0.677725,0.676944,0.677051,50
2023-07-26 10:00:00,0.677051,0.677547,0.676795,0.677291,50
2023-07-26 11:00:00,0.677291,0.677477,0.676801,0.676987,50
2023-07-26 12:00:00,0.676987,0.677111,0.675702,0.675826,50
2023-07-26 13:00:00,0.675826,0.676010,0.675273,0.675457,50
2023-07-26 14:00:00,0.675457,0.675682,0.675284,0.675509,50
2023-07-26 15:00:00,0.675509,0.675791,0.674935,0.675217,50
2023-07-26 16:00:00,0.675217,0.675792,0.674968,0.675543,50
2023-07-26 17:00:00,0.675543,0.675603,0.675277,0.675337,50
2023-07-26 18:00:00,0.675337,0.676590,0.675045,0.676298,50
2023-07-26 19:00:00,0.676298,0.677191,0.676066,0.676959,50
2023-07-26 20:00:00,0.676959,0.676968,0.675723,0.675733,50
2023-07-26 21:00:00,0.675733,0.675926,0.675362,0.675554,50
2023-07-26 22:00:00,0.675554,0.676033,0.675466,0.675945,50
2023-07-26 23:00:00,0.675945,0.676077,0.675452,0.675584,50
2023-07-27 00:00:00,0.675584,0.675592,0.675565,0.675573,50
2023-07-27 01:00:00,0.675573,0.675657,0.675039,0.675123,50
2023-07-27 02:00:00,0.675123,0.675174,0.674927,0.674978,50
2023-07-27 03:00:00,0.674978,0.674993,0.674349,0.674365,50
2023-07-27 04:00:00,0.674365,0.674592,0.674232,0.674459,50
2023-07-27 05:00:00,0.674459,0.674856,0.674422,0.674819,50
2023-07-27 06:00:00,0.674819,0.674926,0.674332,0.674439,50
2023-07-27 07:00:00,0.674439,0.674523,0.673846,0.673930,50
2023-07-27 08:00:00,0.673930,0.674294,0.673810,0.674173,50
2023-07-27 09:00:00,0.674173,0.674246,0.673599,0.673672,50
2023-07-27 10:00:00,0.673672,0.673858,0.673647,0.673832,50
2023-07-27 11:00:00,0.673832,0.674156,0.673744,0.674068,50
2023-07-27 12:00:00,0.674068,0.674318,0.673968,0.674218,50
2023-07-27 13:00:00,0.674218,0.674419,0.674138,0.674339,50
2023-07-27 14:00:00,0.674339,0.674358,0.674222,0.674241,50
2023-07-27 15:00:00,0.674241,0.674586,0.674162,0.674507,50
2023-07-27 16:00:00,0.674507,0.674949,0.674380,0.674822,50
2023-07-27 17:00:00,0.674822,0.674885,0.674421,0.674484,50
2023-07-27 18:00:00,0.674484,0.675121,0.674369,0.675006,50
2023-07-27 19:00:00,0.675006,0.675319,0.674916,0.675229,50
2023-07-27 20:00:00,0.675229,0.675289,0.674797,0.674857,50
2023-07-27 21:00:00,0.674857,0.674928,0.674620,0.674691,50
2023-07-27 22:00:00,0.674691,0.674701,0.674459,0.674468,50
2023-07-27 23:00:00,0.674468,0.674575,0.673884,0.673991,50
2023-07-28 00:00:00,0.673991,0.674103,0.668312,0.668425,50
2023-07-28 01:00:00,0.668425,0.668899,0.667656,0.668130,50
2023-07-28 02:00:00,0.668130,0.669869,0.667819,0.669558,50
2023-07-28 03:00:00,0.669558,0.670265,0.669042,0.669749,50
2023-07-28 04:00:00,0.669749,0.672107,0.669590,0.671948,50
2023-07-28 05:00:00,0.671948,0.674427,0.671482,0.673960,50
2023-07-28 06:00:00,0.673960,0.674533,0.668299,0.668872,50
2023-07-28 07:00:00,0.668872,0.670708,0.668470,0.670307,50
2023-07-28 08:00:00,0.670307,0.675027,0.669828,0.674548,50
2023-07-28 09:00:00,0.674548,0.675059,0.672807,0.673317,50
2023-07-28 10:00:00,0.673317,0.674697,0.673105,0.674485,50
2023-07-28 11:00:00,0.674485,0.674652,0.671130,0.671296,50
2023-07-28 12:00:00,0.671296,0.673161,0.670891,0.672755,50
2023-07-28 13:00:00,0.672755,0.675614,0.672534,0.675393,50
2023-07-28 14:00:00,0.675393,0.675577,0.672560,0.672744,50
2023-07-28 15:00:00,0.672744,0.673159,0.672495,0.672910,50
2023-07-28 16:00:00,0.672910,0.673257,0.669688,0.670035,50
2023-07-28 17:00:00,0.670035,0.670370,0.668744,0.669080,50
2023-07-28 18:00:00,0.669080,0.669612,0.665043,0.665575,50
2023-07-28 19:00:00,0.665575,0.666558,0.665011,0.665994,50
2023-07-28 20:00:00,0.665994,0.666458,0.665606,0.666070,50
2023-07-28 21:00:00,0.666070,0.668169,0.665612,0.667711,50
2023-07-28 22:00:00,0.667711,0.669835,0.667267,0.669391,50
2023-07-28 23:00:00,0.669391,0.669498,0.666872,0.666978,50
2023-07-31 00:00:00,0.666978,0.667534,0.666765,0.667321,50
2023-07-31 01:00:00,0.667321,0.667914,0.667264,0.667857,50
2023-07-31 02:00:00,0.667857,0.669388,0.667714,0.669244,50
2023-07-31 03:00:00,0.669244,0.670680,0.668831,0.670267,50
2023-07-31 04:00:00,0.670267,0.670458,0.669733,0.669925,50
2023-07-31 05:00:00,0.669925,0.670322,0.669574,0.669972,50
2023-07-31 06:00:00,0.669972,0.670088,0.669572,0.669689,50
2023-07-31 07:00:00,0.669689,0.671249,0.669206,0.670766,50
2023-07-31 08:00:00,0.670766,0.672505,0.670664,0.672403,50
2023-07-31 09:00:00,0.672403,0.672432,0.671292,0.671320,50
2023-07-31 10:00:00,0.671320,0.672631,0.671202,0.672514,50
2023-07-31 11:00:00,0.672514,0.673197,0.672068,0.672751,50
2023-07-31 12:00:00,0.672751,0.674385,0.672562,0.674196,50
2023-07-31 13:00:00,0.674196,0.674503,0.672867,0.673174,50
2023-07-31 14:00:00,0.673174,0.673420,0.672429,0.672675,50
2023-07-31 15:00:00,0.672675,0.673636,0.672506,0.673467,50
2023-07-31 16:00:00,0.673467,0.673696,0.672885,0.673114,50
2023-07-31 17:00:00,0.673114,0.673284,0.672612,0.672782,50
2023-07-31 18:00:00,0.672782,0.673285,0.670913,0.671416,50
2023-07-31 19:00:00,0.671416,0.671854,0.668158,0.668596,50
2023-07-31 20:00:00,0.668596,0.669037,0.667716,0.668156,50
2023-07-31 21:00:00,0.668156,0.668455,0.666920,0.667218,50
2023-07-31 22:00:00,0.667218,0.668188,0.666830,0.667800,50
2023-07-31 23:00:00,0.667800,0.673013,0.667780,0.672993,50
2023-08-01 00:00:00,0.672993,0.673373,0.665958,0.666339,50
2023-08-01 01:00:00,0.666339,0.668416,0.666149,0.668226,50
2023-08-01 02:00:00,0.668226,0.669037,0.666812,0.667623,50
2023-08-01 03:00:00,0.667623,0.671479,0.667329,0.671185,50
2023-08-01 04:00:00,0.671185,0.675524,0.670388,0.674727,50
2023-08-01 05:00:00,0.674727,0.675962,0.673755,0.674990,50
2023-08-01 06:00:00,0.674990,0.675631,0.673344,0.673985,50
2023-08-01 07:00:00,0.673985,0.675917,0.673436,0.675369,50
2023-08-01 08:00:00,0.675369,0.676120,0.671072,0.671823,50
2023-08-01 09:00:00,0.671823,0.672378,0.669519,0.670073,50
2023-08-01 10:00:00,0.670073,0.670924,0.667236,0.668087,50
2023-08-01 11:00:00,0.668087,0.670925,0.667180,0.670018,50
2023-08-01 12:00:00,0.670018,0.671269,0.669591,0.670842,50
2023-08-01 13:00:00,0.670842,0.671414,0.666836,0.667409,50
2023-08-01 14:00:00,0.667409,0.667506,0.665661,0.665758,50
2023-08-01 15:00:00,0.665758,0.666368,0.665227,0.665837,50
2023-08-01 16:00:00,0.665837,0.666404,0.662210,0.662776,50
2023-08-01 17:00:00,0.662776,0.663800,0.661840,0.662863,50
2023-08-01 18:00:00,0.662863,0.664790,0.662101,0.664028,50
2023-08-01 19:00:00,0.664028,0.664041,0.662442,0.662456,50
2023-08-01 20:00:00,0.662456,0.663219,0.659064,0.659827,50
2023-08-01 21:00:00,0.659827,0.662547,0.659649,0.662369,50
2023-08-01 22:00:00,0.662369,0.663098,0.658008,0.658737,50
2023-08-01 23:00:00,0.658737,0.662110,0.657741,0.661113,50
2023-08-02 00:00:00,0.661113,0.661516,0.661038,0.661440,50
2023-08-02 01:00:00,0.661440,0.661726,0.660844,0.661129,50
2023-08-02 02:00:00,0.661129,0.661860,0.660629,0.661359,50
2023-08-02 03:00:00,0.661359,0.662459,0.661137,0.662237,50
2023-08-02 04:00:00,0.662237,0.662713,0.660940,0.661416,50
2023-08-02 05:00:00,0.661416,0.662472,0.661352,0.662408,50
2023-08-02 06:00:00,0.662408,0.662539,0.660523,0.660654,50
2023-08-02 07:00:00,0.660654,0.661046,0.660137,0.660528,50
2023-08-02 08:00:00,0.660528,0.660985,0.659925,0.660381,50
2023-08-02 09:00:00,0.660381,0.660843,0.659664,0.660126,50
2023-08-02 10:00:00,0.660126,0.660528,0.660041,0.660444,50
2023-08-02 11:00:00,0.660444,0.660758,0.658350,0.658665,50
2023-08-02 12:00:00,0.658665,0.658803,0.657409,0.657547,50
2023-08-02 13:00:00,0.657547,0.657983,0.654143,0.654578,50
2023-08-02 14:00:00,0.654578,0.655692,0.654241,0.655355,50
2023-08-02 15:00:00,0.655355,0.655755,0.652568,0.652968,50
2023-08-02 16:00:00,0.652968,0.653864,0.652512,0.653409,50
2023-08-02 17:00:00,0.653409,0.653982,0.652236,0.652809,50
2023-08-02 18:00:00,0.652809,0.655333,0.652538,0.655062,50
2023-08-02 19:00:00,0.655062,0.655640,0.653501,0.654079,50
2023-08-02 20:00:00,0.654079,0.656560,0.653911,0.656392,50
2023-08-02 21:00:00,0.656392,0.656904,0.655690,0.656202,50
2023-08-02 22:00:00,0.656202,0.656264,0.655499,0.655561,50
2023-08-02 23:00:00,0.655561,0.655977,0.653777,0.654193,50
2023-08-03 00:00:00,0.654193,0.654197,0.654089,0.654093,50
2023-08-03 01:00:00,0.654093,0.654161,0.653941,0.654009,50
2023-08-03 02:00:00,0.654009,0.654018,0.653812,0.653821,50
2023-08-03 03:00:00,0.653821,0.653897,0.653741,0.653817,50
2023-08-03 04:00:00,0.653817,0.653865,0.653762,0.653811,50
2023-08-03 05:00:00,0.653811,0.654229,0.653747,0.654165,50
2023-08-03 06:00:00,0.654165,0.654635,0.654076,0.654545,50
2023-08-03 07:00:00,0.654545,0.654637,0.654380,0.654472,50
2023-08-03 08:00:00,0.654472,0.654993,0.654392,0.654912,50
2023-08-03 09:00:00,0.654912,0.654947,0.654738,0.654772,50
2023-08-03 10:00:00,0.654772,0.654881,0.654761,0.654870,50
2023-08-03 11:00:00,0.654870,0.655020,0.654801,0.654951,50
2023-08-03 12:00:00,0.654951,0.655254,0.654888,0.655191,50
2023-08-03 13:00:00,0.655191,0.655403,0.655085,0.655298,50
2023-08-03 14:00:00,0.655298,0.655559,0.655194,0.655455,50
2023-08-03 15:00:00,0.655455,0.655513,0.655432,0.655490,50
2023-08-03 16:00:00,0.655490,0.655589,0.655442,0.655541,50
2023-08-03 17:00:00,0.655541,0.655765,0.655457,0.655682,50
2023-08-03 18:00:00,0.655682,0.655783,0.655632,0.655734,50
2023-08-03 19:00:00,0.655734,0.655848,0.655457,0.655571,50
2023-08-03 20:00:00,0.655571,0.655588,0.655570,0.655587,50
2023-08-03 21:00:00,0.655587,0.655635,0.655393,0.655441,50
2023-08-03 22:00:00,0.655441,0.655541,0.655335,0.655435,50
2023-08-03 23:00:00,0.655435,0.655547,0.655282,0.655394,50
2023-08-04 00:00:00,0.655394,0.655596,0.654170,0.654372,50
2023-08-04 01:00:00,0.654372,0.655815,0.654003,0.655445,50
2023-08-04 02:00:00,0.655445,0.655981,0.655329,0.655864,50
2023-08-04 03:00:00,0.655864,0.655884,0.655576,0.655596,50
2023-08-04 04:00:00,0.655596,0.656861,0.655211,0.656475,50
2023-08-04 05:00:00,0.656475,0.658623,0.656102,0.658250,50
2023-08-04 06:00:00,0.658250,0.659899,0.657919,0.659568,50
2023-08-04 07:00:00,0.659568,0.659585,0.658908,0.658925,50
2023-08-04 08:00:00,0.658925,0.659037,0.657916,0.658028,50
2023-08-04 09:00:00,0.658028,0.658103,0.657745,0.657821,50
2023-08-04 10:00:00,0.657821,0.658213,0.657165,0.657558,50
2023-08-04 11:00:00,0.657558,0.657611,0.656668,0.656722,50
2023-08-04 12:00:00,0.656722,0.657908,0.656667,0.657853,50
2023-08-04 13:00:00,0.657853,0.658899,0.657758,0.658805,50
2023-08-04 14:00:00,0.658805,0.660645,0.658465,0.660306,50
2023-08-04 15:00:00,0.660306,0.660609,0.660221,0.660524,50
2023-08-04 16:00:00,0.660524,0.661130,0.660102,0.660708,50
2023-08-04 17:00:00,0.660708,0.660840,0.660225,0.660358,50
2023-08-04 18:00:00,0.660358,0.661803,0.660079,0.661524,50
2023-08-04 19:00:00,0.661524,0.661606,0.661180,0.661262,50
2023-08-04 20:00:00,0.661262,0.661442,0.661137,0.661316,50
2023-08-04 21:00:00,0.661316,0.661887,0.660945,0.661516,50
2023-08-04 22:00:00,0.661516,0.661944,0.661082,0.661510,50
2023-08-04 23:00:00,0.661510,0.661614,0.660398,0.660502,50
2023-08-07 00:00:00,0.660502,0.660751,0.660412,0.660661,50
2023-08-07 01:00:00,0.660661,0.661388,0.660599,0.661326,50
2023-08-07 02:00:00,0.661326,0.661332,0.660962,0.660968,50
2023-08-07 03:00:00,0.660968,0.661258,0.660417,0.660707,50
2023-08-07 04:00:00,0.660707,0.660997,0.660576,0.660866,50
2023-08-07 05:00:00,0.660866,0.661074,0.659814,0.660022,50
2023-08-07 06:00:00,0.660022,0.660602,0.659855,0.660436,50
2023-08-07 07:00:00,0.660436,0.660737,0.659360,0.659660,50
2023-08-07 08:00:00,0.659660,0.659684,0.659453,0.659476,50
2023-08-07 09:00:00,0.659476,0.659695,0.658171,0.658390,50
2023-08-07 10:00:00,0.658390,0.658677,0.657943,0.658231,50
2023-08-07 11:00:00,0.658231,0.658565,0.658133,0.658468,50
2023-08-07 12:00:00,0.658468,0.658873,0.658318,0.658723,50
2023-08-07 13:00:00,0.658723,0.658839,0.658416,0.658532,50
2023-08-07 14:00:00,0.658532,0.658644,0.656585,0.656697,50
2023-08-07 15:00:00,0.656697,0.657024,0.655687,0.656014,50
2023-08-07 16:00:00,0.656014,0.656093,0.655644,0.655723,50
2023-08-07 17:00:00,0.655723,0.656376,0.655468,0.656121,50
2023-08-07 18:00:00,0.656121,0.656137,0.655791,0.655806,50
2023-08-07 19:00:00,0.655806,0.656363,0.655536,0.656093,50
2023-08-07 20:00:00,0.656093,0.656121,0.656065,0.656093,50
2023-08-07 21:00:00,0.656093,0.656366,0.655287,0.655560,50
2023-08-07 22:00:00,0.655560,0.656346,0.655537,0.656323,50
2023-08-07 23:00:00,0.656323,0.656458,0.656249,0.656383,50
2023-08-08 00:00:00,0.656383,0.656734,0.654991,0.655341,50
2023-08-08 01:00:00,0.655341,0.655398,0.655027,0.655083,50
2023-08-08 02:00:00,0.655083,0.655769,0.654864,0.655550,50
2023-08-08 03:00:00,0.655550,0.656129,0.655243,0.655822,50
2023-08-08 04:00:00,0.655822,0.656742,0.655807,0.656728,50
2023-08-08 05:00:00,0.656728,0.657124,0.656228,0.656625,50
2023-08-08 06:00:00,0.656625,0.657060,0.656387,0.656822,50
2023-08-08 07:00:00,0.656822,0.657572,0.656634,0.657384,50
2023-08-08 08:00:00,0.657384,0.657554,0.656828,0.656998,50
2023-08-08 09:00:00,0.656998,0.657458,0.656619,0.657079,50
2023-08-08 10:00:00,0.657079,0.657301,0.655473,0.655695,50
2023-08-08 11:00:00,0.655695,0.655880,0.654883,0.655068,50
2023-08-08 12:00:00,0.655068,0.655468,0.652668,0.653069,50
2023-08-08 13:00:00,0.653069,0.653347,0.652992,0.653270,50
2023-08-08 14:00:00,0.653270,0.653465,0.652814,0.653009,50
2023-08-08 15:00:00,0.653009,0.653915,0.652620,0.653526,50
2023-08-08 16:00:00,0.653526,0.653878,0.652904,0.653256,50
2023-08-08 17:00:00,0.653256,0.653583,0.652132,0.652459,50
2023-08-08 18:00:00,0.652459,0.652817,0.652051,0.652409,50
2023-08-08 19:00:00,0.652409,0.652471,0.651733,0.651795,50
2023-08-08 20:00:00,0.651795,0.652408,0.651513,0.652125,50
2023-08-08 21:00:00,0.652125,0.652337,0.650990,0.651202,50
2023-08-08 22:00:00,0.651202,0.652435,0.650782,0.652015,50
2023-08-08 23:00:00,0.652015,0.652425,0.650971,0.651381,50
2023-08-09 00:00:00,0.651381,0.651480,0.651067,0.651166,50
2023-08-09 01:00:00,0.651166,0.651331,0.651130,0.651295,50
2023-08-09 02:00:00,0.651295,0.651374,0.650987,0.651066,50
2023-08-09 03:00:00,0.651066,0.651129,0.650950,0.651013,50
2023-08-09 04:00:00,0.651013,0.651163,0.650931,0.651081,50
2023-08-09 05:00:00,0.651081,0.651198,0.650838,0.650955,50
2023-08-09 06:00:00,0.650955,0.651258,0.650892,0.651195,50
2023-08-09 07:00:00,0.651195,0.651237,0.651115,0.651158,50
2023-08-09 08:00:00,0.651158,0.651481,0.651102,0.651425,50
2023-08-09 09:00:00,0.651425,0.651700,0.651342,0.651617,50
2023-08-09 10:00:00,0.651617,0.651807,0.651499,0.651690,50
2023-08-09 11:00:00,0.651690,0.652341,0.651574,0.652225,50
2023-08-09 12:00:00,0.652225,0.652261,0.652135,0.652171,50
2023-08-09 13:00:00,0.652171,0.652182,0.652035,0.652047,50
2023-08-09 14:00:00,0.652047,0.652330,0.651935,0.652219,50
2023-08-09 15:00:00,0.652219,0.652243,0.652154,0.652178,50
2023-08-09 16:00:00,0.652178,0.652279,0.652098,0.652199,50
2023-08-09 17:00:00,0.652199,0.652217,0.652176,0.652193,50
2023-08-09 18:00:00,0.652193,0.652252,0.652050,0.652109,50
2023-08-09 19:00:00,0.652109,0.652464,0.652024,0.652379,50
2023-08-09 20:00:00,0.652379,0.652491,0.652236,0.652348,50
2023-08-09 21:00:00,0.652348,0.652569,0.652306,0.652527,50
2023-08-09 22:00:00,0.652527,0.652795,0.652477,0.652745,50
2023-08-09 23:00:00,0.652745,0.652840,0.652391,0.652486,50
2023-08-10 00:00:00,0.652486,0.653620,0.652230,0.653364,50
2023-08-10 01:00:00,0.653364,0.653552,0.653116,0.653304,50
2023-08-10 02:00:00,0.653304,0.653704,0.653124,0.653524,50
2023-08-10 03:00:00,0.653524,0.656249,0.653387,0.656112,50
2023-08-10 04:00:00,0.656112,0.656163,0.653200,0.653251,50
2023-08-10 05:00:00,0.653251,0.655435,0.653248,0.655432,50
2023-08-10 06:00:00,0.655432,0.655583,0.654860,0.655011,50
2023-08-10 07:00:00,0.655011,0.655231,0.653834,0.654054,50
2023-08-10 08:00:00,0.654054,0.656262,0.653787,0.655995,50
2023-08-10 09:00:00,0.655995,0.656362,0.655970,0.656336,50
2023-08-10 10:00:00,0.656336,0.656354,0.655520,0.655538,50
2023-08-10 11:00:00,0.655538,0.655556,0.653449,0.653467,50
2023-08-10 12:00:00,0.653467,0.653812,0.653426,0.653771,50
2023-08-10 13:00:00,0.653771,0.653974,0.651641,0.651844,50
2023-08-10 14:00:00,0.651844,0.652697,0.651662,0.652515,50
2023-08-10 15:00:00,0.652515,0.653605,0.652296,0.653386,50
2023-08-10 16:00:00,0.653386,0.655297,0.653282,0.655193,50
2023-08-10 17:00:00,0.655193,0.655239,0.654211,0.654257,50
2023-08-10 18:00:00,0.654257,0.655576,0.654024,0.655343,50
2023-08-10 19:00:00,0.655343,0.655993,0.655074,0.655724,50
2023-08-10 20:00:00,0.655724,0.655756,0.654531,0.654563,50
2023-08-10 21:00:00,0.654563,0.655049,0.654548,0.655034,50
2023-08-10 22:00:00,0.655034,0.655319,0.655005,0.655290,50
2023-08-10 23:00:00,0.655290,0.655781,0.655203,0.655695,50
2023-08-11 00:00:00,0.655695,0.657191,0.655199,0.656695,50
2023-08-11 01:00:00,0.656695,0.656913,0.656558,0.656776,50
2023-08-11 02:00:00,0.656776,0.657127,0.655803,0.656154,50
2023-08-11 03:00:00,0.656154,0.657040,0.656086,0.656972,50
2023-08-11 04:00:00,0.656972,0.657129,0.655652,0.655808,50
2023-08-11 05:00:00,0.655808,0.656004,0.653785,0.653981,50
2023-08-11 06:00:00,0.653981,0.655498,0.653734,0.655251,50
2023-08-11 07:00:00,0.655251,0.655589,0.653085,0.653423,50
2023-08-11 08:00:00,0.653423,0.653620,0.652933,0.653130,50
2023-08-11 09:00:00,0.653130,0.653736,0.652934,0.653540,50
2023-08-11 10:00:00,0.653540,0.654573,0.653120,0.654153,50
2023-08-11 11:00:00,0.654153,0.654351,0.653279,0.653477,50
2023-08-11 12:00:00,0.653477,0.655358,0.653105,0.654987,50
2023-08-11 13:00:00,0.654987,0.655387,0.651605,0.652005,50
2023-08-11 14:00:00,0.652005,0.652489,0.651095,0.651579,50
2023-08-11 15:00:00,0.651579,0.651701,0.650084,0.650206,50
2023-08-11 16:00:00,0.650206,0.650339,0.649777,0.649910,50
2023-08-11 17:00:00,0.649910,0.650315,0.648745,0.649150,50
2023-08-11 18:00:00,0.649150,0.649302,0.648666,0.648817,50
2023-08-11 19:00:00,0.648817,0.649088,0.648288,0.648558,50
2023-08-11 20:00:00,0.648558,0.648726,0.647863,0.648031,50
2023-08-11 21:00:00,0.648031,0.650643,0.647541,0.650153,50
2023-08-11 22:00:00,0.650153,0.651757,0.649886,0.651489,50
2023-08-11 23:00:00,0.651489,0.651596,0.649201,0.649308,50
2023-08-14 00:00:00,0.649308,0.649338,0.648453,0.648482,50
2023-08-14 01:00:00,0.648482,0.649139,0.648384,0.649041,50
2023-08-14 02:00:00,0.649041,0.649646,0.648984,0.649589,50
2023-08-14 03:00:00,0.649589,0.649887,0.649492,0.649790,50
2023-08-14 04:00:00,0.649790,0.649895,0.649673,0.649778,50
2023-08-14 05:00:00,0.649778,0.650284,0.649694,0.650200,50
2023-08-14 06:00:00,0.650200,0.650395,0.650124,0.650319,50
2023-08-14 07:00:00,0.650319,0.650400,0.650017,0.650098,50
2023-08-14 08:00:00,0.650098,0.650116,0.649713,0.649732,50
2023-08-14 09:00:00,0.649732,0.649817,0.648872,0.648957,50
2023-08-14 10:00:00,0.648957,0.649066,0.648646,0.648755,50
2023-08-14 11:00:00,0.648755,0.648833,0.648455,0.648533,50
2023-08-14 12:00:00,0.648533,0.649097,0.648456,0.649019,50
2023-08-14 13:00:00,0.649019,0.650110,0.648924,0.650015,50
2023-08-14 14:00:00,0.650015,0.650083,0.649746,0.649814,50
2023-08-14 15:00:00,0.649814,0.650542,0.649703,0.650431,50
2023-08-14 16:00:00,0.650431,0.650531,0.650154,0.650254,50
2023-08-14 17:00:00,0.650254,0.650258,0.650188,0.650192,50
2023-08-14 18:00:00,0.650192,0.650279,0.649856,0.649943,50
2023-08-14 19:00:00,0.649943,0.650203,0.649882,0.650141,50
2023-08-14 20:00:00,0.650141,0.650216,0.649892,0.649966,50
2023-08-14 21:00:00,0.649966,0.650008,0.649770,0.649812,50
2023-08-14 22:00:00,0.649812,0.649921,0.649299,0.649409,50
2023-08-14 23:00:00,0.649409,0.649632,0.649380,0.649604,50
2023-08-15 00:00:00,0.649604,0.649790,0.649534,0.649721,50
2023-08-15 01:00:00,0.649721,0.649726,0.649691,0.649695,50
2023-08-15 02:00:00,0.649695,0.649977,0.649683,0.649966,50
2023-08-15 03:00:00,0.649966,0.650055,0.649817,0.649906,50
2023-08-15 04:00:00,0.649906,0.649921,0.649757,0.649772,50
2023-08-15 05:00:00,0.649772,0.649818,0.649559,0.649605,50
2023-08-15 06:00:00,0.649605,0.649686,0.649171,0.649252,50
2023-08-15 07:00:00,0.649252,0.649717,0.649185,0.649650,50
2023-08-15 08:00:00,0.649650,0.650002,0.649566,0.649917,50
2023-08-15 09:00:00,0.649917,0.649918,0.649788,0.649789,50
2023-08-15 10:00:00,0.649789,0.649889,0.649726,0.649826,50
2023-08-15 11:00:00,0.649826,0.649979,0.649794,0.649947,50
2023-08-15 12:00:00,0.649947,0.650027,0.649571,0.649651,50
2023-08-15 13:00:00,0.649651,0.649697,0.649621,0.649667,50
2023-08-15 14:00:00,0.649667,0.649950,0.649563,0.649846,50
2023-08-15 15:00:00,0.649846,0.649917,0.649806,0.649877,50
2023-08-15 16:00:00,0.649877,0.649902,0.649406,0.649431,50
2023-08-15 17:00:00,0.649431,0.649496,0.649169,0.649234,50
2023-08-15 18:00:00,0.649234,0.649249,0.648904,0.648919,50
2023-08-15 19:00:00,0.648919,0.649013,0.648365,0.648459,50
2023-08-15 20:00:00,0.648459,0.648464,0.648419,0.648424,50
2023-08-15 21:00:00,0.648424,0.648664,0.648356,0.648596,50
2023-08-15 22:00:00,0.648596,0.648681,0.648374,0.648459,50
2023-08-15 23:00:00,0.648459,0.648497,0.648345,0.648382,50
2023-08-16 00:00:00,0.648382,0.648788,0.648072,0.648478,50
2023-08-16 01:00:00,0.648478,0.648587,0.647241,0.647349,50
2023-08-16 02:00:00,0.647349,0.647631,0.647232,0.647514,50
2023-08-16 03:00:00,0.647514,0.648655,0.647512,0.648653,50
2023-08-16 04:00:00,0.648653,0.648891,0.648304,0.648541,50
2023-08-16 05:00:00,0.648541,0.648727,0.648158,0.648343,50
2023-08-16 06:00:00,0.648343,0.648660,0.648107,0.648424,50
2023-08-16 07:00:00,0.648424,0.648428,0.648107,0.648111,50
2023-08-16 08:00:00,0.648111,0.648118,0.647180,0.647187,50
2023-08-16 09:00:00,0.647187,0.647459,0.645862,0.646135,50
2023-08-16 10:00:00,0.646135,0.648413,0.646029,0.648308,50
2023-08-16 11:00:00,0.648308,0.648671,0.647728,0.648091,50
2023-08-16 12:00:00,0.648091,0.648339,0.647524,0.647773,50
2023-08-16 13:00:00,0.647773,0.647836,0.647394,0.647458,50
2023-08-16 14:00:00,0.647458,0.647752,0.646373,0.646667,50
2023-08-16 15:00:00,0.646667,0.646953,0.645538,0.645824,50
2023-08-16 16:00:00,0.645824,0.646024,0.644388,0.644588,50
2023-08-16 17:00:00,0.644588,0.644941,0.642768,0.643121,50
2023-08-16 18:00:00,0.643121,0.646977,0.642789,0.646645,50
2023-08-16 19:00:00,0.646645,0.648973,0.646356,0.648685,50
2023-08-16 20:00:00,0.648685,0.649565,0.648379,0.649259,50
2023-08-16 21:00:00,0.649259,0.649518,0.646241,0.646500,50
2023-08-16 22:00:00,0.646500,0.647657,0.646297,0.647455,50
2023-08-16 23:00:00,0.647455,0.647585,0.643868,0.643998,50
2023-08-17 00:00:00,0.643998,0.644103,0.643731,0.643836,50
2023-08-17 01:00:00,0.643836,0.644012,0.643418,0.643593,50
2023-08-17 02:00:00,0.643593,0.644384,0.643569,0.644359,50
2023-08-17 03:00:00,0.644359,0.644508,0.644312,0.644461,50
2023-08-17 04:00:00,0.644461,0.644651,0.643905,0.644095,50
2023-08-17 05:00:00,0.644095,0.644234,0.643557,0.643696,50
2023-08-17 06:00:00,0.643696,0.644012,0.643572,0.643888,50
2023-08-17 07:00:00,0.643888,0.643990,0.643505,0.643606,50
2023-08-17 08:00:00,0.643606,0.643789,0.643594,0.643777,50
2023-08-17 09:00:00,0.643777,0.643851,0.643168,0.643243,50
2023-08-17 10:00:00,0.643243,0.643679,0.643201,0.643637,50
2023-08-17 11:00:00,0.643637,0.644117,0.643589,0.644068,50
2023-08-17 12:00:00,0.644068,0.644160,0.643410,0.643502,50
2023-08-17 13:00:00,0.643502,0.643522,0.643090,0.643110,50
2023-08-17 14:00:00,0.643110,0.643536,0.642951,0.643377,50
2023-08-17 15:00:00,0.643377,0.643405,0.642872,0.642899,50
2023-08-17 16:00:00,0.642899,0.642900,0.642237,0.642238,50
2023-08-17 17:00:00,0.642238,0.642337,0.641598,0.641697,50
2023-08-17 18:00:00,0.641697,0.641846,0.641645,0.641794,50
2023-08-17 19:00:00,0.641794,0.642038,0.641752,0.641995,50
2023-08-17 20:00:00,0.641995,0.642136,0.641538,0.641679,50
2023-08-17 21:00:00,0.641679,0.641803,0.641097,0.641221,50
2023-08-17 22:00:00,0.641221,0.641961,0.641056,0.641796,50
2023-08-17 23:00:00,0.641796,0.641985,0.641495,0.641684,50
2023-08-18 00:00:00,0.641684,0.642530,0.641614,0.642461,50
2023-08-18 01:00:00,0.642461,0.642479,0.642118,0.642137,50
2023-08-18 02:00:00,0.642137,0.642220,0.642072,0.642155,50
2023-08-18 03:00:00,0.642155,0.642230,0.642144,0.642218,50
2023-08-18 04:00:00,0.642218,0.642396,0.642143,0.642320,50
2023-08-18 05:00:00,0.642320,0.642453,0.642226,0.642360,50
2023-08-18 06:00:00,0.642360,0.642468,0.641915,0.642023,50
2023-08-18 07:00:00,0.642023,0.642125,0.641823,0.641924,50
2023-08-18 08:00:00,0.641924,0.641992,0.641629,0.641697,50
2023-08-18 09:00:00,0.641697,0.641825,0.641588,0.641716,50
2023-08-18 10:00:00,0.641716,0.641861,0.641635,0.641781,50
2023-08-18 11:00:00,0.641781,0.641935,0.641704,0.641859,50
2023-08-18 12:00:00,0.641859,0.641865,0.641721,0.641728,50
2023-08-18 13:00:00,0.641728,0.641733,0.641640,0.641645,50
2023-08-18 14:00:00,0.641645,0.641674,0.641322,0.641351,50
2023-08-18 15:00:00,0.641351,0.641454,0.641110,0.641214,50
2023-08-18 16:00:00,0.641214,0.641317,0.640997,0.641101,50
2023-08-18 17:00:00,0.641101,0.641196,0.640828,0.640923,50
2023-08-18 18:00:00,0.640923,0.640979,0.640750,0.640806,50
2023-08-18 19:00:00,0.640806,0.640829,0.640743,0.640766,50
2023-08-18 20:00:00,0.640766,0.640930,0.640722,0.640887,50
2023-08-18 21:00:00,0.640887,0.640996,0.640590,0.640699,50
2023-08-18 22:00:00,0.640699,0.640792,0.640671,0.640765,50
2023-08-18 23:00:00,0.640765,0.641415,0.640663,0.641313,50
2023-08-21 00:00:00,0.641313,0.641374,0.639648,0.639709,50
2023-08-21 01:00:00,0.639709,0.639772,0.639382,0.639446,50
2023-08-21 02:00:00,0.639446,0.639450,0.639065,0.639069,50
2023-08-21 03:00:00,0.639069,0.639156,0.638943,0.639029,50
2023-08-21 04:00:00,0.639029,0.639482,0.638872,0.639324,50
2023-08-21 05:00:00,0.639324,0.639363,0.639309,0.639347,50
2023-08-21 06:00:00,0.639347,0.639769,0.639228,0.639650,50
2023-08-21 07:00:00,0.639650,0.639764,0.639121,0.639235,50
2023-08-21 08:00:00,0.639235,0.639397,0.639011,0.639173,50
2023-08-21 09:00:00,0.639173,0.639216,0.638859,0.638903,50
2023-08-21 10:00:00,0.638903,0.639338,0.638800,0.639234,50
2023-08-21 11:00:00,0.639234,0.639381,0.639222,0.639368,50
2023-08-21 12:00:00,0.639368,0.639392,0.639156,0.639180,50
2023-08-21 13:00:00,0.639180,0.640061,0.639075,0.639957,50
2023-08-21 14:00:00,0.639957,0.640331,0.639925,0.640300,50
2023-08-21 15:00:00,0.640300,0.641257,0.640279,0.641236,50
2023-08-21 16:00:00,0.641236,0.641852,0.641100,0.641715,50
2023-08-21 17:00:00,0.641715,0.641817,0.640230,0.640332,50
2023-08-21 18:00:00,0.640332,0.640502,0.640221,0.640391,50
2023-08-21 19:00:00,0.640391,0.641148,0.640306,0.641064,50
2023-08-21 20:00:00,0.641064,0.641212,0.640674,0.640822,50
2023-08-21 21:00:00,0.640822,0.640926,0.639981,0.640084,50
2023-08-21 22:00:00,0.640084,0.640473,0.640015,0.640403,50
2023-08-21 23:00:00,0.640403,0.640572,0.639136,0.639304,50
2023-08-22 00:00:00,0.639304,0.641017,0.639135,0.640847,50
2023-08-22 01:00:00,0.640847,0.641107,0.640660,0.640919,50
2023-08-22 02:00:00,0.640919,0.641424,0.640683,0.641188,50
2023-08-22 03:00:00,0.641188,0.641242,0.640293,0.640346,50
2023-08-22 04:00:00,0.640346,0.640928,0.640230,0.640813,50
2023-08-22 05:00:00,0.640813,0.641069,0.640376,0.640632,50
2023-08-22 06:00:00,0.640632,0.640754,0.640042,0.640164,50
2023-08-22 07:00:00,0.640164,0.640168,0.640032,0.640036,50
2023-08-22 08:00:00,0.640036,0.640057,0.638643,0.638664,50
2023-08-22 09:00:00,0.638664,0.639613,0.638528,0.639478,50
2023-08-22 10:00:00,0.639478,0.639783,0.639421,0.639725,50
2023-08-22 11:00:00,0.639725,0.640344,0.639616,0.640234,50
2023-08-22 12:00:00,0.640234,0.641580,0.640113,0.641459,50
2023-08-22 13:00:00,0.641459,0.641858,0.641452,0.641852,50
2023-08-22 14:00:00,0.641852,0.641884,0.641757,0.641789,50
2023-08-22 15:00:00,0.641789,0.642265,0.641532,0.642008,50
2023-08-22 16:00:00,0.642008,0.642177,0.640543,0.640712,50
2023-08-22 17:00:00,0.640712,0.640960,0.640550,0.640798,50
2023-08-22 18:00:00,0.640798,0.642005,0.640682,0.641889,50
2023-08-22 19:00:00,0.641889,0.643013,0.641658,0.642782,50
2023-08-22 20:00:00,0.642782,0.642939,0.642251,0.642408,50
2023-08-22 21:00:00,0.642408,0.642646,0.642026,0.642264,50
2023-08-22 22:00:00,0.642264,0.642591,0.642249,0.642576,50
2023-08-22 23:00:00,0.642576,0.642677,0.642407,0.642508,50
2023-08-23 00:00:00,0.642508,0.643710,0.642388,0.643589,50
2023-08-23 01:00:00,0.643589,0.644169,0.643568,0.644148,50
2023-08-23 02:00:00,0.644148,0.644974,0.643930,0.644756,50
2023-08-23 03:00:00,0.644756,0.645252,0.644699,0.645195,50
2023-08-23 04:00:00,0.645195,0.645536,0.645078,0.645419,50
2023-08-23 05:00:00,0.645419,0.645570,0.645401,0.645552,50
2023-08-23 06:00:00,0.645552,0.645638,0.644493,0.644579,50
2023-08-23 07:00:00,0.644579,0.645821,0.644298,0.645540,50
2023-08-23 08:00:00,0.645540,0.646094,0.645445,0.645999,50
2023-08-23 09:00:00,0.645999,0.646339,0.644518,0.644859,50
2023-08-23 10:00:00,0.644859,0.645245,0.644797,0.645182,50
2023-08-23 11:00:00,0.645182,0.645393,0.644345,0.644555,50
2023-08-23 12:00:00,0.644555,0.645746,0.644551,0.645741,50
2023-08-23 13:00:00,0.645741,0.647110,0.645486,0.646855,50
2023-08-23 14:00:00,0.646855,0.647661,0.646486,0.647291,50
2023-08-23 15:00:00,0.647291,0.647502,0.646208,0.646418,50
2023-08-23 16:00:00,0.646418,0.647198,0.646203,0.646983,50
2023-08-23 17:00:00,0.646983,0.647984,0.646795,0.647795,50
2023-08-23 18:00:00,0.647795,0.647982,0.646882,0.647068,50
2023-08-23 19:00:00,0.647068,0.647264,0.646273,0.646469,50
2023-08-23 20:00:00,0.646469,0.646668,0.645166,0.645364,50
2023-08-23 21:00:00,0.645364,0.646355,0.645070,0.646061,50
2023-08-23 22:00:00,0.646061,0.646493,0.646050,0.646482,50
2023-08-23 23:00:00,0.646482,0.647199,0.646197,0.646914,50
2023-08-24 00:00:00,0.646914,0.647895,0.646798,0.647779,50
2023-08-24 01:00:00,0.647779,0.647858,0.647042,0.647122,50
2023-08-24 02:00:00,0.647122,0.647451,0.646617,0.646947,50
2023-08-24 03:00:00,0.646947,0.647290,0.645955,0.646298,50
2023-08-24 04:00:00,0.646298,0.646539,0.645502,0.645742,50
2023-08-24 05:00:00,0.645742,0.646430,0.645594,0.646281,50
2023-08-24 06:00:00,0.646281,0.646509,0.645969,0.646197,50
2023-08-24 07:00:00,0.646197,0.647816,0.645874,0.647493,50
2023-08-24 08:00:00,0.647493,0.647571,0.646346,0.646425,50
2023-08-24 09:00:00,0.646425,0.646722,0.645850,0.646147,50
2023-08-24 10:00:00,0.646147,0.646426,0.644766,0.645045,50
2023-08-24 11:00:00,0.645045,0.645432,0.644912,0.645298,50
2023-08-24 12:00:00,0.645298,0.645438,0.645000,0.645139,50
2023-08-24 13:00:00,0.645139,0.645288,0.645027,0.645175,50
2023-08-24 14:00:00,0.645175,0.645236,0.644670,0.644730,50
2023-08-24 15:00:00,0.644730,0.644953,0.643120,0.643343,50
2023-08-24 16:00:00,0.643343,0.643541,0.642438,0.642636,50
2023-08-24 17:00:00,0.642636,0.642669,0.642027,0.642060,50
2023-08-24 18:00:00,0.642060,0.642245,0.641541,0.641726,50
2023-08-24 19:00:00,0.641726,0.642147,0.641628,0.642049,50
2023-08-24 20:00:00,0.642049,0.642151,0.641748,0.641850,50
2023-08-24 21:00:00,0.641850,0.642945,0.641556,0.642651,50
2023-08-24 22:00:00,0.642651,0.642948,0.642645,0.642942,50
2023-08-24 23:00:00,0.642942,0.642999,0.642535,0.642591,50
2023-08-25 00:00:00,0.642591,0.642692,0.642305,0.642406,50
2023-08-25 01:00:00,0.642406,0.642696,0.642291,0.642581,50
2023-08-25 02:00:00,0.642581,0.642792,0.642377,0.642588,50
2023-08-25 03:00:00,0.642588,0.642768,0.641677,0.641856,50
2023-08-25 04:00:00,0.641856,0.642395,0.641731,0.642270,50
2023-08-25 05:00:00,0.642270,0.642410,0.641487,0.641628,50
2023-08-25 06:00:00,0.641628,0.642451,0.641545,0.642369,50
2023-08-25 07:00:00,0.642369,0.642490,0.640772,0.640893,50
2023-08-25 08:00:00,0.640893,0.642168,0.640751,0.642026,50
2023-08-25 09:00:00,0.642026,0.642113,0.641353,0.641440,50
2023-08-25 10:00:00,0.641440,0.641755,0.641270,0.641585,50
2023-08-25 11:00:00,0.641585,0.642234,0.641584,0.642234,50
2023-08-25 12:00:00,0.642234,0.642443,0.640514,0.640724,50
2023-08-25 13:00:00,0.640724,0.640889,0.639705,0.639870,50
2023-08-25 14:00:00,0.639870,0.639991,0.639841,0.639962,50
2023-08-25 15:00:00,0.639962,0.639969,0.639573,0.639580,50
2023-08-25 16:00:00,0.639580,0.641413,0.639514,0.641347,50
2023-08-25 17:00:00,0.641347,0.642153,0.641246,0.642053,50
2023-08-25 18:00:00,0.642053,0.642155,0.641705,0.641806,50
2023-08-25 19:00:00,0.641806,0.642162,0.641726,0.642082,50
2023-08-25 20:00:00,0.642082,0.642258,0.641924,0.642100,50
2023-08-25 21:00:00,0.642100,0.642228,0.641174,0.641302,50
2023-08-25 22:00:00,0.641302,0.641488,0.640720,0.640906,50
2023-08-25 23:00:00,0.640906,0.641054,0.639934,0.640082,50
2023-08-28 00:00:00,0.640082,0.640136,0.639526,0.639580,50
2023-08-28 01:00:00,0.639580,0.639971,0.639387,0.639778,50
2023-08-28 02:00:00,0.639778,0.640268,0.639670,0.640160,50
2023-08-28 03:00:00,0.640160,0.640341,0.639849,0.640031,50
2023-08-28 04:00:00,0.640031,0.640330,0.639992,0.640291,50
2023-08-28 05:00:00,0.640291,0.641390,0.640111,0.641210,50
2023-08-28 06:00:00,0.641210,0.642091,0.641008,0.641889,50
2023-08-28 07:00:00,0.641889,0.642161,0.641833,0.642105,50
2023-08-28 08:00:00,0.642105,0.642254,0.641787,0.641936,50
2023-08-28 09:00:00,0.641936,0.642341,0.641764,0.642169,50
2023-08-28 10:00:00,0.642169,0.642367,0.641812,0.642010,50
2023-08-28 11:00:00,0.642010,0.642424,0.641885,0.642299,50
2023-08-28 12:00:00,0.642299,0.642415,0.641621,0.641737,50
2023-08-28 13:00:00,0.641737,0.641901,0.640968,0.641132,50
2023-08-28 14:00:00,0.641132,0.641223,0.640767,0.640858,50
2023-08-28 15:00:00,0.640858,0.640937,0.640846,0.640925,50
2023-08-28 16:00:00,0.640925,0.640968,0.640887,0.640930,50
2023-08-28 17:00:00,0.640930,0.641435,0.640922,0.641427,50
2023-08-28 18:00:00,0.641427,0.641887,0.641402,0.641861,50
2023-08-28 19:00:00,0.641861,0.642540,0.641728,0.642406,50
2023-08-28 20:00:00,0.642406,0.642914,0.642231,0.642738,50
2023-08-28 21:00:00,0.642738,0.643169,0.642662,0.643093,50
2023-08-28 22:00:00,0.643093,0.643101,0.642673,0.642681,50
2023-08-28 23:00:00,0.642681,0.642715,0.642557,0.642591,50
2023-08-29 00:00:00,0.642591,0.642795,0.642286,0.642490,50
2023-08-29 01:00:00,0.642490,0.642592,0.641824,0.641927,50
2023-08-29 02:00:00,0.641927,0.643015,0.641836,0.642924,50
2023-08-29 03:00:00,0.642924,0.643408,0.642698,0.643182,50
2023-08-29 04:00:00,0.643182,0.643611,0.643178,0.643608,50
2023-08-29 05:00:00,0.643608,0.644151,0.643388,0.643931,50
2023-08-29 06:00:00,0.643931,0.644080,0.642815,0.642963,50
2023-08-29 07:00:00,0.642963,0.644677,0.642784,0.644497,50
2023-08-29 08:00:00,0.644497,0.644957,0.644254,0.644713,50
2023-08-29 09:00:00,0.644713,0.644801,0.644682,0.644769,50
2023-08-29 10:00:00,0.644769,0.644994,0.644669,0.644894,50
2023-08-29 11:00:00,0.644894,0.644995,0.644183,0.644284,50
2023-08-29 12:00:00,0.644284,0.644552,0.644259,0.644527,50
2023-08-29 13:00:00,0.644527,0.645075,0.644260,0.644808,50
2023-08-29 14:00:00,0.644808,0.645397,0.644786,0.645375,50
2023-08-29 15:00:00,0.645375,0.645647,0.645249,0.645520,50
2023-08-29 16:00:00,0.645520,0.646749,0.645347,0.646575,50
2023-08-29 17:00:00,0.646575,0.646755,0.645862,0.646042,50
2023-08-29 18:00:00,0.646042,0.646486,0.645838,0.646283,50
2023-08-29 19:00:00,0.646283,0.646380,0.646108,0.646206,50
2023-08-29 20:00:00,0.646206,0.646251,0.645864,0.645909,50
2023-08-29 21:00:00,0.645909,0.645943,0.645834,0.645868,50
2023-08-29 22:00:00,0.645868,0.646052,0.645241,0.645425,50
2023-08-29 23:00:00,0.645425,0.646184,0.645152,0.645911,50
2023-08-30 00:00:00,0.645911,0.646009,0.645158,0.645256,50
2023-08-30 01:00:00,0.645256,0.646109,0.645030,0.645883,50
2023-08-30 02:00:00,0.645883,0.645908,0.645857,0.645882,50
2023-08-30 03:00:00,0.645882,0.646059,0.645013,0.645190,50
2023-08-30 04:00:00,0.645190,0.646204,0.644992,0.646006,50
2023-08-30 05:00:00,0.646006,0.646166,0.645268,0.645429,50
2023-08-30 06:00:00,0.645429,0.645641,0.645373,0.645586,50
2023-08-30 07:00:00,0.645586,0.646229,0.645555,0.646198,50
2023-08-30 08:00:00,0.646198,0.646200,0.645509,0.645511,50
2023-08-30 09:00:00,0.645511,0.646299,0.645242,0.646030,50
2023-08-30 10:00:00,0.646030,0.646705,0.645782,0.646456,50
2023-08-30 11:00:00,0.646456,0.646576,0.645963,0.646083,50
2023-08-30 12:00:00,0.646083,0.647295,0.645970,0.647182,50
2023-08-30 13:00:00,0.647182,0.648013,0.646996,0.647827,50
2023-08-30 14:00:00,0.647827,0.647976,0.647317,0.647465,50
2023-08-30 15:00:00,0.647465,0.647550,0.646085,0.646169,50
2023-08-30 16:00:00,0.646169,0.647082,0.645976,0.646889,50
2023-08-30 17:00:00,0.646889,0.647130,0.646774,0.647015,50
2023-08-30 18:00:00,0.647015,0.647394,0.646785,0.647164,50
2023-08-30 19:00:00,0.647164,0.647345,0.646653,0.646834,50
2023-08-30 20:00:00,0.646834,0.646917,0.646411,0.646494,50
2023-08-30 21:00:00,0.646494,0.649662,0.646338,0.649505,50
2023-08-30 22:00:00,0.649505,0.649808,0.649327,0.649630,50
2023-08-30 23:00:00,0.649630,0.649788,0.649362,0.649519,50
2023-08-31 00:00:00,0.649519,0.650205,0.649368,0.650055,50
2023-08-31 01:00:00,0.650055,0.650080,0.649646,0.649671,50
2023-08-31 02:00:00,0.649671,0.650206,0.649444,0.649979,50
2023-08-31 03:00:00,0.649979,0.650160,0.648221,0.648403,50
2023-08-31 04:00:00,0.648403,0.648600,0.648034,0.648231,50
2023-08-31 05:00:00,0.648231,0.648389,0.646621,0.646779,50
2023-08-31 06:00:00,0.646779,0.647563,0.646573,0.647357,50
2023-08-31 07:00:00,0.647357,0.647476,0.646491,0.646611,50
2023-08-31 08:00:00,0.646611,0.646723,0.646590,0.646702,50
2023-08-31 09:00:00,0.646702,0.647072,0.646635,0.647004,50
2023-08-31 10:00:00,0.647004,0.647066,0.646181,0.646243,50
2023-08-31 11:00:00,0.646243,0.647406,0.646018,0.647181,50
2023-08-31 12:00:00,0.647181,0.647255,0.647133,0.647206,50
2023-08-31 13:00:00,0.647206,0.647215,0.646656,0.646665,50
2023-08-31 14:00:00,0.646665,0.648439,0.646461,0.648235,50
2023-08-31 15:00:00,0.648235,0.648420,0.648001,0.648186,50
2023-08-31 16:00:00,0.648186,0.648323,0.647720,0.647857,50
2023-08-31 17:00:00,0.647857,0.648114,0.647770,0.648027,50
2023-08-31 18:00:00,0.648027,0.649241,0.647985,0.649199,50
2023-08-31 19:00:00,0.649199,0.649318,0.647434,0.647554,50
2023-08-31 20:00:00,0.647554,0.647931,0.647377,0.647755,50
2023-08-31 21:00:00,0.647755,0.647943,0.646139,0.646327,50
2023-08-31 22:00:00,0.646327,0.647339,0.646311,0.647323,50
2023-08-31 23:00:00,0.647323,0.647439,0.646672,0.646789,50
2023-09-01 00:00:00,0.646789,0.647009,0.646684,0.646905,50
2023-09-01 01:00:00,0.646905,0.647217,0.646825,0.647137,50
2023-09-01 02:00:00,0.647137,0.647178,0.647123,0.647164,50
2023-09-01 03:00:00,0.647164,0.647215,0.647040,0.647091,50
2023-09-01 04:00:00,0.647091,0.647118,0.646973,0.647001,50
2023-09-01 05:00:00,0.647001,0.647119,0.646363,0.646480,50
2023-09-01 06:00:00,0.646480,0.646727,0.646352,0.646599,50
2023-09-01 07:00:00,0.646599,0.646697,0.646455,0.646553,50
2023-09-01 08:00:00,0.646553,0.646635,0.645720,0.645802,50
2023-09-01 09:00:00,0.645802,0.645944,0.645583,0.645725,50
2023-09-01 10:00:00,0.645725,0.645822,0.645291,0.645388,50
2023-09-01 11:00:00,0.645388,0.645420,0.645195,0.645227,50
2023-09-01 12:00:00,0.645227,0.645676,0.645084,0.645533,50
2023-09-01 13:00:00,0.645533,0.645660,0.645436,0.645563,50
2023-09-01 14:00:00,0.645563,0.645702,0.645423,0.645563,50
2023-09-01 15:00:00,0.645563,0.645621,0.645214,0.645272,50
2023-09-01 16:00:00,0.645272,0.645680,0.645185,0.645593,50
2023-09-01 17:00:00,0.645593,0.645694,0.645361,0.645462,50
2023-09-01 18:00:00,0.645462,0.645548,0.644818,0.644903,50
2023-09-01 19:00:00,0.644903,0.645323,0.644891,0.645310,50
2023-09-01 20:00:00,0.645310,0.645342,0.645041,0.645073,50
2023-09-01 21:00:00,0.645073,0.645129,0.644917,0.644973,50
2023-09-01 22:00:00,0.644973,0.644976,0.644591,0.644594,50
2023-09-01 23:00:00,0.644594,0.644917,0.644589,0.644912,50
2023-09-05 00:00:00,0.644912,0.646018,0.644454,0.645560,50
2023-09-05 01:00:00,0.645560,0.646574,0.645240,0.646253,50
2023-09-05 02:00:00,0.646253,0.646409,0.645387,0.645543,50
2023-09-05 03:00:00,0.645543,0.646222,0.645437,0.646117,50
2023-09-05 04:00:00,0.646117,0.646572,0.644553,0.645009,50
2023-09-05 05:00:00,0.645009,0.645076,0.644925,0.644992,50
2023-09-05 06:00:00,0.644992,0.645598,0.644534,0.645139,50
2023-09-05 07:00:00,0.645139,0.645414,0.643963,0.644237,50
2023-09-05 08:00:00,0.644237,0.644268,0.643552,0.643583,50
2023-09-05 09:00:00,0.643583,0.643781,0.642288,0.642486,50
2023-09-05 10:00:00,0.642486,0.642795,0.640803,0.641111,50
2023-09-05 11:00:00,0.641111,0.641551,0.639344,0.639785,50
2023-09-05 12:00:00,0.639785,0.639998,0.638703,0.638916,50
2023-09-05 13:00:00,0.638916,0.639313,0.637161,0.637558,50
2023-09-05 14:00:00,0.637558,0.638542,0.637083,0.638067,50
2023-09-05 15:00:00,0.638067,0.638838,0.637754,0.638525,50
2023-09-05 16:00:00,0.638525,0.638609,0.637974,0.638059,50
2023-09-05 17:00:00,0.638059,0.638799,0.637891,0.638632,50
2023-09-05 18:00:00,0.638632,0.640058,0.638208,0.639634,50
2023-09-05 19:00:00,0.639634,0.640378,0.639352,0.640097,50
2023-09-05 20:00:00,0.640097,0.640419,0.639622,0.639944,50
2023-09-05 21:00:00,0.639944,0.640434,0.637462,0.637952,50
2023-09-05 22:00:00,0.637952,0.638209,0.636603,0.636861,50
2023-09-05 23:00:00,0.636861,0.638722,0.636342,0.638203,50
2023-09-06 00:00:00,0.638203,0.638295,0.638111,0.638203,50
2023-09-06 01:00:00,0.638203,0.638278,0.638127,0.638203,50
2023-09-06 02:00:00,0.638203,0.638213,0.638192,0.638203,50
2023-09-06 03:00:00,0.638203,0.638311,0.638095,0.638203,50
2023-09-06 04:00:00,0.638203,0.638296,0.638110,0.638203,50
2023-09-06 05:00:00,0.638203,0.638209,0.638197,0.638203,50
2023-09-06 06:00:00,0.638203,0.638249,0.638157,0.638203,50
2023-09-06 07:00:00,0.638203,0.638213,0.638193,0.638203,50
2023-09-06 08:00:00,0.638203,0.638308,0.638098,0.638203,50
2023-09-06 09:00:00,0.638203,0.638253,0.638152,0.638203,50
2023-09-06 10:00:00,0.638203,0.638269,0.638137,0.638203,50
2023-09-06 11:00:00,0.638203,0.638260,0.638146,0.638203,50
2023-09-06 12:00:00,0.638203,0.638310,0.638096,0.638203,50
2023-09-06 13:00:00,0.638203,0.638299,0.638106,0.638203,50
2023-09-06 14:00:00,0.638203,0.638246,0.638160,0.638203,50
2023-09-06 15:00:00,0.638203,0.638265,0.638141,0.638203,50
2023-09-06 16:00:00,0.638203,0.638309,0.638096,0.638203,50
2023-09-06 17:00:00,0.638203,0.638283,0.638123,0.638203,50
2023-09-06 18:00:00,0.638203,0.638287,0.638118,0.638203,50
2023-09-06 19:00:00,0.638203,0.638310,0.638096,0.638203,50
2023-09-06 20:00:00,0.638203,0.638246,0.638160,0.638203,50
2023-09-06 21:00:00,0.638203,0.638285,0.638121,0.638203,50
2023-09-06 22:00:00,0.638203,0.638254,0.638152,0.638203,50
2023-09-06 23:00:00,0.638203,0.638230,0.638176,0.638203,50
2023-09-07 00:00:00,0.638203,0.638989,0.638188,0.638974,50
2023-09-07 01:00:00,0.638974,0.639046,0.638644,0.638716,50
2023-09-07 02:00:00,0.638716,0.638785,0.638534,0.638603,50
2023-09-07 03:00:00,0.638603,0.638638,0.637756,0.637792,50
2023-09-07 04:00:00,0.637792,0.637885,0.637627,0.637720,50
2023-09-07 05:00:00,0.637720,0.637797,0.637417,0.637493,50
2023-09-07 06:00:00,0.637493,0.638069,0.637379,0.637954,50
2023-09-07 07:00:00,0.637954,0.638013,0.637475,0.637534,50
2023-09-07 08:00:00,0.637534,0.637664,0.637434,0.637564,50
2023-09-07 09:00:00,0.637564,0.637635,0.637530,0.637601,50
2023-09-07 10:00:00,0.637601,0.637641,0.637595,0.637635,50
2023-09-07 11:00:00,0.637635,0.637728,0.637615,0.637708,50
2023-09-07 12:00:00,0.637708,0.637820,0.637442,0.637553,50
2023-09-07 13:00:00,0.637553,0.637592,0.637105,0.637144,50
2023-09-07 14:00:00,0.637144,0.637401,0.637124,0.637381,50
2023-09-07 15:00:00,0.637381,0.637460,0.637208,0.637288,50
2023-09-07 16:00:00,0.637288,0.637356,0.637176,0.637245,50
2023-09-07 17:00:00,0.637245,0.637439,0.637211,0.637406,50
2023-09-07 18:00:00,0.637406,0.637898,0.637312,0.637804,50
2023-09-07 19:00:00,0.637804,0.637901,0.637673,0.637771,50
2023-09-07 20:00:00,0.637771,0.637937,0.637685,0.637851,50
2023-09-07 21:00:00,0.637851,0.638029,0.637766,0.637944,50
2023-09-07 22:00:00,0.637944,0.638148,0.637867,0.638071,50
2023-09-07 23:00:00,0.638071,0.638114,0.637956,0.637999,50
2023-09-08 00:00:00,0.637999,0.638003,0.637788,0.637791,50
2023-09-08 01:00:00,0.637791,0.637896,0.637744,0.637850,50
2023-09-08 02:00:00,0.637850,0.637914,0.637406,0.637471,50
2023-09-08 03:00:00,0.637471,0.637472,0.637345,0.637347,50
2023-09-08 04:00:00,0.637347,0.637661,0.637303,0.637617,50
2023-09-08 05:00:00,0.637617,0.637748,0.637574,0.637705,50
2023-09-08 06:00:00,0.637705,0.638067,0.637618,0.637980,50
2023-09-08 07:00:00,0.637980,0.638041,0.637815,0.637877,50
2023-09-08 08:00:00,0.637877,0.638524,0.637767,0.638414,50
2023-09-08 09:00:00,0.638414,0.638507,0.638198,0.638290,50
2023-09-08 10:00:00,0.638290,0.638740,0.638192,0.638642,50
2023-09-08 11:00:00,0.638642,0.638729,0.638414,0.638501,50
2023-09-08 12:00:00,0.638501,0.638560,0.638368,0.638428,50
2023-09-08 13:00:00,0.638428,0.638547,0.638414,0.638533,50
2023-09-08 14:00:00,0.638533,0.638586,0.638261,0.638313,50
2023-09-08 15:00:00,0.638313,0.638626,0.638290,0.638603,50
2023-09-08 16:00:00,0.638603,0.638787,0.638592,0.638777,50
2023-09-08 17:00:00,0.638777,0.639195,0.638687,0.639106,50
2023-09-08 18:00:00,0.639106,0.639198,0.638836,0.638928,50
2023-09-08 19:00:00,0.638928,0.639369,0.638822,0.639263,50
2023-09-08 20:00:00,0.639263,0.639296,0.639082,0.639116,50
2023-09-08 21:00:00,0.639116,0.639208,0.639097,0.639189,50
2023-09-08 22:00:00,0.639189,0.639209,0.638761,0.638781,50
2023-09-08 23:00:00,0.638781,0.638878,0.638513,0.638610,50
2023-09-11 00:00:00,0.638610,0.639164,0.638605,0.639159,50
2023-09-11 01:00:00,0.639159,0.640417,0.638855,0.640113,50
2023-09-11 02:00:00,0.640113,0.640171,0.639916,0.639974,50
2023-09-11 03:00:00,0.639974,0.639978,0.639638,0.639642,50
2023-09-11 04:00:00,0.639642,0.640596,0.639254,0.640208,50
2023-09-11 05:00:00,0.640208,0.640389,0.638695,0.638876,50
2023-09-11 06:00:00,0.638876,0.638969,0.637539,0.637632,50
2023-09-11 07:00:00,0.637632,0.638692,0.637346,0.638406,50
2023-09-11 08:00:00,0.638406,0.638444,0.638127,0.638166,50
2023-09-11 09:00:00,0.638166,0.639817,0.637795,0.639446,50
2023-09-11 10:00:00,0.639446,0.640055,0.639415,0.640024,50
2023-09-11 11:00:00,0.640024,0.640630,0.639697,0.640303,50
2023-09-11 12:00:00,0.640303,0.641571,0.640081,0.641350,50
2023-09-11 13:00:00,0.641350,0.641391,0.640384,0.640425,50
2023-09-11 14:00:00,0.640425,0.642332,0.640086,0.641993,50
2023-09-11 15:00:00,0.641993,0.642411,0.641883,0.642301,50
2023-09-11 16:00:00,0.642301,0.642507,0.641471,0.641677,50
2023-09-11 17:00:00,0.641677,0.642813,0.641286,0.642422,50
2023-09-11 18:00:00,0.642422,0.642654,0.642208,0.642441,50
2023-09-11 19:00:00,0.642441,0.644326,0.642228,0.644114,50
2023-09-11 20:00:00,0.644114,0.644278,0.643393,0.643557,50
2023-09-11 21:00:00,0.643557,0.643702,0.643079,0.643224,50
2023-09-11 22:00:00,0.643224,0.644610,0.642820,0.644206,50
2023-09-11 23:00:00,0.644206,0.644260,0.643447,0.643501,50
2023-09-12 00:00:00,0.643501,0.643567,0.642671,0.642737,50
2023-09-12 01:00:00,0.642737,0.643026,0.642664,0.642953,50
2023-09-12 02:00:00,0.642953,0.643058,0.642810,0.642915,50
2023-09-12 03:00:00,0.642915,0.642980,0.642645,0.642711,50
2023-09-12 04:00:00,0.642711,0.643427,0.642650,0.643367,50
2023-09-12 05:00:00,0.643367,0.643417,0.643177,0.643228,50
2023-09-12 06:00:00,0.643228,0.643427,0.643134,0.643333,50
2023-09-12 07:00:00,0.643333,0.643719,0.643249,0.643635,50
2023-09-12 08:00:00,0.643635,0.643725,0.643388,0.643478,50
2023-09-12 09:00:00,0.643478,0.643563,0.643439,0.643524,50
2023-09-12 10:00:00,0.643524,0.643553,0.643294,0.643323,50
2023-09-12 11:00:00,0.643323,0.643912,0.643276,0.643865,50
2023-09-12 12:00:00,0.643865,0.643893,0.643210,0.643239,50
2023-09-12 13:00:00,0.643239,0.643392,0.643199,0.643352,50
2023-09-12 14:00:00,0.643352,0.643384,0.643152,0.643183,50
2023-09-12 15:00:00,0.643183,0.643190,0.642994,0.643002,50
2023-09-12 16:00:00,0.643002,0.643012,0.642096,0.642106,50
2023-09-12 17:00:00,0.642106,0.642539,0.642075,0.642508,50
2023-09-12 18:00:00,0.642508,0.642569,0.641899,0.641960,50
2023-09-12 19:00:00,0.641960,0.642094,0.641861,0.641994,50
2023-09-12 20:00:00,0.641994,0.642445,0.641896,0.642347,50
2023-09-12 21:00:00,0.642347,0.642448,0.641836,0.641938,50
2023-09-12 22:00:00,0.641938,0.642139,0.641895,0.642096,50
2023-09-12 23:00:00,0.642096,0.642303,0.642096,0.642302,50
2023-09-13 00:00:00,0.642302,0.642337,0.641523,0.641558,50
2023-09-13 01:00:00,0.641558,0.641679,0.641459,0.641580,50
2023-09-13 02:00:00,0.641580,0.641896,0.641553,0.641870,50
2023-09-13 03:00:00,0.641870,0.642033,0.641767,0.641930,50
2023-09-13 04:00:00,0.641930,0.641973,0.641741,0.641784,50
2023-09-13 05:00:00,0.641784,0.642149,0.641702,0.642067,50
2023-09-13 06:00:00,0.642067,0.642404,0.642012,0.642349,50
2023-09-13 07:00:00,0.642349,0.642660,0.642284,0.642595,50
2023-09-13 08:00:00,0.642595,0.642802,0.642527,0.642734,50
2023-09-13 09:00:00,0.642734,0.642785,0.642678,0.642729,50
2023-09-13 10:00:00,0.642729,0.643143,0.642614,0.643029,50
2023-09-13 11:00:00,0.643029,0.643066,0.643006,0.643043,50
2023-09-13 12:00:00,0.643043,0.643145,0.642858,0.642960,50
2023-09-13 13:00:00,0.642960,0.643137,0.642846,0.643023,50
2023-09-13 14:00:00,0.643023,0.643066,0.642713,0.642757,50
2023-09-13 15:00:00,0.642757,0.642881,0.642650,0.642774,50
2023-09-13 16:00:00,0.642774,0.642801,0.642758,0.642785,50
2023-09-13 17:00:00,0.642785,0.642847,0.642668,0.642730,50
2023-09-13 18:00:00,0.642730,0.642778,0.642652,0.642700,50
2023-09-13 19:00:00,0.642700,0.642821,0.642588,0.642709,50
2023-09-13 20:00:00,0.642709,0.642823,0.642611,0.642726,50
2023-09-13 21:00:00,0.642726,0.643073,0.642664,0.643012,50
2023-09-13 22:00:00,0.643012,0.643279,0.642939,0.643207,50
2023-09-13 23:00:00,0.643207,0.643236,0.642479,0.642508,50
2023-09-14 00:00:00,0.642508,0.642718,0.642413,0.642623,50
2023-09-14 01:00:00,0.642623,0.643044,0.642575,0.642996,50
2023-09-14 02:00:00,0.642996,0.643002,0.642104,0.642111,50
2023-09-14 03:00:00,0.642111,0.642628,0.641949,0.642466,50
2023-09-14 04:00:00,0.642466,0.643173,0.642414,0.643121,50
2023-09-14 05:00:00,0.643121,0.643396,0.643001,0.643276,50
2023-09-14 06:00:00,0.643276,0.643361,0.643139,0.643223,50
2023-09-14 07:00:00,0.643223,0.643801,0.643173,0.643751,50
2023-09-14 08:00:00,0.643751,0.643788,0.642931,0.642969,50
2023-09-14 09:00:00,0.642969,0.643554,0.642893,0.643478,50
2023-09-14 10:00:00,0.643478,0.643631,0.642879,0.643031,50
2023-09-14 11:00:00,0.643031,0.643596,0.642926,0.643490,50
2023-09-14 12:00:00,0.643490,0.643559,0.643316,0.643385,50
2023-09-14 13:00:00,0.643385,0.644794,0.643311,0.644721,50
2023-09-14 14:00:00,0.644721,0.644858,0.643884,0.644022,50
2023-09-14 15:00:00,0.644022,0.644163,0.643875,0.644017,50
2023-09-14 16:00:00,0.644017,0.644017,0.643971,0.643971,50
2023-09-14 17:00:00,0.643971,0.644108,0.643924,0.644061,50
2023-09-14 18:00:00,0.644061,0.644174,0.643892,0.644005,50
2023-09-14 19:00:00,0.644005,0.644422,0.643980,0.644397,50
2023-09-14 20:00:00,0.644397,0.644468,0.644118,0.644189,50
2023-09-14 21:00:00,0.644189,0.644444,0.644053,0.644308,50
2023-09-14 22:00:00,0.644308,0.645030,0.644171,0.644894,50
2023-09-14 23:00:00,0.644894,0.645031,0.644358,0.644496,50
2023-09-15 00:00:00,0.644496,0.644498,0.644087,0.644089,50
2023-09-15 01:00:00,0.644089,0.645030,0.643996,0.644937,50
2023-09-15 02:00:00,0.644937,0.645045,0.644463,0.644571,50
2023-09-15 03:00:00,0.644571,0.645397,0.644491,0.645317,50
2023-09-15 04:00:00,0.645317,0.645324,0.644609,0.644616,50
2023-09-15 05:00:00,0.644616,0.644676,0.644564,0.644624,50
2023-09-15 06:00:00,0.644624,0.644739,0.644242,0.644357,50
2023-09-15 07:00:00,0.644357,0.644507,0.644351,0.644501,50
2023-09-15 08:00:00,0.644501,0.644581,0.644330,0.644410,50
2023-09-15 09:00:00,0.644410,0.645007,0.644348,0.644945,50
2023-09-15 10:00:00,0.644945,0.645204,0.644853,0.645112,50
2023-09-15 11:00:00,0.645112,0.645191,0.644601,0.644680,50
2023-09-15 12:00:00,0.644680,0.645192,0.644640,0.645152,50
2023-09-15 13:00:00,0.645152,0.645194,0.644216,0.644258,50
2023-09-15 14:00:00,0.644258,0.644286,0.644195,0.644224,50
2023-09-15 15:00:00,0.644224,0.644586,0.644210,0.644572,50
2023-09-15 16:00:00,0.644572,0.644787,0.644476,0.644691,50
2023-09-15 17:00:00,0.644691,0.644928,0.644633,0.644869,50
2023-09-15 18:00:00,0.644869,0.644972,0.644152,0.644256,50
2023-09-15 19:00:00,0.644256,0.644328,0.643611,0.643683,50
2023-09-15 20:00:00,0.643683,0.643684,0.643425,0.643427,50
2023-09-15 21:00:00,0.643427,0.643787,0.643353,0.643713,50
2023-09-15 22:00:00,0.643713,0.643811,0.643677,0.643775,50
2023-09-15 23:00:00,0.643775,0.644249,0.643731,0.644205,50
2023-09-18 00:00:00,0.644205,0.644225,0.644185,0.644205,50
2023-09-18 01:00:00,0.644205,0.644259,0.644152,0.644205,50
2023-09-18 02:00:00,0.644205,0.644247,0.644164,0.644205,50
2023-09-18 03:00:00,0.644205,0.644316,0.644094,0.644205,50
2023-09-18 04:00:00,0.644205,0.644224,0.644187,0.644205,50
2023-09-18 05:00:00,0.644205,0.644270,0.644141,0.644205,50
2023-09-18 06:00:00,0.644205,0.644235,0.644175,0.644205,50
2023-09-18 07:00:00,0.644205,0.644229,0.644181,0.644205,50
2023-09-18 08:00:00,0.644205,0.644320,0.644090,0.644205,50
2023-09-18 09:00:00,0.644205,0.644297,0.644114,0.644205,50
2023-09-18 10:00:00,0.644205,0.644207,0.644204,0.644205,50
2023-09-18 11:00:00,0.644205,0.644208,0.644203,0.644205,50
2023-09-18 12:00:00,0.644205,0.644244,0.644167,0.644205,50
2023-09-18 13:00:00,0.644205,0.644229,0.644181,0.644205,50
2023-09-18 14:00:00,0.644205,0.644306,0.644105,0.644205,50
2023-09-18 15:00:00,0.644205,0.644209,0.644202,0.644205,50
2023-09-18 16:00:00,0.644205,0.644248,0.644163,0.644205,50
2023-09-18 17:00:00,0.644205,0.644270,0.644140,0.644205,50
2023-09-18 18:00:00,0.644205,0.644219,0.644192,0.644205,50
2023-09-18 19:00:00,0.644205,0.644261,0.644150,0.644205,50
2023-09-18 20:00:00,0.644205,0.644262,0.644149,0.644205,50
2023-09-18 21:00:00,0.644205,0.644243,0.644168,0.644205,50
2023-09-18 22:00:00,0.644205,0.644299,0.644112,0.644205,50
2023-09-18 23:00:00,0.644205,0.644254,0.644156,0.644205,50
2023-09-19 00:00:00,0.644205,0.644337,0.643945,0.644076,50
2023-09-19 01:00:00,0.644076,0.644556,0.644009,0.644490,50
2023-09-19 02:00:00,0.644490,0.645160,0.644392,0.645062,50
2023-09-19 03:00:00,0.645062,0.645208,0.645007,0.645153,50
2023-09-19 04:00:00,0.645153,0.645375,0.645148,0.645370,50
2023-09-19 05:00:00,0.645370,0.645468,0.645251,0.645349,50
2023-09-19 06:00:00,0.645349,0.645356,0.645214,0.645221,50
2023-09-19 07:00:00,0.645221,0.645451,0.645213,0.645443,50
2023-09-19 08:00:00,0.645443,0.645723,0.645341,0.645622,50
2023-09-19 09:00:00,0.645622,0.646131,0.645593,0.646102,50
2023-09-19 10:00:00,0.646102,0.646149,0.645625,0.645672,50
2023-09-19 11:00:00,0.645672,0.645715,0.645404,0.645446,50
2023-09-19 12:00:00,0.645446,0.645515,0.644878,0.644946,50
2023-09-19 13:00:00,0.644946,0.645079,0.644877,0.645010,50
2023-09-19 14:00:00,0.645010,0.645028,0.644955,0.644973,50
2023-09-19 15:00:00,0.644973,0.644976,0.644708,0.644711,50
2023-09-19 16:00:00,0.644711,0.645046,0.644601,0.644936,50
2023-09-19 17:00:00,0.644936,0.644952,0.644894,0.644910,50
2023-09-19 18:00:00,0.644910,0.644956,0.644749,0.644795,50
2023-09-19 19:00:00,0.644795,0.645145,0.644688,0.645038,50
2023-09-19 20:00:00,0.645038,0.645233,0.645024,0.645219,50
2023-09-19 21:00:00,0.645219,0.645260,0.645208,0.645249,50
2023-09-19 22:00:00,0.645249,0.645523,0.645201,0.645475,50
2023-09-19 23:00:00,0.645475,0.645838,0.645423,0.645786,50
2023-09-20 00:00:00,0.645786,0.648407,0.645527,0.648148,50
2023-09-20 01:00:00,0.648148,0.648232,0.646337,0.646421,50
2023-09-20 02:00:00,0.646421,0.646502,0.644883,0.644964,50
2023-09-20 03:00:00,0.644964,0.647069,0.644669,0.646774,50
2023-09-20 04:00:00,0.646774,0.648163,0.646561,0.647950,50
2023-09-20 05:00:00,0.647950,0.648278,0.647663,0.647991,50
2023-09-20 06:00:00,0.647991,0.648139,0.645751,0.645899,50
2023-09-20 07:00:00,0.645899,0.647643,0.645570,0.647314,50
2023-09-20 08:00:00,0.647314,0.647412,0.646287,0.646385,50
2023-09-20 09:00:00,0.646385,0.646912,0.646047,0.646574,50
2023-09-20 10:00:00,0.646574,0.648884,0.646372,0.648683,50
2023-09-20 11:00:00,0.648683,0.648907,0.648354,0.648579,50
2023-09-20 12:00:00,0.648579,0.648985,0.648268,0.648675,50
2023-09-20 13:00:00,0.648675,0.648890,0.647441,0.647656,50
2023-09-20 14:00:00,0.647656,0.648170,0.647550,0.648064,50
2023-09-20 15:00:00,0.648064,0.649211,0.647853,0.649001,50
2023-09-20 16:00:00,0.649001,0.649639,0.649000,0.649638,50
2023-09-20 17:00:00,0.649638,0.649760,0.648979,0.649101,50
2023-09-20 18:00:00,0.649101,0.649453,0.648791,0.649143,50
2023-09-20 19:00:00,0.649143,0.649178,0.648916,0.648951,50
2023-09-20 20:00:00,0.648951,0.649561,0.648703,0.649314,50
2023-09-20 21:00:00,0.649314,0.649511,0.648772,0.648969,50
2023-09-20 22:00:00,0.648969,0.649476,0.648919,0.649426,50
2023-09-20 23:00:00,0.649426,0.649917,0.649408,0.649899,50
2023-09-21 00:00:00,0.649899,0.651486,0.649848,0.651435,50
2023-09-21 01:00:00,0.651435,0.651495,0.649972,0.650031,50
2023-09-21 02:00:00,0.650031,0.650578,0.648935,0.649482,50
2023-09-21 03:00:00,0.649482,0.649749,0.649085,0.649352,50
2023-09-21 04:00:00,0.649352,0.649593,0.646216,0.646457,50
2023-09-21 05:00:00,0.646457,0.646674,0.645838,0.646055,50
2023-09-21 06:00:00,0.646055,0.646276,0.645362,0.645583,50
2023-09-21 07:00:00,0.645583,0.645743,0.645253,0.645413,50
2023-09-21 08:00:00,0.645413,0.645431,0.644972,0.644990,50
2023-09-21 09:00:00,0.644990,0.645745,0.644962,0.645716,50
2023-09-21 10:00:00,0.645716,0.646222,0.644122,0.644628,50
2023-09-21 11:00:00,0.644628,0.645196,0.641915,0.642483,50
2023-09-21 12:00:00,0.642483,0.643554,0.642018,0.643089,50
2023-09-21 13:00:00,0.643089,0.643484,0.640288,0.640684,50
2023-09-21 14:00:00,0.640684,0.641540,0.640128,0.640984,50
2023-09-21 15:00:00,0.640984,0.643727,0.640571,0.643314,50
2023-09-21 16:00:00,0.643314,0.643956,0.642759,0.643401,50
2023-09-21 17:00:00,0.643401,0.644455,0.642925,0.643979,50
2023-09-21 18:00:00,0.643979,0.644232,0.642891,0.643144,50
2023-09-21 19:00:00,0.643144,0.644638,0.642978,0.644471,50
2023-09-21 20:00:00,0.644471,0.644836,0.643989,0.644354,50
2023-09-21 21:00:00,0.644354,0.646312,0.643952,0.645910,50
2023-09-21 22:00:00,0.645910,0.646360,0.645121,0.645572,50
2023-09-21 23:00:00,0.645572,0.645816,0.641975,0.642220,50
2023-09-22 00:00:00,0.642220,0.642447,0.641666,0.641893,50
2023-09-22 01:00:00,0.641893,0.642538,0.641797,0.642442,50
2023-09-22 02:00:00,0.642442,0.642552,0.642356,0.642466,50
2023-09-22 03:00:00,0.642466,0.642744,0.642403,0.642681,50
2023-09-22 04:00:00,0.642681,0.643114,0.642476,0.642909,50
2023-09-22 05:00:00,0.642909,0.643809,0.642866,0.643766,50
2023-09-22 06:00:00,0.643766,0.644041,0.643593,0.643868,50
2023-09-22 07:00:00,0.643868,0.644114,0.643326,0.643572,50
2023-09-22 08:00:00,0.643572,0.644119,0.643332,0.643878,50
2023-09-22 09:00:00,0.643878,0.644853,0.643793,0.644769,50
2023-09-22 10:00:00,0.644769,0.645001,0.644647,0.644878,50
2023-09-22 11:00:00,0.644878,0.645939,0.644673,0.645733,50
2023-09-22 12:00:00,0.645733,0.646081,0.645552,0.645900,50
2023-09-22 13:00:00,0.645900,0.646126,0.645442,0.645669,50
2023-09-22 14:00:00,0.645669,0.645855,0.645411,0.645598,50
2023-09-22 15:00:00,0.645598,0.645630,0.645279,0.645311,50
2023-09-22 16:00:00,0.645311,0.645326,0.644817,0.644832,50
2023-09-22 17:00:00,0.644832,0.645224,0.644678,0.645070,50
2023-09-22 18:00:00,0.645070,0.645241,0.644670,0.644841,50
2023-09-22 19:00:00,0.644841,0.645024,0.644584,0.644767,50
2023-09-22 20:00:00,0.644767,0.644835,0.644633,0.644701,50
2023-09-22 21:00:00,0.644701,0.645159,0.644448,0.644906,50
2023-09-22 22:00:00,0.644906,0.645304,0.644701,0.645099,50
2023-09-22 23:00:00,0.645099,0.645501,0.644884,0.645286,50
2023-09-25 00:00:00,0.645286,0.645326,0.643740,0.643780,50
2023-09-25 01:00:00,0.643780,0.643842,0.642467,0.642529,50
2023-09-25 02:00:00,0.642529,0.644207,0.642299,0.643976,50
2023-09-25 03:00:00,0.643976,0.644098,0.643581,0.643702,50
2023-09-25 04:00:00,0.643702,0.644248,0.643636,0.644183,50
2023-09-25 05:00:00,0.644183,0.644590,0.643969,0.644376,50
2023-09-25 06:00:00,0.644376,0.644439,0.644123,0.644185,50
2023-09-25 07:00:00,0.644185,0.644406,0.642051,0.642272,50
2023-09-25 08:00:00,0.642272,0.642420,0.641210,0.641359,50
2023-09-25 09:00:00,0.641359,0.641942,0.641252,0.641835,50
2023-09-25 10:00:00,0.641835,0.643196,0.641602,0.642963,50
2023-09-25 11:00:00,0.642963,0.643068,0.642934,0.643039,50
2023-09-25 12:00:00,0.643039,0.644282,0.642928,0.644171,50
2023-09-25 13:00:00,0.644171,0.644207,0.644131,0.644166,50
2023-09-25 14:00:00,0.644166,0.644291,0.643411,0.643536,50
2023-09-25 15:00:00,0.643536,0.644419,0.643392,0.644274,50
2023-09-25 16:00:00,0.644274,0.645180,0.644061,0.644966,50
2023-09-25 17:00:00,0.644966,0.645661,0.644931,0.645626,50
2023-09-25 18:00:00,0.645626,0.646199,0.645368,0.645941,50
2023-09-25 19:00:00,0.645941,0.646052,0.645664,0.645775,50
2023-09-25 20:00:00,0.645775,0.645814,0.645154,0.645193,50
2023-09-25 21:00:00,0.645193,0.645376,0.643490,0.643673,50
2023-09-25 22:00:00,0.643673,0.643907,0.643304,0.643539,50
2023-09-25 23:00:00,0.643539,0.643707,0.641845,0.642013,50
2023-09-26 00:00:00,0.642013,0.642265,0.641905,0.642156,50
2023-09-26 01:00:00,0.642156,0.642359,0.642032,0.642235,50
2023-09-26 02:00:00,0.642235,0.642356,0.642128,0.642249,50
2023-09-26 03:00:00,0.642249,0.642407,0.642159,0.642318,50
2023-09-26 04:00:00,0.642318,0.642329,0.642075,0.642086,50
2023-09-26 05:00:00,0.642086,0.642132,0.641740,0.641785,50
2023-09-26 06:00:00,0.641785,0.641801,0.641651,0.641667,50
2023-09-26 07:00:00,0.641667,0.641714,0.641417,0.641464,50
2023-09-26 08:00:00,0.641464,0.641592,0.641387,0.641515,50
2023-09-26 09:00:00,0.641515,0.641570,0.641482,0.641538,50
2023-09-26 10:00:00,0.641538,0.641638,0.641362,0.641461,50
2023-09-26 11:00:00,0.641461,0.641542,0.641243,0.641324,50
2023-09-26 12:00:00,0.641324,0.641446,0.641006,0.641129,50
2023-09-26 13:00:00,0.641129,0.641164,0.641070,0.641105,50
2023-09-26 14:00:00,0.641105,0.641232,0.640847,0.640974,50
2023-09-26 15:00:00,0.640974,0.641060,0.640953,0.641039,50
2023-09-26 16:00:00,0.641039,0.641135,0.640703,0.640799,50
2023-09-26 17:00:00,0.640799,0.640816,0.640471,0.640488,50
2023-09-26 18:00:00,0.640488,0.640673,0.640427,0.640612,50
2023-09-26 19:00:00,0.640612,0.640706,0.640448,0.640543,50
2023-09-26 20:00:00,0.640543,0.640550,0.640181,0.640188,50
2023-09-26 21:00:00,0.640188,0.640444,0.640079,0.640335,50
2023-09-26 22:00:00,0.640335,0.640533,0.640299,0.640496,50
2023-09-26 23:00:00,0.640496,0.640511,0.640477,0.640492,50
2023-09-27 00:00:00,0.640492,0.640868,0.640341,0.640717,50
2023-09-27 01:00:00,0.640717,0.641025,0.639932,0.640240,50
2023-09-27 02:00:00,0.640240,0.640268,0.640108,0.640137,50
2023-09-27 03:00:00,0.640137,0.640433,0.639699,0.639995,50
2023-09-27 04:00:00,0.639995,0.640171,0.639488,0.639663,50
2023-09-27 05:00:00,0.639663,0.639799,0.639392,0.639528,50
2023-09-27 06:00:00,0.639528,0.639594,0.638840,0.638907,50
2023-09-27 07:00:00,0.638907,0.638981,0.638782,0.638856,50
2023-09-27 08:00:00,0.638856,0.638994,0.638755,0.638894,50
2023-09-27 09:00:00,0.638894,0.638916,0.638157,0.638180,50
2023-09-27 10:00:00,0.638180,0.638365,0.637700,0.637885,50
2023-09-27 11:00:00,0.637885,0.638070,0.637322,0.637507,50
2023-09-27 12:00:00,0.637507,0.637572,0.636696,0.636760,50
2023-09-27 13:00:00,0.636760,0.637005,0.636400,0.636645,50
2023-09-27 14:00:00,0.636645,0.636898,0.636185,0.636439,50
2023-09-27 15:00:00,0.636439,0.636738,0.635956,0.636255,50
2023-09-27 16:00:00,0.636255,0.636492,0.635802,0.636038,50
2023-09-27 17:00:00,0.636038,0.636539,0.635901,0.636401,50
2023-09-27 18:00:00,0.636401,0.637311,0.636315,0.637224,50
2023-09-27 19:00:00,0.637224,0.638070,0.637044,0.637890,50
2023-09-27 20:00:00,0.637890,0.638184,0.636981,0.637275,50
2023-09-27 21:00:00,0.637275,0.637482,0.637196,0.637403,50
2023-09-27 22:00:00,0.637403,0.637665,0.637105,0.637367,50
2023-09-27 23:00:00,0.637367,0.637630,0.636517,0.636780,50
2023-09-28 00:00:00,0.636780,0.637204,0.635559,0.635983,50
2023-09-28 01:00:00,0.635983,0.636470,0.635674,0.636161,50
2023-09-28 02:00:00,0.636161,0.636340,0.635414,0.635594,50
2023-09-28 03:00:00,0.635594,0.636245,0.635110,0.635761,50
2023-09-28 04:00:00,0.635761,0.636751,0.635382,0.636373,50
2023-09-28 05:00:00,0.636373,0.637341,0.635969,0.636937,50
2023-09-28 06:00:00,0.636937,0.637320,0.636925,0.637309,50
2023-09-28 07:00:00,0.637309,0.638025,0.637061,0.637777,50
2023-09-28 08:00:00,0.637777,0.638294,0.637618,0.638135,50
2023-09-28 09:00:00,0.638135,0.638402,0.637498,0.637765,50
2023-09-28 10:00:00,0.637765,0.637935,0.637515,0.637685,50
2023-09-28 11:00:00,0.637685,0.638462,0.637669,0.638446,50
2023-09-28 12:00:00,0.638446,0.638479,0.638208,0.638241,50
2023-09-28 13:00:00,0.638241,0.639164,0.638146,0.639069,50
2023-09-28 14:00:00,0.639069,0.639674,0.638755,0.639360,50
2023-09-28 15:00:00,0.639360,0.640056,0.638950,0.639645,50
2023-09-28 16:00:00,0.639645,0.640167,0.639632,0.640153,50
2023-09-28 17:00:00,0.640153,0.640439,0.639944,0.640230,50
2023-09-28 18:00:00,0.640230,0.642042,0.640220,0.642032,50
2023-09-28 19:00:00,0.642032,0.643199,0.641538,0.642705,50
2023-09-28 20:00:00,0.642705,0.642782,0.642262,0.642339,50
2023-09-28 21:00:00,0.642339,0.643109,0.642154,0.642924,50
2023-09-28 22:00:00,0.642924,0.644060,0.642689,0.643824,50
2023-09-28 23:00:00,0.643824,0.644037,0.642501,0.642715,50
2023-09-29 00:00:00,0.642715,0.643985,0.642582,0.643853,50
2023-09-29 01:00:00,0.643853,0.644020,0.643042,0.643210,50
2023-09-29 02:00:00,0.643210,0.643361,0.642667,0.642818,50
2023-09-29 03:00:00,0.642818,0.643360,0.642787,0.643329,50
2023-09-29 04:00:00,0.643329,0.643365,0.643220,0.643255,50
2023-09-29 05:00:00,0.643255,0.643394,0.642821,0.642960,50
2023-09-29 06:00:00,0.642960,0.643029,0.642584,0.642653,50
2023-09-29 07:00:00,0.642653,0.642777,0.642110,0.642234,50
2023-09-29 08:00:00,0.642234,0.642408,0.642224,0.642398,50
2023-09-29 09:00:00,0.642398,0.642683,0.642388,0.642674,50
2023-09-29 10:00:00,0.642674,0.642675,0.642630,0.642632,50
2023-09-29 11:00:00,0.642632,0.643075,0.642571,0.643015,50
2023-09-29 12:00:00,0.643015,0.643664,0.642902,0.643551,50
2023-09-29 13:00:00,0.643551,0.644374,0.643363,0.644186,50
2023-09-29 14:00:00,0.644186,0.644763,0.644116,0.644693,50
2023-09-29 15:00:00,0.644693,0.645757,0.644537,0.645601,50
2023-09-29 16:00:00,0.645601,0.645759,0.645073,0.645232,50
2023-09-29 17:00:00,0.645232,0.645268,0.644860,0.644896,50
2023-09-29 18:00:00,0.644896,0.644942,0.644306,0.644353,50
2023-09-29 19:00:00,0.644353,0.644450,0.644254,0.644351,50
2023-09-29 20:00:00,0.644351,0.644352,0.644111,0.644111,50
2023-09-29 21:00:00,0.644111,0.644149,0.644018,0.644056,50
2023-09-29 22:00:00,0.644056,0.645138,0.643985,0.645067,50
2023-09-29 23:00:00,0.645067,0.645176,0.645011,0.645120,50
2023-10-02 00:00:00,0.645120,0.647034,0.644727,0.646641,50
2023-10-02 01:00:00,0.646641,0.646726,0.643398,0.643483,50
2023-10-02 02:00:00,0.643483,0.643579,0.639140,0.639236,50
2023-10-02 03:00:00,0.639236,0.640884,0.638622,0.640269,50
2023-10-02 04:00:00,0.640269,0.646292,0.639637,0.645660,50
2023-10-02 05:00:00,0.645660,0.646467,0.645316,0.646123,50
2023-10-02 06:00:00,0.646123,0.646500,0.643336,0.643712,50
2023-10-02 07:00:00,0.643712,0.643867,0.643548,0.643703,50
2023-10-02 08:00:00,0.643703,0.644241,0.642099,0.642637,50
2023-10-02 09:00:00,0.642637,0.642976,0.638175,0.638514,50
2023-10-02 10:00:00,0.638514,0.643006,0.638424,0.642917,50
2023-10-02 11:00:00,0.642917,0.643370,0.638307,0.638760,50
2023-10-02 12:00:00,0.638760,0.638869,0.637177,0.637285,50
2023-10-02 13:00:00,0.637285,0.639660,0.637221,0.639596,50
2023-10-02 14:00:00,0.639596,0.641706,0.639482,0.641593,50
2023-10-02 15:00:00,0.641593,0.641806,0.640443,0.640656,50
2023-10-02 16:00:00,0.640656,0.640861,0.637347,0.637552,50
2023-10-02 17:00:00,0.637552,0.637718,0.637291,0.637457,50
2023-10-02 18:00:00,0.637457,0.640766,0.636918,0.640227,50
2023-10-02 19:00:00,0.640227,0.640615,0.639386,0.639774,50
2023-10-02 20:00:00,0.639774,0.640157,0.637770,0.638153,50
2023-10-02 21:00:00,0.638153,0.638252,0.637360,0.637459,50
2023-10-02 22:00:00,0.637459,0.637917,0.636817,0.637275,50
2023-10-02 23:00:00,0.637275,0.637767,0.637019,0.637511,50
2023-10-03 00:00:00,0.637511,0.638162,0.637237,0.637888,50
2023-10-03 01:00:00,0.637888,0.638561,0.637391,0.638064,50
2023-10-03 02:00:00,0.638064,0.639211,0.637938,0.639085,50
2023-10-03 03:00:00,0.639085,0.639602,0.638043,0.638560,50
2023-10-03 04:00:00,0.638560,0.638909,0.638494,0.638843,50
2023-10-03 05:00:00,0.638843,0.638949,0.637971,0.638076,50
2023-10-03 06:00:00,0.638076,0.638270,0.636882,0.637076,50
2023-10-03 07:00:00,0.637076,0.637367,0.636761,0.637053,50
2023-10-03 08:00:00,0.637053,0.637987,0.636733,0.637668,50
2023-10-03 09:00:00,0.637668,0.638012,0.635878,0.636222,50
2023-10-03 10:00:00,0.636222,0.636786,0.635264,0.635828,50
2023-10-03 11:00:00,0.635828,0.635831,0.634233,0.634235,50
2023-10-03 12:00:00,0.634235,0.634633,0.634046,0.634444,50
2023-10-03 13:00:00,0.634444,0.634748,0.634404,0.634708,50
2023-10-03 14:00:00,0.634708,0.634755,0.634199,0.634246,50
2023-10-03 15:00:00,0.634246,0.634778,0.632991,0.633523,50
2023-10-03 16:00:00,0.633523,0.633881,0.632627,0.632985,50
2023-10-03 17:00:00,0.632985,0.633722,0.632648,0.633386,50
2023-10-03 18:00:00,0.633386,0.633514,0.633352,0.633481,50
2023-10-03 19:00:00,0.633481,0.635624,0.632982,0.635125,50
2023-10-03 20:00:00,0.635125,0.635763,0.631436,0.632075,50
2023-10-03 21:00:00,0.632075,0.632696,0.629102,0.629723,50
2023-10-03 22:00:00,0.629723,0.630273,0.628327,0.628877,50
2023-10-03 23:00:00,0.628877,0.629954,0.628209,0.629287,50
2023-10-04 00:00:00,0.629287,0.632732,0.629041,0.632486,50
2023-10-04 01:00:00,0.632486,0.632675,0.631291,0.631480,50
2023-10-04 02:00:00,0.631480,0.631480,0.630762,0.630763,50
2023-10-04 03:00:00,0.630763,0.630950,0.629058,0.629246,50
2023-10-04 04:00:00,0.629246,0.629568,0.628376,0.628697,50
2023-10-04 05:00:00,0.628697,0.628788,0.628311,0.628402,50
2023-10-04 06:00:00,0.628402,0.630783,0.628233,0.630615,50
2023-10-04 07:00:00,0.630615,0.632604,0.630271,0.632260,50
2023-10-04 08:00:00,0.632260,0.633240,0.631952,0.632932,50
2023-10-04 09:00:00,0.632932,0.632987,0.631668,0.631723,50
2023-10-04 10:00:00,0.631723,0.632949,0.631470,0.632695,50
2023-10-04 11:00:00,0.632695,0.632979,0.630239,0.630524,50
2023-10-04 12:00:00,0.630524,0.631481,0.630401,0.631358,50
2023-10-04 13:00:00,0.631358,0.632604,0.631029,0.632275,50
2023-10-04 14:00:00,0.632275,0.632609,0.631169,0.631502,50
2023-10-04 15:00:00,0.631502,0.632010,0.631361,0.631869,50
2023-10-04 16:00:00,0.631869,0.633584,0.631766,0.633481,50
2023-10-04 17:00:00,0.633481,0.633596,0.633469,0.633584,50
2023-10-04 18:00:00,0.633584,0.634666,0.633516,0.634599,50
2023-10-04 19:00:00,0.634599,0.634699,0.633862,0.633962,50
2023-10-04 20:00:00,0.633962,0.634059,0.630749,0.630845,50
2023-10-04 21:00:00,0.630845,0.631663,0.630819,0.631637,50
2023-10-04 22:00:00,0.631637,0.631670,0.628386,0.628419,50
2023-10-04 23:00:00,0.628419,0.633783,0.628350,0.633714,50
2023-10-05 00:00:00,0.633714,0.634241,0.633657,0.634184,50
2023-10-05 01:00:00,0.634184,0.634260,0.633941,0.634016,50
2023-10-05 02:00:00,0.634016,0.634453,0.633944,0.634381,50
2023-10-05 03:00:00,0.634381,0.634474,0.634173,0.634266,50
2023-10-05 04:00:00,0.634266,0.634282,0.633955,0.633971,50
2023-10-05 05:00:00,0.633971,0.634083,0.633898,0.634010,50
2023-10-05 06:00:00,0.634010,0.634016,0.633667,0.633673,50
2023-10-05 07:00:00,0.633673,0.633722,0.633632,0.633681,50
2023-10-05 08:00:00,0.633681,0.633720,0.633366,0.633405,50
2023-10-05 09:00:00,0.633405,0.633950,0.633398,0.633943,50
2023-10-05 10:00:00,0.633943,0.633986,0.633795,0.633838,50
2023-10-05 11:00:00,0.633838,0.634161,0.633729,0.634052,50
2023-10-05 12:00:00,0.634052,0.634273,0.633939,0.634160,50
2023-10-05 13:00:00,0.634160,0.634414,0.634050,0.634303,50
2023-10-05 14:00:00,0.634303,0.634563,0.634262,0.634522,50
2023-10-05 15:00:00,0.634522,0.634611,0.634277,0.634366,50
2023-10-05 16:00:00,0.634366,0.634497,0.634339,0.634471,50
2023-10-05 17:00:00,0.634471,0.634810,0.634407,0.634746,50
2023-10-05 18:00:00,0.634746,0.635107,0.634744,0.635105,50
2023-10-05 19:00:00,0.635105,0.635365,0.635050,0.635310,50
2023-10-05 20:00:00,0.635310,0.635322,0.635164,0.635176,50
2023-10-05 21:00:00,0.635176,0.635236,0.634916,0.634976,50
2023-10-05 22:00:00,0.634976,0.635054,0.634596,0.634674,50
2023-10-05 23:00:00,0.634674,0.635015,0.634660,0.635001,50
2023-10-06 00:00:00,0.635001,0.639130,0.634695,0.638824,50
2023-10-06 01:00:00,0.638824,0.638884,0.638052,0.638112,50
2023-10-06 02:00:00,0.638112,0.638298,0.637837,0.638023,50
2023-10-06 03:00:00,0.638023,0.638340,0.637231,0.637548,50
2023-10-06 04:00:00,0.637548,0.637850,0.635698,0.635999,50
2023-10-06 05:00:00,0.635999,0.636778,0.635817,0.636597,50
2023-10-06 06:00:00,0.636597,0.636807,0.635581,0.635791,50
2023-10-06 07:00:00,0.635791,0.637233,0.635744,0.637185,50
2023-10-06 08:00:00,0.637185,0.637523,0.635894,0.636232,50
2023-10-06 09:00:00,0.636232,0.636278,0.634079,0.634124,50
2023-10-06 10:00:00,0.634124,0.635677,0.634070,0.635623,50
2023-10-06 11:00:00,0.635623,0.636854,0.635489,0.636720,50
2023-10-06 12:00:00,0.636720,0.636799,0.636152,0.636231,50
2023-10-06 13:00:00,0.636231,0.636975,0.636220,0.636963,50
2023-10-06 14:00:00,0.636963,0.639098,0.636808,0.638943,50
2023-10-06 15:00:00,0.638943,0.638969,0.638854,0.638880,50
2023-10-06 16:00:00,0.638880,0.638954,0.638242,0.638316,50
2023-10-06 17:00:00,0.638316,0.638676,0.638142,0.638502,50
2023-10-06 18:00:00,0.638502,0.638984,0.638342,0.638824,50
2023-10-06 19:00:00,0.638824,0.639022,0.638562,0.638761,50
2023-10-06 20:00:00,0.638761,0.638952,0.638730,0.638921,50
2023-10-06 21:00:00,0.638921,0.639659,0.638787,0.639525,50
2023-10-06 22:00:00,0.639525,0.640491,0.639297,0.640263,50
2023-10-06 23:00:00,0.640263,0.640454,0.639196,0.639386,50
2023-10-10 00:00:00,0.639386,0.639587,0.638606,0.638806,50
2023-10-10 01:00:00,0.638806,0.639160,0.638518,0.638871,50
2023-10-10 02:00:00,0.638871,0.640722,0.638640,0.640491,50
2023-10-10 03:00:00,0.640491,0.640794,0.638360,0.638663,50
2023-10-10 04:00:00,0.638663,0.640540,0.638468,0.640345,50
2023-10-10 05:00:00,0.640345,0.640359,0.640267,0.640281,50
2023-10-10 06:00:00,0.640281,0.640658,0.640007,0.640383,50
2023-10-10 07:00:00,0.640383,0.640705,0.640182,0.640504,50
2023-10-10 08:00:00,0.640504,0.641464,0.640374,0.641333,50
2023-10-10 09:00:00,0.641333,0.643960,0.641101,0.643728,50
2023-10-10 10:00:00,0.643728,0.643732,0.642777,0.642781,50
2023-10-10 11:00:00,0.642781,0.642954,0.641236,0.641409,50
2023-10-10 12:00:00,0.641409,0.643532,0.641407,0.643530,50
2023-10-10 13:00:00,0.643530,0.643562,0.641077,0.641110,50
2023-10-10 14:00:00,0.641110,0.641172,0.639685,0.639747,50
2023-10-10 15:00:00,0.639747,0.640662,0.639561,0.640475,50
2023-10-10 16:00:00,0.640475,0.640725,0.639584,0.639834,50
2023-10-10 17:00:00,0.639834,0.642564,0.639604,0.642334,50
2023-10-10 18:00:00,0.642334,0.642606,0.640076,0.640347,50
2023-10-10 19:00:00,0.640347,0.640505,0.639694,0.639852,50
2023-10-10 20:00:00,0.639852,0.639917,0.639654,0.639720,50
2023-10-10 21:00:00,0.639720,0.641093,0.639642,0.641015,50
2023-10-10 22:00:00,0.641015,0.641924,0.640822,0.641730,50
2023-10-10 23:00:00,0.641730,0.643200,0.641535,0.643004,50
2023-10-11 00:00:00,0.643004,0.643093,0.642530,0.642619,50
2023-10-11 01:00:00,0.642619,0.642708,0.641898,0.641987,50
2023-10-11 02:00:00,0.641987,0.642317,0.641876,0.642206,50
2023-10-11 03:00:00,0.642206,0.642285,0.641430,0.641510,50
2023-10-11 04:00:00,0.641510,0.641531,0.641270,0.641292,50
2023-10-11 05:00:00,0.641292,0.641386,0.640541,0.640634,50
2023-10-11 06:00:00,0.640634,0.640645,0.640225,0.640236,50
2023-10-11 07:00:00,0.640236,0.641202,0.640058,0.641024,50
2023-10-11 08:00:00,0.641024,0.641030,0.640823,0.640829,50
2023-10-11 09:00:00,0.640829,0.640884,0.640281,0.640336,50
2023-10-11 10:00:00,0.640336,0.640899,0.640310,0.640873,50
2023-10-11 11:00:00,0.640873,0.641319,0.640750,0.641197,50
2023-10-11 12:00:00,0.641197,0.641841,0.641072,0.641716,50
2023-10-11 13:00:00,0.641716,0.642187,0.641662,0.642133,50
2023-10-11 14:00:00,0.642133,0.642717,0.642118,0.642702,50
2023-10-11 15:00:00,0.642702,0.642746,0.642458,0.642503,50
2023-10-11 16:00:00,0.642503,0.643348,0.642346,0.643191,50
2023-10-11 17:00:00,0.643191,0.643272,0.642998,0.643080,50
2023-10-11 18:00:00,0.643080,0.643126,0.643045,0.643092,50
2023-10-11 19:00:00,0.643092,0.643630,0.642927,0.643466,50
2023-10-11 20:00:00,0.643466,0.643481,0.642845,0.642861,50
2023-10-11 21:00:00,0.642861,0.643036,0.642366,0.642541,50
2023-10-11 22:00:00,0.642541,0.642542,0.641936,0.641937,50
2023-10-11 23:00:00,0.641937,0.642099,0.640535,0.640697,50
2023-10-12 00:00:00,0.640697,0.640738,0.637492,0.637533,50
2023-10-12 01:00:00,0.637533,0.640836,0.637191,0.640494,50
2023-10-12 02:00:00,0.640494,0.640887,0.639738,0.640131,50
2023-10-12 03:00:00,0.640131,0.642641,0.639647,0.642158,50
2023-10-12 04:00:00,0.642158,0.642536,0.640253,0.640631,50
2023-10-12 05:00:00,0.640631,0.640665,0.639072,0.639106,50
2023-10-12 06:00:00,0.639106,0.639193,0.635965,0.636052,50
2023-10-12 07:00:00,0.636052,0.636453,0.635757,0.636158,50
2023-10-12 08:00:00,0.636158,0.637621,0.636130,0.637593,50
2023-10-12 09:00:00,0.637593,0.640050,0.637336,0.639793,50
2023-10-12 10:00:00,0.639793,0.639940,0.636965,0.637113,50
2023-10-12 11:00:00,0.637113,0.637484,0.636692,0.637063,50
2023-10-12 12:00:00,0.637063,0.637089,0.636584,0.636611,50
2023-10-12 13:00:00,0.636611,0.637461,0.636351,0.637201,50
2023-10-12 14:00:00,0.637201,0.637582,0.635958,0.636338,50
2023-10-12 15:00:00,0.636338,0.636667,0.634645,0.634974,50
2023-10-12 16:00:00,0.634974,0.635511,0.634861,0.635398,50
2023-10-12 17:00:00,0.635398,0.635827,0.634232,0.634661,50
2023-10-12 18:00:00,0.634661,0.634847,0.631745,0.631932,50
2023-10-12 19:00:00,0.631932,0.636139,0.631766,0.635974,50
2023-10-12 20:00:00,0.635974,0.636485,0.634837,0.635348,50
2023-10-12 21:00:00,0.635348,0.636469,0.635014,0.636135,50
2023-10-12 22:00:00,0.636135,0.636279,0.633064,0.633207,50
2023-10-12 23:00:00,0.633207,0.633471,0.633129,0.633392,50
2023-10-13 00:00:00,0.633392,0.634437,0.633224,0.634269,50
2023-10-13 01:00:00,0.634269,0.634516,0.632345,0.632593,50
2023-10-13 02:00:00,0.632593,0.633120,0.632451,0.632978,50
2023-10-13 03:00:00,0.632978,0.633350,0.632765,0.633137,50
2023-10-13 04:00:00,0.633137,0.633262,0.632213,0.632339,50
2023-10-13 05:00:00,0.632339,0.632418,0.632059,0.632138,50
2023-10-13 06:00:00,0.632138,0.632483,0.631256,0.631600,50
2023-10-13 07:00:00,0.631600,0.631769,0.630506,0.630675,50
2023-10-13 08:00:00,0.630675,0.633285,0.630336,0.632946,50
2023-10-13 09:00:00,0.632946,0.633221,0.631207,0.631482,50
2023-10-13 10:00:00,0.631482,0.632966,0.631351,0.632834,50
2023-10-13 11:00:00,0.632834,0.633119,0.632212,0.632497,50
2023-10-13 12:00:00,0.632497,0.633451,0.632406,0.633360,50
2023-10-13 13:00:00,0.633360,0.633664,0.630878,0.631182,50
2023-10-13 14:00:00,0.631182,0.631496,0.630626,0.630939,50
2023-10-13 15:00:00,0.630939,0.631835,0.630646,0.631542,50
2023-10-13 16:00:00,0.631542,0.631731,0.630868,0.631056,50
2023-10-13 17:00:00,0.631056,0.632430,0.630740,0.632114,50
2023-10-13 18:00:00,0.632114,0.632447,0.631320,0.631653,50
2023-10-13 19:00:00,0.631653,0.631740,0.630409,0.630496,50
2023-10-13 20:00:00,0.630496,0.630671,0.629994,0.630168,50
2023-10-13 21:00:00,0.630168,0.630378,0.628550,0.628760,50
2023-10-13 22:00:00,0.628760,0.628945,0.627948,0.628133,50
2023-10-13 23:00:00,0.628133,0.629301,0.627842,0.629010,50
2023-10-16 00:00:00,0.629010,0.629555,0.628940,0.629484,50
2023-10-16 01:00:00,0.629484,0.629878,0.628564,0.628958,50
2023-10-16 02:00:00,0.628958,0.630578,0.628876,0.630496,50
2023-10-16 03:00:00,0.630496,0.631648,0.630167,0.631318,50
2023-10-16 04:00:00,0.631318,0.632939,0.631246,0.632867,50
2023-10-16 05:00:00,0.632867,0.632913,0.631841,0.631887,50
2023-10-16 06:00:00,0.631887,0.632165,0.631879,0.632157,50
2023-10-16 07:00:00,0.632157,0.632424,0.628422,0.628689,50
2023-10-16 08:00:00,0.628689,0.632615,0.628360,0.632286,50
2023-10-16 09:00:00,0.632286,0.632506,0.629542,0.629762,50
2023-10-16 10:00:00,0.629762,0.632592,0.629509,0.632339,50
2023-10-16 11:00:00,0.632339,0.632788,0.632089,0.632538,50
2023-10-16 12:00:00,0.632538,0.632626,0.630321,0.630410,50
2023-10-16 13:00:00,0.630410,0.630814,0.630009,0.630414,50
2023-10-16 14:00:00,0.630414,0.630539,0.628935,0.629060,50
2023-10-16 15:00:00,0.629060,0.630404,0.628758,0.630102,50
2023-10-16 16:00:00,0.630102,0.630281,0.629836,0.630015,50
2023-10-16 17:00:00,0.630015,0.630411,0.629493,0.629889,50
2023-10-16 18:00:00,0.629889,0.632745,0.629860,0.632716,50
2023-10-16 19:00:00,0.632716,0.632898,0.632366,0.632547,50
2023-10-16 20:00:00,0.632547,0.632882,0.631489,0.631823,50
2023-10-16 21:00:00,0.631823,0.632794,0.631639,0.632610,50
2023-10-16 22:00:00,0.632610,0.634004,0.632565,0.633958,50
2023-10-16 23:00:00,0.633958,0.634142,0.633731,0.633914,50
2023-10-17 00:00:00,0.633914,0.633940,0.633128,0.633154,50
2023-10-17 01:00:00,0.633154,0.633481,0.632946,0.633273,50
2023-10-17 02:00:00,0.633273,0.633670,0.633196,0.633593,50
2023-10-17 03:00:00,0.633593,0.634455,0.633495,0.634357,50
2023-10-17 04:00:00,0.634357,0.634381,0.634109,0.634134,50
2023-10-17 05:00:00,0.634134,0.634762,0.634066,0.634695,50
2023-10-17 06:00:00,0.634695,0.635213,0.634677,0.635195,50
2023-10-17 07:00:00,0.635195,0.635239,0.635007,0.635052,50
2023-10-17 08:00:00,0.635052,0.635368,0.634308,0.634624,50
2023-10-17 09:00:00,0.634624,0.635854,0.634386,0.635616,50
2023-10-17 10:00:00,0.635616,0.635756,0.634605,0.634745,50
2023-10-17 11:00:00,0.634745,0.635036,0.634667,0.634958,50
2023-10-17 12:00:00,0.634958,0.635840,0.634730,0.635612,50
2023-10-17 13:00:00,0.635612,0.636687,0.635443,0.636517,50
2023-10-17 14:00:00,0.636517,0.636550,0.636194,0.636227,50
2023-10-17 15:00:00,0.636227,0.637435,0.636055,0.637264,50
2023-10-17 16:00:00,0.637264,0.637563,0.636485,0.636784,50
2023-10-17 17:00:00,0.636784,0.636827,0.636621,0.636664,50
2023-10-17 18:00:00,0.636664,0.636895,0.636054,0.636285,50
2023-10-17 19:00:00,0.636285,0.637376,0.636176,0.637267,50
2023-10-17 20:00:00,0.637267,0.637620,0.637208,0.637562,50
2023-10-17 21:00:00,0.637562,0.637997,0.637315,0.637750,50
2023-10-17 22:00:00,0.637750,0.638115,0.637657,0.638022,50
2023-10-17 23:00:00,0.638022,0.638176,0.637560,0.637714,50
2023-10-18 00:00:00,0.637714,0.637968,0.637387,0.637641,50
2023-10-18 01:00:00,0.637641,0.637697,0.637382,0.637438,50
2023-10-18 02:00:00,0.637438,0.638464,0.637256,0.638282,50
2023-10-18 03:00:00,0.638282,0.638411,0.637205,0.637333,50
2023-10-18 04:00:00,0.637333,0.638017,0.637272,0.637956,50
2023-10-18 05:00:00,0.637956,0.638088,0.637749,0.637880,50
2023-10-18 06:00:00,0.637880,0.638389,0.637582,0.638091,50
2023-10-18 07:00:00,0.638091,0.638311,0.637636,0.637857,50
2023-10-18 08:00:00,0.637857,0.638065,0.637504,0.637712,50
2023-10-18 09:00:00,0.637712,0.638778,0.637407,0.638473,50
2023-10-18 10:00:00,0.638473,0.638797,0.637986,0.638309,50
2023-10-18 11:00:00,0.638309,0.638438,0.638129,0.638258,50
2023-10-18 12:00:00,0.638258,0.638584,0.637966,0.638292,50
2023-10-18 13:00:00,0.638292,0.638595,0.638236,0.638539,50
2023-10-18 14:00:00,0.638539,0.638723,0.637577,0.637761,50
2023-10-18 15:00:00,0.637761,0.638470,0.637481,0.638190,50
2023-10-18 16:00:00,0.638190,0.638471,0.637549,0.637831,50
2023-10-18 17:00:00,0.637831,0.637996,0.637702,0.637867,50
2023-10-18 18:00:00,0.637867,0.638086,0.636857,0.637076,50
2023-10-18 19:00:00,0.637076,0.637153,0.635841,0.635918,50
2023-10-18 20:00:00,0.635918,0.636665,0.635850,0.636597,50
2023-10-18 21:00:00,0.636597,0.636736,0.634192,0.634331,50
2023-10-18 22:00:00,0.634331,0.634411,0.632689,0.632769,50
2023-10-18 23:00:00,0.632769,0.633724,0.632638,0.633593,50
2023-10-19 00:00:00,0.633593,0.633874,0.633565,0.633845,50
2023-10-19 01:00:00,0.633845,0.634028,0.633818,0.634001,50
2023-10-19 02:00:00,0.634001,0.634063,0.633833,0.633894,50
2023-10-19 03:00:00,0.633894,0.633945,0.633671,0.633722,50
2023-10-19 04:00:00,0.633722,0.633834,0.633520,0.633632,50
2023-10-19 05:00:00,0.633632,0.633739,0.633079,0.633187,50
2023-10-19 06:00:00,0.633187,0.633207,0.633016,0.633037,50
2023-10-19 07:00:00,0.633037,0.633374,0.632997,0.633334,50
2023-10-19 08:00:00,0.633334,0.633401,0.633110,0.633177,50
2023-10-19 09:00:00,0.633177,0.633265,0.633004,0.633091,50
2023-10-19 10:00:00,0.633091,0.633250,0.633037,0.633196,50
2023-10-19 11:00:00,0.633196,0.633319,0.633087,0.633210,50
2023-10-19 12:00:00,0.633210,0.633578,0.633205,0.633573,50
2023-10-19 13:00:00,0.633573,0.633652,0.633067,0.633146,50
2023-10-19 14:00:00,0.633146,0.633236,0.632753,0.632843,50
2023-10-19 15:00:00,0.632843,0.632944,0.632391,0.632493,50
2023-10-19 16:00:00,0.632493,0.632729,0.632449,0.632685,50
2023-10-19 17:00:00,0.632685,0.632918,0.632634,0.632867,50
2023-10-19 18:00:00,0.632867,0.632958,0.632703,0.632794,50
2023-10-19 19:00:00,0.632794,0.632858,0.632717,0.632780,50
2023-10-19 20:00:00,0.632780,0.632834,0.632504,0.632557,50
2023-10-19 21:00:00,0.632557,0.632859,0.632444,0.632745,50
2023-10-19 22:00:00,0.632745,0.632765,0.632432,0.632452,50
2023-10-19 23:00:00,0.632452,0.632615,0.632348,0.632511,50
2023-10-20 00:00:00,0.632511,0.632849,0.632494,0.632833,50
2023-10-20 01:00:00,0.632833,0.632857,0.632690,0.632714,50
2023-10-20 02:00:00,0.632714,0.632782,0.632626,0.632693,50
2023-10-20 03:00:00,0.632693,0.632807,0.632651,0.632765,50
2023-10-20 04:00:00,0.632765,0.632790,0.632407,0.632432,50
2023-10-20 05:00:00,0.632432,0.632557,0.632323,0.632448,50
2023-10-20 06:00:00,0.632448,0.632497,0.632141,0.632190,50
2023-10-20 07:00:00,0.632190,0.632217,0.631899,0.631926,50
2023-10-20 08:00:00,0.631926,0.632154,0.631919,0.632147,50
2023-10-20 09:00:00,0.632147,0.632300,0.632085,0.632238,50
2023-10-20 10:00:00,0.632238,0.632381,0.632165,0.632307,50
2023-10-20 11:00:00,0.632307,0.632410,0.631951,0.632054,50
2023-10-20 12:00:00,0.632054,0.632067,0.631908,0.631921,50
2023-10-20 13:00:00,0.631921,0.631955,0.631584,0.631618,50
2023-10-20 14:00:00,0.631618,0.631883,0.631535,0.631801,50
2023-10-20 15:00:00,0.631801,0.631845,0.631313,0.631358,50
2023-10-20 16:00:00,0.631358,0.631601,0.631335,0.631578,50
2023-10-20 17:00:00,0.631578,0.631736,0.631469,0.631627,50
2023-10-20 18:00:00,0.631627,0.631660,0.631331,0.631364,50
2023-10-20 19:00:00,0.631364,0.631852,0.631282,0.631770,50
2023-10-20 20:00:00,0.631770,0.631834,0.631620,0.631683,50
2023-10-20 21:00:00,0.631683,0.631717,0.631368,0.631402,50
2023-10-20 22:00:00,0.631402,0.631706,0.631292,0.631595,50
2023-10-20 23:00:00,0.631595,0.631976,0.631531,0.631912,50
2023-10-23 00:00:00,0.631912,0.631915,0.631809,0.631812,50
2023-10-23 01:00:00,0.631812,0.631852,0.631754,0.631794,50
2023-10-23 02:00:00,0.631794,0.631872,0.631765,0.631844,50
2023-10-23 03:00:00,0.631844,0.631908,0.631730,0.631794,50
2023-10-23 04:00:00,0.631794,0.631849,0.631714,0.631769,50
2023-10-23 05:00:00,0.631769,0.632095,0.631624,0.631950,50
2023-10-23 06:00:00,0.631950,0.632195,0.631908,0.632153,50
2023-10-23 07:00:00,0.632153,0.632312,0.632009,0.632168,50
2023-10-23 08:00:00,0.632168,0.632378,0.632049,0.632259,50
2023-10-23 09:00:00,0.632259,0.632391,0.631929,0.632061,50
2023-10-23 10:00:00,0.632061,0.632134,0.632037,0.632109,50
2023-10-23 11:00:00,0.632109,0.632156,0.631973,0.632020,50
2023-10-23 12:00:00,0.632020,0.632425,0.631917,0.632322,50
2023-10-23 13:00:00,0.632322,0.632489,0.632242,0.632409,50
2023-10-23 14:00:00,0.632409,0.632557,0.632282,0.632430,50
2023-10-23 15:00:00,0.632430,0.632524,0.632413,0.632506,50
2023-10-23 16:00:00,0.632506,0.633434,0.632365,0.633293,50
2023-10-23 17:00:00,0.633293,0.633562,0.633207,0.633476,50
2023-10-23 18:00:00,0.633476,0.633547,0.633411,0.633482,50
2023-10-23 19:00:00,0.633482,0.633735,0.633480,0.633733,50
2023-10-23 20:00:00,0.633733,0.633786,0.633637,0.633690,50
2023-10-23 21:00:00,0.633690,0.634215,0.633549,0.634074,50
2023-10-23 22:00:00,0.634074,0.634099,0.633772,0.633797,50
2023-10-23 23:00:00,0.633797,0.633902,0.633608,0.633714,50
2023-10-24 00:00:00,0.633714,0.634601,0.633604,0.634492,50
2023-10-24 01:00:00,0.634492,0.634684,0.634436,0.634628,50
2023-10-24 02:00:00,0.634628,0.634725,0.634147,0.634244,50
2023-10-24 03:00:00,0.634244,0.634358,0.634054,0.634168,50
2023-10-24 04:00:00,0.634168,0.634805,0.634141,0.634778,50
2023-10-24 05:00:00,0.634778,0.634840,0.634762,0.634824,50
2023-10-24 06:00:00,0.634824,0.635067,0.634751,0.634994,50
2023-10-24 07:00:00,0.634994,0.635071,0.634601,0.634679,50
2023-10-24 08:00:00,0.634679,0.634690,0.634203,0.634214,50
2023-10-24 09:00:00,0.634214,0.634291,0.633698,0.633775,50
2023-10-24 10:00:00,0.633775,0.633838,0.633761,0.633823,50
2023-10-24 11:00:00,0.633823,0.634445,0.633710,0.634331,50
2023-10-24 12:00:00,0.634331,0.634376,0.633675,0.633719,50
2023-10-24 13:00:00,0.633719,0.633910,0.633615,0.633805,50
2023-10-24 14:00:00,0.633805,0.633922,0.633804,0.633921,50
2023-10-24 15:00:00,0.633921,0.634000,0.633265,0.633345,50
2023-10-24 16:00:00,0.633345,0.634248,0.633303,0.634206,50
2023-10-24 17:00:00,0.634206,0.634360,0.634202,0.634356,50
2023-10-24 18:00:00,0.634356,0.634782,0.634270,0.634696,50
2023-10-24 19:00:00,0.634696,0.635360,0.634586,0.635249,50
2023-10-24 20:00:00,0.635249,0.635322,0.635132,0.635205,50
2023-10-24 21:00:00,0.635205,0.635316,0.634943,0.635054,50
2023-10-24 22:00:00,0.635054,0.635071,0.634501,0.634519,50
2023-10-24 23:00:00,0.634519,0.634941,0.634458,0.634880,50
2023-10-25 00:00:00,0.634880,0.634992,0.633072,0.633183,50
2023-10-25 01:00:00,0.633183,0.633287,0.633002,0.633105,50
2023-10-25 02:00:00,0.633105,0.633377,0.633070,0.633341,50
2023-10-25 03:00:00,0.633341,0.633409,0.633165,0.633233,50
2023-10-25 04:00:00,0.633233,0.633469,0.633109,0.633345,50
2023-10-25 05:00:00,0.633345,0.633508,0.633319,0.633482,50
2023-10-25 06:00:00,0.633482,0.633565,0.633198,0.633280,50
2023-10-25 07:00:00,0.633280,0.633365,0.633065,0.633150,50
2023-10-25 08:00:00,0.633150,0.633247,0.633097,0.633194,50
2023-10-25 09:00:00,0.633194,0.633395,0.633191,0.633391,50
2023-10-25 10:00:00,0.633391,0.633696,0.633330,0.633634,50
2023-10-25 11:00:00,0.633634,0.634418,0.633513,0.634298,50
2023-10-25 12:00:00,0.634298,0.635286,0.634190,0.635178,50
2023-10-25 13:00:00,0.635178,0.635282,0.634911,0.635015,50
2023-10-25 14:00:00,0.635015,0.635088,0.634920,0.634992,50
2023-10-25 15:00:00,0.634992,0.635076,0.634784,0.634867,50
2023-10-25 16:00:00,0.634867,0.634965,0.634781,0.634879,50
2023-10-25 17:00:00,0.634879,0.634922,0.634664,0.634707,50
2023-10-25 18:00:00,0.634707,0.635147,0.634586,0.635026,50
2023-10-25 19:00:00,0.635026,0.635129,0.634306,0.634408,50
2023-10-25 20:00:00,0.634408,0.634507,0.633825,0.633923,50
2023-10-25 21:00:00,0.633923,0.633966,0.633722,0.633765,50
2023-10-25 22:00:00,0.633765,0.633830,0.633343,0.633409,50
2023-10-25 23:00:00,0.633409,0.633441,0.633360,0.633392,50
2023-10-26 00:00:00,0.633392,0.633576,0.631965,0.632149,50
2023-10-26 01:00:00,0.632149,0.632310,0.631710,0.631871,50
2023-10-26 02:00:00,0.631871,0.633728,0.631851,0.633709,50
2023-10-26 03:00:00,0.633709,0.633857,0.632771,0.632919,50
2023-10-26 04:00:00,0.632919,0.633328,0.632880,0.633289,50
2023-10-26 05:00:00,0.633289,0.633952,0.633170,0.633832,50
2023-10-26 06:00:00,0.633832,0.634015,0.632294,0.632477,50
2023-10-26 07:00:00,0.632477,0.632589,0.631606,0.631718,50
2023-10-26 08:00:00,0.631718,0.633275,0.631707,0.633264,50
2023-10-26 09:00:00,0.633264,0.633513,0.633171,0.633420,50
2023-10-26 10:00:00,0.633420,0.633538,0.632382,0.632500,50
2023-10-26 11:00:00,0.632500,0.633279,0.632433,0.633213,50
2023-10-26 12:00:00,0.633213,0.633321,0.632981,0.633089,50
2023-10-26 13:00:00,0.633089,0.633680,0.632965,0.633556,50
2023-10-26 14:00:00,0.633556,0.633691,0.631763,0.631898,50
2023-10-26 15:00:00,0.631898,0.632061,0.630590,0.630754,50
2023-10-26 16:00:00,0.630754,0.631551,0.630631,0.631428,50
2023-10-26 17:00:00,0.631428,0.632360,0.631298,0.632231,50
2023-10-26 18:00:00,0.632231,0.632498,0.632158,0.632424,50
2023-10-26 19:00:00,0.632424,0.632520,0.631769,0.631865,50
2023-10-26 20:00:00,0.631865,0.632041,0.631087,0.631263,50
2023-10-26 21:00:00,0.631263,0.632603,0.631148,0.632488,50
2023-10-26 22:00:00,0.632488,0.632650,0.631751,0.631913,50
2023-10-26 23:00:00,0.631913,0.632067,0.631039,0.631194,50
2023-10-27 00:00:00,0.631194,0.631437,0.630861,0.631105,50
2023-10-27 01:00:00,0.631105,0.632725,0.630857,0.632478,50
2023-10-27 02:00:00,0.632478,0.632602,0.631724,0.631848,50
2023-10-27 03:00:00,0.631848,0.632088,0.631328,0.631567,50
2023-10-27 04:00:00,0.631567,0.631787,0.631056,0.631276,50
2023-10-27 05:00:00,0.631276,0.631476,0.630311,0.630511,50
2023-10-27 06:00:00,0.630511,0.630593,0.630309,0.630392,50
2023-10-27 07:00:00,0.630392,0.631215,0.630178,0.631001,50
2023-10-27 08:00:00,0.631001,0.631256,0.630605,0.630860,50
2023-10-27 09:00:00,0.630860,0.632699,0.630545,0.632384,50
2023-10-27 10:00:00,0.632384,0.634117,0.632291,0.634024,50
2023-10-27 11:00:00,0.634024,0.634962,0.633870,0.634807,50
2023-10-27 12:00:00,0.634807,0.635171,0.634564,0.634928,50
2023-10-27 13:00:00,0.634928,0.635971,0.634922,0.635965,50
2023-10-27 14:00:00,0.635965,0.636163,0.635807,0.636005,50
2023-10-27 15:00:00,0.636005,0.636323,0.635197,0.635515,50
2023-10-27 16:00:00,0.635515,0.635720,0.634516,0.634721,50
2023-10-27 17:00:00,0.634721,0.635050,0.634205,0.634534,50
2023-10-27 18:00:00,0.634534,0.634846,0.633870,0.634182,50
2023-10-27 19:00:00,0.634182,0.634499,0.633399,0.633717,50
2023-10-27 20:00:00,0.633717,0.634305,0.633654,0.634241,50
2023-10-27 21:00:00,0.634241,0.634552,0.632948,0.633258,50
2023-10-27 22:00:00,0.633258,0.633504,0.632353,0.632599,50
2023-10-27 23:00:00,0.632599,0.635371,0.632431,0.635203,50
2023-10-30 00:00:00,0.635203,0.635345,0.634656,0.634798,50
2023-10-30 01:00:00,0.634798,0.635512,0.634715,0.635429,50
2023-10-30 02:00:00,0.635429,0.635602,0.635343,0.635515,50
2023-10-30 03:00:00,0.635515,0.635837,0.635382,0.635704,50
2023-10-30 04:00:00,0.635704,0.636485,0.635524,0.636305,50
2023-10-30 05:00:00,0.636305,0.636369,0.635234,0.635298,50
2023-10-30 06:00:00,0.635298,0.635695,0.635222,0.635619,50
2023-10-30 07:00:00,0.635619,0.635791,0.634620,0.634792,50
2023-10-30 08:00:00,0.634792,0.634956,0.634602,0.634766,50
2023-10-30 09:00:00,0.634766,0.635357,0.634629,0.635220,50
2023-10-30 10:00:00,0.635220,0.635358,0.635108,0.635246,50
2023-10-30 11:00:00,0.635246,0.635773,0.635152,0.635680,50
2023-10-30 12:00:00,0.635680,0.635815,0.635515,0.635651,50
2023-10-30 13:00:00,0.635651,0.636291,0.635479,0.636119,50
2023-10-30 14:00:00,0.636119,0.636997,0.636045,0.636924,50
2023-10-30 15:00:00,0.636924,0.637496,0.636917,0.637489,50
2023-10-30 16:00:00,0.637489,0.637606,0.636727,0.636843,50
2023-10-30 17:00:00,0.636843,0.636903,0.635673,0.635733,50
2023-10-30 18:00:00,0.635733,0.638010,0.635550,0.637827,50
2023-10-30 19:00:00,0.637827,0.637988,0.637363,0.637525,50
2023-10-30 20:00:00,0.637525,0.637685,0.635513,0.635673,50
2023-10-30 21:00:00,0.635673,0.635816,0.635207,0.635350,50
2023-10-30 22:00:00,0.635350,0.636178,0.635305,0.636134,50
2023-10-30 23:00:00,0.636134,0.637438,0.636085,0.637389,50
2023-10-31 00:00:00,0.637389,0.638362,0.637256,0.638229,50
2023-10-31 01:00:00,0.638229,0.638385,0.637166,0.637322,50
2023-10-31 02:00:00,0.637322,0.638318,0.637064,0.638060,50
2023-10-31 03:00:00,0.638060,0.638392,0.637572,0.637904,50
2023-10-31 04:00:00,0.637904,0.638476,0.637621,0.638193,50
2023-10-31 05:00:00,0.638193,0.638386,0.637504,0.637698,50
2023-10-31 06:00:00,0.637698,0.638012,0.636349,0.636662,50
2023-10-31 07:00:00,0.636662,0.636740,0.636547,0.636624,50
2023-10-31 08:00:00,0.636624,0.636723,0.635213,0.635312,50
2023-10-31 09:00:00,0.635312,0.635939,0.635217,0.635843,50
2023-10-31 10:00:00,0.635843,0.635897,0.635452,0.635506,50
2023-10-31 11:00:00,0.635506,0.635613,0.634794,0.634902,50
2023-10-31 12:00:00,0.634902,0.635713,0.634594,0.635405,50
2023-10-31 13:00:00,0.635405,0.635727,0.635235,0.635557,50
2023-10-31 14:00:00,0.635557,0.635725,0.634076,0.634244,50
2023-10-31 15:00:00,0.634244,0.634902,0.633965,0.634622,50
2023-10-31 16:00:00,0.634622,0.636140,0.634388,0.635906,50
2023-10-31 17:00:00,0.635906,0.636033,0.635895,0.636023,50
2023-10-31 18:00:00,0.636023,0.636275,0.634924,0.635176,50
2023-10-31 19:00:00,0.635176,0.635223,0.635168,0.635214,50
2023-10-31 20:00:00,0.635214,0.635247,0.633654,0.633686,50
2023-10-31 21:00:00,0.633686,0.633982,0.632712,0.633008,50
2023-10-31 22:00:00,0.633008,0.633211,0.632150,0.632352,50
2023-10-31 23:00:00,0.632352,0.633379,0.632166,0.633192,50
2023-11-01 00:00:00,0.633192,0.633272,0.632674,0.632754,50
2023-11-01 01:00:00,0.632754,0.634629,0.632508,0.634384,50
2023-11-01 02:00:00,0.634384,0.634418,0.632537,0.632571,50
2023-11-01 03:00:00,0.632571,0.633059,0.632485,0.632972,50
2023-11-01 04:00:00,0.632972,0.634249,0.632758,0.634035,50
2023-11-01 05:00:00,0.634035,0.634252,0.633296,0.633514,50
2023-11-01 06:00:00,0.633514,0.633764,0.633023,0.633274,50
2023-11-01 07:00:00,0.633274,0.634697,0.633228,0.634651,50
2023-11-01 08:00:00,0.634651,0.634725,0.633952,0.634027,50
2023-11-01 09:00:00,0.634027,0.634038,0.633311,0.633322,50
2023-11-01 10:00:00,0.633322,0.633579,0.633067,0.633324,50
2023-11-01 11:00:00,0.633324,0.633416,0.633267,0.633359,50
2023-11-01 12:00:00,0.633359,0.634265,0.633107,0.634013,50
2023-11-01 13:00:00,0.634013,0.634317,0.633808,0.634111,50
2023-11-01 14:00:00,0.634111,0.635193,0.633934,0.635016,50
2023-11-01 15:00:00,0.635016,0.635863,0.634997,0.635845,50
2023-11-01 16:00:00,0.635845,0.635954,0.634777,0.634887,50
2023-11-01 17:00:00,0.634887,0.635547,0.634787,0.635448,50
2023-11-01 18:00:00,0.635448,0.636710,0.635254,0.636517,50
2023-11-01 19:00:00,0.636517,0.636741,0.635639,0.635863,50
2023-11-01 20:00:00,0.635863,0.636589,0.635852,0.636578,50
2023-11-01 21:00:00,0.636578,0.637127,0.636365,0.636915,50
2023-11-01 22:00:00,0.636915,0.637167,0.635676,0.635928,50
2023-11-01 23:00:00,0.635928,0.636351,0.635872,0.636294,50
2023-11-02 00:00:00,0.636294,0.637207,0.636045,0.636958,50
2023-11-02 01:00:00,0.636958,0.639047,0.636657,0.638746,50
2023-11-02 02:00:00,0.638746,0.640833,0.638668,0.640755,50
2023-11-02 03:00:00,0.640755,0.641488,0.640623,0.641356,50
2023-11-02 04:00:00,0.641356,0.643401,0.640894,0.642940,50
2023-11-02 05:00:00,0.642940,0.643116,0.639455,0.639631,50
2023-11-02 06:00:00,0.639631,0.639762,0.639326,0.639457,50
2023-11-02 07:00:00,0.639457,0.643854,0.638992,0.643389,50
2023-11-02 08:00:00,0.643389,0.643562,0.641500,0.641673,50
2023-11-02 09:00:00,0.641673,0.643819,0.641259,0.643405,50
2023-11-02 10:00:00,0.643405,0.643642,0.640802,0.641039,50
2023-11-02 11:00:00,0.641039,0.641140,0.639414,0.639515,50
2023-11-02 12:00:00,0.639515,0.641409,0.639134,0.641028,50
2023-11-02 13:00:00,0.641028,0.642269,0.640905,0.642146,50
2023-11-02 14:00:00,0.642146,0.642210,0.638282,0.638346,50
2023-11-02 15:00:00,0.638346,0.641011,0.637924,0.640589,50
2023-11-02 16:00:00,0.640589,0.642195,0.640574,0.642180,50
2023-11-02 17:00:00,0.642180,0.642332,0.640484,0.640636,50
2023-11-02 18:00:00,0.640636,0.640672,0.638803,0.638839,50
2023-11-02 19:00:00,0.638839,0.639195,0.638211,0.638567,50
2023-11-02 20:00:00,0.638567,0.639875,0.638123,0.639430,50
2023-11-02 21:00:00,0.639430,0.639703,0.638805,0.639078,50
2023-11-02 22:00:00,0.639078,0.639242,0.638213,0.638377,50
2023-11-02 23:00:00,0.638377,0.642581,0.638016,0.642220,50
2023-11-03 00:00:00,0.642220,0.645288,0.642188,0.645256,50
2023-11-03 01:00:00,0.645256,0.645663,0.641575,0.641981,50
2023-11-03 02:00:00,0.641981,0.642117,0.640387,0.640523,50
2023-11-03 03:00:00,0.640523,0.644434,0.640047,0.643958,50
2023-11-03 04:00:00,0.643958,0.644225,0.641820,0.642087,50
2023-11-03 05:00:00,0.642087,0.646781,0.641846,0.646540,50
2023-11-03 06:00:00,0.646540,0.649738,0.645880,0.649078,50
2023-11-03 07:00:00,0.649078,0.649348,0.648771,0.649040,50
2023-11-03 08:00:00,0.649040,0.649045,0.646256,0.646260,50
2023-11-03 09:00:00,0.646260,0.646419,0.641570,0.641729,50
2023-11-03 10:00:00,0.641729,0.648923,0.641343,0.648538,50
2023-11-03 11:00:00,0.648538,0.651073,0.647997,0.650532,50
2023-11-03 12:00:00,0.650532,0.650725,0.648435,0.648628,50
2023-11-03 13:00:00,0.648628,0.650571,0.647933,0.649877,50
2023-11-03 14:00:00,0.649877,0.652305,0.649688,0.652116,50
2023-11-03 15:00:00,0.652116,0.652698,0.648416,0.648998,50
2023-11-03 16:00:00,0.648998,0.649613,0.647540,0.648155,50
2023-11-03 17:00:00,0.648155,0.652941,0.647614,0.652399,50
2023-11-03 18:00:00,0.652399,0.652934,0.649752,0.650287,50
2023-11-03 19:00:00,0.650287,0.650448,0.649424,0.649585,50
2023-11-03 20:00:00,0.649585,0.650067,0.645740,0.646221,50
2023-11-03 21:00:00,0.646221,0.648764,0.645890,0.648432,50
2023-11-03 22:00:00,0.648432,0.648788,0.646934,0.647290,50
2023-11-03 23:00:00,0.647290,0.650817,0.647176,0.650703,50
2023-11-06 00:00:00,0.650703,0.650889,0.650640,0.650826,50
2023-11-06 01:00:00,0.650826,0.650959,0.650790,0.650924,50
2023-11-06 02:00:00,0.650924,0.651187,0.650842,0.651106,50
2023-11-06 03:00:00,0.651106,0.651517,0.651055,0.651467,50
2023-11-06 04:00:00,0.651467,0.651468,0.651341,0.651343,50
2023-11-06 05:00:00,0.651343,0.651450,0.650892,0.650999,50
2023-11-06 06:00:00,0.650999,0.651177,0.650926,0.651104,50
2023-11-06 07:00:00,0.651104,0.651222,0.651055,0.651173,50
2023-11-06 08:00:00,0.651173,0.651189,0.651001,0.651017,50
2023-11-06 09:00:00,0.651017,0.651145,0.650919,0.651047,50
2023-11-06 10:00:00,0.651047,0.651163,0.650805,0.650921,50
2023-11-06 11:00:00,0.650921,0.651416,0.650862,0.651357,50
2023-11-06 12:00:00,0.651357,0.651385,0.650855,0.650883,50
2023-11-06 13:00:00,0.650883,0.650978,0.650701,0.650797,50
2023-11-06 14:00:00,0.650797,0.650954,0.650755,0.650912,50
2023-11-06 15:00:00,0.650912,0.650997,0.650609,0.650694,50
2023-11-06 16:00:00,0.650694,0.650796,0.649883,0.649985,50
2023-11-06 17:00:00,0.649985,0.650081,0.649419,0.649516,50
2023-11-06 18:00:00,0.649516,0.649670,0.649497,0.649651,50
2023-11-06 19:00:00,0.649651,0.649868,0.649611,0.649829,50
2023-11-06 20:00:00,0.649829,0.650369,0.649730,0.650270,50
2023-11-06 21:00:00,0.650270,0.650587,0.650257,0.650573,50
2023-11-06 22:00:00,0.650573,0.651160,0.650545,0.651133,50
2023-11-06 23:00:00,0.651133,0.651135,0.650278,0.650280,50
2023-11-07 00:00:00,0.650280,0.650891,0.646556,0.647167,50
2023-11-07 01:00:00,0.647167,0.650758,0.646787,0.650378,50
2023-11-07 02:00:00,0.650378,0.650694,0.649251,0.649567,50
2023-11-07 03:00:00,0.649567,0.650852,0.649504,0.650789,50
2023-11-07 04:00:00,0.650789,0.650849,0.649917,0.649978,50
2023-11-07 05:00:00,0.649978,0.650185,0.649481,0.649689,50
2023-11-07 06:00:00,0.649689,0.649814,0.646605,0.646731,50
2023-11-07 07:00:00,0.646731,0.647186,0.643211,0.643666,50
2023-11-07 08:00:00,0.643666,0.647847,0.643481,0.647662,50
2023-11-07 09:00:00,0.647662,0.647914,0.647419,0.647671,50
2023-11-07 10:00:00,0.647671,0.648046,0.641762,0.642137,50
2023-11-07 11:00:00,0.642137,0.642460,0.641137,0.641460,50
2023-11-07 12:00:00,0.641460,0.644090,0.640897,0.643527,50
2023-11-07 13:00:00,0.643527,0.643928,0.640404,0.640806,50
2023-11-07 14:00:00,0.640806,0.646033,0.640660,0.645887,50
2023-11-07 15:00:00,0.645887,0.646919,0.645676,0.646708,50
2023-11-07 16:00:00,0.646708,0.650972,0.646066,0.650330,50
2023-11-07 17:00:00,0.650330,0.652029,0.650159,0.651859,50
2023-11-07 18:00:00,0.651859,0.652062,0.647322,0.647525,50
2023-11-07 19:00:00,0.647525,0.647946,0.642590,0.643010,50
2023-11-07 20:00:00,0.643010,0.644979,0.642607,0.644576,50
2023-11-07 21:00:00,0.644576,0.644667,0.641492,0.641583,50
2023-11-07 22:00:00,0.641583,0.643848,0.641478,0.643742,50
2023-11-07 23:00:00,0.643742,0.644193,0.641933,0.642385,50
2023-11-08 00:00:00,0.642385,0.642425,0.642105,0.642146,50
2023-11-08 01:00:00,0.642146,0.642776,0.642049,0.642679,50
2023-11-08 02:00:00,0.642679,0.643025,0.642645,0.642991,50
2023-11-08 03:00:00,0.642991,0.643061,0.642237,0.642307,50
2023-11-08 04:00:00,0.642307,0.642318,0.641915,0.641926,50
2023-11-08 05:00:00,0.641926,0.642530,0.641902,0.642505,50
2023-11-08 06:00:00,0.642505,0.642582,0.642197,0.642274,50
2023-11-08 07:00:00,0.642274,0.643149,0.642188,0.643062,50
2023-11-08 08:00:00,0.643062,0.643231,0.643035,0.643203,50
2023-11-08 09:00:00,0.643203,0.643314,0.642207,0.642318,50
2023-11-08 10:00:00,0.642318,0.642415,0.642299,0.642396,50
2023-11-08 11:00:00,0.642396,0.642802,0.642288,0.642694,50
2023-11-08 12:00:00,0.642694,0.642709,0.642527,0.642541,50
2023-11-08 13:00:00,0.642541,0.642600,0.642258,0.642317,50
2023-11-08 14:00:00,0.642317,0.642387,0.641967,0.642036,50
2023-11-08 15:00:00,0.642036,0.642142,0.641998,0.642104,50
2023-11-08 16:00:00,0.642104,0.642147,0.641234,0.641277,50
2023-11-08 17:00:00,0.641277,0.642093,0.641208,0.642024,50
2023-11-08 18:00:00,0.642024,0.642269,0.641968,0.642212,50
2023-11-08 19:00:00,0.642212,0.642380,0.642103,0.642272,50
2023-11-08 20:00:00,0.642272,0.642954,0.642221,0.642904,50
2023-11-08 21:00:00,0.642904,0.642970,0.642082,0.642148,50
2023-11-08 22:00:00,0.642148,0.642215,0.641675,0.641741,50
2023-11-08 23:00:00,0.641741,0.642114,0.641723,0.642096,50
2023-11-09 00:00:00,0.642096,0.642190,0.641813,0.641907,50
2023-11-09 01:00:00,0.641907,0.641964,0.641566,0.641623,50
2023-11-09 02:00:00,0.641623,0.641680,0.641565,0.641622,50
2023-11-09 03:00:00,0.641622,0.642488,0.641519,0.642385,50
2023-11-09 04:00:00,0.642385,0.642483,0.641937,0.642035,50
2023-11-09 05:00:00,0.642035,0.642111,0.642022,0.642098,50
2023-11-09 06:00:00,0.642098,0.642272,0.642071,0.642245,50
2023-11-09 07:00:00,0.642245,0.642341,0.641515,0.641611,50
2023-11-09 08:00:00,0.641611,0.641636,0.641272,0.641296,50
2023-11-09 09:00:00,0.641296,0.641376,0.641080,0.641160,50
2023-11-09 10:00:00,0.641160,0.642008,0.641088,0.641936,50
2023-11-09 11:00:00,0.641936,0.642975,0.641837,0.642876,50
2023-11-09 12:00:00,0.642876,0.643007,0.642782,0.642913,50
2023-11-09 13:00:00,0.642913,0.642972,0.642824,0.642883,50
2023-11-09 14:00:00,0.642883,0.642974,0.642240,0.642331,50
2023-11-09 15:00:00,0.642331,0.642349,0.642087,0.642104,50
2023-11-09 16:00:00,0.642104,0.642124,0.641837,0.641857,50
2023-11-09 17:00:00,0.641857,0.642017,0.641800,0.641960,50
2023-11-09 18:00:00,0.641960,0.642046,0.641890,0.641976,50
2023-11-09 19:00:00,0.641976,0.642062,0.641496,0.641582,50
2023-11-09 20:00:00,0.641582,0.641684,0.640990,0.641092,50
2023-11-09 21:00:00,0.641092,0.641985,0.641027,0.641921,50
2023-11-09 22:00:00,0.641921,0.641957,0.641676,0.641712,50
2023-11-09 23:00:00,0.641712,0.642089,0.641636,0.642013,50
2023-11-13 00:00:00,0.642013,0.642182,0.641733,0.641902,50
2023-11-13 01:00:00,0.641902,0.642884,0.641696,0.642678,50
2023-11-13 02:00:00,0.642678,0.642690,0.641479,0.641492,50
2023-11-13 03:00:00,0.641492,0.641539,0.640801,0.640848,50
2023-11-13 04:00:00,0.640848,0.641335,0.640760,0.641248,50
2023-11-13 05:00:00,0.641248,0.641495,0.639745,0.639993,50
2023-11-13 06:00:00,0.639993,0.640544,0.639783,0.640334,50
2023-11-13 07:00:00,0.640334,0.640904,0.640195,0.640765,50
2023-11-13 08:00:00,0.640765,0.640856,0.640023,0.640114,50
2023-11-13 09:00:00,0.640114,0.641163,0.640013,0.641063,50
2023-11-13 10:00:00,0.641063,0.641571,0.640940,0.641448,50
2023-11-13 11:00:00,0.641448,0.641571,0.639912,0.640035,50
2023-11-13 12:00:00,0.640035,0.640293,0.638908,0.639166,50
2023-11-13 13:00:00,0.639166,0.640102,0.639079,0.640015,50
2023-11-13 14:00:00,0.640015,0.640083,0.639995,0.640063,50
2023-11-13 15:00:00,0.640063,0.640240,0.638427,0.638604,50
2023-11-13 16:00:00,0.638604,0.640838,0.638387,0.640621,50
2023-11-13 17:00:00,0.640621,0.640623,0.639744,0.639746,50
2023-11-13 18:00:00,0.639746,0.639832,0.639137,0.639223,50
2023-11-13 19:00:00,0.639223,0.639488,0.637768,0.638033,50
2023-11-13 20:00:00,0.638033,0.638245,0.637816,0.638028,50
2023-11-13 21:00:00,0.638028,0.638539,0.637847,0.638358,50
2023-11-13 22:00:00,0.638358,0.638625,0.638155,0.638422,50
2023-11-13 23:00:00,0.638422,0.638940,0.638174,0.638692,50
2023-11-14 00:00:00,0.638692,0.639752,0.637827,0.638887,50
2023-11-14 01:00:00,0.638887,0.639231,0.638306,0.638650,50
2023-11-14 02:00:00,0.638650,0.639777,0.638570,0.639697,50
2023-11-14 03:00:00,0.639697,0.642633,0.638890,0.641826,50
2023-11-14 04:00:00,0.641826,0.645433,0.641693,0.645301,50
2023-11-14 05:00:00,0.645301,0.647222,0.644584,0.646506,50
2023-11-14 06:00:00,0.646506,0.647296,0.645210,0.646001,50
2023-11-14 07:00:00,0.646001,0.647054,0.645813,0.646867,50
2023-11-14 08:00:00,0.646867,0.647342,0.645958,0.646433,50
2023-11-14 09:00:00,0.646433,0.648400,0.645577,0.647544,50
2023-11-14 10:00:00,0.647544,0.651850,0.646873,0.651179,50
2023-11-14 11:00:00,0.651179,0.651742,0.648630,0.649193,50
2023-11-14 12:00:00,0.649193,0.649993,0.644577,0.645377,50
2023-11-14 13:00:00,0.645377,0.645933,0.641612,0.642168,50
2023-11-14 14:00:00,0.642168,0.644528,0.641407,0.643767,50
2023-11-14 15:00:00,0.643767,0.643947,0.641496,0.641677,50
2023-11-14 16:00:00,0.641677,0.642966,0.640967,0.642256,50
2023-11-14 17:00:00,0.642256,0.643029,0.640243,0.641017,50
2023-11-14 18:00:00,0.641017,0.641596,0.640896,0.641475,50
2023-11-14 19:00:00,0.641475,0.644485,0.641214,0.644225,50
2023-11-14 20:00:00,0.644225,0.644800,0.642236,0.642810,50
2023-11-14 21:00:00,0.642810,0.646083,0.641974,0.645246,50
2023-11-14 22:00:00,0.645246,0.645342,0.641397,0.641493,50
2023-11-14 23:00:00,0.641493,0.649845,0.640745,0.649098,50
2023-11-15 00:00:00,0.649098,0.650051,0.649083,0.650036,50
2023-11-15 01:00:00,0.650036,0.650239,0.649934,0.650137,50
2023-11-15 02:00:00,0.650137,0.650912,0.649915,0.650690,50
2023-11-15 03:00:00,0.650690,0.651528,0.650644,0.651482,50
2023-11-15 04:00:00,0.651482,0.652484,0.651345,0.652347,50
2023-11-15 05:00:00,0.652347,0.652476,0.651274,0.651403,50
2023-11-15 06:00:00,0.651403,0.651776,0.651201,0.651574,50
2023-11-15 07:00:00,0.651574,0.651729,0.650299,0.650454,50
2023-11-15 08:00:00,0.650454,0.650497,0.648514,0.648556,50
2023-11-15 09:00:00,0.648556,0.649515,0.648386,0.649345,50
2023-11-15 10:00:00,0.649345,0.649448,0.649041,0.649144,50
2023-11-15 11:00:00,0.649144,0.649764,0.648968,0.649588,50
2023-11-15 12:00:00,0.649588,0.649691,0.649450,0.649554,50
2023-11-15 13:00:00,0.649554,0.649818,0.649455,0.649719,50
2023-11-15 14:00:00,0.649719,0.649797,0.649496,0.649575,50
2023-11-15 15:00:00,0.649575,0.649730,0.649012,0.649168,50
2023-11-15 16:00:00,0.649168,0.649366,0.648749,0.648948,50
2023-11-15 17:00:00,0.648948,0.649938,0.648898,0.649888,50
2023-11-15 18:00:00,0.649888,0.650049,0.648586,0.648747,50
2023-11-15 19:00:00,0.648747,0.648981,0.648720,0.648954,50
2023-11-15 20:00:00,0.648954,0.650292,0.648813,0.650150,50
2023-11-15 21:00:00,0.650150,0.650751,0.650049,0.650649,50
2023-11-15 22:00:00,0.650649,0.650714,0.650535,0.650600,50
2023-11-15 23:00:00,0.650600,0.651933,0.650472,0.651806,50
2023-11-16 00:00:00,0.651806,0.651975,0.648361,0.648530,50
2023-11-16 01:00:00,0.648530,0.650630,0.648311,0.650411,50
2023-11-16 02:00:00,0.650411,0.650834,0.650143,0.650566,50
2023-11-16 03:00:00,0.650566,0.653016,0.650434,0.652884,50
2023-11-16 04:00:00,0.652884,0.652893,0.652226,0.652235,50
2023-11-16 05:00:00,0.652235,0.652364,0.651742,0.651871,50
2023-11-16 06:00:00,0.651871,0.652921,0.651787,0.652837,50
2023-11-16 07:00:00,0.652837,0.653027,0.651215,0.651404,50
2023-11-16 08:00:00,0.651404,0.651618,0.649571,0.649784,50
2023-11-16 09:00:00,0.649784,0.650219,0.649171,0.649606,50
2023-11-16 10:00:00,0.649606,0.649747,0.647971,0.648112,50
2023-11-16 11:00:00,0.648112,0.648319,0.645719,0.645925,50
2023-11-16 12:00:00,0.645925,0.647443,0.645862,0.647380,50
2023-11-16 13:00:00,0.647380,0.647399,0.645315,0.645334,50
2023-11-16 14:00:00,0.645334,0.646630,0.645123,0.646420,50
2023-11-16 15:00:00,0.646420,0.646532,0.645815,0.645927,50
2023-11-16 16:00:00,0.645927,0.647020,0.645680,0.646774,50
2023-11-16 17:00:00,0.646774,0.648166,0.646568,0.647960,50
2023-11-16 18:00:00,0.647960,0.648157,0.646531,0.646727,50
2023-11-16 19:00:00,0.646727,0.648481,0.646451,0.648205,50
2023-11-16 20:00:00,0.648205,0.648576,0.647482,0.647853,50
2023-11-16 21:00:00,0.647853,0.648169,0.646735,0.647050,50
2023-11-16 22:00:00,0.647050,0.647327,0.645627,0.645904,50
2023-11-16 23:00:00,0.645904,0.646576,0.645740,0.646412,50
2023-11-17 00:00:00,0.646412,0.647356,0.646268,0.647212,50
2023-11-17 01:00:00,0.647212,0.647447,0.646318,0.646553,50
2023-11-17 02:00:00,0.646553,0.646706,0.645828,0.645980,50
2023-11-17 03:00:00,0.645980,0.646080,0.645716,0.645816,50
2023-11-17 04:00:00,0.645816,0.646383,0.645574,0.646140,50
2023-11-17 05:00:00,0.646140,0.646807,0.645986,0.646653,50
2023-11-17 06:00:00,0.646653,0.646880,0.646224,0.646451,50
2023-11-17 07:00:00,0.646451,0.648021,0.646279,0.647849,50
2023-11-17 08:00:00,0.647849,0.648068,0.645890,0.646109,50
2023-11-17 09:00:00,0.646109,0.646296,0.645762,0.645949,50
2023-11-17 10:00:00,0.645949,0.646155,0.645926,0.646133,50
2023-11-17 11:00:00,0.646133,0.646379,0.645856,0.646102,50
2023-11-17 12:00:00,0.646102,0.646956,0.645882,0.646736,50
2023-11-17 13:00:00,0.646736,0.646879,0.646047,0.646190,50
2023-11-17 14:00:00,0.646190,0.647481,0.645969,0.647260,50
2023-11-17 15:00:00,0.647260,0.647870,0.647070,0.647681,50
2023-11-17 16:00:00,0.647681,0.647918,0.646273,0.646510,50
2023-11-17 17:00:00,0.646510,0.647603,0.646417,0.647510,50
2023-11-17 18:00:00,0.647510,0.648053,0.647471,0.648014,50
2023-11-17 19:00:00,0.648014,0.649654,0.647772,0.649412,50
2023-11-17 20:00:00,0.649412,0.649937,0.649203,0.649728,50
2023-11-17 21:00:00,0.649728,0.649780,0.649286,0.649339,50
2023-11-17 22:00:00,0.649339,0.650037,0.649290,0.649989,50
2023-11-17 23:00:00,0.649989,0.650194,0.649187,0.649393,50
2023-11-20 00:00:00,0.649393,0.649579,0.647946,0.648132,50
2023-11-20 01:00:00,0.648132,0.651983,0.647724,0.651575,50
2023-11-20 02:00:00,0.651575,0.653529,0.651225,0.653179,50
2023-11-20 03:00:00,0.653179,0.654406,0.652717,0.653945,50
2023-11-20 04:00:00,0.653945,0.654743,0.653475,0.654273,50
2023-11-20 05:00:00,0.654273,0.654639,0.652794,0.653160,50
2023-11-20 06:00:00,0.653160,0.654539,0.653060,0.654440,50
2023-11-20 07:00:00,0.654440,0.654895,0.651730,0.652185,50
2023-11-20 08:00:00,0.652185,0.652233,0.650446,0.650494,50
2023-11-20 09:00:00,0.650494,0.652521,0.650389,0.652416,50
2023-11-20 10:00:00,0.652416,0.654159,0.651914,0.653657,50
2023-11-20 11:00:00,0.653657,0.654041,0.651720,0.652104,50
2023-11-20 12:00:00,0.652104,0.655827,0.651830,0.655553,50
2023-11-20 13:00:00,0.655553,0.657379,0.655129,0.656955,50
2023-11-20 14:00:00,0.656955,0.657019,0.654685,0.654749,50
2023-11-20 15:00:00,0.654749,0.656911,0.654432,0.656594,50
2023-11-20 16:00:00,0.656594,0.656768,0.656094,0.656268,50
2023-11-20 17:00:00,0.656268,0.656439,0.653562,0.653732,50
2023-11-20 18:00:00,0.653732,0.654352,0.653311,0.653930,50
2023-11-20 19:00:00,0.653930,0.654585,0.653811,0.654466,50
2023-11-20 20:00:00,0.654466,0.655451,0.654452,0.655437,50
2023-11-20 21:00:00,0.655437,0.655578,0.654015,0.654156,50
2023-11-20 22:00:00,0.654156,0.654575,0.652807,0.653226,50
2023-11-20 23:00:00,0.653226,0.655911,0.653010,0.655695,50
2023-11-21 00:00:00,0.655695,0.655736,0.655457,0.655498,50
2023-11-21 01:00:00,0.655498,0.655506,0.655329,0.655337,50
2023-11-21 02:00:00,0.655337,0.655395,0.655211,0.655269,50
2023-11-21 03:00:00,0.655269,0.656108,0.655199,0.656037,50
2023-11-21 04:00:00,0.656037,0.656233,0.655956,0.656152,50
2023-11-21 05:00:00,0.656152,0.656154,0.655904,0.655905,50
2023-11-21 06:00:00,0.655905,0.655942,0.655837,0.655874,50
2023-11-21 07:00:00,0.655874,0.656162,0.655771,0.656059,50
2023-11-21 08:00:00,0.656059,0.656362,0.655977,0.656281,50
2023-11-21 09:00:00,0.656281,0.656289,0.656253,0.656261,50
2023-11-21 10:00:00,0.656261,0.656426,0.656146,0.656311,50
2023-11-21 11:00:00,0.656311,0.656371,0.656192,0.656253,50
2023-11-21 12:00:00,0.656253,0.656413,0.656147,0.656307,50
2023-11-21 13:00:00,0.656307,0.656618,0.656211,0.656522,50
2023-11-21 14:00:00,0.656522,0.657143,0.656506,0.657126,50
2023-11-21 15:00:00,0.657126,0.657174,0.656807,0.656855,50
2023-11-21 16:00:00,0.656855,0.656921,0.656459,0.656524,50
2023-11-21 17:00:00,0.656524,0.656620,0.656394,0.656490,50
2023-11-21 18:00:00,0.656490,0.657356,0.656373,0.657240,50
2023-11-21 19:00:00,0.657240,0.657326,0.656809,0.656895,50
2023-11-21 20:00:00,0.656895,0.656932,0.656882,0.656918,50
2023-11-21 21:00:00,0.656918,0.656976,0.655939,0.655997,50
2023-11-21 22:00:00,0.655997,0.656182,0.655942,0.656127,50
2023-11-21 23:00:00,0.656127,0.656871,0.656071,0.656814,50
2023-11-22 00:00:00,0.656814,0.656943,0.652720,0.652848,50
2023-11-22 01:00:00,0.652848,0.653915,0.652670,0.653736,50
2023-11-22 02:00:00,0.653736,0.653815,0.653617,0.653696,50
2023-11-22 03:00:00,0.653696,0.653904,0.653296,0.653505,50
2023-11-22 04:00:00,0.653505,0.654563,0.653356,0.654414,50
2023-11-22 05:00:00,0.654414,0.654689,0.653990,0.654265,50
2023-11-22 06:00:00,0.654265,0.654944,0.654016,0.654695,50
2023-11-22 07:00:00,0.654695,0.655125,0.654677,0.655107,50
2023-11-22 08:00:00,0.655107,0.656036,0.654992,0.655920,50
2023-11-22 09:00:00,0.655920,0.656418,0.655885,0.656383,50
2023-11-22 10:00:00,0.656383,0.656495,0.656128,0.656240,50
2023-11-22 11:00:00,0.656240,0.656434,0.655529,0.655723,50
2023-11-22 12:00:00,0.655723,0.656253,0.655472,0.656002,50
2023-11-22 13:00:00,0.656002,0.657388,0.655911,0.657296,50
2023-11-22 14:00:00,0.657296,0.657463,0.657243,0.657410,50
2023-11-22 15:00:00,0.657410,0.657450,0.657063,0.657103,50
2023-11-22 16:00:00,0.657103,0.657118,0.656734,0.656749,50
2023-11-22 17:00:00,0.656749,0.657696,0.656528,0.657475,50
2023-11-22 18:00:00,0.657475,0.657485,0.656847,0.656857,50
2023-11-22 19:00:00,0.656857,0.656883,0.656308,0.656334,50
2023-11-22 20:00:00,0.656334,0.656335,0.655859,0.655860,50
2023-11-22 21:00:00,0.655860,0.655962,0.655070,0.655172,50
2023-11-22 22:00:00,0.655172,0.655409,0.654614,0.654851,50
2023-11-22 23:00:00,0.654851,0.654981,0.653379,0.653509,50
2023-11-24 00:00:00,0.653509,0.654867,0.653145,0.654502,50
2023-11-24 01:00:00,0.654502,0.655828,0.654318,0.655644,50
2023-11-24 02:00:00,0.655644,0.655837,0.653044,0.653238,50
2023-11-24 03:00:00,0.653238,0.653326,0.652522,0.652610,50
2023-11-24 04:00:00,0.652610,0.653511,0.652398,0.653299,50
2023-11-24 05:00:00,0.653299,0.655203,0.652897,0.654801,50
2023-11-24 06:00:00,0.654801,0.656346,0.654533,0.656078,50
2023-11-24 07:00:00,0.656078,0.656319,0.655489,0.655731,50
2023-11-24 08:00:00,0.655731,0.656930,0.655578,0.656777,50
2023-11-24 09:00:00,0.656777,0.657067,0.655215,0.655505,50
2023-11-24 10:00:00,0.655505,0.657342,0.655347,0.657184,50
2023-11-24 11:00:00,0.657184,0.657251,0.655705,0.655773,50
2023-11-24 12:00:00,0.655773,0.655872,0.654123,0.654222,50
2023-11-24 13:00:00,0.654222,0.654488,0.653049,0.653315,50
2023-11-24 14:00:00,0.653315,0.653549,0.652295,0.652528,50
2023-11-24 15:00:00,0.652528,0.653882,0.652217,0.653570,50
2023-11-24 16:00:00,0.653570,0.655728,0.653328,0.655486,50
2023-11-24 17:00:00,0.655486,0.655748,0.653846,0.654109,50
2023-11-24 18:00:00,0.654109,0.654243,0.653147,0.653281,50
2023-11-24 19:00:00,0.653281,0.654723,0.653140,0.654581,50
2023-11-24 20:00:00,0.654581,0.656692,0.654329,0.656440,50
2023-11-24 21:00:00,0.656440,0.659483,0.656353,0.659396,50
2023-11-24 22:00:00,0.659396,0.659561,0.658559,0.658724,50
2023-11-24 23:00:00,0.658724,0.659018,0.658121,0.658415,50
2023-11-27 00:00:00,0.658415,0.658825,0.658380,0.658791,50
2023-11-27 01:00:00,0.658791,0.658797,0.658577,0.658584,50
2023-11-27 02:00:00,0.658584,0.658659,0.658375,0.658450,50
2023-11-27 03:00:00,0.658450,0.658534,0.658320,0.658404,50
2023-11-27 04:00:00,0.658404,0.658460,0.658312,0.658367,50
2023-11-27 05:00:00,0.658367,0.658430,0.658218,0.658281,50
2023-11-27 06:00:00,0.658281,0.658516,0.658182,0.658417,50
2023-11-27 07:00:00,0.658417,0.658565,0.658336,0.658484,50
2023-11-27 08:00:00,0.658484,0.658602,0.657959,0.658077,50
2023-11-27 09:00:00,0.658077,0.658109,0.658054,0.658087,50
2023-11-27 10:00:00,0.658087,0.658213,0.658011,0.658137,50
2023-11-27 11:00:00,0.658137,0.658417,0.658073,0.658353,50
2023-11-27 12:00:00,0.658353,0.658371,0.658068,0.658086,50
2023-11-27 13:00:00,0.658086,0.658185,0.657978,0.658077,50
2023-11-27 14:00:00,0.658077,0.658190,0.658074,0.658187,50
2023-11-27 15:00:00,0.658187,0.658764,0.658118,0.658695,50
2023-11-27 16:00:00,0.658695,0.658810,0.658575,0.658691,50
2023-11-27 17:00:00,0.658691,0.659040,0.658590,0.658940,50
2023-11-27 18:00:00,0.658940,0.659189,0.658865,0.659113,50
2023-11-27 19:00:00,0.659113,0.659352,0.659027,0.659266,50
2023-11-27 20:00:00,0.659266,0.659374,0.659216,0.659324,50
2023-11-27 21:00:00,0.659324,0.659682,0.659230,0.659589,50
2023-11-27 22:00:00,0.659589,0.659938,0.659534,0.659883,50
2023-11-27 23:00:00,0.659883,0.659989,0.659612,0.659718,50
2023-11-28 00:00:00,0.659718,0.662258,0.659372,0.661912,50
2023-11-28 01:00:00,0.661912,0.661967,0.660127,0.660182,50
2023-11-28 02:00:00,0.660182,0.660699,0.658244,0.658760,50
2023-11-28 03:00:00,0.658760,0.660231,0.658358,0.659829,50
2023-11-28 04:00:00,0.659829,0.660023,0.659747,0.659942,50
2023-11-28 05:00:00,0.659942,0.660181,0.658106,0.658346,50
2023-11-28 06:00:00,0.658346,0.660855,0.657867,0.660377,50
2023-11-28 07:00:00,0.660377,0.661658,0.659826,0.661107,50
2023-11-28 08:00:00,0.661107,0.663386,0.660679,0.662958,50
2023-11-28 09:00:00,0.662958,0.663110,0.662698,0.662850,50
2023-11-28 10:00:00,0.662850,0.663170,0.660807,0.661128,50
2023-11-28 11:00:00,0.661128,0.662211,0.660753,0.661836,50
2023-11-28 12:00:00,0.661836,0.662123,0.661448,0.661734,50
2023-11-28 13:00:00,0.661734,0.663218,0.661681,0.663165,50
2023-11-28 14:00:00,0.663165,0.664745,0.662953,0.664533,50
2023-11-28 15:00:00,0.664533,0.667017,0.664202,0.666686,50
2023-11-28 16:00:00,0.666686,0.667203,0.664899,0.665415,50
2023-11-28 17:00:00,0.665415,0.667318,0.664870,0.666772,50
2023-11-28 18:00:00,0.666772,0.668433,0.666289,0.667950,50
2023-11-28 19:00:00,0.667950,0.668278,0.667453,0.667781,50
2023-11-28 20:00:00,0.667781,0.667978,0.667740,0.667937,50
2023-11-28 21:00:00,0.667937,0.668472,0.666332,0.666867,50
2023-11-28 22:00:00,0.666867,0.667134,0.666856,0.667123,50
2023-11-28 23:00:00,0.667123,0.667413,0.666288,0.666578,50
2023-11-29 00:00:00,0.666578,0.666786,0.663307,0.663515,50
2023-11-29 01:00:00,0.663515,0.663836,0.663037,0.663357,50
2023-11-29 02:00:00,0.663357,0.667248,0.663338,0.667229,50
2023-11-29 03:00:00,0.667229,0.667427,0.665651,0.665849,50
2023-11-29 04:00:00,0.665849,0.666200,0.664527,0.664879,50
2023-11-29 05:00:00,0.664879,0.667815,0.664595,0.667531,50
2023-11-29 06:00:00,0.667531,0.667650,0.665318,0.665437,50
2023-11-29 07:00:00,0.665437,0.665536,0.664875,0.664974,50
2023-11-29 08:00:00,0.664974,0.665530,0.664598,0.665154,50
2023-11-29 09:00:00,0.665154,0.665492,0.663851,0.664189,50
2023-11-29 10:00:00,0.664189,0.664567,0.663459,0.663837,50
2023-11-29 11:00:00,0.663837,0.663891,0.663605,0.663659,50
2023-11-29 12:00:00,0.663659,0.664003,0.663402,0.663746,50
2023-11-29 13:00:00,0.663746,0.664809,0.663569,0.664632,50
2023-11-29 14:00:00,0.664632,0.664814,0.664017,0.664199,50
2023-11-29 15:00:00,0.664199,0.666179,0.663871,0.665851,50
2023-11-29 16:00:00,0.665851,0.666217,0.663725,0.664091,50
2023-11-29 17:00:00,0.664091,0.664374,0.663167,0.663449,50
2023-11-29 18:00:00,0.663449,0.665678,0.663067,0.665296,50
2023-11-29 19:00:00,0.665296,0.665584,0.664100,0.664388,50
2023-11-29 20:00:00,0.664388,0.664653,0.662286,0.662551,50
2023-11-29 21:00:00,0.662551,0.664202,0.662419,0.664070,50
2023-11-29 22:00:00,0.664070,0.664301,0.663010,0.663241,50
2023-11-29 23:00:00,0.663241,0.663287,0.661767,0.661813,50
2023-11-30 00:00:00,0.661813,0.662530,0.661701,0.662418,50
2023-11-30 01:00:00,0.662418,0.662515,0.661965,0.662062,50
2023-11-30 02:00:00,0.662062,0.662159,0.661605,0.661702,50
2023-11-30 03:00:00,0.661702,0.661802,0.661647,0.661748,50
2023-11-30 04:00:00,0.661748,0.661846,0.661461,0.661559,50
2023-11-30 05:00:00,0.661559,0.661596,0.661103,0.661140,50
2023-11-30 06:00:00,0.661140,0.661200,0.661113,0.661173,50
2023-11-30 07:00:00,0.661173,0.661309,0.661082,0.661219,50
2023-11-30 08:00:00,0.661219,0.661250,0.661101,0.661132,50
2023-11-30 09:00:00,0.661132,0.661386,0.661061,0.661316,50
2023-11-30 10:00:00,0.661316,0.661503,0.661277,0.661464,50
2023-11-30 11:00:00,0.661464,0.661488,0.661240,0.661264,50
2023-11-30 12:00:00,0.661264,0.661346,0.660959,0.661042,50
2023-11-30 13:00:00,0.661042,0.661153,0.661011,0.661123,50
2023-11-30 14:00:00,0.661123,0.661151,0.661019,0.661046,50
2023-11-30 15:00:00,0.661046,0.661149,0.660891,0.660993,50
2023-11-30 16:00:00,0.660993,0.661108,0.660892,0.661007,50
2023-11-30 17:00:00,0.661007,0.661098,0.660814,0.660905,50
2023-11-30 18:00:00,0.660905,0.661034,0.660852,0.660981,50
2023-11-30 19:00:00,0.660981,0.661019,0.660680,0.660718,50
2023-11-30 20:00:00,0.660718,0.660819,0.660523,0.660624,50
2023-11-30 21:00:00,0.660624,0.660769,0.660621,0.660765,50
2023-11-30 22:00:00,0.660765,0.660866,0.660644,0.660745,50
2023-11-30 23:00:00,0.660745,0.661485,0.660679,0.661419,50
2023-12-01 00:00:00,0.661419,0.661756,0.660269,0.660605,50
2023-12-01 01:00:00,0.660605,0.661433,0.660418,0.661246,50
2023-12-01 02:00:00,0.661246,0.662475,0.660949,0.662178,50
2023-12-01 03:00:00,0.662178,0.662475,0.662051,0.662349,50
2023-12-01 04:00:00,0.662349,0.662421,0.660584,0.660657,50
2023-12-01 05:00:00,0.660657,0.663412,0.660446,0.663201,50
2023-12-01 06:00:00,0.663201,0.664197,0.663134,0.664130,50
2023-12-01 07:00:00,0.664130,0.665168,0.664054,0.665092,50
2023-12-01 08:00:00,0.665092,0.665316,0.665078,0.665301,50
2023-12-01 09:00:00,0.665301,0.666093,0.665197,0.665989,50
2023-12-01 10:00:00,0.665989,0.666290,0.664862,0.665163,50
2023-12-01 11:00:00,0.665163,0.665651,0.664818,0.665305,50
2023-12-01 12:00:00,0.665305,0.665542,0.665031,0.665268,50
2023-12-01 13:00:00,0.665268,0.666957,0.665228,0.666917,50
2023-12-01 14:00:00,0.666917,0.666990,0.665622,0.665695,50
2023-12-01 15:00:00,0.665695,0.665953,0.662907,0.663166,50
2023-12-01 16:00:00,0.663166,0.664572,0.663024,0.664430,50
2023-12-01 17:00:00,0.664430,0.664776,0.663439,0.663785,50
2023-12-01 18:00:00,0.663785,0.664302,0.663703,0.664220,50
2023-12-01 19:00:00,0.664220,0.664521,0.662801,0.663102,50
2023-12-01 20:00:00,0.663102,0.663245,0.662541,0.662684,50
2023-12-01 21:00:00,0.662684,0.663020,0.661240,0.661576,50
2023-12-01 22:00:00,0.661576,0.661904,0.660474,0.660802,50
2023-12-01 23:00:00,0.660802,0.666337,0.660465,0.666001,50
2023-12-04 00:00:00,0.666001,0.666138,0.665881,0.666018,50
2023-12-04 01:00:00,0.666018,0.666130,0.665743,0.665854,50
2023-12-04 02:00:00,0.665854,0.666059,0.664780,0.664984,50
2023-12-04 03:00:00,0.664984,0.664986,0.664329,0.664331,50
2023-12-04 04:00:00,0.664331,0.664499,0.663271,0.663439,50
2023-12-04 05:00:00,0.663439,0.665388,0.663117,0.665066,50
2023-12-04 06:00:00,0.665066,0.665894,0.664844,0.665672,50
2023-12-04 07:00:00,0.665672,0.665788,0.665451,0.665566,50
2023-12-04 08:00:00,0.665566,0.666528,0.665466,0.666428,50
2023-12-04 09:00:00,0.666428,0.666495,0.664746,0.664814,50
2023-12-04 10:00:00,0.664814,0.664983,0.663364,0.663533,50
2023-12-04 11:00:00,0.663533,0.663533,0.663037,0.663037,50
2023-12-04 12:00:00,0.663037,0.663303,0.662475,0.662740,50
2023-12-04 13:00:00,0.662740,0.662922,0.661112,0.661294,50
2023-12-04 14:00:00,0.661294,0.662214,0.661186,0.662106,50
2023-12-04 15:00:00,0.662106,0.662249,0.662024,0.662168,50
2023-12-04 16:00:00,0.662168,0.662207,0.661147,0.661186,50
2023-12-04 17:00:00,0.661186,0.663192,0.660863,0.662869,50
2023-12-04 18:00:00,0.662869,0.664204,0.662637,0.663972,50
2023-12-04 19:00:00,0.663972,0.664149,0.662731,0.662908,50
2023-12-04 20:00:00,0.662908,0.663529,0.662671,0.663292,50
2023-12-04 21:00:00,0.663292,0.664455,0.663156,0.664319,50
2023-12-04 22:00:00,0.664319,0.664603,0.662511,0.662795,50
2023-12-04 23:00:00,0.662795,0.663029,0.661754,0.661989,50
2023-12-05 00:00:00,0.661989,0.662484,0.658922,0.659418,50
2023-12-05 01:00:00,0.659418,0.659533,0.658636,0.658751,50
2023-12-05 02:00:00,0.658751,0.659160,0.657818,0.658226,50
2023-12-05 03:00:00,0.658226,0.658696,0.657442,0.657911,50
2023-12-05 04:00:00,0.657911,0.658135,0.656125,0.656348,50
2023-12-05 05:00:00,0.656348,0.658718,0.656224,0.658594,50
2023-12-05 06:00:00,0.658594,0.660473,0.658218,0.660098,50
2023-12-05 07:00:00,0.660098,0.660847,0.659830,0.660580,50
2023-12-05 08:00:00,0.660580,0.662015,0.660375,0.661810,50
2023-12-05 09:00:00,0.661810,0.663624,0.661554,0.663368,50
2023-12-05 10:00:00,0.663368,0.663463,0.662518,0.662613,50
2023-12-05 11:00:00,0.662613,0.662813,0.661593,0.661793,50
2023-12-05 12:00:00,0.661793,0.662598,0.661499,0.662304,50
2023-12-05 13:00:00,0.662304,0.662440,0.661670,0.661805,50
2023-12-05 14:00:00,0.661805,0.661975,0.661543,0.661713,50
2023-12-05 15:00:00,0.661713,0.661805,0.659906,0.659998,50
2023-12-05 16:00:00,0.659998,0.660143,0.659877,0.660021,50
2023-12-05 17:00:00,0.660021,0.660328,0.656592,0.656899,50
2023-12-05 18:00:00,0.656899,0.657044,0.656782,0.656927,50
2023-12-05 19:00:00,0.656927,0.656956,0.654501,0.654530,50
2023-12-05 20:00:00,0.654530,0.654717,0.653527,0.653714,50
2023-12-05 21:00:00,0.653714,0.657398,0.653576,0.657259,50
2023-12-05 22:00:00,0.657259,0.657592,0.654896,0.655229,50
2023-12-05 23:00:00,0.655229,0.655385,0.654937,0.655093,50
2023-12-06 00:00:00,0.655093,0.655404,0.654978,0.655289,50
2023-12-06 01:00:00,0.655289,0.655375,0.655225,0.655311,50
2023-12-06 02:00:00,0.655311,0.656111,0.655224,0.656024,50
2023-12-06 03:00:00,0.656024,0.656485,0.655898,0.656360,50
2023-12-06 04:00:00,0.656360,0.656459,0.655404,0.655503,50
2023-12-06 05:00:00,0.655503,0.656155,0.655410,0.656063,50
2023-12-06 06:00:00,0.656063,0.656138,0.655512,0.655588,50
2023-12-06 07:00:00,0.655588,0.655651,0.655426,0.655489,50
2023-12-06 08:00:00,0.655489,0.655535,0.655421,0.655467,50
2023-12-06 09:00:00,0.655467,0.655535,0.654663,0.654732,50
2023-12-06 10:00:00,0.654732,0.655759,0.654582,0.655610,50
2023-12-06 11:00:00,0.655610,0.656575,0.655569,0.656533,50
2023-12-06 12:00:00,0.656533,0.656900,0.656408,0.656775,50
2023-12-06 13:00:00,0.656775,0.656893,0.656622,0.656739,50
2023-12-06 14:00:00,0.656739,0.657015,0.656674,0.656949,50
2023-12-06 15:00:00,0.656949,0.657369,0.656843,0.657262,50
2023-12-06 16:00:00,0.657262,0.657312,0.656499,0.656549,50
2023-12-06 17:00:00,0.656549,0.656556,0.656242,0.656250,50
2023-12-06 18:00:00,0.656250,0.656456,0.656146,0.656352,50
2023-12-06 19:00:00,0.656352,0.656363,0.656189,0.656200,50
2023-12-06 20:00:00,0.656200,0.656980,0.656067,0.656847,50
2023-12-06 21:00:00,0.656847,0.657014,0.656789,0.656956,50
2023-12-06 22:00:00,0.656956,0.657094,0.656941,0.657079,50
2023-12-06 23:00:00,0.657079,0.657173,0.656807,0.656901,50
2023-12-07 00:00:00,0.656901,0.656976,0.656693,0.656768,50
2023-12-07 01:00:00,0.656768,0.656906,0.656498,0.656635,50
2023-12-07 02:00:00,0.656635,0.656860,0.656608,0.656833,50
2023-12-07 03:00:00,0.656833,0.657233,0.656615,0.657016,50
2023-12-07 04:00:00,0.657016,0.657107,0.656528,0.656620,50
2023-12-07 05:00:00,0.656620,0.656883,0.655996,0.656259,50
2023-12-07 06:00:00,0.656259,0.657224,0.656117,0.657082,50
2023-12-07 07:00:00,0.657082,0.657228,0.657070,0.657217,50
2023-12-07 08:00:00,0.657217,0.657642,0.657133,0.657559,50
2023-12-07 09:00:00,0.657559,0.657771,0.657214,0.657427,50
2023-12-07 10:00:00,0.657427,0.658309,0.657259,0.658141,50
2023-12-07 11:00:00,0.658141,0.658171,0.658040,0.658069,50
2023-12-07 12:00:00,0.658069,0.658876,0.657804,0.658610,50
2023-12-07 13:00:00,0.658610,0.658994,0.658357,0.658741,50
2023-12-07 14:00:00,0.658741,0.658936,0.658211,0.658407,50
2023-12-07 15:00:00,0.658407,0.659131,0.658295,0.659020,50
2023-12-07 16:00:00,0.659020,0.659090,0.658658,0.658728,50
2023-12-07 17:00:00,0.658728,0.658840,0.658627,0.658739,50
2023-12-07 18:00:00,0.658739,0.659139,0.658603,0.659003,50
2023-12-07 19:00:00,0.659003,0.659860,0.658759,0.659617,50
2023-12-07 20:00:00,0.659617,0.660369,0.659429,0.660182,50
2023-12-07 21:00:00,0.660182,0.660849,0.660084,0.660751,50
2023-12-07 22:00:00,0.660751,0.660788,0.660240,0.660277,50
2023-12-07 23:00:00,0.660277,0.660363,0.660023,0.660110,50
2023-12-08 00:00:00,0.660110,0.660373,0.656189,0.656452,50
2023-12-08 01:00:00,0.656452,0.656800,0.656339,0.656687,50
2023-12-08 02:00:00,0.656687,0.657919,0.656647,0.657879,50
2023-12-08 03:00:00,0.657879,0.658019,0.657687,0.657826,50
2023-12-08 04:00:00,0.657826,0.658822,0.657695,0.658690,50
2023-12-08 05:00:00,0.658690,0.658841,0.658377,0.658528,50
2023-12-08 06:00:00,0.658528,0.658733,0.658450,0.658654,50
2023-12-08 07:00:00,0.658654,0.658790,0.658647,0.658782,50
2023-12-08 08:00:00,0.658782,0.659869,0.658593,0.659681,50
2023-12-08 09:00:00,0.659681,0.660724,0.659493,0.660537,50
2023-12-08 10:00:00,0.660537,0.660662,0.660061,0.660186,50
2023-12-08 11:00:00,0.660186,0.660198,0.659404,0.659415,50
2023-12-08 12:00:00,0.659415,0.661007,0.659160,0.660751,50
2023-12-08 13:00:00,0.660751,0.660846,0.660532,0.660626,50
2023-12-08 14:00:00,0.660626,0.660791,0.659275,0.659439,50
2023-12-08 15:00:00,0.659439,0.660045,0.659241,0.659847,50
2023-12-08 16:00:00,0.659847,0.659975,0.658732,0.658860,50
2023-12-08 17:00:00,0.658860,0.659108,0.657703,0.657951,50
2023-12-08 18:00:00,0.657951,0.658444,0.657707,0.658199,50
2023-12-08 19:00:00,0.658199,0.658272,0.657835,0.657908,50
2023-12-08 20:00:00,0.657908,0.657912,0.657219,0.657224,50
2023-12-08 21:00:00,0.657224,0.657470,0.657137,0.657384,50
2023-12-08 22:00:00,0.657384,0.657555,0.656830,0.657001,50
2023-12-08 23:00:00,0.657001,0.657248,0.656653,0.656901,50
2023-12-11 00:00:00,0.656901,0.657684,0.656800,0.657583,50
2023-12-11 01:00:00,0.657583,0.657610,0.657377,0.657403,50
2023-12-11 02:00:00,0.657403,0.657475,0.657287,0.657359,50
2023-12-11 03:00:00,0.657359,0.657364,0.657248,0.657253,50
2023-12-11 04:00:00,0.657253,0.657334,0.657233,0.657314,50
2023-12-11 05:00:00,0.657314,0.657415,0.657215,0.657316,50
2023-12-11 06:00:00,0.657316,0.657416,0.656882,0.656983,50
2023-12-11 07:00:00,0.656983,0.657032,0.656468,0.656518,50
2023-12-11 08:00:00,0.656518,0.656551,0.656022,0.656055,50
2023-12-11 09:00:00,0.656055,0.656323,0.656050,0.656319,50
2023-12-11 10:00:00,0.656319,0.656425,0.655838,0.655945,50
2023-12-11 11:00:00,0.655945,0.656070,0.655841,0.655966,50
2023-12-11 12:00:00,0.655966,0.656070,0.655789,0.655892,50
2023-12-11 13:00:00,0.655892,0.655901,0.655606,0.655615,50
2023-12-11 14:00:00,0.655615,0.655941,0.655497,0.655824,50
2023-12-11 15:00:00,0.655824,0.656187,0.655810,0.656173,50
2023-12-11 16:00:00,0.656173,0.656302,0.656114,0.656243,50
2023-12-11 17:00:00,0.656243,0.656274,0.656211,0.656241,50
2023-12-11 18:00:00,0.656241,0.656688,0.656219,0.656665,50
2023-12-11 19:00:00,0.656665,0.656768,0.656654,0.656757,50
2023-12-11 20:00:00,0.656757,0.657134,0.656695,0.657073,50
2023-12-11 21:00:00,0.657073,0.657150,0.656854,0.656931,50
2023-12-11 22:00:00,0.656931,0.657308,0.656854,0.657231,50
2023-12-11 23:00:00,0.657231,0.657266,0.656262,0.656297,50
2023-12-12 00:00:00,0.656297,0.656402,0.656062,0.656167,50
2023-12-12 01:00:00,0.656167,0.656257,0.655936,0.656026,50
2023-12-12 02:00:00,0.656026,0.656097,0.655890,0.655962,50
2023-12-12 03:00:00,0.655962,0.656059,0.655868,0.655965,50
2023-12-12 04:00:00,0.655965,0.656001,0.655944,0.655980,50
2023-12-12 05:00:00,0.655980,0.656759,0.655972,0.656751,50
2023-12-12 06:00:00,0.656751,0.657026,0.656701,0.656976,50
2023-12-12 07:00:00,0.656976,0.657259,0.656891,0.657174,50
2023-12-12 08:00:00,0.657174,0.657204,0.656873,0.656904,50
2023-12-12 09:00:00,0.656904,0.656915,0.656092,0.656104,50
2023-12-12 10:00:00,0.656104,0.656121,0.655505,0.655523,50
2023-12-12 11:00:00,0.655523,0.655572,0.655301,0.655350,50
2023-12-12 12:00:00,0.655350,0.655356,0.655199,0.655205,50
2023-12-12 13:00:00,0.655205,0.655285,0.655153,0.655233,50
2023-12-12 14:00:00,0.655233,0.655791,0.655149,0.655707,50
2023-12-12 15:00:00,0.655707,0.656291,0.655624,0.656209,50
2023-12-12 16:00:00,0.656209,0.656285,0.655801,0.655877,50
2023-12-12 17:00:00,0.655877,0.656988,0.655801,0.656912,50
2023-12-12 18:00:00,0.656912,0.656923,0.656211,0.656223,50
2023-12-12 19:00:00,0.656223,0.656228,0.655895,0.655901,50
2023-12-12 20:00:00,0.655901,0.656280,0.655802,0.656181,50
2023-12-12 21:00:00,0.656181,0.656221,0.655814,0.655855,50
2023-12-12 22:00:00,0.655855,0.655859,0.655791,0.655795,50
2023-12-12 23:00:00,0.655795,0.656159,0.655718,0.656082,50
2023-12-13 00:00:00,0.656082,0.656195,0.656070,0.656183,50
2023-12-13 01:00:00,0.656183,0.656220,0.655682,0.655720,50
2023-12-13 02:00:00,0.655720,0.656532,0.655538,0.656350,50
2023-12-13 03:00:00,0.656350,0.656400,0.656209,0.656259,50
2023-12-13 04:00:00,0.656259,0.656417,0.655717,0.655875,50
2023-12-13 05:00:00,0.655875,0.656304,0.655762,0.656191,50
2023-12-13 06:00:00,0.656191,0.656290,0.655543,0.655641,50
2023-12-13 07:00:00,0.655641,0.655802,0.655547,0.655708,50
2023-12-13 08:00:00,0.655708,0.655741,0.655613,0.655647,50
2023-12-13 09:00:00,0.655647,0.656400,0.655492,0.656245,50
2023-12-13 10:00:00,0.656245,0.656303,0.656138,0.656197,50
2023-12-13 11:00:00,0.656197,0.657137,0.656079,0.657019,50
2023-12-13 12:00:00,0.657019,0.657341,0.657017,0.657338,50
2023-12-13 13:00:00,0.657338,0.657428,0.656852,0.656942,50
2023-12-13 14:00:00,0.656942,0.656981,0.656875,0.656914,50
2023-12-13 15:00:00,0.656914,0.657298,0.656888,0.657272,50
2023-12-13 16:00:00,0.657272,0.657613,0.657244,0.657584,50
2023-12-13 17:00:00,0.657584,0.658255,0.657500,0.658171,50
2023-12-13 18:00:00,0.658171,0.658897,0.658000,0.658725,50
2023-12-13 19:00:00,0.658725,0.658742,0.657968,0.657985,50
2023-12-13 20:00:00,0.657985,0.658076,0.657703,0.657793,50
2023-12-13 21:00:00,0.657793,0.658416,0.657683,0.658305,50
2023-12-13 22:00:00,0.658305,0.658483,0.657766,0.657944,50
2023-12-13 23:00:00,0.657944,0.658432,0.657796,0.658285,50
2023-12-14 00:00:00,0.658285,0.660819,0.657313,0.659847,50
2023-12-14 01:00:00,0.659847,0.659933,0.655591,0.655677,50
2023-12-14 02:00:00,0.655677,0.659065,0.655045,0.658434,50
2023-12-14 03:00:00,0.658434,0.662504,0.658174,0.662245,50
2023-12-14 04:00:00,0.662245,0.664387,0.662071,0.664213,50
2023-12-14 05:00:00,0.664213,0.670446,0.663169,0.669402,50
2023-12-14 06:00:00,0.669402,0.670220,0.666643,0.667460,50
2023-12-14 07:00:00,0.667460,0.668066,0.665801,0.666406,50
2023-12-14 08:00:00,0.666406,0.670212,0.666131,0.669937,50
2023-12-14 09:00:00,0.669937,0.670872,0.664490,0.665425,50
2023-12-14 10:00:00,0.665425,0.666341,0.661447,0.662363,50
2023-12-14 11:00:00,0.662363,0.664107,0.662290,0.664035,50
2023-12-14 12:00:00,0.664035,0.666840,0.663563,0.666368,50
2023-12-14 13:00:00,0.666368,0.668667,0.666350,0.668648,50
2023-12-14 14:00:00,0.668648,0.669151,0.665396,0.665899,50
2023-12-14 15:00:00,0.665899,0.665998,0.665134,0.665233,50
2023-12-14 16:00:00,0.665233,0.667292,0.664574,0.666633,50
2023-12-14 17:00:00,0.666633,0.670177,0.666306,0.669850,50
2023-12-14 18:00:00,0.669850,0.670000,0.668657,0.668807,50
2023-12-14 19:00:00,0.668807,0.669290,0.668748,0.669231,50
2023-12-14 20:00:00,0.669231,0.673283,0.668565,0.672617,50
2023-12-14 21:00:00,0.672617,0.673106,0.670847,0.671336,50
2023-12-14 22:00:00,0.671336,0.672249,0.670701,0.671615,50
2023-12-14 23:00:00,0.671615,0.672531,0.670405,0.671321,50
2023-12-15 00:00:00,0.671321,0.671338,0.670532,0.670550,50
2023-12-15 01:00:00,0.670550,0.670620,0.670459,0.670529,50
2023-12-15 02:00:00,0.670529,0.670925,0.670441,0.670837,50
2023-12-15 03:00:00,0.670837,0.670938,0.670736,0.670838,50
2023-12-15 04:00:00,0.670838,0.671313,0.670744,0.671220,50
2023-12-15 05:00:00,0.671220,0.671242,0.671050,0.671072,50
2023-12-15 06:00:00,0.671072,0.671155,0.670911,0.670994,50
2023-12-15 07:00:00,0.670994,0.671524,0.670952,0.671482,50
2023-12-15 08:00:00,0.671482,0.671556,0.671257,0.671331,50
2023-12-15 09:00:00,0.671331,0.671386,0.670759,0.670813,50
2023-12-15 10:00:00,0.670813,0.670846,0.670716,0.670749,50
2023-12-15 11:00:00,0.670749,0.670778,0.670379,0.670408,50
2023-12-15 12:00:00,0.670408,0.670770,0.670351,0.670713,50
2023-12-15 13:00:00,0.670713,0.671083,0.670705,0.671074,50
2023-12-15 14:00:00,0.671074,0.671283,0.670955,0.671164,50
2023-12-15 15:00:00,0.671164,0.671170,0.671162,0.671167,50
2023-12-15 16:00:00,0.671167,0.671201,0.671121,0.671155,50
2023-12-15 17:00:00,0.671155,0.671458,0.671034,0.671337,50
2023-12-15 18:00:00,0.671337,0.671628,0.671259,0.671550,50
2023-12-15 19:00:00,0.671550,0.671617,0.671382,0.671449,50
2023-12-15 20:00:00,0.671449,0.671735,0.671441,0.671726,50
2023-12-15 21:00:00,0.671726,0.671757,0.671217,0.671247,50
2023-12-15 22:00:00,0.671247,0.671653,0.671161,0.671567,50
2023-12-15 23:00:00,0.671567,0.671613,0.671456,0.671501,50
2023-12-18 00:00:00,0.671501,0.671522,0.670827,0.670848,50
2023-12-18 01:00:00,0.670848,0.671237,0.670794,0.671184,50
2023-12-18 02:00:00,0.671184,0.671400,0.671136,0.671353,50
2023-12-18 03:00:00,0.671353,0.671963,0.671251,0.671861,50
2023-12-18 04:00:00,0.671861,0.671900,0.671413,0.671452,50
2023-12-18 05:00:00,0.671452,0.671666,0.671414,0.671628,50
2023-12-18 06:00:00,0.671628,0.671874,0.671595,0.671841,50
2023-12-18 07:00:00,0.671841,0.671963,0.671466,0.671589,50
2023-12-18 08:00:00,0.671589,0.671669,0.671347,0.671427,50
2023-12-18 09:00:00,0.671427,0.671558,0.671065,0.671197,50
2023-12-18 10:00:00,0.671197,0.671293,0.670341,0.670438,50
2023-12-18 11:00:00,0.670438,0.670443,0.669918,0.669923,50
2023-12-18 12:00:00,0.669923,0.670040,0.669703,0.669819,50
2023-12-18 13:00:00,0.669819,0.670175,0.669749,0.670105,50
2023-12-18 14:00:00,0.670105,0.670158,0.669411,0.669465,50
2023-12-18 15:00:00,0.669465,0.669489,0.669372,0.669396,50
2023-12-18 16:00:00,0.669396,0.669513,0.669225,0.669343,50
2023-12-18 17:00:00,0.669343,0.669705,0.669286,0.669649,50
2023-12-18 18:00:00,0.669649,0.669691,0.669427,0.669469,50
2023-12-18 19:00:00,0.669469,0.669658,0.669337,0.669526,50
2023-12-18 20:00:00,0.669526,0.669737,0.669375,0.669586,50
2023-12-18 21:00:00,0.669586,0.670120,0.669456,0.669990,50
2023-12-18 22:00:00,0.669990,0.670137,0.669917,0.670064,50
2023-12-18 23:00:00,0.670064,0.670160,0.669606,0.669703,50
2023-12-19 00:00:00,0.669703,0.669858,0.669478,0.669634,50
2023-12-19 01:00:00,0.669634,0.670165,0.668627,0.669159,50
2023-12-19 02:00:00,0.669159,0.669691,0.668458,0.668991,50
2023-12-19 03:00:00,0.668991,0.669445,0.667889,0.668343,50
2023-12-19 04:00:00,0.668343,0.669818,0.667868,0.669343,50
2023-12-19 05:00:00,0.669343,0.669775,0.668380,0.668811,50
2023-12-19 06:00:00,0.668811,0.671456,0.668488,0.671133,50
2023-12-19 07:00:00,0.671133,0.672593,0.670866,0.672326,50
2023-12-19 08:00:00,0.672326,0.672615,0.672157,0.672447,50
2023-12-19 09:00:00,0.672447,0.674216,0.672362,0.674132,50
2023-12-19 10:00:00,0.674132,0.675706,0.673861,0.675435,50
2023-12-19 11:00:00,0.675435,0.676005,0.675356,0.675926,50
2023-12-19 12:00:00,0.675926,0.676360,0.675465,0.675898,50
2023-12-19 13:00:00,0.675898,0.675907,0.675300,0.675308,50
2023-12-19 14:00:00,0.675308,0.675584,0.674792,0.675069,50
2023-12-19 15:00:00,0.675069,0.675486,0.673290,0.673707,50
2023-12-19 16:00:00,0.673707,0.674172,0.673391,0.673856,50
2023-12-19 17:00:00,0.673856,0.674878,0.673719,0.674742,50
2023-12-19 18:00:00,0.674742,0.675333,0.674444,0.675036,50
2023-12-19 19:00:00,0.675036,0.675830,0.674933,0.675727,50
2023-12-19 20:00:00,0.675727,0.677107,0.675459,0.676838,50
2023-12-19 21:00:00,0.676838,0.677524,0.676520,0.677205,50
2023-12-19 22:00:00,0.677205,0.677635,0.676115,0.676545,50
2023-12-19 23:00:00,0.676545,0.676997,0.676047,0.676498,50
2023-12-20 00:00:00,0.676498,0.677116,0.676448,0.677065,50
2023-12-20 01:00:00,0.677065,0.677542,0.676971,0.677448,50
2023-12-20 02:00:00,0.677448,0.677513,0.676991,0.677056,50
2023-12-20 03:00:00,0.677056,0.677568,0.676955,0.677467,50
2023-12-20 04:00:00,0.677467,0.677491,0.676769,0.676792,50
2023-12-20 05:00:00,0.676792,0.676825,0.676021,0.676054,50
2023-12-20 06:00:00,0.676054,0.676089,0.675817,0.675852,50
2023-12-20 07:00:00,0.675852,0.676020,0.675783,0.675951,50
2023-12-20 08:00:00,0.675951,0.676135,0.675849,0.676033,50
2023-12-20 09:00:00,0.676033,0.676223,0.675918,0.676109,50
2023-12-20 10:00:00,0.676109,0.676173,0.676030,0.676094,50
2023-12-20 11:00:00,0.676094,0.676179,0.675780,0.675865,50
2023-12-20 12:00:00,0.675865,0.676390,0.675788,0.676313,50
2023-12-20 13:00:00,0.676313,0.676422,0.675329,0.675438,50
2023-12-20 14:00:00,0.675438,0.676084,0.675383,0.676029,50
2023-12-20 15:00:00,0.676029,0.676108,0.675966,0.676045,50
2023-12-20 16:00:00,0.676045,0.676442,0.676004,0.676401,50
2023-12-20 17:00:00,0.676401,0.676441,0.676289,0.676328,50
2023-12-20 18:00:00,0.676328,0.676481,0.676230,0.676383,50
2023-12-20 19:00:00,0.676383,0.676423,0.675820,0.675860,50
2023-12-20 20:00:00,0.675860,0.675971,0.675640,0.675751,50
2023-12-20 21:00:00,0.675751,0.675751,0.675537,0.675538,50
2023-12-20 22:00:00,0.675538,0.676011,0.675463,0.675936,50
2023-12-20 23:00:00,0.675936,0.676482,0.675861,0.676407,50
2023-12-21 00:00:00,0.676407,0.677275,0.676196,0.677064,50
2023-12-21 01:00:00,0.677064,0.677412,0.676904,0.677253,50
2023-12-21 02:00:00,0.677253,0.677321,0.676980,0.677048,50
2023-12-21 03:00:00,0.677048,0.677074,0.677044,0.677070,50
2023-12-21 04:00:00,0.677070,0.677312,0.676979,0.677221,50
2023-12-21 05:00:00,0.677221,0.677259,0.676871,0.676909,50
2023-12-21 06:00:00,0.676909,0.677082,0.676518,0.676690,50
2023-12-21 07:00:00,0.676690,0.676790,0.676213,0.676313,50
2023-12-21 08:00:00,0.676313,0.677139,0.676102,0.676929,50
2023-12-21 09:00:00,0.676929,0.677066,0.676303,0.676441,50
2023-12-21 10:00:00,0.676441,0.676700,0.676359,0.676618,50
2023-12-21 11:00:00,0.676618,0.677434,0.676496,0.677312,50
2023-12-21 12:00:00,0.677312,0.677880,0.677187,0.677755,50
2023-12-21 13:00:00,0.677755,0.677891,0.676829,0.676964,50
2023-12-21 14:00:00,0.676964,0.678280,0.676791,0.678108,50
2023-12-21 15:00:00,0.678108,0.678609,0.677949,0.678450,50
2023-12-21 16:00:00,0.678450,0.678512,0.677707,0.677769,50
2023-12-21 17:00:00,0.677769,0.677934,0.677659,0.677824,50
2023-12-21 18:00:00,0.677824,0.677952,0.677259,0.677386,50
2023-12-21 19:00:00,0.677386,0.677956,0.677179,0.677748,50
2023-12-21 20:00:00,0.677748,0.678693,0.677748,0.678693,50
2023-12-21 21:00:00,0.678693,0.678757,0.678161,0.678225,50
2023-12-21 22:00:00,0.678225,0.679314,0.678119,0.679208,50
2023-12-21 23:00:00,0.679208,0.679310,0.678876,0.678979,50
2023-12-22 00:00:00,0.678979,0.679187,0.678867,0.679075,50
2023-12-22 01:00:00,0.679075,0.679757,0.678993,0.679675,50
2023-12-22 02:00:00,0.679675,0.679813,0.679653,0.679791,50
2023-12-22 03:00:00,0.679791,0.680082,0.679745,0.680036,50
2023-12-22 04:00:00,0.680036,0.680110,0.679917,0.679991,50
2023-12-22 05:00:00,0.679991,0.680017,0.679488,0.679514,50
2023-12-22 06:00:00,0.679514,0.679909,0.679457,0.679852,50
2023-12-22 07:00:00,0.679852,0.679868,0.679490,0.679506,50
2023-12-22 08:00:00,0.679506,0.679552,0.678769,0.678815,50
2023-12-22 09:00:00,0.678815,0.678916,0.678615,0.678716,50
2023-12-22 10:00:00,0.678716,0.678763,0.678581,0.678628,50
2023-12-22 11:00:00,0.678628,0.679321,0.678511,0.679204,50
2023-12-22 12:00:00,0.679204,0.679910,0.679179,0.679885,50
2023-12-22 13:00:00,0.679885,0.680749,0.679805,0.680669,50
2023-12-22 14:00:00,0.680669,0.680702,0.679833,0.679866,50
2023-12-22 15:00:00,0.679866,0.679866,0.679579,0.679579,50
2023-12-22 16:00:00,0.679579,0.679586,0.679111,0.679118,50
2023-12-22 17:00:00,0.679118,0.679446,0.679028,0.679356,50
2023-12-22 18:00:00,0.679356,0.679474,0.678976,0.679094,50
2023-12-22 19:00:00,0.679094,0.679169,0.678774,0.678849,50
2023-12-22 20:00:00,0.678849,0.679469,0.678806,0.679425,50
2023-12-22 21:00:00,0.679425,0.679672,0.679321,0.679567,50
2023-12-22 22:00:00,0.679567,0.679621,0.679549,0.679602,50
2023-12-22 23:00:00,0.679602,0.680435,0.679485,0.680318,50
2023-12-26 00:00:00,0.680318,0.680921,0.680236,0.680839,50
2023-12-26 01:00:00,0.680839,0.680864,0.680526,0.680550,50
2023-12-26 02:00:00,0.680550,0.680565,0.680027,0.680042,50
2023-12-26 03:00:00,0.680042,0.680163,0.679880,0.680001,50
2023-12-26 04:00:00,0.680001,0.680007,0.679940,0.679945,50
2023-12-26 05:00:00,0.679945,0.680389,0.679859,0.680304,50
2023-12-26 06:00:00,0.680304,0.680824,0.680287,0.680807,50
2023-12-26 07:00:00,0.680807,0.681161,0.680784,0.681138,50
2023-12-26 08:00:00,0.681138,0.681424,0.681130,0.681416,50
2023-12-26 09:00:00,0.681416,0.681704,0.681317,0.681605,50
2023-12-26 10:00:00,0.681605,0.681637,0.681476,0.681508,50
2023-12-26 11:00:00,0.681508,0.681601,0.681384,0.681477,50
2023-12-26 12:00:00,0.681477,0.681549,0.681428,0.681501,50
2023-12-26 13:00:00,0.681501,0.681727,0.681493,0.681719,50
2023-12-26 14:00:00,0.681719,0.681882,0.681688,0.681851,50
2023-12-26 15:00:00,0.681851,0.681922,0.681578,0.681648,50
2023-12-26 16:00:00,0.681648,0.681963,0.681641,0.681955,50
2023-12-26 17:00:00,0.681955,0.682061,0.681671,0.681777,50
2023-12-26 18:00:00,0.681777,0.682010,0.681758,0.681990,50
2023-12-26 19:00:00,0.681990,0.682024,0.681489,0.681523,50
2023-12-26 20:00:00,0.681523,0.681610,0.680907,0.680993,50
2023-12-26 21:00:00,0.680993,0.681337,0.680931,0.681274,50
2023-12-26 22:00:00,0.681274,0.681316,0.681144,0.681187,50
2023-12-26 23:00:00,0.681187,0.681734,0.681069,0.681617,50
2023-12-27 00:00:00,0.681617,0.683272,0.681601,0.683257,50
2023-12-27 01:00:00,0.683257,0.683907,0.683068,0.683718,50
2023-12-27 02:00:00,0.683718,0.683864,0.682769,0.682915,50
2023-12-27 03:00:00,0.682915,0.683106,0.682718,0.682908,50
2023-12-27 04:00:00,0.682908,0.682996,0.682415,0.682503,50
2023-12-27 05:00:00,0.682503,0.683537,0.682287,0.683321,50
2023-12-27 06:00:00,0.683321,0.683951,0.683144,0.683774,50
2023-12-27 07:00:00,0.683774,0.684214,0.683583,0.684023,50
2023-12-27 08:00:00,0.684023,0.684782,0.684015,0.684774,50
2023-12-27 09:00:00,0.684774,0.684968,0.684213,0.684407,50
2023-12-27 10:00:00,0.684407,0.684631,0.683760,0.683984,50
2023-12-27 11:00:00,0.683984,0.684156,0.683311,0.683483,50
2023-12-27 12:00:00,0.683483,0.683588,0.681927,0.682032,50
2023-12-27 13:00:00,0.682032,0.682177,0.680912,0.681057,50
2023-12-27 14:00:00,0.681057,0.682163,0.680993,0.682099,50
2023-12-27 15:00:00,0.682099,0.682164,0.682053,0.682117,50
2023-12-27 16:00:00,0.682117,0.682327,0.681724,0.681934,50
2023-12-27 17:00:00,0.681934,0.683402,0.681783,0.683251,50
2023-12-27 18:00:00,0.683251,0.683983,0.683045,0.683777,50
2023-12-27 19:00:00,0.683777,0.683833,0.681986,0.682042,50
2023-12-27 20:00:00,0.682042,0.684183,0.681946,0.684087,50
2023-12-27 21:00:00,0.684087,0.685044,0.683894,0.684851,50
2023-12-27 22:00:00,0.684851,0.685009,0.684818,0.684976,50
2023-12-27 23:00:00,0.684976,0.685098,0.684293,0.684416,50
2023-12-28 00:00:00,0.684416,0.684472,0.684359,0.684416,50
2023-12-28 01:00:00,0.684416,0.684534,0.684298,0.684416,50
2023-12-28 02:00:00,0.684416,0.684511,0.684321,0.684416,50
2023-12-28 03:00:00,0.684416,0.684418,0.684414,0.684416,50
2023-12-28 04:00:00,0.684416,0.684532,0.684300,0.684416,50
2023-12-28 05:00:00,0.684416,0.684517,0.684314,0.684416,50
2023-12-28 06:00:00,0.684416,0.684451,0.684381,0.684416,50
2023-12-28 07:00:00,0.684416,0.684535,0.684297,0.684416,50
2023-12-28 08:00:00,0.684416,0.684436,0.684396,0.684416,50
2023-12-28 09:00:00,0.684416,0.684532,0.684300,0.684416,50
2023-12-28 10:00:00,0.684416,0.684489,0.684342,0.684416,50
2023-12-28 11:00:00,0.684416,0.684419,0.684413,0.684416,50
2023-12-28 12:00:00,0.684416,0.684516,0.684316,0.684416,50
2023-12-28 13:00:00,0.684416,0.684455,0.684377,0.684416,50
2023-12-28 14:00:00,0.684416,0.684425,0.684407,0.684416,50
2023-12-28 15:00:00,0.684416,0.684436,0.684396,0.684416,50
2023-12-28 16:00:00,0.684416,0.684427,0.684405,0.684416,50
2023-12-28 17:00:00,0.684416,0.684471,0.684360,0.684416,50
2023-12-28 18:00:00,0.684416,0.684451,0.684380,0.684416,50
2023-12-28 19:00:00,0.684416,0.684529,0.684303,0.684416,50
2023-12-28 20:00:00,0.684416,0.684463,0.684369,0.684416,50
2023-12-28 21:00:00,0.684416,0.684429,0.684403,0.684416,50
2023-12-28 22:00:00,0.684416,0.684416,0.684415,0.684416,50
2023-12-28 23:00:00,0.684416,0.684503,0.684329,0.684416,50
2023-12-29 00:00:00,0.684416,0.684840,0.684319,0.684743,50
2023-12-29 01:00:00,0.684743,0.684857,0.684418,0.684532,50
2023-12-29 02:00:00,0.684532,0.684584,0.683644,0.683696,50
2023-12-29 03:00:00,0.683696,0.683786,0.683314,0.683404,50
2023-12-29 04:00:00,0.683404,0.683585,0.683304,0.683485,50
2023-12-29 05:00:00,0.683485,0.683697,0.683473,0.683685,50
2023-12-29 06:00:00,0.683685,0.683790,0.682842,0.682947,50
2023-12-29 07:00:00,0.682947,0.683526,0.682920,0.683499,50
2023-12-29 08:00:00,0.683499,0.683651,0.683460,0.683611,50
2023-12-29 09:00:00,0.683611,0.683644,0.682878,0.682911,50
2023-12-29 10:00:00,0.682911,0.683324,0.682872,0.683285,50
2023-12-29 11:00:00,0.683285,0.683414,0.683084,0.683213,50
2023-12-29 12:00:00,0.683213,0.683273,0.683050,0.683110,50
2023-12-29 13:00:00,0.683110,0.683227,0.682835,0.682953,50
2023-12-29 14:00:00,0.682953,0.683049,0.682934,0.683030,50
2023-12-29 15:00:00,0.683030,0.683464,0.682996,0.683429,50
2023-12-29 16:00:00,0.683429,0.684596,0.683428,0.684594,50
2023-12-29 17:00:00,0.684594,0.684659,0.684368,0.684433,50
2023-12-29 18:00:00,0.684433,0.684563,0.682838,0.682969,50
2023-12-29 19:00:00,0.682969,0.683040,0.682382,0.682453,50
2023-12-29 20:00:00,0.682453,0.683275,0.682354,0.683176,50
2023-12-29 21:00:00,0.683176,0.683199,0.682931,0.682953,50
2023-12-29 22:00:00,0.682953,0.683378,0.682945,0.683370,50
2023-12-29 23:00:00,0.683370,0.683400,0.682750,0.682780,50
2024-01-02 00:00:00,0.682780,0.682942,0.681154,0.681315,50
2024-01-02 01:00:00,0.681315,0.681390,0.680718,0.680793,50
2024-01-02 02:00:00,0.680793,0.681074,0.679417,0.679698,50
2024-01-02 03:00:00,0.679698,0.680078,0.676301,0.676681,50
2024-01-02 04:00:00,0.676681,0.677016,0.675621,0.675957,50
2024-01-02 05:00:00,0.675957,0.676603,0.675562,0.676208,50
2024-01-02 06:00:00,0.676208,0.677539,0.675873,0.677203,50
2024-01-02 07:00:00,0.677203,0.677617,0.676891,0.677305,50
2024-01-02 08:00:00,0.677305,0.678908,0.677185,0.678788,50
2024-01-02 09:00:00,0.678788,0.679246,0.677385,0.677842,50
2024-01-02 10:00:00,0.677842,0.678316,0.677010,0.677483,50
2024-01-02 11:00:00,0.677483,0.678510,0.677133,0.678160,50
2024-01-02 12:00:00,0.678160,0.680097,0.677684,0.679621,50
2024-01-02 13:00:00,0.679621,0.680458,0.679199,0.680036,50
2024-01-02 14:00:00,0.680036,0.680879,0.679617,0.680460,50
2024-01-02 15:00:00,0.680460,0.681105,0.680098,0.680744,50
2024-01-02 16:00:00,0.680744,0.682038,0.680356,0.681650,50
2024-01-02 17:00:00,0.681650,0.681981,0.680581,0.680911,50
2024-01-02 18:00:00,0.680911,0.680972,0.679196,0.679257,50
2024-01-02 19:00:00,0.679257,0.680510,0.678857,0.680110,50
2024-01-02 20:00:00,0.680110,0.680648,0.679942,0.680480,50
2024-01-02 21:00:00,0.680480,0.681512,0.680173,0.681204,50
2024-01-02 22:00:00,0.681204,0.681634,0.680104,0.680533,50
2024-01-02 23:00:00,0.680533,0.680769,0.676858,0.677094,50
2024-01-03 00:00:00,0.677094,0.677684,0.676979,0.677570,50
2024-01-03 01:00:00,0.677570,0.677705,0.676826,0.676962,50
2024-01-03 02:00:00,0.676962,0.677132,0.676286,0.676456,50
2024-01-03 03:00:00,0.676456,0.677561,0.676029,0.677134,50
2024-01-03 04:00:00,0.677134,0.677476,0.676667,0.677009,50
2024-01-03 05:00:00,0.677009,0.677050,0.675828,0.675869,50
2024-01-03 06:00:00,0.675869,0.676470,0.675621,0.676221,50
2024-01-03 07:00:00,0.676221,0.676346,0.675138,0.675262,50
2024-01-03 08:00:00,0.675262,0.675374,0.674990,0.675101,50
2024-01-03 09:00:00,0.675101,0.675475,0.673444,0.673818,50
2024-01-03 10:00:00,0.673818,0.673847,0.673186,0.673214,50
2024-01-03 11:00:00,0.673214,0.673529,0.672701,0.673016,50
2024-01-03 12:00:00,0.673016,0.673396,0.672340,0.672720,50
2024-01-03 13:00:00,0.672720,0.672861,0.672719,0.672860,50
2024-01-03 14:00:00,0.672860,0.673367,0.672734,0.673241,50
2024-01-03 15:00:00,0.673241,0.673579,0.672589,0.672927,50
2024-01-03 16:00:00,0.672927,0.673676,0.672907,0.673656,50
2024-01-03 17:00:00,0.673656,0.673812,0.672827,0.672983,50
2024-01-03 18:00:00,0.672983,0.673084,0.671092,0.671193,50
2024-01-03 19:00:00,0.671193,0.672099,0.670814,0.671720,50
2024-01-03 20:00:00,0.671720,0.672542,0.671373,0.672195,50
2024-01-03 21:00:00,0.672195,0.672522,0.670651,0.670979,50
2024-01-03 22:00:00,0.670979,0.671440,0.670860,0.671322,50
2024-01-03 23:00:00,0.671322,0.672046,0.671273,0.671998,50
2024-01-04 00:00:00,0.671998,0.672113,0.671570,0.671685,50
2024-01-04 01:00:00,0.671685,0.671792,0.671246,0.671353,50
2024-01-04 02:00:00,0.671353,0.671539,0.671322,0.671509,50
2024-01-04 03:00:00,0.671509,0.671738,0.671449,0.671678,50
2024-01-04 04:00:00,0.671678,0.671750,0.671380,0.671452,50
2024-01-04 05:00:00,0.671452,0.671531,0.670940,0.671019,50
2024-01-04 06:00:00,0.671019,0.671236,0.670936,0.671153,50
2024-01-04 07:00:00,0.671153,0.671282,0.671145,0.671274,50
2024-01-04 08:00:00,0.671274,0.671754,0.671190,0.671670,50
2024-01-04 09:00:00,0.671670,0.671867,0.671650,0.671847,50
2024-01-04 10:00:00,0.671847,0.672066,0.671787,0.672007,50
2024-01-04 11:00:00,0.672007,0.672572,0.671943,0.672508,50
2024-01-04 12:00:00,0.672508,0.672521,0.672086,0.672099,50
2024-01-04 13:00:00,0.672099,0.672303,0.672022,0.672226,50
2024-01-04 14:00:00,0.672226,0.672295,0.671832,0.671901,50
2024-01-04 15:00:00,0.671901,0.671982,0.671872,0.671954,50
2024-01-04 16:00:00,0.671954,0.672086,0.671862,0.671995,50
2024-01-04 17:00:00,0.671995,0.672012,0.671338,0.671355,50
2024-01-04 18:00:00,0.671355,0.671483,0.671243,0.671372,50
2024-01-04 19:00:00,0.671372,0.671381,0.671204,0.671213,50
2024-01-04 20:00:00,0.671213,0.671311,0.670877,0.670974,50
2024-01-04 21:00:00,0.670974,0.671040,0.670652,0.670717,50
2024-01-04 22:00:00,0.670717,0.670734,0.670478,0.670495,50
2024-01-04 23:00:00,0.670495,0.671039,0.670462,0.671006,50
2024-01-05 00:00:00,0.671006,0.671080,0.670510,0.670584,50
2024-01-05 01:00:00,0.670584,0.670871,0.670484,0.670772,50
2024-01-05 02:00:00,0.670772,0.671090,0.670680,0.670998,50
2024-01-05 03:00:00,0.670998,0.671602,0.670964,0.671568,50
2024-01-05 04:00:00,0.671568,0.671757,0.671528,0.671717,50
2024-01-05 05:00:00,0.671717,0.672326,0.671668,0.672277,50
2024-01-05 06:00:00,0.672277,0.672304,0.671858,0.671885,50
2024-01-05 07:00:00,0.671885,0.672365,0.671778,0.672258,50
2024-01-05 08:00:00,0.672258,0.672383,0.672152,0.672277,50
2024-01-05 09:00:00,0.672277,0.672342,0.672116,0.672181,50
2024-01-05 10:00:00,0.672181,0.672360,0.672117,0.672296,50
2024-01-05 11:00:00,0.672296,0.672297,0.672252,0.672253,50
2024-01-05 12:00:00,0.672253,0.672470,0.672152,0.672368,50
2024-01-05 13:00:00,0.672368,0.672431,0.672223,0.672286,50
2024-01-05 14:00:00,0.672286,0.672624,0.672262,0.672600,50
2024-01-05 15:00:00,0.672600,0.672698,0.672149,0.672246,50
2024-01-05 16:00:00,0.672246,0.672312,0.671749,0.671815,50
2024-01-05 17:00:00,0.671815,0.671823,0.671501,0.671508,50
2024-01-05 18:00:00,0.671508,0.671938,0.671447,0.671877,50
2024-01-05 19:00:00,0.671877,0.671901,0.671794,0.671818,50
2024-01-05 20:00:00,0.671818,0.671938,0.671813,0.671933,50
2024-01-05 21:00:00,0.671933,0.671966,0.671840,0.671873,50
2024-01-05 22:00:00,0.671873,0.671943,0.671757,0.671827,50
2024-01-05 23:00:00,0.671827,0.672281,0.671724,0.672179,50
2024-01-08 00:00:00,0.672179,0.672729,0.672140,0.672691,50
2024-01-08 01:00:00,0.672691,0.672733,0.672331,0.672374,50
2024-01-08 02:00:00,0.672374,0.672481,0.672056,0.672163,50
2024-01-08 03:00:00,0.672163,0.672168,0.671600,0.671605,50
2024-01-08 04:00:00,0.671605,0.671607,0.671515,0.671517,50
2024-01-08 05:00:00,0.671517,0.671564,0.671513,0.671561,50
2024-01-08 06:00:00,0.671561,0.671655,0.670940,0.671035,50
2024-01-08 07:00:00,0.671035,0.671574,0.670943,0.671482,50
2024-01-08 08:00:00,0.671482,0.671673,0.671410,0.671600,50
2024-01-08 09:00:00,0.671600,0.672064,0.671574,0.672038,50
2024-01-08 10:00:00,0.672038,0.672346,0.671949,0.672257,50
2024-01-08 11:00:00,0.672257,0.673068,0.672239,0.673051,50
2024-01-08 12:00:00,0.673051,0.673147,0.672928,0.673023,50
2024-01-08 13:00:00,0.673023,0.673144,0.671978,0.672099,50
2024-01-08 14:00:00,0.672099,0.672849,0.672002,0.672752,50
2024-01-08 15:00:00,0.672752,0.672770,0.672320,0.672339,50
2024-01-08 16:00:00,0.672339,0.672473,0.672303,0.672438,50
2024-01-08 17:00:00,0.672438,0.672473,0.672294,0.672329,50
2024-01-08 18:00:00,0.672329,0.672440,0.672025,0.672136,50
2024-01-08 19:00:00,0.672136,0.672545,0.672047,0.672455,50
2024-01-08 20:00:00,0.672455,0.672512,0.672405,0.672462,50
2024-01-08 21:00:00,0.672462,0.672991,0.672427,0.672956,50
2024-01-08 22:00:00,0.672956,0.672965,0.672002,0.672011,50
2024-01-08 23:00:00,0.672011,0.672098,0.671820,0.671908,50
2024-01-09 00:00:00,0.671908,0.672070,0.671817,0.671980,50
2024-01-09 01:00:00,0.671980,0.672152,0.670682,0.670855,50
2024-01-09 02:00:00,0.670855,0.671485,0.670740,0.671370,50
2024-01-09 03:00:00,0.671370,0.671433,0.670646,0.670709,50
2024-01-09 04:00:00,0.670709,0.670807,0.670666,0.670764,50
2024-01-09 05:00:00,0.670764,0.670978,0.670055,0.670269,50
2024-01-09 06:00:00,0.670269,0.670369,0.669512,0.669612,50
2024-01-09 07:00:00,0.669612,0.670475,0.669536,0.670399,50
2024-01-09 08:00:00,0.670399,0.670513,0.669909,0.670023,50
2024-01-09 09:00:00,0.670023,0.670504,0.669863,0.670344,50
2024-01-09 10:00:00,0.670344,0.670453,0.669961,0.670070,50
2024-01-09 11:00:00,0.670070,0.670129,0.669480,0.669539,50
2024-01-09 12:00:00,0.669539,0.669618,0.669327,0.669406,50
2024-01-09 13:00:00,0.669406,0.669425,0.669305,0.669324,50
2024-01-09 14:00:00,0.669324,0.669454,0.669192,0.669322,50
2024-01-09 15:00:00,0.669322,0.669449,0.668543,0.668670,50
2024-01-09 16:00:00,0.668670,0.669068,0.668479,0.668877,50
2024-01-09 17:00:00,0.668877,0.669419,0.668818,0.669361,50
2024-01-09 18:00:00,0.669361,0.669766,0.669325,0.669730,50
2024-01-09 19:00:00,0.669730,0.670241,0.669532,0.670042,50
2024-01-09 20:00:00,0.670042,0.670219,0.669422,0.669599,50
2024-01-09 21:00:00,0.669599,0.669924,0.669552,0.669876,50
2024-01-09 22:00:00,0.669876,0.670326,0.669757,0.670207,50
2024-01-09 23:00:00,0.670207,0.670233,0.669184,0.669210,50
2024-01-10 00:00:00,0.669210,0.669309,0.669110,0.669210,50
2024-01-10 01:00:00,0.669210,0.669271,0.669149,0.669210,50
2024-01-10 02:00:00,0.669210,0.669229,0.669191,0.669210,50
2024-01-10 03:00:00,0.669210,0.669217,0.669202,0.669210,50
2024-01-10 04:00:00,0.669210,0.669265,0.669154,0.669210,50
2024-01-10 05:00:00,0.669210,0.669304,0.669115,0.669210,50
2024-01-10 06:00:00,0.669210,0.669256,0.669163,0.669210,50
2024-01-10 07:00:00,0.669210,0.669229,0.669190,0.669210,50
2024-01-10 08:00:00,0.669210,0.669263,0.669157,0.669210,50
2024-01-10 09:00:00,0.669210,0.669273,0.669146,0.669210,50
2024-01-10 10:00:00,0.669210,0.669322,0.669098,0.669210,50
2024-01-10 11:00:00,0.669210,0.669232,0.669187,0.669210,50
2024-01-10 12:00:00,0.669210,0.669262,0.669157,0.669210,50
2024-01-10 13:00:00,0.669210,0.669248,0.669171,0.669210,50
2024-01-10 14:00:00,0.669210,0.669303,0.669116,0.669210,50
2024-01-10 15:00:00,0.669210,0.669232,0.669187,0.669210,50
2024-01-10 16:00:00,0.669210,0.669299,0.669120,0.669210,50
2024-01-10 17:00:00,0.669210,0.669309,0.669111,0.669210,50
2024-01-10 18:00:00,0.669210,0.669269,0.669150,0.669210,50
2024-01-10 19:00:00,0.669210,0.669276,0.669143,0.669210,50
2024-01-10 20:00:00,0.669210,0.669323,0.669096,0.669210,50
2024-01-10 21:00:00,0.669210,0.669219,0.669200,0.669210,50
2024-01-10 22:00:00,0.669210,0.669213,0.669206,0.669210,50
2024-01-10 23:00:00,0.669210,0.669251,0.669168,0.669210,50
2024-01-11 00:00:00,0.669210,0.669763,0.668985,0.669539,50
2024-01-11 01:00:00,0.669539,0.669661,0.669266,0.669388,50
2024-01-11 02:00:00,0.669388,0.669483,0.669254,0.669350,50
2024-01-11 03:00:00,0.669350,0.670112,0.669195,0.669957,50
2024-01-11 04:00:00,0.669957,0.669988,0.668661,0.668692,50
2024-01-11 05:00:00,0.668692,0.668709,0.667893,0.667910,50
2024-01-11 06:00:00,0.667910,0.667940,0.666593,0.666624,50
2024-01-11 07:00:00,0.666624,0.666884,0.666152,0.666412,50
2024-01-11 08:00:00,0.666412,0.666716,0.665804,0.666108,50
2024-01-11 09:00:00,0.666108,0.666974,0.665951,0.666817,50
2024-01-11 10:00:00,0.666817,0.667066,0.666495,0.666744,50
2024-01-11 11:00:00,0.666744,0.666983,0.665074,0.665313,50
2024-01-11 12:00:00,0.665313,0.665778,0.665178,0.665643,50
2024-01-11 13:00:00,0.665643,0.666435,0.665380,0.666171,50
2024-01-11 14:00:00,0.666171,0.666588,0.666080,0.666496,50
2024-01-11 15:00:00,0.666496,0.667087,0.666301,0.666892,50
2024-01-11 16:00:00,0.666892,0.667056,0.666451,0.666615,50
2024-01-11 17:00:00,0.666615,0.666778,0.666112,0.666275,50
2024-01-11 18:00:00,0.666275,0.666429,0.665750,0.665904,50
2024-01-11 19:00:00,0.665904,0.666118,0.664359,0.664573,50
2024-01-11 20:00:00,0.664573,0.665813,0.664377,0.665618,50
2024-01-11 21:00:00,0.665618,0.665735,0.665220,0.665337,50
2024-01-11 22:00:00,0.665337,0.665642,0.664453,0.664757,50
2024-01-11 23:00:00,0.664757,0.665530,0.664519,0.665292,50
2024-01-12 00:00:00,0.665292,0.666153,0.665206,0.666068,50
2024-01-12 01:00:00,0.666068,0.666801,0.666028,0.666761,50
2024-01-12 02:00:00,0.666761,0.667065,0.665497,0.665801,50
2024-01-12 03:00:00,0.665801,0.666128,0.665016,0.665343,50
2024-01-12 04:00:00,0.665343,0.665601,0.664518,0.664777,50
2024-01-12 05:00:00,0.664777,0.665058,0.664602,0.664883,50
2024-01-12 06:00:00,0.664883,0.666232,0.664694,0.666043,50
2024-01-12 07:00:00,0.666043,0.666473,0.666009,0.666439,50
2024-01-12 08:00:00,0.666439,0.666509,0.666242,0.666312,50
2024-01-12 09:00:00,0.666312,0.666572,0.665186,0.665446,50
2024-01-12 10:00:00,0.665446,0.666052,0.665428,0.666034,50
2024-01-12 11:00:00,0.666034,0.666178,0.664364,0.664508,50
2024-01-12 12:00:00,0.664508,0.665936,0.664268,0.665695,50
2024-01-12 13:00:00,0.665695,0.666981,0.665495,0.666781,50
2024-01-12 14:00:00,0.666781,0.667054,0.666774,0.667047,50
2024-01-12 15:00:00,0.667047,0.667855,0.667017,0.667826,50
2024-01-12 16:00:00,0.667826,0.668016,0.666858,0.667048,50
2024-01-12 17:00:00,0.667048,0.668157,0.666984,0.668092,50
2024-01-12 18:00:00,0.668092,0.668923,0.667868,0.668698,50
2024-01-12 19:00:00,0.668698,0.669342,0.668542,0.669186,50
2024-01-12 20:00:00,0.669186,0.670197,0.668983,0.669993,50
2024-01-12 21:00:00,0.669993,0.670088,0.667823,0.667917,50
2024-01-12 22:00:00,0.667917,0.668020,0.667441,0.667544,50
2024-01-12 23:00:00,0.667544,0.669513,0.667240,0.669210,50
2024-01-16 00:00:00,0.669210,0.669660,0.669020,0.669470,50
2024-01-16 01:00:00,0.669470,0.670953,0.669371,0.670855,50
2024-01-16 02:00:00,0.670855,0.670965,0.670096,0.670206,50
2024-01-16 03:00:00,0.670206,0.670453,0.669826,0.670072,50
2024-01-16 04:00:00,0.670072,0.670427,0.668967,0.669321,50
2024-01-16 05:00:00,0.669321,0.669611,0.669170,0.669460,50
2024-01-16 06:00:00,0.669460,0.670450,0.668953,0.669943,50
2024-01-16 07:00:00,0.669943,0.671902,0.669150,0.671108,50
2024-01-16 08:00:00,0.671108,0.671767,0.668700,0.669358,50
2024-01-16 09:00:00,0.669358,0.670275,0.668808,0.669725,50
2024-01-16 10:00:00,0.669725,0.670192,0.669591,0.670059,50
2024-01-16 11:00:00,0.670059,0.670572,0.668960,0.669473,50
2024-01-16 12:00:00,0.669473,0.670920,0.668996,0.670443,50
2024-01-16 13:00:00,0.670443,0.670598,0.668202,0.668358,50
2024-01-16 14:00:00,0.668358,0.669036,0.665700,0.666378,50
2024-01-16 15:00:00,0.666378,0.666583,0.666220,0.666425,50
2024-01-16 16:00:00,0.666425,0.667011,0.664878,0.665464,50
2024-01-16 17:00:00,0.665464,0.666020,0.663328,0.663884,50
2024-01-16 18:00:00,0.663884,0.664459,0.663344,0.663920,50
2024-01-16 19:00:00,0.663920,0.664649,0.661117,0.661846,50
2024-01-16 20:00:00,0.661846,0.662141,0.661675,0.661969,50
2024-01-16 21:00:00,0.661969,0.662213,0.660955,0.661199,50
2024-01-16 22:00:00,0.661199,0.661762,0.659561,0.660125,50
2024-01-16 23:00:00,0.660125,0.660736,0.659107,0.659718,50
2024-01-17 00:00:00,0.659718,0.660083,0.657897,0.658262,50
2024-01-17 01:00:00,0.658262,0.658699,0.656702,0.657139,50
2024-01-17 02:00:00,0.657139,0.657141,0.655184,0.655186,50
2024-01-17 03:00:00,0.655186,0.656192,0.655147,0.656153,50
2024-01-17 04:00:00,0.656153,0.656602,0.655913,0.656361,50
2024-01-17 05:00:00,0.656361,0.657027,0.656249,0.656915,50
2024-01-17 06:00:00,0.656915,0.657402,0.656304,0.656790,50
2024-01-17 07:00:00,0.656790,0.657217,0.656539,0.656965,50
2024-01-17 08:00:00,0.656965,0.657428,0.655470,0.655933,50
2024-01-17 09:00:00,0.655933,0.656695,0.655525,0.656287,50
2024-01-17 10:00:00,0.656287,0.656716,0.653839,0.654268,50
2024-01-17 11:00:00,0.654268,0.654289,0.653156,0.653177,50
2024-01-17 12:00:00,0.653177,0.654126,0.652754,0.653702,50
2024-01-17 13:00:00,0.653702,0.654626,0.653328,0.654252,50
2024-01-17 14:00:00,0.654252,0.654276,0.652723,0.652747,50
2024-01-17 15:00:00,0.652747,0.653129,0.652347,0.652729,50
2024-01-17 16:00:00,0.652729,0.653168,0.652711,0.653150,50
2024-01-17 17:00:00,0.653150,0.654776,0.652755,0.654381,50
2024-01-17 18:00:00,0.654381,0.654867,0.654083,0.654569,50
2024-01-17 19:00:00,0.654569,0.655807,0.654285,0.655524,50
2024-01-17 20:00:00,0.655524,0.655890,0.655490,0.655856,50
2024-01-17 21:00:00,0.655856,0.657086,0.655445,0.656675,50
2024-01-17 22:00:00,0.656675,0.656914,0.654638,0.654877,50
2024-01-17 23:00:00,0.654877,0.655326,0.653445,0.653894,50
2024-01-18 00:00:00,0.653894,0.654026,0.653422,0.653554,50
2024-01-18 01:00:00,0.653554,0.654036,0.653523,0.654005,50
2024-01-18 02:00:00,0.654005,0.655400,0.653994,0.655389,50
2024-01-18 03:00:00,0.655389,0.655505,0.655297,0.655412,50
2024-01-18 04:00:00,0.655412,0.655608,0.655283,0.655479,50
2024-01-18 05:00:00,0.655479,0.656260,0.655368,0.656148,50
2024-01-18 06:00:00,0.656148,0.656350,0.654915,0.655117,50
2024-01-18 07:00:00,0.655117,0.655230,0.654692,0.654805,50
2024-01-18 08:00:00,0.654805,0.654815,0.654384,0.654393,50
2024-01-18 09:00:00,0.654393,0.654411,0.653914,0.653932,50
2024-01-18 10:00:00,0.653932,0.654604,0.653834,0.654505,50
2024-01-18 11:00:00,0.654505,0.655108,0.654364,0.654966,50
2024-01-18 12:00:00,0.654966,0.655783,0.654865,0.655682,50
2024-01-18 13:00:00,0.655682,0.655832,0.655658,0.655809,50
2024-01-18 14:00:00,0.655809,0.655827,0.655770,0.655788,50
2024-01-18 15:00:00,0.655788,0.656529,0.655723,0.656463,50
2024-01-18 16:00:00,0.656463,0.656594,0.655273,0.655404,50
2024-01-18 17:00:00,0.655404,0.656965,0.655320,0.656881,50
2024-01-18 18:00:00,0.656881,0.656953,0.655541,0.655613,50
2024-01-18 19:00:00,0.655613,0.655736,0.655355,0.655478,50
2024-01-18 20:00:00,0.655478,0.655844,0.655304,0.655670,50
2024-01-18 21:00:00,0.655670,0.656604,0.655612,0.656546,50
2024-01-18 22:00:00,0.656546,0.656556,0.654607,0.654618,50
2024-01-18 23:00:00,0.654618,0.656432,0.654570,0.656383,50
2024-01-19 00:00:00,0.656383,0.656506,0.655915,0.656038,50
2024-01-19 01:00:00,0.656038,0.656360,0.655958,0.656281,50
2024-01-19 02:00:00,0.656281,0.656877,0.656263,0.656860,50
2024-01-19 03:00:00,0.656860,0.656948,0.656827,0.656916,50
2024-01-19 04:00:00,0.656916,0.657160,0.656914,0.657159,50
2024-01-19 05:00:00,0.657159,0.657279,0.657117,0.657238,50
2024-01-19 06:00:00,0.657238,0.657258,0.657212,0.657233,50
2024-01-19 07:00:00,0.657233,0.657908,0.657219,0.657894,50
2024-01-19 08:00:00,0.657894,0.658072,0.657797,0.657976,50
2024-01-19 09:00:00,0.657976,0.658035,0.657973,0.658031,50
2024-01-19 10:00:00,0.658031,0.658330,0.657981,0.658280,50
2024-01-19 11:00:00,0.658280,0.658579,0.658135,0.658435,50
2024-01-19 12:00:00,0.658435,0.658554,0.657332,0.657452,50
2024-01-19 13:00:00,0.657452,0.657494,0.657404,0.657446,50
2024-01-19 14:00:00,0.657446,0.657969,0.657444,0.657968,50
2024-01-19 15:00:00,0.657968,0.658449,0.657853,0.658335,50
2024-01-19 16:00:00,0.658335,0.658573,0.658218,0.658457,50
2024-01-19 17:00:00,0.658457,0.658538,0.657953,0.658034,50
2024-01-19 18:00:00,0.658034,0.658145,0.657821,0.657932,50
2024-01-19 19:00:00,0.657932,0.658064,0.657864,0.657997,50
2024-01-19 20:00:00,0.657997,0.658106,0.657278,0.657387,50
2024-01-19 21:00:00,0.657387,0.657628,0.657320,0.657561,50
2024-01-19 22:00:00,0.657561,0.657571,0.657537,0.657548,50
2024-01-19 23:00:00,0.657548,0.658221,0.657437,0.658111,50
2024-01-22 00:00:00,0.658111,0.658174,0.658106,0.658169,50
2024-01-22 01:00:00,0.658169,0.658187,0.658039,0.658057,50
2024-01-22 02:00:00,0.658057,0.658125,0.657743,0.657811,50
2024-01-22 03:00:00,0.657811,0.657856,0.657745,0.657790,50
2024-01-22 04:00:00,0.657790,0.657831,0.657575,0.657615,50
2024-01-22 05:00:00,0.657615,0.658162,0.657553,0.658101,50
2024-01-22 06:00:00,0.658101,0.658208,0.657943,0.658051,50
2024-01-22 07:00:00,0.658051,0.658103,0.657678,0.657730,50
2024-01-22 08:00:00,0.657730,0.657804,0.657311,0.657385,50
2024-01-22 09:00:00,0.657385,0.657463,0.657284,0.657362,50
2024-01-22 10:00:00,0.657362,0.658132,0.657255,0.658026,50
2024-01-22 11:00:00,0.658026,0.658119,0.657847,0.657940,50
2024-01-22 12:00:00,0.657940,0.658129,0.657888,0.658076,50
2024-01-22 13:00:00,0.658076,0.658265,0.658040,0.658228,50
2024-01-22 14:00:00,0.658228,0.658293,0.658070,0.658134,50
2024-01-22 15:00:00,0.658134,0.658316,0.658081,0.658264,50
2024-01-22 16:00:00,0.658264,0.658670,0.658159,0.658566,50
2024-01-22 17:00:00,0.658566,0.658609,0.657953,0.657996,50
2024-01-22 18:00:00,0.657996,0.658515,0.657894,0.658413,50
2024-01-22 19:00:00,0.658413,0.658592,0.658341,0.658519,50
2024-01-22 20:00:00,0.658519,0.658771,0.658439,0.658691,50
2024-01-22 21:00:00,0.658691,0.658968,0.658684,0.658961,50
2024-01-22 22:00:00,0.658961,0.659352,0.658947,0.659337,50
2024-01-22 23:00:00,0.659337,0.659436,0.658490,0.658588,50
2024-01-23 00:00:00,0.658588,0.658717,0.658055,0.658184,50
2024-01-23 01:00:00,0.658184,0.658523,0.658039,0.658378,50
2024-01-23 02:00:00,0.658378,0.658391,0.658100,0.658113,50
2024-01-23 03:00:00,0.658113,0.658352,0.658107,0.658346,50
2024-01-23 04:00:00,0.658346,0.658373,0.657547,0.657574,50
2024-01-23 05:00:00,0.657574,0.657673,0.657186,0.657286,50
2024-01-23 06:00:00,0.657286,0.657376,0.656796,0.656886,50
2024-01-23 07:00:00,0.656886,0.657186,0.656749,0.657049,50
2024-01-23 08:00:00,0.657049,0.657091,0.656815,0.656857,50
2024-01-23 09:00:00,0.656857,0.657232,0.656840,0.657215,50
2024-01-23 10:00:00,0.657215,0.657273,0.656144,0.656201,50
2024-01-23 11:00:00,0.656201,0.656309,0.656169,0.656277,50
2024-01-23 12:00:00,0.656277,0.657434,0.656151,0.657307,50
2024-01-23 13:00:00,0.657307,0.657321,0.656745,0.656759,50
2024-01-23 14:00:00,0.656759,0.657477,0.656608,0.657326,50
2024-01-23 15:00:00,0.657326,0.657636,0.657267,0.657576,50
2024-01-23 16:00:00,0.657576,0.657732,0.657303,0.657459,50
2024-01-23 17:00:00,0.657459,0.657507,0.656920,0.656968,50
2024-01-23 18:00:00,0.656968,0.657127,0.656707,0.656867,50
2024-01-23 19:00:00,0.656867,0.657279,0.656787,0.657199,50
2024-01-23 20:00:00,0.657199,0.658698,0.657060,0.658559,50
2024-01-23 21:00:00,0.658559,0.658879,0.658420,0.658741,50
2024-01-23 22:00:00,0.658741,0.658899,0.658592,0.658751,50
2024-01-23 23:00:00,0.658751,0.658875,0.656474,0.656599,50
2024-01-24 00:00:00,0.656599,0.659310,0.656497,0.659208,50
2024-01-24 01:00:00,0.659208,0.659247,0.658943,0.658983,50
2024-01-24 02:00:00,0.658983,0.659183,0.658136,0.658336,50
2024-01-24 03:00:00,0.658336,0.659003,0.658136,0.658802,50
2024-01-24 04:00:00,0.658802,0.658875,0.657920,0.657993,50
2024-01-24 05:00:00,0.657993,0.658268,0.656943,0.657218,50
2024-01-24 06:00:00,0.657218,0.657470,0.655941,0.656193,50
2024-01-24 07:00:00,0.656193,0.656781,0.656182,0.656770,50
2024-01-24 08:00:00,0.656770,0.656792,0.655875,0.655897,50
2024-01-24 09:00:00,0.655897,0.656804,0.655853,0.656760,50
2024-01-24 10:00:00,0.656760,0.657286,0.656498,0.657024,50
2024-01-24 11:00:00,0.657024,0.657777,0.656999,0.657752,50
2024-01-24 12:00:00,0.657752,0.659037,0.657538,0.658824,50
2024-01-24 13:00:00,0.658824,0.660725,0.658751,0.660652,50
2024-01-24 14:00:00,0.660652,0.661011,0.660453,0.660812,50
2024-01-24 15:00:00,0.660812,0.660912,0.660412,0.660512,50
2024-01-24 16:00:00,0.660512,0.660546,0.660239,0.660273,50
2024-01-24 17:00:00,0.660273,0.660431,0.659444,0.659602,50
2024-01-24 18:00:00,0.659602,0.659829,0.659349,0.659576,50
2024-01-24 19:00:00,0.659576,0.659738,0.659421,0.659583,50
2024-01-24 20:00:00,0.659583,0.659863,0.657727,0.658006,50
2024-01-24 21:00:00,0.658006,0.658889,0.657815,0.658698,50
2024-01-24 22:00:00,0.658698,0.659708,0.658500,0.659509,50
2024-01-24 23:00:00,0.659509,0.660218,0.659400,0.660110,50
2024-01-25 00:00:00,0.660110,0.660193,0.659760,0.659844,50
2024-01-25 01:00:00,0.659844,0.660485,0.659781,0.660423,50
2024-01-25 02:00:00,0.660423,0.660576,0.660356,0.660509,50
2024-01-25 03:00:00,0.660509,0.660665,0.660007,0.660162,50
2024-01-25 04:00:00,0.660162,0.660171,0.659856,0.659865,50
2024-01-25 05:00:00,0.659865,0.659949,0.659531,0.659615,50
2024-01-25 06:00:00,0.659615,0.659780,0.659307,0.659473,50
2024-01-25 07:00:00,0.659473,0.659551,0.659253,0.659331,50
2024-01-25 08:00:00,0.659331,0.659363,0.659293,0.659325,50
2024-01-25 09:00:00,0.659325,0.659390,0.659120,0.659186,50
2024-01-25 10:00:00,0.659186,0.659219,0.658876,0.658909,50
2024-01-25 11:00:00,0.658909,0.659001,0.658217,0.658310,50
2024-01-25 12:00:00,0.658310,0.658901,0.658190,0.658781,50
2024-01-25 13:00:00,0.658781,0.658807,0.658586,0.658612,50
2024-01-25 14:00:00,0.658612,0.658655,0.658424,0.658467,50
2024-01-25 15:00:00,0.658467,0.658561,0.658270,0.658364,50
2024-01-25 16:00:00,0.658364,0.658513,0.658205,0.658354,50
2024-01-25 17:00:00,0.658354,0.658511,0.658005,0.658162,50
2024-01-25 18:00:00,0.658162,0.658635,0.658054,0.658527,50
2024-01-25 19:00:00,0.658527,0.658685,0.658262,0.658420,50
2024-01-25 20:00:00,0.658420,0.658474,0.658354,0.658408,50
2024-01-25 21:00:00,0.658408,0.658530,0.658277,0.658399,50
2024-01-25 22:00:00,0.658399,0.658517,0.657594,0.657712,50
2024-01-25 23:00:00,0.657712,0.658248,0.657575,0.658111,50
2024-01-26 00:00:00,0.658111,0.658210,0.657692,0.657791,50
2024-01-26 01:00:00,0.657791,0.657811,0.657672,0.657692,50
2024-01-26 02:00:00,0.657692,0.657911,0.657643,0.657862,50
2024-01-26 03:00:00,0.657862,0.657872,0.657782,0.657793,50
2024-01-26 04:00:00,0.657793,0.657939,0.657726,0.657872,50
2024-01-26 05:00:00,0.657872,0.657946,0.657753,0.657827,50
2024-01-26 06:00:00,0.657827,0.658251,0.657771,0.658194,50
2024-01-26 07:00:00,0.658194,0.658267,0.658149,0.658222,50
2024-01-26 08:00:00,0.658222,0.658458,0.658168,0.658404,50
2024-01-26 09:00:00,0.658404,0.658427,0.658151,0.658174,50
2024-01-26 10:00:00,0.658174,0.658511,0.658061,0.658398,50
2024-01-26 11:00:00,0.658398,0.658557,0.658324,0.658484,50
2024-01-26 12:00:00,0.658484,0.658590,0.658264,0.658370,50
2024-01-26 13:00:00,0.658370,0.658415,0.658115,0.658159,50
2024-01-26 14:00:00,0.658159,0.658252,0.658113,0.658205,50
2024-01-26 15:00:00,0.658205,0.658226,0.658184,0.658204,50
2024-01-26 16:00:00,0.658204,0.658243,0.657952,0.657991,50
2024-01-26 17:00:00,0.657991,0.658271,0.657978,0.658258,50
2024-01-26 18:00:00,0.658258,0.658398,0.658228,0.658369,50
2024-01-26 19:00:00,0.658369,0.658534,0.658319,0.658484,50
2024-01-26 20:00:00,0.658484,0.658853,0.658394,0.658762,50
2024-01-26 21:00:00,0.658762,0.659117,0.658712,0.659066,50
2024-01-26 22:00:00,0.659066,0.659551,0.659004,0.659490,50
2024-01-26 23:00:00,0.659490,0.659542,0.658839,0.658892,50
2024-01-29 00:00:00,0.658892,0.658977,0.658600,0.658685,50
2024-01-29 01:00:00,0.658685,0.658803,0.658446,0.658564,50
2024-01-29 02:00:00,0.658564,0.658897,0.658468,0.658801,50
2024-01-29 03:00:00,0.658801,0.658939,0.658760,0.658898,50
2024-01-29 04:00:00,0.658898,0.658928,0.658223,0.658252,50
2024-01-29 05:00:00,0.658252,0.658489,0.658166,0.658402,50
2024-01-29 06:00:00,0.658402,0.658513,0.658053,0.658163,50
2024-01-29 07:00:00,0.658163,0.658368,0.658064,0.658268,50
2024-01-29 08:00:00,0.658268,0.658290,0.658202,0.658224,50
2024-01-29 09:00:00,0.658224,0.658682,0.658115,0.658572,50
2024-01-29 10:00:00,0.658572,0.658768,0.658525,0.658721,50
2024-01-29 11:00:00,0.658721,0.658786,0.658578,0.658642,50
2024-01-29 12:00:00,0.658642,0.658753,0.658488,0.658599,50
2024-01-29 13:00:00,0.658599,0.659203,0.658507,0.659111,50
2024-01-29 14:00:00,0.659111,0.659133,0.658566,0.658588,50
2024-01-29 15:00:00,0.658588,0.658731,0.658555,0.658698,50
2024-01-29 16:00:00,0.658698,0.658765,0.658578,0.658645,50
2024-01-29 17:00:00,0.658645,0.658716,0.658604,0.658675,50
2024-01-29 18:00:00,0.658675,0.659297,0.658592,0.659214,50
2024-01-29 19:00:00,0.659214,0.659627,0.659107,0.659519,50
2024-01-29 20:00:00,0.659519,0.660234,0.659427,0.660142,50
2024-01-29 21:00:00,0.660142,0.660198,0.660044,0.660101,50
2024-01-29 22:00:00,0.660101,0.660135,0.659959,0.659994,50
2024-01-29 23:00:00,0.659994,0.660010,0.659397,0.659413,50
2024-01-30 00:00:00,0.659413,0.659508,0.659118,0.659213,50
2024-01-30 01:00:00,0.659213,0.659308,0.658650,0.658745,50
2024-01-30 02:00:00,0.658745,0.658840,0.658536,0.658631,50
2024-01-30 03:00:00,0.658631,0.658786,0.658538,0.658694,50
2024-01-30 04:00:00,0.658694,0.658807,0.658354,0.658467,50
2024-01-30 05:00:00,0.658467,0.659644,0.658373,0.659550,50
2024-01-30 06:00:00,0.659550,0.659749,0.659479,0.659678,50
2024-01-30 07:00:00,0.659678,0.659884,0.659663,0.659869,50
2024-01-30 08:00:00,0.659869,0.659896,0.659219,0.659246,50
2024-01-30 09:00:00,0.659246,0.659334,0.658974,0.659062,50
2024-01-30 10:00:00,0.659062,0.659215,0.658949,0.659102,50
2024-01-30 11:00:00,0.659102,0.659362,0.659099,0.659359,50
2024-01-30 12:00:00,0.659359,0.659582,0.659326,0.659549,50
2024-01-30 13:00:00,0.659549,0.660286,0.659464,0.660200,50
2024-01-30 14:00:00,0.660200,0.660251,0.659714,0.659765,50
2024-01-30 15:00:00,0.659765,0.660367,0.659703,0.660306,50
2024-01-30 16:00:00,0.660306,0.660410,0.659703,0.659806,50
2024-01-30 17:00:00,0.659806,0.659959,0.659742,0.659895,50
2024-01-30 18:00:00,0.659895,0.660483,0.659857,0.660446,50
2024-01-30 19:00:00,0.660446,0.660524,0.659847,0.659926,50
2024-01-30 20:00:00,0.659926,0.659927,0.659304,0.659305,50
2024-01-30 21:00:00,0.659305,0.659524,0.659276,0.659494,50
2024-01-30 22:00:00,0.659494,0.659606,0.659221,0.659333,50
2024-01-30 23:00:00,0.659333,0.659579,0.659254,0.659500,50
2024-01-31 00:00:00,0.659500,0.659589,0.658978,0.659067,50
2024-01-31 01:00:00,0.659067,0.660044,0.658949,0.659926,50
2024-01-31 02:00:00,0.659926,0.660043,0.659436,0.659554,50
2024-01-31 03:00:00,0.659554,0.659566,0.659212,0.659224,50
2024-01-31 04:00:00,0.659224,0.660128,0.659192,0.660096,50
2024-01-31 05:00:00,0.660096,0.660462,0.660085,0.660452,50
2024-01-31 06:00:00,0.660452,0.660545,0.659030,0.659123,50
2024-01-31 07:00:00,0.659123,0.660055,0.659069,0.660001,50
2024-01-31 08:00:00,0.660001,0.660752,0.659979,0.660729,50
2024-01-31 09:00:00,0.660729,0.660775,0.659409,0.659455,50
2024-01-31 10:00:00,0.659455,0.659864,0.659412,0.659821,50
2024-01-31 11:00:00,0.659821,0.659864,0.659563,0.659606,50
2024-01-31 12:00:00,0.659606,0.659621,0.659201,0.659216,50
2024-01-31 13:00:00,0.659216,0.659332,0.659034,0.659151,50
2024-01-31 14:00:00,0.659151,0.659230,0.659085,0.659164,50
2024-01-31 15:00:00,0.659164,0.659343,0.659145,0.659324,50
2024-01-31 16:00:00,0.659324,0.659741,0.659298,0.659715,50
2024-01-31 17:00:00,0.659715,0.659828,0.659359,0.659471,50
2024-01-31 18:00:00,0.659471,0.659573,0.659304,0.659406,50
2024-01-31 19:00:00,0.659406,0.659431,0.659295,0.659320,50
2024-01-31 20:00:00,0.659320,0.659363,0.659028,0.659070,50
2024-01-31 21:00:00,0.659070,0.659072,0.658748,0.658750,50
2024-01-31 22:00:00,0.658750,0.658995,0.658643,0.658889,50
2024-01-31 23:00:00,0.658889,0.660010,0.658857,0.659979,50
2024-02-01 00:00:00,0.659979,0.659982,0.659570,0.659573,50
2024-02-01 01:00:00,0.659573,0.659841,0.658620,0.658887,50
2024-02-01 02:00:00,0.658887,0.659952,0.658712,0.659778,50
2024-02-01 03:00:00,0.659778,0.659996,0.659372,0.659591,50
2024-02-01 04:00:00,0.659591,0.659825,0.657878,0.658112,50
2024-02-01 05:00:00,0.658112,0.658329,0.657564,0.657782,50
2024-02-01 06:00:00,0.657782,0.658576,0.657555,0.658349,50
2024-02-01 07:00:00,0.658349,0.658628,0.658347,0.658626,50
2024-02-01 08:00:00,0.658626,0.659118,0.658427,0.658920,50
2024-02-01 09:00:00,0.658920,0.659706,0.658825,0.659612,50
2024-02-01 10:00:00,0.659612,0.659622,0.658903,0.658913,50
2024-02-01 11:00:00,0.658913,0.659909,0.658818,0.659814,50
2024-02-01 12:00:00,0.659814,0.659863,0.658495,0.658544,50
2024-02-01 13:00:00,0.658544,0.659577,0.658476,0.659509,50
2024-02-01 14:00:00,0.659509,0.659720,0.658007,0.658218,50
2024-02-01 15:00:00,0.658218,0.658307,0.657498,0.657587,50
2024-02-01 16:00:00,0.657587,0.658378,0.657305,0.658095,50
2024-02-01 17:00:00,0.658095,0.658250,0.657206,0.657361,50
2024-02-01 18:00:00,0.657361,0.657774,0.657315,0.657729,50
2024-02-01 19:00:00,0.657729,0.658197,0.657655,0.658123,50
2024-02-01 20:00:00,0.658123,0.658365,0.657557,0.657800,50
2024-02-01 21:00:00,0.657800,0.658080,0.655991,0.656272,50
2024-02-01 22:00:00,0.656272,0.656490,0.655919,0.656137,50
2024-02-01 23:00:00,0.656137,0.656768,0.655968,0.656599,50
2024-02-02 00:00:00,0.656599,0.657056,0.655919,0.656376,50
2024-02-02 01:00:00,0.656376,0.656849,0.656150,0.656623,50
2024-02-02 02:00:00,0.656623,0.656660,0.654148,0.654185,50
2024-02-02 03:00:00,0.654185,0.654287,0.651756,0.651858,50
2024-02-02 04:00:00,0.651858,0.652793,0.651426,0.652361,50
2024-02-02 05:00:00,0.652361,0.653439,0.652061,0.653139,50
2024-02-02 06:00:00,0.653139,0.653434,0.651848,0.652143,50
2024-02-02 07:00:00,0.652143,0.652790,0.651992,0.652639,50
2024-02-02 08:00:00,0.652639,0.654409,0.652491,0.654262,50
2024-02-02 09:00:00,0.654262,0.657905,0.654076,0.657719,50
2024-02-02 10:00:00,0.657719,0.657854,0.656055,0.656190,50
2024-02-02 11:00:00,0.656190,0.656596,0.654347,0.654752,50
2024-02-02 12:00:00,0.654752,0.655096,0.652244,0.652587,50
2024-02-02 13:00:00,0.652587,0.655400,0.652413,0.655226,50
2024-02-02 14:00:00,0.655226,0.655440,0.653858,0.654072,50
2024-02-02 15:00:00,0.654072,0.654199,0.652550,0.652676,50
2024-02-02 16:00:00,0.652676,0.653992,0.652316,0.653632,50
2024-02-02 17:00:00,0.653632,0.653783,0.653151,0.653302,50
2024-02-02 18:00:00,0.653302,0.653414,0.651412,0.651524,50
2024-02-02 19:00:00,0.651524,0.651682,0.651288,0.651446,50
2024-02-02 20:00:00,0.651446,0.651532,0.650910,0.650996,50
2024-02-02 21:00:00,0.650996,0.651032,0.649844,0.649879,50
2024-02-02 22:00:00,0.649879,0.651052,0.649754,0.650926,50
2024-02-02 23:00:00,0.650926,0.651362,0.650563,0.650999,50
2024-02-05 00:00:00,0.650999,0.651418,0.650743,0.651162,50
2024-02-05 01:00:00,0.651162,0.651225,0.650731,0.650794,50
2024-02-05 02:00:00,0.650794,0.650925,0.650422,0.650553,50
2024-02-05 03:00:00,0.650553,0.651377,0.650404,0.651227,50
2024-02-05 04:00:00,0.651227,0.651286,0.650859,0.650918,50
2024-02-05 05:00:00,0.650918,0.651123,0.650782,0.650988,50
2024-02-05 06:00:00,0.650988,0.651205,0.650836,0.651053,50
2024-02-05 07:00:00,0.651053,0.651108,0.650167,0.650222,50
2024-02-05 08:00:00,0.650222,0.650307,0.649806,0.649892,50
2024-02-05 09:00:00,0.649892,0.650000,0.649192,0.649300,50
2024-02-05 10:00:00,0.649300,0.650300,0.649058,0.650058,50
2024-02-05 11:00:00,0.650058,0.650171,0.648988,0.649101,50
2024-02-05 12:00:00,0.649101,0.649223,0.648280,0.648402,50
2024-02-05 13:00:00,0.648402,0.649486,0.648310,0.649394,50
2024-02-05 14:00:00,0.649394,0.649802,0.649195,0.649604,50
2024-02-05 15:00:00,0.649604,0.649738,0.648936,0.649070,50
2024-02-05 16:00:00,0.649070,0.649296,0.648074,0.648300,50
2024-02-05 17:00:00,0.648300,0.648463,0.647911,0.648075,50
2024-02-05 18:00:00,0.648075,0.649286,0.647906,0.649117,50
2024-02-05 19:00:00,0.649117,0.649238,0.648209,0.648330,50
2024-02-05 20:00:00,0.648330,0.648353,0.647608,0.647631,50
2024-02-05 21:00:00,0.647631,0.648005,0.647557,0.647930,50
2024-02-05 22:00:00,0.647930,0.648003,0.647184,0.647257,50
2024-02-05 23:00:00,0.647257,0.648008,0.647043,0.647794,50
2024-02-06 00:00:00,0.647794,0.648188,0.647773,0.648167,50
2024-02-06 01:00:00,0.648167,0.649806,0.648015,0.649653,50
2024-02-06 02:00:00,0.649653,0.651480,0.649416,0.651243,50
2024-02-06 03:00:00,0.651243,0.651261,0.650649,0.650667,50
2024-02-06 04:00:00,0.650667,0.650999,0.650379,0.650710,50
2024-02-06 05:00:00,0.650710,0.651561,0.650448,0.651299,50
2024-02-06 06:00:00,0.651299,0.651549,0.650611,0.650862,50
2024-02-06 07:00:00,0.650862,0.652712,0.650655,0.652506,50
2024-02-06 08:00:00,0.652506,0.652653,0.651864,0.652012,50
2024-02-06 09:00:00,0.652012,0.652298,0.651287,0.651573,50
2024-02-06 10:00:00,0.651573,0.651809,0.651285,0.651521,50
2024-02-06 11:00:00,0.651521,0.651703,0.650988,0.651170,50
2024-02-06 12:00:00,0.651170,0.651345,0.650388,0.650563,50
2024-02-06 13:00:00,0.650563,0.650849,0.650223,0.650509,50
2024-02-06 14:00:00,0.650509,0.650615,0.650236,0.650343,50
2024-02-06 15:00:00,0.650343,0.650638,0.649225,0.649520,50
2024-02-06 16:00:00,0.649520,0.649565,0.647265,0.647310,50
2024-02-06 17:00:00,0.647310,0.647438,0.646881,0.647009,50
2024-02-06 18:00:00,0.647009,0.648060,0.646766,0.647817,50
2024-02-06 19:00:00,0.647817,0.648977,0.647744,0.648904,50
2024-02-06 20:00:00,0.648904,0.649171,0.648315,0.648582,50
2024-02-06 21:00:00,0.648582,0.650121,0.648387,0.649926,50
2024-02-06 22:00:00,0.649926,0.651366,0.649754,0.651194,50
2024-02-06 23:00:00,0.651194,0.651926,0.650989,0.651721,50
2024-02-07 00:00:00,0.651721,0.651732,0.651372,0.651383,50
2024-02-07 01:00:00,0.651383,0.651886,0.651307,0.651810,50
2024-02-07 02:00:00,0.651810,0.652348,0.651807,0.652345,50
2024-02-07 03:00:00,0.652345,0.652461,0.652113,0.652228,50
2024-02-07 04:00:00,0.652228,0.652274,0.652187,0.652233,50
2024-02-07 05:00:00,0.652233,0.652796,0.652130,0.652694,50
2024-02-07 06:00:00,0.652694,0.652773,0.652371,0.652451,50
2024-02-07 07:00:00,0.652451,0.653036,0.652411,0.652997,50
2024-02-07 08:00:00,0.652997,0.653078,0.652803,0.652884,50
2024-02-07 09:00:00,0.652884,0.652981,0.652508,0.652604,50
2024-02-07 10:00:00,0.652604,0.652674,0.651807,0.651876,50
2024-02-07 11:00:00,0.651876,0.652033,0.651846,0.652004,50
2024-02-07 12:00:00,0.652004,0.652034,0.651704,0.651734,50
2024-02-07 13:00:00,0.651734,0.652225,0.651684,0.652174,50
2024-02-07 14:00:00,0.652174,0.652223,0.652157,0.652206,50
2024-02-07 15:00:00,0.652206,0.652278,0.651912,0.651985,50
2024-02-07 16:00:00,0.651985,0.652046,0.651790,0.651851,50
2024-02-07 17:00:00,0.651851,0.652022,0.651843,0.652015,50
2024-02-07 18:00:00,0.652015,0.652071,0.651683,0.651740,50
2024-02-07 19:00:00,0.651740,0.651763,0.651446,0.651469,50
2024-02-07 20:00:00,0.651469,0.651569,0.651457,0.651557,50
2024-02-07 21:00:00,0.651557,0.651810,0.651493,0.651746,50
2024-02-07 22:00:00,0.651746,0.651770,0.651689,0.651713,50
2024-02-07 23:00:00,0.651713,0.652379,0.651650,0.652316,50
2024-02-08 00:00:00,0.652316,0.652413,0.651728,0.651825,50
2024-02-08 01:00:00,0.651825,0.652557,0.651778,0.652511,50
2024-02-08 02:00:00,0.652511,0.653216,0.652271,0.652976,50
2024-02-08 03:00:00,0.652976,0.653111,0.652062,0.652197,50
2024-02-08 04:00:00,0.652197,0.652438,0.651494,0.651735,50
2024-02-08 05:00:00,0.651735,0.651813,0.650123,0.650200,50
2024-02-08 06:00:00,0.650200,0.651978,0.650062,0.651840,50
2024-02-08 07:00:00,0.651840,0.651890,0.651598,0.651648,50
2024-02-08 08:00:00,0.651648,0.651963,0.651636,0.651951,50
2024-02-08 09:00:00,0.651951,0.652118,0.651830,0.651997,50
2024-02-08 10:00:00,0.651997,0.652266,0.650175,0.650444,50
2024-02-08 11:00:00,0.650444,0.650445,0.649382,0.649384,50
2024-02-08 12:00:00,0.649384,0.651889,0.649247,0.651752,50
2024-02-08 13:00:00,0.651752,0.652052,0.651492,0.651792,50
2024-02-08 14:00:00,0.651792,0.651992,0.651121,0.651321,50
2024-02-08 15:00:00,0.651321,0.651593,0.649533,0.649805,50
2024-02-08 16:00:00,0.649805,0.649856,0.649370,0.649421,50
2024-02-08 17:00:00,0.649421,0.649485,0.649099,0.649163,50
2024-02-08 18:00:00,0.649163,0.649344,0.648892,0.649073,50
2024-02-08 19:00:00,0.649073,0.649173,0.648503,0.648603,50
2024-02-08 20:00:00,0.648603,0.648816,0.648140,0.648353,50
2024-02-08 21:00:00,0.648353,0.649251,0.648091,0.648989,50
2024-02-08 22:00:00,0.648989,0.649566,0.648829,0.649406,50
2024-02-08 23:00:00,0.649406,0.649516,0.648904,0.649013,50
2024-02-09 00:00:00,0.649013,0.649992,0.648827,0.649806,50
2024-02-09 01:00:00,0.649806,0.649918,0.649277,0.649390,50
2024-02-09 02:00:00,0.649390,0.650507,0.649195,0.650312,50
2024-02-09 03:00:00,0.650312,0.650514,0.649708,0.649910,50
2024-02-09 04:00:00,0.649910,0.651398,0.649790,0.651278,50
2024-02-09 05:00:00,0.651278,0.651455,0.651240,0.651418,50
2024-02-09 06:00:00,0.651418,0.651548,0.650217,0.650347,50
2024-02-09 07:00:00,0.650347,0.652304,0.650152,0.652109,50
2024-02-09 08:00:00,0.652109,0.652183,0.650802,0.650875,50
2024-02-09 09:00:00,0.650875,0.651089,0.649283,0.649497,50
2024-02-09 10:00:00,0.649497,0.649969,0.649329,0.649801,50
2024-02-09 11:00:00,0.649801,0.650095,0.649795,0.650089,50
2024-02-09 12:00:00,0.650089,0.650439,0.650005,0.650354,50
2024-02-09 13:00:00,0.650354,0.650488,0.649526,0.649660,50
2024-02-09 14:00:00,0.649660,0.649937,0.649522,0.649800,50
2024-02-09 15:00:00,0.649800,0.649966,0.649450,0.649616,50
2024-02-09 16:00:00,0.649616,0.649727,0.649208,0.649320,50
2024-02-09 17:00:00,0.649320,0.649438,0.649054,0.649172,50
2024-02-09 18:00:00,0.649172,0.651270,0.649126,0.651224,50
2024-02-09 19:00:00,0.651224,0.652175,0.651056,0.652007,50
2024-02-09 20:00:00,0.652007,0.652179,0.651813,0.651985,50
2024-02-09 21:00:00,0.651985,0.652196,0.650140,0.650351,50
2024-02-09 22:00:00,0.650351,0.650621,0.650267,0.650537,50
2024-02-09 23:00:00,0.650537,0.651599,0.650531,0.651593,50
2024-02-12 00:00:00,0.651593,0.651765,0.651440,0.651612,50
2024-02-12 01:00:00,0.651612,0.651831,0.651569,0.651788,50
2024-02-12 02:00:00,0.651788,0.651815,0.651537,0.651564,50
2024-02-12 03:00:00,0.651564,0.651706,0.651008,0.651150,50
2024-02-12 04:00:00,0.651150,0.651488,0.651039,0.651378,50
2024-02-12 05:00:00,0.651378,0.651641,0.651362,0.651626,50
2024-02-12 06:00:00,0.651626,0.652324,0.651517,0.652216,50
2024-02-12 07:00:00,0.652216,0.652395,0.651916,0.652095,50
2024-02-12 08:00:00,0.652095,0.652391,0.651958,0.652255,50
2024-02-12 09:00:00,0.652255,0.652618,0.652155,0.652518,50
2024-02-12 10:00:00,0.652518,0.652613,0.652164,0.652259,50
2024-02-12 11:00:00,0.652259,0.652676,0.652129,0.652546,50
2024-02-12 12:00:00,0.652546,0.652639,0.652163,0.652257,50
2024-02-12 13:00:00,0.652257,0.652580,0.652252,0.652575,50
2024-02-12 14:00:00,0.652575,0.652707,0.652405,0.652536,50
2024-02-12 15:00:00,0.652536,0.652907,0.652530,0.652901,50
2024-02-12 16:00:00,0.652901,0.652978,0.652875,0.652952,50
2024-02-12 17:00:00,0.652952,0.653090,0.652858,0.652995,50
2024-02-12 18:00:00,0.652995,0.653576,0.652897,0.653478,50
2024-02-12 19:00:00,0.653478,0.653797,0.653294,0.653613,50
2024-02-12 20:00:00,0.653613,0.653822,0.653464,0.653673,50
2024-02-12 21:00:00,0.653673,0.654126,0.653616,0.654068,50
2024-02-12 22:00:00,0.654068,0.654195,0.653848,0.653975,50
2024-02-12 23:00:00,0.653975,0.654065,0.653719,0.653808,50
2024-02-13 00:00:00,0.653808,0.654179,0.650037,0.650407,50
2024-02-13 01:00:00,0.650407,0.650500,0.648036,0.648129,50
2024-02-13 02:00:00,0.648129,0.651108,0.647685,0.650663,50
2024-02-13 03:00:00,0.650663,0.652195,0.650519,0.652051,50
2024-02-13 04:00:00,0.652051,0.652489,0.651643,0.652081,50
2024-02-13 05:00:00,0.652081,0.652437,0.651701,0.652057,50
2024-02-13 06:00:00,0.652057,0.652529,0.651873,0.652345,50
2024-02-13 07:00:00,0.652345,0.654086,0.651966,0.653707,50
2024-02-13 08:00:00,0.653707,0.655238,0.653096,0.654627,50
2024-02-13 09:00:00,0.654627,0.655721,0.654278,0.655371,50
2024-02-13 10:00:00,0.655371,0.655774,0.653991,0.654394,50
2024-02-13 11:00:00,0.654394,0.655028,0.650648,0.651282,50
2024-02-13 12:00:00,0.651282,0.651736,0.649334,0.649787,50
2024-02-13 13:00:00,0.649787,0.651758,0.649547,0.651518,50
2024-02-13 14:00:00,0.651518,0.654159,0.651084,0.653726,50
2024-02-13 15:00:00,0.653726,0.654031,0.651403,0.651708,50
2024-02-13 16:00:00,0.651708,0.652005,0.645128,0.645425,50
2024-02-13 17:00:00,0.645425,0.646750,0.644964,0.646289,50
2024-02-13 18:00:00,0.646289,0.648015,0.646268,0.647993,50
2024-02-13 19:00:00,0.647993,0.648924,0.647579,0.648509,50
2024-02-13 20:00:00,0.648509,0.648589,0.646084,0.646164,50
2024-02-13 21:00:00,0.646164,0.647677,0.645917,0.647430,50
2024-02-13 22:00:00,0.647430,0.648009,0.645039,0.645618,50
2024-02-13 23:00:00,0.645618,0.646498,0.645115,0.645995,50
2024-02-14 00:00:00,0.645995,0.646128,0.645978,0.646111,50
2024-02-14 01:00:00,0.646111,0.646269,0.645750,0.645909,50
2024-02-14 02:00:00,0.645909,0.646409,0.645671,0.646172,50
2024-02-14 03:00:00,0.646172,0.646177,0.646139,0.646144,50
2024-02-14 04:00:00,0.646144,0.646385,0.645334,0.645575,50
2024-02-14 05:00:00,0.645575,0.645643,0.645371,0.645438,50
2024-02-14 06:00:00,0.645438,0.645599,0.645256,0.645416,50
2024-02-14 07:00:00,0.645416,0.647262,0.645193,0.647038,50
2024-02-14 08:00:00,0.647038,0.647075,0.646448,0.646485,50
2024-02-14 09:00:00,0.646485,0.647488,0.646485,0.647487,50
2024-02-14 10:00:00,0.647487,0.647756,0.647429,0.647697,50
2024-02-14 11:00:00,0.647697,0.647785,0.647418,0.647506,50
2024-02-14 12:00:00,0.647506,0.648094,0.647391,0.647980,50
2024-02-14 13:00:00,0.647980,0.648221,0.647891,0.648133,50
2024-02-14 14:00:00,0.648133,0.648243,0.647466,0.647576,50
2024-02-14 15:00:00,0.647576,0.648077,0.647559,0.648060,50
2024-02-14 16:00:00,0.648060,0.649555,0.647971,0.649466,50
2024-02-14 17:00:00,0.649466,0.649598,0.648341,0.648473,50
2024-02-14 18:00:00,0.648473,0.648703,0.648223,0.648452,50
2024-02-14 19:00:00,0.648452,0.649182,0.648436,0.649165,50
2024-02-14 20:00:00,0.649165,0.649175,0.647505,0.647515,50
2024-02-14 21:00:00,0.647515,0.647949,0.647275,0.647709,50
2024-02-14 22:00:00,0.647709,0.648298,0.647511,0.648100,50
2024-02-14 23:00:00,0.648100,0.649069,0.647918,0.648887,50
2024-02-15 00:00:00,0.648887,0.650207,0.648883,0.650203,50
2024-02-15 01:00:00,0.650203,0.650338,0.649771,0.649906,50
2024-02-15 02:00:00,0.649906,0.650357,0.649883,0.650334,50
2024-02-15 03:00:00,0.650334,0.650432,0.649914,0.650012,50
2024-02-15 04:00:00,0.650012,0.650168,0.649556,0.649712,50
2024-02-15 05:00:00,0.649712,0.650109,0.649679,0.650076,50
2024-02-15 06:00:00,0.650076,0.650196,0.650025,0.650145,50
2024-02-15 07:00:00,0.650145,0.650147,0.649797,0.649800,50
2024-02-15 08:00:00,0.649800,0.650308,0.649727,0.650235,50
2024-02-15 09:00:00,0.650235,0.650269,0.649434,0.649468,50
2024-02-15 10:00:00,0.649468,0.649528,0.648677,0.648737,50
2024-02-15 11:00:00,0.648737,0.649266,0.648597,0.649127,50
2024-02-15 12:00:00,0.649127,0.649269,0.648639,0.648782,50
2024-02-15 13:00:00,0.648782,0.648881,0.648613,0.648712,50
2024-02-15 14:00:00,0.648712,0.648776,0.648443,0.648507,50
2024-02-15 15:00:00,0.648507,0.648701,0.648400,0.648593,50
2024-02-15 16:00:00,0.648593,0.649254,0.648585,0.649246,50
2024-02-15 17:00:00,0.649246,0.650284,0.649165,0.650203,50
2024-02-15 18:00:00,0.650203,0.650304,0.650038,0.650139,50
2024-02-15 19:00:00,0.650139,0.651259,0.650048,0.651168,50
2024-02-15 20:00:00,0.651168,0.651216,0.650393,0.650441,50
2024-02-15 21:00:00,0.650441,0.650443,0.649888,0.649889,50
2024-02-15 22:00:00,0.649889,0.650281,0.649837,0.650229,50
2024-02-15 23:00:00,0.650229,0.650796,0.650220,0.650787,50
2024-02-16 00:00:00,0.650787,0.652968,0.650723,0.652904,50
2024-02-16 01:00:00,0.652904,0.653672,0.652774,0.653542,50
2024-02-16 02:00:00,0.653542,0.653605,0.652552,0.652616,50
2024-02-16 03:00:00,0.652616,0.652788,0.652241,0.652413,50
2024-02-16 04:00:00,0.652413,0.652472,0.652384,0.652443,50
2024-02-16 05:00:00,0.652443,0.652504,0.651746,0.651806,50
2024-02-16 06:00:00,0.651806,0.651879,0.651727,0.651800,50
2024-02-16 07:00:00,0.651800,0.651934,0.651581,0.651715,50
2024-02-16 08:00:00,0.651715,0.651768,0.651205,0.651258,50
2024-02-16 09:00:00,0.651258,0.651373,0.651163,0.651278,50
2024-02-16 10:00:00,0.651278,0.651325,0.650829,0.650876,50
2024-02-16 11:00:00,0.650876,0.650996,0.650774,0.650894,50
2024-02-16 12:00:00,0.650894,0.650983,0.650240,0.650328,50
2024-02-16 13:00:00,0.650328,0.650612,0.650145,0.650428,50
2024-02-16 14:00:00,0.650428,0.650831,0.650326,0.650728,50
2024-02-16 15:00:00,0.650728,0.650842,0.650610,0.650723,50
2024-02-16 16:00:00,0.650723,0.651024,0.650697,0.650997,50
2024-02-16 17:00:00,0.650997,0.651458,0.650928,0.651389,50
2024-02-16 18:00:00,0.651389,0.651787,0.651218,0.651616,50
2024-02-16 19:00:00,0.651616,0.652179,0.651483,0.652045,50
2024-02-16 20:00:00,0.652045,0.652236,0.651823,0.652014,50
2024-02-16 21:00:00,0.652014,0.652348,0.651889,0.652223,50
2024-02-16 22:00:00,0.652223,0.652549,0.652052,0.652378,50
2024-02-16 23:00:00,0.652378,0.653165,0.652296,0.653083,50
2024-02-20 00:00:00,0.653083,0.654344,0.652987,0.654249,50
2024-02-20 01:00:00,0.654249,0.654417,0.654139,0.654308,50
2024-02-20 02:00:00,0.654308,0.654857,0.654186,0.654735,50
2024-02-20 03:00:00,0.654735,0.654825,0.654393,0.654482,50
2024-02-20 04:00:00,0.654482,0.654578,0.652711,0.652807,50
2024-02-20 05:00:00,0.652807,0.654872,0.652617,0.654682,50
2024-02-20 06:00:00,0.654682,0.656063,0.654505,0.655886,50
2024-02-20 07:00:00,0.655886,0.655904,0.654523,0.654541,50
2024-02-20 08:00:00,0.654541,0.654736,0.654153,0.654348,50
2024-02-20 09:00:00,0.654348,0.654462,0.653212,0.653326,50
2024-02-20 10:00:00,0.653326,0.653431,0.652395,0.652500,50
2024-02-20 11:00:00,0.652500,0.653957,0.652299,0.653757,50
2024-02-20 12:00:00,0.653757,0.654694,0.653633,0.654570,50
2024-02-20 13:00:00,0.654570,0.655248,0.654380,0.655058,50
2024-02-20 14:00:00,0.655058,0.655265,0.655009,0.655216,50
2024-02-20 15:00:00,0.655216,0.655309,0.654585,0.654678,50
2024-02-20 16:00:00,0.654678,0.656632,0.654625,0.656578,50
2024-02-20 17:00:00,0.656578,0.656632,0.654666,0.654720,50
2024-02-20 18:00:00,0.654720,0.654822,0.654295,0.654397,50
2024-02-20 19:00:00,0.654397,0.654980,0.654309,0.654892,50
2024-02-20 20:00:00,0.654892,0.655109,0.653440,0.653657,50
2024-02-20 21:00:00,0.653657,0.653834,0.653282,0.653459,50
2024-02-20 22:00:00,0.653459,0.653719,0.653347,0.653607,50
2024-02-20 23:00:00,0.653607,0.656089,0.653514,0.655996,50
2024-02-21 00:00:00,0.655996,0.656102,0.655737,0.655844,50
2024-02-21 01:00:00,0.655844,0.656330,0.655788,0.656274,50
2024-02-21 02:00:00,0.656274,0.656340,0.656185,0.656251,50
2024-02-21 03:00:00,0.656251,0.656314,0.656216,0.656279,50
2024-02-21 04:00:00,0.656279,0.656308,0.656074,0.656102,50
2024-02-21 05:00:00,0.656102,0.656218,0.655953,0.656069,50
2024-02-21 06:00:00,0.656069,0.656169,0.655759,0.655858,50
2024-02-21 07:00:00,0.655858,0.656016,0.655787,0.655944,50
2024-02-21 08:00:00,0.655944,0.656217,0.655902,0.656175,50
2024-02-21 09:00:00,0.656175,0.656285,0.655776,0.655887,50
2024-02-21 10:00:00,0.655887,0.655918,0.655863,0.655894,50
2024-02-21 11:00:00,0.655894,0.656106,0.655788,0.655999,50
2024-02-21 12:00:00,0.655999,0.656167,0.655945,0.656112,50
2024-02-21 13:00:00,0.656112,0.656147,0.656000,0.656034,50
2024-02-21 14:00:00,0.656034,0.656051,0.655679,0.655695,50
2024-02-21 15:00:00,0.655695,0.655806,0.655393,0.655503,50
2024-02-21 16:00:00,0.655503,0.655610,0.655105,0.655212,50
2024-02-21 17:00:00,0.655212,0.655283,0.654949,0.655020,50
2024-02-21 18:00:00,0.655020,0.655024,0.654895,0.654899,50
2024-02-21 19:00:00,0.654899,0.654940,0.654757,0.654797,50
2024-02-21 20:00:00,0.654797,0.654821,0.654523,0.654547,50
2024-02-21 21:00:00,0.654547,0.654640,0.654537,0.654630,50
2024-02-21 22:00:00,0.654630,0.654654,0.654309,0.654333,50
2024-02-21 23:00:00,0.654333,0.654676,0.654236,0.654579,50
2024-02-22 00:00:00,0.654579,0.655491,0.654523,0.655435,50
2024-02-22 01:00:00,0.655435,0.655598,0.655388,0.655550,50
2024-02-22 02:00:00,0.655550,0.655575,0.655105,0.655130,50
2024-02-22 03:00:00,0.655130,0.655161,0.655109,0.655140,50
2024-02-22 04:00:00,0.655140,0.655195,0.654794,0.654849,50
2024-02-22 05:00:00,0.654849,0.654897,0.654580,0.654627,50
2024-02-22 06:00:00,0.654627,0.654696,0.654409,0.654478,50
2024-02-22 07:00:00,0.654478,0.654533,0.653885,0.653940,50
2024-02-22 08:00:00,0.653940,0.653981,0.653621,0.653661,50
2024-02-22 09:00:00,0.653661,0.653996,0.653553,0.653888,50
2024-02-22 10:00:00,0.653888,0.654047,0.653838,0.653997,50
2024-02-22 11:00:00,0.653997,0.654297,0.653988,0.654289,50
2024-02-22 12:00:00,0.654289,0.654623,0.654226,0.654560,50
2024-02-22 13:00:00,0.654560,0.654695,0.654501,0.654636,50
2024-02-22 14:00:00,0.654636,0.654734,0.654457,0.654555,50
2024-02-22 15:00:00,0.654555,0.654588,0.654358,0.654391,50
2024-02-22 16:00:00,0.654391,0.654656,0.654281,0.654547,50
2024-02-22 17:00:00,0.654547,0.654952,0.654491,0.654896,50
2024-02-22 18:00:00,0.654896,0.655122,0.654869,0.655095,50
2024-02-22 19:00:00,0.655095,0.655166,0.655019,0.655090,50
2024-02-22 20:00:00,0.655090,0.655225,0.654992,0.655127,50
2024-02-22 21:00:00,0.655127,0.655519,0.655040,0.655431,50
2024-02-22 22:00:00,0.655431,0.655663,0.655391,0.655623,50
2024-02-22 23:00:00,0.655623,0.655697,0.654633,0.654707,50
2024-02-23 00:00:00,0.654707,0.655320,0.654680,0.655292,50
2024-02-23 01:00:00,0.655292,0.656544,0.655226,0.656478,50
2024-02-23 02:00:00,0.656478,0.656580,0.655992,0.656095,50
2024-02-23 03:00:00,0.656095,0.656217,0.655509,0.655630,50
2024-02-23 04:00:00,0.655630,0.655667,0.654683,0.654719,50
2024-02-23 05:00:00,0.654719,0.654790,0.654648,0.654718,50
2024-02-23 06:00:00,0.654718,0.655407,0.654690,0.655379,50
2024-02-23 07:00:00,0.655379,0.655859,0.655223,0.655703,50
2024-02-23 08:00:00,0.655703,0.655835,0.655393,0.655525,50
2024-02-23 09:00:00,0.655525,0.655637,0.655446,0.655558,50
2024-02-23 10:00:00,0.655558,0.656355,0.655437,0.656233,50
2024-02-23 11:00:00,0.656233,0.656378,0.655324,0.655469,50
2024-02-23 12:00:00,0.655469,0.656540,0.655360,0.656431,50
2024-02-23 13:00:00,0.656431,0.656462,0.655668,0.655699,50
2024-02-23 14:00:00,0.655699,0.655764,0.655396,0.655461,50
2024-02-23 15:00:00,0.655461,0.655781,0.655354,0.655675,50
2024-02-23 16:00:00,0.655675,0.656067,0.655635,0.656027,50
2024-02-23 17:00:00,0.656027,0.656066,0.655632,0.655671,50
2024-02-23 18:00:00,0.655671,0.656559,0.655640,0.656529,50
2024-02-23 19:00:00,0.656529,0.657102,0.656404,0.656977,50
2024-02-23 20:00:00,0.656977,0.657120,0.656019,0.656161,50
2024-02-23 21:00:00,0.656161,0.656185,0.655177,0.655201,50
2024-02-23 22:00:00,0.655201,0.656324,0.655183,0.656306,50
2024-02-23 23:00:00,0.656306,0.656674,0.656231,0.656599,50
2024-02-26 00:00:00,0.656599,0.656748,0.656202,0.656351,50
2024-02-26 01:00:00,0.656351,0.656385,0.656203,0.656237,50
2024-02-26 02:00:00,0.656237,0.657126,0.656114,0.657003,50
2024-02-26 03:00:00,0.657003,0.657184,0.656959,0.657140,50
2024-02-26 04:00:00,0.657140,0.657153,0.656870,0.656884,50
2024-02-26 05:00:00,0.656884,0.657087,0.656443,0.656647,50
2024-02-26 06:00:00,0.656647,0.657078,0.656477,0.656908,50
2024-02-26 07:00:00,0.656908,0.656910,0.656286,0.656288,50
2024-02-26 08:00:00,0.656288,0.656334,0.655913,0.655959,50
2024-02-26 09:00:00,0.655959,0.656042,0.655924,0.656007,50
2024-02-26 10:00:00,0.656007,0.656126,0.655241,0.655359,50
2024-02-26 11:00:00,0.655359,0.655383,0.654385,0.654409,50
2024-02-26 12:00:00,0.654409,0.654517,0.654175,0.654283,50
2024-02-26 13:00:00,0.654283,0.654794,0.654095,0.654606,50
2024-02-26 14:00:00,0.654606,0.654935,0.654386,0.654715,50
2024-02-26 15:00:00,0.654715,0.654950,0.654517,0.654753,50
2024-02-26 16:00:00,0.654753,0.654831,0.654193,0.654271,50
2024-02-26 17:00:00,0.654271,0.654287,0.654119,0.654135,50
2024-02-26 18:00:00,0.654135,0.654169,0.653878,0.653912,50
2024-02-26 19:00:00,0.653912,0.654015,0.653562,0.653665,50
2024-02-26 20:00:00,0.653665,0.654245,0.653448,0.654028,50
2024-02-26 21:00:00,0.654028,0.654249,0.653763,0.653983,50
2024-02-26 22:00:00,0.653983,0.654192,0.653529,0.653737,50
2024-02-26 23:00:00,0.653737,0.654087,0.653543,0.653894,50
2024-02-27 00:00:00,0.653894,0.654547,0.653787,0.654440,50
2024-02-27 01:00:00,0.654440,0.654473,0.654166,0.654200,50
2024-02-27 02:00:00,0.654200,0.654391,0.654085,0.654277,50
2024-02-27 03:00:00,0.654277,0.654472,0.654188,0.654383,50
2024-02-27 04:00:00,0.654383,0.654607,0.654327,0.654551,50
2024-02-27 05:00:00,0.654551,0.654614,0.654251,0.654314,50
2024-02-27 06:00:00,0.654314,0.654851,0.654312,0.654849,50
2024-02-27 07:00:00,0.654849,0.655183,0.654765,0.655099,50
2024-02-27 08:00:00,0.655099,0.655207,0.654170,0.654278,50
2024-02-27 09:00:00,0.654278,0.654703,0.654178,0.654603,50
2024-02-27 10:00:00,0.654603,0.654692,0.654543,0.654633,50
2024-02-27 11:00:00,0.654633,0.654908,0.654516,0.654791,50
2024-02-27 12:00:00,0.654791,0.655200,0.654686,0.655094,50
2024-02-27 13:00:00,0.655094,0.655158,0.654812,0.654876,50
2024-02-27 14:00:00,0.654876,0.655181,0.654785,0.655090,50
2024-02-27 15:00:00,0.655090,0.655204,0.654351,0.654464,50
2024-02-27 16:00:00,0.654464,0.654484,0.654164,0.654184,50
2024-02-27 17:00:00,0.654184,0.654294,0.653630,0.653740,50
2024-02-27 18:00:00,0.653740,0.653763,0.653543,0.653566,50
2024-02-27 19:00:00,0.653566,0.653603,0.653282,0.653319,50
2024-02-27 20:00:00,0.653319,0.653944,0.653275,0.653900,50
2024-02-27 21:00:00,0.653900,0.654303,0.653797,0.654200,50
2024-02-27 22:00:00,0.654200,0.654970,0.654096,0.654866,50
2024-02-27 23:00:00,0.654866,0.654880,0.654694,0.654707,50
2024-02-28 00:00:00,0.654707,0.654715,0.653381,0.653389,50
2024-02-28 01:00:00,0.653389,0.654614,0.653015,0.654240,50
2024-02-28 02:00:00,0.654240,0.655466,0.653989,0.655214,50
2024-02-28 03:00:00,0.655214,0.656041,0.654848,0.655674,50
2024-02-28 04:00:00,0.655674,0.655977,0.655426,0.655728,50
2024-02-28 05:00:00,0.655728,0.655833,0.653141,0.653245,50
2024-02-28 06:00:00,0.653245,0.653425,0.649882,0.650062,50
2024-02-28 07:00:00,0.650062,0.650135,0.649620,0.649693,50
2024-02-28 08:00:00,0.649693,0.650908,0.649562,0.650777,50
2024-02-28 09:00:00,0.650777,0.651271,0.650544,0.651039,50
2024-02-28 10:00:00,0.651039,0.651208,0.649333,0.649502,50
2024-02-28 11:00:00,0.649502,0.649871,0.648695,0.649063,50
2024-02-28 12:00:00,0.649063,0.650663,0.649003,0.650603,50
2024-02-28 13:00:00,0.650603,0.650959,0.650553,0.650910,50
2024-02-28 14:00:00,0.650910,0.651203,0.649917,0.650211,50
2024-02-28 15:00:00,0.650211,0.650351,0.648534,0.648674,50
2024-02-28 16:00:00,0.648674,0.649377,0.648339,0.649042,50
2024-02-28 17:00:00,0.649042,0.649203,0.648422,0.648583,50
2024-02-28 18:00:00,0.648583,0.651303,0.648410,0.651129,50
2024-02-28 19:00:00,0.651129,0.651661,0.650857,0.651389,50
2024-02-28 20:00:00,0.651389,0.651705,0.650643,0.650959,50
2024-02-28 21:00:00,0.650959,0.652590,0.650611,0.652242,50
2024-02-28 22:00:00,0.652242,0.652295,0.650683,0.650736,50
2024-02-28 23:00:00,0.650736,0.651029,0.649311,0.649604,50
2024-02-29 00:00:00,0.649604,0.650382,0.649550,0.650328,50
2024-02-29 01:00:00,0.650328,0.650342,0.649849,0.649863,50
2024-02-29 02:00:00,0.649863,0.649895,0.649540,0.649572,50
2024-02-29 03:00:00,0.649572,0.649836,0.649457,0.649722,50
2024-02-29 04:00:00,0.649722,0.649817,0.649324,0.649419,50
2024-02-29 05:00:00,0.649419,0.649504,0.649137,0.649222,50
2024-02-29 06:00:00,0.649222,0.649489,0.649148,0.649414,50
2024-02-29 07:00:00,0.649414,0.649516,0.649194,0.649296,50
2024-02-29 08:00:00,0.649296,0.649324,0.649181,0.649209,50
2024-02-29 09:00:00,0.649209,0.649316,0.648942,0.649048,50
2024-02-29 10:00:00,0.649048,0.649118,0.649038,0.649108,50
2024-02-29 11:00:00,0.649108,0.649302,0.649105,0.649299,50
2024-02-29 12:00:00,0.649299,0.649387,0.649004,0.649093,50
2024-02-29 13:00:00,0.649093,0.649173,0.648886,0.648966,50
2024-02-29 14:00:00,0.648966,0.649388,0.648871,0.649292,50
2024-02-29 15:00:00,0.649292,0.649460,0.649216,0.649384,50
2024-02-29 16:00:00,0.649384,0.649475,0.649220,0.649310,50
2024-02-29 17:00:00,0.649310,0.649910,0.649242,0.649842,50
2024-02-29 18:00:00,0.649842,0.650305,0.649752,0.650215,50
2024-02-29 19:00:00,0.650215,0.650730,0.650129,0.650644,50
2024-02-29 20:00:00,0.650644,0.650710,0.650605,0.650671,50
2024-02-29 21:00:00,0.650671,0.650830,0.650600,0.650759,50
2024-02-29 22:00:00,0.650759,0.650979,0.650697,0.650917,50
2024-02-29 23:00:00,0.650917,0.650988,0.650209,0.650280,50
2024-03-01 00:00:00,0.650280,0.651679,0.650121,0.651520,50
2024-03-01 01:00:00,0.651520,0.651577,0.651174,0.651231,50
2024-03-01 02:00:00,0.651231,0.651346,0.649639,0.649753,50
2024-03-01 03:00:00,0.649753,0.651031,0.649697,0.650974,50
2024-03-01 04:00:00,0.650974,0.650997,0.649772,0.649794,50
2024-03-01 05:00:00,0.649794,0.650601,0.649605,0.650412,50
2024-03-01 06:00:00,0.650412,0.651047,0.650394,0.651029,50
2024-03-01 07:00:00,0.651029,0.651644,0.650904,0.651520,50
2024-03-01 08:00:00,0.651520,0.652794,0.651334,0.652608,50
2024-03-01 09:00:00,0.652608,0.652759,0.651717,0.651868,50
2024-03-01 10:00:00,0.651868,0.652134,0.651687,0.651953,50
2024-03-01 11:00:00,0.651953,0.652145,0.650615,0.650808,50
2024-03-01 12:00:00,0.650808,0.651379,0.650782,0.651354,50
2024-03-01 13:00:00,0.651354,0.651363,0.651012,0.651021,50
2024-03-01 14:00:00,0.651021,0.652230,0.650802,0.652010,50
2024-03-01 15:00:00,0.652010,0.652029,0.650898,0.650917,50
2024-03-01 16:00:00,0.650917,0.651120,0.650651,0.650854,50
2024-03-01 17:00:00,0.650854,0.652133,0.650844,0.652123,50
2024-03-01 18:00:00,0.652123,0.652159,0.652026,0.652062,50
2024-03-01 19:00:00,0.652062,0.652118,0.651949,0.652005,50
2024-03-01 20:00:00,0.652005,0.653559,0.651885,0.653438,50
2024-03-01 21:00:00,0.653438,0.653489,0.651522,0.651573,50
2024-03-01 22:00:00,0.651573,0.651692,0.651040,0.651159,50
2024-03-01 23:00:00,0.651159,0.653088,0.650984,0.652912,50
2024-03-04 00:00:00,0.652912,0.653173,0.652828,0.653089,50
2024-03-04 01:00:00,0.653089,0.653188,0.652964,0.653063,50
2024-03-04 02:00:00,0.653063,0.653283,0.652955,0.653174,50
2024-03-04 03:00:00,0.653174,0.653259,0.653090,0.653174,50
2024-03-04 04:00:00,0.653174,0.653217,0.652727,0.652770,50
2024-03-04 05:00:00,0.652770,0.653299,0.652683,0.653213,50
2024-03-04 06:00:00,0.653213,0.653402,0.653139,0.653328,50
2024-03-04 07:00:00,0.653328,0.653545,0.653269,0.653486,50
2024-03-04 08:00:00,0.653486,0.653545,0.653332,0.653391,50
2024-03-04 09:00:00,0.653391,0.653503,0.653102,0.653214,50
2024-03-04 10:00:00,0.653214,0.653310,0.653055,0.653151,50
2024-03-04 11:00:00,0.653151,0.653169,0.653015,0.653033,50
2024-03-04 12:00:00,0.653033,0.653170,0.652945,0.653082,50
2024-03-04 13:00:00,0.653082,0.653159,0.652790,0.652867,50
2024-03-04 14:00:00,0.652867,0.652924,0.652585,0.652642,50
2024-03-04 15:00:00,0.652642,0.653069,0.652569,0.652995,50
2024-03-04 16:00:00,0.652995,0.653027,0.652485,0.652517,50
2024-03-04 17:00:00,0.652517,0.652619,0.652439,0.652541,50
2024-03-04 18:00:00,0.652541,0.652637,0.652241,0.652337,50
2024-03-04 19:00:00,0.652337,0.652434,0.651966,0.652063,50
2024-03-04 20:00:00,0.652063,0.652157,0.651678,0.651773,50
2024-03-04 21:00:00,0.651773,0.651885,0.651485,0.651598,50
2024-03-04 22:00:00,0.651598,0.651625,0.651502,0.651529,50
2024-03-04 23:00:00,0.651529,0.652120,0.651512,0.652103,50
2024-03-05 00:00:00,0.652103,0.652183,0.651954,0.652034,50
2024-03-05 01:00:00,0.652034,0.652313,0.651980,0.652260,50
2024-03-05 02:00:00,0.652260,0.652271,0.652040,0.652051,50
2024-03-05 03:00:00,0.652051,0.652219,0.651966,0.652133,50
2024-03-05 04:00:00,0.652133,0.652230,0.651792,0.651889,50
2024-03-05 05:00:00,0.651889,0.652438,0.651834,0.652383,50
2024-03-05 06:00:00,0.652383,0.652483,0.651816,0.651916,50
2024-03-05 07:00:00,0.651916,0.652101,0.651878,0.652063,50
2024-03-05 08:00:00,0.652063,0.652107,0.651898,0.651943,50
2024-03-05 09:00:00,0.651943,0.651962,0.651749,0.651768,50
2024-03-05 10:00:00,0.651768,0.651881,0.651219,0.651331,50
2024-03-05 11:00:00,0.651331,0.651578,0.651260,0.651506,50
2024-03-05 12:00:00,0.651506,0.651530,0.651151,0.651174,50
2024-03-05 13:00:00,0.651174,0.651214,0.650904,0.650944,50
2024-03-05 14:00:00,0.650944,0.650996,0.650491,0.650542,50
2024-03-05 15:00:00,0.650542,0.650549,0.650416,0.650423,50
2024-03-05 16:00:00,0.650423,0.651126,0.650367,0.651070,50
2024-03-05 17:00:00,0.651070,0.651130,0.650506,0.650565,50
2024-03-05 18:00:00,0.650565,0.651124,0.650449,0.651007,50
2024-03-05 19:00:00,0.651007,0.651342,0.650965,0.651299,50
2024-03-05 20:00:00,0.651299,0.651405,0.651285,0.651391,50
2024-03-05 21:00:00,0.651391,0.651491,0.650818,0.650918,50
2024-03-05 22:00:00,0.650918,0.651113,0.650897,0.651092,50
2024-03-05 23:00:00,0.651092,0.651159,0.650636,0.650703,50
2024-03-06 00:00:00,0.650703,0.651981,0.650488,0.651766,50
2024-03-06 01:00:00,0.651766,0.652046,0.650245,0.650526,50
2024-03-06 02:00:00,0.650526,0.651082,0.648751,0.649308,50
2024-03-06 03:00:00,0.649308,0.650663,0.648975,0.650331,50
2024-03-06 04:00:00,0.650331,0.650669,0.650212,0.650550,50
2024-03-06 05:00:00,0.650550,0.653429,0.650409,0.653288,50
2024-03-06 06:00:00,0.653288,0.653449,0.653241,0.653402,50
2024-03-06 07:00:00,0.653402,0.653795,0.651558,0.651951,50
2024-03-06 08:00:00,0.651951,0.652465,0.651217,0.651731,50
2024-03-06 09:00:00,0.651731,0.651763,0.651635,0.651668,50
2024-03-06 10:00:00,0.651668,0.652238,0.650332,0.650903,50
2024-03-06 11:00:00,0.650903,0.653751,0.650470,0.653318,50
2024-03-06 12:00:00,0.653318,0.653922,0.653204,0.653809,50
2024-03-06 13:00:00,0.653809,0.654140,0.652634,0.652966,50
2024-03-06 14:00:00,0.652966,0.652989,0.651851,0.651874,50
2024-03-06 15:00:00,0.651874,0.651977,0.650540,0.650644,50
2024-03-06 16:00:00,0.650644,0.652117,0.650192,0.651665,50
2024-03-06 17:00:00,0.651665,0.653616,0.651416,0.653367,50
2024-03-06 18:00:00,0.653367,0.654469,0.653063,0.654165,50
2024-03-06 19:00:00,0.654165,0.655749,0.653792,0.655377,50
2024-03-06 20:00:00,0.655377,0.657192,0.654908,0.656723,50
2024-03-06 21:00:00,0.656723,0.657102,0.656705,0.657084,50
2024-03-06 22:00:00,0.657084,0.657657,0.656648,0.657221,50
2024-03-06 23:00:00,0.657221,0.657855,0.657044,0.657678,50
2024-03-07 00:00:00,0.657678,0.658677,0.657364,0.658362,50
2024-03-07 01:00:00,0.658362,0.659534,0.658154,0.659326,50
2024-03-07 02:00:00,0.659326,0.659519,0.658895,0.659088,50
2024-03-07 03:00:00,0.659088,0.659317,0.658326,0.658555,50
2024-03-07 04:00:00,0.658555,0.658843,0.658073,0.658361,50
2024-03-07 05:00:00,0.658361,0.658975,0.658025,0.658638,50
2024-03-07 06:00:00,0.658638,0.658909,0.656581,0.656851,50
2024-03-07 07:00:00,0.656851,0.657127,0.656726,0.657001,50
2024-03-07 08:00:00,0.657001,0.657023,0.656869,0.656891,50
2024-03-07 09:00:00,0.656891,0.657102,0.656679,0.656891,50
2024-03-07 10:00:00,0.656891,0.658178,0.656724,0.658011,50
2024-03-07 11:00:00,0.658011,0.658075,0.657504,0.657568,50
2024-03-07 12:00:00,0.657568,0.657948,0.657283,0.657663,50
2024-03-07 13:00:00,0.657663,0.657991,0.657220,0.657548,50
2024-03-07 14:00:00,0.657548,0.657896,0.657517,0.657865,50
2024-03-07 15:00:00,0.657865,0.658193,0.657682,0.658010,50
2024-03-07 16:00:00,0.658010,0.659425,0.657780,0.659195,50
2024-03-07 17:00:00,0.659195,0.659358,0.658736,0.658899,50
2024-03-07 18:00:00,0.658899,0.659456,0.658821,0.659378,50
2024-03-07 19:00:00,0.659378,0.659556,0.659093,0.659271,50
2024-03-07 20:00:00,0.659271,0.659505,0.659114,0.659347,50
2024-03-07 21:00:00,0.659347,0.660276,0.659282,0.660211,50
2024-03-07 22:00:00,0.660211,0.662075,0.660020,0.661885,50
2024-03-07 23:00:00,0.661885,0.661892,0.661807,0.661813,50
2024-03-08 00:00:00,0.661813,0.661932,0.661388,0.661507,50
2024-03-08 01:00:00,0.661507,0.661513,0.661342,0.661349,50
2024-03-08 02:00:00,0.661349,0.661444,0.661264,0.661359,50
2024-03-08 03:00:00,0.661359,0.661778,0.661301,0.661719,50
2024-03-08 04:00:00,0.661719,0.661966,0.661650,0.661897,50
2024-03-08 05:00:00,0.661897,0.662156,0.661816,0.662075,50
2024-03-08 06:00:00,0.662075,0.662452,0.661996,0.662374,50
2024-03-08 07:00:00,0.662374,0.662427,0.662362,0.662416,50
2024-03-08 08:00:00,0.662416,0.662467,0.662216,0.662268,50
2024-03-08 09:00:00,0.662268,0.662271,0.662257,0.662260,50
2024-03-08 10:00:00,0.662260,0.662325,0.662238,0.662303,50
2024-03-08 11:00:00,0.662303,0.662388,0.661987,0.662072,50
2024-03-08 12:00:00,0.662072,0.662217,0.661954,0.662099,50
2024-03-08 13:00:00,0.662099,0.662161,0.661657,0.661719,50
2024-03-08 14:00:00,0.661719,0.661951,0.661654,0.661886,50
2024-03-08 15:00:00,0.661886,0.662132,0.661850,0.662096,50
2024-03-08 16:00:00,0.662096,0.662214,0.662016,0.662134,50
2024-03-08 17:00:00,0.662134,0.662496,0.662114,0.662476,50
2024-03-08 18:00:00,0.662476,0.662865,0.662393,0.662782,50
2024-03-08 19:00:00,0.662782,0.662837,0.662547,0.662603,50
2024-03-08 20:00:00,0.662603,0.663337,0.662502,0.663235,50
2024-03-08 21:00:00,0.663235,0.663297,0.663100,0.663162,50
2024-03-08 22:00:00,0.663162,0.663304,0.663104,0.663246,50
2024-03-08 23:00:00,0.663246,0.663343,0.662594,0.662691,50
2024-03-11 00:00:00,0.662691,0.663153,0.662605,0.663067,50
2024-03-11 01:00:00,0.663067,0.663112,0.662647,0.662692,50
2024-03-11 02:00:00,0.662692,0.662720,0.662269,0.662296,50
2024-03-11 03:00:00,0.662296,0.662720,0.662154,0.662578,50
2024-03-11 04:00:00,0.662578,0.662626,0.662012,0.662060,50
2024-03-11 05:00:00,0.662060,0.662186,0.661208,0.661334,50
2024-03-11 06:00:00,0.661334,0.661398,0.661276,0.661339,50
2024-03-11 07:00:00,0.661339,0.661448,0.661028,0.661137,50
2024-03-11 08:00:00,0.661137,0.661270,0.660572,0.660705,50
2024-03-11 09:00:00,0.660705,0.660853,0.660283,0.660431,50
2024-03-11 10:00:00,0.660431,0.660828,0.660401,0.660798,50
2024-03-11 11:00:00,0.660798,0.660827,0.660689,0.660718,50
2024-03-11 12:00:00,0.660718,0.660879,0.660605,0.660766,50
2024-03-11 13:00:00,0.660766,0.661468,0.660611,0.661313,50
2024-03-11 14:00:00,0.661313,0.661321,0.661222,0.661231,50
2024-03-11 15:00:00,0.661231,0.661646,0.661127,0.661541,50
2024-03-11 16:00:00,0.661541,0.662255,0.661388,0.662102,50
2024-03-11 17:00:00,0.662102,0.662185,0.661540,0.661623,50
2024-03-11 18:00:00,0.661623,0.661681,0.661169,0.661228,50
2024-03-11 19:00:00,0.661228,0.661275,0.661226,0.661273,50
2024-03-11 20:00:00,0.661273,0.661340,0.660726,0.660793,50
2024-03-11 21:00:00,0.660793,0.661018,0.660675,0.660900,50
2024-03-11 22:00:00,0.660900,0.660961,0.660370,0.660431,50
2024-03-11 23:00:00,0.660431,0.660849,0.660390,0.660808,50
2024-03-12 00:00:00,0.660808,0.660840,0.660033,0.660066,50
2024-03-12 01:00:00,0.660066,0.660573,0.660046,0.660554,50
2024-03-12 02:00:00,0.660554,0.660772,0.660502,0.660720,50
2024-03-12 03:00:00,0.660720,0.660833,0.660265,0.660378,50
2024-03-12 04:00:00,0.660378,0.660403,0.659952,0.659977,50
2024-03-12 05:00:00,0.659977,0.660054,0.659903,0.659980,50
2024-03-12 06:00:00,0.659980,0.660398,0.659887,0.660304,50
2024-03-12 07:00:00,0.660304,0.660339,0.660179,0.660214,50
2024-03-12 08:00:00,0.660214,0.660622,0.660146,0.660554,50
2024-03-12 09:00:00,0.660554,0.660663,0.660376,0.660484,50
2024-03-12 10:00:00,0.660484,0.660578,0.660441,0.660534,50
2024-03-12 11:00:00,0.660534,0.661354,0.660418,0.661237,50
2024-03-12 12:00:00,0.661237,0.661355,0.660636,0.660753,50
2024-03-12 13:00:00,0.660753,0.661388,0.660733,0.661369,50
2024-03-12 14:00:00,0.661369,0.661393,0.660576,0.660601,50
2024-03-12 15:00:00,0.660601,0.660968,0.660491,0.660858,50
2024-03-12 16:00:00,0.660858,0.661467,0.660840,0.661449,50
2024-03-12 17:00:00,0.661449,0.661467,0.660553,0.660571,50
2024-03-12 18:00:00,0.660571,0.660783,0.660563,0.660776,50
2024-03-12 19:00:00,0.660776,0.660842,0.660686,0.660752,50
2024-03-12 20:00:00,0.660752,0.660781,0.660221,0.660250,50
2024-03-12 21:00:00,0.660250,0.660305,0.660092,0.660147,50
2024-03-12 22:00:00,0.660147,0.660193,0.659969,0.660016,50
2024-03-12 23:00:00,0.660016,0.660212,0.659913,0.660110,50
2024-03-13 00:00:00,0.660110,0.660289,0.659577,0.659756,50
2024-03-13 01:00:00,0.659756,0.659865,0.659576,0.659685,50
2024-03-13 02:00:00,0.659685,0.660253,0.659607,0.660175,50
2024-03-13 03:00:00,0.660175,0.660536,0.660019,0.660381,50
2024-03-13 04:00:00,0.660381,0.660917,0.660262,0.660798,50
2024-03-13 05:00:00,0.660798,0.661456,0.660637,0.661295,50
2024-03-13 06:00:00,0.661295,0.661348,0.661109,0.661162,50
2024-03-13 07:00:00,0.661162,0.661241,0.661108,0.661188,50
2024-03-13 08:00:00,0.661188,0.661251,0.661040,0.661104,50
2024-03-13 09:00:00,0.661104,0.661552,0.660967,0.661415,50
2024-03-13 10:00:00,0.661415,0.661584,0.661354,0.661523,50
2024-03-13 11:00:00,0.661523,0.661677,0.661418,0.661572,50
2024-03-13 12:00:00,0.661572,0.661822,0.661391,0.661641,50
2024-03-13 13:00:00,0.661641,0.661969,0.661463,0.661791,50
2024-03-13 14:00:00,0.661791,0.661811,0.661557,0.661577,50
2024-03-13 15:00:00,0.661577,0.661748,0.661530,0.661702,50
2024-03-13 16:00:00,0.661702,0.661849,0.661689,0.661837,50
2024-03-13 17:00:00,0.661837,0.662089,0.661688,0.661940,50
2024-03-13 18:00:00,0.661940,0.662163,0.661874,0.662097,50
2024-03-13 19:00:00,0.662097,0.662423,0.661951,0.662276,50
2024-03-13 20:00:00,0.662276,0.662616,0.662104,0.662444,50
2024-03-13 21:00:00,0.662444,0.662575,0.662184,0.662315,50
2024-03-13 22:00:00,0.662315,0.662537,0.662254,0.662476,50
2024-03-13 23:00:00,0.662476,0.662610,0.662161,0.662296,50
2024-03-14 00:00:00,0.662296,0.662864,0.662027,0.662596,50
2024-03-14 01:00:00,0.662596,0.663140,0.662510,0.663054,50
2024-03-14 02:00:00,0.663054,0.663268,0.662673,0.662886,50
2024-03-14 03:00:00,0.662886,0.663175,0.661512,0.661800,50
2024-03-14 04:00:00,0.661800,0.661975,0.661311,0.661486,50
2024-03-14 05:00:00,0.661486,0.661884,0.661309,0.661707,50
2024-03-14 06:00:00,0.661707,0.661858,0.660841,0.660993,50
2024-03-14 07:00:00,0.660993,0.661001,0.660616,0.660624,50
2024-03-14 08:00:00,0.660624,0.660867,0.659754,0.659997,50
2024-03-14 09:00:00,0.659997,0.660303,0.658456,0.658761,50
2024-03-14 10:00:00,0.658761,0.659553,0.658512,0.659304,50
2024-03-14 11:00:00,0.659304,0.659309,0.659173,0.659178,50
2024-03-14 12:00:00,0.659178,0.659334,0.658747,0.658903,50
2024-03-14 13:00:00,0.658903,0.659822,0.658610,0.659530,50
2024-03-14 14:00:00,0.659530,0.659737,0.658555,0.658762,50
2024-03-14 15:00:00,0.658762,0.660070,0.658591,0.659899,50
2024-03-14 16:00:00,0.659899,0.660181,0.658597,0.658879,50
2024-03-14 17:00:00,0.658879,0.659823,0.658867,0.659811,50
2024-03-14 18:00:00,0.659811,0.661882,0.659641,0.661713,50
2024-03-14 19:00:00,0.661713,0.661971,0.659154,0.659412,50
2024-03-14 20:00:00,0.659412,0.659622,0.658599,0.658809,50
2024-03-14 21:00:00,0.658809,0.659238,0.658619,0.659048,50
2024-03-14 22:00:00,0.659048,0.659208,0.658367,0.658527,50
2024-03-14 23:00:00,0.658527,0.658561,0.658468,0.658501,50
2024-03-15 00:00:00,0.658501,0.658877,0.658406,0.658781,50
2024-03-15 01:00:00,0.658781,0.658895,0.658494,0.658608,50
2024-03-15 02:00:00,0.658608,0.658631,0.658023,0.658045,50
2024-03-15 03:00:00,0.658045,0.658125,0.657593,0.657673,50
2024-03-15 04:00:00,0.657673,0.657770,0.657590,0.657688,50
2024-03-15 05:00:00,0.657688,0.657707,0.657686,0.657705,50
2024-03-15 06:00:00,0.657705,0.657832,0.657674,0.657801,50
2024-03-15 07:00:00,0.657801,0.657815,0.657531,0.657545,50
2024-03-15 08:00:00,0.657545,0.657833,0.657473,0.657762,50
2024-03-15 09:00:00,0.657762,0.658194,0.657672,0.658104,50
2024-03-15 10:00:00,0.658104,0.658166,0.657691,0.657753,50
2024-03-15 11:00:00,0.657753,0.657853,0.657033,0.657133,50
2024-03-15 12:00:00,0.657133,0.657383,0.657053,0.657303,50
2024-03-15 13:00:00,0.657303,0.657409,0.656475,0.656581,50
2024-03-15 14:00:00,0.656581,0.656892,0.656546,0.656858,50
2024-03-15 15:00:00,0.656858,0.656985,0.656695,0.656822,50
2024-03-15 16:00:00,0.656822,0.657051,0.656809,0.657039,50
2024-03-15 17:00:00,0.657039,0.657213,0.656989,0.657163,50
2024-03-15 18:00:00,0.657163,0.657335,0.657158,0.657330,50
2024-03-15 19:00:00,0.657330,0.657888,0.657261,0.657818,50
2024-03-15 20:00:00,0.657818,0.657893,0.657787,0.657862,50
2024-03-15 21:00:00,0.657862,0.658223,0.657788,0.658149,50
2024-03-15 22:00:00,0.658149,0.658635,0.658042,0.658529,50
2024-03-15 23:00:00,0.658529,0.658627,0.656802,0.656901,50
2024-03-18 00:00:00,0.656901,0.657274,0.656792,0.657166,50
2024-03-18 01:00:00,0.657166,0.657166,0.656582,0.656582,50
2024-03-18 02:00:00,0.656582,0.656744,0.656505,0.656667,50
2024-03-18 03:00:00,0.656667,0.656744,0.656452,0.656529,50
2024-03-18 04:00:00,0.656529,0.657218,0.656420,0.657109,50
2024-03-18 05:00:00,0.657109,0.657347,0.657089,0.657327,50
2024-03-18 06:00:00,0.657327,0.657328,0.656334,0.656334,50
2024-03-18 07:00:00,0.656334,0.656389,0.655516,0.655572,50
2024-03-18 08:00:00,0.655572,0.656266,0.655489,0.656183,50
2024-03-18 09:00:00,0.656183,0.656293,0.655571,0.655681,50
2024-03-18 10:00:00,0.655681,0.656192,0.655657,0.656169,50
2024-03-18 11:00:00,0.656169,0.656551,0.656102,0.656484,50
2024-03-18 12:00:00,0.656484,0.656532,0.656228,0.656275,50
2024-03-18 13:00:00,0.656275,0.657271,0.656266,0.657261,50
2024-03-18 14:00:00,0.657261,0.657297,0.657073,0.657110,50
2024-03-18 15:00:00,0.657110,0.657621,0.657013,0.657524,50
2024-03-18 16:00:00,0.657524,0.657597,0.656987,0.657060,50
2024-03-18 17:00:00,0.657060,0.657217,0.656968,0.657126,50
2024-03-18 18:00:00,0.657126,0.657218,0.656919,0.657011,50
2024-03-18 19:00:00,0.657011,0.657487,0.656971,0.657447,50
2024-03-18 20:00:00,0.657447,0.657498,0.656831,0.656882,50
2024-03-18 21:00:00,0.656882,0.656988,0.656524,0.656631,50
2024-03-18 22:00:00,0.656631,0.656679,0.656189,0.656237,50
2024-03-18 23:00:00,0.656237,0.656277,0.656172,0.656211,50
2024-03-19 00:00:00,0.656211,0.656412,0.653260,0.653461,50
2024-03-19 01:00:00,0.653461,0.653697,0.652065,0.652301,50
2024-03-19 02:00:00,0.652301,0.652432,0.652133,0.652264,50
2024-03-19 03:00:00,0.652264,0.653767,0.652125,0.653628,50
2024-03-19 04:00:00,0.653628,0.653839,0.651888,0.652099,50
2024-03-19 05:00:00,0.652099,0.652777,0.651938,0.652616,50
2024-03-19 06:00:00,0.652616,0.653182,0.652473,0.653039,50
2024-03-19 07:00:00,0.653039,0.654149,0.653033,0.654143,50
2024-03-19 08:00:00,0.654143,0.654324,0.652231,0.652411,50
2024-03-19 09:00:00,0.652411,0.653452,0.652276,0.653317,50
2024-03-19 10:00:00,0.653317,0.653594,0.652054,0.652331,50
2024-03-19 11:00:00,0.652331,0.653093,0.652225,0.652986,50
2024-03-19 12:00:00,0.652986,0.653222,0.651913,0.652150,50
2024-03-19 13:00:00,0.652150,0.652846,0.652088,0.652785,50
2024-03-19 14:00:00,0.652785,0.652999,0.652216,0.652430,50
2024-03-19 15:00:00,0.652430,0.657028,0.652298,0.656896,50
2024-03-19 16:00:00,0.656896,0.656989,0.656574,0.656666,50
2024-03-19 17:00:00,0.656666,0.656903,0.655588,0.655825,50
2024-03-19 18:00:00,0.655825,0.656637,0.655757,0.656570,50
2024-03-19 19:00:00,0.656570,0.656695,0.654981,0.655106,50
2024-03-19 20:00:00,0.655106,0.655170,0.654813,0.654877,50
2024-03-19 21:00:00,0.654877,0.655071,0.653206,0.653401,50
2024-03-19 22:00:00,0.653401,0.654264,0.653321,0.654184,50
2024-03-19 23:00:00,0.654184,0.654323,0.652646,0.652784,50
2024-03-20 00:00:00,0.652784,0.652851,0.652154,0.652220,50
2024-03-20 01:00:00,0.652220,0.652720,0.652183,0.652682,50
2024-03-20 02:00:00,0.652682,0.653132,0.652673,0.653122,50
2024-03-20 03:00:00,0.653122,0.653320,0.653107,0.653305,50
2024-03-20 04:00:00,0.653305,0.653417,0.653160,0.653271,50
2024-03-20 05:00:00,0.653271,0.653550,0.653258,0.653537,50
2024-03-20 06:00:00,0.653537,0.653692,0.653421,0.653575,50
2024-03-20 07:00:00,0.653575,0.653906,0.653461,0.653792,50
2024-03-20 08:00:00,0.653792,0.653792,0.653681,0.653681,50
2024-03-20 09:00:00,0.653681,0.653824,0.653601,0.653744,50
2024-03-20 10:00:00,0.653744,0.653927,0.653743,0.653926,50
2024-03-20 11:00:00,0.653926,0.653993,0.653910,0.653977,50
2024-03-20 12:00:00,0.653977,0.654076,0.653772,0.653871,50
2024-03-20 13:00:00,0.653871,0.653963,0.653789,0.653881,50
2024-03-20 14:00:00,0.653881,0.653973,0.653576,0.653667,50
2024-03-20 15:00:00,0.653667,0.653753,0.653647,0.653732,50
2024-03-20 16:00:00,0.653732,0.653853,0.653706,0.653826,50
2024-03-20 17:00:00,0.653826,0.653896,0.653750,0.653820,50
2024-03-20 18:00:00,0.653820,0.653860,0.653801,0.653841,50
2024-03-20 19:00:00,0.653841,0.653959,0.653813,0.653932,50
2024-03-20 20:00:00,0.653932,0.653951,0.653842,0.653862,50
2024-03-20 21:00:00,0.653862,0.653899,0.653519,0.653557,50
2024-03-20 22:00:00,0.653557,0.653645,0.653073,0.653161,50
2024-03-20 23:00:00,0.653161,0.653302,0.653070,0.653211,50
2024-03-21 00:00:00,0.653211,0.653374,0.653113,0.653276,50
2024-03-21 01:00:00,0.653276,0.653559,0.652563,0.652846,50
2024-03-21 02:00:00,0.652846,0.652948,0.652353,0.652455,50
2024-03-21 03:00:00,0.652455,0.652915,0.652313,0.652773,50
2024-03-21 04:00:00,0.652773,0.653083,0.652562,0.652872,50
2024-03-21 05:00:00,0.652872,0.653276,0.652710,0.653114,50
2024-03-21 06:00:00,0.653114,0.653781,0.652995,0.653662,50
2024-03-21 07:00:00,0.653662,0.654448,0.653580,0.654366,50
2024-03-21 08:00:00,0.654366,0.654493,0.654340,0.654467,50
2024-03-21 09:00:00,0.654467,0.655108,0.654453,0.655094,50
2024-03-21 10:00:00,0.655094,0.655409,0.654914,0.655228,50
2024-03-21 11:00:00,0.655228,0.655364,0.654769,0.654905,50
2024-03-21 12:00:00,0.654905,0.655087,0.653957,0.654139,50
2024-03-21 13:00:00,0.654139,0.654427,0.653709,0.653998,50
2024-03-21 14:00:00,0.653998,0.654453,0.653687,0.654143,50
2024-03-21 15:00:00,0.654143,0.654514,0.653944,0.654315,50
2024-03-21 16:00:00,0.654315,0.654466,0.653827,0.653977,50
2024-03-21 17:00:00,0.653977,0.654174,0.653938,0.654135,50
2024-03-21 18:00:00,0.654135,0.654700,0.654098,0.654664,50
2024-03-21 19:00:00,0.654664,0.656549,0.654358,0.656244,50
2024-03-21 20:00:00,0.656244,0.657379,0.655956,0.657091,50
2024-03-21 21:00:00,0.657091,0.658052,0.656782,0.657742,50
2024-03-21 22:00:00,0.657742,0.657810,0.656339,0.656407,50
2024-03-21 23:00:00,0.656407,0.657196,0.656198,0.656987,50
2024-03-22 00:00:00,0.656987,0.657466,0.656701,0.657180,50
2024-03-22 01:00:00,0.657180,0.658140,0.657021,0.657981,50
2024-03-22 02:00:00,0.657981,0.658198,0.655639,0.655856,50
2024-03-22 03:00:00,0.655856,0.656205,0.654282,0.654632,50
2024-03-22 04:00:00,0.654632,0.654923,0.653984,0.654276,50
2024-03-22 05:00:00,0.654276,0.655503,0.654263,0.655491,50
2024-03-22 06:00:00,0.655491,0.656389,0.655121,0.656019,50
2024-03-22 07:00:00,0.656019,0.656375,0.655739,0.656095,50
2024-03-22 08:00:00,0.656095,0.657322,0.655810,0.657036,50
2024-03-22 09:00:00,0.657036,0.657360,0.654363,0.654686,50
2024-03-22 10:00:00,0.654686,0.656830,0.654646,0.656789,50
2024-03-22 11:00:00,0.656789,0.657290,0.656735,0.657236,50
2024-03-22 12:00:00,0.657236,0.657839,0.656929,0.657532,50
2024-03-22 13:00:00,0.657532,0.657532,0.657212,0.657213,50
2024-03-22 14:00:00,0.657213,0.657891,0.657010,0.657688,50
2024-03-22 15:00:00,0.657688,0.658034,0.656844,0.657189,50
2024-03-22 16:00:00,0.657189,0.657457,0.655208,0.655476,50
2024-03-22 17:00:00,0.655476,0.655763,0.654253,0.654540,50
2024-03-22 18:00:00,0.654540,0.654661,0.653842,0.653963,50
2024-03-22 19:00:00,0.653963,0.654228,0.652661,0.652927,50
2024-03-22 20:00:00,0.652927,0.653757,0.652917,0.653746,50
2024-03-22 21:00:00,0.653746,0.655946,0.653544,0.655744,50
2024-03-22 22:00:00,0.655744,0.655893,0.654073,0.654222,50
2024-03-22 23:00:00,0.654222,0.654587,0.651652,0.652018,50
2024-03-25 00:00:00,0.652018,0.652825,0.651871,0.652677,50
2024-03-25 01:00:00,0.652677,0.652709,0.652412,0.652443,50
2024-03-25 02:00:00,0.652443,0.652718,0.652375,0.652650,50
2024-03-25 03:00:00,0.652650,0.652698,0.652483,0.652531,50
2024-03-25 04:00:00,0.652531,0.652713,0.652433,0.652615,50
2024-03-25 05:00:00,0.652615,0.652945,0.652591,0.652921,50
2024-03-25 06:00:00,0.652921,0.653196,0.652835,0.653111,50
2024-03-25 07:00:00,0.653111,0.653164,0.652928,0.652981,50
2024-03-25 08:00:00,0.652981,0.653125,0.652929,0.653073,50
2024-03-25 09:00:00,0.653073,0.653098,0.652860,0.652886,50
2024-03-25 10:00:00,0.652886,0.653705,0.652784,0.653603,50
2024-03-25 11:00:00,0.653603,0.654286,0.653586,0.654269,50
2024-03-25 12:00:00,0.654269,0.654336,0.653520,0.653586,50
2024-03-25 13:00:00,0.653586,0.653799,0.653568,0.653781,50
2024-03-25 14:00:00,0.653781,0.654066,0.653753,0.654038,50
2024-03-25 15:00:00,0.654038,0.654097,0.653483,0.653542,50
2024-03-25 16:00:00,0.653542,0.653668,0.651516,0.651643,50
2024-03-25 17:00:00,0.651643,0.651893,0.651612,0.651863,50
2024-03-25 18:00:00,0.651863,0.652280,0.651758,0.652176,50
2024-03-25 19:00:00,0.652176,0.652752,0.652039,0.652615,50
2024-03-25 20:00:00,0.652615,0.653016,0.652580,0.652982,50
2024-03-25 21:00:00,0.652982,0.654105,0.652967,0.654091,50
2024-03-25 22:00:00,0.654091,0.654192,0.654014,0.654115,50
2024-03-25 23:00:00,0.654115,0.654238,0.653771,0.653894,50
2024-03-26 00:00:00,0.653894,0.654288,0.653858,0.654252,50
2024-03-26 01:00:00,0.654252,0.654470,0.654154,0.654372,50
2024-03-26 02:00:00,0.654372,0.654435,0.654249,0.654312,50
2024-03-26 03:00:00,0.654312,0.654774,0.654287,0.654748,50
2024-03-26 04:00:00,0.654748,0.654808,0.653904,0.653963,50
2024-03-26 05:00:00,0.653963,0.654602,0.653941,0.654580,50
2024-03-26 06:00:00,0.654580,0.654680,0.654505,0.654605,50
2024-03-26 07:00:00,0.654605,0.654889,0.654547,0.654832,50
2024-03-26 08:00:00,0.654832,0.654854,0.654334,0.654357,50
2024-03-26 09:00:00,0.654357,0.654360,0.653540,0.653543,50
2024-03-26 10:00:00,0.653543,0.653916,0.653481,0.653854,50
2024-03-26 11:00:00,0.653854,0.654196,0.653785,0.654128,50
2024-03-26 12:00:00,0.654128,0.654482,0.654092,0.654447,50
2024-03-26 13:00:00,0.654447,0.654682,0.654409,0.654644,50
2024-03-26 14:00:00,0.654644,0.654705,0.654046,0.654107,50
2024-03-26 15:00:00,0.654107,0.654126,0.654000,0.654018,50
2024-03-26 16:00:00,0.654018,0.654057,0.653645,0.653684,50
2024-03-26 17:00:00,0.653684,0.653729,0.653487,0.653532,50
2024-03-26 18:00:00,0.653532,0.653557,0.653087,0.653112,50
2024-03-26 19:00:00,0.653112,0.653808,0.653055,0.653751,50
2024-03-26 20:00:00,0.653751,0.653842,0.652779,0.652870,50
2024-03-26 21:00:00,0.652870,0.653769,0.652772,0.653670,50
2024-03-26 22:00:00,0.653670,0.653700,0.653236,0.653266,50
2024-03-26 23:00:00,0.653266,0.653834,0.653241,0.653808,50
2024-03-27 00:00:00,0.653808,0.654141,0.653740,0.654073,50
2024-03-27 01:00:00,0.654073,0.654077,0.653613,0.653617,50
2024-03-27 02:00:00,0.653617,0.653621,0.653336,0.653341,50
2024-03-27 03:00:00,0.653341,0.653455,0.652999,0.653113,50
2024-03-27 04:00:00,0.653113,0.653243,0.653004,0.653134,50
2024-03-27 05:00:00,0.653134,0.653709,0.653106,0.653681,50
2024-03-27 06:00:00,0.653681,0.654142,0.653665,0.654126,50
2024-03-27 07:00:00,0.654126,0.654130,0.654029,0.654033,50
2024-03-27 08:00:00,0.654033,0.654046,0.653614,0.653627,50
2024-03-27 09:00:00,0.653627,0.653645,0.653149,0.653168,50
2024-03-27 10:00:00,0.653168,0.653268,0.652770,0.652869,50
2024-03-27 11:00:00,0.652869,0.653659,0.652810,0.653600,50
2024-03-27 12:00:00,0.653600,0.653668,0.653508,0.653576,50
2024-03-27 13:00:00,0.653576,0.653952,0.653562,0.653938,50
2024-03-27 14:00:00,0.653938,0.654023,0.653622,0.653707,50
2024-03-27 15:00:00,0.653707,0.653799,0.653469,0.653561,50
2024-03-27 16:00:00,0.653561,0.653609,0.653104,0.653152,50
2024-03-27 17:00:00,0.653152,0.653469,0.653103,0.653419,50
2024-03-27 18:00:00,0.653419,0.653568,0.653373,0.653522,50
2024-03-27 19:00:00,0.653522,0.653629,0.653446,0.653553,50
2024-03-27 20:00:00,0.653553,0.653567,0.652561,0.652576,50
2024-03-27 21:00:00,0.652576,0.652577,0.652167,0.652168,50
2024-03-27 22:00:00,0.652168,0.652414,0.652146,0.652392,50
2024-03-27 23:00:00,0.652392,0.652538,0.652340,0.652486,50
2024-03-28 00:00:00,0.652486,0.652554,0.652418,0.652486,50
2024-03-28 01:00:00,0.652486,0.652516,0.652456,0.652486,50
2024-03-28 02:00:00,0.652486,0.652590,0.652382,0.652486,50
2024-03-28 03:00:00,0.652486,0.652573,0.652399,0.652486,50
2024-03-28 04:00:00,0.652486,0.652506,0.652466,0.652486,50
2024-03-28 05:00:00,0.652486,0.652508,0.652464,0.652486,50
2024-03-28 06:00:00,0.652486,0.652597,0.652375,0.652486,50
2024-03-28 07:00:00,0.652486,0.652597,0.652375,0.652486,50
2024-03-28 08:00:00,0.652486,0.652498,0.652474,0.652486,50
2024-03-28 09:00:00,0.652486,0.652584,0.652388,0.652486,50
2024-03-28 10:00:00,0.652486,0.652497,0.652475,0.652486,50
2024-03-28 11:00:00,0.652486,0.652560,0.652412,0.652486,50
2024-03-28 12:00:00,0.652486,0.652598,0.652374,0.652486,50
2024-03-28 13:00:00,0.652486,0.652486,0.652486,0.652486,50
2024-03-28 14:00:00,0.652486,0.652550,0.652422,0.652486,50
2024-03-28 15:00:00,0.652486,0.652520,0.652452,0.652486,50
2024-03-28 16:00:00,0.652486,0.652531,0.652441,0.652486,50
2024-03-28 17:00:00,0.652486,0.652525,0.652447,0.652486,50
2024-03-28 18:00:00,0.652486,0.652502,0.652470,0.652486,50
2024-03-28 19:00:00,0.652486,0.652526,0.652446,0.652486,50
2024-03-28 20:00:00,0.652486,0.652505,0.652467,0.652486,50
2024-03-28 21:00:00,0.652486,0.652565,0.652407,0.652486,50
2024-03-28 22:00:00,0.652486,0.652527,0.652445,0.652486,50
2024-03-28 23:00:00,0.652486,0.652563,0.652409,0.652486,50
2024-03-29 00:00:00,0.652486,0.653072,0.652434,0.653019,50
2024-03-29 01:00:00,0.653019,0.653279,0.652905,0.653164,50
2024-03-29 02:00:00,0.653164,0.653184,0.652521,0.652541,50
2024-03-29 03:00:00,0.652541,0.652873,0.652535,0.652867,50
2024-03-29 04:00:00,0.652867,0.652974,0.652657,0.652763,50
2024-03-29 05:00:00,0.652763,0.652851,0.652456,0.652543,50
2024-03-29 06:00:00,0.652543,0.653071,0.652493,0.653021,50
2024-03-29 07:00:00,0.653021,0.653175,0.652950,0.653104,50
2024-03-29 08:00:00,0.653104,0.653184,0.652767,0.652847,50
2024-03-29 09:00:00,0.652847,0.652962,0.652057,0.652172,50
2024-03-29 10:00:00,0.652172,0.652412,0.652102,0.652341,50
2024-03-29 11:00:00,0.652341,0.652947,0.652329,0.652935,50
2024-03-29 12:00:00,0.652935,0.653007,0.652816,0.652888,50
2024-03-29 13:00:00,0.652888,0.653484,0.652826,0.653422,50
2024-03-29 14:00:00,0.653422,0.653456,0.652835,0.652869,50
2024-03-29 15:00:00,0.652869,0.652983,0.652772,0.652887,50
2024-03-29 16:00:00,0.652887,0.652967,0.652617,0.652698,50
2024-03-29 17:00:00,0.652698,0.652716,0.652682,0.652700,50
2024-03-29 18:00:00,0.652700,0.652725,0.652324,0.652349,50
2024-03-29 19:00:00,0.652349,0.652466,0.651781,0.651898,50
2024-03-29 20:00:00,0.651898,0.651924,0.651795,0.651820,50
2024-03-29 21:00:00,0.651820,0.651886,0.651399,0.651465,50
2024-03-29 22:00:00,0.651465,0.652184,0.651367,0.652086,50
2024-03-29 23:00:00,0.652086,0.652483,0.652004,0.652401,50
2024-04-01 00:00:00,0.652401,0.652513,0.651581,0.651693,50
2024-04-01 01:00:00,0.651693,0.651874,0.649479,0.649659,50
2024-04-01 02:00:00,0.649659,0.649807,0.649579,0.649726,50
2024-04-01 03:00:00,0.649726,0.649994,0.648639,0.648907,50
2024-04-01 04:00:00,0.648907,0.649446,0.648713,0.649251,50
2024-04-01 05:00:00,0.649251,0.650509,0.648921,0.650179,50
2024-04-01 06:00:00,0.650179,0.650222,0.649173,0.649216,50
2024-04-01 07:00:00,0.649216,0.650299,0.648956,0.650039,50
2024-04-01 08:00:00,0.650039,0.651756,0.649990,0.651706,50
2024-04-01 09:00:00,0.651706,0.652024,0.651704,0.652022,50
2024-04-01 10:00:00,0.652022,0.653223,0.651901,0.653102,50
2024-04-01 11:00:00,0.653102,0.653377,0.652930,0.653205,50
2024-04-01 12:00:00,0.653205,0.653498,0.652239,0.652532,50
2024-04-01 13:00:00,0.652532,0.652788,0.651803,0.652059,50
2024-04-01 14:00:00,0.652059,0.652222,0.650644,0.650808,50
2024-04-01 15:00:00,0.650808,0.652199,0.650483,0.651875,50
2024-04-01 16:00:00,0.651875,0.651996,0.651168,0.651289,50
2024-04-01 17:00:00,0.651289,0.651611,0.650584,0.650906,50
2024-04-01 18:00:00,0.650906,0.650965,0.649716,0.649774,50
2024-04-01 19:00:00,0.649774,0.649912,0.648092,0.648229,50
2024-04-01 20:00:00,0.648229,0.648448,0.648210,0.648428,50
2024-04-01 21:00:00,0.648428,0.648579,0.647428,0.647579,50
2024-04-01 22:00:00,0.647579,0.648266,0.647444,0.648131,50
2024-04-01 23:00:00,0.648131,0.648438,0.648075,0.648382,50
2024-04-02 00:00:00,0.648382,0.648592,0.647987,0.648197,50
2024-04-02 01:00:00,0.648197,0.648402,0.648176,0.648381,50
2024-04-02 02:00:00,0.648381,0.648818,0.648186,0.648623,50
2024-04-02 03:00:00,0.648623,0.648858,0.648618,0.648853,50
2024-04-02 04:00:00,0.648853,0.648932,0.648674,0.648753,50
2024-04-02 05:00:00,0.648753,0.648900,0.648377,0.648524,50
2024-04-02 06:00:00,0.648524,0.648820,0.648501,0.648797,50
2024-04-02 07:00:00,0.648797,0.649418,0.648605,0.649226,50
2024-04-02 08:00:00,0.649226,0.649530,0.649094,0.649398,50
2024-04-02 09:00:00,0.649398,0.649729,0.649312,0.649643,50
2024-04-02 10:00:00,0.649643,0.650349,0.649535,0.650241,50
2024-04-02 11:00:00,0.650241,0.650628,0.650140,0.650527,50
2024-04-02 12:00:00,0.650527,0.650645,0.650523,0.650641,50
2024-04-02 13:00:00,0.650641,0.650840,0.650620,0.650818,50
2024-04-02 14:00:00,0.650818,0.651130,0.650581,0.650893,50
2024-04-02 15:00:00,0.650893,0.651181,0.650695,0.650984,50
2024-04-02 16:00:00,0.650984,0.651207,0.650793,0.651017,50
2024-04-02 17:00:00,0.651017,0.651205,0.650933,0.651122,50
2024-04-02 18:00:00,0.651122,0.651196,0.651051,0.651125,50
2024-04-02 19:00:00,0.651125,0.651500,0.651024,0.651399,50
2024-04-02 20:00:00,0.651399,0.651990,0.651287,0.651879,50
2024-04-02 21:00:00,0.651879,0.652044,0.651518,0.651683,50
2024-04-02 22:00:00,0.651683,0.651759,0.651419,0.651496,50
2024-04-02 23:00:00,0.651496,0.651722,0.651070,0.651296,50
2024-04-03 00:00:00,0.651296,0.654230,0.650968,0.653902,50
2024-04-03 01:00:00,0.653902,0.654267,0.653025,0.653391,50
2024-04-03 02:00:00,0.653391,0.653581,0.652878,0.653068,50
2024-04-03 03:00:00,0.653068,0.653317,0.653058,0.653307,50
2024-04-03 04:00:00,0.653307,0.653430,0.650277,0.650399,50
2024-04-03 05:00:00,0.650399,0.655393,0.650285,0.655279,50
2024-04-03 06:00:00,0.655279,0.655387,0.653498,0.653606,50
2024-04-03 07:00:00,0.653606,0.653814,0.653367,0.653574,50
2024-04-03 08:00:00,0.653574,0.653616,0.652444,0.652485,50
2024-04-03 09:00:00,0.652485,0.654501,0.652248,0.654263,50
2024-04-03 10:00:00,0.654263,0.654565,0.652701,0.653004,50
2024-04-03 11:00:00,0.653004,0.655605,0.652978,0.655579,50
2024-04-03 12:00:00,0.655579,0.655914,0.653830,0.654165,50
2024-04-03 13:00:00,0.654165,0.654285,0.653801,0.653921,50
2024-04-03 14:00:00,0.653921,0.656055,0.653891,0.656025,50
2024-04-03 15:00:00,0.656025,0.656223,0.655194,0.655393,50
2024-04-03 16:00:00,0.655393,0.656378,0.655052,0.656037,50
2024-04-03 17:00:00,0.656037,0.656098,0.651798,0.651859,50
2024-04-03 18:00:00,0.651859,0.653086,0.651503,0.652730,50
2024-04-03 19:00:00,0.652730,0.652812,0.651864,0.651946,50
2024-04-03 20:00:00,0.651946,0.652469,0.651667,0.652190,50
2024-04-03 21:00:00,0.652190,0.652216,0.651301,0.651326,50
2024-04-03 22:00:00,0.651326,0.651719,0.651297,0.651691,50
2024-04-03 23:00:00,0.651691,0.656151,0.651320,0.655781,50
2024-04-04 00:00:00,0.655781,0.659759,0.655584,0.659562,50
2024-04-04 01:00:00,0.659562,0.660901,0.659437,0.660776,50
2024-04-04 02:00:00,0.660776,0.660800,0.657794,0.657818,50
2024-04-04 03:00:00,0.657818,0.658094,0.656828,0.657104,50
2024-04-04 04:00:00,0.657104,0.657340,0.655456,0.655692,50
2024-04-04 05:00:00,0.655692,0.656162,0.654166,0.654635,50
2024-04-04 06:00:00,0.654635,0.655724,0.654302,0.655390,50
2024-04-04 07:00:00,0.655390,0.656367,0.655121,0.656099,50
2024-04-04 08:00:00,0.656099,0.656367,0.654697,0.654966,50
2024-04-04 09:00:00,0.654966,0.655465,0.654708,0.655208,50
2024-04-04 10:00:00,0.655208,0.658226,0.654958,0.657975,50
2024-04-04 11:00:00,0.657975,0.658169,0.655286,0.655479,50
2024-04-04 12:00:00,0.655479,0.655808,0.655200,0.655529,50
2024-04-04 13:00:00,0.655529,0.657204,0.655201,0.656875,50
2024-04-04 14:00:00,0.656875,0.657019,0.656071,0.656215,50
2024-04-04 15:00:00,0.656215,0.658432,0.655854,0.658072,50
2024-04-04 16:00:00,0.658072,0.662745,0.657979,0.662652,50
2024-04-04 17:00:00,0.662652,0.662691,0.662089,0.662128,50
2024-04-04 18:00:00,0.662128,0.662532,0.661610,0.662015,50
2024-04-04 19:00:00,0.662015,0.662271,0.660255,0.660512,50
2024-04-04 20:00:00,0.660512,0.660752,0.659266,0.659507,50
2024-04-04 21:00:00,0.659507,0.659694,0.658173,0.658360,50
2024-04-04 22:00:00,0.658360,0.661306,0.658085,0.661031,50
2024-04-04 23:00:00,0.661031,0.661905,0.660633,0.661507,50
2024-04-05 00:00:00,0.661507,0.662149,0.661483,0.662125,50
2024-04-05 01:00:00,0.662125,0.662351,0.659848,0.660073,50
2024-04-05 02:00:00,0.660073,0.661654,0.659814,0.661395,50
2024-04-05 03:00:00,0.661395,0.661455,0.660413,0.660474,50
2024-04-05 04:00:00,0.660474,0.660589,0.660370,0.660485,50
2024-04-05 05:00:00,0.660485,0.660895,0.660243,0.660653,50
2024-04-05 06:00:00,0.660653,0.660777,0.659797,0.659921,50
2024-04-05 07:00:00,0.659921,0.660309,0.659869,0.660257,50
2024-04-05 08:00:00,0.660257,0.661425,0.660062,0.661230,50
2024-04-05 09:00:00,0.661230,0.661297,0.659778,0.659844,50
2024-04-05 10:00:00,0.659844,0.660946,0.659752,0.660854,50
2024-04-05 11:00:00,0.660854,0.661017,0.659739,0.659903,50
2024-04-05 12:00:00,0.659903,0.660161,0.658513,0.658771,50
2024-04-05 13:00:00,0.658771,0.658865,0.658229,0.658322,50
2024-04-05 14:00:00,0.658322,0.658431,0.657987,0.658096,50
2024-04-05 15:00:00,0.658096,0.658672,0.657841,0.658417,50
2024-04-05 16:00:00,0.658417,0.659612,0.658278,0.659473,50
2024-04-05 17:00:00,0.659473,0.659511,0.659436,0.659474,50
2024-04-05 18:00:00,0.659474,0.659620,0.658370,0.658516,50
2024-04-05 19:00:00,0.658516,0.658966,0.658501,0.658950,50
2024-04-05 20:00:00,0.658950,0.658959,0.658439,0.658447,50
2024-04-05 21:00:00,0.658447,0.658617,0.657626,0.657796,50
2024-04-05 22:00:00,0.657796,0.658816,0.657700,0.658721,50
2024-04-05 23:00:00,0.658721,0.658852,0.658283,0.658415,50
2024-04-08 00:00:00,0.658415,0.659902,0.658277,0.659764,50
2024-04-08 01:00:00,0.659764,0.659803,0.659126,0.659166,50
2024-04-08 02:00:00,0.659166,0.659287,0.658969,0.659090,50
2024-04-08 03:00:00,0.659090,0.659743,0.659036,0.659688,50
2024-04-08 04:00:00,0.659688,0.659930,0.659633,0.659874,50
2024-04-08 05:00:00,0.659874,0.659954,0.658807,0.658887,50
2024-04-08 06:00:00,0.658887,0.659134,0.658772,0.659019,50
2024-04-08 07:00:00,0.659019,0.659117,0.658324,0.658422,50
2024-04-08 08:00:00,0.658422,0.659501,0.658294,0.659373,50
2024-04-08 09:00:00,0.659373,0.660024,0.659236,0.659888,50
2024-04-08 10:00:00,0.659888,0.660012,0.658489,0.658614,50
2024-04-08 11:00:00,0.658614,0.658757,0.658386,0.658530,50
2024-04-08 12:00:00,0.658530,0.658862,0.658476,0.658808,50
2024-04-08 13:00:00,0.658808,0.659420,0.658733,0.659345,50
2024-04-08 14:00:00,0.659345,0.659650,0.659200,0.659505,50
2024-04-08 15:00:00,0.659505,0.659522,0.658943,0.658961,50
2024-04-08 16:00:00,0.658961,0.659294,0.658947,0.659280,50
2024-04-08 17:00:00,0.659280,0.659412,0.658501,0.658632,50
2024-04-08 18:00:00,0.658632,0.658775,0.658091,0.658235,50
2024-04-08 19:00:00,0.658235,0.658314,0.657979,0.658058,50
2024-04-08 20:00:00,0.658058,0.658994,0.657977,0.658913,50
2024-04-08 21:00:00,0.658913,0.659266,0.658911,0.659264,50
2024-04-08 22:00:00,0.659264,0.659775,0.659128,0.659640,50
2024-04-08 23:00:00,0.659640,0.660329,0.659507,0.660197,50
2024-04-09 00:00:00,0.660197,0.660942,0.660032,0.660777,50
2024-04-09 01:00:00,0.660777,0.660895,0.660024,0.660142,50
2024-04-09 02:00:00,0.660142,0.661588,0.660033,0.661479,50
2024-04-09 03:00:00,0.661479,0.662744,0.661345,0.662610,50
2024-04-09 04:00:00,0.662610,0.662671,0.661968,0.662029,50
2024-04-09 05:00:00,0.662029,0.662130,0.662006,0.662107,50
2024-04-09 06:00:00,0.662107,0.662168,0.660836,0.660897,50
2024-04-09 07:00:00,0.660897,0.661018,0.660819,0.660940,50
2024-04-09 08:00:00,0.660940,0.661053,0.659958,0.660071,50
2024-04-09 09:00:00,0.660071,0.660147,0.659719,0.659795,50
2024-04-09 10:00:00,0.659795,0.660859,0.659746,0.660811,50
2024-04-09 11:00:00,0.660811,0.661387,0.660674,0.661250,50
2024-04-09 12:00:00,0.661250,0.661389,0.661135,0.661274,50
2024-04-09 13:00:00,0.661274,0.662029,0.661186,0.661941,50
2024-04-09 14:00:00,0.661941,0.661997,0.661538,0.661594,50
2024-04-09 15:00:00,0.661594,0.661648,0.661527,0.661581,50
2024-04-09 16:00:00,0.661581,0.661594,0.661154,0.661167,50
2024-04-09 17:00:00,0.661167,0.661254,0.659808,0.659895,50
2024-04-09 18:00:00,0.659895,0.660161,0.659839,0.660104,50
2024-04-09 19:00:00,0.660104,0.660181,0.660007,0.660083,50
2024-04-09 20:00:00,0.660083,0.660630,0.660025,0.660571,50
2024-04-09 21:00:00,0.660571,0.660721,0.660443,0.660592,50
2024-04-09 22:00:00,0.660592,0.660631,0.659977,0.660016,50
2024-04-09 23:00:00,0.660016,0.662248,0.659976,0.662208,50
2024-04-10 00:00:00,0.662208,0.662251,0.654837,0.654880,50
2024-04-10 01:00:00,0.654880,0.655138,0.648398,0.648656,50
2024-04-10 02:00:00,0.648656,0.649268,0.648113,0.648724,50
2024-04-10 03:00:00,0.648724,0.651396,0.648487,0.651158,50
2024-04-10 04:00:00,0.651158,0.656432,0.651009,0.656282,50
2024-04-10 05:00:00,0.656282,0.658041,0.655517,0.657275,50
2024-04-10 06:00:00,0.657275,0.662550,0.656418,0.661694,50
2024-04-10 07:00:00,0.661694,0.662447,0.659912,0.660665,50
2024-04-10 08:00:00,0.660665,0.661402,0.659982,0.660719,50
2024-04-10 09:00:00,0.660719,0.664519,0.660534,0.664333,50
2024-04-10 10:00:00,0.664333,0.664365,0.661643,0.661675,50
2024-04-10 11:00:00,0.661675,0.663243,0.661157,0.662725,50
2024-04-10 12:00:00,0.662725,0.664299,0.662414,0.663988,50
2024-04-10 13:00:00,0.663988,0.664448,0.662185,0.662644,50
2024-04-10 14:00:00,0.662644,0.664565,0.662545,0.664466,50
2024-04-10 15:00:00,0.664466,0.665196,0.658488,0.659217,50
2024-04-10 16:00:00,0.659217,0.659744,0.658225,0.658752,50
2024-04-10 17:00:00,0.658752,0.659110,0.656528,0.656886,50
2024-04-10 18:00:00,0.656886,0.661618,0.656368,0.661101,50
2024-04-10 19:00:00,0.661101,0.661633,0.656283,0.656816,50
2024-04-10 20:00:00,0.656816,0.658013,0.656736,0.657933,50
2024-04-10 21:00:00,0.657933,0.658380,0.653307,0.653754,50
2024-04-10 22:00:00,0.653754,0.654273,0.653291,0.653811,50
2024-04-10 23:00:00,0.653811,0.654268,0.650457,0.650915,50
2024-04-11 00:00:00,0.650915,0.651844,0.650830,0.651760,50
2024-04-11 01:00:00,0.651760,0.651969,0.651711,0.651920,50
2024-04-11 02:00:00,0.651920,0.652050,0.651786,0.651916,50
2024-04-11 03:00:00,0.651916,0.652044,0.651604,0.651732,50
2024-04-11 04:00:00,0.651732,0.652024,0.651614,0.651906,50
2024-04-11 05:00:00,0.651906,0.652467,0.651818,0.652379,50
2024-04-11 06:00:00,0.652379,0.652492,0.652094,0.652206,50
2024-04-11 07:00:00,0.652206,0.652592,0.652147,0.652533,50
2024-04-11 08:00:00,0.652533,0.652707,0.652408,0.652582,50
2024-04-11 09:00:00,0.652582,0.652662,0.651469,0.651549,50
2024-04-11 10:00:00,0.651549,0.651620,0.650530,0.650600,50
2024-04-11 11:00:00,0.650600,0.650947,0.650471,0.650819,50
2024-04-11 12:00:00,0.650819,0.651721,0.650727,0.651630,50
2024-04-11 13:00:00,0.651630,0.652150,0.651507,0.652027,50
2024-04-11 14:00:00,0.652027,0.652078,0.651484,0.651535,50
2024-04-11 15:00:00,0.651535,0.652150,0.651487,0.652102,50
2024-04-11 16:00:00,0.652102,0.652197,0.651986,0.652080,50
2024-04-11 17:00:00,0.652080,0.652686,0.651991,0.652597,50
2024-04-11 18:00:00,0.652597,0.652845,0.652529,0.652777,50
2024-04-11 19:00:00,0.652777,0.652814,0.652763,0.652800,50
2024-04-11 20:00:00,0.652800,0.652872,0.652286,0.652357,50
2024-04-11 21:00:00,0.652357,0.652466,0.651714,0.651823,50
2024-04-11 22:00:00,0.651823,0.652127,0.651741,0.652045,50
2024-04-11 23:00:00,0.652045,0.652514,0.652017,0.652486,50
2024-04-12 00:00:00,0.652486,0.652577,0.651794,0.651885,50
2024-04-12 01:00:00,0.651885,0.652895,0.651883,0.652893,50
2024-04-12 02:00:00,0.652893,0.653194,0.652665,0.652967,50
2024-04-12 03:00:00,0.652967,0.652988,0.652567,0.652588,50
2024-04-12 04:00:00,0.652588,0.653432,0.652581,0.653424,50
2024-04-12 05:00:00,0.653424,0.653539,0.652451,0.652566,50
2024-04-12 06:00:00,0.652566,0.652804,0.651791,0.652029,50
2024-04-12 07:00:00,0.652029,0.652397,0.651632,0.652000,50
2024-04-12 08:00:00,0.652000,0.652245,0.650587,0.650832,50
2024-04-12 09:00:00,0.650832,0.650998,0.650759,0.650925,50
2024-04-12 10:00:00,0.650925,0.651814,0.650717,0.651606,50
2024-04-12 11:00:00,0.651606,0.651854,0.650798,0.651046,50
2024-04-12 12:00:00,0.651046,0.651228,0.649646,0.649828,50
2024-04-12 13:00:00,0.649828,0.650107,0.648325,0.648605,50
2024-04-12 14:00:00,0.648605,0.648780,0.648229,0.648404,50
2024-04-12 15:00:00,0.648404,0.649064,0.648298,0.648958,50
2024-04-12 16:00:00,0.648958,0.649051,0.648423,0.648515,50
2024-04-12 17:00:00,0.648515,0.648823,0.648251,0.648559,50
2024-04-12 18:00:00,0.648559,0.648972,0.648495,0.648909,50
2024-04-12 19:00:00,0.648909,0.649171,0.647886,0.648149,50
2024-04-12 20:00:00,0.648149,0.648522,0.647151,0.647524,50
2024-04-12 21:00:00,0.647524,0.648245,0.647386,0.648107,50
2024-04-12 22:00:00,0.648107,0.648491,0.647738,0.648122,50
2024-04-12 23:00:00,0.648122,0.648501,0.647415,0.647794,50
2024-04-15 00:00:00,0.647794,0.647840,0.647205,0.647250,50
2024-04-15 01:00:00,0.647250,0.647590,0.647202,0.647541,50
2024-04-15 02:00:00,0.647541,0.647548,0.646917,0.646924,50
2024-04-15 03:00:00,0.646924,0.647194,0.646909,0.647180,50
2024-04-15 04:00:00,0.647180,0.647196,0.647118,0.647134,50
2024-04-15 05:00:00,0.647134,0.647683,0.647050,0.647599,50
2024-04-15 06:00:00,0.647599,0.648234,0.647492,0.648127,50
2024-04-15 07:00:00,0.648127,0.648138,0.648034,0.648044,50
2024-04-15 08:00:00,0.648044,0.648371,0.647998,0.648325,50
2024-04-15 09:00:00,0.648325,0.648418,0.647970,0.648064,50
2024-04-15 10:00:00,0.648064,0.648084,0.647756,0.647776,50
2024-04-15 11:00:00,0.647776,0.647809,0.647207,0.647240,50
2024-04-15 12:00:00,0.647240,0.647520,0.647182,0.647462,50
2024-04-15 13:00:00,0.647462,0.647475,0.647129,0.647141,50
2024-04-15 14:00:00,0.647141,0.647533,0.647118,0.647511,50
2024-04-15 15:00:00,0.647511,0.647777,0.647462,0.647728,50
2024-04-15 16:00:00,0.647728,0.647730,0.647670,0.647672,50
2024-04-15 17:00:00,0.647672,0.647854,0.647665,0.647848,50
2024-04-15 18:00:00,0.647848,0.647954,0.647468,0.647575,50
2024-04-15 19:00:00,0.647575,0.647685,0.647478,0.647589,50
2024-04-15 20:00:00,0.647589,0.647696,0.647418,0.647525,50
2024-04-15 21:00:00,0.647525,0.647594,0.647116,0.647185,50
2024-04-15 22:00:00,0.647185,0.647213,0.646490,0.646517,50
2024-04-15 23:00:00,0.646517,0.647002,0.646429,0.646914,50
2024-04-16 00:00:00,0.646914,0.647339,0.645547,0.645972,50
2024-04-16 01:00:00,0.645972,0.646339,0.643853,0.644220,50
2024-04-16 02:00:00,0.644220,0.644539,0.643193,0.643512,50
2024-04-16 03:00:00,0.643512,0.643722,0.643430,0.643640,50
2024-04-16 04:00:00,0.643640,0.643971,0.642072,0.642402,50
2024-04-16 05:00:00,0.642402,0.642420,0.642221,0.642239,50
2024-04-16 06:00:00,0.642239,0.642470,0.642031,0.642262,50
2024-04-16 07:00:00,0.642262,0.642720,0.641852,0.642311,50
2024-04-16 08:00:00,0.642311,0.642714,0.641446,0.641849,50
2024-04-16 09:00:00,0.641849,0.642999,0.641572,0.642722,50
2024-04-16 10:00:00,0.642722,0.642966,0.641022,0.641266,50
2024-04-16 11:00:00,0.641266,0.641303,0.640009,0.640045,50
2024-04-16 12:00:00,0.640045,0.641487,0.639751,0.641193,50
2024-04-16 13:00:00,0.641193,0.641786,0.641033,0.641626,50
2024-04-16 14:00:00,0.641626,0.642950,0.641483,0.642806,50
2024-04-16 15:00:00,0.642806,0.643644,0.642692,0.643530,50
2024-04-16 16:00:00,0.643530,0.644901,0.643108,0.644479,50
2024-04-16 17:00:00,0.644479,0.646802,0.644180,0.646503,50
2024-04-16 18:00:00,0.646503,0.646860,0.646423,0.646780,50
2024-04-16 19:00:00,0.646780,0.646984,0.645811,0.646016,50
2024-04-16 20:00:00,0.646016,0.648110,0.645824,0.647918,50
2024-04-16 21:00:00,0.647918,0.648338,0.647514,0.647935,50
2024-04-16 22:00:00,0.647935,0.648152,0.647842,0.648059,50
2024-04-16 23:00:00,0.648059,0.648064,0.641185,0.641190,50
2024-04-17 00:00:00,0.641190,0.641480,0.641137,0.641427,50
2024-04-17 01:00:00,0.641427,0.641538,0.641114,0.641225,50
2024-04-17 02:00:00,0.641225,0.641253,0.641017,0.641045,50
2024-04-17 03:00:00,0.641045,0.641169,0.640961,0.641086,50
2024-04-17 04:00:00,0.641086,0.641097,0.640692,0.640703,50
2024-04-17 05:00:00,0.640703,0.641408,0.640653,0.641358,50
2024-04-17 06:00:00,0.641358,0.641875,0.641250,0.641768,50
2024-04-17 07:00:00,0.641768,0.641841,0.641641,0.641714,50
2024-04-17 08:00:00,0.641714,0.641763,0.641513,0.641561,50
2024-04-17 09:00:00,0.641561,0.641889,0.641469,0.641797,50
2024-04-17 10:00:00,0.641797,0.642018,0.641699,0.641920,50
2024-04-17 11:00:00,0.641920,0.642003,0.641866,0.641949,50
2024-04-17 12:00:00,0.641949,0.642294,0.641930,0.642275,50
2024-04-17 13:00:00,0.642275,0.642367,0.640744,0.640836,50
2024-04-17 14:00:00,0.640836,0.640841,0.640571,0.640577,50
2024-04-17 15:00:00,0.640577,0.640680,0.640489,0.640592,50
2024-04-17 16:00:00,0.640592,0.641048,0.640589,0.641045,50
2024-04-17 17:00:00,0.641045,0.641374,0.640946,0.641275,50
2024-04-17 18:00:00,0.641275,0.641472,0.641199,0.641396,50
2024-04-17 19:00:00,0.641396,0.641507,0.641023,0.641135,50
2024-04-17 20:00:00,0.641135,0.642231,0.641034,0.642130,50
2024-04-17 21:00:00,0.642130,0.642309,0.642122,0.642301,50
2024-04-17 22:00:00,0.642301,0.642383,0.641987,0.642068,50
2024-04-17 23:00:00,0.642068,0.642135,0.641823,0.641890,50
2024-04-18 00:00:00,0.641890,0.642195,0.641864,0.642169,50
2024-04-18 01:00:00,0.642169,0.642291,0.642131,0.642253,50
2024-04-18 02:00:00,0.642253,0.642335,0.642107,0.642189,50
2024-04-18 03:00:00,0.642189,0.642267,0.641909,0.641987,50
2024-04-18 04:00:00,0.641987,0.642079,0.641825,0.641917,50
2024-04-18 05:00:00,0.641917,0.642019,0.641424,0.641526,50
2024-04-18 06:00:00,0.641526,0.642610,0.641461,0.642545,50
2024-04-18 07:00:00,0.642545,0.642852,0.642406,0.642712,50
2024-04-18 08:00:00,0.642712,0.642799,0.642668,0.642755,50
2024-04-18 09:00:00,0.642755,0.643172,0.642677,0.643094,50
2024-04-18 10:00:00,0.643094,0.643701,0.642955,0.643563,50
2024-04-18 11:00:00,0.643563,0.643997,0.643443,0.643878,50
2024-04-18 12:00:00,0.643878,0.644025,0.642750,0.642898,50
2024-04-18 13:00:00,0.642898,0.643208,0.642755,0.643066,50
2024-04-18 14:00:00,0.643066,0.643377,0.643019,0.643331,50
2024-04-18 15:00:00,0.643331,0.643335,0.643183,0.643187,50
2024-04-18 16:00:00,0.643187,0.643570,0.643177,0.643560,50
2024-04-18 17:00:00,0.643560,0.643656,0.643378,0.643474,50
2024-04-18 18:00:00,0.643474,0.643531,0.642932,0.642989,50
2024-04-18 19:00:00,0.642989,0.643626,0.642886,0.643524,50
2024-04-18 20:00:00,0.643524,0.644172,0.643423,0.644071,50
2024-04-18 21:00:00,0.644071,0.644137,0.643361,0.643427,50
2024-04-18 22:00:00,0.643427,0.643535,0.642762,0.642870,50
2024-04-18 23:00:00,0.642870,0.643824,0.642753,0.643708,50
2024-04-19 00:00:00,0.643708,0.643811,0.643559,0.643663,50
2024-04-19 01:00:00,0.643663,0.643790,0.643613,0.643740,50
2024-04-19 02:00:00,0.643740,0.643922,0.643629,0.643810,50
2024-04-19 03:00:00,0.643810,0.643849,0.643291,0.643330,50
2024-04-19 04:00:00,0.643330,0.644018,0.643301,0.643989,50
2024-04-19 05:00:00,0.643989,0.644061,0.643530,0.643601,50
2024-04-19 06:00:00,0.643601,0.643728,0.643494,0.643621,50
2024-04-19 07:00:00,0.643621,0.643691,0.642529,0.642598,50
2024-04-19 08:00:00,0.642598,0.643162,0.642555,0.643119,50
2024-04-19 09:00:00,0.643119,0.643197,0.642970,0.643048,50
2024-04-19 10:00:00,0.643048,0.643067,0.642374,0.642393,50
2024-04-19 11:00:00,0.642393,0.642466,0.642374,0.642447,50
2024-04-19 12:00:00,0.642447,0.642659,0.642388,0.642599,50
2024-04-19 13:00:00,0.642599,0.642689,0.642481,0.642571,50
2024-04-19 14:00:00,0.642571,0.642773,0.642456,0.642658,50
2024-04-19 15:00:00,0.642658,0.642795,0.642649,0.642786,50
2024-04-19 16:00:00,0.642786,0.642821,0.642572,0.642606,50
2024-04-19 17:00:00,0.642606,0.643325,0.642602,0.643321,50
2024-04-19 18:00:00,0.643321,0.643384,0.642979,0.643042,50
2024-04-19 19:00:00,0.643042,0.643145,0.642828,0.642931,50
2024-04-19 20:00:00,0.642931,0.643227,0.642876,0.643172,50
2024-04-19 21:00:00,0.643172,0.643258,0.642558,0.642643,50
2024-04-19 22:00:00,0.642643,0.642711,0.642323,0.642391,50
2024-04-19 23:00:00,0.642391,0.642419,0.642274,0.642302,50
2024-04-22 00:00:00,0.642302,0.642332,0.641950,0.641979,50
2024-04-22 01:00:00,0.641979,0.642130,0.641917,0.642068,50
2024-04-22 02:00:00,0.642068,0.642428,0.641949,0.642309,50
2024-04-22 03:00:00,0.642309,0.642417,0.642305,0.642413,50
2024-04-22 04:00:00,0.642413,0.642461,0.642242,0.642289,50
2024-04-22 05:00:00,0.642289,0.642604,0.642160,0.642476,50
2024-04-22 06:00:00,0.642476,0.642538,0.642422,0.642484,50
2024-04-22 07:00:00,0.642484,0.642965,0.642380,0.642861,50
2024-04-22 08:00:00,0.642861,0.643063,0.642784,0.642987,50
2024-04-22 09:00:00,0.642987,0.643173,0.642905,0.643091,50
2024-04-22 10:00:00,0.643091,0.643436,0.643067,0.643413,50
2024-04-22 11:00:00,0.643413,0.643495,0.643236,0.643318,50
2024-04-22 12:00:00,0.643318,0.643401,0.643248,0.643331,50
2024-04-22 13:00:00,0.643331,0.643418,0.643081,0.643167,50
2024-04-22 14:00:00,0.643167,0.643595,0.643099,0.643526,50
2024-04-22 15:00:00,0.643526,0.643670,0.643513,0.643657,50
2024-04-22 16:00:00,0.643657,0.643741,0.643179,0.643263,50
2024-04-22 17:00:00,0.643263,0.643592,0.643159,0.643488,50
2024-04-22 18:00:00,0.643488,0.643598,0.643024,0.643135,50
2024-04-22 19:00:00,0.643135,0.643469,0.643018,0.643352,50
2024-04-22 20:00:00,0.643352,0.643776,0.643239,0.643663,50
2024-04-22 21:00:00,0.643663,0.644061,0.643541,0.643939,50
2024-04-22 22:00:00,0.643939,0.644288,0.643888,0.644238,50
2024-04-22 23:00:00,0.644238,0.644368,0.643785,0.643915,50
2024-04-23 00:00:00,0.643915,0.648038,0.643760,0.647883,50
2024-04-23 01:00:00,0.647883,0.648067,0.647353,0.647536,50
2024-04-23 02:00:00,0.647536,0.647664,0.645344,0.645472,50
2024-04-23 03:00:00,0.645472,0.645766,0.644816,0.645110,50
2024-04-23 04:00:00,0.645110,0.645498,0.644866,0.645254,50
2024-04-23 05:00:00,0.645254,0.645436,0.644402,0.644583,50
2024-04-23 06:00:00,0.644583,0.645948,0.644519,0.645884,50
2024-04-23 07:00:00,0.645884,0.646260,0.645753,0.646129,50
2024-04-23 08:00:00,0.646129,0.646146,0.645362,0.645379,50
2024-04-23 09:00:00,0.645379,0.645702,0.645291,0.645615,50
2024-04-23 10:00:00,0.645615,0.645785,0.645304,0.645475,50
2024-04-23 11:00:00,0.645475,0.645567,0.643969,0.644061,50
2024-04-23 12:00:00,0.644061,0.644218,0.642957,0.643114,50
2024-04-23 13:00:00,0.643114,0.645540,0.642885,0.645311,50
2024-04-23 14:00:00,0.645311,0.647623,0.645070,0.647382,50
2024-04-23 15:00:00,0.647382,0.647537,0.646770,0.646925,50
2024-04-23 16:00:00,0.646925,0.646957,0.645552,0.645585,50
2024-04-23 17:00:00,0.645585,0.645767,0.645240,0.645422,50
2024-04-23 18:00:00,0.645422,0.645928,0.645255,0.645760,50
2024-04-23 19:00:00,0.645760,0.647382,0.645427,0.647049,50
2024-04-23 20:00:00,0.647049,0.647373,0.646229,0.646553,50
2024-04-23 21:00:00,0.646553,0.648500,0.646293,0.648240,50
2024-04-23 22:00:00,0.648240,0.648839,0.648123,0.648721,50
2024-04-23 23:00:00,0.648721,0.648821,0.647821,0.647920,50
2024-04-24 00:00:00,0.647920,0.647940,0.647619,0.647639,50
2024-04-24 01:00:00,0.647639,0.647766,0.647601,0.647729,50
2024-04-24 02:00:00,0.647729,0.647883,0.647697,0.647851,50
2024-04-24 03:00:00,0.647851,0.648716,0.647787,0.648652,50
2024-04-24 04:00:00,0.648652,0.648760,0.648120,0.648228,50
2024-04-24 05:00:00,0.648228,0.648993,0.648168,0.648933,50
2024-04-24 06:00:00,0.648933,0.648973,0.647837,0.647877,50
2024-04-24 07:00:00,0.647877,0.647993,0.647836,0.647952,50
2024-04-24 08:00:00,0.647952,0.648279,0.647839,0.648166,50
2024-04-24 09:00:00,0.648166,0.648616,0.648094,0.648543,50
2024-04-24 10:00:00,0.648543,0.649080,0.648543,0.649079,50
2024-04-24 11:00:00,0.649079,0.649105,0.648520,0.648546,50
2024-04-24 12:00:00,0.648546,0.648648,0.648312,0.648414,50
2024-04-24 13:00:00,0.648414,0.648464,0.648057,0.648106,50
2024-04-24 14:00:00,0.648106,0.648173,0.647833,0.647900,50
2024-04-24 15:00:00,0.647900,0.648006,0.647578,0.647683,50
2024-04-24 16:00:00,0.647683,0.647699,0.647268,0.647283,50
2024-04-24 17:00:00,0.647283,0.647799,0.647241,0.647757,50
2024-04-24 18:00:00,0.647757,0.648041,0.647740,0.648024,50
2024-04-24 19:00:00,0.648024,0.648039,0.647865,0.647880,50
2024-04-24 20:00:00,0.647880,0.648047,0.647846,0.648012,50
2024-04-24 21:00:00,0.648012,0.648383,0.647961,0.648332,50
2024-04-24 22:00:00,0.648332,0.649257,0.648305,0.649229,50
2024-04-24 23:00:00,0.649229,0.649250,0.648572,0.648593,50
2024-04-25 00:00:00,0.648593,0.649255,0.648508,0.649170,50
2024-04-25 01:00:00,0.649170,0.649253,0.649140,0.649224,50
2024-04-25 02:00:00,0.649224,0.649256,0.648890,0.648922,50
2024-04-25 03:00:00,0.648922,0.649052,0.648404,0.648534,50
2024-04-25 04:00:00,0.648534,0.648568,0.648153,0.648187,50
2024-04-25 05:00:00,0.648187,0.649879,0.648178,0.649869,50
2024-04-25 06:00:00,0.649869,0.649964,0.649863,0.649958,50
2024-04-25 07:00:00,0.649958,0.650021,0.649619,0.649683,50
2024-04-25 08:00:00,0.649683,0.649763,0.649325,0.649404,50
2024-04-25 09:00:00,0.649404,0.650042,0.649374,0.650012,50
2024-04-25 10:00:00,0.650012,0.650108,0.649574,0.649670,50
2024-04-25 11:00:00,0.649670,0.649746,0.649628,0.649705,50
2024-04-25 12:00:00,0.649705,0.649790,0.648928,0.649014,50
2024-04-25 13:00:00,0.649014,0.649478,0.648919,0.649384,50
2024-04-25 14:00:00,0.649384,0.649467,0.649264,0.649347,50
2024-04-25 15:00:00,0.649347,0.649453,0.649208,0.649315,50
2024-04-25 16:00:00,0.649315,0.649384,0.649284,0.649353,50
2024-04-25 17:00:00,0.649353,0.650072,0.649216,0.649936,50
2024-04-25 18:00:00,0.649936,0.650367,0.649877,0.650308,50
2024-04-25 19:00:00,0.650308,0.650501,0.650303,0.650496,50
2024-04-25 20:00:00,0.650496,0.650961,0.650373,0.650839,50
2024-04-25 21:00:00,0.650839,0.651147,0.650715,0.651023,50
2024-04-25 22:00:00,0.651023,0.651041,0.650526,0.650544,50
2024-04-25 23:00:00,0.650544,0.650687,0.650475,0.650618,50
2024-04-26 00:00:00,0.650618,0.651637,0.650508,0.651527,50
2024-04-26 01:00:00,0.651527,0.651891,0.651476,0.651840,50
2024-04-26 02:00:00,0.651840,0.651876,0.651668,0.651705,50
2024-04-26 03:00:00,0.651705,0.652488,0.651571,0.652354,50
2024-04-26 04:00:00,0.652354,0.652389,0.651387,0.651421,50
2024-04-26 05:00:00,0.651421,0.651997,0.651242,0.651818,50
2024-04-26 06:00:00,0.651818,0.652283,0.651658,0.652123,50
2024-04-26 07:00:00,0.652123,0.652205,0.651733,0.651814,50
2024-04-26 08:00:00,0.651814,0.651976,0.651286,0.651447,50
2024-04-26 09:00:00,0.651447,0.651572,0.650960,0.651085,50
2024-04-26 10:00:00,0.651085,0.651367,0.651044,0.651325,50
2024-04-26 11:00:00,0.651325,0.651437,0.650987,0.651099,50
2024-04-26 12:00:00,0.651099,0.651171,0.650739,0.650811,50
2024-04-26 13:00:00,0.650811,0.650861,0.650431,0.650480,50
2024-04-26 14:00:00,0.650480,0.650614,0.650051,0.650185,50
2024-04-26 15:00:00,0.650185,0.650765,0.650131,0.650711,50
2024-04-26 16:00:00,0.650711,0.651429,0.650552,0.651271,50
2024-04-26 17:00:00,0.651271,0.651701,0.651142,0.651572,50
2024-04-26 18:00:00,0.651572,0.652257,0.651488,0.652173,50
2024-04-26 19:00:00,0.652173,0.653022,0.651996,0.652846,50
2024-04-26 20:00:00,0.652846,0.652905,0.652466,0.652525,50
2024-04-26 21:00:00,0.652525,0.652892,0.652497,0.652864,50
2024-04-26 22:00:00,0.652864,0.653259,0.652822,0.653217,50
2024-04-26 23:00:00,0.653217,0.653380,0.652622,0.652784,50
2024-04-29 00:00:00,0.652784,0.653334,0.652751,0.653301,50
2024-04-29 01:00:00,0.653301,0.653333,0.652731,0.652763,50
2024-04-29 02:00:00,0.652763,0.652852,0.652242,0.652331,50
2024-04-29 03:00:00,0.652331,0.652716,0.652280,0.652665,50
2024-04-29 04:00:00,0.652665,0.653320,0.652392,0.653047,50
2024-04-29 05:00:00,0.653047,0.653124,0.652772,0.652850,50
2024-04-29 06:00:00,0.652850,0.653014,0.651874,0.652038,50
2024-04-29 07:00:00,0.652038,0.652897,0.651977,0.652835,50
2024-04-29 08:00:00,0.652835,0.653135,0.652173,0.652474,50
2024-04-29 09:00:00,0.652474,0.652558,0.652350,0.652434,50
2024-04-29 10:00:00,0.652434,0.652668,0.652266,0.652501,50
2024-04-29 11:00:00,0.652501,0.653955,0.652211,0.653665,50
2024-04-29 12:00:00,0.653665,0.653851,0.653255,0.653440,50
2024-04-29 13:00:00,0.653440,0.653755,0.653271,0.653586,50
2024-04-29 14:00:00,0.653586,0.654587,0.653558,0.654558,50
2024-04-29 15:00:00,0.654558,0.654821,0.654400,0.654662,50
2024-04-29 16:00:00,0.654662,0.654753,0.654112,0.654203,50
2024-04-29 17:00:00,0.654203,0.654544,0.654071,0.654412,50
2024-04-29 18:00:00,0.654412,0.655143,0.654220,0.654952,50
2024-04-29 19:00:00,0.654952,0.655974,0.654765,0.655787,50
2024-04-29 20:00:00,0.655787,0.656861,0.655588,0.656662,50
2024-04-29 21:00:00,0.656662,0.657293,0.656536,0.657168,50
2024-04-29 22:00:00,0.657168,0.657328,0.657051,0.657211,50
2024-04-29 23:00:00,0.657211,0.657513,0.656211,0.656513,50
2024-04-30 00:00:00,0.656513,0.656793,0.654562,0.654843,50
2024-04-30 01:00:00,0.654843,0.655980,0.654765,0.655901,50
2024-04-30 02:00:00,0.655901,0.657202,0.655615,0.656915,50
2024-04-30 03:00:00,0.656915,0.657295,0.656773,0.657153,50
2024-04-30 04:00:00,0.657153,0.657725,0.656354,0.656926,50
2024-04-30 05:00:00,0.656926,0.656993,0.656884,0.656951,50
2024-04-30 06:00:00,0.656951,0.657092,0.656198,0.656340,50
2024-04-30 07:00:00,0.656340,0.657303,0.655824,0.656788,50
2024-04-30 08:00:00,0.656788,0.657000,0.656291,0.656503,50
2024-04-30 09:00:00,0.656503,0.658041,0.656474,0.658012,50
2024-04-30 10:00:00,0.658012,0.658300,0.657588,0.657875,50
2024-04-30 11:00:00,0.657875,0.658193,0.655686,0.656004,50
2024-04-30 12:00:00,0.656004,0.657157,0.655775,0.656929,50
2024-04-30 13:00:00,0.656929,0.657404,0.653144,0.653620,50
2024-04-30 14:00:00,0.653620,0.655481,0.653276,0.655138,50
2024-04-30 15:00:00,0.655138,0.655708,0.651961,0.652531,50
2024-04-30 16:00:00,0.652531,0.653029,0.651398,0.651896,50
2024-04-30 17:00:00,0.651896,0.652347,0.650024,0.650475,50
2024-04-30 18:00:00,0.650475,0.650505,0.650256,0.650285,50
2024-04-30 19:00:00,0.650285,0.650468,0.650212,0.650395,50
2024-04-30 20:00:00,0.650395,0.650726,0.649610,0.649941,50
2024-04-30 21:00:00,0.649941,0.650288,0.649330,0.649677,50
2024-04-30 22:00:00,0.649677,0.649863,0.648961,0.649147,50
2024-04-30 23:00:00,0.649147,0.649567,0.648594,0.649013,50
2024-05-01 00:00:00,0.649013,0.649027,0.648782,0.648795,50
2024-05-01 01:00:00,0.648795,0.648865,0.648697,0.648766,50
2024-05-01 02:00:00,0.648766,0.648832,0.648588,0.648654,50
2024-05-01 03:00:00,0.648654,0.649162,0.648632,0.649140,50
2024-05-01 04:00:00,0.649140,0.649155,0.649046,0.649061,50
2024-05-01 05:00:00,0.649061,0.649071,0.648844,0.648854,50
2024-05-01 06:00:00,0.648854,0.648949,0.648685,0.648780,50
2024-05-01 07:00:00,0.648780,0.648923,0.648750,0.648893,50
2024-05-01 08:00:00,0.648893,0.648994,0.648809,0.648910,50
2024-05-01 09:00:00,0.648910,0.649124,0.648814,0.649028,50
2024-05-01 10:00:00,0.649028,0.649095,0.648954,0.649020,50
2024-05-01 11:00:00,0.649020,0.649115,0.648635,0.648729,50
2024-05-01 12:00:00,0.648729,0.648930,0.648687,0.648888,50
2024-05-01 13:00:00,0.648888,0.648892,0.648330,0.648334,50
2024-05-01 14:00:00,0.648334,0.648445,0.648331,0.648441,50
2024-05-01 15:00:00,0.648441,0.648999,0.648427,0.648985,50
2024-05-01 16:00:00,0.648985,0.649000,0.648946,0.648961,50
2024-05-01 17:00:00,0.648961,0.649233,0.648845,0.649116,50
2024-05-01 18:00:00,0.649116,0.649461,0.649108,0.649454,50
2024-05-01 19:00:00,0.649454,0.649504,0.649360,0.649411,50
2024-05-01 20:00:00,0.649411,0.649541,0.649406,0.649536,50
2024-05-01 21:00:00,0.649536,0.649568,0.649490,0.649523,50
2024-05-01 22:00:00,0.649523,0.650323,0.649473,0.650274,50
2024-05-01 23:00:00,0.650274,0.650378,0.649499,0.649604,50
2024-05-02 00:00:00,0.649604,0.650411,0.649492,0.650299,50
2024-05-02 01:00:00,0.650299,0.650658,0.649204,0.649563,50
2024-05-02 02:00:00,0.649563,0.649616,0.648530,0.648583,50
2024-05-02 03:00:00,0.648583,0.650132,0.648167,0.649716,50
2024-05-02 04:00:00,0.649716,0.649974,0.649601,0.649859,50
2024-05-02 05:00:00,0.649859,0.650556,0.649468,0.650165,50
2024-05-02 06:00:00,0.650165,0.650427,0.649965,0.650227,50
2024-05-02 07:00:00,0.650227,0.651364,0.649867,0.651003,50
2024-05-02 08:00:00,0.651003,0.651016,0.649762,0.649775,50
2024-05-02 09:00:00,0.649775,0.650485,0.649686,0.650396,50
2024-05-02 10:00:00,0.650396,0.650635,0.649950,0.650189,50
2024-05-02 11:00:00,0.650189,0.650451,0.649690,0.649953,50
2024-05-02 12:00:00,0.649953,0.650770,0.649624,0.650442,50
2024-05-02 13:00:00,0.650442,0.651822,0.650436,0.651817,50
2024-05-02 14:00:00,0.651817,0.651864,0.651313,0.651360,50
2024-05-02 15:00:00,0.651360,0.652723,0.651226,0.652590,50
2024-05-02 16:00:00,0.652590,0.654414,0.652459,0.654283,50
2024-05-02 17:00:00,0.654283,0.655403,0.654250,0.655370,50
2024-05-02 18:00:00,0.655370,0.655881,0.655217,0.655728,50
2024-05-02 19:00:00,0.655728,0.656084,0.654668,0.655024,50
2024-05-02 20:00:00,0.655024,0.655450,0.654037,0.654462,50
2024-05-02 21:00:00,0.654462,0.655123,0.654288,0.654949,50
2024-05-02 22:00:00,0.654949,0.655038,0.654863,0.654951,50
2024-05-02 23:00:00,0.654951,0.655128,0.654531,0.654707,50
2024-05-03 00:00:00,0.654707,0.657776,0.654570,0.657639,50
2024-05-03 01:00:00,0.657639,0.657974,0.655243,0.655578,50
2024-05-03 02:00:00,0.655578,0.655836,0.653820,0.654078,50
2024-05-03 03:00:00,0.654078,0.654606,0.652802,0.653330,50
2024-05-03 04:00:00,0.653330,0.654142,0.652869,0.653681,50
2024-05-03 05:00:00,0.653681,0.655924,0.653232,0.655475,50
2024-05-03 06:00:00,0.655475,0.655990,0.655241,0.655756,50
2024-05-03 07:00:00,0.655756,0.655844,0.654843,0.654930,50
2024-05-03 08:00:00,0.654930,0.655413,0.654860,0.655343,50
2024-05-03 09:00:00,0.655343,0.657052,0.654789,0.656499,50
2024-05-03 10:00:00,0.656499,0.656912,0.655587,0.656000,50
2024-05-03 11:00:00,0.656000,0.656360,0.655829,0.656189,50
2024-05-03 12:00:00,0.656189,0.656262,0.655353,0.655426,50
2024-05-03 13:00:00,0.655426,0.658174,0.655309,0.658058,50
2024-05-03 14:00:00,0.658058,0.658160,0.657418,0.657520,50
2024-05-03 15:00:00,0.657520,0.658471,0.657343,0.658293,50
2024-05-03 16:00:00,0.658293,0.661187,0.657912,0.660806,50
2024-05-03 17:00:00,0.660806,0.660895,0.659247,0.659336,50
2024-05-03 18:00:00,0.659336,0.661516,0.658818,0.660998,50
2024-05-03 19:00:00,0.660998,0.661357,0.658363,0.658722,50
2024-05-03 20:00:00,0.658722,0.660842,0.658378,0.660498,50
2024-05-03 21:00:00,0.660498,0.663225,0.660245,0.662972,50
2024-05-03 22:00:00,0.662972,0.663195,0.660781,0.661004,50
2024-05-03 23:00:00,0.661004,0.661973,0.660626,0.661594,50
2024-05-06 00:00:00,0.661594,0.661694,0.661040,0.661140,50
2024-05-06 01:00:00,0.661140,0.661302,0.661062,0.661225,50
2024-05-06 02:00:00,0.661225,0.662664,0.661146,0.662586,50
2024-05-06 03:00:00,0.662586,0.662710,0.662541,0.662665,50
2024-05-06 04:00:00,0.662665,0.662692,0.662096,0.662122,50
2024-05-06 05:00:00,0.662122,0.662388,0.662049,0.662315,50
2024-05-06 06:00:00,0.662315,0.662420,0.661403,0.661509,50
2024-05-06 07:00:00,0.661509,0.661604,0.661344,0.661440,50
2024-05-06 08:00:00,0.661440,0.661992,0.661331,0.661883,50
2024-05-06 09:00:00,0.661883,0.662454,0.661809,0.662379,50
2024-05-06 10:00:00,0.662379,0.662515,0.662374,0.662510,50
2024-05-06 11:00:00,0.662510,0.662924,0.662405,0.662819,50
2024-05-06 12:00:00,0.662819,0.662912,0.662529,0.662622,50
2024-05-06 13:00:00,0.662622,0.662651,0.662531,0.662560,50
2024-05-06 14:00:00,0.662560,0.662850,0.662511,0.662800,50
2024-05-06 15:00:00,0.662800,0.662863,0.662046,0.662109,50
2024-05-06 16:00:00,0.662109,0.662600,0.662029,0.662520,50
2024-05-06 17:00:00,0.662520,0.662529,0.662461,0.662469,50
2024-05-06 18:00:00,0.662469,0.662491,0.662359,0.662381,50
2024-05-06 19:00:00,0.662381,0.662417,0.662183,0.662218,50
2024-05-06 20:00:00,0.662218,0.662619,0.662117,0.662517,50
2024-05-06 21:00:00,0.662517,0.663050,0.662406,0.662938,50
2024-05-06 22:00:00,0.662938,0.662989,0.662508,0.662558,50
2024-05-06 23:00:00,0.662558,0.662661,0.662193,0.662296,50
2024-05-07 00:00:00,0.662296,0.662404,0.661073,0.661181,50
2024-05-07 01:00:00,0.661181,0.661338,0.661064,0.661220,50
2024-05-07 02:00:00,0.661220,0.661290,0.660813,0.660882,50
2024-05-07 03:00:00,0.660882,0.660987,0.660405,0.660510,50
2024-05-07 04:00:00,0.660510,0.661057,0.660422,0.660969,50
2024-05-07 05:00:00,0.660969,0.661643,0.660905,0.661578,50
2024-05-07 06:00:00,0.661578,0.662055,0.661490,0.661966,50
2024-05-07 07:00:00,0.661966,0.662103,0.661919,0.662056,50
2024-05-07 08:00:00,0.662056,0.662470,0.661950,0.662363,50
2024-05-07 09:00:00,0.662363,0.662466,0.661828,0.661931,50
2024-05-07 10:00:00,0.661931,0.662023,0.661865,0.661957,50
2024-05-07 11:00:00,0.661957,0.662394,0.661878,0.662315,50
2024-05-07 12:00:00,0.662315,0.662341,0.662103,0.662129,50
2024-05-07 13:00:00,0.662129,0.662360,0.662054,0.662285,50
2024-05-07 14:00:00,0.662285,0.662652,0.662226,0.662593,50
2024-05-07 15:00:00,0.662593,0.662631,0.662299,0.662336,50
2024-05-07 16:00:00,0.662336,0.662405,0.661994,0.662063,50
2024-05-07 17:00:00,0.662063,0.662315,0.661992,0.662244,50
2024-05-07 18:00:00,0.662244,0.662269,0.661874,0.661900,50
2024-05-07 19:00:00,0.661900,0.661911,0.661541,0.661553,50
2024-05-07 20:00:00,0.661553,0.661857,0.661515,0.661818,50
2024-05-07 21:00:00,0.661818,0.661850,0.661500,0.661531,50
2024-05-07 22:00:00,0.661531,0.661558,0.661428,0.661455,50
2024-05-07 23:00:00,0.661455,0.661541,0.660722,0.660808,50
2024-05-08 00:00:00,0.660808,0.660857,0.660782,0.660832,50
2024-05-08 01:00:00,0.660832,0.661012,0.660265,0.660446,50
2024-05-08 02:00:00,0.660446,0.660480,0.659550,0.659584,50
2024-05-08 03:00:00,0.659584,0.659624,0.658838,0.658877,50
2024-05-08 04:00:00,0.658877,0.659266,0.658773,0.659162,50
2024-05-08 05:00:00,0.659162,0.659299,0.658807,0.658944,50
2024-05-08 06:00:00,0.658944,0.659183,0.658790,0.659029,50
2024-05-08 07:00:00,0.659029,0.659549,0.658852,0.659373,50
2024-05-08 08:00:00,0.659373,0.660267,0.659361,0.660256,50
2024-05-08 09:00:00,0.660256,0.660778,0.660100,0.660623,50
2024-05-08 10:00:00,0.660623,0.660793,0.660494,0.660663,50
2024-05-08 11:00:00,0.660663,0.660801,0.659761,0.659898,50
2024-05-08 12:00:00,0.659898,0.659922,0.659244,0.659268,50
2024-05-08 13:00:00,0.659268,0.659430,0.658687,0.658849,50
2024-05-08 14:00:00,0.658849,0.659063,0.658781,0.658994,50
2024-05-08 15:00:00,0.658994,0.659027,0.658709,0.658742,50
2024-05-08 16:00:00,0.658742,0.658764,0.658681,0.658703,50
2024-05-08 17:00:00,0.658703,0.658846,0.658366,0.658508,50
2024-05-08 18:00:00,0.658508,0.658580,0.657968,0.658040,50
2024-05-08 19:00:00,0.658040,0.658257,0.657942,0.658158,50
2024-05-08 20:00:00,0.658158,0.658303,0.657902,0.658047,50
2024-05-08 21:00:00,0.658047,0.658321,0.658016,0.658290,50
2024-05-08 22:00:00,0.658290,0.658638,0.658197,0.658545,50
2024-05-08 23:00:00,0.658545,0.658554,0.658492,0.658501,50
2024-05-09 00:00:00,0.658501,0.658621,0.657964,0.658084,50
2024-05-09 01:00:00,0.658084,0.658374,0.657977,0.658268,50
2024-05-09 02:00:00,0.658268,0.659058,0.658189,0.658979,50
2024-05-09 03:00:00,0.658979,0.659090,0.658885,0.658996,50
2024-05-09 04:00:00,0.658996,0.659128,0.658640,0.658772,50
2024-05-09 05:00:00,0.658772,0.658871,0.658734,0.658832,50
2024-05-09 06:00:00,0.658832,0.659108,0.658692,0.658968,50
2024-05-09 07:00:00,0.658968,0.659854,0.658886,0.659772,50
2024-05-09 08:00:00,0.659772,0.659978,0.659674,0.659881,50
2024-05-09 09:00:00,0.659881,0.659950,0.659858,0.659927,50
2024-05-09 10:00:00,0.659927,0.660072,0.659253,0.659398,50
2024-05-09 11:00:00,0.659398,0.659595,0.659333,0.659529,50
2024-05-09 12:00:00,0.659529,0.659795,0.659433,0.659699,50
2024-05-09 13:00:00,0.659699,0.660345,0.659595,0.660241,50
2024-05-09 14:00:00,0.660241,0.660261,0.660144,0.660163,50
2024-05-09 15:00:00,0.660163,0.660295,0.660053,0.660185,50
2024-05-09 16:00:00,0.660185,0.660684,0.660054,0.660553,50
2024-05-09 17:00:00,0.660553,0.661019,0.660541,0.661007,50
2024-05-09 18:00:00,0.661007,0.661100,0.660853,0.660947,50
2024-05-09 19:00:00,0.660947,0.660973,0.660304,0.660331,50
2024-05-09 20:00:00,0.660331,0.660769,0.660162,0.660600,50
2024-05-09 21:00:00,0.660600,0.660614,0.660115,0.660128,50
2024-05-09 22:00:00,0.660128,0.660394,0.659983,0.660248,50
2024-05-09 23:00:00,0.660248,0.660738,0.660100,0.660589,50
2024-05-10 00:00:00,0.660589,0.661095,0.660581,0.661087,50
2024-05-10 01:00:00,0.661087,0.661117,0.661005,0.661035,50
2024-05-10 02:00:00,0.661035,0.661084,0.660807,0.660856,50
2024-05-10 03:00:00,0.660856,0.660856,0.660270,0.660270,50
2024-05-10 04:00:00,0.660270,0.660316,0.660062,0.660108,50
2024-05-10 05:00:00,0.660108,0.660521,0.659995,0.660408,50
2024-05-10 06:00:00,0.660408,0.660449,0.660028,0.660070,50
2024-05-10 07:00:00,0.660070,0.660166,0.659567,0.659664,50
2024-05-10 08:00:00,0.659664,0.659974,0.659631,0.659942,50
2024-05-10 09:00:00,0.659942,0.660980,0.659907,0.660945,50
2024-05-10 10:00:00,0.660945,0.660978,0.660028,0.660060,50
2024-05-10 11:00:00,0.660060,0.660632,0.659975,0.660547,50
2024-05-10 12:00:00,0.660547,0.661129,0.660536,0.661118,50
2024-05-10 13:00:00,0.661118,0.661228,0.660301,0.660411,50
2024-05-10 14:00:00,0.660411,0.660418,0.660330,0.660337,50
2024-05-10 15:00:00,0.660337,0.660371,0.659802,0.659836,50
2024-05-10 16:00:00,0.659836,0.660963,0.659774,0.660901,50
2024-05-10 17:00:00,0.660901,0.661754,0.660793,0.661646,50
2024-05-10 18:00:00,0.661646,0.661715,0.661027,0.661097,50
2024-05-10 19:00:00,0.661097,0.661101,0.660611,0.660615,50
2024-05-10 20:00:00,0.660615,0.661072,0.660541,0.660998,50
2024-05-10 21:00:00,0.660998,0.661034,0.660585,0.660621,50
2024-05-10 22:00:00,0.660621,0.660647,0.660337,0.660362,50
2024-05-10 23:00:00,0.660362,0.660766,0.660317,0.660720,50
2024-05-13 00:00:00,0.660720,0.660967,0.660649,0.660895,50
2024-05-13 01:00:00,0.660895,0.660993,0.660756,0.660854,50
2024-05-13 02:00:00,0.660854,0.660960,0.660285,0.660391,50
2024-05-13 03:00:00,0.660391,0.660450,0.659866,0.659925,50
2024-05-13 04:00:00,0.659925,0.660439,0.659823,0.660336,50
2024-05-13 05:00:00,0.660336,0.661098,0.660283,0.661045,50
2024-05-13 06:00:00,0.661045,0.661152,0.660859,0.660966,50
2024-05-13 07:00:00,0.660966,0.660986,0.660873,0.660893,50
2024-05-13 08:00:00,0.660893,0.661011,0.660770,0.660888,50
2024-05-13 09:00:00,0.660888,0.661594,0.660773,0.661479,50
2024-05-13 10:00:00,0.661479,0.662016,0.661368,0.661905,50
2024-05-13 11:00:00,0.661905,0.662004,0.661558,0.661656,50
2024-05-13 12:00:00,0.661656,0.661809,0.661652,0.661804,50
2024-05-13 13:00:00,0.661804,0.661853,0.661279,0.661328,50
2024-05-13 14:00:00,0.661328,0.661460,0.661268,0.661399,50
2024-05-13 15:00:00,0.661399,0.661411,0.661207,0.661219,50
2024-05-13 16:00:00,0.661219,0.661246,0.661037,0.661064,50
2024-05-13 17:00:00,0.661064,0.661297,0.661055,0.661287,50
2024-05-13 18:00:00,0.661287,0.661359,0.661190,0.661262,50
2024-05-13 19:00:00,0.661262,0.661728,0.661230,0.661695,50
2024-05-13 20:00:00,0.661695,0.661776,0.661429,0.661510,50
2024-05-13 21:00:00,0.661510,0.661962,0.661426,0.661877,50
2024-05-13 22:00:00,0.661877,0.661975,0.661637,0.661735,50
2024-05-13 23:00:00,0.661735,0.661851,0.660997,0.661113,50
2024-05-14 00:00:00,0.661113,0.661215,0.660701,0.660803,50
2024-05-14 01:00:00,0.660803,0.660874,0.660639,0.660711,50
2024-05-14 02:00:00,0.660711,0.660878,0.660649,0.660816,50
2024-05-14 03:00:00,0.660816,0.660897,0.660773,0.660855,50
2024-05-14 04:00:00,0.660855,0.661104,0.660775,0.661024,50
2024-05-14 05:00:00,0.661024,0.661054,0.660901,0.660931,50
2024-05-14 06:00:00,0.660931,0.660977,0.660783,0.660829,50
2024-05-14 07:00:00,0.660829,0.660993,0.660793,0.660956,50
2024-05-14 08:00:00,0.660956,0.661084,0.660896,0.661024,50
2024-05-14 09:00:00,0.661024,0.661057,0.660936,0.660969,50
2024-05-14 10:00:00,0.660969,0.661087,0.660775,0.660893,50
2024-05-14 11:00:00,0.660893,0.661096,0.660869,0.661072,50
2024-05-14 12:00:00,0.661072,0.661335,0.661039,0.661301,50
2024-05-14 13:00:00,0.661301,0.661344,0.661214,0.661256,50
2024-05-14 14:00:00,0.661256,0.661334,0.661256,0.661334,50
2024-05-14 15:00:00,0.661334,0.661344,0.661146,0.661156,50
2024-05-14 16:00:00,0.661156,0.661510,0.661054,0.661409,50
2024-05-14 17:00:00,0.661409,0.661615,0.661386,0.661592,50
2024-05-14 18:00:00,0.661592,0.661695,0.661535,0.661638,50
2024-05-14 19:00:00,0.661638,0.661936,0.661635,0.661933,50
2024-05-14 20:00:00,0.661933,0.662035,0.661789,0.661891,50
2024-05-14 21:00:00,0.661891,0.662785,0.661804,0.662698,50
2024-05-14 22:00:00,0.662698,0.662751,0.662300,0.662354,50
2024-05-14 23:00:00,0.662354,0.662429,0.662220,0.662296,50
2024-05-15 00:00:00,0.662296,0.665283,0.662006,0.664994,50
2024-05-15 01:00:00,0.664994,0.665310,0.664103,0.664420,50
2024-05-15 02:00:00,0.664420,0.664658,0.664175,0.664412,50
2024-05-15 03:00:00,0.664412,0.664556,0.664310,0.664453,50
2024-05-15 04:00:00,0.664453,0.664914,0.664245,0.664706,50
2024-05-15 05:00:00,0.664706,0.664787,0.663124,0.663205,50
2024-05-15 06:00:00,0.663205,0.663523,0.662817,0.663135,50
2024-05-15 07:00:00,0.663135,0.663283,0.662160,0.662308,50
2024-05-15 08:00:00,0.662308,0.662537,0.661520,0.661749,50
2024-05-15 09:00:00,0.661749,0.662085,0.660943,0.661279,50
2024-05-15 10:00:00,0.661279,0.662685,0.661118,0.662523,50
2024-05-15 11:00:00,0.662523,0.664642,0.662452,0.664572,50
2024-05-15 12:00:00,0.664572,0.664665,0.664023,0.664116,50
2024-05-15 13:00:00,0.664116,0.664927,0.663929,0.664739,50
2024-05-15 14:00:00,0.664739,0.665804,0.664428,0.665492,50
2024-05-15 15:00:00,0.665492,0.666973,0.665143,0.666624,50
2024-05-15 16:00:00,0.666624,0.668080,0.666339,0.667795,50
2024-05-15 17:00:00,0.667795,0.668127,0.667168,0.667500,50
2024-05-15 18:00:00,0.667500,0.668513,0.667382,0.668395,50
2024-05-15 19:00:00,0.668395,0.668430,0.667273,0.667308,50
2024-05-15 20:00:00,0.667308,0.667375,0.666328,0.666395,50
2024-05-15 21:00:00,0.666395,0.666680,0.665931,0.666216,50
2024-05-15 22:00:00,0.666216,0.668324,0.665930,0.668038,50
2024-05-15 23:00:00,0.668038,0.668321,0.667096,0.667379,50
2024-05-16 00:00:00,0.667379,0.667487,0.666736,0.666844,50
2024-05-16 01:00:00,0.666844,0.667069,0.666773,0.666998,50
2024-05-16 02:00:00,0.666998,0.667347,0.666913,0.667262,50
2024-05-16 03:00:00,0.667262,0.667519,0.667206,0.667463,50
2024-05-16 04:00:00,0.667463,0.667672,0.667353,0.667562,50
2024-05-16 05:00:00,0.667562,0.668113,0.667501,0.668052,50
2024-05-16 06:00:00,0.668052,0.668052,0.667627,0.667627,50
2024-05-16 07:00:00,0.667627,0.667737,0.667408,0.667518,50
2024-05-16 08:00:00,0.667518,0.667546,0.667095,0.667124,50
2024-05-16 09:00:00,0.667124,0.667837,0.667008,0.667722,50
2024-05-16 10:00:00,0.667722,0.667957,0.667659,0.667894,50
2024-05-16 11:00:00,0.667894,0.667973,0.667596,0.667674,50
2024-05-16 12:00:00,0.667674,0.667991,0.667592,0.667908,50
2024-05-16 13:00:00,0.667908,0.667958,0.667654,0.667704,50
2024-05-16 14:00:00,0.667704,0.667796,0.667159,0.667252,50
2024-05-16 15:00:00,0.667252,0.667339,0.666963,0.667050,50
2024-05-16 16:00:00,0.667050,0.667795,0.667027,0.667771,50
2024-05-16 17:00:00,0.667771,0.668297,0.667655,0.668180,50
2024-05-16 18:00:00,0.668180,0.668235,0.668003,0.668059,50
2024-05-16 19:00:00,0.668059,0.668267,0.668049,0.668257,50
2024-05-16 20:00:00,0.668257,0.668729,0.668146,0.668617,50
2024-05-16 21:00:00,0.668617,0.668657,0.668335,0.668374,50
2024-05-16 22:00:00,0.668374,0.668936,0.668288,0.668849,50
2024-05-16 23:00:00,0.668849,0.668923,0.668241,0.668315,50
2024-05-17 00:00:00,0.668315,0.668406,0.667916,0.668006,50
2024-05-17 01:00:00,0.668006,0.668162,0.667977,0.668132,50
2024-05-17 02:00:00,0.668132,0.668472,0.668056,0.668396,50
2024-05-17 03:00:00,0.668396,0.668453,0.668366,0.668423,50
2024-05-17 04:00:00,0.668423,0.668520,0.668413,0.668511,50
2024-05-17 05:00:00,0.668511,0.668726,0.668427,0.668642,50
2024-05-17 06:00:00,0.668642,0.668785,0.668602,0.668745,50
2024-05-17 07:00:00,0.668745,0.668793,0.668735,0.668783,50
2024-05-17 08:00:00,0.668783,0.668886,0.668347,0.668449,50
2024-05-17 09:00:00,0.668449,0.668830,0.668371,0.668752,50
2024-05-17 10:00:00,0.668752,0.668914,0.668657,0.668818,50
2024-05-17 11:00:00,0.668818,0.668874,0.668669,0.668725,50
2024-05-17 12:00:00,0.668725,0.669085,0.668617,0.668978,50
2024-05-17 13:00:00,0.668978,0.669495,0.668935,0.669452,50
2024-05-17 14:00:00,0.669452,0.669530,0.669214,0.669292,50
2024-05-17 15:00:00,0.669292,0.669397,0.668677,0.668782,50
2024-05-17 16:00:00,0.668782,0.668910,0.668662,0.668791,50
2024-05-17 17:00:00,0.668791,0.668820,0.668695,0.668723,50
2024-05-17 18:00:00,0.668723,0.668892,0.668647,0.668815,50
2024-05-17 19:00:00,0.668815,0.669230,0.668697,0.669112,50
2024-05-17 20:00:00,0.669112,0.669494,0.668994,0.669376,50
2024-05-17 21:00:00,0.669376,0.669395,0.669090,0.669108,50
2024-05-17 22:00:00,0.669108,0.669179,0.668439,0.668510,50
2024-05-17 23:00:00,0.668510,0.668624,0.668469,0.668583,50
2024-05-20 00:00:00,0.668583,0.668595,0.668456,0.668468,50
2024-05-20 01:00:00,0.668468,0.668850,0.668429,0.668811,50
2024-05-20 02:00:00,0.668811,0.669160,0.668700,0.669049,50
2024-05-20 03:00:00,0.669049,0.669121,0.668406,0.668478,50
2024-05-20 04:00:00,0.668478,0.668680,0.668373,0.668576,50
2024-05-20 05:00:00,0.668576,0.668669,0.667962,0.668055,50
2024-05-20 06:00:00,0.668055,0.669017,0.667951,0.668913,50
2024-05-20 07:00:00,0.668913,0.669033,0.668427,0.668546,50
2024-05-20 08:00:00,0.668546,0.668623,0.667375,0.667451,50
2024-05-20 09:00:00,0.667451,0.667459,0.667111,0.667118,50
2024-05-20 10:00:00,0.667118,0.667130,0.667035,0.667046,50
2024-05-20 11:00:00,0.667046,0.667476,0.666938,0.667368,50
2024-05-20 12:00:00,0.667368,0.668397,0.667302,0.668331,50
2024-05-20 13:00:00,0.668331,0.668451,0.667537,0.667657,50
2024-05-20 14:00:00,0.667657,0.667925,0.667582,0.667850,50
2024-05-20 15:00:00,0.667850,0.667970,0.666987,0.667107,50
2024-05-20 16:00:00,0.667107,0.667503,0.667058,0.667454,50
2024-05-20 17:00:00,0.667454,0.667662,0.667347,0.667555,50
2024-05-20 18:00:00,0.667555,0.667666,0.667451,0.667563,50
2024-05-20 19:00:00,0.667563,0.667671,0.667402,0.667510,50
2024-05-20 20:00:00,0.667510,0.667560,0.667338,0.667389,50
2024-05-20 21:00:00,0.667389,0.667745,0.667355,0.667711,50
2024-05-20 22:00:00,0.667711,0.668101,0.667628,0.668018,50
2024-05-20 23:00:00,0.668018,0.668099,0.667431,0.667512,50
2024-05-21 00:00:00,0.667512,0.667775,0.667449,0.667712,50
2024-05-21 01:00:00,0.667712,0.667744,0.667684,0.667717,50
2024-05-21 02:00:00,0.667717,0.668031,0.667654,0.667968,50
2024-05-21 03:00:00,0.667968,0.667988,0.667446,0.667466,50
2024-05-21 04:00:00,0.667466,0.667608,0.667410,0.667552,50
2024-05-21 05:00:00,0.667552,0.667598,0.667203,0.667249,50
2024-05-21 06:00:00,0.667249,0.667476,0.667217,0.667444,50
2024-05-21 07:00:00,0.667444,0.667549,0.667280,0.667385,50
2024-05-21 08:00:00,0.667385,0.667617,0.667274,0.667506,50
2024-05-21 09:00:00,0.667506,0.667577,0.666981,0.667053,50
2024-05-21 10:00:00,0.667053,0.667437,0.666958,0.667342,50
2024-05-21 11:00:00,0.667342,0.668114,0.667268,0.668040,50
2024-05-21 12:00:00,0.668040,0.668131,0.667894,0.667984,50
2024-05-21 13:00:00,0.667984,0.668014,0.667845,0.667874,50
2024-05-21 14:00:00,0.667874,0.667920,0.667842,0.667887,50
2024-05-21 15:00:00,0.667887,0.667924,0.667376,0.667413,50
2024-05-21 16:00:00,0.667413,0.667474,0.667305,0.667366,50
2024-05-21 17:00:00,0.667366,0.667428,0.667296,0.667358,50
2024-05-21 18:00:00,0.667358,0.667467,0.666796,0.666906,50
2024-05-21 19:00:00,0.666906,0.667002,0.666106,0.666203,50
2024-05-21 20:00:00,0.666203,0.666471,0.666163,0.666431,50
2024-05-21 21:00:00,0.666431,0.666476,0.666252,0.666297,50
2024-05-21 22:00:00,0.666297,0.666381,0.666121,0.666205,50
2024-05-21 23:00:00,0.666205,0.666666,0.666116,0.666578,50
2024-05-22 00:00:00,0.666578,0.667399,0.666350,0.667171,50
2024-05-22 01:00:00,0.667171,0.667200,0.666978,0.667007,50
2024-05-22 02:00:00,0.667007,0.667194,0.666564,0.666751,50
2024-05-22 03:00:00,0.666751,0.666891,0.666291,0.666432,50
2024-05-22 04:00:00,0.666432,0.666502,0.665970,0.666040,50
2024-05-22 05:00:00,0.666040,0.666211,0.665744,0.665914,50
2024-05-22 06:00:00,0.665914,0.666006,0.665321,0.665412,50
2024-05-22 07:00:00,0.665412,0.665808,0.665356,0.665752,50
2024-05-22 08:00:00,0.665752,0.666045,0.665589,0.665883,50
2024-05-22 09:00:00,0.665883,0.666048,0.665510,0.665675,50
2024-05-22 10:00:00,0.665675,0.665932,0.665481,0.665738,50
2024-05-22 11:00:00,0.665738,0.665844,0.665078,0.665183,50
2024-05-22 12:00:00,0.665183,0.665324,0.664433,0.664574,50
2024-05-22 13:00:00,0.664574,0.664863,0.664371,0.664660,50
2024-05-22 14:00:00,0.664660,0.664897,0.664456,0.664693,50
2024-05-22 15:00:00,0.664693,0.664751,0.664023,0.664081,50
2024-05-22 16:00:00,0.664081,0.664195,0.663226,0.663340,50
2024-05-22 17:00:00,0.663340,0.663457,0.663289,0.663406,50
2024-05-22 18:00:00,0.663406,0.663484,0.663393,0.663472,50
2024-05-22 19:00:00,0.663472,0.663505,0.662988,0.663021,50
2024-05-22 20:00:00,0.663021,0.663397,0.662838,0.663214,50
2024-05-22 21:00:00,0.663214,0.663581,0.663119,0.663485,50
2024-05-22 22:00:00,0.663485,0.663566,0.663368,0.663449,50
2024-05-22 23:00:00,0.663449,0.663822,0.663241,0.663614,50
2024-05-23 00:00:00,0.663614,0.664023,0.663526,0.663935,50
2024-05-23 01:00:00,0.663935,0.664205,0.663880,0.664149,50
2024-05-23 02:00:00,0.664149,0.664353,0.664052,0.664256,50
2024-05-23 03:00:00,0.664256,0.664347,0.663678,0.663769,50
2024-05-23 04:00:00,0.663769,0.664263,0.663653,0.664148,50
2024-05-23 05:00:00,0.664148,0.664237,0.664036,0.664125,50
2024-05-23 06:00:00,0.664125,0.664126,0.663435,0.663435,50
2024-05-23 07:00:00,0.663435,0.663615,0.663354,0.663534,50
2024-05-23 08:00:00,0.663534,0.663954,0.663439,0.663859,50
2024-05-23 09:00:00,0.663859,0.663946,0.663462,0.663548,50
2024-05-23 10:00:00,0.663548,0.663583,0.663496,0.663531,50
2024-05-23 11:00:00,0.663531,0.663573,0.662994,0.663036,50
2024-05-23 12:00:00,0.663036,0.663079,0.662704,0.662747,50
2024-05-23 13:00:00,0.662747,0.663067,0.662643,0.662963,50
2024-05-23 14:00:00,0.662963,0.663373,0.662884,0.663294,50
2024-05-23 15:00:00,0.663294,0.663410,0.663101,0.663217,50
2024-05-23 16:00:00,0.663217,0.663609,0.663203,0.663595,50
2024-05-23 17:00:00,0.663595,0.663656,0.663179,0.663240,50
2024-05-23 18:00:00,0.663240,0.663423,0.663138,0.663321,50
2024-05-23 19:00:00,0.663321,0.663481,0.663272,0.663432,50
2024-05-23 20:00:00,0.663432,0.663568,0.663319,0.663455,50
2024-05-23 21:00:00,0.663455,0.663521,0.662772,0.662838,50
2024-05-23 22:00:00,0.662838,0.662903,0.662413,0.662478,50
2024-05-23 23:00:00,0.662478,0.662993,0.662395,0.662910,50
2024-05-24 00:00:00,0.662910,0.662975,0.662845,0.662910,50
2024-05-24 01:00:00,0.662910,0.662935,0.662885,0.662910,50
2024-05-24 02:00:00,0.662910,0.662916,0.662904,0.662910,50
2024-05-24 03:00:00,0.662910,0.662921,0.662899,0.662910,50
2024-05-24 04:00:00,0.662910,0.663028,0.662792,0.662910,50
2024-05-24 05:00:00,0.662910,0.663001,0.662819,0.662910,50
2024-05-24 06:00:00,0.662910,0.662982,0.662838,0.662910,50
2024-05-24 07:00:00,0.662910,0.662975,0.662845,0.662910,50
2024-05-24 08:00:00,0.662910,0.663012,0.662809,0.662910,50
2024-05-24 09:00:00,0.662910,0.662923,0.662897,0.662910,50
2024-05-24 10:00:00,0.662910,0.663003,0.662817,0.662910,50
2024-05-24 11:00:00,0.662910,0.663009,0.662811,0.662910,50
2024-05-24 12:00:00,0.662910,0.662945,0.662875,0.662910,50
2024-05-24 13:00:00,0.662910,0.662997,0.662823,0.662910,50
2024-05-24 14:00:00,0.662910,0.662948,0.662872,0.662910,50
2024-05-24 15:00:00,0.662910,0.662989,0.662831,0.662910,50
2024-05-24 16:00:00,0.662910,0.662940,0.662880,0.662910,50
2024-05-24 17:00:00,0.662910,0.662934,0.662887,0.662910,50
2024-05-24 18:00:00,0.662910,0.663028,0.662793,0.662910,50
2024-05-24 19:00:00,0.662910,0.662935,0.662885,0.662910,50
2024-05-24 20:00:00,0.662910,0.662939,0.662882,0.662910,50
2024-05-24 21:00:00,0.662910,0.662941,0.662879,0.662910,50
2024-05-24 22:00:00,0.662910,0.662971,0.662850,0.662910,50
2024-05-24 23:00:00,0.662910,0.662934,0.662887,0.662910,50
2024-05-28 00:00:00,0.662910,0.663213,0.662491,0.662794,50
2024-05-28 01:00:00,0.662794,0.662916,0.662055,0.662177,50
2024-05-28 02:00:00,0.662177,0.662677,0.661966,0.662467,50
2024-05-28 03:00:00,0.662467,0.664315,0.662247,0.664095,50
2024-05-28 04:00:00,0.664095,0.664224,0.663315,0.663444,50
2024-05-28 05:00:00,0.663444,0.664666,0.663237,0.664459,50
2024-05-28 06:00:00,0.664459,0.664833,0.664282,0.664656,50
2024-05-28 07:00:00,0.664656,0.665199,0.664462,0.665006,50
2024-05-28 08:00:00,0.665006,0.666053,0.664936,0.665983,50
2024-05-28 09:00:00,0.665983,0.666263,0.665044,0.665325,50
2024-05-28 10:00:00,0.665325,0.665534,0.665036,0.665245,50
2024-05-28 11:00:00,0.665245,0.665328,0.664581,0.664664,50
2024-05-28 12:00:00,0.664664,0.665043,0.664359,0.664738,50
2024-05-28 13:00:00,0.664738,0.664764,0.664579,0.664605,50
2024-05-28 14:00:00,0.664605,0.665856,0.664440,0.665692,50
2024-05-28 15:00:00,0.665692,0.665959,0.665602,0.665869,50
2024-05-28 16:00:00,0.665869,0.666010,0.665855,0.665996,50
2024-05-28 17:00:00,0.665996,0.666278,0.665205,0.665488,50
2024-05-28 18:00:00,0.665488,0.665796,0.664898,0.665206,50
2024-05-28 19:00:00,0.665206,0.666800,0.664959,0.666552,50
2024-05-28 20:00:00,0.666552,0.667127,0.666435,0.667010,50
2024-05-28 21:00:00,0.667010,0.667190,0.665878,0.666058,50
2024-05-28 22:00:00,0.666058,0.667270,0.665813,0.667025,50
2024-05-28 23:00:00,0.667025,0.667028,0.666575,0.666578,50
2024-05-29 00:00:00,0.666578,0.667366,0.666555,0.667343,50
2024-05-29 01:00:00,0.667343,0.667503,0.666710,0.666870,50
2024-05-29 02:00:00,0.666870,0.667832,0.666551,0.667513,50
2024-05-29 03:00:00,0.667513,0.667787,0.666743,0.667017,50
2024-05-29 04:00:00,0.667017,0.667286,0.666545,0.666815,50
2024-05-29 05:00:00,0.666815,0.667146,0.666309,0.666641,50
2024-05-29 06:00:00,0.666641,0.666819,0.665117,0.665295,50
2024-05-29 07:00:00,0.665295,0.665460,0.663684,0.663849,50
2024-05-29 08:00:00,0.663849,0.664252,0.663614,0.664018,50
2024-05-29 09:00:00,0.664018,0.664108,0.663488,0.663578,50
2024-05-29 10:00:00,0.663578,0.663881,0.661985,0.662288,50
2024-05-29 11:00:00,0.662288,0.662665,0.662031,0.662409,50
2024-05-29 12:00:00,0.662409,0.663185,0.662108,0.662884,50
2024-05-29 13:00:00,0.662884,0.663228,0.662254,0.662598,50
2024-05-29 14:00:00,0.662598,0.662963,0.660899,0.661263,50
2024-05-29 15:00:00,0.661263,0.661861,0.661109,0.661707,50
2024-05-29 16:00:00,0.661707,0.661818,0.661033,0.661144,50
2024-05-29 17:00:00,0.661144,0.661632,0.660958,0.661445,50
2024-05-29 18:00:00,0.661445,0.661549,0.660862,0.660966,50
2024-05-29 19:00:00,0.660966,0.661968,0.660879,0.661882,50
2024-05-29 20:00:00,0.661882,0.664645,0.661816,0.664579,50
2024-05-29 21:00:00,0.664579,0.664969,0.664340,0.664730,50
2024-05-29 22:00:00,0.664730,0.664766,0.664286,0.664323,50
2024-05-29 23:00:00,0.664323,0.664504,0.661719,0.661901,50
2024-05-30 00:00:00,0.661901,0.661944,0.661695,0.661739,50
2024-05-30 01:00:00,0.661739,0.662220,0.661711,0.662192,50
2024-05-30 02:00:00,0.662192,0.662262,0.661510,0.661580,50
2024-05-30 03:00:00,0.661580,0.663050,0.661421,0.662891,50
2024-05-30 04:00:00,0.662891,0.664194,0.662871,0.664174,50
2024-05-30 05:00:00,0.664174,0.664287,0.662626,0.662739,50
2024-05-30 06:00:00,0.662739,0.663493,0.662561,0.663314,50
2024-05-30 07:00:00,0.663314,0.664601,0.663279,0.664565,50
2024-05-30 08:00:00,0.664565,0.664615,0.663140,0.663189,50
2024-05-30 09:00:00,0.663189,0.663274,0.662453,0.662538,50
2024-05-30 10:00:00,0.662538,0.662568,0.661850,0.661880,50
2024-05-30 11:00:00,0.661880,0.664523,0.661697,0.664341,50
2024-05-30 12:00:00,0.664341,0.664488,0.663003,0.663151,50
2024-05-30 13:00:00,0.663151,0.663892,0.663119,0.663861,50
2024-05-30 14:00:00,0.663861,0.664656,0.663848,0.664644,50
2024-05-30 15:00:00,0.664644,0.664798,0.664290,0.664444,50
2024-05-30 16:00:00,0.664444,0.664582,0.664049,0.664187,50
2024-05-30 17:00:00,0.664187,0.664252,0.662962,0.663027,50
2024-05-30 18:00:00,0.663027,0.663033,0.662765,0.662771,50
2024-05-30 19:00:00,0.662771,0.662784,0.661829,0.661842,50
2024-05-30 20:00:00,0.661842,0.661912,0.661739,0.661810,50
2024-05-30 21:00:00,0.661810,0.663495,0.661627,0.663312,50
2024-05-30 22:00:00,0.663312,0.663414,0.662417,0.662519,50
2024-05-30 23:00:00,0.662519,0.664220,0.662487,0.664187,50
2024-05-31 00:00:00,0.664187,0.665151,0.664131,0.665095,50
2024-05-31 01:00:00,0.665095,0.665144,0.664816,0.664865,50
2024-05-31 02:00:00,0.664865,0.665115,0.664768,0.665018,50
2024-05-31 03:00:00,0.665018,0.665021,0.664957,0.664960,50
2024-05-31 04:00:00,0.664960,0.664962,0.664741,0.664744,50
2024-05-31 05:00:00,0.664744,0.664827,0.664557,0.664641,50
2024-05-31 06:00:00,0.664641,0.664649,0.664631,0.664639,50
2024-05-31 07:00:00,0.664639,0.664729,0.664638,0.664728,50
2024-05-31 08:00:00,0.664728,0.664848,0.664630,0.664750,50
2024-05-31 09:00:00,0.664750,0.664843,0.664382,0.664475,50
2024-05-31 10:00:00,0.664475,0.664508,0.664100,0.664133,50
2024-05-31 11:00:00,0.664133,0.664251,0.663801,0.663919,50
2024-05-31 12:00:00,0.663919,0.663990,0.663857,0.663928,50
2024-05-31 13:00:00,0.663928,0.663929,0.663752,0.663753,50
2024-05-31 14:00:00,0.663753,0.663827,0.663523,0.663597,50
2024-05-31 15:00:00,0.663597,0.663663,0.663036,0.663103,50
2024-05-31 16:00:00,0.663103,0.663253,0.663020,0.663170,50
2024-05-31 17:00:00,0.663170,0.663212,0.663089,0.663131,50
2024-05-31 18:00:00,0.663131,0.663244,0.663067,0.663180,50
2024-05-31 19:00:00,0.663180,0.663283,0.663177,0.663280,50
2024-05-31 20:00:00,0.663280,0.663438,0.663272,0.663430,50
2024-05-31 21:00:00,0.663430,0.663575,0.663335,0.663480,50
2024-05-31 22:00:00,0.663480,0.663573,0.663229,0.663322,50
2024-05-31 23:00:00,0.663322,0.664021,0.663311,0.664011,50
2024-06-03 00:00:00,0.664011,0.664101,0.663847,0.663938,50
2024-06-03 01:00:00,0.663938,0.664087,0.663001,0.663150,50
2024-06-03 02:00:00,0.663150,0.664262,0.662947,0.664060,50
2024-06-03 03:00:00,0.664060,0.665443,0.663932,0.665315,50
2024-06-03 04:00:00,0.665315,0.665416,0.664714,0.664815,50
2024-06-03 05:00:00,0.664815,0.665140,0.663929,0.664254,50
2024-06-03 06:00:00,0.664254,0.665558,0.664170,0.665475,50
2024-06-03 07:00:00,0.665475,0.665800,0.664847,0.665173,50
2024-06-03 08:00:00,0.665173,0.665433,0.665010,0.665271,50
2024-06-03 09:00:00,0.665271,0.665704,0.665131,0.665564,50
2024-06-03 10:00:00,0.665564,0.665826,0.664943,0.665205,50
2024-06-03 11:00:00,0.665205,0.665636,0.665121,0.665552,50
2024-06-03 12:00:00,0.665552,0.666441,0.665223,0.666111,50
2024-06-03 13:00:00,0.666111,0.666894,0.666078,0.666860,50
2024-06-03 14:00:00,0.666860,0.667936,0.666510,0.667587,50
2024-06-03 15:00:00,0.667587,0.669534,0.667228,0.669176,50
2024-06-03 16:00:00,0.669176,0.669417,0.668498,0.668739,50
2024-06-03 17:00:00,0.668739,0.668965,0.668598,0.668825,50
2024-06-03 18:00:00,0.668825,0.668949,0.667832,0.667957,50
2024-06-03 19:00:00,0.667957,0.668237,0.667205,0.667485,50
2024-06-03 20:00:00,0.667485,0.667792,0.666402,0.666708,50
2024-06-03 21:00:00,0.666708,0.668047,0.666417,0.667756,50
2024-06-03 22:00:00,0.667756,0.668020,0.666147,0.666412,50
2024-06-03 23:00:00,0.666412,0.668489,0.666238,0.668315,50
2024-06-04 00:00:00,0.668315,0.668416,0.667930,0.668031,50
2024-06-04 01:00:00,0.668031,0.668243,0.666386,0.666598,50
2024-06-04 02:00:00,0.666598,0.666738,0.665822,0.665962,50
2024-06-04 03:00:00,0.665962,0.665994,0.665860,0.665891,50
2024-06-04 04:00:00,0.665891,0.666211,0.664505,0.664825,50
2024-06-04 05:00:00,0.664825,0.664995,0.664728,0.664899,50
2024-06-04 06:00:00,0.664899,0.665643,0.664615,0.665359,50
2024-06-04 07:00:00,0.665359,0.665520,0.665089,0.665250,50
2024-06-04 08:00:00,0.665250,0.665431,0.664947,0.665128,50
2024-06-04 09:00:00,0.665128,0.665213,0.664849,0.664934,50
2024-06-04 10:00:00,0.664934,0.665036,0.663796,0.663898,50
2024-06-04 11:00:00,0.663898,0.664814,0.663850,0.664766,50
2024-06-04 12:00:00,0.664766,0.664935,0.664736,0.664904,50
2024-06-04 13:00:00,0.664904,0.665393,0.664716,0.665204,50
2024-06-04 14:00:00,0.665204,0.665534,0.664361,0.664691,50
2024-06-04 15:00:00,0.664691,0.664823,0.663797,0.663929,50
2024-06-04 16:00:00,0.663929,0.665063,0.663902,0.665036,50
2024-06-04 17:00:00,0.665036,0.665305,0.664507,0.664777,50
2024-06-04 18:00:00,0.664777,0.665058,0.663239,0.663520,50
2024-06-04 19:00:00,0.663520,0.664061,0.663444,0.663985,50
2024-06-04 20:00:00,0.663985,0.664366,0.663656,0.664037,50
2024-06-04 21:00:00,0.664037,0.664276,0.663762,0.664000,50
2024-06-04 22:00:00,0.664000,0.664055,0.663670,0.663725,50
2024-06-04 23:00:00,0.663725,0.664356,0.663688,0.664319,50
2024-06-05 00:00:00,0.664319,0.664385,0.664254,0.664319,50
2024-06-05 01:00:00,0.664319,0.664321,0.664318,0.664319,50
2024-06-05 02:00:00,0.664319,0.664331,0.664307,0.664319,50
2024-06-05 03:00:00,0.664319,0.664401,0.664238,0.664319,50
2024-06-05 04:00:00,0.664319,0.664382,0.664257,0.664319,50
2024-06-05 05:00:00,0.664319,0.664402,0.664237,0.664319,50
2024-06-05 06:00:00,0.664319,0.664350,0.664289,0.664319,50
2024-06-05 07:00:00,0.664319,0.664327,0.664311,0.664319,50
2024-06-05 08:00:00,0.664319,0.664359,0.664280,0.664319,50
2024-06-05 09:00:00,0.664319,0.664351,0.664288,0.664319,50
2024-06-05 10:00:00,0.664319,0.664395,0.664244,0.664319,50
2024-06-05 11:00:00,0.664319,0.664355,0.664284,0.664319,50
2024-06-05 12:00:00,0.664319,0.664422,0.664217,0.664319,50
2024-06-05 13:00:00,0.664319,0.664376,0.664263,0.664319,50
2024-06-05 14:00:00,0.664319,0.664360,0.664278,0.664319,50
2024-06-05 15:00:00,0.664319,0.664426,0.664213,0.664319,50
2024-06-05 16:00:00,0.664319,0.664401,0.664237,0.664319,50
2024-06-05 17:00:00,0.664319,0.664417,0.664222,0.664319,50
2024-06-05 18:00:00,0.664319,0.664334,0.664304,0.664319,50
2024-06-05 19:00:00,0.664319,0.664346,0.664293,0.664319,50
2024-06-05 20:00:00,0.664319,0.664381,0.664257,0.664319,50
2024-06-05 21:00:00,0.664319,0.664349,0.664290,0.664319,50
2024-06-05 22:00:00,0.664319,0.664385,0.664254,0.664319,50
2024-06-05 23:00:00,0.664319,0.664422,0.664216,0.664319,50
2024-06-06 00:00:00,0.664319,0.664468,0.663799,0.663948,50
2024-06-06 01:00:00,0.663948,0.664383,0.663812,0.664248,50
2024-06-06 02:00:00,0.664248,0.664848,0.664241,0.664842,50
2024-06-06 03:00:00,0.664842,0.665112,0.664798,0.665068,50
2024-06-06 04:00:00,0.665068,0.665188,0.665045,0.665165,50
2024-06-06 05:00:00,0.665165,0.665279,0.665135,0.665249,50
2024-06-06 06:00:00,0.665249,0.665384,0.665190,0.665324,50
2024-06-06 07:00:00,0.665324,0.665538,0.665321,0.665535,50
2024-06-06 08:00:00,0.665535,0.665908,0.665434,0.665808,50
2024-06-06 09:00:00,0.665808,0.666040,0.665709,0.665941,50
2024-06-06 10:00:00,0.665941,0.666043,0.665565,0.665667,50
2024-06-06 11:00:00,0.665667,0.666142,0.665558,0.666033,50
2024-06-06 12:00:00,0.666033,0.666117,0.665664,0.665749,50
2024-06-06 13:00:00,0.665749,0.665817,0.665661,0.665729,50
2024-06-06 14:00:00,0.665729,0.665748,0.665624,0.665643,50
2024-06-06 15:00:00,0.665643,0.666075,0.665539,0.665972,50
2024-06-06 16:00:00,0.665972,0.666080,0.665512,0.665620,50
2024-06-06 17:00:00,0.665620,0.665954,0.665543,0.665876,50
2024-06-06 18:00:00,0.665876,0.665879,0.665733,0.665736,50
2024-06-06 19:00:00,0.665736,0.666060,0.665652,0.665976,50
2024-06-06 20:00:00,0.665976,0.666142,0.665900,0.666066,50
2024-06-06 21:00:00,0.666066,0.666590,0.666026,0.666550,50
2024-06-06 22:00:00,0.666550,0.666656,0.666387,0.666492,50
2024-06-06 23:00:00,0.666492,0.666617,0.666053,0.666178,50
2024-06-07 00:00:00,0.666178,0.667835,0.665978,0.667635,50
2024-06-07 01:00:00,0.667635,0.668242,0.665392,0.665999,50
2024-06-07 02:00:00,0.665999,0.666528,0.664959,0.665488,50
2024-06-07 03:00:00,0.665488,0.665742,0.665337,0.665592,50
2024-06-07 04:00:00,0.665592,0.666068,0.664834,0.665310,50
2024-06-07 05:00:00,0.665310,0.665602,0.664002,0.664294,50
2024-06-07 06:00:00,0.664294,0.664328,0.663875,0.663909,50
2024-06-07 07:00:00,0.663909,0.664397,0.662841,0.663329,50
2024-06-07 08:00:00,0.663329,0.663788,0.663127,0.663585,50
2024-06-07 09:00:00,0.663585,0.664156,0.662028,0.662599,50
2024-06-07 10:00:00,0.662599,0.663167,0.661095,0.661663,50
2024-06-07 11:00:00,0.661663,0.662051,0.661068,0.661456,50
2024-06-07 12:00:00,0.661456,0.662285,0.661152,0.661981,50
2024-06-07 13:00:00,0.661981,0.662505,0.659901,0.660425,50
2024-06-07 14:00:00,0.660425,0.660838,0.657022,0.657434,50
2024-06-07 15:00:00,0.657434,0.658061,0.657117,0.657744,50
2024-06-07 16:00:00,0.657744,0.658377,0.657471,0.658104,50
2024-06-07 17:00:00,0.658104,0.659107,0.658043,0.659046,50
2024-06-07 18:00:00,0.659046,0.659390,0.658482,0.658826,50
2024-06-07 19:00:00,0.658826,0.659753,0.658563,0.659490,50
2024-06-07 20:00:00,0.659490,0.660020,0.658510,0.659041,50
2024-06-07 21:00:00,0.659041,0.660071,0.659014,0.660045,50
2024-06-07 22:00:00,0.660045,0.661216,0.659859,0.661030,50
2024-06-07 23:00:00,0.661030,0.661577,0.658345,0.658892,50
2024-06-10 00:00:00,0.658892,0.659058,0.658281,0.658447,50
2024-06-10 01:00:00,0.658447,0.658829,0.658324,0.658706,50
2024-06-10 02:00:00,0.658706,0.659772,0.658562,0.659628,50
2024-06-10 03:00:00,0.659628,0.659661,0.659249,0.659282,50
2024-06-10 04:00:00,0.659282,0.659407,0.659205,0.659330,50
2024-06-10 05:00:00,0.659330,0.659883,0.659248,0.659801,50
2024-06-10 06:00:00,0.659801,0.660343,0.659681,0.660223,50
2024-06-10 07:00:00,0.660223,0.660442,0.660190,0.660409,50
2024-06-10 08:00:00,0.660409,0.660570,0.658914,0.659075,50
2024-06-10 09:00:00,0.659075,0.659223,0.658531,0.658679,50
2024-06-10 10:00:00,0.658679,0.659576,0.658653,0.659550,50
2024-06-10 11:00:00,0.659550,0.659639,0.659149,0.659239,50
2024-06-10 12:00:00,0.659239,0.659765,0.659093,0.659618,50
2024-06-10 13:00:00,0.659618,0.660113,0.659522,0.660016,50
2024-06-10 14:00:00,0.660016,0.661730,0.659843,0.661558,50
2024-06-10 15:00:00,0.661558,0.661644,0.660031,0.660118,50
2024-06-10 16:00:00,0.660118,0.660260,0.659971,0.660113,50
2024-06-10 17:00:00,0.660113,0.660567,0.660013,0.660468,50
2024-06-10 18:00:00,0.660468,0.660557,0.659978,0.660067,50
2024-06-10 19:00:00,0.660067,0.660082,0.659745,0.659759,50
2024-06-10 20:00:00,0.659759,0.659910,0.659373,0.659523,50
2024-06-10 21:00:00,0.659523,0.660166,0.659483,0.660127,50
2024-06-10 22:00:00,0.660127,0.660375,0.659983,0.660231,50
2024-06-10 23:00:00,0.660231,0.661238,0.660106,0.661113,50
2024-06-11 00:00:00,0.661113,0.661163,0.660386,0.660435,50
2024-06-11 01:00:00,0.660435,0.660521,0.660047,0.660133,50
2024-06-11 02:00:00,0.660133,0.660188,0.660029,0.660084,50
2024-06-11 03:00:00,0.660084,0.660389,0.660060,0.660364,50
2024-06-11 04:00:00,0.660364,0.660399,0.659687,0.659722,50
2024-06-11 05:00:00,0.659722,0.659803,0.659389,0.659469,50
2024-06-11 06:00:00,0.659469,0.660055,0.659353,0.659939,50
2024-06-11 07:00:00,0.659939,0.660142,0.659935,0.660138,50
2024-06-11 08:00:00,0.660138,0.660445,0.660085,0.660392,50
2024-06-11 09:00:00,0.660392,0.660479,0.660243,0.660330,50
2024-06-11 10:00:00,0.660330,0.661084,0.660232,0.660986,50
2024-06-11 11:00:00,0.660986,0.661018,0.660689,0.660722,50
2024-06-11 12:00:00,0.660722,0.661030,0.660656,0.660964,50
2024-06-11 13:00:00,0.660964,0.661057,0.660905,0.660998,50
2024-06-11 14:00:00,0.660998,0.661186,0.660905,0.661094,50
2024-06-11 15:00:00,0.661094,0.661273,0.661067,0.661246,50
2024-06-11 16:00:00,0.661246,0.661326,0.660761,0.660841,50
2024-06-11 17:00:00,0.660841,0.661108,0.660746,0.661013,50
2024-06-11 18:00:00,0.661013,0.661189,0.660923,0.661099,50
2024-06-11 19:00:00,0.661099,0.661565,0.660983,0.661449,50
2024-06-11 20:00:00,0.661449,0.661566,0.660961,0.661078,50
2024-06-11 21:00:00,0.661078,0.661163,0.660362,0.660446,50
2024-06-11 22:00:00,0.660446,0.660669,0.660429,0.660652,50
2024-06-11 23:00:00,0.660652,0.660759,0.659698,0.659805,50
2024-06-12 00:00:00,0.659805,0.667170,0.659154,0.666519,50
2024-06-12 01:00:00,0.666519,0.667539,0.665826,0.666846,50
2024-06-12 02:00:00,0.666846,0.667377,0.662950,0.663481,50
2024-06-12 03:00:00,0.663481,0.663763,0.661382,0.661663,50
2024-06-12 04:00:00,0.661663,0.662434,0.660666,0.661437,50
2024-06-12 05:00:00,0.661437,0.662040,0.658725,0.659328,50
2024-06-12 06:00:00,0.659328,0.659752,0.657320,0.657744,50
2024-06-12 07:00:00,0.657744,0.661964,0.657222,0.661442,50
2024-06-12 08:00:00,0.661442,0.661631,0.657841,0.658031,50
2024-06-12 09:00:00,0.658031,0.659449,0.657887,0.659305,50
2024-06-12 10:00:00,0.659305,0.659545,0.659152,0.659391,50
2024-06-12 11:00:00,0.659391,0.660076,0.657998,0.658682,50
2024-06-12 12:00:00,0.658682,0.662731,0.658202,0.662251,50
2024-06-12 13:00:00,0.662251,0.663044,0.661151,0.661944,50
2024-06-12 14:00:00,0.661944,0.662339,0.661780,0.662175,50
2024-06-12 15:00:00,0.662175,0.662704,0.660871,0.661400,50
2024-06-12 16:00:00,0.661400,0.662739,0.660665,0.662003,50
2024-06-12 17:00:00,0.662003,0.665184,0.661853,0.665033,50
2024-06-12 18:00:00,0.665033,0.665500,0.664991,0.665458,50
2024-06-12 19:00:00,0.665458,0.668103,0.665373,0.668018,50
2024-06-12 20:00:00,0.668018,0.672173,0.668012,0.672167,50
2024-06-12 21:00:00,0.672167,0.673013,0.668697,0.669544,50
2024-06-12 22:00:00,0.669544,0.669566,0.669230,0.669252,50
2024-06-12 23:00:00,0.669252,0.670732,0.668627,0.670107,50
2024-06-13 00:00:00,0.670107,0.670468,0.665959,0.666321,50
2024-06-13 01:00:00,0.666321,0.667745,0.666246,0.667670,50
2024-06-13 02:00:00,0.667670,0.667967,0.667459,0.667756,50
2024-06-13 03:00:00,0.667756,0.668526,0.667492,0.668262,50
2024-06-13 04:00:00,0.668262,0.670748,0.667797,0.670283,50
2024-06-13 05:00:00,0.670283,0.670424,0.668424,0.668565,50
2024-06-13 06:00:00,0.668565,0.668745,0.668190,0.668370,50
2024-06-13 07:00:00,0.668370,0.668790,0.667892,0.668312,50
2024-06-13 08:00:00,0.668312,0.671452,0.668169,0.671308,50
2024-06-13 09:00:00,0.671308,0.671807,0.670081,0.670581,50
2024-06-13 10:00:00,0.670581,0.670678,0.669095,0.669192,50
2024-06-13 11:00:00,0.669192,0.669611,0.668029,0.668447,50
2024-06-13 12:00:00,0.668447,0.668463,0.667691,0.667707,50
2024-06-13 13:00:00,0.667707,0.668118,0.667271,0.667682,50
2024-06-13 14:00:00,0.667682,0.668100,0.667310,0.667728,50
2024-06-13 15:00:00,0.667728,0.667984,0.665865,0.666122,50
2024-06-13 16:00:00,0.666122,0.666256,0.664326,0.664460,50
2024-06-13 17:00:00,0.664460,0.665596,0.664446,0.665582,50
2024-06-13 18:00:00,0.665582,0.665770,0.663093,0.663281,50
2024-06-13 19:00:00,0.663281,0.663625,0.662554,0.662897,50
2024-06-13 20:00:00,0.662897,0.663255,0.662792,0.663149,50
2024-06-13 21:00:00,0.663149,0.664140,0.662980,0.663970,50
2024-06-13 22:00:00,0.663970,0.666305,0.663524,0.665859,50
2024-06-13 23:00:00,0.665859,0.666356,0.663602,0.664099,50
2024-06-14 00:00:00,0.664099,0.664785,0.663896,0.664582,50
2024-06-14 01:00:00,0.664582,0.664733,0.664287,0.664437,50
2024-06-14 02:00:00,0.664437,0.664486,0.664074,0.664123,50
2024-06-14 03:00:00,0.664123,0.664149,0.663709,0.663736,50
2024-06-14 04:00:00,0.663736,0.663882,0.663530,0.663677,50
2024-06-14 05:00:00,0.663677,0.663766,0.663017,0.663105,50
2024-06-14 06:00:00,0.663105,0.663304,0.662598,0.662796,50
2024-06-14 07:00:00,0.662796,0.662991,0.662518,0.662713,50
2024-06-14 08:00:00,0.662713,0.662728,0.662515,0.662530,50
2024-06-14 09:00:00,0.662530,0.662972,0.662489,0.662931,50
2024-06-14 10:00:00,0.662931,0.663385,0.662729,0.663183,50
2024-06-14 11:00:00,0.663183,0.663234,0.662448,0.662498,50
2024-06-14 12:00:00,0.662498,0.662962,0.662307,0.662770,50
2024-06-14 13:00:00,0.662770,0.663240,0.662610,0.663080,50
2024-06-14 14:00:00,0.663080,0.663232,0.662784,0.662937,50
2024-06-14 15:00:00,0.662937,0.662973,0.662896,0.662932,50
2024-06-14 16:00:00,0.662932,0.662989,0.662294,0.662351,50
2024-06-14 17:00:00,0.662351,0.662966,0.662229,0.662845,50
2024-06-14 18:00:00,0.662845,0.662879,0.662395,0.662429,50
2024-06-14 19:00:00,0.662429,0.662629,0.662028,0.662228,50
2024-06-14 20:00:00,0.662228,0.662254,0.662014,0.662040,50
2024-06-14 21:00:00,0.662040,0.662232,0.661824,0.662015,50
2024-06-14 22:00:00,0.662015,0.662073,0.661496,0.661554,50
2024-06-14 23:00:00,0.661554,0.661872,0.661364,0.661682,50
2024-06-17 00:00:00,0.661682,0.661784,0.661651,0.661753,50
2024-06-17 01:00:00,0.661753,0.662083,0.661710,0.662040,50
2024-06-17 02:00:00,0.662040,0.662058,0.661880,0.661898,50
2024-06-17 03:00:00,0.661898,0.661994,0.661651,0.661747,50
2024-06-17 04:00:00,0.661747,0.661856,0.661660,0.661769,50
2024-06-17 05:00:00,0.661769,0.661879,0.661761,0.661871,50
2024-06-17 06:00:00,0.661871,0.661874,0.661427,0.661429,50
2024-06-17 07:00:00,0.661429,0.661473,0.661342,0.661386,50
2024-06-17 08:00:00,0.661386,0.661513,0.660993,0.661120,50
2024-06-17 09:00:00,0.661120,0.661404,0.660990,0.661274,50
2024-06-17 10:00:00,0.661274,0.661323,0.661044,0.661093,50
2024-06-17 11:00:00,0.661093,0.661223,0.660878,0.661007,50
2024-06-17 12:00:00,0.661007,0.661095,0.660061,0.660149,50
2024-06-17 13:00:00,0.660149,0.660264,0.659842,0.659957,50
2024-06-17 14:00:00,0.659957,0.660074,0.659747,0.659865,50
2024-06-17 15:00:00,0.659865,0.659869,0.659855,0.659859,50
2024-06-17 16:00:00,0.659859,0.660051,0.659788,0.659981,50
2024-06-17 17:00:00,0.659981,0.660122,0.659392,0.659534,50
2024-06-17 18:00:00,0.659534,0.659856,0.659441,0.659764,50
2024-06-17 19:00:00,0.659764,0.659780,0.659744,0.659760,50
2024-06-17 20:00:00,0.659760,0.660016,0.659696,0.659951,50
2024-06-17 21:00:00,0.659951,0.660534,0.659858,0.660441,50
2024-06-17 22:00:00,0.660441,0.660684,0.660300,0.660543,50
2024-06-17 23:00:00,0.660543,0.660613,0.659821,0.659892,50
2024-06-18 00:00:00,0.659892,0.660777,0.659458,0.660344,50
2024-06-18 01:00:00,0.660344,0.660952,0.659988,0.660597,50
2024-06-18 02:00:00,0.660597,0.661017,0.660121,0.660541,50
2024-06-18 03:00:00,0.660541,0.661162,0.660310,0.660932,50
2024-06-18 04:00:00,0.660932,0.661234,0.659965,0.660267,50
2024-06-18 05:00:00,0.660267,0.660587,0.658845,0.659165,50
2024-06-18 06:00:00,0.659165,0.660334,0.658763,0.659932,50
2024-06-18 07:00:00,0.659932,0.660512,0.659499,0.660080,50
2024-06-18 08:00:00,0.660080,0.660476,0.659854,0.660250,50
2024-06-18 09:00:00,0.660250,0.660509,0.659989,0.660248,50
2024-06-18 10:00:00,0.660248,0.660454,0.660114,0.660320,50
2024-06-18 11:00:00,0.660320,0.660556,0.659630,0.659866,50
2024-06-18 12:00:00,0.659866,0.660224,0.659050,0.659408,50
2024-06-18 13:00:00,0.659408,0.660555,0.659078,0.660225,50
2024-06-18 14:00:00,0.660225,0.661820,0.660037,0.661632,50
2024-06-18 15:00:00,0.661632,0.663031,0.661622,0.663021,50
2024-06-18 16:00:00,0.663021,0.663325,0.662648,0.662952,50
2024-06-18 17:00:00,0.662952,0.663532,0.662865,0.663445,50
2024-06-18 18:00:00,0.663445,0.664337,0.663093,0.663985,50
2024-06-18 19:00:00,0.663985,0.664496,0.663901,0.664412,50
2024-06-18 20:00:00,0.664412,0.665233,0.664117,0.664938,50
2024-06-18 21:00:00,0.664938,0.666440,0.664639,0.666142,50
2024-06-18 22:00:00,0.666142,0.666391,0.665896,0.666144,50
2024-06-18 23:00:00,0.666144,0.666359,0.664989,0.665203,50
2024-06-20 00:00:00,0.665203,0.665264,0.664989,0.665050,50
2024-06-20 01:00:00,0.665050,0.665578,0.664944,0.665472,50
2024-06-20 02:00:00,0.665472,0.665537,0.665118,0.665183,50
2024-06-20 03:00:00,0.665183,0.665529,0.665162,0.665508,50
2024-06-20 04:00:00,0.665508,0.665874,0.665471,0.665837,50
2024-06-20 05:00:00,0.665837,0.665886,0.665764,0.665813,50
2024-06-20 06:00:00,0.665813,0.665871,0.665511,0.665570,50
2024-06-20 07:00:00,0.665570,0.665919,0.665546,0.665895,50
2024-06-20 08:00:00,0.665895,0.666248,0.665840,0.666192,50
2024-06-20 09:00:00,0.666192,0.666487,0.666106,0.666401,50
2024-06-20 10:00:00,0.666401,0.666479,0.665693,0.665772,50
2024-06-20 11:00:00,0.665772,0.665842,0.665077,0.665147,50
2024-06-20 12:00:00,0.665147,0.665155,0.664502,0.664510,50
2024-06-20 13:00:00,0.664510,0.664547,0.664367,0.664404,50
2024-06-20 14:00:00,0.664404,0.664885,0.664384,0.664864,50
2024-06-20 15:00:00,0.664864,0.665362,0.664841,0.665339,50
2024-06-20 16:00:00,0.665339,0.665758,0.665318,0.665738,50
2024-06-20 17:00:00,0.665738,0.665923,0.665619,0.665805,50
2024-06-20 18:00:00,0.665805,0.666049,0.665770,0.666015,50
2024-06-20 19:00:00,0.666015,0.666117,0.665422,0.665524,50
2024-06-20 20:00:00,0.665524,0.665595,0.665057,0.665128,50
2024-06-20 21:00:00,0.665128,0.665208,0.665016,0.665096,50
2024-06-20 22:00:00,0.665096,0.665151,0.664862,0.664918,50
2024-06-20 23:00:00,0.664918,0.665685,0.664834,0.665602,50
2024-06-21 00:00:00,0.665602,0.665707,0.664658,0.664763,50
2024-06-21 01:00:00,0.664763,0.664844,0.664711,0.664793,50
2024-06-21 02:00:00,0.664793,0.665352,0.664784,0.665343,50
2024-06-21 03:00:00,0.665343,0.665437,0.665150,0.665244,50
2024-06-21 04:00:00,0.665244,0.665311,0.664922,0.664990,50
2024-06-21 05:00:00,0.664990,0.665062,0.664678,0.664751,50
2024-06-21 06:00:00,0.664751,0.665656,0.664740,0.665645,50
2024-06-21 07:00:00,0.665645,0.665916,0.665581,0.665852,50
2024-06-21 08:00:00,0.665852,0.666037,0.665735,0.665920,50
2024-06-21 09:00:00,0.665920,0.666036,0.665578,0.665694,50
2024-06-21 10:00:00,0.665694,0.665759,0.665128,0.665193,50
2024-06-21 11:00:00,0.665193,0.665290,0.665171,0.665268,50
2024-06-21 12:00:00,0.665268,0.665353,0.664732,0.664817,50
2024-06-21 13:00:00,0.664817,0.664939,0.664267,0.664389,50
2024-06-21 14:00:00,0.664389,0.664541,0.664273,0.664425,50
2024-06-21 15:00:00,0.664425,0.664516,0.663601,0.663692,50
2024-06-21 16:00:00,0.663692,0.663972,0.663571,0.663851,50
2024-06-21 17:00:00,0.663851,0.664296,0.663809,0.664254,50
2024-06-21 18:00:00,0.664254,0.664282,0.663994,0.664023,50
2024-06-21 19:00:00,0.664023,0.664368,0.663907,0.664253,50
2024-06-21 20:00:00,0.664253,0.664979,0.664170,0.664895,50
2024-06-21 21:00:00,0.664895,0.665009,0.664883,0.664996,50
2024-06-21 22:00:00,0.664996,0.665011,0.664735,0.664751,50
2024-06-21 23:00:00,0.664751,0.664827,0.663934,0.664011,50
2024-06-24 00:00:00,0.664011,0.664086,0.664001,0.664077,50
2024-06-24 01:00:00,0.664077,0.664135,0.663709,0.663767,50
2024-06-24 02:00:00,0.663767,0.663843,0.663634,0.663710,50
2024-06-24 03:00:00,0.663710,0.664340,0.663701,0.664331,50
2024-06-24 04:00:00,0.664331,0.664564,0.664265,0.664498,50
2024-06-24 05:00:00,0.664498,0.665195,0.664423,0.665119,50
2024-06-24 06:00:00,0.665119,0.665449,0.665010,0.665339,50
2024-06-24 07:00:00,0.665339,0.665369,0.665208,0.665237,50
2024-06-24 08:00:00,0.665237,0.665292,0.665117,0.665171,50
2024-06-24 09:00:00,0.665171,0.665263,0.664709,0.664801,50
2024-06-24 10:00:00,0.664801,0.664971,0.664779,0.664948,50
2024-06-24 11:00:00,0.664948,0.665359,0.664940,0.665351,50
2024-06-24 12:00:00,0.665351,0.665393,0.664860,0.664902,50
2024-06-24 13:00:00,0.664902,0.665247,0.664814,0.665159,50
2024-06-24 14:00:00,0.665159,0.665222,0.665005,0.665068,50
2024-06-24 15:00:00,0.665068,0.665266,0.664955,0.665153,50
2024-06-24 16:00:00,0.665153,0.665603,0.665061,0.665511,50
2024-06-24 17:00:00,0.665511,0.665753,0.665439,0.665681,50
2024-06-24 18:00:00,0.665681,0.665806,0.665438,0.665563,50
2024-06-24 19:00:00,0.665563,0.665696,0.665486,0.665618,50
2024-06-24 20:00:00,0.665618,0.665683,0.665505,0.665571,50
2024-06-24 21:00:00,0.665571,0.665839,0.665545,0.665814,50
2024-06-24 22:00:00,0.665814,0.665925,0.665613,0.665725,50
2024-06-24 23:00:00,0.665725,0.665837,0.665401,0.665513,50
2024-06-25 00:00:00,0.665513,0.665574,0.665085,0.665146,50
2024-06-25 01:00:00,0.665146,0.665192,0.664814,0.664860,50
2024-06-25 02:00:00,0.664860,0.664943,0.664748,0.664830,50
2024-06-25 03:00:00,0.664830,0.664881,0.664634,0.664685,50
2024-06-25 04:00:00,0.664685,0.664783,0.664428,0.664525,50
2024-06-25 05:00:00,0.664525,0.664601,0.664047,0.664122,50
2024-06-25 06:00:00,0.664122,0.664230,0.664054,0.664162,50
2024-06-25 07:00:00,0.664162,0.664510,0.664056,0.664404,50
2024-06-25 08:00:00,0.664404,0.664881,0.664331,0.664807,50
2024-06-25 09:00:00,0.664807,0.664834,0.664212,0.664239,50
2024-06-25 10:00:00,0.664239,0.664315,0.664015,0.664091,50
2024-06-25 11:00:00,0.664091,0.664128,0.663816,0.663854,50
2024-06-25 12:00:00,0.663854,0.664038,0.663818,0.664003,50
2024-06-25 13:00:00,0.664003,0.664403,0.664001,0.664402,50
2024-06-25 14:00:00,0.664402,0.664490,0.664079,0.664168,50
2024-06-25 15:00:00,0.664168,0.664185,0.663910,0.663927,50
2024-06-25 16:00:00,0.663927,0.664397,0.663823,0.664292,50
2024-06-25 17:00:00,0.664292,0.664300,0.664011,0.664018,50
2024-06-25 18:00:00,0.664018,0.664524,0.663910,0.664416,50
2024-06-25 19:00:00,0.664416,0.664509,0.664221,0.664314,50
2024-06-25 20:00:00,0.664314,0.664731,0.664243,0.664661,50
2024-06-25 21:00:00,0.664661,0.664719,0.664020,0.664079,50
2024-06-25 22:00:00,0.664079,0.664123,0.663974,0.664018,50
2024-06-25 23:00:00,0.664018,0.664251,0.663954,0.664187,50
2024-06-26 00:00:00,0.664187,0.664865,0.664165,0.664843,50
2024-06-26 01:00:00,0.664843,0.664888,0.664636,0.664682,50
2024-06-26 02:00:00,0.664682,0.664730,0.663809,0.663857,50
2024-06-26 03:00:00,0.663857,0.663916,0.663484,0.663543,50
2024-06-26 04:00:00,0.663543,0.663709,0.663445,0.663611,50
2024-06-26 05:00:00,0.663611,0.664314,0.663587,0.664290,50
2024-06-26 06:00:00,0.664290,0.665062,0.664225,0.664998,50
2024-06-26 07:00:00,0.664998,0.665631,0.664905,0.665538,50
2024-06-26 08:00:00,0.665538,0.665545,0.665411,0.665419,50
2024-06-26 09:00:00,0.665419,0.665445,0.664596,0.664622,50
2024-06-26 10:00:00,0.664622,0.665311,0.664521,0.665210,50
2024-06-26 11:00:00,0.665210,0.665292,0.664809,0.664890,50
2024-06-26 12:00:00,0.664890,0.664927,0.664516,0.664553,50
2024-06-26 13:00:00,0.664553,0.664599,0.664395,0.664441,50
2024-06-26 14:00:00,0.664441,0.665392,0.664347,0.665298,50
2024-06-26 15:00:00,0.665298,0.665462,0.665223,0.665387,50
2024-06-26 16:00:00,0.665387,0.665431,0.664555,0.664600,50
2024-06-26 17:00:00,0.664600,0.664690,0.663933,0.664024,50
2024-06-26 18:00:00,0.664024,0.664032,0.663835,0.663842,50
2024-06-26 19:00:00,0.663842,0.663941,0.663689,0.663787,50
2024-06-26 20:00:00,0.663787,0.664128,0.663767,0.664108,50
2024-06-26 21:00:00,0.664108,0.664665,0.664083,0.664640,50
2024-06-26 22:00:00,0.664640,0.664738,0.664525,0.664623,50
2024-06-26 23:00:00,0.664623,0.664969,0.664548,0.664894,50
2024-06-27 00:00:00,0.664894,0.665419,0.664805,0.665330,50
2024-06-27 01:00:00,0.665330,0.665712,0.665253,0.665634,50
2024-06-27 02:00:00,0.665634,0.665695,0.665486,0.665547,50
2024-06-27 03:00:00,0.665547,0.665705,0.665507,0.665665,50
2024-06-27 04:00:00,0.665665,0.665862,0.665650,0.665847,50
2024-06-27 05:00:00,0.665847,0.665965,0.665680,0.665799,50
2024-06-27 06:00:00,0.665799,0.665810,0.665638,0.665649,50
2024-06-27 07:00:00,0.665649,0.665685,0.665374,0.665410,50
2024-06-27 08:00:00,0.665410,0.665677,0.665298,0.665565,50
2024-06-27 09:00:00,0.665565,0.665575,0.665130,0.665140,50
2024-06-27 10:00:00,0.665140,0.665183,0.664809,0.664851,50
2024-06-27 11:00:00,0.664851,0.664970,0.664476,0.664595,50
2024-06-27 12:00:00,0.664595,0.664678,0.664509,0.664592,50
2024-06-27 13:00:00,0.664592,0.664620,0.664150,0.664178,50
2024-06-27 14:00:00,0.664178,0.664202,0.664061,0.664084,50
2024-06-27 15:00:00,0.664084,0.664412,0.663984,0.664311,50
2024-06-27 16:00:00,0.664311,0.664399,0.664166,0.664254,50
2024-06-27 17:00:00,0.664254,0.664353,0.664233,0.664332,50
2024-06-27 18:00:00,0.664332,0.664471,0.664234,0.664373,50
2024-06-27 19:00:00,0.664373,0.664434,0.663847,0.663907,50
2024-06-27 20:00:00,0.663907,0.664019,0.663741,0.663852,50
2024-06-27 21:00:00,0.663852,0.664164,0.663738,0.664049,50
2024-06-27 22:00:00,0.664049,0.664614,0.663972,0.664536,50
2024-06-27 23:00:00,0.664536,0.664894,0.664447,0.664805,50
2024-06-28 00:00:00,0.664805,0.665407,0.664697,0.665299,50
2024-06-28 01:00:00,0.665299,0.665319,0.664765,0.664785,50
2024-06-28 02:00:00,0.664785,0.665017,0.664520,0.664753,50
2024-06-28 03:00:00,0.664753,0.664873,0.664727,0.664847,50
2024-06-28 04:00:00,0.664847,0.665023,0.664802,0.664978,50
2024-06-28 05:00:00,0.664978,0.665127,0.664359,0.664508,50
2024-06-28 06:00:00,0.664508,0.664677,0.664059,0.664228,50
2024-06-28 07:00:00,0.664228,0.664729,0.663992,0.664493,50
2024-06-28 08:00:00,0.664493,0.664901,0.664301,0.664709,50
2024-06-28 09:00:00,0.664709,0.665738,0.664598,0.665627,50
2024-06-28 10:00:00,0.665627,0.666076,0.665455,0.665903,50
2024-06-28 11:00:00,0.665903,0.665952,0.665785,0.665834,50
2024-06-28 12:00:00,0.665834,0.666146,0.665818,0.666130,50
2024-06-28 13:00:00,0.666130,0.666353,0.665910,0.666132,50
2024-06-28 14:00:00,0.666132,0.666221,0.666058,0.666147,50
2024-06-28 15:00:00,0.666147,0.666496,0.666084,0.666432,50
2024-06-28 16:00:00,0.666432,0.666980,0.666199,0.666746,50
2024-06-28 17:00:00,0.666746,0.667326,0.666668,0.667248,50
2024-06-28 18:00:00,0.667248,0.667890,0.667055,0.667697,50
2024-06-28 19:00:00,0.667697,0.667915,0.667606,0.667825,50
2024-06-28 20:00:00,0.667825,0.668303,0.667789,0.668268,50
2024-06-28 21:00:00,0.668268,0.668354,0.668137,0.668224,50
2024-06-28 22:00:00,0.668224,0.668429,0.667873,0.668078,50
2024-06-28 23:00:00,0.668078,0.668088,0.667681,0.667690,50
2024-07-01 00:00:00,0.667690,0.667848,0.666407,0.666564,50
2024-07-01 01:00:00,0.666564,0.666825,0.666421,0.666682,50
2024-07-01 02:00:00,0.666682,0.666796,0.665843,0.665957,50
2024-07-01 03:00:00,0.665957,0.666284,0.665851,0.666178,50
2024-07-01 04:00:00,0.666178,0.666290,0.666065,0.666177,50
2024-07-01 05:00:00,0.666177,0.666631,0.666006,0.666459,50
2024-07-01 06:00:00,0.666459,0.666964,0.666293,0.666797,50
2024-07-01 07:00:00,0.666797,0.667045,0.666781,0.667029,50
2024-07-01 08:00:00,0.667029,0.667836,0.666974,0.667781,50
2024-07-01 09:00:00,0.667781,0.668231,0.667658,0.668108,50
2024-07-01 10:00:00,0.668108,0.668203,0.667147,0.667242,50
2024-07-01 11:00:00,0.667242,0.667363,0.666428,0.666548,50
2024-07-01 12:00:00,0.666548,0.666819,0.666530,0.666800,50
2024-07-01 13:00:00,0.666800,0.667211,0.666784,0.667195,50
2024-07-01 14:00:00,0.667195,0.667302,0.666907,0.667013,50
2024-07-01 15:00:00,0.667013,0.667028,0.666782,0.666797,50
2024-07-01 16:00:00,0.666797,0.666863,0.665976,0.666042,50
2024-07-01 17:00:00,0.666042,0.666162,0.665692,0.665811,50
2024-07-01 18:00:00,0.665811,0.666195,0.665719,0.666103,50
2024-07-01 19:00:00,0.666103,0.666257,0.665880,0.666035,50
2024-07-01 20:00:00,0.666035,0.666159,0.665410,0.665534,50
2024-07-01 21:00:00,0.665534,0.665561,0.665157,0.665184,50
2024-07-01 22:00:00,0.665184,0.665304,0.665101,0.665221,50
2024-07-01 23:00:00,0.665221,0.665710,0.665113,0.665602,50
2024-07-02 00:00:00,0.665602,0.666198,0.665537,0.666133,50
2024-07-02 01:00:00,0.666133,0.666422,0.666059,0.666348,50
2024-07-02 02:00:00,0.666348,0.666454,0.666089,0.666196,50
2024-07-02 03:00:00,0.666196,0.666250,0.666121,0.666176,50
2024-07-02 04:00:00,0.666176,0.666735,0.666082,0.666641,50
2024-07-02 05:00:00,0.666641,0.666704,0.666540,0.666603,50
2024-07-02 06:00:00,0.666603,0.666681,0.666059,0.666137,50
2024-07-02 07:00:00,0.666137,0.666776,0.666117,0.666756,50
2024-07-02 08:00:00,0.666756,0.666764,0.665899,0.665907,50
2024-07-02 09:00:00,0.665907,0.666439,0.665798,0.666330,50
2024-07-02 10:00:00,0.666330,0.666607,0.666243,0.666520,50
2024-07-02 11:00:00,0.666520,0.666580,0.665540,0.665601,50
2024-07-02 12:00:00,0.665601,0.665900,0.665483,0.665782,50
2024-07-02 13:00:00,0.665782,0.665840,0.665159,0.665217,50
2024-07-02 14:00:00,0.665217,0.665244,0.665045,0.665072,50
2024-07-02 15:00:00,0.665072,0.666464,0.664984,0.666376,50
2024-07-02 16:00:00,0.666376,0.666491,0.665887,0.666002,50
2024-07-02 17:00:00,0.666002,0.666005,0.665416,0.665420,50
2024-07-02 18:00:00,0.665420,0.666134,0.665382,0.666096,50
2024-07-02 19:00:00,0.666096,0.666194,0.665151,0.665249,50
2024-07-02 20:00:00,0.665249,0.665276,0.665132,0.665159,50
2024-07-02 21:00:00,0.665159,0.665257,0.664661,0.664758,50
2024-07-02 22:00:00,0.664758,0.665600,0.664682,0.665524,50
2024-07-02 23:00:00,0.665524,0.666021,0.665414,0.665912,50
2024-07-03 00:00:00,0.665912,0.666190,0.664435,0.664713,50
2024-07-03 01:00:00,0.664713,0.665596,0.664430,0.665313,50
2024-07-03 02:00:00,0.665313,0.665763,0.665298,0.665748,50
2024-07-03 03:00:00,0.665748,0.666735,0.665401,0.666387,50
2024-07-03 04:00:00,0.666387,0.666548,0.665350,0.665511,50
2024-07-03 05:00:00,0.665511,0.667524,0.665364,0.667377,50
2024-07-03 06:00:00,0.667377,0.668393,0.666920,0.667935,50
2024-07-03 07:00:00,0.667935,0.668234,0.667175,0.667473,50
2024-07-03 08:00:00,0.667473,0.668538,0.667269,0.668333,50
2024-07-03 09:00:00,0.668333,0.671084,0.667879,0.670629,50
2024-07-03 10:00:00,0.670629,0.671632,0.670618,0.671620,50
2024-07-03 11:00:00,0.671620,0.671915,0.670746,0.671041,50
2024-07-03 12:00:00,0.671041,0.672050,0.670710,0.671718,50
2024-07-03 13:00:00,0.671718,0.671953,0.671106,0.671341,50
2024-07-03 14:00:00,0.671341,0.671695,0.670766,0.671120,50
2024-07-03 15:00:00,0.671120,0.671258,0.668931,0.669069,50
2024-07-03 16:00:00,0.669069,0.669356,0.668802,0.669089,50
2024-07-03 17:00:00,0.669089,0.670596,0.668777,0.670283,50
2024-07-03 18:00:00,0.670283,0.670513,0.670240,0.670470,50
2024-07-03 19:00:00,0.670470,0.671384,0.670213,0.671127,50
2024-07-03 20:00:00,0.671127,0.673369,0.670865,0.673107,50
2024-07-03 21:00:00,0.673107,0.673213,0.671886,0.671992,50
2024-07-03 22:00:00,0.671992,0.672356,0.670848,0.671212,50
2024-07-03 23:00:00,0.671212,0.671920,0.671200,0.671908,50
2024-07-05 00:00:00,0.671908,0.672248,0.671757,0.672097,50
2024-07-05 01:00:00,0.672097,0.672292,0.671764,0.671959,50
2024-07-05 02:00:00,0.671959,0.672750,0.671786,0.672577,50
2024-07-05 03:00:00,0.672577,0.672680,0.672157,0.672260,50
2024-07-05 04:00:00,0.672260,0.672752,0.672186,0.672678,50
2024-07-05 05:00:00,0.672678,0.672873,0.672486,0.672682,50
2024-07-05 06:00:00,0.672682,0.673108,0.672522,0.672948,50
2024-07-05 07:00:00,0.672948,0.673441,0.672861,0.673354,50
2024-07-05 08:00:00,0.673354,0.673693,0.673168,0.673507,50
2024-07-05 09:00:00,0.673507,0.674084,0.673400,0.673978,50
2024-07-05 10:00:00,0.673978,0.674175,0.673323,0.673520,50
2024-07-05 11:00:00,0.673520,0.674128,0.673502,0.674110,50
2024-07-05 12:00:00,0.674110,0.674216,0.673479,0.673585,50
2024-07-05 13:00:00,0.673585,0.674105,0.673467,0.673986,50
2024-07-05 14:00:00,0.673986,0.674113,0.673454,0.673581,50
2024-07-05 15:00:00,0.673581,0.673590,0.673097,0.673106,50
2024-07-05 16:00:00,0.673106,0.673628,0.672965,0.673488,50
2024-07-05 17:00:00,0.673488,0.673618,0.673321,0.673451,50
2024-07-05 18:00:00,0.673451,0.673832,0.673355,0.673737,50
2024-07-05 19:00:00,0.673737,0.674324,0.673651,0.674239,50
2024-07-05 20:00:00,0.674239,0.674573,0.674120,0.674454,50
2024-07-05 21:00:00,0.674454,0.674571,0.673948,0.674066,50
2024-07-05 22:00:00,0.674066,0.674301,0.674055,0.674290,50
2024-07-05 23:00:00,0.674290,0.674420,0.674179,0.674309,50
2024-07-08 00:00:00,0.674309,0.675018,0.674199,0.674908,50
2024-07-08 01:00:00,0.674908,0.675234,0.674881,0.675206,50
2024-07-08 02:00:00,0.675206,0.675303,0.674439,0.674535,50
2024-07-08 03:00:00,0.674535,0.674614,0.674172,0.674250,50
2024-07-08 04:00:00,0.674250,0.674741,0.674236,0.674727,50
2024-07-08 05:00:00,0.674727,0.674767,0.674275,0.674315,50
2024-07-08 06:00:00,0.674315,0.674422,0.673910,0.674017,50
2024-07-08 07:00:00,0.674017,0.674136,0.673241,0.673360,50
2024-07-08 08:00:00,0.673360,0.673798,0.673318,0.673757,50
2024-07-08 09:00:00,0.673757,0.674317,0.673646,0.674206,50
2024-07-08 10:00:00,0.674206,0.675158,0.674143,0.675096,50
2024-07-08 11:00:00,0.675096,0.675211,0.675048,0.675163,50
2024-07-08 12:00:00,0.675163,0.675244,0.675004,0.675085,50
2024-07-08 13:00:00,0.675085,0.675121,0.674690,0.674727,50
2024-07-08 14:00:00,0.674727,0.674968,0.674632,0.674874,50
2024-07-08 15:00:00,0.674874,0.674970,0.674156,0.674252,50
2024-07-08 16:00:00,0.674252,0.674339,0.674083,0.674170,50
2024-07-08 17:00:00,0.674170,0.674241,0.673510,0.673582,50
2024-07-08 18:00:00,0.673582,0.673633,0.673132,0.673184,50
2024-07-08 19:00:00,0.673184,0.674194,0.673072,0.674082,50
2024-07-08 20:00:00,0.674082,0.674088,0.673894,0.673900,50
2024-07-08 21:00:00,0.673900,0.673934,0.673576,0.673609,50
2024-07-08 22:00:00,0.673609,0.673732,0.673538,0.673661,50
2024-07-08 23:00:00,0.673661,0.674182,0.673561,0.674082,50
2024-07-09 00:00:00,0.674082,0.674887,0.674011,0.674816,50
2024-07-09 01:00:00,0.674816,0.674836,0.674513,0.674532,50
2024-07-09 02:00:00,0.674532,0.674589,0.674133,0.674190,50
2024-07-09 03:00:00,0.674190,0.674237,0.674053,0.674101,50
2024-07-09 04:00:00,0.674101,0.674183,0.673548,0.673631,50
2024-07-09 05:00:00,0.673631,0.674144,0.673510,0.674023,50
2024-07-09 06:00:00,0.674023,0.674103,0.673907,0.673987,50
2024-07-09 07:00:00,0.673987,0.674123,0.673975,0.674110,50
2024-07-09 08:00:00,0.674110,0.674226,0.673974,0.674090,50
2024-07-09 09:00:00,0.674090,0.674160,0.673855,0.673925,50
2024-07-09 10:00:00,0.673925,0.674096,0.673841,0.674013,50
2024-07-09 11:00:00,0.674013,0.674278,0.673952,0.674217,50
2024-07-09 12:00:00,0.674217,0.674305,0.673716,0.673804,50
2024-07-09 13:00:00,0.673804,0.673902,0.673681,0.673779,50
2024-07-09 14:00:00,0.673779,0.673823,0.673247,0.673291,50
2024-07-09 15:00:00,0.673291,0.673326,0.672890,0.672925,50
2024-07-09 16:00:00,0.672925,0.672989,0.672844,0.672909,50
2024-07-09 17:00:00,0.672909,0.672939,0.672859,0.672889,50
2024-07-09 18:00:00,0.672889,0.673354,0.672789,0.673254,50
2024-07-09 19:00:00,0.673254,0.673828,0.673150,0.673724,50
2024-07-09 20:00:00,0.673724,0.673862,0.673695,0.673833,50
2024-07-09 21:00:00,0.673833,0.673930,0.673778,0.673876,50
2024-07-09 22:00:00,0.673876,0.674020,0.673816,0.673961,50
2024-07-09 23:00:00,0.673961,0.674002,0.673677,0.673718,50
2024-07-10 00:00:00,0.673718,0.673860,0.673683,0.673825,50
2024-07-10 01:00:00,0.673825,0.673852,0.673499,0.673526,50
2024-07-10 02:00:00,0.673526,0.674092,0.673418,0.673985,50
2024-07-10 03:00:00,0.673985,0.674074,0.673518,0.673608,50
2024-07-10 04:00:00,0.673608,0.673644,0.673216,0.673252,50
2024-07-10 05:00:00,0.673252,0.673304,0.673155,0.673206,50
2024-07-10 06:00:00,0.673206,0.673411,0.673171,0.673376,50
2024-07-10 07:00:00,0.673376,0.673495,0.673182,0.673300,50
2024-07-10 08:00:00,0.673300,0.673896,0.673243,0.673839,50
2024-07-10 09:00:00,0.673839,0.674107,0.673757,0.674025,50
2024-07-10 10:00:00,0.674025,0.674124,0.673800,0.673899,50
2024-07-10 11:00:00,0.673899,0.673957,0.673815,0.673873,50
2024-07-10 12:00:00,0.673873,0.673980,0.673818,0.673926,50
2024-07-10 13:00:00,0.673926,0.674150,0.673837,0.674061,50
2024-07-10 14:00:00,0.674061,0.674485,0.674006,0.674430,50
2024-07-10 15:00:00,0.674430,0.674487,0.674399,0.674456,50
2024-07-10 16:00:00,0.674456,0.674724,0.674421,0.674690,50
2024-07-10 17:00:00,0.674690,0.675296,0.674624,0.675230,50
2024-07-10 18:00:00,0.675230,0.675312,0.674760,0.674841,50
2024-07-10 19:00:00,0.674841,0.674925,0.674640,0.674724,50
2024-07-10 20:00:00,0.674724,0.674814,0.674635,0.674725,50
2024-07-10 21:00:00,0.674725,0.674823,0.674539,0.674637,50
2024-07-10 22:00:00,0.674637,0.674784,0.674564,0.674711,50
2024-07-10 23:00:00,0.674711,0.674766,0.674663,0.674718,50
2024-07-11 00:00:00,0.674718,0.676694,0.674695,0.676670,50
2024-07-11 01:00:00,0.676670,0.676857,0.676275,0.676462,50
2024-07-11 02:00:00,0.676462,0.676599,0.674223,0.674360,50
2024-07-11 03:00:00,0.674360,0.674438,0.674065,0.674142,50
2024-07-11 04:00:00,0.674142,0.675647,0.674006,0.675510,50
2024-07-11 05:00:00,0.675510,0.676097,0.675387,0.675974,50
2024-07-11 06:00:00,0.675974,0.676944,0.675964,0.676934,50
2024-07-11 07:00:00,0.676934,0.677167,0.675970,0.676204,50
2024-07-11 08:00:00,0.676204,0.676287,0.674880,0.674964,50
2024-07-11 09:00:00,0.674964,0.675064,0.674498,0.674599,50
2024-07-11 10:00:00,0.674599,0.675948,0.674434,0.675783,50
2024-07-11 11:00:00,0.675783,0.676562,0.675645,0.676424,50
2024-07-11 12:00:00,0.676424,0.676794,0.676197,0.676567,50
2024-07-11 13:00:00,0.676567,0.677918,0.676381,0.677732,50
2024-07-11 14:00:00,0.677732,0.677844,0.676983,0.677095,50
2024-07-11 15:00:00,0.677095,0.677291,0.676059,0.676256,50
2024-07-11 16:00:00,0.676256,0.676444,0.674821,0.675009,50
2024-07-11 17:00:00,0.675009,0.675162,0.674489,0.674642,50
2024-07-11 18:00:00,0.674642,0.676931,0.674560,0.676849,50
2024-07-11 19:00:00,0.676849,0.676928,0.675719,0.675797,50
2024-07-11 20:00:00,0.675797,0.675798,0.675357,0.675357,50
2024-07-11 21:00:00,0.675357,0.675437,0.674222,0.674301,50
2024-07-11 22:00:00,0.674301,0.677269,0.674079,0.677046,50
2024-07-11 23:00:00,0.677046,0.677749,0.676896,0.677599,50
2024-07-12 00:00:00,0.677599,0.677720,0.677056,0.677178,50
2024-07-12 01:00:00,0.677178,0.677744,0.677071,0.677636,50
2024-07-12 02:00:00,0.677636,0.677741,0.677626,0.677731,50
2024-07-12 03:00:00,0.677731,0.678490,0.677698,0.678457,50
2024-07-12 04:00:00,0.678457,0.678540,0.678403,0.678486,50
2024-07-12 05:00:00,0.678486,0.679146,0.678393,0.679052,50
2024-07-12 06:00:00,0.679052,0.679074,0.678717,0.678738,50
2024-07-12 07:00:00,0.678738,0.679202,0.678671,0.679135,50
2024-07-12 08:00:00,0.679135,0.679287,0.679063,0.679215,50
2024-07-12 09:00:00,0.679215,0.679226,0.678655,0.678666,50
2024-07-12 10:00:00,0.678666,0.678722,0.678509,0.678565,50
2024-07-12 11:00:00,0.678565,0.678638,0.678527,0.678600,50
2024-07-12 12:00:00,0.678600,0.678712,0.678441,0.678553,50
2024-07-12 13:00:00,0.678553,0.678582,0.678516,0.678546,50
2024-07-12 14:00:00,0.678546,0.679162,0.678437,0.679054,50
2024-07-12 15:00:00,0.679054,0.679085,0.678097,0.678127,50
2024-07-12 16:00:00,0.678127,0.678174,0.677617,0.677663,50
2024-07-12 17:00:00,0.677663,0.677821,0.677554,0.677712,50
2024-07-12 18:00:00,0.677712,0.678021,0.677624,0.677932,50
2024-07-12 19:00:00,0.677932,0.678551,0.677849,0.678467,50
2024-07-12 20:00:00,0.678467,0.679240,0.678386,0.679158,50
2024-07-12 21:00:00,0.679158,0.679238,0.678948,0.679027,50
2024-07-12 22:00:00,0.679027,0.679094,0.678591,0.678658,50
2024-07-12 23:00:00,0.678658,0.678807,0.678646,0.678794,50
2024-07-15 00:00:00,0.678794,0.679075,0.678682,0.678962,50
2024-07-15 01:00:00,0.678962,0.679016,0.678883,0.678937,50
2024-07-15 02:00:00,0.678937,0.679049,0.678870,0.678982,50
2024-07-15 03:00:00,0.678982,0.679081,0.678892,0.678990,50
2024-07-15 04:00:00,0.678990,0.679396,0.678899,0.679305,50
2024-07-15 05:00:00,0.679305,0.679338,0.679258,0.679291,50
2024-07-15 06:00:00,0.679291,0.679373,0.679185,0.679268,50
2024-07-15 07:00:00,0.679268,0.679363,0.678845,0.678940,50
2024-07-15 08:00:00,0.678940,0.678978,0.678601,0.678640,50
2024-07-15 09:00:00,0.678640,0.679000,0.678580,0.678940,50
2024-07-15 10:00:00,0.678940,0.678958,0.678800,0.678818,50
2024-07-15 11:00:00,0.678818,0.679199,0.678716,0.679096,50
2024-07-15 12:00:00,0.679096,0.679339,0.679041,0.679283,50
2024-07-15 13:00:00,0.679283,0.679309,0.678872,0.678898,50
2024-07-15 14:00:00,0.678898,0.678929,0.678110,0.678141,50
2024-07-15 15:00:00,0.678141,0.678161,0.677824,0.677843,50
2024-07-15 16:00:00,0.677843,0.677990,0.677740,0.677886,50
2024-07-15 17:00:00,0.677886,0.677888,0.677712,0.677713,50
2024-07-15 18:00:00,0.677713,0.677764,0.677705,0.677755,50
2024-07-15 19:00:00,0.677755,0.677794,0.677719,0.677758,50
2024-07-15 20:00:00,0.677758,0.677835,0.677430,0.677506,50
2024-07-15 21:00:00,0.677506,0.677527,0.677251,0.677272,50
2024-07-15 22:00:00,0.677272,0.677707,0.677152,0.677587,50
2024-07-15 23:00:00,0.677587,0.677853,0.677516,0.677782,50
2024-07-16 00:00:00,0.677782,0.678706,0.677621,0.678545,50
2024-07-16 01:00:00,0.678545,0.678892,0.677174,0.677521,50
2024-07-16 02:00:00,0.677521,0.677771,0.676392,0.676642,50
2024-07-16 03:00:00,0.676642,0.677922,0.676359,0.677639,50
2024-07-16 04:00:00,0.677639,0.678020,0.677496,0.677877,50
2024-07-16 05:00:00,0.677877,0.678123,0.676576,0.676821,50
2024-07-16 06:00:00,0.676821,0.676945,0.676628,0.676752,50
2024-07-16 07:00:00,0.676752,0.676955,0.676527,0.676730,50
2024-07-16 08:00:00,0.676730,0.677573,0.676318,0.677161,50
2024-07-16 09:00:00,0.677161,0.677495,0.676434,0.676768,50
2024-07-16 10:00:00,0.676768,0.676800,0.675177,0.675209,50
2024-07-16 11:00:00,0.675209,0.675622,0.674197,0.674609,50
2024-07-16 12:00:00,0.674609,0.675027,0.673614,0.674032,50
2024-07-16 13:00:00,0.674032,0.674364,0.672980,0.673312,50
2024-07-16 14:00:00,0.673312,0.673488,0.672681,0.672856,50
2024-07-16 15:00:00,0.672856,0.673740,0.672545,0.673429,50
2024-07-16 16:00:00,0.673429,0.674169,0.673289,0.674029,50
2024-07-16 17:00:00,0.674029,0.674613,0.673663,0.674247,50
2024-07-16 18:00:00,0.674247,0.674413,0.672601,0.672767,50
2024-07-16 19:00:00,0.672767,0.672900,0.671952,0.672085,50
2024-07-16 20:00:00,0.672085,0.672364,0.671815,0.672094,50
2024-07-16 21:00:00,0.672094,0.672463,0.671264,0.671633,50
2024-07-16 22:00:00,0.671633,0.672378,0.671235,0.671980,50
2024-07-16 23:00:00,0.671980,0.672930,0.671635,0.672585,50
2024-07-17 00:00:00,0.672585,0.672623,0.672376,0.672414,50
2024-07-17 01:00:00,0.672414,0.672471,0.672205,0.672262,50
2024-07-17 02:00:00,0.672262,0.672442,0.672168,0.672349,50
2024-07-17 03:00:00,0.672349,0.672367,0.671728,0.671747,50
2024-07-17 04:00:00,0.671747,0.671830,0.671606,0.671689,50
2024-07-17 05:00:00,0.671689,0.672194,0.671602,0.672107,50
2024-07-17 06:00:00,0.672107,0.672489,0.672031,0.672413,50
2024-07-17 07:00:00,0.672413,0.672428,0.672217,0.672232,50
2024-07-17 08:00:00,0.672232,0.672288,0.671940,0.671996,50
2024-07-17 09:00:00,0.671996,0.672120,0.671952,0.672075,50
2024-07-17 10:00:00,0.672075,0.672781,0.672073,0.672778,50
2024-07-17 11:00:00,0.672778,0.672872,0.672441,0.672535,50
2024-07-17 12:00:00,0.672535,0.673312,0.672442,0.673219,50
2024-07-17 13:00:00,0.673219,0.673290,0.673183,0.673254,50
2024-07-17 14:00:00,0.673254,0.673374,0.672668,0.672788,50
2024-07-17 15:00:00,0.672788,0.672806,0.672787,0.672805,50
2024-07-17 16:00:00,0.672805,0.673033,0.672721,0.672949,50
2024-07-17 17:00:00,0.672949,0.673425,0.672868,0.673344,50
2024-07-17 18:00:00,0.673344,0.673390,0.673220,0.673266,50
2024-07-17 19:00:00,0.673266,0.673808,0.673166,0.673708,50
2024-07-17 20:00:00,0.673708,0.673795,0.673549,0.673637,50
2024-07-17 21:00:00,0.673637,0.673662,0.673142,0.673168,50
2024-07-17 22:00:00,0.673168,0.673176,0.672846,0.672854,50
2024-07-17 23:00:00,0.672854,0.672864,0.672801,0.672812,50
2024-07-18 00:00:00,0.672812,0.672931,0.672211,0.672331,50
2024-07-18 01:00:00,0.672331,0.672395,0.672116,0.672181,50
2024-07-18 02:00:00,0.672181,0.672401,0.672096,0.672316,50
2024-07-18 03:00:00,0.672316,0.672363,0.671864,0.671911,50
2024-07-18 04:00:00,0.671911,0.671962,0.671812,0.671863,50
2024-07-18 05:00:00,0.671863,0.671878,0.671675,0.671690,50
2024-07-18 06:00:00,0.671690,0.672331,0.671673,0.672315,50
2024-07-18 07:00:00,0.672315,0.672634,0.672206,0.672525,50
2024-07-18 08:00:00,0.672525,0.673190,0.672436,0.673101,50
2024-07-18 09:00:00,0.673101,0.673643,0.673015,0.673558,50
2024-07-18 10:00:00,0.673558,0.673558,0.673502,0.673503,50
2024-07-18 11:00:00,0.673503,0.673603,0.672891,0.672991,50
2024-07-18 12:00:00,0.672991,0.673110,0.672542,0.672661,50
2024-07-18 13:00:00,0.672661,0.672684,0.672445,0.672468,50
2024-07-18 14:00:00,0.672468,0.672501,0.672090,0.672123,50
2024-07-18 15:00:00,0.672123,0.672163,0.671834,0.671875,50
2024-07-18 16:00:00,0.671875,0.672688,0.671858,0.672672,50
2024-07-18 17:00:00,0.672672,0.672724,0.672015,0.672067,50
2024-07-18 18:00:00,0.672067,0.672192,0.672034,0.672160,50
2024-07-18 19:00:00,0.672160,0.673154,0.672055,0.673049,50
2024-07-18 20:00:00,0.673049,0.673569,0.672980,0.673500,50
2024-07-18 21:00:00,0.673500,0.673606,0.673073,0.673179,50
2024-07-18 22:00:00,0.673179,0.673729,0.673158,0.673707,50
2024-07-18 23:00:00,0.673707,0.673745,0.672548,0.672585,50
2024-07-19 00:00:00,0.672585,0.672703,0.670742,0.670859,50
2024-07-19 01:00:00,0.670859,0.671066,0.669628,0.669835,50
2024-07-19 02:00:00,0.669835,0.670387,0.669583,0.670135,50
2024-07-19 03:00:00,0.670135,0.671145,0.669943,0.670953,50
2024-07-19 04:00:00,0.670953,0.672136,0.670943,0.672126,50
2024-07-19 05:00:00,0.672126,0.672158,0.671874,0.671907,50
2024-07-19 06:00:00,0.671907,0.673486,0.671645,0.673225,50
2024-07-19 07:00:00,0.673225,0.673452,0.672577,0.672804,50
2024-07-19 08:00:00,0.672804,0.673291,0.672658,0.673145,50
2024-07-19 09:00:00,0.673145,0.673341,0.671845,0.672041,50
2024-07-19 10:00:00,0.672041,0.672523,0.671799,0.672281,50
2024-07-19 11:00:00,0.672281,0.672371,0.672034,0.672124,50
2024-07-19 12:00:00,0.672124,0.672877,0.672053,0.672806,50
2024-07-19 13:00:00,0.672806,0.672935,0.671928,0.672056,50
2024-07-19 14:00:00,0.672056,0.672068,0.671692,0.671704,50
2024-07-19 15:00:00,0.671704,0.671967,0.671022,0.671286,50
2024-07-19 16:00:00,0.671286,0.671376,0.670818,0.670908,50
2024-07-19 17:00:00,0.670908,0.671127,0.670224,0.670443,50
2024-07-19 18:00:00,0.670443,0.670713,0.670278,0.670548,50
2024-07-19 19:00:00,0.670548,0.670780,0.670330,0.670562,50
2024-07-19 20:00:00,0.670562,0.670605,0.669754,0.669798,50
2024-07-19 21:00:00,0.669798,0.669897,0.668650,0.668750,50
2024-07-19 22:00:00,0.668750,0.668892,0.668608,0.668750,50
2024-07-19 23:00:00,0.668750,0.669548,0.668591,0.669389,50
2024-07-22 00:00:00,0.669389,0.669572,0.666662,0.666846,50
2024-07-22 01:00:00,0.666846,0.666938,0.665690,0.665782,50
2024-07-22 02:00:00,0.665782,0.667459,0.665422,0.667098,50
2024-07-22 03:00:00,0.667098,0.667457,0.666316,0.666675,50
2024-07-22 04:00:00,0.666675,0.667773,0.666305,0.667403,50
2024-07-22 05:00:00,0.667403,0.667633,0.667060,0.667289,50
2024-07-22 06:00:00,0.667289,0.667292,0.667179,0.667181,50
2024-07-22 07:00:00,0.667181,0.669161,0.666941,0.668921,50
2024-07-22 08:00:00,0.668921,0.669579,0.668700,0.669358,50
2024-07-22 09:00:00,0.669358,0.670596,0.669253,0.670491,50
2024-07-22 10:00:00,0.670491,0.670823,0.667823,0.668155,50
2024-07-22 11:00:00,0.668155,0.668364,0.666600,0.666809,50
2024-07-22 12:00:00,0.666809,0.667188,0.666204,0.666582,50
2024-07-22 13:00:00,0.666582,0.666686,0.663979,0.664083,50
2024-07-22 14:00:00,0.664083,0.664453,0.662406,0.662776,50
2024-07-22 15:00:00,0.662776,0.664500,0.662711,0.664436,50
2024-07-22 16:00:00,0.664436,0.667547,0.664224,0.667335,50
2024-07-22 17:00:00,0.667335,0.668492,0.667262,0.668419,50
2024-07-22 18:00:00,0.668419,0.668827,0.666250,0.666658,50
2024-07-22 19:00:00,0.666658,0.668016,0.666260,0.667618,50
2024-07-22 20:00:00,0.667618,0.668323,0.667487,0.668191,50
2024-07-22 21:00:00,0.668191,0.668396,0.667576,0.667781,50
2024-07-22 22:00:00,0.667781,0.668003,0.665666,0.665888,50
2024-07-22 23:00:00,0.665888,0.666248,0.663519,0.663878,50
2024-07-23 00:00:00,0.663878,0.663947,0.662195,0.662264,50
2024-07-23 01:00:00,0.662264,0.662440,0.662191,0.662366,50
2024-07-23 02:00:00,0.662366,0.662619,0.662351,0.662603,50
2024-07-23 03:00:00,0.662603,0.663010,0.662509,0.662916,50
2024-07-23 04:00:00,0.662916,0.663163,0.662765,0.663012,50
2024-07-23 05:00:00,0.663012,0.663105,0.662529,0.662622,50
2024-07-23 06:00:00,0.662622,0.662669,0.661542,0.661589,50
2024-07-23 07:00:00,0.661589,0.661670,0.661424,0.661506,50
2024-07-23 08:00:00,0.661506,0.662709,0.661431,0.662634,50
2024-07-23 09:00:00,0.662634,0.663244,0.662592,0.663202,50
2024-07-23 10:00:00,0.663202,0.664350,0.663058,0.664206,50
2024-07-23 11:00:00,0.664206,0.664373,0.664107,0.664274,50
2024-07-23 12:00:00,0.664274,0.664385,0.663839,0.663949,50
2024-07-23 13:00:00,0.663949,0.663956,0.663644,0.663651,50
2024-07-23 14:00:00,0.663651,0.663728,0.663245,0.663322,50
2024-07-23 15:00:00,0.663322,0.663490,0.663314,0.663482,50
2024-07-23 16:00:00,0.663482,0.663595,0.662382,0.662494,50
2024-07-23 17:00:00,0.662494,0.662502,0.661848,0.661855,50
2024-07-23 18:00:00,0.661855,0.662253,0.661728,0.662126,50
2024-07-23 19:00:00,0.662126,0.662366,0.662057,0.662298,50
2024-07-23 20:00:00,0.662298,0.662420,0.661718,0.661840,50
2024-07-23 21:00:00,0.661840,0.661924,0.661666,0.661750,50
2024-07-23 22:00:00,0.661750,0.661876,0.661400,0.661525,50
2024-07-23 23:00:00,0.661525,0.662057,0.661370,0.661901,50
2024-07-24 00:00:00,0.661901,0.662313,0.661773,0.662185,50
2024-07-24 01:00:00,0.662185,0.662341,0.662129,0.662285,50
2024-07-24 02:00:00,0.662285,0.662387,0.660875,0.660977,50
2024-07-24 03:00:00,0.660977,0.661166,0.660916,0.661105,50
2024-07-24 04:00:00,0.661105,0.661154,0.661012,0.661062,50
2024-07-24 05:00:00,0.661062,0.661149,0.660039,0.660127,50
2024-07-24 06:00:00,0.660127,0.660237,0.659485,0.659594,50
2024-07-24 07:00:00,0.659594,0.659941,0.659451,0.659798,50
2024-07-24 08:00:00,0.659798,0.660692,0.659679,0.660574,50
2024-07-24 09:00:00,0.660574,0.660996,0.660542,0.660965,50
2024-07-24 10:00:00,0.660965,0.661215,0.660865,0.661116,50
2024-07-24 11:00:00,0.661116,0.661989,0.660999,0.661872,50
2024-07-24 12:00:00,0.661872,0.662017,0.661431,0.661576,50
2024-07-24 13:00:00,0.661576,0.661640,0.660211,0.660275,50
2024-07-24 14:00:00,0.660275,0.660561,0.660224,0.660511,50
2024-07-24 15:00:00,0.660511,0.660755,0.660501,0.660746,50
2024-07-24 16:00:00,0.660746,0.660788,0.660692,0.660735,50
2024-07-24 17:00:00,0.660735,0.660820,0.660522,0.660607,50
2024-07-24 18:00:00,0.660607,0.661006,0.660567,0.660965,50
2024-07-24 19:00:00,0.660965,0.661002,0.659902,0.659939,50
2024-07-24 20:00:00,0.659939,0.660077,0.659648,0.659786,50
2024-07-24 21:00:00,0.659786,0.660174,0.659747,0.660136,50
2024-07-24 22:00:00,0.660136,0.660254,0.659903,0.660022,50
2024-07-24 23:00:00,0.660022,0.660032,0.659969,0.659979,50
2024-07-25 00:00:00,0.659979,0.660120,0.659859,0.660000,50
2024-07-25 01:00:00,0.660000,0.660241,0.659448,0.659690,50
2024-07-25 02:00:00,0.659690,0.659818,0.656872,0.657001,50
2024-07-25 03:00:00,0.657001,0.659145,0.656998,0.659143,50
2024-07-25 04:00:00,0.659143,0.660519,0.658790,0.660165,50
2024-07-25 05:00:00,0.660165,0.660240,0.659243,0.659318,50
2024-07-25 06:00:00,0.659318,0.659409,0.659141,0.659232,50
2024-07-25 07:00:00,0.659232,0.659296,0.658046,0.658111,50
2024-07-25 08:00:00,0.658111,0.659301,0.658108,0.659298,50
2024-07-25 09:00:00,0.659298,0.659451,0.657217,0.657369,50
2024-07-25 10:00:00,0.657369,0.658688,0.657026,0.658344,50
2024-07-25 11:00:00,0.658344,0.658599,0.657134,0.657389,50
2024-07-25 12:00:00,0.657389,0.657598,0.657141,0.657350,50
2024-07-25 13:00:00,0.657350,0.658730,0.657212,0.658593,50
2024-07-25 14:00:00,0.658593,0.658771,0.655585,0.655764,50
2024-07-25 15:00:00,0.655764,0.655948,0.655642,0.655827,50
2024-07-25 16:00:00,0.655827,0.658217,0.655730,0.658120,50
2024-07-25 17:00:00,0.658120,0.659193,0.657915,0.658987,50
2024-07-25 18:00:00,0.658987,0.658989,0.658597,0.658599,50
2024-07-25 19:00:00,0.658599,0.660059,0.658271,0.659731,50
2024-07-25 20:00:00,0.659731,0.659867,0.658056,0.658192,50
2024-07-25 21:00:00,0.658192,0.658454,0.657086,0.657347,50
2024-07-25 22:00:00,0.657347,0.657726,0.655452,0.655831,50
2024-07-25 23:00:00,0.655831,0.656064,0.654946,0.655179,50
2024-07-26 00:00:00,0.655179,0.655203,0.654429,0.654453,50
2024-07-26 01:00:00,0.654453,0.655242,0.654394,0.655183,50
2024-07-26 02:00:00,0.655183,0.655472,0.655145,0.655434,50
2024-07-26 03:00:00,0.655434,0.655992,0.655433,0.655991,50
2024-07-26 04:00:00,0.655991,0.656094,0.655836,0.655939,50
2024-07-26 05:00:00,0.655939,0.656034,0.655607,0.655702,50
2024-07-26 06:00:00,0.655702,0.656024,0.655651,0.655972,50
2024-07-26 07:00:00,0.655972,0.656058,0.655770,0.655856,50
2024-07-26 08:00:00,0.655856,0.656377,0.655769,0.656290,50
2024-07-26 09:00:00,0.656290,0.656368,0.655826,0.655904,50
2024-07-26 10:00:00,0.655904,0.656132,0.655810,0.656038,50
2024-07-26 11:00:00,0.656038,0.656098,0.655134,0.655194,50
2024-07-26 12:00:00,0.655194,0.655233,0.654919,0.654958,50
2024-07-26 13:00:00,0.654958,0.655041,0.654917,0.654999,50
2024-07-26 14:00:00,0.654999,0.655715,0.654911,0.655626,50
2024-07-26 15:00:00,0.655626,0.655635,0.655621,0.655630,50
2024-07-26 16:00:00,0.655630,0.655635,0.655547,0.655552,50
2024-07-26 17:00:00,0.655552,0.655749,0.655490,0.655687,50
2024-07-26 18:00:00,0.655687,0.656412,0.655666,0.656391,50
2024-07-26 19:00:00,0.656391,0.656421,0.656073,0.656103,50
2024-07-26 20:00:00,0.656103,0.656174,0.655937,0.656008,50
2024-07-26 21:00:00,0.656008,0.656160,0.655952,0.656105,50
2024-07-26 22:00:00,0.656105,0.656502,0.656024,0.656420,50
2024-07-26 23:00:00,0.656420,0.656523,0.655592,0.655695,50
2024-07-29 00:00:00,0.655695,0.655782,0.655578,0.655666,50
2024-07-29 01:00:00,0.655666,0.655726,0.655496,0.655556,50
2024-07-29 02:00:00,0.655556,0.655813,0.655442,0.655699,50
2024-07-29 03:00:00,0.655699,0.655902,0.655596,0.655799,50
2024-07-29 04:00:00,0.655799,0.656046,0.655660,0.655907,50
2024-07-29 05:00:00,0.655907,0.656151,0.655794,0.656038,50
2024-07-29 06:00:00,0.656038,0.656071,0.655937,0.655970,50
2024-07-29 07:00:00,0.655970,0.656115,0.655880,0.656025,50
2024-07-29 08:00:00,0.656025,0.656084,0.655642,0.655702,50
2024-07-29 09:00:00,0.655702,0.655844,0.655645,0.655788,50
2024-07-29 10:00:00,0.655788,0.655822,0.655591,0.655625,50
2024-07-29 11:00:00,0.655625,0.655646,0.655515,0.655535,50
2024-07-29 12:00:00,0.655535,0.655593,0.655191,0.655248,50
2024-07-29 13:00:00,0.655248,0.655411,0.655244,0.655407,50
2024-07-29 14:00:00,0.655407,0.655471,0.655112,0.655176,50
2024-07-29 15:00:00,0.655176,0.655294,0.654498,0.654616,50
2024-07-29 16:00:00,0.654616,0.654718,0.654303,0.654405,50
2024-07-29 17:00:00,0.654405,0.654498,0.654268,0.654362,50
2024-07-29 18:00:00,0.654362,0.654412,0.654143,0.654193,50
2024-07-29 19:00:00,0.654193,0.654212,0.653905,0.653923,50
2024-07-29 20:00:00,0.653923,0.654019,0.653805,0.653900,50
2024-07-29 21:00:00,0.653900,0.653957,0.653580,0.653636,50
2024-07-29 22:00:00,0.653636,0.653925,0.653558,0.653847,50
2024-07-29 23:00:00,0.653847,0.654015,0.653811,0.653979,50
2024-07-30 00:00:00,0.653979,0.654647,0.653879,0.654547,50
2024-07-30 01:00:00,0.654547,0.654876,0.654460,0.654789,50
2024-07-30 02:00:00,0.654789,0.654904,0.654666,0.654781,50
2024-07-30 03:00:00,0.654781,0.654811,0.654780,0.654810,50
2024-07-30 04:00:00,0.654810,0.654852,0.654376,0.654418,50
2024-07-30 05:00:00,0.654418,0.654440,0.654167,0.654190,50
2024-07-30 06:00:00,0.654190,0.654488,0.654096,0.654394,50
2024-07-30 07:00:00,0.654394,0.654475,0.654177,0.654257,50
2024-07-30 08:00:00,0.654257,0.654258,0.653632,0.653633,50
2024-07-30 09:00:00,0.653633,0.653716,0.652960,0.653042,50
2024-07-30 10:00:00,0.653042,0.653589,0.652939,0.653486,50
2024-07-30 11:00:00,0.653486,0.653507,0.653363,0.653384,50
2024-07-30 12:00:00,0.653384,0.653492,0.653179,0.653287,50
2024-07-30 13:00:00,0.653287,0.653304,0.652832,0.652849,50
2024-07-30 14:00:00,0.652849,0.653497,0.652734,0.653382,50
2024-07-30 15:00:00,0.653382,0.653457,0.653150,0.653225,50
2024-07-30 16:00:00,0.653225,0.653273,0.652962,0.653010,50
2024-07-30 17:00:00,0.653010,0.653686,0.652920,0.653596,50
2024-07-30 18:00:00,0.653596,0.654207,0.653482,0.654093,50
2024-07-30 19:00:00,0.654093,0.654135,0.653958,0.654000,50
2024-07-30 20:00:00,0.654000,0.654003,0.653155,0.653158,50
2024-07-30 21:00:00,0.653158,0.654408,0.653156,0.654407,50
2024-07-30 22:00:00,0.654407,0.654468,0.653685,0.653747,50
2024-07-30 23:00:00,0.653747,0.653792,0.653634,0.653680,50
2024-07-31 00:00:00,0.653680,0.654130,0.653611,0.654061,50
2024-07-31 01:00:00,0.654061,0.654072,0.653456,0.653467,50
2024-07-31 02:00:00,0.653467,0.654641,0.653401,0.654575,50
2024-07-31 03:00:00,0.654575,0.654665,0.653526,0.653616,50
2024-07-31 04:00:00,0.653616,0.654257,0.653569,0.654210,50
2024-07-31 05:00:00,0.654210,0.654569,0.654180,0.654538,50
2024-07-31 06:00:00,0.654538,0.654631,0.653696,0.653789,50
2024-07-31 07:00:00,0.653789,0.653792,0.653236,0.653240,50
2024-07-31 08:00:00,0.653240,0.654608,0.653135,0.654504,50
2024-07-31 09:00:00,0.654504,0.654561,0.654031,0.654088,50
2024-07-31 10:00:00,0.654088,0.654117,0.652900,0.652930,50
2024-07-31 11:00:00,0.652930,0.653413,0.652834,0.653317,50
2024-07-31 12:00:00,0.653317,0.653365,0.653244,0.653292,50
2024-07-31 13:00:00,0.653292,0.653293,0.652892,0.652892,50
2024-07-31 14:00:00,0.652892,0.653161,0.652820,0.653090,50
2024-07-31 15:00:00,0.653090,0.654105,0.653014,0.654029,50
2024-07-31 16:00:00,0.654029,0.654536,0.654018,0.654525,50
2024-07-31 17:00:00,0.654525,0.654642,0.653761,0.653878,50
2024-07-31 18:00:00,0.653878,0.653891,0.653861,0.653874,50
2024-07-31 19:00:00,0.653874,0.653985,0.652958,0.653068,50
2024-07-31 20:00:00,0.653068,0.653179,0.652697,0.652808,50
2024-07-31 21:00:00,0.652808,0.652905,0.652518,0.652615,50
2024-07-31 22:00:00,0.652615,0.653027,0.652572,0.652985,50
2024-07-31 23:00:00,0.652985,0.653554,0.652940,0.653509,50
2024-08-01 00:00:00,0.653509,0.653584,0.652557,0.652632,50
2024-08-01 01:00:00,0.652632,0.653037,0.652610,0.653015,50
2024-08-01 02:00:00,0.653015,0.653203,0.652914,0.653102,50
2024-08-01 03:00:00,0.653102,0.653125,0.652940,0.652963,50
2024-08-01 04:00:00,0.652963,0.653849,0.652941,0.653827,50
2024-08-01 05:00:00,0.653827,0.653888,0.653516,0.653577,50
2024-08-01 06:00:00,0.653577,0.653666,0.652768,0.652857,50
2024-08-01 07:00:00,0.652857,0.652939,0.652375,0.652458,50
2024-08-01 08:00:00,0.652458,0.652543,0.652317,0.652402,50
2024-08-01 09:00:00,0.652402,0.652461,0.652168,0.652227,50
2024-08-01 10:00:00,0.652227,0.652325,0.652067,0.652165,50
2024-08-01 11:00:00,0.652165,0.652175,0.651861,0.651870,50
2024-08-01 12:00:00,0.651870,0.652115,0.651794,0.652038,50
2024-08-01 13:00:00,0.652038,0.652191,0.651996,0.652148,50
2024-08-01 14:00:00,0.652148,0.652201,0.652064,0.652116,50
2024-08-01 15:00:00,0.652116,0.652200,0.651855,0.651939,50
2024-08-01 16:00:00,0.651939,0.651989,0.651889,0.651940,50
2024-08-01 17:00:00,0.651940,0.652056,0.651789,0.651905,50
2024-08-01 18:00:00,0.651905,0.652001,0.651803,0.651898,50
2024-08-01 19:00:00,0.651898,0.652019,0.651888,0.652010,50
2024-08-01 20:00:00,0.652010,0.652120,0.651969,0.652079,50
2024-08-01 21:00:00,0.652079,0.652553,0.651963,0.652437,50
2024-08-01 22:00:00,0.652437,0.652508,0.652029,0.652100,50
2024-08-01 23:00:00,0.652100,0.652242,0.652046,0.652188,50
2024-08-02 00:00:00,0.652188,0.652208,0.651638,0.651658,50
2024-08-02 01:00:00,0.651658,0.651792,0.651563,0.651697,50
2024-08-02 02:00:00,0.651697,0.651761,0.651624,0.651689,50
2024-08-02 03:00:00,0.651689,0.651764,0.651525,0.651600,50
2024-08-02 04:00:00,0.651600,0.652066,0.651561,0.652027,50
2024-08-02 05:00:00,0.652027,0.652382,0.651963,0.652317,50
2024-08-02 06:00:00,0.652317,0.652342,0.652235,0.652261,50
2024-08-02 07:00:00,0.652261,0.652376,0.651901,0.652016,50
2024-08-02 08:00:00,0.652016,0.652323,0.652004,0.652311,50
2024-08-02 09:00:00,0.652311,0.652892,0.652271,0.652852,50
2024-08-02 10:00:00,0.652852,0.653152,0.652750,0.653050,50
2024-08-02 11:00:00,0.653050,0.653164,0.653002,0.653116,50
2024-08-02 12:00:00,0.653116,0.653204,0.652704,0.652792,50
2024-08-02 13:00:00,0.652792,0.653155,0.652743,0.653105,50
2024-08-02 14:00:00,0.653105,0.653411,0.653094,0.653399,50
2024-08-02 15:00:00,0.653399,0.653451,0.653137,0.653189,50
2024-08-02 16:00:00,0.653189,0.653326,0.653145,0.653282,50
2024-08-02 17:00:00,0.653282,0.653550,0.653196,0.653465,50
2024-08-02 18:00:00,0.653465,0.653554,0.653137,0.653226,50
2024-08-02 19:00:00,0.653226,0.653309,0.652857,0.652941,50
2024-08-02 20:00:00,0.652941,0.652966,0.652429,0.652454,50
2024-08-02 21:00:00,0.652454,0.652459,0.652235,0.652240,50
2024-08-02 22:00:00,0.652240,0.652401,0.652217,0.652378,50
2024-08-02 23:00:00,0.652378,0.652808,0.652355,0.652784,50
2024-08-05 00:00:00,0.652784,0.653102,0.650098,0.650416,50
2024-08-05 01:00:00,0.650416,0.651846,0.650164,0.651594,50
2024-08-05 02:00:00,0.651594,0.651913,0.651236,0.651555,50
2024-08-05 03:00:00,0.651555,0.651667,0.650584,0.650697,50
2024-08-05 04:00:00,0.650697,0.650917,0.649682,0.649902,50
2024-08-05 05:00:00,0.649902,0.652095,0.649692,0.651884,50
2024-08-05 06:00:00,0.651884,0.652567,0.651616,0.652298,50
2024-08-05 07:00:00,0.652298,0.653649,0.652089,0.653440,50
2024-08-05 08:00:00,0.653440,0.653608,0.653413,0.653580,50
2024-08-05 09:00:00,0.653580,0.653770,0.651910,0.652100,50
2024-08-05 10:00:00,0.652100,0.652972,0.652079,0.652952,50
2024-08-05 11:00:00,0.652952,0.652999,0.651883,0.651930,50
2024-08-05 12:00:00,0.651930,0.652000,0.648541,0.648611,50
2024-08-05 13:00:00,0.648611,0.648922,0.648546,0.648857,50
2024-08-05 14:00:00,0.648857,0.649185,0.647758,0.648086,50
2024-08-05 15:00:00,0.648086,0.648197,0.648000,0.648111,50
2024-08-05 16:00:00,0.648111,0.648226,0.647893,0.648007,50
2024-08-05 17:00:00,0.648007,0.649106,0.647866,0.648965,50
2024-08-05 18:00:00,0.648965,0.649888,0.648737,0.649660,50
2024-08-05 19:00:00,0.649660,0.650555,0.649469,0.650364,50
2024-08-05 20:00:00,0.650364,0.650816,0.650109,0.650561,50
2024-08-05 21:00:00,0.650561,0.650840,0.649557,0.649836,50
2024-08-05 22:00:00,0.649836,0.650200,0.649702,0.650065,50
2024-08-05 23:00:00,0.650065,0.650110,0.648758,0.648803,50
2024-08-06 00:00:00,0.648803,0.648808,0.648560,0.648565,50
2024-08-06 01:00:00,0.648565,0.648744,0.648006,0.648185,50
2024-08-06 02:00:00,0.648185,0.648516,0.648007,0.648338,50
2024-08-06 03:00:00,0.648338,0.648679,0.648260,0.648601,50
2024-08-06 04:00:00,0.648601,0.648842,0.648557,0.648798,50
2024-08-06 05:00:00,0.648798,0.649442,0.648726,0.649370,50
2024-08-06 06:00:00,0.649370,0.649814,0.649205,0.649649,50
2024-08-06 07:00:00,0.649649,0.649848,0.649176,0.649375,50
2024-08-06 08:00:00,0.649375,0.649534,0.649271,0.649431,50
2024-08-06 09:00:00,0.649431,0.649668,0.649174,0.649412,50
2024-08-06 10:00:00,0.649412,0.649727,0.649203,0.649518,50
2024-08-06 11:00:00,0.649518,0.650188,0.649297,0.649967,50
2024-08-06 12:00:00,0.649967,0.650329,0.649896,0.650259,50
2024-08-06 13:00:00,0.650259,0.651444,0.650011,0.651196,50
2024-08-06 14:00:00,0.651196,0.651994,0.651072,0.651870,50
2024-08-06 15:00:00,0.651870,0.651960,0.651492,0.651582,50
2024-08-06 16:00:00,0.651582,0.651723,0.651314,0.651456,50
2024-08-06 17:00:00,0.651456,0.651546,0.651360,0.651450,50
2024-08-06 18:00:00,0.651450,0.651686,0.651273,0.651508,50
2024-08-06 19:00:00,0.651508,0.651833,0.651303,0.651628,50
2024-08-06 20:00:00,0.651628,0.652617,0.651411,0.652399,50
2024-08-06 21:00:00,0.652399,0.652456,0.652325,0.652381,50
2024-08-06 22:00:00,0.652381,0.652591,0.652054,0.652264,50
2024-08-06 23:00:00,0.652264,0.652405,0.651750,0.651890,50
2024-08-07 00:00:00,0.651890,0.652057,0.651066,0.651233,50
2024-08-07 01:00:00,0.651233,0.652457,0.650965,0.652189,50
2024-08-07 02:00:00,0.652189,0.652305,0.651759,0.651876,50
2024-08-07 03:00:00,0.651876,0.652095,0.651214,0.651433,50
2024-08-07 04:00:00,0.651433,0.651620,0.651184,0.651371,50
2024-08-07 05:00:00,0.651371,0.652311,0.651194,0.652134,50
2024-08-07 06:00:00,0.652134,0.652194,0.651801,0.651861,50
2024-08-07 07:00:00,0.651861,0.652076,0.651264,0.651479,50
2024-08-07 08:00:00,0.651479,0.652214,0.651282,0.652017,50
2024-08-07 09:00:00,0.652017,0.652099,0.651848,0.651930,50
2024-08-07 10:00:00,0.651930,0.652530,0.651856,0.652455,50
2024-08-07 11:00:00,0.652455,0.652782,0.652285,0.652611,50
2024-08-07 12:00:00,0.652611,0.653692,0.652340,0.653421,50
2024-08-07 13:00:00,0.653421,0.653584,0.652970,0.653133,50
2024-08-07 14:00:00,0.653133,0.654819,0.653072,0.654758,50
2024-08-07 15:00:00,0.654758,0.655016,0.653574,0.653832,50
2024-08-07 16:00:00,0.653832,0.654585,0.653683,0.654436,50
2024-08-07 17:00:00,0.654436,0.654629,0.653717,0.653910,50
2024-08-07 18:00:00,0.653910,0.654375,0.653817,0.654282,50
2024-08-07 19:00:00,0.654282,0.655920,0.654199,0.655837,50
2024-08-07 20:00:00,0.655837,0.655849,0.655371,0.655383,50
2024-08-07 21:00:00,0.655383,0.655437,0.655371,0.655425,50
2024-08-07 22:00:00,0.655425,0.655481,0.654963,0.655019,50
2024-08-07 23:00:00,0.655019,0.655400,0.654799,0.655179,50
2024-08-08 00:00:00,0.655179,0.655760,0.655048,0.655629,50
2024-08-08 01:00:00,0.655629,0.655851,0.654945,0.655167,50
2024-08-08 02:00:00,0.655167,0.655277,0.654565,0.654675,50
2024-08-08 03:00:00,0.654675,0.655163,0.654636,0.655124,50
2024-08-08 04:00:00,0.655124,0.655266,0.654723,0.654865,50
2024-08-08 05:00:00,0.654865,0.655103,0.654355,0.654593,50
2024-08-08 06:00:00,0.654593,0.656215,0.654475,0.656097,50
2024-08-08 07:00:00,0.656097,0.656338,0.655519,0.655760,50
2024-08-08 08:00:00,0.655760,0.656054,0.655529,0.655822,50
2024-08-08 09:00:00,0.655822,0.656497,0.655725,0.656400,50
2024-08-08 10:00:00,0.656400,0.656960,0.656311,0.656870,50
2024-08-08 11:00:00,0.656870,0.657582,0.656714,0.657425,50
2024-08-08 12:00:00,0.657425,0.657644,0.657309,0.657528,50
2024-08-08 13:00:00,0.657528,0.657667,0.657092,0.657231,50
2024-08-08 14:00:00,0.657231,0.657990,0.657042,0.657802,50
2024-08-08 15:00:00,0.657802,0.658295,0.657590,0.658084,50
2024-08-08 16:00:00,0.658084,0.658226,0.658016,0.658159,50
2024-08-08 17:00:00,0.658159,0.658189,0.657949,0.657980,50
2024-08-08 18:00:00,0.657980,0.658177,0.657496,0.657693,50
2024-08-08 19:00:00,0.657693,0.658117,0.657593,0.658018,50
2024-08-08 20:00:00,0.658018,0.658218,0.657108,0.657307,50
2024-08-08 21:00:00,0.657307,0.658261,0.657287,0.658241,50
2024-08-08 22:00:00,0.658241,0.658842,0.658096,0.658698,50
2024-08-08 23:00:00,0.658698,0.658859,0.657949,0.658111,50
2024-08-09 00:00:00,0.658111,0.658990,0.657998,0.658876,50
2024-08-09 01:00:00,0.658876,0.658973,0.658347,0.658443,50
2024-08-09 02:00:00,0.658443,0.658452,0.658163,0.658172,50
2024-08-09 03:00:00,0.658172,0.658352,0.658108,0.658289,50
2024-08-09 04:00:00,0.658289,0.658332,0.658108,0.658151,50
2024-08-09 05:00:00,0.658151,0.658268,0.657849,0.657966,50
2024-08-09 06:00:00,0.657966,0.658181,0.657880,0.658095,50
2024-08-09 07:00:00,0.658095,0.658171,0.657755,0.657831,50
2024-08-09 08:00:00,0.657831,0.658046,0.657728,0.657943,50
2024-08-09 09:00:00,0.657943,0.657967,0.657822,0.657846,50
2024-08-09 10:00:00,0.657846,0.658022,0.657752,0.657928,50
2024-08-09 11:00:00,0.657928,0.657943,0.657906,0.657921,50
2024-08-09 12:00:00,0.657921,0.657974,0.657683,0.657736,50
2024-08-09 13:00:00,0.657736,0.657842,0.657655,0.657761,50
2024-08-09 14:00:00,0.657761,0.657805,0.657710,0.657754,50
2024-08-09 15:00:00,0.657754,0.657943,0.657652,0.657840,50
2024-08-09 16:00:00,0.657840,0.657943,0.657803,0.657906,50
2024-08-09 17:00:00,0.657906,0.658173,0.657791,0.658058,50
2024-08-09 18:00:00,0.658058,0.658155,0.657672,0.657769,50
2024-08-09 19:00:00,0.657769,0.657852,0.657647,0.657730,50
2024-08-09 20:00:00,0.657730,0.657812,0.657554,0.657635,50
2024-08-09 21:00:00,0.657635,0.657728,0.657165,0.657258,50
2024-08-09 22:00:00,0.657258,0.657304,0.656985,0.657032,50
2024-08-09 23:00:00,0.657032,0.657764,0.656947,0.657678,50
2024-08-12 00:00:00,0.657678,0.657831,0.657161,0.657314,50
2024-08-12 01:00:00,0.657314,0.658612,0.657183,0.658481,50
2024-08-12 02:00:00,0.658481,0.658931,0.658394,0.658843,50
2024-08-12 03:00:00,0.658843,0.659010,0.658799,0.658966,50
2024-08-12 04:00:00,0.658966,0.659446,0.658855,0.659335,50
2024-08-12 05:00:00,0.659335,0.659898,0.659275,0.659838,50
2024-08-12 06:00:00,0.659838,0.659938,0.659528,0.659627,50
2024-08-12 07:00:00,0.659627,0.659662,0.659533,0.659568,50
2024-08-12 08:00:00,0.659568,0.659598,0.659345,0.659375,50
2024-08-12 09:00:00,0.659375,0.659804,0.659339,0.659768,50
2024-08-12 10:00:00,0.659768,0.659809,0.659303,0.659344,50
2024-08-12 11:00:00,0.659344,0.659404,0.658847,0.658907,50
2024-08-12 12:00:00,0.658907,0.659450,0.658811,0.659355,50
2024-08-12 13:00:00,0.659355,0.659403,0.659045,0.659093,50
2024-08-12 14:00:00,0.659093,0.659096,0.658888,0.658891,50
2024-08-12 15:00:00,0.658891,0.658971,0.658375,0.658455,50
2024-08-12 16:00:00,0.658455,0.658882,0.658409,0.658836,50
2024-08-12 17:00:00,0.658836,0.659254,0.658788,0.659206,50
2024-08-12 18:00:00,0.659206,0.659322,0.658627,0.658743,50
2024-08-12 19:00:00,0.658743,0.658892,0.658486,0.658636,50
2024-08-12 20:00:00,0.658636,0.658644,0.658621,0.658629,50
2024-08-12 21:00:00,0.658629,0.658906,0.658488,0.658764,50
2024-08-12 22:00:00,0.658764,0.659253,0.658720,0.659209,50
2024-08-12 23:00:00,0.659209,0.659567,0.659142,0.659500,50
2024-08-13 00:00:00,0.659500,0.659766,0.659384,0.659650,50
2024-08-13 01:00:00,0.659650,0.660015,0.659530,0.659895,50
2024-08-13 02:00:00,0.659895,0.661202,0.659803,0.661111,50
2024-08-13 03:00:00,0.661111,0.661718,0.661039,0.661646,50
2024-08-13 04:00:00,0.661646,0.661690,0.660922,0.660967,50
2024-08-13 05:00:00,0.660967,0.661042,0.660856,0.660932,50
2024-08-13 06:00:00,0.660932,0.660987,0.660539,0.660594,50
2024-08-13 07:00:00,0.660594,0.661184,0.660447,0.661038,50
2024-08-13 08:00:00,0.661038,0.661079,0.660917,0.660959,50
2024-08-13 09:00:00,0.660959,0.661044,0.660832,0.660917,50
2024-08-13 10:00:00,0.660917,0.660922,0.660519,0.660524,50
2024-08-13 11:00:00,0.660524,0.660647,0.660512,0.660635,50
2024-08-13 12:00:00,0.660635,0.660683,0.660469,0.660516,50
2024-08-13 13:00:00,0.660516,0.660658,0.659422,0.659563,50
2024-08-13 14:00:00,0.659563,0.660082,0.659474,0.659993,50
2024-08-13 15:00:00,0.659993,0.660064,0.659975,0.660046,50
2024-08-13 16:00:00,0.660046,0.660079,0.659693,0.659727,50
2024-08-13 17:00:00,0.659727,0.660819,0.659726,0.660819,50
2024-08-13 18:00:00,0.660819,0.660859,0.660569,0.660609,50
2024-08-13 19:00:00,0.660609,0.660621,0.660551,0.660563,50
2024-08-13 20:00:00,0.660563,0.660662,0.659986,0.660086,50
2024-08-13 21:00:00,0.660086,0.660127,0.659398,0.659439,50
2024-08-13 22:00:00,0.659439,0.659693,0.659332,0.659586,50
2024-08-13 23:00:00,0.659586,0.661322,0.659552,0.661288,50
2024-08-14 00:00:00,0.661288,0.661356,0.660425,0.660493,50
2024-08-14 01:00:00,0.660493,0.660695,0.660404,0.660606,50
2024-08-14 02:00:00,0.660606,0.660709,0.660583,0.660686,50
2024-08-14 03:00:00,0.660686,0.661055,0.660572,0.660940,50
2024-08-14 04:00:00,0.660940,0.661007,0.660879,0.660946,50
2024-08-14 05:00:00,0.660946,0.661146,0.660907,0.661107,50
2024-08-14 06:00:00,0.661107,0.661705,0.661010,0.661607,50
2024-08-14 07:00:00,0.661607,0.661681,0.661342,0.661416,50
2024-08-14 08:00:00,0.661416,0.661648,0.661388,0.661620,50
2024-08-14 09:00:00,0.661620,0.661690,0.661015,0.661086,50
2024-08-14 10:00:00,0.661086,0.661152,0.660934,0.661000,50
2024-08-14 11:00:00,0.661000,0.661368,0.660946,0.661314,50
2024-08-14 12:00:00,0.661314,0.661684,0.661206,0.661576,50
2024-08-14 13:00:00,0.661576,0.661880,0.661514,0.661817,50
2024-08-14 14:00:00,0.661817,0.662402,0.661711,0.662295,50
2024-08-14 15:00:00,0.662295,0.662359,0.662129,0.662192,50
2024-08-14 16:00:00,0.662192,0.662204,0.661849,0.661860,50
2024-08-14 17:00:00,0.661860,0.661912,0.661793,0.661844,50
2024-08-14 18:00:00,0.661844,0.661863,0.661832,0.661851,50
2024-08-14 19:00:00,0.661851,0.661917,0.661835,0.661901,50
2024-08-14 20:00:00,0.661901,0.662299,0.661864,0.662263,50
2024-08-14 21:00:00,0.662263,0.662326,0.662198,0.662262,50
2024-08-14 22:00:00,0.662262,0.662496,0.662243,0.662478,50
2024-08-14 23:00:00,0.662478,0.662559,0.661600,0.661682,50
2024-08-15 00:00:00,0.661682,0.662822,0.661639,0.662779,50
2024-08-15 01:00:00,0.662779,0.662894,0.662188,0.662302,50
2024-08-15 02:00:00,0.662302,0.662415,0.662195,0.662308,50
2024-08-15 03:00:00,0.662308,0.662713,0.662204,0.662608,50
2024-08-15 04:00:00,0.662608,0.662715,0.662500,0.662608,50
2024-08-15 05:00:00,0.662608,0.662742,0.662501,0.662635,50
2024-08-15 06:00:00,0.662635,0.662737,0.662199,0.662301,50
2024-08-15 07:00:00,0.662301,0.662619,0.662267,0.662585,50
2024-08-15 08:00:00,0.662585,0.662913,0.662549,0.662877,50
2024-08-15 09:00:00,0.662877,0.663109,0.662876,0.663108,50
2024-08-15 10:00:00,0.663108,0.663131,0.662889,0.662912,50
2024-08-15 11:00:00,0.662912,0.663130,0.662865,0.663083,50
2024-08-15 12:00:00,0.663083,0.663142,0.662972,0.663031,50
2024-08-15 13:00:00,0.663031,0.663135,0.662991,0.663095,50
2024-08-15 14:00:00,0.663095,0.663152,0.662751,0.662808,50
2024-08-15 15:00:00,0.662808,0.662847,0.662210,0.662250,50
2024-08-15 16:00:00,0.662250,0.662267,0.662047,0.662065,50
2024-08-15 17:00:00,0.662065,0.662101,0.661316,0.661352,50
2024-08-15 18:00:00,0.661352,0.661457,0.661197,0.661302,50
2024-08-15 19:00:00,0.661302,0.662193,0.661297,0.662188,50
2024-08-15 20:00:00,0.662188,0.662863,0.662100,0.662775,50
2024-08-15 21:00:00,0.662775,0.663105,0.662753,0.663084,50
2024-08-15 22:00:00,0.663084,0.663326,0.663048,0.663290,50
2024-08-15 23:00:00,0.663290,0.663297,0.662903,0.662910,50
2024-08-16 00:00:00,0.662910,0.664545,0.662796,0.664430,50
2024-08-16 01:00:00,0.664430,0.664487,0.663592,0.663650,50
2024-08-16 02:00:00,0.663650,0.663765,0.662991,0.663106,50
2024-08-16 03:00:00,0.663106,0.663242,0.662744,0.662880,50
2024-08-16 04:00:00,0.662880,0.663563,0.662815,0.663499,50
2024-08-16 05:00:00,0.663499,0.663523,0.663257,0.663281,50
2024-08-16 06:00:00,0.663281,0.663421,0.662989,0.663129,50
2024-08-16 07:00:00,0.663129,0.663202,0.662924,0.662997,50
2024-08-16 08:00:00,0.662997,0.663001,0.662510,0.662513,50
2024-08-16 09:00:00,0.662513,0.662802,0.662482,0.662771,50
2024-08-16 10:00:00,0.662771,0.662974,0.662756,0.662959,50
2024-08-16 11:00:00,0.662959,0.663472,0.662944,0.663457,50
2024-08-16 12:00:00,0.663457,0.663660,0.663332,0.663536,50
2024-08-16 13:00:00,0.663536,0.663662,0.663156,0.663282,50
2024-08-16 14:00:00,0.663282,0.663363,0.663111,0.663193,50
2024-08-16 15:00:00,0.663193,0.663357,0.663134,0.663298,50
2024-08-16 16:00:00,0.663298,0.663342,0.663248,0.663291,50
2024-08-16 17:00:00,0.663291,0.663428,0.662853,0.662990,50
2024-08-16 18:00:00,0.662990,0.663474,0.662842,0.663327,50
2024-08-16 19:00:00,0.663327,0.663566,0.663238,0.663477,50
2024-08-16 20:00:00,0.663477,0.664481,0.663314,0.664318,50
2024-08-16 21:00:00,0.664318,0.664444,0.663960,0.664086,50
2024-08-16 22:00:00,0.664086,0.664337,0.664018,0.664268,50
2024-08-16 23:00:00,0.664268,0.664952,0.664210,0.664894,50
2024-08-19 00:00:00,0.664894,0.665322,0.664216,0.664644,50
2024-08-19 01:00:00,0.664644,0.665094,0.664498,0.664948,50
2024-08-19 02:00:00,0.664948,0.665148,0.664207,0.664407,50
2024-08-19 03:00:00,0.664407,0.666149,0.663945,0.665687,50
2024-08-19 04:00:00,0.665687,0.665787,0.665280,0.665379,50
2024-08-19 05:00:00,0.665379,0.665653,0.665209,0.665483,50
2024-08-19 06:00:00,0.665483,0.665576,0.663507,0.663600,50
2024-08-19 07:00:00,0.663600,0.664079,0.663093,0.663572,50
2024-08-19 08:00:00,0.663572,0.664020,0.663427,0.663875,50
2024-08-19 09:00:00,0.663875,0.666900,0.663538,0.666562,50
2024-08-19 10:00:00,0.666562,0.666824,0.666508,0.666770,50
2024-08-19 11:00:00,0.666770,0.667899,0.666514,0.667644,50
2024-08-19 12:00:00,0.667644,0.667801,0.667511,0.667668,50
2024-08-19 13:00:00,0.667668,0.668990,0.667321,0.668644,50
2024-08-19 14:00:00,0.668644,0.668791,0.667878,0.668024,50
2024-08-19 15:00:00,0.668024,0.671892,0.667563,0.671430,50
2024-08-19 16:00:00,0.671430,0.672248,0.671260,0.672078,50
2024-08-19 17:00:00,0.672078,0.672098,0.671331,0.671351,50
2024-08-19 18:00:00,0.671351,0.673011,0.671164,0.672823,50
2024-08-19 19:00:00,0.672823,0.672897,0.671869,0.671943,50
2024-08-19 20:00:00,0.671943,0.672218,0.671286,0.671561,50
2024-08-19 21:00:00,0.671561,0.672097,0.671468,0.672004,50
2024-08-19 22:00:00,0.672004,0.672383,0.670748,0.671127,50
2024-08-19 23:00:00,0.671127,0.671968,0.670660,0.671501,50
2024-08-20 00:00:00,0.671501,0.671668,0.671131,0.671297,50
2024-08-20 01:00:00,0.671297,0.672578,0.671216,0.672497,50
2024-08-20 02:00:00,0.672497,0.673084,0.672287,0.672873,50
2024-08-20 03:00:00,0.672873,0.673016,0.672464,0.672607,50
2024-08-20 04:00:00,0.672607,0.674005,0.672372,0.673770,50
2024-08-20 05:00:00,0.673770,0.673943,0.671922,0.672095,50
2024-08-20 06:00:00,0.672095,0.673466,0.672062,0.673433,50
2024-08-20 07:00:00,0.673433,0.674208,0.673288,0.674062,50
2024-08-20 08:00:00,0.674062,0.674291,0.674008,0.674237,50
2024-08-20 09:00:00,0.674237,0.674472,0.672363,0.672599,50
2024-08-20 10:00:00,0.672599,0.673086,0.672450,0.672937,50
2024-08-20 11:00:00,0.672937,0.674226,0.672916,0.674204,50
2024-08-20 12:00:00,0.674204,0.674396,0.672893,0.673084,50
2024-08-20 13:00:00,0.673084,0.674123,0.673061,0.674100,50
2024-08-20 14:00:00,0.674100,0.674117,0.673513,0.673531,50
2024-08-20 15:00:00,0.673531,0.673694,0.672328,0.672492,50
2024-08-20 16:00:00,0.672492,0.672797,0.672481,0.672785,50
2024-08-20 17:00:00,0.672785,0.673640,0.672609,0.673464,50
2024-08-20 18:00:00,0.673464,0.673486,0.672204,0.672225,50
2024-08-20 19:00:00,0.672225,0.673272,0.672153,0.673199,50
2024-08-20 20:00:00,0.673199,0.674955,0.673115,0.674870,50
2024-08-20 21:00:00,0.674870,0.675003,0.674411,0.674543,50
2024-08-20 22:00:00,0.674543,0.674678,0.673349,0.673483,50
2024-08-20 23:00:00,0.673483,0.674493,0.673299,0.674309,50
2024-08-21 00:00:00,0.674309,0.674978,0.674209,0.674879,50
2024-08-21 01:00:00,0.674879,0.675493,0.674796,0.675410,50
2024-08-21 02:00:00,0.675410,0.675432,0.675161,0.675182,50
2024-08-21 03:00:00,0.675182,0.675212,0.674945,0.674975,50
2024-08-21 04:00:00,0.674975,0.675032,0.674871,0.674929,50
2024-08-21 05:00:00,0.674929,0.675298,0.674811,0.675180,50
2024-08-21 06:00:00,0.675180,0.675180,0.674724,0.674725,50
2024-08-21 07:00:00,0.674725,0.675497,0.674634,0.675407,50
2024-08-21 08:00:00,0.675407,0.675906,0.675323,0.675823,50
2024-08-21 09:00:00,0.675823,0.675838,0.675619,0.675634,50
2024-08-21 10:00:00,0.675634,0.675707,0.675604,0.675677,50
2024-08-21 11:00:00,0.675677,0.675754,0.674756,0.674833,50
2024-08-21 12:00:00,0.674833,0.675100,0.674747,0.675014,50
2024-08-21 13:00:00,0.675014,0.675030,0.674573,0.674589,50
2024-08-21 14:00:00,0.674589,0.674683,0.674361,0.674455,50
2024-08-21 15:00:00,0.674455,0.674521,0.674369,0.674436,50
2024-08-21 16:00:00,0.674436,0.674463,0.673770,0.673797,50
2024-08-21 17:00:00,0.673797,0.674476,0.673726,0.674405,50
2024-08-21 18:00:00,0.674405,0.674604,0.674327,0.674526,50
2024-08-21 19:00:00,0.674526,0.674595,0.674329,0.674399,50
2024-08-21 20:00:00,0.674399,0.674890,0.674337,0.674828,50
2024-08-21 21:00:00,0.674828,0.675155,0.674728,0.675055,50
2024-08-21 22:00:00,0.675055,0.675152,0.675028,0.675125,50
2024-08-21 23:00:00,0.675125,0.675374,0.675061,0.675311,50
2024-08-22 00:00:00,0.675311,0.675484,0.672787,0.672960,50
2024-08-22 01:00:00,0.672960,0.673011,0.671893,0.671944,50
2024-08-22 02:00:00,0.671944,0.672124,0.671585,0.671765,50
2024-08-22 03:00:00,0.671765,0.672448,0.671395,0.672077,50
2024-08-22 04:00:00,0.672077,0.672265,0.671610,0.671798,50
2024-08-22 05:00:00,0.671798,0.671840,0.669832,0.669875,50
2024-08-22 06:00:00,0.669875,0.670791,0.669874,0.670790,50
2024-08-22 07:00:00,0.670790,0.674897,0.670726,0.674833,50
2024-08-22 08:00:00,0.674833,0.676030,0.674720,0.675917,50
2024-08-22 09:00:00,0.675917,0.676176,0.674800,0.675059,50
2024-08-22 10:00:00,0.675059,0.675389,0.673192,0.673523,50
2024-08-22 11:00:00,0.673523,0.676245,0.673450,0.676173,50
2024-08-22 12:00:00,0.676173,0.676188,0.676079,0.676094,50
2024-08-22 13:00:00,0.676094,0.676140,0.674190,0.674236,50
2024-08-22 14:00:00,0.674236,0.676372,0.674080,0.676217,50
2024-08-22 15:00:00,0.676217,0.676284,0.675264,0.675332,50
2024-08-22 16:00:00,0.675332,0.675469,0.674724,0.674860,50
2024-08-22 17:00:00,0.674860,0.675381,0.674495,0.675016,50
2024-08-22 18:00:00,0.675016,0.675067,0.673527,0.673578,50
2024-08-22 19:00:00,0.673578,0.674212,0.673372,0.674005,50
2024-08-22 20:00:00,0.674005,0.675306,0.673630,0.674931,50
2024-08-22 21:00:00,0.674931,0.674949,0.672834,0.672852,50
2024-08-22 22:00:00,0.672852,0.673003,0.670626,0.670776,50
2024-08-22 23:00:00,0.670776,0.670985,0.670572,0.670781,50
2024-08-23 00:00:00,0.670781,0.671086,0.669921,0.670227,50
2024-08-23 01:00:00,0.670227,0.670633,0.669211,0.669617,50
2024-08-23 02:00:00,0.669617,0.671849,0.669569,0.671801,50
2024-08-23 03:00:00,0.671801,0.677561,0.671691,0.677451,50
2024-08-23 04:00:00,0.677451,0.678455,0.677130,0.678134,50
2024-08-23 05:00:00,0.678134,0.679590,0.677617,0.679072,50
2024-08-23 06:00:00,0.679072,0.679622,0.674826,0.675375,50
2024-08-23 07:00:00,0.675375,0.675468,0.674927,0.675019,50
2024-08-23 08:00:00,0.675019,0.675390,0.674208,0.674579,50
2024-08-23 09:00:00,0.674579,0.674703,0.672568,0.672692,50
2024-08-23 10:00:00,0.672692,0.672847,0.670745,0.670900,50
2024-08-23 11:00:00,0.670900,0.672321,0.670747,0.672168,50
2024-08-23 12:00:00,0.672168,0.674189,0.671705,0.673726,50
2024-08-23 13:00:00,0.673726,0.675212,0.673665,0.675151,50
2024-08-23 14:00:00,0.675151,0.676784,0.674624,0.676257,50
2024-08-23 15:00:00,0.676257,0.676567,0.674623,0.674932,50
2024-08-23 16:00:00,0.674932,0.676786,0.674466,0.676320,50
2024-08-23 17:00:00,0.676320,0.676491,0.675104,0.675274,50
2024-08-23 18:00:00,0.675274,0.675403,0.674103,0.674231,50
2024-08-23 19:00:00,0.674231,0.674701,0.673261,0.673730,50
2024-08-23 20:00:00,0.673730,0.673956,0.672052,0.672278,50
2024-08-23 21:00:00,0.672278,0.672586,0.671763,0.672071,50
2024-08-23 22:00:00,0.672071,0.672327,0.669560,0.669816,50
2024-08-23 23:00:00,0.669816,0.678034,0.669473,0.677690,50
2024-08-26 00:00:00,0.677690,0.678485,0.677660,0.678454,50
2024-08-26 01:00:00,0.678454,0.678556,0.677919,0.678021,50
2024-08-26 02:00:00,0.678021,0.678075,0.677108,0.677162,50
2024-08-26 03:00:00,0.677162,0.677229,0.676960,0.677027,50
2024-08-26 04:00:00,0.677027,0.677394,0.677001,0.677368,50
2024-08-26 05:00:00,0.677368,0.677562,0.677295,0.677488,50
2024-08-26 06:00:00,0.677488,0.677656,0.677399,0.677567,50
2024-08-26 07:00:00,0.677567,0.677670,0.676624,0.676727,50
2024-08-26 08:00:00,0.676727,0.676757,0.676492,0.676522,50
2024-08-26 09:00:00,0.676522,0.676808,0.676412,0.676699,50
2024-08-26 10:00:00,0.676699,0.676802,0.676499,0.676602,50
2024-08-26 11:00:00,0.676602,0.676654,0.676370,0.676422,50
2024-08-26 12:00:00,0.676422,0.676836,0.676334,0.676748,50
2024-08-26 13:00:00,0.676748,0.676787,0.676498,0.676536,50
2024-08-26 14:00:00,0.676536,0.676763,0.676437,0.676664,50
2024-08-26 15:00:00,0.676664,0.676699,0.676577,0.676612,50
2024-08-26 16:00:00,0.676612,0.677213,0.676492,0.677093,50
2024-08-26 17:00:00,0.677093,0.677109,0.676500,0.676515,50
2024-08-26 18:00:00,0.676515,0.676655,0.676471,0.676610,50
2024-08-26 19:00:00,0.676610,0.676650,0.676607,0.676647,50
2024-08-26 20:00:00,0.676647,0.677354,0.676591,0.677297,50
2024-08-26 21:00:00,0.677297,0.677519,0.677266,0.677488,50
2024-08-26 22:00:00,0.677488,0.678129,0.677451,0.678093,50
2024-08-26 23:00:00,0.678093,0.678172,0.677107,0.677186,50
2024-08-27 00:00:00,0.677186,0.677220,0.676501,0.676536,50
2024-08-27 01:00:00,0.676536,0.676562,0.676519,0.676545,50
2024-08-27 02:00:00,0.676545,0.676766,0.676509,0.676730,50
2024-08-27 03:00:00,0.676730,0.676867,0.676705,0.676843,50
2024-08-27 04:00:00,0.676843,0.677050,0.676841,0.677048,50
2024-08-27 05:00:00,0.677048,0.677412,0.676943,0.677307,50
2024-08-27 06:00:00,0.677307,0.677398,0.677267,0.677358,50
2024-08-27 07:00:00,0.677358,0.677850,0.677240,0.677732,50
2024-08-27 08:00:00,0.677732,0.678021,0.677715,0.678005,50
2024-08-27 09:00:00,0.678005,0.678492,0.677934,0.678421,50
2024-08-27 10:00:00,0.678421,0.678522,0.678359,0.678460,50
2024-08-27 11:00:00,0.678460,0.678467,0.678304,0.678311,50
2024-08-27 12:00:00,0.678311,0.678468,0.678206,0.678363,50
2024-08-27 13:00:00,0.678363,0.678628,0.678304,0.678570,50
2024-08-27 14:00:00,0.678570,0.678589,0.678280,0.678299,50
2024-08-27 15:00:00,0.678299,0.678406,0.677929,0.678036,50
2024-08-27 16:00:00,0.678036,0.678399,0.677990,0.678354,50
2024-08-27 17:00:00,0.678354,0.678417,0.678258,0.678322,50
2024-08-27 18:00:00,0.678322,0.678391,0.678148,0.678217,50
2024-08-27 19:00:00,0.678217,0.678330,0.677948,0.678060,50
2024-08-27 20:00:00,0.678060,0.678091,0.677696,0.677726,50
2024-08-27 21:00:00,0.677726,0.678455,0.677666,0.678395,50
2024-08-27 22:00:00,0.678395,0.678401,0.678332,0.678338,50
2024-08-27 23:00:00,0.678338,0.678390,0.677869,0.677920,50
2024-08-28 00:00:00,0.677920,0.678004,0.677305,0.677388,50
2024-08-28 01:00:00,0.677388,0.677765,0.677318,0.677696,50
2024-08-28 02:00:00,0.677696,0.677696,0.677680,0.677680,50
2024-08-28 03:00:00,0.677680,0.678267,0.677622,0.678209,50
2024-08-28 04:00:00,0.678209,0.678209,0.678115,0.678115,50
2024-08-28 05:00:00,0.678115,0.678161,0.677935,0.677982,50
2024-08-28 06:00:00,0.677982,0.678036,0.677926,0.677981,50
2024-08-28 07:00:00,0.677981,0.678324,0.677895,0.678238,50
2024-08-28 08:00:00,0.678238,0.678240,0.677966,0.677968,50
2024-08-28 09:00:00,0.677968,0.678046,0.677863,0.677942,50
2024-08-28 10:00:00,0.677942,0.678171,0.677939,0.678168,50
2024-08-28 11:00:00,0.678168,0.678357,0.678057,0.678246,50
2024-08-28 12:00:00,0.678246,0.678253,0.677968,0.677975,50
2024-08-28 13:00:00,0.677975,0.678391,0.677941,0.678357,50
2024-08-28 14:00:00,0.678357,0.678471,0.677909,0.678023,50
2024-08-28 15:00:00,0.678023,0.678141,0.677508,0.677627,50
2024-08-28 16:00:00,0.677627,0.677631,0.676991,0.676995,50
2024-08-28 17:00:00,0.676995,0.677377,0.676939,0.677322,50
2024-08-28 18:00:00,0.677322,0.677550,0.677232,0.677460,50
2024-08-28 19:00:00,0.677460,0.677535,0.677121,0.677196,50
2024-08-28 20:00:00,0.677196,0.678260,0.677111,0.678175,50
2024-08-28 21:00:00,0.678175,0.678663,0.678168,0.678656,50
2024-08-28 22:00:00,0.678656,0.678718,0.678575,0.678637,50
2024-08-28 23:00:00,0.678637,0.678706,0.678035,0.678104,50
2024-08-29 00:00:00,0.678104,0.678443,0.677914,0.678253,50
2024-08-29 01:00:00,0.678253,0.678488,0.678169,0.678404,50
2024-08-29 02:00:00,0.678404,0.679536,0.678193,0.679325,50
2024-08-29 03:00:00,0.679325,0.680350,0.679308,0.680333,50
2024-08-29 04:00:00,0.680333,0.680546,0.679529,0.679742,50
2024-08-29 05:00:00,0.679742,0.679955,0.678685,0.678897,50
2024-08-29 06:00:00,0.678897,0.678924,0.678618,0.678645,50
2024-08-29 07:00:00,0.678645,0.678692,0.677651,0.677699,50
2024-08-29 08:00:00,0.677699,0.677977,0.677509,0.677787,50
2024-08-29 09:00:00,0.677787,0.677994,0.677380,0.677587,50
2024-08-29 10:00:00,0.677587,0.678310,0.677415,0.678138,50
2024-08-29 11:00:00,0.678138,0.678445,0.678004,0.678311,50
2024-08-29 12:00:00,0.678311,0.678441,0.678171,0.678301,50
2024-08-29 13:00:00,0.678301,0.678369,0.677979,0.678046,50
2024-08-29 14:00:00,0.678046,0.678433,0.677930,0.678316,50
2024-08-29 15:00:00,0.678316,0.679158,0.678199,0.679040,50
2024-08-29 16:00:00,0.679040,0.679866,0.678859,0.679685,50
2024-08-29 17:00:00,0.679685,0.679770,0.679010,0.679095,50
2024-08-29 18:00:00,0.679095,0.679127,0.678734,0.678766,50
2024-08-29 19:00:00,0.678766,0.678928,0.678621,0.678783,50
2024-08-29 20:00:00,0.678783,0.679942,0.678664,0.679823,50
2024-08-29 21:00:00,0.679823,0.680202,0.679807,0.680187,50
2024-08-29 22:00:00,0.680187,0.681212,0.680181,0.681206,50
2024-08-29 23:00:00,0.681206,0.681409,0.680486,0.680689,50
2024-08-30 00:00:00,0.680689,0.680738,0.678807,0.678857,50
2024-08-30 01:00:00,0.678857,0.679441,0.678574,0.679158,50
2024-08-30 02:00:00,0.679158,0.679241,0.678204,0.678287,50
2024-08-30 03:00:00,0.678287,0.678391,0.677792,0.677896,50
2024-08-30 04:00:00,0.677896,0.678988,0.677784,0.678876,50
2024-08-30 05:00:00,0.678876,0.678929,0.678591,0.678643,50
2024-08-30 06:00:00,0.678643,0.678649,0.678603,0.678609,50
2024-08-30 07:00:00,0.678609,0.678639,0.677505,0.677536,50
2024-08-30 08:00:00,0.677536,0.677747,0.676082,0.676294,50
2024-08-30 09:00:00,0.676294,0.676507,0.675448,0.675660,50
2024-08-30 10:00:00,0.675660,0.677462,0.675535,0.677337,50
2024-08-30 11:00:00,0.677337,0.679521,0.677264,0.679448,50
2024-08-30 12:00:00,0.679448,0.680010,0.679165,0.679727,50
2024-08-30 13:00:00,0.679727,0.680071,0.677641,0.677985,50
2024-08-30 14:00:00,0.677985,0.678139,0.676819,0.676973,50
2024-08-30 15:00:00,0.676973,0.679481,0.676820,0.679327,50
2024-08-30 16:00:00,0.679327,0.680284,0.679033,0.679990,50
2024-08-30 17:00:00,0.679990,0.680242,0.679294,0.679545,50
2024-08-30 18:00:00,0.679545,0.680180,0.679418,0.680053,50
2024-08-30 19:00:00,0.680053,0.680115,0.679379,0.679441,50
2024-08-30 20:00:00,0.679441,0.679792,0.677931,0.678281,50
2024-08-30 21:00:00,0.678281,0.678403,0.677907,0.678029,50
2024-08-30 22:00:00,0.678029,0.678295,0.677110,0.677375,50
2024-08-30 23:00:00,0.677375,0.677404,0.676470,0.676498,50
2024-09-03 00:00:00,0.676498,0.676616,0.676404,0.676523,50
2024-09-03 01:00:00,0.676523,0.677345,0.676466,0.677288,50
2024-09-03 02:00:00,0.677288,0.677484,0.676569,0.676765,50
2024-09-03 03:00:00,0.676765,0.677100,0.676468,0.676803,50
2024-09-03 04:00:00,0.676803,0.677217,0.676499,0.676913,50
2024-09-03 05:00:00,0.676913,0.677210,0.676820,0.677117,50
2024-09-03 06:00:00,0.677117,0.677399,0.675929,0.676211,50
2024-09-03 07:00:00,0.676211,0.676602,0.675997,0.676388,50
2024-09-03 08:00:00,0.676388,0.676686,0.675445,0.675742,50
2024-09-03 09:00:00,0.675742,0.675765,0.674988,0.675011,50
2024-09-03 10:00:00,0.675011,0.675268,0.674796,0.675054,50
2024-09-03 11:00:00,0.675054,0.675381,0.674588,0.674915,50
2024-09-03 12:00:00,0.674915,0.675401,0.674554,0.675041,50
2024-09-03 13:00:00,0.675041,0.675065,0.674604,0.674629,50
2024-09-03 14:00:00,0.674629,0.674956,0.673686,0.674013,50
2024-09-03 15:00:00,0.674013,0.674234,0.673275,0.673496,50
2024-09-03 16:00:00,0.673496,0.673670,0.673460,0.673635,50
2024-09-03 17:00:00,0.673635,0.673819,0.673406,0.673590,50
2024-09-03 18:00:00,0.673590,0.673799,0.673159,0.673368,50
2024-09-03 19:00:00,0.673368,0.673461,0.672373,0.672466,50
2024-09-03 20:00:00,0.672466,0.672703,0.672162,0.672399,50
2024-09-03 21:00:00,0.672399,0.672761,0.671588,0.671950,50
2024-09-03 22:00:00,0.671950,0.672087,0.671069,0.671206,50
2024-09-03 23:00:00,0.671206,0.672229,0.671066,0.672088,50
2024-09-04 00:00:00,0.672088,0.673301,0.672005,0.673218,50
2024-09-04 01:00:00,0.673218,0.673322,0.672958,0.673063,50
2024-09-04 02:00:00,0.673063,0.673274,0.673036,0.673247,50
2024-09-04 03:00:00,0.673247,0.673339,0.672966,0.673057,50
2024-09-04 04:00:00,0.673057,0.673086,0.672797,0.672825,50
2024-09-04 05:00:00,0.672825,0.673234,0.672796,0.673204,50
2024-09-04 06:00:00,0.673204,0.673231,0.672747,0.672774,50
2024-09-04 07:00:00,0.672774,0.672824,0.672143,0.672193,50
2024-09-04 08:00:00,0.672193,0.672259,0.671171,0.671238,50
2024-09-04 09:00:00,0.671238,0.672062,0.671139,0.671963,50
2024-09-04 10:00:00,0.671963,0.672318,0.671850,0.672205,50
2024-09-04 11:00:00,0.672205,0.672253,0.671613,0.671661,50
2024-09-04 12:00:00,0.671661,0.672362,0.671654,0.672356,50
2024-09-04 13:00:00,0.672356,0.672424,0.672157,0.672225,50
2024-09-04 14:00:00,0.672225,0.672437,0.672162,0.672374,50
2024-09-04 15:00:00,0.672374,0.672901,0.672351,0.672878,50
2024-09-04 16:00:00,0.672878,0.672922,0.672722,0.672766,50
2024-09-04 17:00:00,0.672766,0.672777,0.672591,0.672603,50
2024-09-04 18:00:00,0.672603,0.672659,0.671788,0.671844,50
2024-09-04 19:00:00,0.671844,0.672308,0.671787,0.672251,50
2024-09-04 20:00:00,0.672251,0.672345,0.671833,0.671928,50
2024-09-04 21:00:00,0.671928,0.672263,0.671901,0.672236,50
2024-09-04 22:00:00,0.672236,0.673238,0.672170,0.673172,50
2024-09-04 23:00:00,0.673172,0.673194,0.672382,0.672405,50
2024-09-05 00:00:00,0.672405,0.672520,0.671554,0.671670,50
2024-09-05 01:00:00,0.671670,0.671754,0.671641,0.671724,50
2024-09-05 02:00:00,0.671724,0.671950,0.671720,0.671946,50
2024-09-05 03:00:00,0.671946,0.671951,0.671935,0.671940,50
2024-09-05 04:00:00,0.671940,0.672297,0.671925,0.672281,50
2024-09-05 05:00:00,0.672281,0.672330,0.672057,0.672105,50
2024-09-05 06:00:00,0.672105,0.672203,0.671819,0.671917,50
2024-09-05 07:00:00,0.671917,0.672168,0.671866,0.672118,50
2024-09-05 08:00:00,0.672118,0.672373,0.672095,0.672349,50
2024-09-05 09:00:00,0.672349,0.672562,0.672257,0.672469,50
2024-09-05 10:00:00,0.672469,0.673009,0.672403,0.672942,50
2024-09-05 11:00:00,0.672942,0.673148,0.672846,0.673052,50
2024-09-05 12:00:00,0.673052,0.673629,0.672994,0.673572,50
2024-09-05 13:00:00,0.673572,0.673588,0.673110,0.673126,50
2024-09-05 14:00:00,0.673126,0.673190,0.672692,0.672756,50
2024-09-05 15:00:00,0.672756,0.673037,0.672698,0.672979,50
2024-09-05 16:00:00,0.672979,0.673019,0.672644,0.672683,50
2024-09-05 17:00:00,0.672683,0.673218,0.672670,0.673205,50
2024-09-05 18:00:00,0.673205,0.673486,0.673199,0.673480,50
2024-09-05 19:00:00,0.673480,0.673550,0.672789,0.672858,50
2024-09-05 20:00:00,0.672858,0.672867,0.672581,0.672589,50
2024-09-05 21:00:00,0.672589,0.672632,0.672230,0.672272,50
2024-09-05 22:00:00,0.672272,0.672277,0.671988,0.671993,50
2024-09-05 23:00:00,0.671993,0.672777,0.671937,0.672721,50
2024-09-06 00:00:00,0.672721,0.672748,0.671184,0.671211,50
2024-09-06 01:00:00,0.671211,0.671319,0.671031,0.671139,50
2024-09-06 02:00:00,0.671139,0.671663,0.671134,0.671658,50
2024-09-06 03:00:00,0.671658,0.671975,0.669871,0.670187,50
2024-09-06 04:00:00,0.670187,0.670507,0.666471,0.666791,50
2024-09-06 05:00:00,0.666791,0.668182,0.666690,0.668082,50
2024-09-06 06:00:00,0.668082,0.669178,0.667979,0.669075,50
2024-09-06 07:00:00,0.669075,0.669240,0.668593,0.668758,50
2024-09-06 08:00:00,0.668758,0.669359,0.668738,0.669339,50
2024-09-06 09:00:00,0.669339,0.669689,0.668985,0.669335,50
2024-09-06 10:00:00,0.669335,0.669336,0.666906,0.666907,50
2024-09-06 11:00:00,0.666907,0.667726,0.666711,0.667531,50
2024-09-06 12:00:00,0.667531,0.667907,0.666632,0.667008,50
2024-09-06 13:00:00,0.667008,0.667817,0.666752,0.667561,50
2024-09-06 14:00:00,0.667561,0.667626,0.667177,0.667243,50
2024-09-06 15:00:00,0.667243,0.669490,0.666871,0.669119,50
2024-09-06 16:00:00,0.669119,0.670165,0.668760,0.669806,50
2024-09-06 17:00:00,0.669806,0.670034,0.669583,0.669811,50
2024-09-06 18:00:00,0.669811,0.671519,0.669454,0.671161,50
2024-09-06 19:00:00,0.671161,0.672572,0.671157,0.672568,50
2024-09-06 20:00:00,0.672568,0.674041,0.672236,0.673709,50
2024-09-06 21:00:00,0.673709,0.674096,0.671666,0.672052,50
2024-09-06 22:00:00,0.672052,0.672312,0.670665,0.670925,50
2024-09-06 23:00:00,0.670925,0.671042,0.667663,0.667780,50
2024-09-09 00:00:00,0.667780,0.667859,0.667106,0.667185,50
2024-09-09 01:00:00,0.667185,0.667239,0.667139,0.667192,50
2024-09-09 02:00:00,0.667192,0.667770,0.667150,0.667728,50
2024-09-09 03:00:00,0.667728,0.667762,0.667570,0.667605,50
2024-09-09 04:00:00,0.667605,0.668193,0.667501,0.668089,50
2024-09-09 05:00:00,0.668089,0.668103,0.667396,0.667409,50
2024-09-09 06:00:00,0.667409,0.667415,0.667194,0.667199,50
2024-09-09 07:00:00,0.667199,0.667258,0.666389,0.666448,50
2024-09-09 08:00:00,0.666448,0.666623,0.666336,0.666511,50
2024-09-09 09:00:00,0.666511,0.667254,0.666422,0.667166,50
2024-09-09 10:00:00,0.667166,0.667594,0.667072,0.667500,50
2024-09-09 11:00:00,0.667500,0.667576,0.666842,0.666917,50
2024-09-09 12:00:00,0.666917,0.667234,0.666895,0.667212,50
2024-09-09 13:00:00,0.667212,0.667643,0.667093,0.667524,50
2024-09-09 14:00:00,0.667524,0.667612,0.667480,0.667568,50
2024-09-09 15:00:00,0.667568,0.667820,0.667459,0.667711,50
2024-09-09 16:00:00,0.667711,0.667830,0.667511,0.667630,50
2024-09-09 17:00:00,0.667630,0.668049,0.667591,0.668010,50
2024-09-09 18:00:00,0.668010,0.668056,0.667457,0.667503,50
2024-09-09 19:00:00,0.667503,0.667598,0.666688,0.666782,50
2024-09-09 20:00:00,0.666782,0.666868,0.666204,0.666290,50
2024-09-09 21:00:00,0.666290,0.666871,0.666191,0.666772,50
2024-09-09 22:00:00,0.666772,0.666777,0.666661,0.666666,50
2024-09-09 23:00:00,0.666666,0.666704,0.666362,0.666400,50
2024-09-10 00:00:00,0.666400,0.666485,0.666229,0.666313,50
2024-09-10 01:00:00,0.666313,0.666563,0.666284,0.666534,50
2024-09-10 02:00:00,0.666534,0.666614,0.666484,0.666565,50
2024-09-10 03:00:00,0.666565,0.666604,0.666436,0.666476,50
2024-09-10 04:00:00,0.666476,0.666717,0.666411,0.666652,50
2024-09-10 05:00:00,0.666652,0.666864,0.666539,0.666750,50
2024-09-10 06:00:00,0.666750,0.666784,0.666740,0.666774,50
2024-09-10 07:00:00,0.666774,0.666855,0.666718,0.666799,50
2024-09-10 08:00:00,0.666799,0.666860,0.666672,0.666732,50
2024-09-10 09:00:00,0.666732,0.666765,0.666561,0.666594,50
2024-09-10 10:00:00,0.666594,0.666682,0.666213,0.666301,50
2024-09-10 11:00:00,0.666301,0.666352,0.666025,0.666076,50
2024-09-10 12:00:00,0.666076,0.666143,0.665954,0.666020,50
2024-09-10 13:00:00,0.666020,0.666073,0.665638,0.665690,50
2024-09-10 14:00:00,0.665690,0.665734,0.665527,0.665571,50
2024-09-10 15:00:00,0.665571,0.665613,0.665427,0.665470,50
2024-09-10 16:00:00,0.665470,0.665502,0.665134,0.665167,50
2024-09-10 17:00:00,0.665167,0.665280,0.665077,0.665190,50
2024-09-10 18:00:00,0.665190,0.665386,0.665143,0.665340,50
2024-09-10 19:00:00,0.665340,0.665381,0.665227,0.665268,50
2024-09-10 20:00:00,0.665268,0.665325,0.665115,0.665173,50
2024-09-10 21:00:00,0.665173,0.665271,0.664828,0.664926,50
2024-09-10 22:00:00,0.664926,0.664937,0.664793,0.664804,50
2024-09-10 23:00:00,0.664804,0.665219,0.664789,0.665203,50
2024-09-11 00:00:00,0.665203,0.666138,0.665155,0.666090,50
2024-09-11 01:00:00,0.666090,0.666176,0.665800,0.665886,50
2024-09-11 02:00:00,0.665886,0.665966,0.665881,0.665961,50
2024-09-11 03:00:00,0.665961,0.666033,0.665955,0.666027,50
2024-09-11 04:00:00,0.666027,0.666065,0.665851,0.665889,50
2024-09-11 05:00:00,0.665889,0.666026,0.665865,0.666002,50
2024-09-11 06:00:00,0.666002,0.666121,0.664953,0.665072,50
2024-09-11 07:00:00,0.665072,0.665178,0.664619,0.664725,50
2024-09-11 08:00:00,0.664725,0.665196,0.664690,0.665161,50
2024-09-11 09:00:00,0.665161,0.665215,0.664679,0.664734,50
2024-09-11 10:00:00,0.664734,0.664745,0.664730,0.664741,50
2024-09-11 11:00:00,0.664741,0.664825,0.664634,0.664718,50
2024-09-11 12:00:00,0.664718,0.664785,0.664506,0.664573,50
2024-09-11 13:00:00,0.664573,0.665083,0.664489,0.664999,50
2024-09-11 14:00:00,0.664999,0.665006,0.664464,0.664471,50
2024-09-11 15:00:00,0.664471,0.664535,0.664349,0.664414,50
2024-09-11 16:00:00,0.664414,0.664479,0.664402,0.664467,50
2024-09-11 17:00:00,0.664467,0.664825,0.664416,0.664775,50
2024-09-11 18:00:00,0.664775,0.664875,0.664555,0.664655,50
2024-09-11 19:00:00,0.664655,0.664760,0.663990,0.664095,50
2024-09-11 20:00:00,0.664095,0.664325,0.664033,0.664263,50
2024-09-11 21:00:00,0.664263,0.664541,0.664147,0.664425,50
2024-09-11 22:00:00,0.664425,0.665085,0.664403,0.665063,50
2024-09-11 23:00:00,0.665063,0.665101,0.664944,0.664982,50
2024-09-12 00:00:00,0.664982,0.665247,0.663791,0.664056,50
2024-09-12 01:00:00,0.664056,0.664919,0.663942,0.664805,50
2024-09-12 02:00:00,0.664805,0.666009,0.664448,0.665652,50
2024-09-12 03:00:00,0.665652,0.666150,0.665399,0.665897,50
2024-09-12 04:00:00,0.665897,0.666883,0.665660,0.666646,50
2024-09-12 05:00:00,0.666646,0.667951,0.666325,0.667629,50
2024-09-12 06:00:00,0.667629,0.668908,0.667605,0.668884,50
2024-09-12 07:00:00,0.668884,0.669276,0.668783,0.669176,50
2024-09-12 08:00:00,0.669176,0.669621,0.669158,0.669604,50
2024-09-12 09:00:00,0.669604,0.669819,0.669470,0.669685,50
2024-09-12 10:00:00,0.669685,0.670005,0.668034,0.668353,50
2024-09-12 11:00:00,0.668353,0.668358,0.667601,0.667606,50
2024-09-12 12:00:00,0.667606,0.667765,0.666957,0.667116,50
2024-09-12 13:00:00,0.667116,0.667162,0.666106,0.666152,50
2024-09-12 14:00:00,0.666152,0.667235,0.666075,0.667158,50
2024-09-12 15:00:00,0.667158,0.668113,0.667099,0.668054,50
2024-09-12 16:00:00,0.668054,0.668735,0.667811,0.668492,50
2024-09-12 17:00:00,0.668492,0.669176,0.668275,0.668959,50
2024-09-12 18:00:00,0.668959,0.669210,0.668945,0.669196,50
2024-09-12 19:00:00,0.669196,0.670552,0.669183,0.670539,50
2024-09-12 20:00:00,0.670539,0.670754,0.669651,0.669866,50
2024-09-12 21:00:00,0.669866,0.670249,0.669519,0.669902,50
2024-09-12 22:00:00,0.669902,0.670180,0.667777,0.668055,50
2024-09-12 23:00:00,0.668055,0.669687,0.667981,0.669613,50
2024-09-13 00:00:00,0.669613,0.669706,0.669206,0.669298,50
2024-09-13 01:00:00,0.669298,0.669719,0.669221,0.669642,50
2024-09-13 02:00:00,0.669642,0.669653,0.669525,0.669536,50
2024-09-13 03:00:00,0.669536,0.670045,0.669432,0.669941,50
2024-09-13 04:00:00,0.669941,0.669988,0.669445,0.669492,50
2024-09-13 05:00:00,0.669492,0.669697,0.669414,0.669619,50
2024-09-13 06:00:00,0.669619,0.669908,0.669563,0.669852,50
2024-09-13 07:00:00,0.669852,0.669929,0.669700,0.669777,50
2024-09-13 08:00:00,0.669777,0.670325,0.669686,0.670233,50
2024-09-13 09:00:00,0.670233,0.670560,0.670204,0.670530,50
2024-09-13 10:00:00,0.670530,0.670669,0.670527,0.670665,50
2024-09-13 11:00:00,0.670665,0.670714,0.670580,0.670630,50
2024-09-13 12:00:00,0.670630,0.670677,0.670574,0.670622,50
2024-09-13 13:00:00,0.670622,0.670871,0.670522,0.670771,50
2024-09-13 14:00:00,0.670771,0.671098,0.670693,0.671020,50
2024-09-13 15:00:00,0.671020,0.671088,0.670907,0.670975,50
2024-09-13 16:00:00,0.670975,0.671080,0.670851,0.670956,50
2024-09-13 17:00:00,0.670956,0.671233,0.670829,0.671107,50
2024-09-13 18:00:00,0.671107,0.671121,0.670756,0.670770,50
2024-09-13 19:00:00,0.670770,0.671119,0.670759,0.671108,50
2024-09-13 20:00:00,0.671108,0.671510,0.671099,0.671501,50
2024-09-13 21:00:00,0.671501,0.671592,0.671216,0.671308,50
2024-09-13 22:00:00,0.671308,0.671429,0.670835,0.670956,50
2024-09-13 23:00:00,0.670956,0.671224,0.670918,0.671186,50
2024-09-16 00:00:00,0.671186,0.672322,0.671166,0.672303,50
2024-09-16 01:00:00,0.672303,0.672411,0.671596,0.671704,50
2024-09-16 02:00:00,0.671704,0.671746,0.671376,0.671418,50
2024-09-16 03:00:00,0.671418,0.671632,0.671349,0.671564,50
2024-09-16 04:00:00,0.671564,0.671600,0.671115,0.671151,50
2024-09-16 05:00:00,0.671151,0.671265,0.670530,0.670643,50
2024-09-16 06:00:00,0.670643,0.670853,0.670538,0.670747,50
2024-09-16 07:00:00,0.670747,0.671179,0.670595,0.671027,50
2024-09-16 08:00:00,0.671027,0.671112,0.670726,0.670811,50
2024-09-16 09:00:00,0.670811,0.671930,0.670713,0.671833,50
2024-09-16 10:00:00,0.671833,0.672267,0.671772,0.672206,50
2024-09-16 11:00:00,0.672206,0.672658,0.671994,0.672445,50
2024-09-16 12:00:00,0.672445,0.672619,0.671852,0.672026,50
2024-09-16 13:00:00,0.672026,0.673157,0.671935,0.673067,50
2024-09-16 14:00:00,0.673067,0.673119,0.672978,0.673030,50
2024-09-16 15:00:00,0.673030,0.673475,0.672956,0.673401,50
2024-09-16 16:00:00,0.673401,0.673608,0.673296,0.673503,50
2024-09-16 17:00:00,0.673503,0.673591,0.673404,0.673493,50
2024-09-16 18:00:00,0.673493,0.673617,0.673017,0.673141,50
2024-09-16 19:00:00,0.673141,0.673321,0.673020,0.673200,50
2024-09-16 20:00:00,0.673200,0.673346,0.673148,0.673294,50
2024-09-16 21:00:00,0.673294,0.673710,0.673104,0.673520,50
2024-09-16 22:00:00,0.673520,0.673663,0.673247,0.673390,50
2024-09-16 23:00:00,0.673390,0.674067,0.673223,0.673900,50
2024-09-17 00:00:00,0.673900,0.674194,0.673865,0.674159,50
2024-09-17 01:00:00,0.674159,0.674274,0.674076,0.674191,50
2024-09-17 02:00:00,0.674191,0.674731,0.674119,0.674658,50
2024-09-17 03:00:00,0.674658,0.674778,0.674273,0.674393,50
2024-09-17 04:00:00,0.674393,0.674892,0.674314,0.674814,50
2024-09-17 05:00:00,0.674814,0.674945,0.674768,0.674899,50
2024-09-17 06:00:00,0.674899,0.675529,0.674897,0.675527,50
2024-09-17 07:00:00,0.675527,0.675793,0.675434,0.675700,50
2024-09-17 08:00:00,0.675700,0.675766,0.675636,0.675702,50
2024-09-17 09:00:00,0.675702,0.675790,0.674995,0.675083,50
2024-09-17 10:00:00,0.675083,0.675091,0.675007,0.675015,50
2024-09-17 11:00:00,0.675015,0.675021,0.674550,0.674556,50
2024-09-17 12:00:00,0.674556,0.674598,0.674194,0.674236,50
2024-09-17 13:00:00,0.674236,0.674291,0.674083,0.674137,50
2024-09-17 14:00:00,0.674137,0.674145,0.673765,0.673773,50
2024-09-17 15:00:00,0.673773,0.673821,0.673707,0.673754,50
2024-09-17 16:00:00,0.673754,0.673964,0.673655,0.673865,50
2024-09-17 17:00:00,0.673865,0.673957,0.673507,0.673599,50
2024-09-17 18:00:00,0.673599,0.673950,0.673517,0.673867,50
2024-09-17 19:00:00,0.673867,0.674076,0.673816,0.674025,50
2024-09-17 20:00:00,0.674025,0.674540,0.673900,0.674415,50
2024-09-17 21:00:00,0.674415,0.674733,0.674297,0.674616,50
2024-09-17 22:00:00,0.674616,0.675097,0.674551,0.675032,50
2024-09-17 23:00:00,0.675032,0.675474,0.674959,0.675402,50
2024-09-18 00:00:00,0.675402,0.675499,0.674750,0.674847,50
2024-09-18 01:00:00,0.674847,0.674855,0.674760,0.674768,50
2024-09-18 02:00:00,0.674768,0.674782,0.674716,0.674730,50
2024-09-18 03:00:00,0.674730,0.674898,0.674651,0.674819,50
2024-09-18 04:00:00,0.674819,0.675530,0.674763,0.675474,50
2024-09-18 05:00:00,0.675474,0.675698,0.675434,0.675659,50
2024-09-18 06:00:00,0.675659,0.675770,0.675380,0.675491,50
2024-09-18 07:00:00,0.675491,0.675522,0.675323,0.675354,50
2024-09-18 08:00:00,0.675354,0.675519,0.675250,0.675415,50
2024-09-18 09:00:00,0.675415,0.675762,0.675413,0.675761,50
2024-09-18 10:00:00,0.675761,0.676023,0.675704,0.675965,50
2024-09-18 11:00:00,0.675965,0.676232,0.675885,0.676151,50
2024-09-18 12:00:00,0.676151,0.676273,0.676121,0.676242,50
2024-09-18 13:00:00,0.676242,0.676420,0.676149,0.676328,50
2024-09-18 14:00:00,0.676328,0.676373,0.676273,0.676318,50
2024-09-18 15:00:00,0.676318,0.676733,0.676306,0.676721,50
2024-09-18 16:00:00,0.676721,0.676839,0.676640,0.676758,50
2024-09-18 17:00:00,0.676758,0.676811,0.676272,0.676324,50
2024-09-18 18:00:00,0.676324,0.676442,0.676317,0.676434,50
2024-09-18 19:00:00,0.676434,0.676518,0.675972,0.676057,50
2024-09-18 20:00:00,0.676057,0.676136,0.675581,0.675660,50
2024-09-18 21:00:00,0.675660,0.675883,0.675644,0.675866,50
2024-09-18 22:00:00,0.675866,0.676319,0.675820,0.676273,50
2024-09-18 23:00:00,0.676273,0.676334,0.676026,0.676087,50
2024-09-19 00:00:00,0.676087,0.676262,0.675574,0.675749,50
2024-09-19 01:00:00,0.675749,0.676558,0.675322,0.676131,50
2024-09-19 02:00:00,0.676131,0.676381,0.675531,0.675781,50
2024-09-19 03:00:00,0.675781,0.676067,0.675403,0.675689,50
2024-09-19 04:00:00,0.675689,0.675797,0.675569,0.675677,50
2024-09-19 05:00:00,0.675677,0.675857,0.675104,0.675284,50
2024-09-19 06:00:00,0.675284,0.675870,0.675277,0.675863,50
2024-09-19 07:00:00,0.675863,0.677261,0.675425,0.676822,50
2024-09-19 08:00:00,0.676822,0.677202,0.676491,0.676871,50
2024-09-19 09:00:00,0.676871,0.677870,0.676655,0.677655,50
2024-09-19 10:00:00,0.677655,0.677981,0.677194,0.677520,50
2024-09-19 11:00:00,0.677520,0.678324,0.677434,0.678239,50
2024-09-19 12:00:00,0.678239,0.679543,0.677840,0.679144,50
2024-09-19 13:00:00,0.679144,0.679312,0.678337,0.678505,50
2024-09-19 14:00:00,0.678505,0.680966,0.678040,0.680501,50
2024-09-19 15:00:00,0.680501,0.681224,0.680323,0.681046,50
2024-09-19 16:00:00,0.681046,0.681945,0.680957,0.681856,50
2024-09-19 17:00:00,0.681856,0.682243,0.680042,0.680429,50
2024-09-19 18:00:00,0.680429,0.682310,0.680401,0.682282,50
2024-09-19 19:00:00,0.682282,0.682920,0.682165,0.682803,50
2024-09-19 20:00:00,0.682803,0.683062,0.680969,0.681228,50
2024-09-19 21:00:00,0.681228,0.682221,0.680836,0.681829,50
2024-09-19 22:00:00,0.681829,0.682022,0.681275,0.681467,50
2024-09-19 23:00:00,0.681467,0.681806,0.681371,0.681710,50
2024-09-20 00:00:00,0.681710,0.681869,0.681646,0.681805,50
2024-09-20 01:00:00,0.681805,0.682247,0.681732,0.682174,50
2024-09-20 02:00:00,0.682174,0.682281,0.681809,0.681916,50
2024-09-20 03:00:00,0.681916,0.681989,0.681871,0.681944,50
2024-09-20 04:00:00,0.681944,0.681949,0.681343,0.681348,50
2024-09-20 05:00:00,0.681348,0.681890,0.681310,0.681852,50
2024-09-20 06:00:00,0.681852,0.682170,0.681755,0.682074,50
2024-09-20 07:00:00,0.682074,0.682100,0.681634,0.681660,50
2024-09-20 08:00:00,0.681660,0.681702,0.681400,0.681442,50
2024-09-20 09:00:00,0.681442,0.681499,0.681254,0.681311,50
2024-09-20 10:00:00,0.681311,0.681352,0.680752,0.680794,50
2024-09-20 11:00:00,0.680794,0.680915,0.680556,0.680677,50
2024-09-20 12:00:00,0.680677,0.680818,0.680562,0.680702,50
2024-09-20 13:00:00,0.680702,0.681062,0.680597,0.680957,50
2024-09-20 14:00:00,0.680957,0.680999,0.680941,0.680983,50
2024-09-20 15:00:00,0.680983,0.681226,0.680956,0.681198,50
2024-09-20 16:00:00,0.681198,0.681410,0.681131,0.681343,50
2024-09-20 17:00:00,0.681343,0.681472,0.681332,0.681461,50
2024-09-20 18:00:00,0.681461,0.681531,0.681004,0.681074,50
2024-09-20 19:00:00,0.681074,0.681139,0.680585,0.680651,50
2024-09-20 20:00:00,0.680651,0.680678,0.680188,0.680215,50
2024-09-20 21:00:00,0.680215,0.680327,0.680020,0.680132,50
2024-09-20 22:00:00,0.680132,0.680541,0.680021,0.680430,50
2024-09-20 23:00:00,0.680430,0.680707,0.680319,0.680596,50
2024-09-23 00:00:00,0.680596,0.680936,0.679728,0.680068,50
2024-09-23 01:00:00,0.680068,0.680731,0.679991,0.680654,50
2024-09-23 02:00:00,0.680654,0.681234,0.680650,0.681230,50
2024-09-23 03:00:00,0.681230,0.682715,0.680959,0.682444,50
2024-09-23 04:00:00,0.682444,0.682757,0.681946,0.682259,50
2024-09-23 05:00:00,0.682259,0.682956,0.682095,0.682793,50
2024-09-23 06:00:00,0.682793,0.682920,0.682176,0.682304,50
2024-09-23 07:00:00,0.682304,0.683841,0.682064,0.683602,50
2024-09-23 08:00:00,0.683602,0.684584,0.683505,0.684487,50
2024-09-23 09:00:00,0.684487,0.685105,0.684363,0.684981,50
2024-09-23 10:00:00,0.684981,0.685193,0.684935,0.685147,50
2024-09-23 11:00:00,0.685147,0.685230,0.684602,0.684685,50
2024-09-23 12:00:00,0.684685,0.685245,0.684365,0.684926,50
2024-09-23 13:00:00,0.684926,0.685472,0.684730,0.685275,50
2024-09-23 14:00:00,0.685275,0.685284,0.684857,0.684865,50
2024-09-23 15:00:00,0.684865,0.685935,0.684560,0.685630,50
2024-09-23 16:00:00,0.685630,0.685748,0.684597,0.684715,50
2024-09-23 17:00:00,0.684715,0.684948,0.683851,0.684084,50
2024-09-23 18:00:00,0.684084,0.684423,0.683283,0.683622,50
2024-09-23 19:00:00,0.683622,0.683780,0.683033,0.683191,50
2024-09-23 20:00:00,0.683191,0.683602,0.683186,0.683597,50
2024-09-23 21:00:00,0.683597,0.684644,0.683579,0.684626,50
2024-09-23 22:00:00,0.684626,0.684753,0.684568,0.684695,50
2024-09-23 23:00:00,0.684695,0.684890,0.684595,0.684791,50
2024-09-24 00:00:00,0.684791,0.686452,0.684691,0.686353,50
2024-09-24 01:00:00,0.686353,0.686520,0.685363,0.685530,50
2024-09-24 02:00:00,0.685530,0.685530,0.685203,0.685203,50
2024-09-24 03:00:00,0.685203,0.685289,0.684871,0.684957,50
2024-09-24 04:00:00,0.684957,0.685429,0.684762,0.685234,50
2024-09-24 05:00:00,0.685234,0.685249,0.685098,0.685113,50
2024-09-24 06:00:00,0.685113,0.685300,0.684933,0.685120,50
2024-09-24 07:00:00,0.685120,0.685266,0.684379,0.684526,50
2024-09-24 08:00:00,0.684526,0.684872,0.684335,0.684681,50
2024-09-24 09:00:00,0.684681,0.684806,0.684167,0.684292,50
2024-09-24 10:00:00,0.684292,0.684900,0.684164,0.684773,50
2024-09-24 11:00:00,0.684773,0.684937,0.684364,0.684528,50
2024-09-24 12:00:00,0.684528,0.684537,0.684395,0.684405,50
2024-09-24 13:00:00,0.684405,0.684756,0.684355,0.684706,50
2024-09-24 14:00:00,0.684706,0.685686,0.684519,0.685499,50
2024-09-24 15:00:00,0.685499,0.686168,0.685308,0.685977,50
2024-09-24 16:00:00,0.685977,0.686248,0.685898,0.686170,50
2024-09-24 17:00:00,0.686170,0.686552,0.686079,0.686461,50
2024-09-24 18:00:00,0.686461,0.686474,0.686283,0.686296,50
2024-09-24 19:00:00,0.686296,0.687245,0.686112,0.687061,50
2024-09-24 20:00:00,0.687061,0.687315,0.686971,0.687225,50
2024-09-24 21:00:00,0.687225,0.687992,0.687018,0.687784,50
2024-09-24 22:00:00,0.687784,0.687922,0.687635,0.687773,50
2024-09-24 23:00:00,0.687773,0.687961,0.687098,0.687285,50
2024-09-25 00:00:00,0.687285,0.687312,0.684715,0.684742,50
2024-09-25 01:00:00,0.684742,0.684763,0.683777,0.683798,50
2024-09-25 02:00:00,0.683798,0.684081,0.682717,0.683000,50
2024-09-25 03:00:00,0.683000,0.683985,0.682775,0.683760,50
2024-09-25 04:00:00,0.683760,0.684700,0.683545,0.684485,50
2024-09-25 05:00:00,0.684485,0.684757,0.684372,0.684644,50
2024-09-25 06:00:00,0.684644,0.685309,0.684585,0.685250,50
2024-09-25 07:00:00,0.685250,0.685495,0.684399,0.684645,50
2024-09-25 08:00:00,0.684645,0.686430,0.684501,0.686286,50
2024-09-25 09:00:00,0.686286,0.686507,0.685871,0.686091,50
2024-09-25 10:00:00,0.686091,0.686709,0.686011,0.686629,50
2024-09-25 11:00:00,0.686629,0.687576,0.686555,0.687502,50
2024-09-25 12:00:00,0.687502,0.688216,0.687239,0.687953,50
2024-09-25 13:00:00,0.687953,0.688246,0.686297,0.686590,50
2024-09-25 14:00:00,0.686590,0.688176,0.686349,0.687934,50
2024-09-25 15:00:00,0.687934,0.688236,0.687697,0.687999,50
2024-09-25 16:00:00,0.687999,0.688219,0.686839,0.687058,50
2024-09-25 17:00:00,0.687058,0.687109,0.686004,0.686055,50
2024-09-25 18:00:00,0.686055,0.687172,0.685968,0.687085,50
2024-09-25 19:00:00,0.687085,0.687221,0.685750,0.685887,50
2024-09-25 20:00:00,0.685887,0.686126,0.684915,0.685154,50
2024-09-25 21:00:00,0.685154,0.685155,0.684381,0.684382,50
2024-09-25 22:00:00,0.684382,0.684511,0.683875,0.684005,50
2024-09-25 23:00:00,0.684005,0.684060,0.683658,0.683714,50
2024-09-26 00:00:00,0.683714,0.683715,0.683225,0.683226,50
2024-09-26 01:00:00,0.683226,0.683893,0.683019,0.683686,50
2024-09-26 02:00:00,0.683686,0.687751,0.683410,0.687476,50
2024-09-26 03:00:00,0.687476,0.688009,0.685205,0.685738,50
2024-09-26 04:00:00,0.685738,0.685780,0.683579,0.683620,50
2024-09-26 05:00:00,0.683620,0.687230,0.683514,0.687123,50
2024-09-26 06:00:00,0.687123,0.691636,0.686959,0.691472,50
2024-09-26 07:00:00,0.691472,0.691807,0.688896,0.689232,50
2024-09-26 08:00:00,0.689232,0.689244,0.687332,0.687344,50
2024-09-26 09:00:00,0.687344,0.687475,0.686580,0.686711,50
2024-09-26 10:00:00,0.686711,0.686720,0.682412,0.682421,50
2024-09-26 11:00:00,0.682421,0.684293,0.681951,0.683823,50
2024-09-26 12:00:00,0.683823,0.684340,0.683247,0.683763,50
2024-09-26 13:00:00,0.683763,0.685621,0.683271,0.685128,50
2024-09-26 14:00:00,0.685128,0.685661,0.684138,0.684670,50
2024-09-26 15:00:00,0.684670,0.685007,0.683677,0.684014,50
2024-09-26 16:00:00,0.684014,0.684018,0.683081,0.683085,50
2024-09-26 17:00:00,0.683085,0.689194,0.682989,0.689097,50
2024-09-26 18:00:00,0.689097,0.689510,0.686362,0.686775,50
2024-09-26 19:00:00,0.686775,0.689700,0.686574,0.689500,50
2024-09-26 20:00:00,0.689500,0.689655,0.688272,0.688427,50
2024-09-26 21:00:00,0.688427,0.689375,0.688403,0.689351,50
2024-09-26 22:00:00,0.689351,0.689371,0.687150,0.687169,50
2024-09-26 23:00:00,0.687169,0.690253,0.687095,0.690179,50
2024-09-27 00:00:00,0.690179,0.690400,0.690112,0.690333,50
2024-09-27 01:00:00,0.690333,0.690371,0.690051,0.690089,50
2024-09-27 02:00:00,0.690089,0.690127,0.689589,0.689627,50
2024-09-27 03:00:00,0.689627,0.689706,0.689622,0.689702,50
2024-09-27 04:00:00,0.689702,0.690113,0.689657,0.690069,50
2024-09-27 05:00:00,0.690069,0.690184,0.689480,0.689595,50
2024-09-27 06:00:00,0.689595,0.689869,0.689567,0.689841,50
2024-09-27 07:00:00,0.689841,0.689907,0.689600,0.689666,50
2024-09-27 08:00:00,0.689666,0.689708,0.689640,0.689682,50
2024-09-27 09:00:00,0.689682,0.690542,0.689569,0.690429,50
2024-09-27 10:00:00,0.690429,0.690542,0.690122,0.690236,50
2024-09-27 11:00:00,0.690236,0.690676,0.690129,0.690570,50
2024-09-27 12:00:00,0.690570,0.691012,0.690527,0.690970,50
2024-09-27 13:00:00,0.690970,0.691088,0.690722,0.690840,50
2024-09-27 14:00:00,0.690840,0.690945,0.690607,0.690712,50
2024-09-27 15:00:00,0.690712,0.690840,0.690606,0.690735,50
2024-09-27 16:00:00,0.690735,0.691171,0.690645,0.691082,50
2024-09-27 17:00:00,0.691082,0.691695,0.691056,0.691669,50
2024-09-27 18:00:00,0.691669,0.691678,0.691534,0.691543,50
2024-09-27 19:00:00,0.691543,0.691596,0.691378,0.691431,50
2024-09-27 20:00:00,0.691431,0.691554,0.690801,0.690924,50
2024-09-27 21:00:00,0.690924,0.691033,0.690117,0.690225,50
2024-09-27 22:00:00,0.690225,0.690345,0.689778,0.689898,50
2024-09-27 23:00:00,0.689898,0.691093,0.689889,0.691085,50
2024-09-30 00:00:00,0.691085,0.691271,0.690985,0.691171,50
2024-09-30 01:00:00,0.691171,0.691361,0.690988,0.691178,50
2024-09-30 02:00:00,0.691178,0.691370,0.691138,0.691330,50
2024-09-30 03:00:00,0.691330,0.691505,0.690858,0.691033,50
2024-09-30 04:00:00,0.691033,0.691183,0.690615,0.690764,50
2024-09-30 05:00:00,0.690764,0.690921,0.690468,0.690625,50
2024-09-30 06:00:00,0.690625,0.691004,0.690491,0.690871,50
2024-09-30 07:00:00,0.690871,0.691379,0.690751,0.691258,50
2024-09-30 08:00:00,0.691258,0.691328,0.691212,0.691282,50
2024-09-30 09:00:00,0.691282,0.691879,0.691181,0.691778,50
2024-09-30 10:00:00,0.691778,0.692028,0.691604,0.691853,50
2024-09-30 11:00:00,0.691853,0.692388,0.691788,0.692323,50
2024-09-30 12:00:00,0.692323,0.692981,0.692251,0.692909,50
2024-09-30 13:00:00,0.692909,0.693361,0.692730,0.693181,50
2024-09-30 14:00:00,0.693181,0.693360,0.692840,0.693018,50
2024-09-30 15:00:00,0.693018,0.693271,0.692997,0.693250,50
2024-09-30 16:00:00,0.693250,0.693533,0.693091,0.693375,50
2024-09-30 17:00:00,0.693375,0.693598,0.693209,0.693432,50
2024-09-30 18:00:00,0.693432,0.694031,0.693247,0.693845,50
2024-09-30 19:00:00,0.693845,0.693961,0.693374,0.693490,50
2024-09-30 20:00:00,0.693490,0.693631,0.692935,0.693076,50
2024-09-30 21:00:00,0.693076,0.693222,0.692684,0.692830,50
2024-09-30 22:00:00,0.692830,0.693025,0.692820,0.693015,50
2024-09-30 23:00:00,0.693015,0.693447,0.692953,0.693385,50
2024-10-01 00:00:00,0.693385,0.693735,0.692503,0.692852,50
2024-10-01 01:00:00,0.692852,0.694313,0.692757,0.694218,50
2024-10-01 02:00:00,0.694218,0.694583,0.692503,0.692869,50
2024-10-01 03:00:00,0.692869,0.694523,0.692647,0.694302,50
2024-10-01 04:00:00,0.694302,0.694641,0.692802,0.693141,50
2024-10-01 05:00:00,0.693141,0.693505,0.692548,0.692911,50
2024-10-01 06:00:00,0.692911,0.693263,0.692288,0.692639,50
2024-10-01 07:00:00,0.692639,0.692753,0.692099,0.692212,50
2024-10-01 08:00:00,0.692212,0.692561,0.690981,0.691330,50
2024-10-01 09:00:00,0.691330,0.691709,0.690188,0.690567,50
2024-10-01 10:00:00,0.690567,0.690703,0.689958,0.690094,50
2024-10-01 11:00:00,0.690094,0.690627,0.690024,0.690557,50
2024-10-01 12:00:00,0.690557,0.693618,0.690436,0.693497,50
2024-10-01 13:00:00,0.693497,0.693871,0.692993,0.693367,50
2024-10-01 14:00:00,0.693367,0.693401,0.692658,0.692691,50
2024-10-01 15:00:00,0.692691,0.692849,0.692590,0.692748,50
2024-10-01 16:00:00,0.692748,0.693016,0.692455,0.692723,50
2024-10-01 17:00:00,0.692723,0.692918,0.691129,0.691325,50
2024-10-01 18:00:00,0.691325,0.691459,0.689782,0.689916,50
2024-10-01 19:00:00,0.689916,0.690220,0.689039,0.689343,50
2024-10-01 20:00:00,0.689343,0.689439,0.688987,0.689083,50
2024-10-01 21:00:00,0.689083,0.689106,0.687860,0.687883,50
2024-10-01 22:00:00,0.687883,0.688834,0.687650,0.688601,50
2024-10-01 23:00:00,0.688601,0.688804,0.688598,0.688800,50
2024-10-02 00:00:00,0.688800,0.689237,0.688683,0.689120,50
2024-10-02 01:00:00,0.689120,0.689203,0.688546,0.688629,50
2024-10-02 02:00:00,0.688629,0.689167,0.688539,0.689076,50
2024-10-02 03:00:00,0.689076,0.689181,0.688895,0.688999,50
2024-10-02 04:00:00,0.688999,0.689072,0.688895,0.688968,50
2024-10-02 05:00:00,0.688968,0.689725,0.688847,0.689604,50
2024-10-02 06:00:00,0.689604,0.689679,0.689166,0.689240,50
2024-10-02 07:00:00,0.689240,0.689318,0.688836,0.688913,50
2024-10-02 08:00:00,0.688913,0.688942,0.688094,0.688122,50
2024-10-02 09:00:00,0.688122,0.688237,0.688028,0.688143,50
2024-10-02 10:00:00,0.688143,0.689689,0.688087,0.689633,50
2024-10-02 11:00:00,0.689633,0.689678,0.689244,0.689289,50
2024-10-02 12:00:00,0.689289,0.689380,0.688878,0.688969,50
2024-10-02 13:00:00,0.688969,0.689075,0.688560,0.688666,50
2024-10-02 14:00:00,0.688666,0.689263,0.688652,0.689248,50
2024-10-02 15:00:00,0.689248,0.689260,0.688967,0.688979,50
2024-10-02 16:00:00,0.688979,0.689008,0.688289,0.688317,50
2024-10-02 17:00:00,0.688317,0.688693,0.688240,0.688615,50
2024-10-02 18:00:00,0.688615,0.688991,0.688507,0.688882,50
2024-10-02 19:00:00,0.688882,0.689329,0.688804,0.689251,50
2024-10-02 20:00:00,0.689251,0.689297,0.689229,0.689275,50
2024-10-02 21:00:00,0.689275,0.689559,0.689176,0.689460,50
2024-10-02 22:00:00,0.689460,0.690215,0.689342,0.690098,50
2024-10-02 23:00:00,0.690098,0.690111,0.689499,0.689513,50
2024-10-03 00:00:00,0.689513,0.689850,0.688456,0.688794,50
2024-10-03 01:00:00,0.688794,0.689109,0.686912,0.687227,50
2024-10-03 02:00:00,0.687227,0.687640,0.684941,0.685353,50
2024-10-03 03:00:00,0.685353,0.685420,0.683217,0.683284,50
2024-10-03 04:00:00,0.683284,0.687164,0.683139,0.687019,50
2024-10-03 05:00:00,0.687019,0.687655,0.686852,0.687488,50
2024-10-03 06:00:00,0.687488,0.687839,0.686441,0.686791,50
2024-10-03 07:00:00,0.686791,0.686997,0.685715,0.685921,50
2024-10-03 08:00:00,0.685921,0.686036,0.685573,0.685688,50
2024-10-03 09:00:00,0.685688,0.687292,0.685447,0.687051,50
2024-10-03 10:00:00,0.687051,0.687926,0.686769,0.687644,50
2024-10-03 11:00:00,0.687644,0.687835,0.686720,0.686911,50
2024-10-03 12:00:00,0.686911,0.687028,0.685682,0.685799,50
2024-10-03 13:00:00,0.685799,0.686820,0.685616,0.686637,50
2024-10-03 14:00:00,0.686637,0.686986,0.684806,0.685155,50
2024-10-03 15:00:00,0.685155,0.685370,0.684614,0.684830,50
2024-10-03 16:00:00,0.684830,0.685111,0.683348,0.683629,50
2024-10-03 17:00:00,0.683629,0.684886,0.683206,0.684463,50
2024-10-03 18:00:00,0.684463,0.684507,0.683566,0.683609,50
2024-10-03 19:00:00,0.683609,0.684696,0.683459,0.684545,50
2024-10-03 20:00:00,0.684545,0.685906,0.684246,0.685607,50
2024-10-03 21:00:00,0.685607,0.687236,0.685569,0.687198,50
2024-10-03 22:00:00,0.687198,0.690687,0.687061,0.690551,50
2024-10-03 23:00:00,0.690551,0.690847,0.684026,0.684322,50
2024-10-04 00:00:00,0.684322,0.685202,0.683997,0.684876,50
2024-10-04 01:00:00,0.684876,0.685067,0.683846,0.684036,50
2024-10-04 02:00:00,0.684036,0.684408,0.680099,0.680471,50
2024-10-04 03:00:00,0.680471,0.680632,0.679519,0.679681,50
2024-10-04 04:00:00,0.679681,0.680415,0.679528,0.680263,50
2024-10-04 05:00:00,0.680263,0.682342,0.680117,0.682196,50
2024-10-04 06:00:00,0.682196,0.682266,0.681028,0.681098,50
2024-10-04 07:00:00,0.681098,0.681213,0.680214,0.680329,50
2024-10-04 08:00:00,0.680329,0.680524,0.680199,0.680394,50
2024-10-04 09:00:00,0.680394,0.680597,0.679270,0.679473,50
2024-10-04 10:00:00,0.679473,0.680454,0.679430,0.680411,50
2024-10-04 11:00:00,0.680411,0.682752,0.680285,0.682625,50
2024-10-04 12:00:00,0.682625,0.683854,0.682425,0.683654,50
2024-10-04 13:00:00,0.683654,0.683694,0.679949,0.679990,50
2024-10-04 14:00:00,0.679990,0.680176,0.678973,0.679160,50
2024-10-04 15:00:00,0.679160,0.679260,0.678696,0.678796,50
2024-10-04 16:00:00,0.678796,0.679401,0.678632,0.679237,50
2024-10-04 17:00:00,0.679237,0.680352,0.679162,0.680278,50
2024-10-04 18:00:00,0.680278,0.682449,0.680106,0.682277,50
2024-10-04 19:00:00,0.682277,0.683156,0.682060,0.682939,50
2024-10-04 20:00:00,0.682939,0.683904,0.682622,0.683586,50
2024-10-04 21:00:00,0.683586,0.683841,0.680074,0.680329,50
2024-10-04 22:00:00,0.680329,0.680369,0.678853,0.678894,50
2024-10-04 23:00:00,0.678894,0.679747,0.678864,0.679717,50
2024-10-07 00:00:00,0.679717,0.679929,0.678690,0.678902,50
2024-10-07 01:00:00,0.678902,0.679150,0.677518,0.677765,50
2024-10-07 02:00:00,0.677765,0.679340,0.677538,0.679112,50
2024-10-07 03:00:00,0.679112,0.680608,0.678948,0.680443,50
2024-10-07 04:00:00,0.680443,0.680500,0.679176,0.679233,50
2024-10-07 05:00:00,0.679233,0.679538,0.677580,0.677884,50
2024-10-07 06:00:00,0.677884,0.678554,0.677817,0.678486,50
2024-10-07 07:00:00,0.678486,0.678626,0.678093,0.678233,50
2024-10-07 08:00:00,0.678233,0.678352,0.677539,0.677658,50
2024-10-07 09:00:00,0.677658,0.677940,0.676931,0.677213,50
2024-10-07 10:00:00,0.677213,0.677955,0.677091,0.677833,50
2024-10-07 11:00:00,0.677833,0.678079,0.676539,0.676786,50
2024-10-07 12:00:00,0.676786,0.677608,0.676719,0.677541,50
2024-10-07 13:00:00,0.677541,0.677691,0.676911,0.677062,50
2024-10-07 14:00:00,0.677062,0.677305,0.675448,0.675690,50
2024-10-07 15:00:00,0.675690,0.676381,0.675645,0.676336,50
2024-10-07 16:00:00,0.676336,0.677022,0.676037,0.676724,50
2024-10-07 17:00:00,0.676724,0.677000,0.675846,0.676123,50
2024-10-07 18:00:00,0.676123,0.676357,0.675932,0.676167,50
2024-10-07 19:00:00,0.676167,0.676332,0.675196,0.675361,50
2024-10-07 20:00:00,0.675361,0.675869,0.675165,0.675674,50
2024-10-07 21:00:00,0.675674,0.676423,0.675544,0.676293,50
2024-10-07 22:00:00,0.676293,0.677505,0.676029,0.677241,50
2024-10-07 23:00:00,0.677241,0.677445,0.675882,0.676087,50
2024-10-08 00:00:00,0.676087,0.676561,0.676068,0.676542,50
2024-10-08 01:00:00,0.676542,0.676671,0.674316,0.674445,50
2024-10-08 02:00:00,0.674445,0.674589,0.673925,0.674069,50
2024-10-08 03:00:00,0.674069,0.674785,0.674005,0.674721,50
2024-10-08 04:00:00,0.674721,0.674985,0.674713,0.674977,50
2024-10-08 05:00:00,0.674977,0.674980,0.673795,0.673798,50
2024-10-08 06:00:00,0.673798,0.673940,0.673388,0.673530,50
2024-10-08 07:00:00,0.673530,0.673718,0.673166,0.673353,50
2024-10-08 08:00:00,0.673353,0.674802,0.673235,0.674683,50
2024-10-08 09:00:00,0.674683,0.674837,0.674542,0.674696,50
2024-10-08 10:00:00,0.674696,0.675004,0.674557,0.674865,50
2024-10-08 11:00:00,0.674865,0.674867,0.674507,0.674510,50
2024-10-08 12:00:00,0.674510,0.674789,0.674386,0.674665,50
2024-10-08 13:00:00,0.674665,0.675411,0.674588,0.675334,50
2024-10-08 14:00:00,0.675334,0.675362,0.675168,0.675196,50
2024-10-08 15:00:00,0.675196,0.675575,0.675018,0.675397,50
2024-10-08 16:00:00,0.675397,0.675776,0.675342,0.675721,50
2024-10-08 17:00:00,0.675721,0.676145,0.675712,0.676136,50
2024-10-08 18:00:00,0.676136,0.676233,0.675277,0.675374,50
2024-10-08 19:00:00,0.675374,0.675519,0.674994,0.675138,50
2024-10-08 20:00:00,0.675138,0.675618,0.675062,0.675541,50
2024-10-08 21:00:00,0.675541,0.676640,0.675380,0.676479,50
2024-10-08 22:00:00,0.676479,0.676596,0.676317,0.676434,50
2024-10-08 23:00:00,0.676434,0.676497,0.673746,0.673809,50
2024-10-09 00:00:00,0.673809,0.673817,0.673138,0.673146,50
2024-10-09 01:00:00,0.673146,0.673171,0.673053,0.673078,50
2024-10-09 02:00:00,0.673078,0.673144,0.673006,0.673072,50
2024-10-09 03:00:00,0.673072,0.673115,0.672608,0.672651,50
2024-10-09 04:00:00,0.672651,0.673178,0.672559,0.673086,50
2024-10-09 05:00:00,0.673086,0.673127,0.672642,0.672683,50
2024-10-09 06:00:00,0.672683,0.672720,0.672328,0.672364,50
2024-10-09 07:00:00,0.672364,0.672540,0.672313,0.672489,50
2024-10-09 08:00:00,0.672489,0.672582,0.672283,0.672376,50
2024-10-09 09:00:00,0.672376,0.672658,0.672295,0.672577,50
2024-10-09 10:00:00,0.672577,0.673045,0.672528,0.672996,50
2024-10-09 11:00:00,0.672996,0.673454,0.672893,0.673352,50
2024-10-09 12:00:00,0.673352,0.673839,0.673340,0.673827,50
2024-10-09 13:00:00,0.673827,0.673856,0.673644,0.673673,50
2024-10-09 14:00:00,0.673673,0.674170,0.673663,0.674161,50
2024-10-09 15:00:00,0.674161,0.674178,0.673557,0.673574,50
2024-10-09 16:00:00,0.673574,0.673658,0.672943,0.673026,50
2024-10-09 17:00:00,0.673026,0.673120,0.672108,0.672201,50
2024-10-09 18:00:00,0.672201,0.672665,0.672194,0.672658,50
2024-10-09 19:00:00,0.672658,0.672708,0.672298,0.672348,50
2024-10-09 20:00:00,0.672348,0.672716,0.672275,0.672643,50
2024-10-09 21:00:00,0.672643,0.672820,0.672565,0.672741,50
2024-10-09 22:00:00,0.672741,0.672788,0.672648,0.672695,50
2024-10-09 23:00:00,0.672695,0.672782,0.672408,0.672495,50
2024-10-10 00:00:00,0.672495,0.672541,0.672330,0.672375,50
2024-10-10 01:00:00,0.672375,0.672446,0.671839,0.671910,50
2024-10-10 02:00:00,0.671910,0.672500,0.671886,0.672476,50
2024-10-10 03:00:00,0.672476,0.672583,0.672369,0.672475,50
2024-10-10 04:00:00,0.672475,0.672548,0.672431,0.672504,50
2024-10-10 05:00:00,0.672504,0.672525,0.672269,0.672290,50
2024-10-10 06:00:00,0.672290,0.672376,0.672224,0.672310,50
2024-10-10 07:00:00,0.672310,0.672522,0.672254,0.672465,50
2024-10-10 08:00:00,0.672465,0.672826,0.672420,0.672781,50
2024-10-10 09:00:00,0.672781,0.672788,0.672616,0.672623,50
2024-10-10 10:00:00,0.672623,0.672704,0.671812,0.671893,50
2024-10-10 11:00:00,0.671893,0.671998,0.671826,0.671932,50
2024-10-10 12:00:00,0.671932,0.672029,0.671900,0.671997,50
2024-10-10 13:00:00,0.671997,0.673199,0.671974,0.673175,50
2024-10-10 14:00:00,0.673175,0.673939,0.673149,0.673912,50
2024-10-10 15:00:00,0.673912,0.673987,0.673575,0.673650,50
2024-10-10 16:00:00,0.673650,0.673914,0.673546,0.673811,50
2024-10-10 17:00:00,0.673811,0.673891,0.673338,0.673418,50
2024-10-10 18:00:00,0.673418,0.673434,0.672883,0.672899,50
2024-10-10 19:00:00,0.672899,0.673276,0.672857,0.673234,50
2024-10-10 20:00:00,0.673234,0.673347,0.673024,0.673137,50
2024-10-10 21:00:00,0.673137,0.673368,0.673065,0.673296,50
2024-10-10 22:00:00,0.673296,0.673358,0.673191,0.673253,50
2024-10-10 23:00:00,0.673253,0.673358,0.673205,0.673310,50
2024-10-11 00:00:00,0.673310,0.673374,0.672791,0.672855,50
2024-10-11 01:00:00,0.672855,0.673915,0.672820,0.673880,50
2024-10-11 02:00:00,0.673880,0.674193,0.673865,0.674177,50
2024-10-11 03:00:00,0.674177,0.674338,0.674176,0.674337,50
2024-10-11 04:00:00,0.674337,0.674483,0.674174,0.674321,50
2024-10-11 05:00:00,0.674321,0.674917,0.674151,0.674747,50
2024-10-11 06:00:00,0.674747,0.674927,0.674440,0.674620,50
2024-10-11 07:00:00,0.674620,0.675138,0.674483,0.675000,50
2024-10-11 08:00:00,0.675000,0.675872,0.674831,0.675703,50
2024-10-11 09:00:00,0.675703,0.676154,0.675589,0.676039,50
2024-10-11 10:00:00,0.676039,0.676130,0.675556,0.675647,50
2024-10-11 11:00:00,0.675647,0.675828,0.675422,0.675603,50
2024-10-11 12:00:00,0.675603,0.676003,0.675497,0.675898,50
2024-10-11 13:00:00,0.675898,0.675932,0.675645,0.675678,50
2024-10-11 14:00:00,0.675678,0.675788,0.675423,0.675533,50
2024-10-11 15:00:00,0.675533,0.675781,0.675366,0.675614,50
2024-10-11 16:00:00,0.675614,0.676115,0.675470,0.675971,50
2024-10-11 17:00:00,0.675971,0.676072,0.675750,0.675851,50
2024-10-11 18:00:00,0.675851,0.675991,0.675564,0.675704,50
2024-10-11 19:00:00,0.675704,0.675757,0.675488,0.675541,50
2024-10-11 20:00:00,0.675541,0.675670,0.675086,0.675215,50
2024-10-11 21:00:00,0.675215,0.675602,0.675099,0.675486,50
2024-10-11 22:00:00,0.675486,0.675497,0.675099,0.675111,50
2024-10-11 23:00:00,0.675111,0.675765,0.674930,0.675584,50
2024-10-15 00:00:00,0.675584,0.675630,0.674873,0.674918,50
2024-10-15 01:00:00,0.674918,0.675114,0.673231,0.673426,50
2024-10-15 02:00:00,0.673426,0.673628,0.673368,0.673569,50
2024-10-15 03:00:00,0.673569,0.676382,0.673257,0.676070,50
2024-10-15 04:00:00,0.676070,0.676084,0.675375,0.675389,50
2024-10-15 05:00:00,0.675389,0.676822,0.675085,0.676518,50
2024-10-15 06:00:00,0.676518,0.676885,0.675894,0.676260,50
2024-10-15 07:00:00,0.676260,0.676632,0.674625,0.674996,50
2024-10-15 08:00:00,0.674996,0.676631,0.674814,0.676448,50
2024-10-15 09:00:00,0.676448,0.676766,0.675627,0.675945,50
2024-10-15 10:00:00,0.675945,0.676012,0.675684,0.675751,50
2024-10-15 11:00:00,0.675751,0.676326,0.675374,0.675950,50
2024-10-15 12:00:00,0.675950,0.676375,0.675567,0.675992,50
2024-10-15 13:00:00,0.675992,0.676275,0.674751,0.675033,50
2024-10-15 14:00:00,0.675033,0.675413,0.672661,0.673041,50
2024-10-15 15:00:00,0.673041,0.673841,0.672796,0.673597,50
2024-10-15 16:00:00,0.673597,0.673978,0.669915,0.670296,50
2024-10-15 17:00:00,0.670296,0.671144,0.670145,0.670993,50
2024-10-15 18:00:00,0.670993,0.671025,0.669950,0.669982,50
2024-10-15 19:00:00,0.669982,0.670857,0.669901,0.670776,50
2024-10-15 20:00:00,0.670776,0.671378,0.670436,0.671039,50
2024-10-15 21:00:00,0.671039,0.671569,0.670709,0.671239,50
2024-10-15 22:00:00,0.671239,0.672704,0.671088,0.672553,50
2024-10-15 23:00:00,0.672553,0.672833,0.670636,0.670916,50
2024-10-16 00:00:00,0.670916,0.670985,0.670336,0.670405,50
2024-10-16 01:00:00,0.670405,0.670642,0.670197,0.670433,50
2024-10-16 02:00:00,0.670433,0.672220,0.670076,0.671863,50
2024-10-16 03:00:00,0.671863,0.672099,0.669707,0.669943,50
2024-10-16 04:00:00,0.669943,0.670379,0.669766,0.670202,50
2024-10-16 05:00:00,0.670202,0.671004,0.670162,0.670964,50
2024-10-16 06:00:00,0.670964,0.671013,0.668934,0.668984,50
2024-10-16 07:00:00,0.668984,0.670797,0.668886,0.670699,50
2024-10-16 08:00:00,0.670699,0.671079,0.668486,0.668866,50
2024-10-16 09:00:00,0.668866,0.669166,0.668085,0.668385,50
2024-10-16 10:00:00,0.668385,0.668836,0.668318,0.668769,50
2024-10-16 11:00:00,0.668769,0.668788,0.668385,0.668404,50
2024-10-16 12:00:00,0.668404,0.669587,0.668017,0.669200,50
2024-10-16 13:00:00,0.669200,0.669584,0.667099,0.667483,50
2024-10-16 14:00:00,0.667483,0.667695,0.666374,0.666585,50
2024-10-16 15:00:00,0.666585,0.666694,0.665751,0.665859,50
2024-10-16 16:00:00,0.665859,0.666435,0.665646,0.666221,50
2024-10-16 17:00:00,0.666221,0.667463,0.665865,0.667107,50
2024-10-16 18:00:00,0.667107,0.667207,0.665802,0.665902,50
2024-10-16 19:00:00,0.665902,0.667426,0.665590,0.667114,50
2024-10-16 20:00:00,0.667114,0.667559,0.666917,0.667362,50
2024-10-16 21:00:00,0.667362,0.667847,0.667144,0.667629,50
2024-10-16 22:00:00,0.667629,0.668002,0.665618,0.665991,50
2024-10-16 23:00:00,0.665991,0.666183,0.665987,0.666178,50
2024-10-17 00:00:00,0.666178,0.666782,0.665938,0.666542,50
2024-10-17 01:00:00,0.666542,0.666838,0.665835,0.666131,50
2024-10-17 02:00:00,0.666131,0.666177,0.665932,0.665978,50
2024-10-17 03:00:00,0.665978,0.666256,0.665296,0.665575,50
2024-10-17 04:00:00,0.665575,0.665883,0.665190,0.665498,50
2024-10-17 05:00:00,0.665498,0.665583,0.665473,0.665558,50
2024-10-17 06:00:00,0.665558,0.665633,0.665300,0.665374,50
2024-10-17 07:00:00,0.665374,0.666305,0.665196,0.666127,50
2024-10-17 08:00:00,0.666127,0.666272,0.665852,0.665997,50
2024-10-17 09:00:00,0.665997,0.666298,0.665672,0.665973,50
2024-10-17 10:00:00,0.665973,0.666995,0.665951,0.666972,50
2024-10-17 11:00:00,0.666972,0.667355,0.666967,0.667349,50
2024-10-17 12:00:00,0.667349,0.668346,0.667061,0.668058,50
2024-10-17 13:00:00,0.668058,0.668293,0.667435,0.667669,50
2024-10-17 14:00:00,0.667669,0.667831,0.666755,0.666916,50
2024-10-17 15:00:00,0.666916,0.668334,0.666817,0.668234,50
2024-10-17 16:00:00,0.668234,0.668717,0.668053,0.668536,50
2024-10-17 17:00:00,0.668536,0.669219,0.668233,0.668916,50
2024-10-17 18:00:00,0.668916,0.669166,0.668654,0.668904,50
2024-10-17 19:00:00,0.668904,0.669744,0.668741,0.669581,50
2024-10-17 20:00:00,0.669581,0.670569,0.669533,0.670521,50
2024-10-17 21:00:00,0.670521,0.670636,0.670249,0.670363,50
2024-10-17 22:00:00,0.670363,0.671157,0.670206,0.671000,50
2024-10-17 23:00:00,0.671000,0.671248,0.669948,0.670196,50
2024-10-18 00:00:00,0.670196,0.670907,0.670115,0.670826,50
2024-10-18 01:00:00,0.670826,0.670914,0.670806,0.670894,50
2024-10-18 02:00:00,0.670894,0.671048,0.670868,0.671023,50
2024-10-18 03:00:00,0.671023,0.671134,0.670557,0.670668,50
2024-10-18 04:00:00,0.670668,0.670829,0.670555,0.670715,50
2024-10-18 05:00:00,0.670715,0.670845,0.670707,0.670836,50
2024-10-18 06:00:00,0.670836,0.670848,0.670815,0.670827,50
2024-10-18 07:00:00,0.670827,0.670875,0.670434,0.670483,50
2024-10-18 08:00:00,0.670483,0.670504,0.669989,0.670009,50
2024-10-18 09:00:00,0.670009,0.670098,0.669501,0.669590,50
2024-10-18 10:00:00,0.669590,0.669602,0.669396,0.669407,50
2024-10-18 11:00:00,0.669407,0.669438,0.669323,0.669353,50
2024-10-18 12:00:00,0.669353,0.669435,0.669243,0.669325,50
2024-10-18 13:00:00,0.669325,0.669429,0.669272,0.669376,50
2024-10-18 14:00:00,0.669376,0.669535,0.669297,0.669455,50
2024-10-18 15:00:00,0.669455,0.669489,0.669205,0.669239,50
2024-10-18 16:00:00,0.669239,0.669345,0.669007,0.669113,50
2024-10-18 17:00:00,0.669113,0.669199,0.669016,0.669102,50
2024-10-18 18:00:00,0.669102,0.669361,0.669048,0.669308,50
2024-10-18 19:00:00,0.669308,0.669387,0.669118,0.669197,50
2024-10-18 20:00:00,0.669197,0.669612,0.669124,0.669538,50
2024-10-18 21:00:00,0.669538,0.669723,0.669480,0.669665,50
2024-10-18 22:00:00,0.669665,0.669789,0.669547,0.669671,50
2024-10-18 23:00:00,0.669671,0.670113,0.669575,0.670017,50
2024-10-21 00:00:00,0.670017,0.670299,0.669583,0.669866,50
2024-10-21 01:00:00,0.669866,0.670122,0.668330,0.668586,50
2024-10-21 02:00:00,0.668586,0.669156,0.668259,0.668829,50
2024-10-21 03:00:00,0.668829,0.669074,0.667332,0.667577,50
2024-10-21 04:00:00,0.667577,0.668100,0.667451,0.667974,50
2024-10-21 05:00:00,0.667974,0.668237,0.666309,0.666571,50
2024-10-21 06:00:00,0.666571,0.667020,0.666300,0.666749,50
2024-10-21 07:00:00,0.666749,0.667080,0.666646,0.666977,50
2024-10-21 08:00:00,0.666977,0.667058,0.665375,0.665456,50
2024-10-21 09:00:00,0.665456,0.665916,0.665395,0.665855,50
2024-10-21 10:00:00,0.665855,0.666714,0.665831,0.666690,50
2024-10-21 11:00:00,0.666690,0.666931,0.665877,0.666118,50
2024-10-21 12:00:00,0.666118,0.666685,0.665789,0.666356,50
2024-10-21 13:00:00,0.666356,0.667956,0.666091,0.667691,50
2024-10-21 14:00:00,0.667691,0.667882,0.666330,0.666522,50
2024-10-21 15:00:00,0.666522,0.668625,0.666222,0.668325,50
2024-10-21 16:00:00,0.668325,0.668458,0.667626,0.667759,50
2024-10-21 17:00:00,0.667759,0.668136,0.667636,0.668013,50
2024-10-21 18:00:00,0.668013,0.668016,0.667351,0.667354,50
2024-10-21 19:00:00,0.667354,0.667410,0.667215,0.667271,50
2024-10-21 20:00:00,0.667271,0.667494,0.666727,0.666951,50
2024-10-21 21:00:00,0.666951,0.667089,0.665463,0.665601,50
2024-10-21 22:00:00,0.665601,0.665921,0.664984,0.665304,50
2024-10-21 23:00:00,0.665304,0.666093,0.665301,0.666089,50
2024-10-22 00:00:00,0.666089,0.667891,0.665965,0.667767,50
2024-10-22 01:00:00,0.667767,0.667837,0.667036,0.667107,50
2024-10-22 02:00:00,0.667107,0.667247,0.666531,0.666671,50
2024-10-22 03:00:00,0.666671,0.667078,0.666656,0.667063,50
2024-10-22 04:00:00,0.667063,0.667139,0.666935,0.667011,50
2024-10-22 05:00:00,0.667011,0.667443,0.666993,0.667425,50
2024-10-22 06:00:00,0.667425,0.667543,0.666436,0.666554,50
2024-10-22 07:00:00,0.666554,0.666686,0.666283,0.666416,50
2024-10-22 08:00:00,0.666416,0.666662,0.666336,0.666582,50
2024-10-22 09:00:00,0.666582,0.666697,0.665894,0.666009,50
2024-10-22 10:00:00,0.666009,0.666316,0.666003,0.666311,50
2024-10-22 11:00:00,0.666311,0.666338,0.666201,0.666228,50
2024-10-22 12:00:00,0.666228,0.667253,0.666214,0.667240,50
2024-10-22 13:00:00,0.667240,0.667306,0.667145,0.667212,50
2024-10-22 14:00:00,0.667212,0.667494,0.667114,0.667396,50
2024-10-22 15:00:00,0.667396,0.667534,0.667027,0.667164,50
2024-10-22 16:00:00,0.667164,0.667219,0.666458,0.666512,50
2024-10-22 17:00:00,0.666512,0.666591,0.665808,0.665887,50
2024-10-22 18:00:00,0.665887,0.666578,0.665778,0.666469,50
2024-10-22 19:00:00,0.666469,0.666509,0.665685,0.665725,50
2024-10-22 20:00:00,0.665725,0.666537,0.665648,0.666461,50
2024-10-22 21:00:00,0.666461,0.666647,0.666417,0.666602,50
2024-10-22 22:00:00,0.666602,0.667566,0.666544,0.667509,50
2024-10-22 23:00:00,0.667509,0.668004,0.667418,0.667913,50
2024-10-23 00:00:00,0.667913,0.668827,0.667759,0.668673,50
2024-10-23 01:00:00,0.668673,0.668757,0.668421,0.668505,50
2024-10-23 02:00:00,0.668505,0.668835,0.667003,0.667332,50
2024-10-23 03:00:00,0.667332,0.668016,0.667062,0.667746,50
2024-10-23 04:00:00,0.667746,0.667798,0.667643,0.667696,50
2024-10-23 05:00:00,0.667696,0.667766,0.666607,0.666678,50
2024-10-23 06:00:00,0.666678,0.666688,0.665228,0.665238,50
2024-10-23 07:00:00,0.665238,0.666016,0.665064,0.665842,50
2024-10-23 08:00:00,0.665842,0.666110,0.664782,0.665050,50
2024-10-23 09:00:00,0.665050,0.665906,0.664858,0.665715,50
2024-10-23 10:00:00,0.665715,0.666580,0.665637,0.666502,50
2024-10-23 11:00:00,0.666502,0.669092,0.666263,0.668853,50
2024-10-23 12:00:00,0.668853,0.669140,0.667150,0.667438,50
2024-10-23 13:00:00,0.667438,0.667444,0.666063,0.666070,50
2024-10-23 14:00:00,0.666070,0.666128,0.663706,0.663765,50
2024-10-23 15:00:00,0.663765,0.665464,0.663614,0.665313,50
2024-10-23 16:00:00,0.665313,0.665473,0.664703,0.664862,50
2024-10-23 17:00:00,0.664862,0.665074,0.664116,0.664327,50
2024-10-23 18:00:00,0.664327,0.664559,0.663145,0.663377,50
2024-10-23 19:00:00,0.663377,0.664075,0.663233,0.663931,50
2024-10-23 20:00:00,0.663931,0.664472,0.663698,0.664239,50
2024-10-23 21:00:00,0.664239,0.664435,0.662506,0.662702,50
2024-10-23 22:00:00,0.662702,0.663201,0.662678,0.663177,50
2024-10-23 23:00:00,0.663177,0.663281,0.663114,0.663218,50
2024-10-24 00:00:00,0.663218,0.663740,0.663192,0.663714,50
2024-10-24 01:00:00,0.663714,0.663809,0.663527,0.663622,50
2024-10-24 02:00:00,0.663622,0.663688,0.663445,0.663511,50
2024-10-24 03:00:00,0.663511,0.663579,0.663446,0.663514,50
2024-10-24 04:00:00,0.663514,0.663550,0.663412,0.663448,50
2024-10-24 05:00:00,0.663448,0.663554,0.663416,0.663522,50
2024-10-24 06:00:00,0.663522,0.663602,0.663290,0.663370,50
2024-10-24 07:00:00,0.663370,0.663376,0.663190,0.663195,50
2024-10-24 08:00:00,0.663195,0.663501,0.663158,0.663464,50
2024-10-24 09:00:00,0.663464,0.663525,0.663248,0.663309,50
2024-10-24 10:00:00,0.663309,0.663412,0.663182,0.663286,50
2024-10-24 11:00:00,0.663286,0.663296,0.663054,0.663064,50
2024-10-24 12:00:00,0.663064,0.663075,0.662603,0.662614,50
2024-10-24 13:00:00,0.662614,0.662655,0.662365,0.662407,50
2024-10-24 14:00:00,0.662407,0.662513,0.661963,0.662070,50
2024-10-24 15:00:00,0.662070,0.662432,0.662058,0.662420,50
2024-10-24 16:00:00,0.662420,0.662718,0.662327,0.662625,50
2024-10-24 17:00:00,0.662625,0.662734,0.662456,0.662565,50
2024-10-24 18:00:00,0.662565,0.662633,0.662468,0.662536,50
2024-10-24 19:00:00,0.662536,0.662570,0.662359,0.662393,50
2024-10-24 20:00:00,0.662393,0.662895,0.662279,0.662782,50
2024-10-24 21:00:00,0.662782,0.662835,0.662592,0.662645,50
2024-10-24 22:00:00,0.662645,0.663010,0.662629,0.662994,50
2024-10-24 23:00:00,0.662994,0.663100,0.662804,0.662910,50
2024-10-25 00:00:00,0.662910,0.663280,0.662837,0.663206,50
2024-10-25 01:00:00,0.663206,0.663297,0.662083,0.662174,50
2024-10-25 02:00:00,0.662174,0.662364,0.662054,0.662245,50
2024-10-25 03:00:00,0.662245,0.662551,0.662221,0.662526,50
2024-10-25 04:00:00,0.662526,0.663016,0.662460,0.662950,50
2024-10-25 05:00:00,0.662950,0.663447,0.662930,0.663427,50
2024-10-25 06:00:00,0.663427,0.663432,0.662731,0.662737,50
2024-10-25 07:00:00,0.662737,0.662757,0.662443,0.662463,50
2024-10-25 08:00:00,0.662463,0.662501,0.662204,0.662241,50
2024-10-25 09:00:00,0.662241,0.662325,0.661806,0.661890,50
2024-10-25 10:00:00,0.661890,0.661999,0.661413,0.661522,50
2024-10-25 11:00:00,0.661522,0.662525,0.661477,0.662480,50
2024-10-25 12:00:00,0.662480,0.662564,0.662313,0.662398,50
2024-10-25 13:00:00,0.662398,0.662441,0.662300,0.662343,50
2024-10-25 14:00:00,0.662343,0.662370,0.662181,0.662208,50
2024-10-25 15:00:00,0.662208,0.662548,0.662182,0.662522,50
2024-10-25 16:00:00,0.662522,0.662628,0.662074,0.662179,50
2024-10-25 17:00:00,0.662179,0.662383,0.662153,0.662356,50
2024-10-25 18:00:00,0.662356,0.662707,0.662288,0.662639,50
2024-10-25 19:00:00,0.662639,0.662803,0.662529,0.662693,50
2024-10-25 20:00:00,0.662693,0.662741,0.662075,0.662124,50
2024-10-25 21:00:00,0.662124,0.662207,0.662042,0.662125,50
2024-10-25 22:00:00,0.662125,0.662231,0.661480,0.661586,50
2024-10-25 23:00:00,0.661586,0.662170,0.661536,0.662120,50
2024-10-28 00:00:00,0.662120,0.662484,0.661965,0.662329,50
2024-10-28 01:00:00,0.662329,0.662518,0.661059,0.661249,50
2024-10-28 02:00:00,0.661249,0.661554,0.661025,0.661330,50
2024-10-28 03:00:00,0.661330,0.661585,0.660129,0.660384,50
2024-10-28 04:00:00,0.660384,0.660676,0.660200,0.660492,50
2024-10-28 05:00:00,0.660492,0.660646,0.659811,0.659964,50
2024-10-28 06:00:00,0.659964,0.661396,0.659805,0.661237,50
2024-10-28 07:00:00,0.661237,0.661390,0.659551,0.659705,50
2024-10-28 08:00:00,0.659705,0.659834,0.658794,0.658923,50
2024-10-28 09:00:00,0.658923,0.659122,0.657846,0.658045,50
2024-10-28 10:00:00,0.658045,0.658937,0.657964,0.658856,50
2024-10-28 11:00:00,0.658856,0.660102,0.658848,0.660095,50
2024-10-28 12:00:00,0.660095,0.662007,0.660043,0.661956,50
2024-10-28 13:00:00,0.661956,0.662015,0.660044,0.660103,50
2024-10-28 14:00:00,0.660103,0.660150,0.659456,0.659503,50
2024-10-28 15:00:00,0.659503,0.659898,0.659444,0.659839,50
2024-10-28 16:00:00,0.659839,0.660253,0.659798,0.660212,50
2024-10-28 17:00:00,0.660212,0.660233,0.659151,0.659173,50
2024-10-28 18:00:00,0.659173,0.659388,0.657823,0.658038,50
2024-10-28 19:00:00,0.658038,0.658634,0.657915,0.658511,50
2024-10-28 20:00:00,0.658511,0.659881,0.658510,0.659879,50
2024-10-28 21:00:00,0.659879,0.660865,0.659805,0.660791,50
2024-10-28 22:00:00,0.660791,0.661523,0.660645,0.661377,50
2024-10-28 23:00:00,0.661377,0.661407,0.658688,0.658718,50
2024-10-29 00:00:00,0.658718,0.658740,0.655624,0.655646,50
2024-10-29 01:00:00,0.655646,0.655859,0.655628,0.655841,50
2024-10-29 02:00:00,0.655841,0.655901,0.655822,0.655882,50
2024-10-29 03:00:00,0.655882,0.656965,0.655810,0.656893,50
2024-10-29 04:00:00,0.656893,0.657111,0.656795,0.657013,50
2024-10-29 05:00:00,0.657013,0.657560,0.656950,0.657497,50
2024-10-29 06:00:00,0.657497,0.657823,0.657357,0.657682,50
2024-10-29 07:00:00,0.657682,0.657815,0.657276,0.657409,50
2024-10-29 08:00:00,0.657409,0.657592,0.656180,0.656362,50
2024-10-29 09:00:00,0.656362,0.656612,0.655699,0.655949,50
2024-10-29 10:00:00,0.655949,0.655979,0.655833,0.655864,50
2024-10-29 11:00:00,0.655864,0.656190,0.655774,0.656100,50
2024-10-29 12:00:00,0.656100,0.657315,0.655879,0.657094,50
2024-10-29 13:00:00,0.657094,0.657629,0.657065,0.657600,50
2024-10-29 14:00:00,0.657600,0.657604,0.657353,0.657356,50
2024-10-29 15:00:00,0.657356,0.657704,0.657158,0.657506,50
2024-10-29 16:00:00,0.657506,0.658859,0.657414,0.658767,50
2024-10-29 17:00:00,0.658767,0.659072,0.658749,0.659054,50
2024-10-29 18:00:00,0.659054,0.659338,0.659039,0.659323,50
2024-10-29 19:00:00,0.659323,0.659566,0.657209,0.657452,50
2024-10-29 20:00:00,0.657452,0.657621,0.656465,0.656634,50
2024-10-29 21:00:00,0.656634,0.656676,0.655875,0.655917,50
2024-10-29 22:00:00,0.655917,0.656160,0.655189,0.655432,50
2024-10-29 23:00:00,0.655432,0.655829,0.655297,0.655695,50
2024-10-30 00:00:00,0.655695,0.656102,0.655592,0.655999,50
2024-10-30 01:00:00,0.655999,0.656213,0.655886,0.656101,50
2024-10-30 02:00:00,0.656101,0.656238,0.655567,0.655704,50
2024-10-30 03:00:00,0.655704,0.656426,0.655699,0.656421,50
2024-10-30 04:00:00,0.656421,0.657341,0.656229,0.657149,50
2024-10-30 05:00:00,0.657149,0.657342,0.656599,0.656792,50
2024-10-30 06:00:00,0.656792,0.657254,0.656616,0.657078,50
2024-10-30 07:00:00,0.657078,0.657698,0.656976,0.657596,50
2024-10-30 08:00:00,0.657596,0.659093,0.657423,0.658921,50
2024-10-30 09:00:00,0.658921,0.659078,0.658801,0.658959,50
2024-10-30 10:00:00,0.658959,0.659055,0.658042,0.658139,50
2024-10-30 11:00:00,0.658139,0.658364,0.657918,0.658144,50
2024-10-30 12:00:00,0.658144,0.658194,0.656848,0.656898,50
2024-10-30 13:00:00,0.656898,0.656936,0.656695,0.656733,50
2024-10-30 14:00:00,0.656733,0.657329,0.656625,0.657221,50
2024-10-30 15:00:00,0.657221,0.657239,0.656817,0.656835,50
2024-10-30 16:00:00,0.656835,0.657039,0.656818,0.657021,50
2024-10-30 17:00:00,0.657021,0.657101,0.656638,0.656718,50
2024-10-30 18:00:00,0.656718,0.657631,0.656516,0.657430,50
2024-10-30 19:00:00,0.657430,0.657579,0.656342,0.656490,50
2024-10-30 20:00:00,0.656490,0.656823,0.656454,0.656786,50
2024-10-30 21:00:00,0.656786,0.657019,0.656593,0.656826,50
2024-10-30 22:00:00,0.656826,0.657369,0.656610,0.657154,50
2024-10-30 23:00:00,0.657154,0.658609,0.656959,0.658415,50
2024-10-31 00:00:00,0.658415,0.659238,0.658246,0.659069,50
2024-10-31 01:00:00,0.659069,0.659249,0.658917,0.659096,50
2024-10-31 02:00:00,0.659096,0.659299,0.658366,0.658569,50
2024-10-31 03:00:00,0.658569,0.658608,0.658048,0.658087,50
2024-10-31 04:00:00,0.658087,0.658332,0.657509,0.657754,50
2024-10-31 05:00:00,0.657754,0.657866,0.657427,0.657540,50
2024-10-31 06:00:00,0.657540,0.657693,0.657404,0.657557,50
2024-10-31 07:00:00,0.657557,0.657628,0.657482,0.657552,50
2024-10-31 08:00:00,0.657552,0.657822,0.657068,0.657338,50
2024-10-31 09:00:00,0.657338,0.657448,0.656429,0.656539,50
2024-10-31 10:00:00,0.656539,0.656777,0.655885,0.656122,50
2024-10-31 11:00:00,0.656122,0.656128,0.655036,0.655042,50
2024-10-31 12:00:00,0.655042,0.655155,0.654385,0.654498,50
2024-10-31 13:00:00,0.654498,0.654529,0.654295,0.654326,50
2024-10-31 14:00:00,0.654326,0.655055,0.654041,0.654769,50
2024-10-31 15:00:00,0.654769,0.654796,0.654630,0.654657,50
2024-10-31 16:00:00,0.654657,0.655283,0.654424,0.655049,50
2024-10-31 17:00:00,0.655049,0.655173,0.654326,0.654450,50
2024-10-31 18:00:00,0.654450,0.654629,0.654363,0.654542,50
2024-10-31 19:00:00,0.654542,0.654924,0.654282,0.654664,50
2024-10-31 20:00:00,0.654664,0.655154,0.654485,0.654975,50
2024-10-31 21:00:00,0.654975,0.655349,0.654738,0.655112,50
2024-10-31 22:00:00,0.655112,0.655596,0.654958,0.655442,50
2024-10-31 23:00:00,0.655442,0.655637,0.654812,0.655008,50
2024-11-01 00:00:00,0.655008,0.655055,0.654922,0.654969,50
2024-11-01 01:00:00,0.654969,0.655605,0.654902,0.655537,50
2024-11-01 02:00:00,0.655537,0.655803,0.655411,0.655676,50
2024-11-01 03:00:00,0.655676,0.656452,0.655415,0.656191,50
2024-11-01 04:00:00,0.656191,0.656240,0.655811,0.655860,50
2024-11-01 05:00:00,0.655860,0.655897,0.655385,0.655422,50
2024-11-01 06:00:00,0.655422,0.655658,0.654781,0.655016,50
2024-11-01 07:00:00,0.655016,0.655114,0.654726,0.654823,50
2024-11-01 08:00:00,0.654823,0.655042,0.654151,0.654369,50
2024-11-01 09:00:00,0.654369,0.655409,0.654239,0.655278,50
2024-11-01 10:00:00,0.655278,0.656295,0.655033,0.656050,50
2024-11-01 11:00:00,0.656050,0.656272,0.655879,0.656101,50
2024-11-01 12:00:00,0.656101,0.657046,0.655896,0.656842,50
2024-11-01 13:00:00,0.656842,0.657672,0.656655,0.657485,50
2024-11-01 14:00:00,0.657485,0.657722,0.656912,0.657149,50
2024-11-01 15:00:00,0.657149,0.657561,0.657112,0.657524,50
2024-11-01 16:00:00,0.657524,0.657796,0.657408,0.657680,50
2024-11-01 17:00:00,0.657680,0.658208,0.657662,0.658190,50
2024-11-01 18:00:00,0.658190,0.658413,0.657067,0.657290,50
2024-11-01 19:00:00,0.657290,0.658077,0.657251,0.658038,50
2024-11-01 20:00:00,0.658038,0.658856,0.658018,0.658836,50
2024-11-01 21:00:00,0.658836,0.659057,0.658527,0.658747,50
2024-11-01 22:00:00,0.658747,0.658777,0.657655,0.657684,50
2024-11-01 23:00:00,0.657684,0.658277,0.657605,0.658198,50
2024-11-04 00:00:00,0.658198,0.658231,0.657557,0.657590,50
2024-11-04 01:00:00,0.657590,0.658141,0.657496,0.658047,50
2024-11-04 02:00:00,0.658047,0.658206,0.657972,0.658130,50
2024-11-04 03:00:00,0.658130,0.658142,0.658071,0.658083,50
2024-11-04 04:00:00,0.658083,0.658364,0.658019,0.658299,50
2024-11-04 05:00:00,0.658299,0.658397,0.658105,0.658202,50
2024-11-04 06:00:00,0.658202,0.658204,0.658143,0.658144,50
2024-11-04 07:00:00,0.658144,0.658519,0.658143,0.658517,50
2024-11-04 08:00:00,0.658517,0.658637,0.658434,0.658553,50
2024-11-04 09:00:00,0.658553,0.658575,0.658478,0.658500,50
2024-11-04 10:00:00,0.658500,0.658591,0.658486,0.658577,50
2024-11-04 11:00:00,0.658577,0.658716,0.658574,0.658712,50
2024-11-04 12:00:00,0.658712,0.658817,0.658491,0.658595,50
2024-11-04 13:00:00,0.658595,0.658910,0.658490,0.658805,50
2024-11-04 14:00:00,0.658805,0.658902,0.658577,0.658674,50
2024-11-04 15:00:00,0.658674,0.658758,0.658318,0.658402,50
2024-11-04 16:00:00,0.658402,0.658714,0.658310,0.658622,50
2024-11-04 17:00:00,0.658622,0.658689,0.658535,0.658602,50
2024-11-04 18:00:00,0.658602,0.658740,0.658515,0.658652,50
2024-11-04 19:00:00,0.658652,0.659159,0.658539,0.659045,50
2024-11-04 20:00:00,0.659045,0.659379,0.658960,0.659294,50
2024-11-04 21:00:00,0.659294,0.659338,0.659223,0.659267,50
2024-11-04 22:00:00,0.659267,0.659336,0.658805,0.658874,50
2024-11-04 23:00:00,0.658874,0.658928,0.658361,0.658415,50
2024-11-05 00:00:00,0.658415,0.658616,0.657235,0.657436,50
2024-11-05 01:00:00,0.657436,0.660870,0.657135,0.660569,50
2024-11-05 02:00:00,0.660569,0.663905,0.660181,0.663518,50
2024-11-05 03:00:00,0.663518,0.664648,0.663154,0.664284,50
2024-11-05 04:00:00,0.664284,0.664290,0.662076,0.662083,50
2024-11-05 05:00:00,0.662083,0.663531,0.661897,0.663346,50
2024-11-05 06:00:00,0.663346,0.663512,0.661507,0.661672,50
2024-11-05 07:00:00,0.661672,0.662038,0.661141,0.661507,50
2024-11-05 08:00:00,0.661507,0.662215,0.661380,0.662088,50
2024-11-05 09:00:00,0.662088,0.662288,0.658419,0.658619,50
2024-11-05 10:00:00,0.658619,0.658635,0.657844,0.657859,50
2024-11-05 11:00:00,0.657859,0.659956,0.657699,0.659795,50
2024-11-05 12:00:00,0.659795,0.661574,0.659394,0.661173,50
2024-11-05 13:00:00,0.661173,0.661659,0.660834,0.661320,50
2024-11-05 14:00:00,0.661320,0.661431,0.661284,0.661395,50
2024-11-05 15:00:00,0.661395,0.663232,0.661049,0.662886,50
2024-11-05 16:00:00,0.662886,0.663051,0.662078,0.662243,50
2024-11-05 17:00:00,0.662243,0.662642,0.661082,0.661482,50
2024-11-05 18:00:00,0.661482,0.661656,0.659831,0.660006,50
2024-11-05 19:00:00,0.660006,0.661427,0.659689,0.661110,50
2024-11-05 20:00:00,0.661110,0.661115,0.658872,0.658877,50
2024-11-05 21:00:00,0.658877,0.660740,0.658841,0.660704,50
2024-11-05 22:00:00,0.660704,0.661353,0.660304,0.660953,50
2024-11-05 23:00:00,0.660953,0.663559,0.660699,0.663306,50
2024-11-06 00:00:00,0.663306,0.663315,0.662428,0.662437,50
2024-11-06 01:00:00,0.662437,0.664842,0.662104,0.664509,50
2024-11-06 02:00:00,0.664509,0.664946,0.663177,0.663615,50
2024-11-06 03:00:00,0.663615,0.664197,0.663112,0.663694,50
2024-11-06 04:00:00,0.663694,0.663907,0.663181,0.663394,50
2024-11-06 05:00:00,0.663394,0.663612,0.662288,0.662506,50
2024-11-06 06:00:00,0.662506,0.662831,0.661399,0.661724,50
2024-11-06 07:00:00,0.661724,0.662013,0.659956,0.660245,50
2024-11-06 08:00:00,0.660245,0.660787,0.659855,0.660397,50
2024-11-06 09:00:00,0.660397,0.660686,0.659684,0.659972,50
2024-11-06 10:00:00,0.659972,0.660006,0.658872,0.658906,50
2024-11-06 11:00:00,0.658906,0.659283,0.657071,0.657448,50
2024-11-06 12:00:00,0.657448,0.659208,0.657016,0.658777,50
2024-11-06 13:00:00,0.658777,0.659232,0.657425,0.657880,50
2024-11-06 14:00:00,0.657880,0.658308,0.655813,0.656240,50
2024-11-06 15:00:00,0.656240,0.657264,0.656123,0.657146,50
2024-11-06 16:00:00,0.657146,0.658153,0.656936,0.657942,50
2024-11-06 17:00:00,0.657942,0.657996,0.656032,0.656086,50
2024-11-06 18:00:00,0.656086,0.657202,0.655999,0.657115,50
2024-11-06 19:00:00,0.657115,0.658955,0.656678,0.658518,50
2024-11-06 20:00:00,0.658518,0.659607,0.658264,0.659353,50
2024-11-06 21:00:00,0.659353,0.660729,0.658926,0.660301,50
2024-11-06 22:00:00,0.660301,0.660894,0.659918,0.660510,50
2024-11-06 23:00:00,0.660510,0.660972,0.656828,0.657289,50
2024-11-07 00:00:00,0.657289,0.661949,0.657157,0.661817,50
2024-11-07 01:00:00,0.661817,0.662407,0.658607,0.659197,50
2024-11-07 02:00:00,0.659197,0.659914,0.655630,0.656347,50
2024-11-07 03:00:00,0.656347,0.656445,0.655869,0.655967,50
2024-11-07 04:00:00,0.655967,0.656740,0.654910,0.655683,50
2024-11-07 05:00:00,0.655683,0.662447,0.655544,0.662309,50
2024-11-07 06:00:00,0.662309,0.667457,0.661983,0.667132,50
2024-11-07 07:00:00,0.667132,0.667582,0.662979,0.663429,50
2024-11-07 08:00:00,0.663429,0.665670,0.663278,0.665519,50
2024-11-07 09:00:00,0.665519,0.665721,0.658780,0.658983,50
2024-11-07 10:00:00,0.658983,0.663191,0.658832,0.663041,50
2024-11-07 11:00:00,0.663041,0.664187,0.662326,0.663472,50
2024-11-07 12:00:00,0.663472,0.666809,0.663436,0.666773,50
2024-11-07 13:00:00,0.666773,0.667257,0.665140,0.665623,50
2024-11-07 14:00:00,0.665623,0.667778,0.665059,0.667214,50
2024-11-07 15:00:00,0.667214,0.669290,0.667000,0.669076,50
2024-11-07 16:00:00,0.669076,0.669506,0.664681,0.665111,50
2024-11-07 17:00:00,0.665111,0.665875,0.663407,0.664172,50
2024-11-07 18:00:00,0.664172,0.664718,0.663812,0.664359,50
2024-11-07 19:00:00,0.664359,0.664921,0.658458,0.659021,50
2024-11-07 20:00:00,0.659021,0.661557,0.658434,0.660970,50
2024-11-07 21:00:00,0.660970,0.661207,0.660434,0.660671,50
2024-11-07 22:00:00,0.660671,0.662995,0.659858,0.662182,50
2024-11-07 23:00:00,0.662182,0.667442,0.661851,0.667111,50
2024-11-08 00:00:00,0.667111,0.667363,0.665450,0.665701,50
2024-11-08 01:00:00,0.665701,0.665816,0.665216,0.665332,50
2024-11-08 02:00:00,0.665332,0.665581,0.664434,0.664684,50
2024-11-08 03:00:00,0.664684,0.666324,0.664218,0.665858,50
2024-11-08 04:00:00,0.665858,0.669412,0.665522,0.669076,50
2024-11-08 05:00:00,0.669076,0.669319,0.668187,0.668430,50
2024-11-08 06:00:00,0.668430,0.669118,0.664970,0.665658,50
2024-11-08 07:00:00,0.665658,0.665887,0.663279,0.663508,50
2024-11-08 08:00:00,0.663508,0.663579,0.662609,0.662680,50
2024-11-08 09:00:00,0.662680,0.662790,0.661423,0.661533,50
2024-11-08 10:00:00,0.661533,0.662073,0.660757,0.661297,50
2024-11-08 11:00:00,0.661297,0.661335,0.656419,0.656457,50
2024-11-08 12:00:00,0.656457,0.662077,0.656039,0.661658,50
2024-11-08 13:00:00,0.661658,0.662414,0.661531,0.662287,50
2024-11-08 14:00:00,0.662287,0.662677,0.660075,0.660465,50
2024-11-08 15:00:00,0.660465,0.661733,0.660342,0.661610,50
2024-11-08 16:00:00,0.661610,0.662398,0.657230,0.658018,50
2024-11-08 17:00:00,0.658018,0.658570,0.655957,0.656509,50
2024-11-08 18:00:00,0.656509,0.657997,0.656037,0.657525,50
2024-11-08 19:00:00,0.657525,0.658045,0.656512,0.657032,50
2024-11-08 20:00:00,0.657032,0.657595,0.654762,0.655325,50
2024-11-08 21:00:00,0.655325,0.656876,0.655222,0.656773,50
2024-11-08 22:00:00,0.656773,0.657393,0.655889,0.656509,50
2024-11-08 23:00:00,0.656509,0.657714,0.656084,0.657289,50
2024-11-12 00:00:00,0.657289,0.657401,0.657089,0.657201,50
2024-11-12 01:00:00,0.657201,0.657566,0.656806,0.657171,50
2024-11-12 02:00:00,0.657171,0.658091,0.656750,0.657670,50
2024-11-12 03:00:00,0.657670,0.657730,0.657031,0.657091,50
2024-11-12 04:00:00,0.657091,0.657795,0.656911,0.657615,50
2024-11-12 05:00:00,0.657615,0.658576,0.657265,0.658226,50
2024-11-12 06:00:00,0.658226,0.658607,0.657929,0.658310,50
2024-11-12 07:00:00,0.658310,0.658732,0.656320,0.656743,50
2024-11-12 08:00:00,0.656743,0.657032,0.656471,0.656760,50
2024-11-12 09:00:00,0.656760,0.657863,0.656440,0.657542,50
2024-11-12 10:00:00,0.657542,0.657692,0.655693,0.655843,50
2024-11-12 11:00:00,0.655843,0.656162,0.654249,0.654569,50
2024-11-12 12:00:00,0.654569,0.654986,0.654523,0.654940,50
2024-11-12 13:00:00,0.654940,0.654988,0.654856,0.654903,50
2024-11-12 14:00:00,0.654903,0.655314,0.654253,0.654664,50
2024-11-12 15:00:00,0.654664,0.655312,0.654478,0.655126,50
2024-11-12 16:00:00,0.655126,0.655182,0.654717,0.654773,50
2024-11-12 17:00:00,0.654773,0.655329,0.654546,0.655102,50
2024-11-12 18:00:00,0.655102,0.655395,0.653009,0.653303,50
2024-11-12 19:00:00,0.653303,0.653604,0.653016,0.653318,50
2024-11-12 20:00:00,0.653318,0.653593,0.652879,0.653155,50
2024-11-12 21:00:00,0.653155,0.653410,0.652571,0.652826,50
2024-11-12 22:00:00,0.652826,0.653155,0.652063,0.652392,50
2024-11-12 23:00:00,0.652392,0.652812,0.651768,0.652188,50
2024-11-13 00:00:00,0.652188,0.652355,0.651753,0.651920,50
2024-11-13 01:00:00,0.651920,0.651934,0.651191,0.651205,50
2024-11-13 02:00:00,0.651205,0.651390,0.651028,0.651214,50
2024-11-13 03:00:00,0.651214,0.651462,0.649869,0.650117,50
2024-11-13 04:00:00,0.650117,0.650370,0.649603,0.649856,50
2024-11-13 05:00:00,0.649856,0.651697,0.649709,0.651549,50
2024-11-13 06:00:00,0.651549,0.651780,0.650863,0.651093,50
2024-11-13 07:00:00,0.651093,0.652476,0.650864,0.652247,50
2024-11-13 08:00:00,0.652247,0.652408,0.650957,0.651119,50
2024-11-13 09:00:00,0.651119,0.651353,0.651099,0.651333,50
2024-11-13 10:00:00,0.651333,0.651720,0.651179,0.651565,50
2024-11-13 11:00:00,0.651565,0.651753,0.650899,0.651087,50
2024-11-13 12:00:00,0.651087,0.651315,0.650414,0.650642,50
2024-11-13 13:00:00,0.650642,0.650845,0.649974,0.650178,50
2024-11-13 14:00:00,0.650178,0.650471,0.649462,0.649755,50
2024-11-13 15:00:00,0.649755,0.649803,0.648893,0.648940,50
2024-11-13 16:00:00,0.648940,0.648953,0.648390,0.648402,50
2024-11-13 17:00:00,0.648402,0.648420,0.648095,0.648112,50
2024-11-13 18:00:00,0.648112,0.648163,0.647822,0.647873,50
2024-11-13 19:00:00,0.647873,0.649010,0.647703,0.648840,50
2024-11-13 20:00:00,0.648840,0.649119,0.648312,0.648591,50
2024-11-13 21:00:00,0.648591,0.648699,0.648477,0.648585,50
2024-11-13 22:00:00,0.648585,0.648816,0.648468,0.648699,50
2024-11-13 23:00:00,0.648699,0.648909,0.648383,0.648593,50
2024-11-14 00:00:00,0.648593,0.648646,0.648202,0.648255,50
2024-11-14 01:00:00,0.648255,0.648419,0.648238,0.648402,50
2024-11-14 02:00:00,0.648402,0.648720,0.648357,0.648675,50
2024-11-14 03:00:00,0.648675,0.648753,0.648248,0.648326,50
2024-11-14 04:00:00,0.648326,0.648956,0.648214,0.648844,50
2024-11-14 05:00:00,0.648844,0.648993,0.648763,0.648913,50
2024-11-14 06:00:00,0.648913,0.649017,0.648172,0.648277,50
2024-11-14 07:00:00,0.648277,0.648319,0.648106,0.648149,50
2024-11-14 08:00:00,0.648149,0.648284,0.648091,0.648225,50
2024-11-14 09:00:00,0.648225,0.648228,0.648029,0.648032,50
2024-11-14 10:00:00,0.648032,0.648182,0.647944,0.648093,50
2024-11-14 11:00:00,0.648093,0.648237,0.648021,0.648165,50
2024-11-14 12:00:00,0.648165,0.648256,0.647734,0.647826,50
2024-11-14 13:00:00,0.647826,0.647841,0.647738,0.647754,50
2024-11-14 14:00:00,0.647754,0.647844,0.647321,0.647411,50
2024-11-14 15:00:00,0.647411,0.647435,0.647220,0.647245,50
2024-11-14 16:00:00,0.647245,0.647524,0.647200,0.647479,50
2024-11-14 17:00:00,0.647479,0.647542,0.647362,0.647425,50
2024-11-14 18:00:00,0.647425,0.647540,0.647204,0.647319,50
2024-11-14 19:00:00,0.647319,0.647428,0.646861,0.646971,50
2024-11-14 20:00:00,0.646971,0.647358,0.646910,0.647298,50
2024-11-14 21:00:00,0.647298,0.647318,0.647298,0.647318,50
2024-11-14 22:00:00,0.647318,0.647492,0.647205,0.647379,50
2024-11-14 23:00:00,0.647379,0.647432,0.647239,0.647291,50
2024-11-15 00:00:00,0.647291,0.647326,0.646325,0.646360,50
2024-11-15 01:00:00,0.646360,0.646450,0.646335,0.646425,50
2024-11-15 02:00:00,0.646425,0.646536,0.646397,0.646508,50
2024-11-15 03:00:00,0.646508,0.646578,0.646086,0.646156,50
2024-11-15 04:00:00,0.646156,0.646264,0.645948,0.646056,50
2024-11-15 05:00:00,0.646056,0.646139,0.645822,0.645905,50
2024-11-15 06:00:00,0.645905,0.645976,0.645665,0.645736,50
2024-11-15 07:00:00,0.645736,0.646178,0.645643,0.646084,50
2024-11-15 08:00:00,0.646084,0.646193,0.646014,0.646123,50
2024-11-15 09:00:00,0.646123,0.646168,0.646087,0.646132,50
2024-11-15 10:00:00,0.646132,0.646201,0.646120,0.646189,50
2024-11-15 11:00:00,0.646189,0.646830,0.646185,0.646826,50
2024-11-15 12:00:00,0.646826,0.646894,0.646719,0.646787,50
2024-11-15 13:00:00,0.646787,0.647150,0.646705,0.647067,50
2024-11-15 14:00:00,0.647067,0.647109,0.646815,0.646856,50
2024-11-15 15:00:00,0.646856,0.647210,0.646767,0.647121,50
2024-11-15 16:00:00,0.647121,0.647743,0.647039,0.647662,50
2024-11-15 17:00:00,0.647662,0.647710,0.647618,0.647666,50
2024-11-15 18:00:00,0.647666,0.647762,0.647579,0.647675,50
2024-11-15 19:00:00,0.647675,0.647760,0.647131,0.647216,50
2024-11-15 20:00:00,0.647216,0.647249,0.647031,0.647064,50
2024-11-15 21:00:00,0.647064,0.647122,0.646502,0.646559,50
2024-11-15 22:00:00,0.646559,0.646669,0.646461,0.646571,50
2024-11-15 23:00:00,0.646571,0.646584,0.646107,0.646120,50
2024-11-18 00:00:00,0.646120,0.649215,0.645954,0.649049,50
2024-11-18 01:00:00,0.649049,0.649220,0.648655,0.648826,50
2024-11-18 02:00:00,0.648826,0.649019,0.648805,0.648997,50
2024-11-18 03:00:00,0.648997,0.649116,0.647524,0.647642,50
2024-11-18 04:00:00,0.647642,0.647752,0.646276,0.646386,50
2024-11-18 05:00:00,0.646386,0.646933,0.646105,0.646652,50
2024-11-18 06:00:00,0.646652,0.646852,0.646115,0.646316,50
2024-11-18 07:00:00,0.646316,0.646470,0.645614,0.645768,50
2024-11-18 08:00:00,0.645768,0.645834,0.645569,0.645636,50
2024-11-18 09:00:00,0.645636,0.646242,0.645595,0.646202,50
2024-11-18 10:00:00,0.646202,0.646262,0.645320,0.645381,50
2024-11-18 11:00:00,0.645381,0.646148,0.645363,0.646130,50
2024-11-18 12:00:00,0.646130,0.646233,0.645765,0.645867,50
2024-11-18 13:00:00,0.645867,0.647847,0.645814,0.647794,50
2024-11-18 14:00:00,0.647794,0.647895,0.646434,0.646536,50
2024-11-18 15:00:00,0.646536,0.646730,0.646334,0.646528,50
2024-11-18 16:00:00,0.646528,0.646732,0.645529,0.645733,50
2024-11-18 17:00:00,0.645733,0.645981,0.645508,0.645756,50
2024-11-18 18:00:00,0.645756,0.647417,0.645678,0.647339,50
2024-11-18 19:00:00,0.647339,0.647542,0.646311,0.646514,50
2024-11-18 20:00:00,0.646514,0.647596,0.646281,0.647363,50
2024-11-18 21:00:00,0.647363,0.647834,0.647274,0.647745,50
2024-11-18 22:00:00,0.647745,0.649694,0.647508,0.649456,50
2024-11-18 23:00:00,0.649456,0.650116,0.649156,0.649815,50
2024-11-19 00:00:00,0.649815,0.649834,0.649278,0.649298,50
2024-11-19 01:00:00,0.649298,0.650856,0.649232,0.650791,50
2024-11-19 02:00:00,0.650791,0.652046,0.650669,0.651924,50
2024-11-19 03:00:00,0.651924,0.652109,0.651556,0.651741,50
2024-11-19 04:00:00,0.651741,0.652314,0.651540,0.652114,50
2024-11-19 05:00:00,0.652114,0.653066,0.651948,0.652900,50
2024-11-19 06:00:00,0.652900,0.652916,0.652561,0.652577,50
2024-11-19 07:00:00,0.652577,0.652686,0.652058,0.652168,50
2024-11-19 08:00:00,0.652168,0.653069,0.652017,0.652918,50
2024-11-19 09:00:00,0.652918,0.652988,0.652552,0.652622,50
2024-11-19 10:00:00,0.652622,0.652691,0.652119,0.652188,50
2024-11-19 11:00:00,0.652188,0.652253,0.652030,0.652095,50
2024-11-19 12:00:00,0.652095,0.652296,0.651201,0.651402,50
2024-11-19 13:00:00,0.651402,0.652266,0.651395,0.652260,50
2024-11-19 14:00:00,0.652260,0.652282,0.651853,0.651875,50
2024-11-19 15:00:00,0.651875,0.652076,0.651832,0.652033,50
2024-11-19 16:00:00,0.652033,0.652424,0.651954,0.652345,50
2024-11-19 17:00:00,0.652345,0.652520,0.652055,0.652230,50
2024-11-19 18:00:00,0.652230,0.652376,0.652209,0.652355,50
2024-11-19 19:00:00,0.652355,0.652466,0.651420,0.651531,50
2024-11-19 20:00:00,0.651531,0.651710,0.650536,0.650714,50
2024-11-19 21:00:00,0.650714,0.650841,0.650546,0.650673,50
2024-11-19 22:00:00,0.650673,0.650819,0.649671,0.649817,50
2024-11-19 23:00:00,0.649817,0.652509,0.649709,0.652401,50
2024-11-20 00:00:00,0.652401,0.652656,0.652194,0.652449,50
2024-11-20 01:00:00,0.652449,0.652530,0.652375,0.652456,50
2024-11-20 02:00:00,0.652456,0.652568,0.651606,0.651719,50
2024-11-20 03:00:00,0.651719,0.651946,0.651221,0.651448,50
2024-11-20 04:00:00,0.651448,0.652874,0.651318,0.652744,50
2024-11-20 05:00:00,0.652744,0.652865,0.651666,0.651787,50
2024-11-20 06:00:00,0.651787,0.651846,0.650465,0.650523,50
2024-11-20 07:00:00,0.650523,0.651186,0.650386,0.651049,50
2024-11-20 08:00:00,0.651049,0.651070,0.649916,0.649937,50
2024-11-20 09:00:00,0.649937,0.649962,0.649660,0.649684,50
2024-11-20 10:00:00,0.649684,0.649809,0.649643,0.649767,50
2024-11-20 11:00:00,0.649767,0.650473,0.649567,0.650272,50
2024-11-20 12:00:00,0.650272,0.650575,0.650088,0.650391,50
2024-11-20 13:00:00,0.650391,0.650421,0.648761,0.648791,50
2024-11-20 14:00:00,0.648791,0.649686,0.648578,0.649473,50
2024-11-20 15:00:00,0.649473,0.649720,0.649465,0.649712,50
2024-11-20 16:00:00,0.649712,0.649990,0.649524,0.649803,50
2024-11-20 17:00:00,0.649803,0.650164,0.649578,0.649939,50
2024-11-20 18:00:00,0.649939,0.650331,0.649758,0.650150,50
2024-11-20 19:00:00,0.650150,0.650953,0.650141,0.650945,50
2024-11-20 20:00:00,0.650945,0.651130,0.650553,0.650738,50
2024-11-20 21:00:00,0.650738,0.652141,0.650712,0.652115,50
2024-11-20 22:00:00,0.652115,0.652211,0.651583,0.651679,50
2024-11-20 23:00:00,0.651679,0.651929,0.649143,0.649393,50
2024-11-21 00:00:00,0.649393,0.649394,0.648866,0.648867,50
2024-11-21 01:00:00,0.648867,0.648998,0.648822,0.648953,50
2024-11-21 02:00:00,0.648953,0.648993,0.648821,0.648861,50
2024-11-21 03:00:00,0.648861,0.649264,0.648844,0.649247,50
2024-11-21 04:00:00,0.649247,0.649372,0.649195,0.649320,50
2024-11-21 05:00:00,0.649320,0.649483,0.649296,0.649459,50
2024-11-21 06:00:00,0.649459,0.649575,0.649310,0.649426,50
2024-11-21 07:00:00,0.649426,0.649695,0.649384,0.649653,50
2024-11-21 08:00:00,0.649653,0.649699,0.649604,0.649651,50
2024-11-21 09:00:00,0.649651,0.649694,0.649647,0.649690,50
2024-11-21 10:00:00,0.649690,0.649691,0.649582,0.649582,50
2024-11-21 11:00:00,0.649582,0.649651,0.649327,0.649396,50
2024-11-21 12:00:00,0.649396,0.650250,0.649286,0.650140,50
2024-11-21 13:00:00,0.650140,0.650213,0.649943,0.650016,50
2024-11-21 14:00:00,0.650016,0.650105,0.649597,0.649686,50
2024-11-21 15:00:00,0.649686,0.650237,0.649683,0.650233,50
2024-11-21 16:00:00,0.650233,0.650569,0.650200,0.650536,50
2024-11-21 17:00:00,0.650536,0.650625,0.650148,0.650237,50
2024-11-21 18:00:00,0.650237,0.650264,0.650236,0.650262,50
2024-11-21 19:00:00,0.650262,0.650528,0.650241,0.650507,50
2024-11-21 20:00:00,0.650507,0.650558,0.650174,0.650225,50
2024-11-21 21:00:00,0.650225,0.650452,0.650212,0.650439,50
2024-11-21 22:00:00,0.650439,0.650902,0.650348,0.650812,50
2024-11-21 23:00:00,0.650812,0.650839,0.650252,0.650280,50
2024-11-22 00:00:00,0.650280,0.650963,0.650190,0.650874,50
2024-11-22 01:00:00,0.650874,0.650877,0.650261,0.650265,50
2024-11-22 02:00:00,0.650265,0.650336,0.650056,0.650127,50
2024-11-22 03:00:00,0.650127,0.650129,0.650063,0.650065,50
2024-11-22 04:00:00,0.650065,0.650109,0.649500,0.649544,50
2024-11-22 05:00:00,0.649544,0.649737,0.649453,0.649647,50
2024-11-22 06:00:00,0.649647,0.649651,0.649205,0.649210,50
2024-11-22 07:00:00,0.649210,0.649311,0.648824,0.648925,50
2024-11-22 08:00:00,0.648925,0.648958,0.648895,0.648928,50
2024-11-22 09:00:00,0.648928,0.649182,0.648886,0.649140,50
2024-11-22 10:00:00,0.649140,0.649206,0.648896,0.648962,50
2024-11-22 11:00:00,0.648962,0.649146,0.648911,0.649095,50
2024-11-22 12:00:00,0.649095,0.649391,0.649088,0.649385,50
2024-11-22 13:00:00,0.649385,0.649759,0.649336,0.649710,50
2024-11-22 14:00:00,0.649710,0.649718,0.649638,0.649646,50
2024-11-22 15:00:00,0.649646,0.649726,0.649531,0.649610,50
2024-11-22 16:00:00,0.649610,0.649737,0.649516,0.649643,50
2024-11-22 17:00:00,0.649643,0.649648,0.649505,0.649509,50
2024-11-22 18:00:00,0.649509,0.649532,0.649366,0.649388,50
2024-11-22 19:00:00,0.649388,0.649410,0.649111,0.649133,50
2024-11-22 20:00:00,0.649133,0.649255,0.649101,0.649223,50
2024-11-22 21:00:00,0.649223,0.649649,0.649142,0.649567,50
2024-11-22 22:00:00,0.649567,0.649750,0.649464,0.649647,50
2024-11-22 23:00:00,0.649647,0.649724,0.649443,0.649519,50
2024-11-25 00:00:00,0.649519,0.649677,0.649403,0.649561,50
2024-11-25 01:00:00,0.649561,0.649757,0.649507,0.649703,50
2024-11-25 02:00:00,0.649703,0.649722,0.649650,0.649669,50
2024-11-25 03:00:00,0.649669,0.649942,0.649619,0.649891,50
2024-11-25 04:00:00,0.649891,0.650057,0.649783,0.649949,50
2024-11-25 05:00:00,0.649949,0.650365,0.649866,0.650282,50
2024-11-25 06:00:00,0.650282,0.650395,0.650107,0.650220,50
2024-11-25 07:00:00,0.650220,0.650322,0.649909,0.650012,50
2024-11-25 08:00:00,0.650012,0.650027,0.649703,0.649718,50
2024-11-25 09:00:00,0.649718,0.649797,0.649696,0.649775,50
2024-11-25 10:00:00,0.649775,0.649890,0.649355,0.649470,50
2024-11-25 11:00:00,0.649470,0.649571,0.649107,0.649208,50
2024-11-25 12:00:00,0.649208,0.649394,0.649147,0.649334,50
2024-11-25 13:00:00,0.649334,0.649482,0.649313,0.649462,50
2024-11-25 14:00:00,0.649462,0.649847,0.649396,0.649782,50
2024-11-25 15:00:00,0.649782,0.649823,0.649534,0.649575,50
2024-11-25 16:00:00,0.649575,0.649599,0.649405,0.649428,50
2024-11-25 17:00:00,0.649428,0.649686,0.649395,0.649653,50
2024-11-25 18:00:00,0.649653,0.649725,0.649482,0.649554,50
2024-11-25 19:00:00,0.649554,0.649662,0.648970,0.649078,50
2024-11-25 20:00:00,0.649078,0.649163,0.648658,0.648743,50
2024-11-25 21:00:00,0.648743,0.649275,0.648645,0.649177,50
2024-11-25 22:00:00,0.649177,0.649182,0.648739,0.648744,50
2024-11-25 23:00:00,0.648744,0.649142,0.648699,0.649098,50
2024-11-26 00:00:00,0.649098,0.649314,0.647545,0.647762,50
2024-11-26 01:00:00,0.647762,0.648126,0.647578,0.647943,50
2024-11-26 02:00:00,0.647943,0.647994,0.647504,0.647555,50
2024-11-26 03:00:00,0.647555,0.648538,0.647551,0.648535,50
2024-11-26 04:00:00,0.648535,0.648756,0.648148,0.648369,50
2024-11-26 05:00:00,0.648369,0.649146,0.648216,0.648992,50
2024-11-26 06:00:00,0.648992,0.649561,0.648948,0.649516,50
2024-11-26 07:00:00,0.649516,0.649806,0.649404,0.649693,50
2024-11-26 08:00:00,0.649693,0.649845,0.648768,0.648920,50
2024-11-26 09:00:00,0.648920,0.649150,0.648525,0.648755,50
2024-11-26 10:00:00,0.648755,0.648881,0.648064,0.648190,50
2024-11-26 11:00:00,0.648190,0.648589,0.648132,0.648531,50
2024-11-26 12:00:00,0.648531,0.648758,0.648503,0.648729,50
2024-11-26 13:00:00,0.648729,0.648941,0.647625,0.647836,50
2024-11-26 14:00:00,0.647836,0.648282,0.647643,0.648089,50
2024-11-26 15:00:00,0.648089,0.648181,0.647069,0.647161,50
2024-11-26 16:00:00,0.647161,0.647318,0.645826,0.645984,50
2024-11-26 17:00:00,0.645984,0.646375,0.645794,0.646185,50
2024-11-26 18:00:00,0.646185,0.646396,0.645814,0.646025,50
2024-11-26 19:00:00,0.646025,0.646226,0.645799,0.646000,50
2024-11-26 20:00:00,0.646000,0.646186,0.645587,0.645773,50
2024-11-26 21:00:00,0.645773,0.645959,0.645339,0.645525,50
2024-11-26 22:00:00,0.645525,0.645851,0.645449,0.645776,50
2024-11-26 23:00:00,0.645776,0.646252,0.645644,0.646120,50
2024-11-27 00:00:00,0.646120,0.646499,0.645949,0.646328,50
2024-11-27 01:00:00,0.646328,0.647039,0.646294,0.647006,50
2024-11-27 02:00:00,0.647006,0.647085,0.646088,0.646168,50
2024-11-27 03:00:00,0.646168,0.646245,0.646123,0.646201,50
2024-11-27 04:00:00,0.646201,0.646838,0.646133,0.646770,50
2024-11-27 05:00:00,0.646770,0.646877,0.645893,0.645999,50
2024-11-27 06:00:00,0.645999,0.646110,0.645988,0.646099,50
2024-11-27 07:00:00,0.646099,0.646411,0.646006,0.646318,50
2024-11-27 08:00:00,0.646318,0.646347,0.645881,0.645911,50
2024-11-27 09:00:00,0.645911,0.646109,0.645310,0.645508,50
2024-11-27 10:00:00,0.645508,0.645849,0.645424,0.645765,50
2024-11-27 11:00:00,0.645765,0.646152,0.645601,0.645988,50
2024-11-27 12:00:00,0.645988,0.646512,0.645743,0.646267,50
2024-11-27 13:00:00,0.646267,0.646660,0.646211,0.646604,50
2024-11-27 14:00:00,0.646604,0.646677,0.646568,0.646640,50
2024-11-27 15:00:00,0.646640,0.647081,0.646435,0.646875,50
2024-11-27 16:00:00,0.646875,0.646905,0.646724,0.646753,50
2024-11-27 17:00:00,0.646753,0.646887,0.645850,0.645984,50
2024-11-27 18:00:00,0.645984,0.648001,0.645833,0.647851,50
2024-11-27 19:00:00,0.647851,0.647903,0.647712,0.647763,50
2024-11-27 20:00:00,0.647763,0.647863,0.646113,0.646213,50
2024-11-27 21:00:00,0.646213,0.647307,0.646024,0.647118,50
2024-11-27 22:00:00,0.647118,0.648338,0.647112,0.648332,50
2024-11-27 23:00:00,0.648332,0.649398,0.648116,0.649182,50
2024-11-29 00:00:00,0.649182,0.649198,0.648938,0.648954,50
2024-11-29 01:00:00,0.648954,0.649641,0.648822,0.649510,50
2024-11-29 02:00:00,0.649510,0.649921,0.649496,0.649908,50
2024-11-29 03:00:00,0.649908,0.650335,0.649747,0.650174,50
2024-11-29 04:00:00,0.650174,0.650204,0.649934,0.649964,50
2024-11-29 05:00:00,0.649964,0.650077,0.648962,0.649075,50
2024-11-29 06:00:00,0.649075,0.649247,0.648772,0.648944,50
2024-11-29 07:00:00,0.648944,0.648988,0.648716,0.648759,50
2024-11-29 08:00:00,0.648759,0.649693,0.648612,0.649545,50
2024-11-29 09:00:00,0.649545,0.649705,0.649354,0.649513,50
2024-11-29 10:00:00,0.649513,0.649518,0.649497,0.649502,50
2024-11-29 11:00:00,0.649502,0.650003,0.649393,0.649894,50
2024-11-29 12:00:00,0.649894,0.649895,0.649556,0.649557,50
2024-11-29 13:00:00,0.649557,0.649618,0.649285,0.649345,50
2024-11-29 14:00:00,0.649345,0.649580,0.649236,0.649471,50
2024-11-29 15:00:00,0.649471,0.649864,0.649398,0.649791,50
2024-11-29 16:00:00,0.649791,0.650523,0.649644,0.650376,50
2024-11-29 17:00:00,0.650376,0.650379,0.649922,0.649926,50
2024-11-29 18:00:00,0.649926,0.650059,0.649725,0.649859,50
2024-11-29 19:00:00,0.649859,0.650681,0.649719,0.650542,50
2024-11-29 20:00:00,0.650542,0.651171,0.650458,0.651088,50
2024-11-29 21:00:00,0.651088,0.651621,0.651011,0.651544,50
2024-11-29 22:00:00,0.651544,0.651724,0.651539,0.651719,50
2024-11-29 23:00:00,0.651719,0.651828,0.651187,0.651296,50
2024-12-02 00:00:00,0.651296,0.652663,0.651006,0.652373,50
2024-12-02 01:00:00,0.652373,0.652755,0.651368,0.651750,50
2024-12-02 02:00:00,0.651750,0.652074,0.651460,0.651784,50
2024-12-02 03:00:00,0.651784,0.651788,0.651178,0.651182,50
2024-12-02 04:00:00,0.651182,0.651541,0.650303,0.650662,50
2024-12-02 05:00:00,0.650662,0.650669,0.650484,0.650491,50
2024-12-02 06:00:00,0.650491,0.650798,0.649964,0.650272,50
2024-12-02 07:00:00,0.650272,0.650487,0.649528,0.649743,50
2024-12-02 08:00:00,0.649743,0.651304,0.649377,0.650938,50
2024-12-02 09:00:00,0.650938,0.651790,0.650886,0.651739,50
2024-12-02 10:00:00,0.651739,0.651892,0.650461,0.650614,50
2024-12-02 11:00:00,0.650614,0.650988,0.649282,0.649656,50
2024-12-02 12:00:00,0.649656,0.650261,0.649333,0.649938,50
2024-12-02 13:00:00,0.649938,0.650035,0.648976,0.649073,50
2024-12-02 14:00:00,0.649073,0.649191,0.648767,0.648886,50
2024-12-02 15:00:00,0.648886,0.649147,0.647964,0.648226,50
2024-12-02 16:00:00,0.648226,0.648457,0.647181,0.647413,50
2024-12-02 17:00:00,0.647413,0.647724,0.646052,0.646364,50
2024-12-02 18:00:00,0.646364,0.646545,0.645409,0.645590,50
2024-12-02 19:00:00,0.645590,0.646363,0.645385,0.646158,50
2024-12-02 20:00:00,0.646158,0.646220,0.645840,0.645903,50
2024-12-02 21:00:00,0.645903,0.646173,0.645451,0.645722,50
2024-12-02 22:00:00,0.645722,0.645940,0.644624,0.644843,50
2024-12-02 23:00:00,0.644843,0.645950,0.644804,0.645911,50
2024-12-03 00:00:00,0.645911,0.645965,0.645635,0.645688,50
2024-12-03 01:00:00,0.645688,0.646157,0.645542,0.646011,50
2024-12-03 02:00:00,0.646011,0.646165,0.645552,0.645706,50
2024-12-03 03:00:00,0.645706,0.645877,0.645616,0.645787,50
2024-12-03 04:00:00,0.645787,0.645827,0.645393,0.645434,50
2024-12-03 05:00:00,0.645434,0.646016,0.645304,0.645886,50
2024-12-03 06:00:00,0.645886,0.646188,0.645804,0.646107,50
2024-12-03 07:00:00,0.646107,0.646471,0.646003,0.646367,50
2024-12-03 08:00:00,0.646367,0.646557,0.645738,0.645927,50
2024-12-03 09:00:00,0.645927,0.645970,0.645853,0.645896,50
2024-12-03 10:00:00,0.645896,0.646310,0.645814,0.646228,50
2024-12-03 11:00:00,0.646228,0.646294,0.646112,0.646178,50
2024-12-03 12:00:00,0.646178,0.646278,0.645823,0.645924,50
2024-12-03 13:00:00,0.645924,0.646808,0.645757,0.646641,50
2024-12-03 14:00:00,0.646641,0.646664,0.646592,0.646616,50
2024-12-03 15:00:00,0.646616,0.646718,0.646102,0.646205,50
2024-12-03 16:00:00,0.646205,0.646903,0.646047,0.646745,50
2024-12-03 17:00:00,0.646745,0.647444,0.646571,0.647271,50
2024-12-03 18:00:00,0.647271,0.648236,0.647129,0.648094,50
2024-12-03 19:00:00,0.648094,0.648295,0.647988,0.648189,50
2024-12-03 20:00:00,0.648189,0.648818,0.648078,0.648707,50
2024-12-03 21:00:00,0.648707,0.648725,0.648706,0.648724,50
2024-12-03 22:00:00,0.648724,0.648762,0.648523,0.648561,50
2024-12-03 23:00:00,0.648561,0.648572,0.648287,0.648298,50
2024-12-04 00:00:00,0.648298,0.648717,0.648016,0.648435,50
2024-12-04 01:00:00,0.648435,0.649550,0.648127,0.649241,50
2024-12-04 02:00:00,0.649241,0.649253,0.648755,0.648767,50
2024-12-04 03:00:00,0.648767,0.648966,0.647330,0.647529,50
2024-12-04 04:00:00,0.647529,0.647659,0.646979,0.647109,50
2024-12-04 05:00:00,0.647109,0.647469,0.647037,0.647397,50
2024-12-04 06:00:00,0.647397,0.647638,0.647207,0.647448,50
2024-12-04 07:00:00,0.647448,0.647994,0.647376,0.647922,50
2024-12-04 08:00:00,0.647922,0.648699,0.647705,0.648482,50
2024-12-04 09:00:00,0.648482,0.648870,0.647129,0.647517,50
2024-12-04 10:00:00,0.647517,0.647526,0.647022,0.647031,50
2024-12-04 11:00:00,0.647031,0.647164,0.646484,0.646617,50
2024-12-04 12:00:00,0.646617,0.646961,0.644059,0.644403,50
2024-12-04 13:00:00,0.644403,0.644732,0.644114,0.644444,50
2024-12-04 14:00:00,0.644444,0.645387,0.644244,0.645187,50
2024-12-04 15:00:00,0.645187,0.645545,0.643463,0.643821,50
2024-12-04 16:00:00,0.643821,0.645055,0.643425,0.644659,50
2024-12-04 17:00:00,0.644659,0.644791,0.642509,0.642641,50
2024-12-04 18:00:00,0.642641,0.644015,0.642418,0.643792,50
2024-12-04 19:00:00,0.643792,0.644293,0.643439,0.643940,50
2024-12-04 20:00:00,0.643940,0.644305,0.642277,0.642643,50
2024-12-04 21:00:00,0.642643,0.643267,0.642519,0.643143,50
2024-12-04 22:00:00,0.643143,0.644434,0.642987,0.644278,50
2024-12-04 23:00:00,0.644278,0.644491,0.643370,0.643583,50
2024-12-05 00:00:00,0.643583,0.643656,0.642724,0.642797,50
2024-12-05 01:00:00,0.642797,0.643241,0.642690,0.643134,50
2024-12-05 02:00:00,0.643134,0.643553,0.643112,0.643531,50
2024-12-05 03:00:00,0.643531,0.643760,0.643454,0.643683,50
2024-12-05 04:00:00,0.643683,0.644008,0.643578,0.643902,50
2024-12-05 05:00:00,0.643902,0.644074,0.643809,0.643981,50
2024-12-05 06:00:00,0.643981,0.644240,0.643980,0.644239,50
2024-12-05 07:00:00,0.644239,0.644579,0.644185,0.644524,50
2024-12-05 08:00:00,0.644524,0.644603,0.644361,0.644440,50
2024-12-05 09:00:00,0.644440,0.644458,0.644222,0.644241,50
2024-12-05 10:00:00,0.644241,0.644316,0.643986,0.644061,50
2024-12-05 11:00:00,0.644061,0.644177,0.643895,0.644010,50
2024-12-05 12:00:00,0.644010,0.644085,0.643790,0.643865,50
2024-12-05 13:00:00,0.643865,0.643979,0.643656,0.643770,50
2024-12-05 14:00:00,0.643770,0.644080,0.643750,0.644059,50
2024-12-05 15:00:00,0.644059,0.644561,0.644006,0.644508,50
2024-12-05 16:00:00,0.644508,0.644740,0.644482,0.644715,50
2024-12-05 17:00:00,0.644715,0.644787,0.644420,0.644492,50
2024-12-05 18:00:00,0.644492,0.644583,0.644322,0.644414,50
2024-12-05 19:00:00,0.644414,0.644458,0.644402,0.644447,50
2024-12-05 20:00:00,0.644447,0.644464,0.644066,0.644082,50
2024-12-05 21:00:00,0.644082,0.644197,0.643764,0.643878,50
2024-12-05 22:00:00,0.643878,0.643908,0.643427,0.643456,50
2024-12-05 23:00:00,0.643456,0.643967,0.643405,0.643915,50
2024-12-06 00:00:00,0.643915,0.644767,0.643815,0.644667,50
2024-12-06 01:00:00,0.644667,0.644861,0.641824,0.642017,50
2024-12-06 02:00:00,0.642017,0.642416,0.641778,0.642177,50
2024-12-06 03:00:00,0.642177,0.643272,0.642020,0.643115,50
2024-12-06 04:00:00,0.643115,0.643214,0.642922,0.643021,50
2024-12-06 05:00:00,0.643021,0.643481,0.642102,0.642562,50
2024-12-06 06:00:00,0.642562,0.642647,0.641747,0.641832,50
2024-12-06 07:00:00,0.641832,0.641943,0.641568,0.641679,50
2024-12-06 08:00:00,0.641679,0.641992,0.639951,0.640263,50
2024-12-06 09:00:00,0.640263,0.640282,0.638146,0.638165,50
2024-12-06 10:00:00,0.638165,0.638924,0.637698,0.638457,50
2024-12-06 11:00:00,0.638457,0.638477,0.638431,0.638452,50
2024-12-06 12:00:00,0.638452,0.638824,0.637408,0.637780,50
2024-12-06 13:00:00,0.637780,0.638157,0.636880,0.637258,50
2024-12-06 14:00:00,0.637258,0.637353,0.636965,0.637060,50
2024-12-06 15:00:00,0.637060,0.637529,0.636848,0.637317,50
2024-12-06 16:00:00,0.637317,0.637411,0.637067,0.637161,50
2024-12-06 17:00:00,0.637161,0.638664,0.637089,0.638593,50
2024-12-06 18:00:00,0.638593,0.639038,0.638250,0.638696,50
2024-12-06 19:00:00,0.638696,0.638720,0.638063,0.638087,50
2024-12-06 20:00:00,0.638087,0.639139,0.637750,0.638802,50
2024-12-06 21:00:00,0.638802,0.639222,0.638347,0.638768,50
2024-12-06 22:00:00,0.638768,0.638851,0.637434,0.637517,50
2024-12-06 23:00:00,0.637517,0.638282,0.637438,0.638203,50
2024-12-09 00:00:00,0.638203,0.642375,0.637577,0.641749,50
2024-12-09 01:00:00,0.641749,0.641871,0.641077,0.641199,50
2024-12-09 02:00:00,0.641199,0.642588,0.640665,0.642054,50
2024-12-09 03:00:00,0.642054,0.642676,0.640808,0.641430,50
2024-12-09 04:00:00,0.641430,0.643362,0.641183,0.643115,50
2024-12-09 05:00:00,0.643115,0.643326,0.639481,0.639692,50
2024-12-09 06:00:00,0.639692,0.639844,0.637189,0.637341,50
2024-12-09 07:00:00,0.637341,0.640053,0.636805,0.639517,50
2024-12-09 08:00:00,0.639517,0.639577,0.636543,0.636603,50
2024-12-09 09:00:00,0.636603,0.637551,0.636376,0.637324,50
2024-12-09 10:00:00,0.637324,0.637834,0.637059,0.637569,50
2024-12-09 11:00:00,0.637569,0.637767,0.637157,0.637355,50
2024-12-09 12:00:00,0.637355,0.639741,0.636702,0.639088,50
2024-12-09 13:00:00,0.639088,0.639631,0.638035,0.638578,50
2024-12-09 14:00:00,0.638578,0.639070,0.637670,0.638162,50
2024-12-09 15:00:00,0.638162,0.642373,0.637939,0.642150,50
2024-12-09 16:00:00,0.642150,0.643034,0.641625,0.642509,50
2024-12-09 17:00:00,0.642509,0.642986,0.640727,0.641204,50
2024-12-09 18:00:00,0.641204,0.645738,0.640731,0.645264,50
2024-12-09 19:00:00,0.645264,0.645696,0.644065,0.644497,50
2024-12-09 20:00:00,0.644497,0.648419,0.643882,0.647804,50
2024-12-09 21:00:00,0.647804,0.648223,0.646421,0.646840,50
2024-12-09 22:00:00,0.646840,0.648233,0.646239,0.647631,50
2024-12-09 23:00:00,0.647631,0.647991,0.645844,0.646204,50
2024-12-10 00:00:00,0.646204,0.648356,0.645749,0.647901,50
2024-12-10 01:00:00,0.647901,0.648554,0.643021,0.643674,50
2024-12-10 02:00:00,0.643674,0.644361,0.638804,0.639492,50
2024-12-10 03:00:00,0.639492,0.640058,0.639111,0.639677,50
2024-12-10 04:00:00,0.639677,0.639776,0.636787,0.636887,50
2024-12-10 05:00:00,0.636887,0.641386,0.636465,0.640965,50
2024-12-10 06:00:00,0.640965,0.641859,0.640738,0.641633,50
2024-12-10 07:00:00,0.641633,0.641730,0.640827,0.640924,50
2024-12-10 08:00:00,0.640924,0.641570,0.638227,0.638873,50
2024-12-10 09:00:00,0.638873,0.639044,0.637767,0.637939,50
2024-12-10 10:00:00,0.637939,0.640926,0.637607,0.640595,50
2024-12-10 11:00:00,0.640595,0.641221,0.640497,0.641122,50
2024-12-10 12:00:00,0.641122,0.643443,0.640592,0.642913,50
2024-12-10 13:00:00,0.642913,0.647280,0.642409,0.646776,50
2024-12-10 14:00:00,0.646776,0.646807,0.645266,0.645297,50
2024-12-10 15:00:00,0.645297,0.645646,0.644824,0.645173,50
2024-12-10 16:00:00,0.645173,0.645289,0.641173,0.641288,50
2024-12-10 17:00:00,0.641288,0.641435,0.640162,0.640309,50
2024-12-10 18:00:00,0.640309,0.640634,0.635750,0.636074,50
2024-12-10 19:00:00,0.636074,0.636768,0.635322,0.636017,50
2024-12-10 20:00:00,0.636017,0.637511,0.635933,0.637427,50
2024-12-10 21:00:00,0.637427,0.640453,0.636801,0.639827,50
2024-12-10 22:00:00,0.639827,0.639983,0.639323,0.639479,50
2024-12-10 23:00:00,0.639479,0.639842,0.637352,0.637714,50
2024-12-11 00:00:00,0.637714,0.637727,0.637126,0.637139,50
2024-12-11 01:00:00,0.637139,0.637168,0.636769,0.636798,50
2024-12-11 02:00:00,0.636798,0.637110,0.636789,0.637101,50
2024-12-11 03:00:00,0.637101,0.637185,0.637072,0.637156,50
2024-12-11 04:00:00,0.637156,0.637197,0.636775,0.636816,50
2024-12-11 05:00:00,0.636816,0.636943,0.636792,0.636919,50
2024-12-11 06:00:00,0.636919,0.637006,0.636768,0.636856,50
2024-12-11 07:00:00,0.636856,0.637691,0.636800,0.637636,50
2024-12-11 08:00:00,0.637636,0.638057,0.637610,0.638032,50
2024-12-11 09:00:00,0.638032,0.638275,0.637943,0.638186,50
2024-12-11 10:00:00,0.638186,0.638575,0.638160,0.638549,50
2024-12-11 11:00:00,0.638549,0.638636,0.638283,0.638370,50
2024-12-11 12:00:00,0.638370,0.638412,0.638096,0.638138,50
2024-12-11 13:00:00,0.638138,0.638185,0.637961,0.638008,50
2024-12-11 14:00:00,0.638008,0.638334,0.637972,0.638299,50
2024-12-11 15:00:00,0.638299,0.638780,0.638230,0.638712,50
2024-12-11 16:00:00,0.638712,0.638779,0.638110,0.638177,50
2024-12-11 17:00:00,0.638177,0.638657,0.638092,0.638572,50
2024-12-11 18:00:00,0.638572,0.638645,0.638016,0.638089,50
2024-12-11 19:00:00,0.638089,0.638134,0.637817,0.637862,50
2024-12-11 20:00:00,0.637862,0.637946,0.637770,0.637854,50
2024-12-11 21:00:00,0.637854,0.638041,0.637783,0.637970,50
2024-12-11 22:00:00,0.637970,0.638068,0.637719,0.637816,50
2024-12-11 23:00:00,0.637816,0.637859,0.637753,0.637796,50
2024-12-12 00:00:00,0.637796,0.638156,0.637690,0.638051,50
2024-12-12 01:00:00,0.638051,0.638123,0.637739,0.637811,50
2024-12-12 02:00:00,0.637811,0.637862,0.637658,0.637710,50
2024-12-12 03:00:00,0.637710,0.637812,0.637480,0.637582,50
2024-12-12 04:00:00,0.637582,0.637825,0.637506,0.637749,50
2024-12-12 05:00:00,0.637749,0.637791,0.637467,0.637509,50
2024-12-12 06:00:00,0.637509,0.637563,0.637385,0.637438,50
2024-12-12 07:00:00,0.637438,0.637463,0.637368,0.637393,50
2024-12-12 08:00:00,0.637393,0.637527,0.637305,0.637439,50
2024-12-12 09:00:00,0.637439,0.638030,0.637334,0.637926,50
2024-12-12 10:00:00,0.637926,0.637927,0.637387,0.637389,50
2024-12-12 11:00:00,0.637389,0.637452,0.637283,0.637347,50
2024-12-12 12:00:00,0.637347,0.637525,0.637263,0.637441,50
2024-12-12 13:00:00,0.637441,0.637571,0.637383,0.637513,50
2024-12-12 14:00:00,0.637513,0.637759,0.637509,0.637756,50
2024-12-12 15:00:00,0.637756,0.638145,0.637728,0.638117,50
2024-12-12 16:00:00,0.638117,0.638174,0.637890,0.637947,50
2024-12-12 17:00:00,0.637947,0.638064,0.637932,0.638048,50
2024-12-12 18:00:00,0.638048,0.638480,0.638047,0.638478,50
2024-12-12 19:00:00,0.638478,0.638794,0.638462,0.638778,50
2024-12-12 20:00:00,0.638778,0.639269,0.638772,0.639263,50
2024-12-12 21:00:00,0.639263,0.639327,0.638635,0.638699,50
2024-12-12 22:00:00,0.638699,0.638769,0.638156,0.638226,50
2024-12-12 23:00:00,0.638226,0.638854,0.638187,0.638814,50
2024-12-13 00:00:00,0.638814,0.639499,0.638715,0.639399,50
2024-12-13 01:00:00,0.639399,0.639471,0.639294,0.639366,50
2024-12-13 02:00:00,0.639366,0.639451,0.639090,0.639176,50
2024-12-13 03:00:00,0.639176,0.639232,0.638652,0.638708,50
2024-12-13 04:00:00,0.638708,0.639441,0.638638,0.639370,50
2024-12-13 05:00:00,0.639370,0.639585,0.638405,0.638619,50
2024-12-13 06:00:00,0.638619,0.638656,0.638566,0.638602,50
2024-12-13 07:00:00,0.638602,0.638614,0.638544,0.638556,50
2024-12-13 08:00:00,0.638556,0.638774,0.637533,0.637751,50
2024-12-13 09:00:00,0.637751,0.638395,0.637631,0.638274,50
2024-12-13 10:00:00,0.638274,0.638324,0.637758,0.637807,50
2024-12-13 11:00:00,0.637807,0.637868,0.636659,0.636720,50
2024-12-13 12:00:00,0.636720,0.636945,0.635994,0.636218,50
2024-12-13 13:00:00,0.636218,0.636321,0.635728,0.635831,50
2024-12-13 14:00:00,0.635831,0.635984,0.635152,0.635305,50
2024-12-13 15:00:00,0.635305,0.635979,0.635274,0.635949,50
2024-12-13 16:00:00,0.635949,0.636585,0.635782,0.636419,50
2024-12-13 17:00:00,0.636419,0.636567,0.636080,0.636229,50
2024-12-13 18:00:00,0.636229,0.637221,0.636216,0.637208,50
2024-12-13 19:00:00,0.637208,0.637270,0.636355,0.636418,50
2024-12-13 20:00:00,0.636418,0.636661,0.635784,0.636027,50
2024-12-13 21:00:00,0.636027,0.636741,0.635994,0.636708,50
2024-12-13 22:00:00,0.636708,0.636918,0.636296,0.636506,50
2024-12-13 23:00:00,0.636506,0.636717,0.635678,0.635890,50
2024-12-16 00:00:00,0.635890,0.635955,0.635517,0.635582,50
2024-12-16 01:00:00,0.635582,0.636198,0.635513,0.636129,50
2024-12-16 02:00:00,0.636129,0.636213,0.635949,0.636033,50
2024-12-16 03:00:00,0.636033,0.636154,0.635950,0.636071,50
2024-12-16 04:00:00,0.636071,0.636097,0.635985,0.636011,50
2024-12-16 05:00:00,0.636011,0.636338,0.635995,0.636321,50
2024-12-16 06:00:00,0.636321,0.636333,0.636104,0.636116,50
2024-12-16 07:00:00,0.636116,0.636676,0.636049,0.636609,50
2024-12-16 08:00:00,0.636609,0.636629,0.636510,0.636531,50
2024-12-16 09:00:00,0.636531,0.636582,0.636433,0.636485,50
2024-12-16 10:00:00,0.636485,0.636512,0.636155,0.636182,50
2024-12-16 11:00:00,0.636182,0.636381,0.636100,0.636299,50
2024-12-16 12:00:00,0.636299,0.636388,0.635765,0.635854,50
2024-12-16 13:00:00,0.635854,0.636039,0.635841,0.636025,50
2024-12-16 14:00:00,0.636025,0.636211,0.635911,0.636096,50
2024-12-16 15:00:00,0.636096,0.636612,0.636037,0.636553,50
2024-12-16 16:00:00,0.636553,0.636710,0.636445,0.636602,50
2024-12-16 17:00:00,0.636602,0.636797,0.636511,0.636706,50
2024-12-16 18:00:00,0.636706,0.636919,0.636645,0.636858,50
2024-12-16 19:00:00,0.636858,0.636992,0.636839,0.636972,50
2024-12-16 20:00:00,0.636972,0.637289,0.636877,0.637194,50
2024-12-16 21:00:00,0.637194,0.637453,0.637164,0.637423,50
2024-12-16 22:00:00,0.637423,0.637592,0.637325,0.637494,50
2024-12-16 23:00:00,0.637494,0.637519,0.637160,0.637186,50
2024-12-17 00:00:00,0.637186,0.637420,0.635948,0.636181,50
2024-12-17 01:00:00,0.636181,0.637343,0.636012,0.637174,50
2024-12-17 02:00:00,0.637174,0.638022,0.636992,0.637841,50
2024-12-17 03:00:00,0.637841,0.638093,0.635889,0.636141,50
2024-12-17 04:00:00,0.636141,0.636300,0.633905,0.634064,50
2024-12-17 05:00:00,0.634064,0.635025,0.633831,0.634792,50
2024-12-17 06:00:00,0.634792,0.634879,0.634637,0.634724,50
2024-12-17 07:00:00,0.634724,0.635274,0.634458,0.635008,50
2024-12-17 08:00:00,0.635008,0.636363,0.634915,0.636270,50
2024-12-17 09:00:00,0.636270,0.636331,0.635225,0.635287,50
2024-12-17 10:00:00,0.635287,0.635533,0.633844,0.634090,50
2024-12-17 11:00:00,0.634090,0.634141,0.633675,0.633725,50
2024-12-17 12:00:00,0.633725,0.634276,0.633518,0.634069,50
2024-12-17 13:00:00,0.634069,0.634780,0.633851,0.634562,50
2024-12-17 14:00:00,0.634562,0.634801,0.633545,0.633784,50
2024-12-17 15:00:00,0.633784,0.634263,0.633750,0.634229,50
2024-12-17 16:00:00,0.634229,0.634778,0.634050,0.634599,50
2024-12-17 17:00:00,0.634599,0.634802,0.633057,0.633260,50
2024-12-17 18:00:00,0.633260,0.633731,0.633015,0.633486,50
2024-12-17 19:00:00,0.633486,0.633580,0.633179,0.633274,50
2024-12-17 20:00:00,0.633274,0.635047,0.633015,0.634788,50
2024-12-17 21:00:00,0.634788,0.634788,0.634075,0.634075,50
2024-12-17 22:00:00,0.634075,0.636206,0.633947,0.636078,50
2024-12-17 23:00:00,0.636078,0.636198,0.633795,0.633914,50
2024-12-18 00:00:00,0.633914,0.634283,0.633902,0.634271,50
2024-12-18 01:00:00,0.634271,0.634538,0.632288,0.632555,50
2024-12-18 02:00:00,0.632555,0.632834,0.631382,0.631661,50
2024-12-18 03:00:00,0.631661,0.632510,0.631592,0.632441,50
2024-12-18 04:00:00,0.632441,0.632557,0.631725,0.631841,50
2024-12-18 05:00:00,0.631841,0.632128,0.631562,0.631850,50
2024-12-18 06:00:00,0.631850,0.632130,0.630887,0.631167,50
2024-12-18 07:00:00,0.631167,0.631397,0.630573,0.630804,50
2024-12-18 08:00:00,0.630804,0.631199,0.630696,0.631092,50
2024-12-18 09:00:00,0.631092,0.632120,0.631040,0.632068,50
2024-12-18 10:00:00,0.632068,0.632365,0.631572,0.631869,50
2024-12-18 11:00:00,0.631869,0.632113,0.630129,0.630372,50
2024-12-18 12:00:00,0.630372,0.630518,0.629747,0.629894,50
2024-12-18 13:00:00,0.629894,0.630098,0.629252,0.629456,50
2024-12-18 14:00:00,0.629456,0.630446,0.629162,0.630152,50
2024-12-18 15:00:00,0.630152,0.632251,0.629932,0.632031,50
2024-12-18 16:00:00,0.632031,0.632057,0.631742,0.631767,50
2024-12-18 17:00:00,0.631767,0.631897,0.631045,0.631174,50
2024-12-18 18:00:00,0.631174,0.631334,0.630912,0.631072,50
2024-12-18 19:00:00,0.631072,0.632164,0.630815,0.631907,50
2024-12-18 20:00:00,0.631907,0.632198,0.631400,0.631692,50
2024-12-18 21:00:00,0.631692,0.632023,0.631590,0.631921,50
2024-12-18 22:00:00,0.631921,0.632250,0.631769,0.632098,50
2024-12-18 23:00:00,0.632098,0.632159,0.630138,0.630199,50
2024-12-19 00:00:00,0.630199,0.630313,0.630050,0.630164,50
2024-12-19 01:00:00,0.630164,0.630291,0.629944,0.630071,50
2024-12-19 02:00:00,0.630071,0.630105,0.628697,0.628731,50
2024-12-19 03:00:00,0.628731,0.629942,0.628575,0.629787,50
2024-12-19 04:00:00,0.629787,0.630536,0.629473,0.630222,50
2024-12-19 05:00:00,0.630222,0.630326,0.629724,0.629827,50
2024-12-19 06:00:00,0.629827,0.629919,0.627856,0.627947,50
2024-12-19 07:00:00,0.627947,0.627951,0.625956,0.625960,50
2024-12-19 08:00:00,0.625960,0.626323,0.624610,0.624974,50
2024-12-19 09:00:00,0.624974,0.625224,0.624842,0.625092,50
2024-12-19 10:00:00,0.625092,0.625305,0.624564,0.624777,50
2024-12-19 11:00:00,0.624777,0.625027,0.624399,0.624648,50
2024-12-19 12:00:00,0.624648,0.624998,0.623845,0.624195,50
2024-12-19 13:00:00,0.624195,0.625241,0.624016,0.625063,50
2024-12-19 14:00:00,0.625063,0.625829,0.625037,0.625803,50
2024-12-19 15:00:00,0.625803,0.626273,0.625734,0.626204,50
2024-12-19 16:00:00,0.626204,0.626317,0.625853,0.625966,50
2024-12-19 17:00:00,0.625966,0.626328,0.625882,0.626244,50
2024-12-19 18:00:00,0.626244,0.626928,0.626202,0.626885,50
2024-12-19 19:00:00,0.626885,0.626987,0.626435,0.626537,50
2024-12-19 20:00:00,0.626537,0.626652,0.625775,0.625891,50
2024-12-19 21:00:00,0.625891,0.626028,0.625150,0.625287,50
2024-12-19 22:00:00,0.625287,0.626934,0.624955,0.626602,50
2024-12-19 23:00:00,0.626602,0.626856,0.624941,0.625195,50
2024-12-20 00:00:00,0.625195,0.626272,0.625125,0.626202,50
2024-12-20 01:00:00,0.626202,0.626384,0.626190,0.626373,50
2024-12-20 02:00:00,0.626373,0.626455,0.626113,0.626195,50
2024-12-20 03:00:00,0.626195,0.626635,0.626170,0.626610,50
2024-12-20 04:00:00,0.626610,0.626693,0.626084,0.626167,50
2024-12-20 05:00:00,0.626167,0.626412,0.626154,0.626399,50
2024-12-20 06:00:00,0.626399,0.626479,0.626002,0.626083,50
2024-12-20 07:00:00,0.626083,0.626285,0.625966,0.626168,50
2024-12-20 08:00:00,0.626168,0.626636,0.626074,0.626541,50
2024-12-20 09:00:00,0.626541,0.626594,0.626033,0.626085,50
2024-12-20 10:00:00,0.626085,0.626180,0.625895,0.625989,50
2024-12-20 11:00:00,0.625989,0.625990,0.625344,0.625346,50
2024-12-20 12:00:00,0.625346,0.625529,0.625261,0.625444,50
2024-12-20 13:00:00,0.625444,0.625520,0.624838,0.624913,50
2024-12-20 14:00:00,0.624913,0.625510,0.624827,0.625424,50
2024-12-20 15:00:00,0.625424,0.625614,0.625366,0.625557,50
2024-12-20 16:00:00,0.625557,0.626267,0.625500,0.626210,50
2024-12-20 17:00:00,0.626210,0.626217,0.626101,0.626108,50
2024-12-20 18:00:00,0.626108,0.626267,0.626000,0.626159,50
2024-12-20 19:00:00,0.626159,0.626274,0.625790,0.625905,50
2024-12-20 20:00:00,0.625905,0.625952,0.625791,0.625837,50
2024-12-20 21:00:00,0.625837,0.626073,0.625769,0.626005,50
2024-12-20 22:00:00,0.626005,0.626978,0.625914,0.626888,50
2024-12-20 23:00:00,0.626888,0.626956,0.626538,0.626606,50
2024-12-23 00:00:00,0.626606,0.626688,0.624428,0.624510,50
2024-12-23 01:00:00,0.624510,0.624644,0.624184,0.624318,50
2024-12-23 02:00:00,0.624318,0.624468,0.623956,0.624107,50
2024-12-23 03:00:00,0.624107,0.624180,0.624026,0.624099,50
2024-12-23 04:00:00,0.624099,0.624496,0.624033,0.624430,50
2024-12-23 05:00:00,0.624430,0.624760,0.624283,0.624613,50
2024-12-23 06:00:00,0.624613,0.625314,0.624461,0.625163,50
2024-12-23 07:00:00,0.625163,0.625349,0.624850,0.625036,50
2024-12-23 08:00:00,0.625036,0.626109,0.624857,0.625930,50
2024-12-23 09:00:00,0.625930,0.626009,0.625565,0.625644,50
2024-12-23 10:00:00,0.625644,0.625792,0.625382,0.625530,50
2024-12-23 11:00:00,0.625530,0.626548,0.625385,0.626403,50
2024-12-23 12:00:00,0.626403,0.626693,0.626312,0.626602,50
2024-12-23 13:00:00,0.626602,0.627236,0.626434,0.627067,50
2024-12-23 14:00:00,0.627067,0.627240,0.626095,0.626268,50
2024-12-23 15:00:00,0.626268,0.626425,0.625554,0.625712,50
2024-12-23 16:00:00,0.625712,0.625880,0.625598,0.625766,50
2024-12-23 17:00:00,0.625766,0.625855,0.625680,0.625769,50
2024-12-23 18:00:00,0.625769,0.625864,0.624841,0.624935,50
2024-12-23 19:00:00,0.624935,0.625030,0.624325,0.624419,50
2024-12-23 20:00:00,0.624419,0.624692,0.624273,0.624545,50
2024-12-23 21:00:00,0.624545,0.624574,0.624163,0.624192,50
2024-12-23 22:00:00,0.624192,0.624297,0.623921,0.624026,50
2024-12-23 23:00:00,0.624026,0.624438,0.623886,0.624298,50
2024-12-24 00:00:00,0.624298,0.624515,0.624201,0.624418,50
2024-12-24 01:00:00,0.624418,0.624563,0.624359,0.624505,50
2024-12-24 02:00:00,0.624505,0.624562,0.624215,0.624272,50
2024-12-24 03:00:00,0.624272,0.624276,0.623887,0.623891,50
2024-12-24 04:00:00,0.623891,0.624202,0.623816,0.624127,50
2024-12-24 05:00:00,0.624127,0.624132,0.624102,0.624107,50
2024-12-24 06:00:00,0.624107,0.624584,0.624059,0.624537,50
2024-12-24 07:00:00,0.624537,0.624589,0.624110,0.624162,50
2024-12-24 08:00:00,0.624162,0.624410,0.624095,0.624343,50
2024-12-24 09:00:00,0.624343,0.624419,0.623886,0.623962,50
2024-12-24 10:00:00,0.623962,0.624018,0.623237,0.623293,50
2024-12-24 11:00:00,0.623293,0.623326,0.622916,0.622949,50
2024-12-24 12:00:00,0.622949,0.622952,0.622888,0.622891,50
2024-12-24 13:00:00,0.622891,0.622911,0.622702,0.622721,50
2024-12-24 14:00:00,0.622721,0.622866,0.622693,0.622837,50
2024-12-24 15:00:00,0.622837,0.623288,0.622794,0.623244,50
2024-12-24 16:00:00,0.623244,0.623390,0.623133,0.623279,50
2024-12-24 17:00:00,0.623279,0.623402,0.623247,0.623370,50
2024-12-24 18:00:00,0.623370,0.623592,0.623347,0.623568,50
2024-12-24 19:00:00,0.623568,0.623670,0.623360,0.623461,50
2024-12-24 20:00:00,0.623461,0.623516,0.623385,0.623440,50
2024-12-24 21:00:00,0.623440,0.623504,0.623135,0.623199,50
2024-12-24 22:00:00,0.623199,0.623577,0.623131,0.623510,50
2024-12-24 23:00:00,0.623510,0.623570,0.622953,0.623014,50
2024-12-26 00:00:00,0.623014,0.623841,0.622966,0.623793,50
2024-12-26 01:00:00,0.623793,0.623804,0.623452,0.623463,50
2024-12-26 02:00:00,0.623463,0.623558,0.623341,0.623436,50
2024-12-26 03:00:00,0.623436,0.623440,0.623338,0.623342,50
2024-12-26 04:00:00,0.623342,0.623601,0.623286,0.623544,50
2024-12-26 05:00:00,0.623544,0.623607,0.623177,0.623239,50
2024-12-26 06:00:00,0.623239,0.623328,0.623023,0.623112,50
2024-12-26 07:00:00,0.623112,0.623167,0.622944,0.622999,50
2024-12-26 08:00:00,0.622999,0.623109,0.622945,0.623054,50
2024-12-26 09:00:00,0.623054,0.623188,0.622971,0.623104,50
2024-12-26 10:00:00,0.623104,0.623109,0.622892,0.622897,50
2024-12-26 11:00:00,0.622897,0.622906,0.622317,0.622326,50
2024-12-26 12:00:00,0.622326,0.622877,0.622237,0.622787,50
2024-12-26 13:00:00,0.622787,0.623066,0.622733,0.623012,50
2024-12-26 14:00:00,0.623012,0.623075,0.622633,0.622696,50
2024-12-26 15:00:00,0.622696,0.622735,0.622430,0.622469,50
2024-12-26 16:00:00,0.622469,0.622548,0.622353,0.622433,50
2024-12-26 17:00:00,0.622433,0.622640,0.622367,0.622575,50
2024-12-26 18:00:00,0.622575,0.622608,0.621892,0.621925,50
2024-12-26 19:00:00,0.621925,0.622174,0.621818,0.622067,50
2024-12-26 20:00:00,0.622067,0.622136,0.621899,0.621969,50
2024-12-26 21:00:00,0.621969,0.622249,0.621904,0.622185,50
2024-12-26 22:00:00,0.622185,0.622296,0.622165,0.622277,50
2024-12-26 23:00:00,0.622277,0.622717,0.622263,0.622704,50
2024-12-27 00:00:00,0.622704,0.622819,0.622326,0.622441,50
2024-12-27 01:00:00,0.622441,0.622592,0.622356,0.622506,50
2024-12-27 02:00:00,0.622506,0.622582,0.622390,0.622466,50
2024-12-27 03:00:00,0.622466,0.622595,0.622427,0.622557,50
2024-12-27 04:00:00,0.622557,0.622679,0.622350,0.622472,50
2024-12-27 05:00:00,0.622472,0.622514,0.620505,0.620547,50
2024-12-27 06:00:00,0.620547,0.621403,0.620455,0.621312,50
2024-12-27 07:00:00,0.621312,0.621331,0.620726,0.620745,50
2024-12-27 08:00:00,0.620745,0.620817,0.620569,0.620641,50
2024-12-27 09:00:00,0.620641,0.620662,0.620626,0.620647,50
2024-12-27 10:00:00,0.620647,0.620748,0.620330,0.620431,50
2024-12-27 11:00:00,0.620431,0.620806,0.620430,0.620805,50
2024-12-27 12:00:00,0.620805,0.621453,0.620724,0.621372,50
2024-12-27 13:00:00,0.621372,0.622662,0.621245,0.622536,50
2024-12-27 14:00:00,0.622536,0.622688,0.621891,0.622044,50
2024-12-27 15:00:00,0.622044,0.622410,0.622034,0.622401,50
2024-12-27 16:00:00,0.622401,0.623173,0.622310,0.623083,50
2024-12-27 17:00:00,0.623083,0.623125,0.622953,0.622996,50
2024-12-27 18:00:00,0.622996,0.623002,0.622340,0.622347,50
2024-12-27 19:00:00,0.622347,0.622424,0.622073,0.622151,50
2024-12-27 20:00:00,0.622151,0.622735,0.622017,0.622601,50
2024-12-27 21:00:00,0.622601,0.622706,0.621263,0.621367,50
2024-12-27 22:00:00,0.621367,0.621522,0.620808,0.620962,50
2024-12-27 23:00:00,0.620962,0.621096,0.620676,0.620810,50
2024-12-30 00:00:00,0.620810,0.620846,0.620392,0.620429,50
2024-12-30 01:00:00,0.620429,0.620529,0.620318,0.620417,50
2024-12-30 02:00:00,0.620417,0.620907,0.620308,0.620798,50
2024-12-30 03:00:00,0.620798,0.620848,0.620750,0.620800,50
2024-12-30 04:00:00,0.620800,0.620949,0.620775,0.620925,50
2024-12-30 05:00:00,0.620925,0.621364,0.620819,0.621257,50
2024-12-30 06:00:00,0.621257,0.621259,0.621232,0.621233,50
2024-12-30 07:00:00,0.621233,0.621304,0.620940,0.621011,50
2024-12-30 08:00:00,0.621011,0.621334,0.620923,0.621247,50
2024-12-30 09:00:00,0.621247,0.621400,0.621202,0.621355,50
2024-12-30 10:00:00,0.621355,0.621396,0.621208,0.621249,50
2024-12-30 11:00:00,0.621249,0.621362,0.621159,0.621272,50
2024-12-30 12:00:00,0.621272,0.621684,0.621169,0.621581,50
2024-12-30 13:00:00,0.621581,0.621614,0.621574,0.621607,50
2024-12-30 14:00:00,0.621607,0.621695,0.621331,0.621419,50
2024-12-30 15:00:00,0.621419,0.621546,0.621397,0.621525,50
2024-12-30 16:00:00,0.621525,0.621804,0.621443,0.621722,50
2024-12-30 17:00:00,0.621722,0.622319,0.621686,0.622283,50
2024-12-30 18:00:00,0.622283,0.622348,0.622048,0.622113,50
2024-12-30 19:00:00,0.622113,0.622177,0.621896,0.621960,50
2024-12-30 20:00:00,0.621960,0.621984,0.621925,0.621950,50
2024-12-30 21:00:00,0.621950,0.622015,0.621901,0.621967,50
2024-12-30 22:00:00,0.621967,0.622009,0.621682,0.621725,50
2024-12-30 23:00:00,0.621725,0.621970,0.621645,0.621891,50
2024-12-31 00:00:00,0.621891,0.622134,0.621060,0.621304,50
2024-12-31 01:00:00,0.621304,0.621594,0.621239,0.621529,50
2024-12-31 02:00:00,0.621529,0.621588,0.620328,0.620387,50
2024-12-31 03:00:00,0.620387,0.620889,0.620233,0.620736,50
2024-12-31 04:00:00,0.620736,0.622020,0.620722,0.622006,50
2024-12-31 05:00:00,0.622006,0.622078,0.621303,0.621376,50
2024-12-31 06:00:00,0.621376,0.621559,0.620274,0.620457,50
2024-12-31 07:00:00,0.620457,0.620523,0.618757,0.618823,50
2024-12-31 08:00:00,0.618823,0.619559,0.618636,0.619371,50
2024-12-31 09:00:00,0.619371,0.619623,0.618657,0.618909,50
2024-12-31 10:00:00,0.618909,0.619785,0.618757,0.619633,50
2024-12-31 11:00:00,0.619633,0.619773,0.618056,0.618196,50
2024-12-31 12:00:00,0.618196,0.618279,0.617864,0.617947,50
2024-12-31 13:00:00,0.617947,0.618030,0.617746,0.617829,50
2024-12-31 14:00:00,0.617829,0.618821,0.617608,0.618600,50
2024-12-31 15:00:00,0.618600,0.620306,0.618479,0.620185,50
2024-12-31 16:00:00,0.620185,0.620468,0.618722,0.619005,50
2024-12-31 17:00:00,0.619005,0.619173,0.618525,0.618693,50
2024-12-31 18:00:00,0.618693,0.618961,0.617911,0.618179,50
2024-12-31 19:00:00,0.618179,0.619229,0.617899,0.618949,50
2024-12-31 20:00:00,0.618949,0.620762,0.618825,0.620638,50
2024-12-31 21:00:00,0.620638,0.620914,0.619608,0.619883,50
2024-12-31 22:00:00,0.619883,0.620852,0.619626,0.620595,50
2024-12-31 23:00:00,0.620595,0.620693,0.618408,0.618506,50
