date,open,high,low,close,volume
2013-06-03,0.977040,0.977040,0.977040,0.977040,1000
2013-06-04,0.977040,0.979639,0.961442,0.964041,1000
2013-06-05,0.964041,0.966192,0.951138,0.953289,1000
2013-06-06,0.953289,0.960421,0.952100,0.959233,1000
2013-06-07,0.959233,0.961200,0.947430,0.949397,1000
2013-06-10,0.949397,0.949901,0.946377,0.946880,1000
2013-06-11,0.946880,0.947843,0.941100,0.942063,1000
2013-06-12,0.942063,0.953140,0.940217,0.951294,1000
2013-06-13,0.951294,0.961815,0.949540,0.960061,1000
2013-06-14,0.960061,0.960809,0.957933,0.958681,1000
2013-06-17,0.958681,0.959596,0.953193,0.954107,1000
2013-06-18,0.954107,0.955068,0.948347,0.949307,1000
2013-06-19,0.949307,0.954412,0.948456,0.953562,1000
2013-06-20,0.953562,0.960518,0.911824,0.918780,1000
2013-06-21,0.918780,0.920327,0.917570,0.919118,1000
2013-06-24,0.919118,0.924517,0.918218,0.923617,1000
2013-06-25,0.923617,0.925602,0.922828,0.924813,1000
2013-06-26,0.924813,0.929968,0.923953,0.929109,1000
2013-06-27,0.929109,0.930027,0.927242,0.928160,1000
2013-06-28,0.928160,0.930491,0.914175,0.916506,1000
2013-07-01,0.916506,0.926371,0.914862,0.924727,1000
2013-07-02,0.924727,0.926506,0.914056,0.915835,1000
2013-07-03,0.915835,0.917266,0.907246,0.908678,1000
2013-07-05,0.908678,0.909214,0.906493,0.907029,1000
2013-07-08,0.907029,0.912287,0.906153,0.911411,1000
2013-07-09,0.911411,0.917022,0.910476,0.916086,1000
2013-07-10,0.916086,0.916662,0.913919,0.914495,1000
2013-07-11,0.914495,0.916076,0.913332,0.914913,1000
2013-07-12,0.914913,0.916917,0.902892,0.904895,1000
2013-07-15,0.904895,0.909335,0.904156,0.908595,1000
2013-07-16,0.908595,0.925394,0.905796,0.922594,1000
2013-07-17,0.922594,0.923126,0.920363,0.920895,1000
2013-07-18,0.920895,0.922041,0.914018,0.915164,1000
2013-07-19,0.915164,0.920923,0.914204,0.919963,1000
2013-07-22,0.919963,0.926296,0.918908,0.925241,1000
2013-07-23,0.925241,0.926972,0.924194,0.925926,1000
2013-07-24,0.925926,0.927389,0.917148,0.918611,1000
2013-07-25,0.918611,0.920285,0.917528,0.919202,1000
2013-07-26,0.919202,0.925217,0.918200,0.924214,1000
2013-07-29,0.924214,0.924861,0.920333,0.920980,1000
2013-07-30,0.920980,0.923984,0.902957,0.905961,1000
2013-07-31,0.905961,0.908006,0.893691,0.895736,1000
2013-08-01,0.895736,0.896503,0.891135,0.891902,1000
2013-08-02,0.891902,0.892324,0.889653,0.890076,1000
2013-08-05,0.890076,0.892087,0.889413,0.891424,1000
2013-08-06,0.891424,0.898335,0.890273,0.897183,1000
2013-08-07,0.897183,0.902229,0.896342,0.901388,1000
2013-08-08,0.901388,0.913017,0.899450,0.911079,1000
2013-08-09,0.911079,0.920219,0.909555,0.918695,1000
2013-08-12,0.918695,0.919566,0.916813,0.917684,1000
2013-08-13,0.917684,0.919353,0.907670,0.909339,1000
2013-08-14,0.909339,0.914924,0.908408,0.913993,1000
2013-08-15,0.913993,0.914692,0.909799,0.910498,1000
2013-08-16,0.910498,0.921044,0.908740,0.919287,1000
2013-08-19,0.919287,0.920512,0.911933,0.913159,1000
2013-08-20,0.913159,0.913906,0.908674,0.909422,1000
2013-08-21,0.909422,0.911045,0.899684,0.901307,1000
2013-08-22,0.901307,0.903312,0.900604,0.902609,1000
2013-08-23,0.902609,0.904576,0.901865,0.903832,1000
2013-08-26,0.903832,0.905229,0.902517,0.903914,1000
2013-08-27,0.903914,0.905421,0.894872,0.896379,1000
2013-08-28,0.896379,0.896999,0.894314,0.894935,1000
2013-08-29,0.894935,0.895446,0.891868,0.892379,1000
2013-08-30,0.892379,0.892840,0.889615,0.890076,1000
2013-09-03,0.890076,0.908548,0.886997,0.905469,1000
2013-09-04,0.905469,0.921341,0.902824,0.918695,1000
2013-09-05,0.918695,0.919803,0.912051,0.913159,1000
2013-09-06,0.913159,0.921934,0.911696,0.920471,1000
2013-09-09,0.920471,0.923837,0.919910,0.923276,1000
2013-09-10,0.923276,0.930068,0.922144,0.928936,1000
2013-09-11,0.928936,0.931635,0.928487,0.931185,1000
2013-09-12,0.931185,0.931997,0.926316,0.927128,1000
2013-09-13,0.927128,0.927693,0.923734,0.924300,1000
2013-09-16,0.924300,0.934856,0.922540,0.933097,1000
2013-09-17,0.933097,0.937081,0.932433,0.936417,1000
2013-09-18,0.936417,0.936820,0.934002,0.934405,1000
2013-09-19,0.934405,0.946371,0.932410,0.944376,1000
2013-09-20,0.944376,0.945317,0.938732,0.939673,1000
2013-09-23,0.939673,0.945317,0.938732,0.944376,1000
2013-09-24,0.944376,0.945176,0.939581,0.940380,1000
2013-09-25,0.940380,0.940905,0.938089,0.938615,1000
2013-09-26,0.938615,0.939264,0.934717,0.935366,1000
2013-09-27,0.935366,0.935959,0.931808,0.932401,1000
2013-09-30,0.932401,0.934717,0.931914,0.934230,1000
2013-10-01,0.934230,0.939597,0.933336,0.938703,1000
2013-10-02,0.938703,0.939125,0.936171,0.936593,1000
2013-10-03,0.936593,0.938791,0.935976,0.938174,1000
2013-10-04,0.938174,0.945510,0.936952,0.944287,1000
2013-10-07,0.944287,0.945346,0.942515,0.943574,1000
2013-10-08,0.943574,0.945660,0.942826,0.944912,1000
2013-10-09,0.944912,0.945569,0.942739,0.943396,1000
2013-10-10,0.943396,0.947254,0.942753,0.946611,1000
2013-10-11,0.946611,0.948391,0.945549,0.947329,1000
2013-10-15,0.947329,0.953283,0.946336,0.952290,1000
2013-10-16,0.952290,0.954037,0.951178,0.952925,1000
2013-10-17,0.952925,0.966488,0.950665,0.964227,1000
2013-10-18,0.964227,0.967696,0.963649,0.967118,1000
2013-10-21,0.967118,0.968100,0.965202,0.966184,1000
2013-10-22,0.966184,0.971360,0.965321,0.970497,1000
2013-10-23,0.970497,0.971955,0.961747,0.963206,1000
2013-10-24,0.963206,0.963834,0.959433,0.960061,1000
2013-10-25,0.960061,0.960521,0.957303,0.957763,1000
2013-10-28,0.957763,0.958786,0.955915,0.956938,1000
2013-10-29,0.956938,0.958374,0.948322,0.949758,1000
2013-10-30,0.949758,0.950866,0.948019,0.949127,1000
2013-10-31,0.949127,0.949540,0.946646,0.947059,1000
2013-11-01,0.947059,0.947703,0.943198,0.943841,1000
2013-11-04,0.943841,0.952459,0.942405,0.951022,1000
2013-11-05,0.951022,0.951491,0.948207,0.948677,1000
2013-11-06,0.948677,0.952469,0.948045,0.951837,1000
2013-11-07,0.951837,0.952828,0.945889,0.946880,1000
2013-11-08,0.946880,0.948639,0.936328,0.938086,1000
2013-11-12,0.938086,0.939899,0.927210,0.929023,1000
2013-11-13,0.929023,0.933077,0.928347,0.932401,1000
2013-11-14,0.932401,0.933669,0.930872,0.932140,1000
2013-11-15,0.932140,0.937378,0.931267,0.936505,1000
2013-11-18,0.936505,0.940731,0.935801,0.940026,1000
2013-11-19,0.940026,0.942013,0.939190,0.941176,1000
2013-11-20,0.941176,0.942023,0.936097,0.936944,1000
2013-11-21,0.936944,0.939353,0.922489,0.924898,1000
2013-11-22,0.924898,0.926610,0.914626,0.916338,1000
2013-11-25,0.916338,0.916956,0.914212,0.914829,1000
2013-11-26,0.914829,0.915397,0.911425,0.911993,1000
2013-11-27,0.911993,0.912952,0.906234,0.907194,1000
2013-11-29,0.907194,0.913552,0.906134,0.912492,1000
2013-12-02,0.912492,0.913023,0.909304,0.909835,1000
2013-12-03,0.909835,0.912824,0.909337,0.912326,1000
2013-12-04,0.912326,0.914610,0.898616,0.900901,1000
2013-12-05,0.900901,0.908058,0.899708,0.906865,1000
2013-12-06,0.906865,0.909536,0.906420,0.909091,1000
2013-12-09,0.909091,0.910123,0.907398,0.908430,1000
2013-12-10,0.908430,0.916310,0.907117,0.914997,1000
2013-12-11,0.914997,0.916672,0.904943,0.906618,1000
2013-12-12,0.906618,0.909434,0.889722,0.892538,1000
2013-12-13,0.892538,0.896858,0.891819,0.896138,1000
2013-12-16,0.896138,0.897845,0.895154,0.896861,1000
2013-12-17,0.896861,0.898171,0.889004,0.890313,1000
2013-12-18,0.890313,0.890697,0.888032,0.888415,1000
2013-12-19,0.888415,0.888934,0.885299,0.885818,1000
2013-12-20,0.885818,0.893023,0.884617,0.891822,1000
2013-12-23,0.891822,0.894405,0.891391,0.893975,1000
2013-12-24,0.893975,0.894373,0.891582,0.891981,1000
2013-12-26,0.891981,0.892679,0.887797,0.888494,1000
2013-12-27,0.888494,0.889866,0.887201,0.888573,1000
2013-12-30,0.888573,0.892949,0.887844,0.892220,1000
2013-12-31,0.892220,0.893918,0.891239,0.892937,1000
2014-01-02,0.892937,0.893997,0.891319,0.892379,1000
2014-01-03,0.892379,0.898627,0.891338,0.897585,1000
2014-01-06,0.897585,0.898206,0.895517,0.896138,1000
2014-01-07,0.896138,0.896905,0.891532,0.892299,1000
2014-01-08,0.892299,0.892920,0.890248,0.890869,1000
2014-01-09,0.890869,0.891328,0.888114,0.888573,1000
2014-01-10,0.888573,0.900453,0.886593,0.898473,1000
2014-01-13,0.898473,0.906672,0.897106,0.905305,1000
2014-01-14,0.905305,0.906768,0.896525,0.897989,1000
2014-01-15,0.897989,0.899079,0.891448,0.892538,1000
2014-01-16,0.892538,0.895005,0.877737,0.880204,1000
2014-01-17,0.880204,0.880683,0.877330,0.877809,1000
2014-01-21,0.877809,0.880590,0.877345,0.880127,1000
2014-01-22,0.880127,0.884701,0.879364,0.883939,1000
2014-01-23,0.883939,0.885242,0.876121,0.877424,1000
2014-01-24,0.877424,0.878602,0.870358,0.871536,1000
2014-01-27,0.871536,0.873911,0.871140,0.873515,1000
2014-01-28,0.873515,0.877652,0.872826,0.876962,1000
2014-01-29,0.876962,0.877931,0.875302,0.876271,1000
2014-01-30,0.876271,0.878009,0.875378,0.877116,1000
2014-01-31,0.877116,0.877684,0.873711,0.874279,1000
2014-02-03,0.874279,0.878423,0.873588,0.877732,1000
2014-02-04,0.877732,0.896648,0.874579,0.893495,1000
2014-02-05,0.893495,0.893973,0.890629,0.891107,1000
2014-02-06,0.891107,0.897819,0.889988,0.896700,1000
2014-02-07,0.896700,0.897642,0.894955,0.895897,1000
2014-02-10,0.895897,0.896477,0.893794,0.894374,1000
2014-02-11,0.894374,0.906509,0.892352,0.904486,1000
2014-02-12,0.904486,0.904983,0.902275,0.902772,1000
2014-02-13,0.902772,0.903744,0.896935,0.897908,1000
2014-02-14,0.897908,0.903158,0.897033,0.902283,1000
2014-02-18,0.902283,0.904454,0.901742,0.903914,1000
2014-02-19,0.903914,0.904656,0.901948,0.902690,1000
2014-02-20,0.902690,0.903614,0.897145,0.898069,1000
2014-02-21,0.898069,0.898455,0.895751,0.896138,1000
2014-02-24,0.896138,0.905763,0.894533,0.904159,1000
2014-02-25,0.904159,0.904697,0.901989,0.902527,1000
2014-02-26,0.902527,0.903789,0.894956,0.896218,1000
2014-02-27,0.896218,0.897441,0.894754,0.895977,1000
2014-02-28,0.895977,0.896505,0.892807,0.893336,1000
2014-03-03,0.893336,0.894476,0.891797,0.892937,1000
2014-03-04,0.892937,0.894797,0.892115,0.893975,1000
2014-03-05,0.893975,0.899275,0.893091,0.898392,1000
2014-03-06,0.898392,0.912323,0.896070,0.910001,1000
2014-03-07,0.910001,0.910579,0.906534,0.907112,1000
2014-03-10,0.907112,0.908110,0.901122,0.902120,1000
2014-03-11,0.902120,0.903432,0.900726,0.902039,1000
2014-03-12,0.902039,0.903010,0.896212,0.897183,1000
2014-03-13,0.897183,0.907520,0.895460,0.905797,1000
2014-03-14,0.905797,0.906252,0.903540,0.903996,1000
2014-03-17,0.903996,0.910209,0.902960,0.909174,1000
2014-03-18,0.909174,0.914256,0.908327,0.913409,1000
2014-03-19,0.913409,0.914024,0.909717,0.910332,1000
2014-03-20,0.910332,0.911567,0.902925,0.904159,1000
2014-03-21,0.904159,0.909978,0.903189,0.909008,1000
2014-03-24,0.909008,0.913289,0.908295,0.912575,1000
2014-03-25,0.912575,0.915079,0.912158,0.914662,1000
2014-03-26,0.914662,0.924079,0.913093,0.922509,1000
2014-03-27,0.922509,0.926918,0.921774,0.926183,1000
2014-03-28,0.926183,0.926645,0.923411,0.923873,1000
2014-03-31,0.923873,0.928191,0.923153,0.927472,1000
2014-04-01,0.927472,0.927918,0.924794,0.925241,1000
2014-04-02,0.925241,0.925814,0.923043,0.923617,1000
2014-04-03,0.923617,0.924148,0.921383,0.921914,1000
2014-04-04,0.921914,0.930652,0.920458,0.929195,1000
2014-04-07,0.929195,0.929729,0.925993,0.926526,1000
2014-04-08,0.926526,0.937449,0.924706,0.935629,1000
2014-04-09,0.935629,0.937604,0.934793,0.936768,1000
2014-04-10,0.936768,0.943548,0.935638,0.942418,1000
2014-04-11,0.942418,0.942879,0.939654,0.940115,1000
2014-04-14,0.940115,0.941924,0.939101,0.940911,1000
2014-04-15,0.940911,0.942247,0.932894,0.934230,1000
2014-04-16,0.934230,0.938752,0.933477,0.937998,1000
2014-04-17,0.937998,0.938822,0.933058,0.933881,1000
2014-04-18,0.933881,0.934845,0.932046,0.933010,1000
2014-04-21,0.933010,0.934759,0.931958,0.933707,1000
2014-04-22,0.933707,0.937065,0.933147,0.936505,1000
2014-04-23,0.936505,0.938139,0.926698,0.928333,1000
2014-04-24,0.928333,0.928865,0.925136,0.925669,1000
2014-04-25,0.925669,0.927832,0.925050,0.927214,1000
2014-04-28,0.927214,0.927701,0.924925,0.925412,1000
2014-04-29,0.925412,0.927402,0.924622,0.926612,1000
2014-04-30,0.926612,0.928779,0.925994,0.928160,1000
2014-05-01,0.928160,0.929207,0.926425,0.927472,1000
2014-05-02,0.927472,0.927959,0.925182,0.925669,1000
2014-05-05,0.925669,0.928005,0.925222,0.927558,1000
2014-05-06,0.927558,0.937663,0.925873,0.935979,1000
2014-05-07,0.935979,0.936451,0.933148,0.933620,1000
2014-05-08,0.933620,0.939085,0.932709,0.938174,1000
2014-05-09,0.938174,0.938648,0.935330,0.935804,1000
2014-05-12,0.935804,0.937515,0.934706,0.936417,1000
2014-05-13,0.936417,0.938086,0.935275,0.936944,1000
2014-05-14,0.936944,0.938834,0.936020,0.937910,1000
2014-05-15,0.937910,0.938577,0.933913,0.934579,1000
2014-05-16,0.934579,0.937101,0.934159,0.936680,1000
2014-05-19,0.936680,0.937153,0.933845,0.934317,1000
2014-05-20,0.934317,0.935996,0.924248,0.925926,1000
2014-05-21,0.925926,0.926813,0.920602,0.921489,1000
2014-05-22,0.921489,0.923212,0.920446,0.922169,1000
2014-05-23,0.922169,0.924236,0.921465,0.923532,1000
2014-05-27,0.923532,0.925131,0.922359,0.923958,1000
2014-05-28,0.923958,0.924703,0.921935,0.922679,1000
2014-05-29,0.922679,0.930188,0.921428,0.928936,1000
2014-05-30,0.928936,0.930763,0.927974,0.929800,1000
2014-06-02,0.929800,0.930763,0.924021,0.924984,1000
2014-06-03,0.924984,0.926629,0.923852,0.925497,1000
2014-06-04,0.925497,0.927574,0.924793,0.926870,1000
2014-06-05,0.926870,0.933194,0.925816,0.932140,1000
2014-06-06,0.932140,0.933887,0.931089,0.932836,1000
2014-06-09,0.932836,0.935153,0.932349,0.934667,1000
2014-06-10,0.934667,0.936991,0.934181,0.936505,1000
2014-06-11,0.936505,0.939671,0.935977,0.939144,1000
2014-06-12,0.939144,0.943820,0.938364,0.943040,1000
2014-06-13,0.943040,0.943731,0.938894,0.939585,1000
2014-06-16,0.939585,0.941216,0.938395,0.940026,1000
2014-06-17,0.940026,0.941238,0.932757,0.933968,1000
2014-06-18,0.933968,0.935369,0.932567,0.933968,1000
2014-06-19,0.933968,0.941874,0.932651,0.940557,1000
2014-06-20,0.940557,0.941038,0.938222,0.938703,1000
2014-06-23,0.938703,0.942309,0.938102,0.941708,1000
2014-06-24,0.941708,0.942450,0.937256,0.937998,1000
2014-06-25,0.937998,0.940289,0.937470,0.939761,1000
2014-06-26,0.939761,0.941526,0.938704,0.940468,1000
2014-06-27,0.940468,0.942279,0.939455,0.941265,1000
2014-06-30,0.941265,0.943389,0.940561,0.942685,1000
2014-07-01,0.942685,0.949983,0.941468,0.948767,1000
2014-07-02,0.948767,0.949645,0.943498,0.944376,1000
2014-07-03,0.944376,0.946091,0.934089,0.935804,1000
2014-07-07,0.935804,0.937867,0.935056,0.937119,1000
2014-07-08,0.937119,0.940608,0.936538,0.940026,1000
2014-07-09,0.940026,0.941215,0.938396,0.939585,1000
2014-07-10,0.939585,0.940552,0.937736,0.938703,1000
2014-07-11,0.938703,0.939890,0.937075,0.938262,1000
2014-07-14,0.938262,0.940156,0.937338,0.939232,1000
2014-07-15,0.939232,0.939760,0.936065,0.936593,1000
2014-07-16,0.936593,0.937822,0.935013,0.936242,1000
2014-07-17,0.936242,0.938130,0.935319,0.937207,1000
2014-07-18,0.937207,0.939319,0.936503,0.938615,1000
2014-07-21,0.938615,0.939581,0.936768,0.937734,1000
2014-07-22,0.937734,0.939671,0.936854,0.938791,1000
2014-07-23,0.938791,0.946243,0.937549,0.945001,1000
2014-07-24,0.945001,0.945624,0.941263,0.941886,1000
2014-07-25,0.941886,0.942543,0.939722,0.940380,1000
2014-07-28,0.940380,0.942101,0.939278,0.940999,1000
2014-07-29,0.940999,0.941635,0.937187,0.937822,1000
2014-07-30,0.937822,0.939080,0.930274,0.931532,1000
2014-07-31,0.931532,0.932191,0.929401,0.930060,1000
2014-08-01,0.930060,0.931628,0.928837,0.930406,1000
2014-08-04,0.930406,0.933322,0.929920,0.932836,1000
2014-08-05,0.932836,0.933391,0.929504,0.930060,1000
2014-08-06,0.930060,0.933182,0.929539,0.932662,1000
2014-08-07,0.932662,0.933528,0.927467,0.928333,1000
2014-08-08,0.928333,0.929423,0.926640,0.927730,1000
2014-08-11,0.927730,0.928389,0.925610,0.926269,1000
2014-08-12,0.926269,0.928046,0.925265,0.927042,1000
2014-08-13,0.927042,0.930871,0.926404,0.930233,1000
2014-08-14,0.930233,0.932628,0.929831,0.932227,1000
2014-08-15,0.932227,0.932799,0.930007,0.930579,1000
2014-08-18,0.930579,0.933496,0.930093,0.933010,1000
2014-08-19,0.933010,0.933451,0.930658,0.931099,1000
2014-08-20,0.931099,0.932235,0.929443,0.930579,1000
2014-08-21,0.930579,0.931801,0.929010,0.930233,1000
2014-08-22,0.930233,0.931975,0.929183,0.930925,1000
2014-08-25,0.930925,0.931671,0.928882,0.929627,1000
2014-08-26,0.929627,0.932434,0.929159,0.931966,1000
2014-08-27,0.931966,0.934150,0.931349,0.933532,1000
2014-08-28,0.933532,0.935765,0.932959,0.935191,1000
2014-08-29,0.935191,0.936200,0.933396,0.934405,1000
2014-09-02,0.934405,0.935774,0.926188,0.927558,1000
2014-09-03,0.927558,0.935460,0.926241,0.934143,1000
2014-09-04,0.934143,0.936509,0.933701,0.936067,1000
2014-09-05,0.936067,0.938219,0.935406,0.937559,1000
2014-09-08,0.937559,0.939076,0.928456,0.929973,1000
2014-09-09,0.929973,0.931823,0.918876,0.920726,1000
2014-09-10,0.920726,0.921804,0.914253,0.915332,1000
2014-09-11,0.915332,0.916099,0.910726,0.911494,1000
2014-09-12,0.911494,0.912846,0.903379,0.904732,1000
2014-09-15,0.904732,0.905140,0.902282,0.902690,1000
2014-09-16,0.902690,0.910966,0.901311,0.909587,1000
2014-09-17,0.909587,0.910950,0.901408,0.902772,1000
2014-09-18,0.902772,0.903647,0.897516,0.898392,1000
2014-09-19,0.898392,0.899371,0.892516,0.893495,1000
2014-09-22,0.893495,0.894669,0.886453,0.887626,1000
2014-09-23,0.887626,0.888098,0.884798,0.885269,1000
2014-09-24,0.885269,0.887463,0.884802,0.886997,1000
2014-09-25,0.886997,0.888479,0.878102,0.879585,1000
2014-09-26,0.879585,0.880278,0.875423,0.876117,1000
2014-09-29,0.876117,0.876576,0.873361,0.873820,1000
2014-09-30,0.873820,0.875055,0.872433,0.873668,1000
2014-10-01,0.873668,0.874825,0.872205,0.873362,1000
2014-10-02,0.873362,0.880458,0.872180,0.879275,1000
2014-10-03,0.879275,0.881625,0.865179,0.867528,1000
2014-10-06,0.867528,0.876179,0.866087,0.874738,1000
2014-10-07,0.874738,0.882042,0.873520,0.880824,1000
2014-10-08,0.880824,0.881965,0.873980,0.875120,1000
2014-10-09,0.875120,0.878347,0.874583,0.877809,1000
2014-10-10,0.877809,0.878988,0.870737,0.871916,1000
2014-10-14,0.871916,0.873605,0.870987,0.872676,1000
2014-10-15,0.872676,0.880781,0.871326,0.879430,1000
2014-10-16,0.879430,0.880001,0.876007,0.876578,1000
2014-10-17,0.876578,0.877662,0.875033,0.876117,1000
2014-10-20,0.876117,0.879073,0.875624,0.878580,1000
2014-10-21,0.878580,0.880441,0.877802,0.879662,1000
2014-10-22,0.879662,0.880788,0.878150,0.879275,1000
2014-10-23,0.879275,0.879677,0.876869,0.877270,1000
2014-10-24,0.877270,0.882001,0.876481,0.881213,1000
2014-10-27,0.881213,0.881873,0.879234,0.879894,1000
2014-10-28,0.879894,0.885780,0.878913,0.884799,1000
2014-10-29,0.884799,0.891511,0.883680,0.890393,1000
2014-10-30,0.890393,0.891964,0.880963,0.882535,1000
2014-10-31,0.882535,0.883217,0.878438,0.879121,1000
2014-11-03,0.879121,0.880926,0.868290,0.870095,1000
2014-11-04,0.870095,0.873467,0.869533,0.872905,1000
2014-11-05,0.872905,0.875650,0.856435,0.859180,1000
2014-11-06,0.859180,0.859878,0.857304,0.858001,1000
2014-11-07,0.858001,0.862793,0.857202,0.861995,1000
2014-11-10,0.861995,0.863549,0.860961,0.862515,1000
2014-11-12,0.862515,0.875715,0.860315,0.873515,1000
2014-11-13,0.873515,0.874558,0.871939,0.872981,1000
2014-11-14,0.872981,0.874635,0.872014,0.873668,1000
2014-11-17,0.873668,0.874048,0.871383,0.871764,1000
2014-11-18,0.871764,0.873491,0.870873,0.872600,1000
2014-11-19,0.872600,0.874662,0.860230,0.862292,1000
2014-11-20,0.862292,0.862952,0.860369,0.861030,1000
2014-11-21,0.861030,0.868648,0.859760,0.867378,1000
2014-11-24,0.867378,0.868559,0.860294,0.861475,1000
2014-11-25,0.861475,0.863369,0.850113,0.852006,1000
2014-11-26,0.852006,0.853977,0.851417,0.853388,1000
2014-11-28,0.853388,0.854157,0.851600,0.852370,1000
2014-12-01,0.852370,0.853502,0.850946,0.852079,1000
2014-12-02,0.852079,0.853362,0.844383,0.845666,1000
2014-12-03,0.845666,0.846463,0.840883,0.841680,1000
2014-12-04,0.841680,0.842339,0.839818,0.840477,1000
2014-12-05,0.840477,0.841976,0.831488,0.832986,1000
2014-12-08,0.832986,0.833663,0.828923,0.829600,1000
2014-12-09,0.829600,0.834997,0.828701,0.834098,1000
2014-12-10,0.834098,0.834818,0.829775,0.830496,1000
2014-12-11,0.830496,0.831292,0.825718,0.826515,1000
2014-12-12,0.826515,0.827891,0.825411,0.826788,1000
2014-12-15,0.826788,0.827509,0.822459,0.823181,1000
2014-12-16,0.823181,0.823839,0.821373,0.822030,1000
2014-12-17,0.822030,0.822971,0.816387,0.817327,1000
2014-12-18,0.817327,0.818285,0.815835,0.816793,1000
2014-12-19,0.816793,0.817590,0.812013,0.812810,1000
2014-12-22,0.812810,0.814660,0.812217,0.814067,1000
2014-12-23,0.814067,0.814937,0.808847,0.809717,1000
2014-12-24,0.809717,0.811524,0.809091,0.810898,1000
2014-12-29,0.810898,0.815337,0.810159,0.814598,1000
2014-12-30,0.814598,0.820929,0.813542,0.819874,1000
2014-12-31,0.819874,0.820383,0.816818,0.817327,1000
2015-01-02,0.817327,0.818429,0.810719,0.811820,1000
2015-01-05,0.811820,0.812280,0.809060,0.809520,1000
2015-01-06,0.809520,0.812280,0.809060,0.811820,1000
2015-01-07,0.811820,0.813205,0.803508,0.804894,1000
2015-01-08,0.804894,0.814155,0.803350,0.812612,1000
2015-01-09,0.812612,0.820359,0.811321,0.819068,1000
2015-01-12,0.819068,0.819576,0.816018,0.816526,1000
2015-01-13,0.816526,0.817684,0.815235,0.816393,1000
2015-01-14,0.816393,0.817584,0.815135,0.816327,1000
2015-01-15,0.816327,0.822199,0.815348,0.821220,1000
2015-01-16,0.821220,0.821584,0.819040,0.819403,1000
2015-01-20,0.819403,0.819793,0.817339,0.817728,1000
2015-01-21,0.817728,0.819252,0.808587,0.810110,1000
2015-01-22,0.810110,0.811227,0.808797,0.809913,1000
2015-01-23,0.809913,0.813191,0.790247,0.793525,1000
2015-01-26,0.793525,0.794652,0.792272,0.793399,1000
2015-01-27,0.793399,0.794842,0.792460,0.793903,1000
2015-01-28,0.793903,0.798005,0.793219,0.797321,1000
2015-01-29,0.797321,0.801626,0.771490,0.775795,1000
2015-01-30,0.775795,0.777170,0.774842,0.776217,1000
2015-02-02,0.776217,0.782916,0.775100,0.781800,1000
2015-02-03,0.781800,0.783421,0.772073,0.773694,1000
2015-02-04,0.773694,0.776577,0.773214,0.776096,1000
2015-02-05,0.776096,0.781110,0.775261,0.780275,1000
2015-02-06,0.780275,0.781659,0.779317,0.780701,1000
2015-02-09,0.780701,0.782178,0.779834,0.781311,1000
2015-02-10,0.781311,0.781955,0.777445,0.778089,1000
2015-02-11,0.778089,0.779445,0.769951,0.771307,1000
2015-02-12,0.771307,0.777271,0.770313,0.776277,1000
2015-02-13,0.776277,0.777895,0.775564,0.777182,1000
2015-02-17,0.777182,0.782503,0.776295,0.781616,1000
2015-02-18,0.781616,0.782382,0.777020,0.777786,1000
2015-02-19,0.777786,0.781650,0.777143,0.781006,1000
2015-02-20,0.781006,0.783722,0.780553,0.783269,1000
2015-02-23,0.783269,0.783783,0.780187,0.780701,1000
2015-02-24,0.780701,0.781933,0.779591,0.780823,1000
2015-02-25,0.780823,0.791628,0.779022,0.789827,1000
2015-02-26,0.789827,0.791469,0.779974,0.781616,1000
2015-02-27,0.781616,0.782483,0.780140,0.781006,1000
2015-03-02,0.781006,0.781601,0.777433,0.778028,1000
2015-03-03,0.778028,0.785202,0.776833,0.784006,1000
2015-03-04,0.784006,0.784386,0.781725,0.782105,1000
2015-03-05,0.782105,0.783271,0.775111,0.776277,1000
2015-03-06,0.776277,0.777295,0.770171,0.771188,1000
2015-03-09,0.771188,0.772554,0.770239,0.771605,1000
2015-03-10,0.771605,0.773184,0.762129,0.763709,1000
2015-03-11,0.763709,0.764809,0.757107,0.758208,1000
2015-03-12,0.758208,0.772929,0.755754,0.770475,1000
2015-03-13,0.770475,0.771945,0.761656,0.763126,1000
2015-03-16,0.763126,0.766070,0.762635,0.765580,1000
2015-03-17,0.765580,0.766396,0.760682,0.761499,1000
2015-03-18,0.761499,0.766044,0.760741,0.765287,1000
2015-03-19,0.765287,0.765986,0.761089,0.761789,1000
2015-03-20,0.761789,0.778741,0.758963,0.775916,1000
2015-03-23,0.775916,0.786584,0.774137,0.784806,1000
2015-03-24,0.784806,0.787326,0.784386,0.786906,1000
2015-03-25,0.786906,0.787435,0.785078,0.785608,1000
2015-03-26,0.785608,0.786014,0.783170,0.783576,1000
2015-03-27,0.783576,0.785217,0.773734,0.775374,1000
2015-03-30,0.775374,0.777544,0.762356,0.764526,1000
2015-03-31,0.764526,0.764934,0.762078,0.762486,1000
2015-04-01,0.762486,0.763134,0.760850,0.761499,1000
2015-04-02,0.761499,0.762478,0.755622,0.756601,1000
2015-04-03,0.756601,0.766111,0.755016,0.764526,1000
2015-04-06,0.764526,0.766260,0.763963,0.765697,1000
2015-04-07,0.765697,0.766287,0.763994,0.764584,1000
2015-04-08,0.764584,0.772866,0.763204,0.771486,1000
2015-04-09,0.771486,0.772196,0.769884,0.770594,1000
2015-04-10,0.770594,0.771233,0.766762,0.767401,1000
2015-04-13,0.767401,0.769297,0.756024,0.757920,1000
2015-04-14,0.757920,0.765006,0.756739,0.763825,1000
2015-04-15,0.763825,0.764395,0.760407,0.760977,1000
2015-04-16,0.760977,0.783331,0.757251,0.779606,1000
2015-04-17,0.779606,0.780006,0.777205,0.777605,1000
2015-04-20,0.777605,0.778590,0.771693,0.772678,1000
2015-04-21,0.772678,0.774557,0.772235,0.774114,1000
2015-04-22,0.774114,0.777723,0.773512,0.777122,1000
2015-04-23,0.777122,0.778833,0.776499,0.778210,1000
2015-04-24,0.778210,0.783325,0.777358,0.782473,1000
2015-04-27,0.782473,0.786605,0.781784,0.785916,1000
2015-04-28,0.785916,0.804895,0.782753,0.801732,1000
2015-04-29,0.801732,0.807474,0.800775,0.806517,1000
2015-04-30,0.806517,0.810476,0.782761,0.786720,1000
2015-05-01,0.786720,0.787802,0.780229,0.781311,1000
2015-05-04,0.781311,0.784398,0.780797,0.783883,1000
2015-05-05,0.783883,0.796134,0.781842,0.794092,1000
2015-05-06,0.794092,0.801796,0.792808,0.800512,1000
2015-05-07,0.800512,0.802337,0.789565,0.791390,1000
2015-05-08,0.791390,0.792577,0.790203,0.791390,1000
2015-05-11,0.791390,0.791824,0.789455,0.789889,1000
2015-05-12,0.789889,0.800718,0.788085,0.798913,1000
2015-05-13,0.798913,0.814401,0.796332,0.811820,1000
2015-05-14,0.811820,0.812542,0.807490,0.808211,1000
2015-05-15,0.808211,0.808797,0.804697,0.805283,1000
2015-05-18,0.805283,0.806314,0.799097,0.800128,1000
2015-05-19,0.800128,0.801788,0.790168,0.791828,1000
2015-05-20,0.791828,0.792652,0.786888,0.787712,1000
2015-05-21,0.787712,0.789454,0.787088,0.788830,1000
2015-05-22,0.788830,0.790040,0.781569,0.782779,1000
2015-05-26,0.782779,0.784572,0.772021,0.773814,1000
2015-05-27,0.773814,0.774339,0.770663,0.771188,1000
2015-05-28,0.771188,0.772801,0.761513,0.763126,1000
2015-05-29,0.763126,0.766422,0.762576,0.765873,1000
2015-06-01,0.765873,0.766782,0.760415,0.761325,1000
2015-06-02,0.761325,0.777463,0.758635,0.774773,1000
2015-06-03,0.774773,0.781375,0.773673,0.780275,1000
2015-06-04,0.780275,0.782873,0.764685,0.767283,1000
2015-06-05,0.767283,0.768301,0.761178,0.762195,1000
2015-06-08,0.762195,0.765554,0.761635,0.764994,1000
2015-06-09,0.764994,0.769227,0.764288,0.768521,1000
2015-06-10,0.768521,0.776168,0.767247,0.774893,1000
2015-06-11,0.774893,0.775348,0.772163,0.772618,1000
2015-06-12,0.772618,0.774557,0.772235,0.774174,1000
2015-06-15,0.774174,0.777204,0.773668,0.776699,1000
2015-06-16,0.776699,0.777169,0.774844,0.775314,1000
2015-06-17,0.775314,0.777038,0.764971,0.766695,1000
2015-06-18,0.766695,0.786363,0.763417,0.783085,1000
2015-06-19,0.783085,0.784543,0.774337,0.775795,1000
2015-06-22,0.775795,0.776296,0.773973,0.774473,1000
2015-06-23,0.774473,0.775334,0.773013,0.773874,1000
2015-06-24,0.773874,0.774874,0.767876,0.768876,1000
2015-06-25,0.768876,0.775161,0.767828,0.774114,1000
2015-06-26,0.774114,0.775938,0.763170,0.764994,1000
2015-06-29,0.764994,0.768236,0.764454,0.767695,1000
2015-06-30,0.767695,0.770960,0.767151,0.770416,1000
2015-07-01,0.770416,0.771219,0.765598,0.766401,1000
2015-07-02,0.766401,0.767079,0.762331,0.763009,1000
2015-07-06,0.763009,0.765190,0.749925,0.752106,1000
2015-07-07,0.752106,0.753828,0.741772,0.743494,1000
2015-07-08,0.743494,0.745109,0.742876,0.744491,1000
2015-07-09,0.744491,0.745274,0.743043,0.743826,1000
2015-07-10,0.743826,0.744388,0.742160,0.742721,1000
2015-07-13,0.742721,0.743128,0.740279,0.740686,1000
2015-07-14,0.740686,0.745851,0.739825,0.744990,1000
2015-07-15,0.744990,0.746669,0.734915,0.736594,1000
2015-07-16,0.736594,0.744278,0.735313,0.742997,1000
2015-07-17,0.742997,0.744180,0.735900,0.737083,1000
2015-07-20,0.737083,0.738652,0.736438,0.738007,1000
2015-07-21,0.738007,0.743863,0.737031,0.742887,1000
2015-07-22,0.742887,0.744102,0.735596,0.736811,1000
2015-07-23,0.736811,0.738271,0.736058,0.737518,1000
2015-07-24,0.737518,0.739439,0.725986,0.727908,1000
2015-07-27,0.727908,0.730907,0.727408,0.730407,1000
2015-07-28,0.730407,0.732911,0.729990,0.732493,1000
2015-07-29,0.732493,0.732857,0.730310,0.730674,1000
2015-07-30,0.730674,0.731248,0.727228,0.727802,1000
2015-07-31,0.727802,0.734269,0.726724,0.733192,1000
2015-08-03,0.733192,0.734291,0.726597,0.727696,1000
2015-08-04,0.727696,0.744735,0.724856,0.741895,1000
2015-08-05,0.741895,0.743355,0.733131,0.734592,1000
2015-08-06,0.734592,0.735559,0.733356,0.734322,1000
2015-08-07,0.734322,0.740316,0.733323,0.739317,1000
2015-08-10,0.739317,0.740975,0.738754,0.740412,1000
2015-08-11,0.740412,0.742732,0.726489,0.728810,1000
2015-08-12,0.728810,0.739259,0.727068,0.737518,1000
2015-08-13,0.737518,0.737916,0.735708,0.736106,1000
2015-08-14,0.736106,0.737973,0.735760,0.737626,1000
2015-08-17,0.737626,0.739225,0.737009,0.738607,1000
2015-08-18,0.738607,0.739647,0.732367,0.733407,1000
2015-08-19,0.733407,0.733772,0.731218,0.731582,1000
2015-08-20,0.731582,0.736556,0.730754,0.735727,1000
2015-08-21,0.735727,0.736126,0.733923,0.734322,1000
2015-08-24,0.734322,0.737146,0.717378,0.720202,1000
2015-08-25,0.720202,0.720584,0.717905,0.718288,1000
2015-08-26,0.718288,0.720202,0.706803,0.708717,1000
2015-08-27,0.708717,0.719707,0.706886,0.717875,1000
2015-08-28,0.717875,0.718868,0.711918,0.712911,1000
2015-08-31,0.712911,0.713498,0.709388,0.709975,1000
2015-09-01,0.709975,0.711254,0.702302,0.703581,1000
2015-09-02,0.703581,0.704075,0.700621,0.701115,1000
2015-09-03,0.701115,0.702858,0.700751,0.702494,1000
2015-09-04,0.702494,0.704651,0.689549,0.691706,1000
2015-09-08,0.691706,0.704415,0.689588,0.702297,1000
2015-09-09,0.702297,0.703399,0.701292,0.702395,1000
2015-09-10,0.702395,0.709861,0.701151,0.708617,1000
2015-09-11,0.708617,0.709076,0.706954,0.707414,1000
2015-09-14,0.707414,0.714987,0.706151,0.713725,1000
2015-09-15,0.713725,0.714626,0.708319,0.709220,1000
2015-09-16,0.709220,0.720473,0.707344,0.718597,1000
2015-09-17,0.718597,0.719378,0.713913,0.714694,1000
2015-09-18,0.714694,0.723675,0.713197,0.722178,1000
2015-09-21,0.722178,0.724113,0.710570,0.712504,1000
2015-09-22,0.712504,0.713442,0.706876,0.707814,1000
2015-09-23,0.707814,0.709301,0.698891,0.700378,1000
2015-09-24,0.700378,0.701134,0.699034,0.699790,1000
2015-09-25,0.699790,0.701734,0.699466,0.701410,1000
2015-09-28,0.701410,0.701994,0.699892,0.700476,1000
2015-09-29,0.700476,0.701650,0.699548,0.700722,1000
2015-09-30,0.700722,0.702414,0.700308,0.702001,1000
2015-10-01,0.702001,0.704908,0.701516,0.704424,1000
2015-10-02,0.704424,0.704810,0.702108,0.702494,1000
2015-10-05,0.702494,0.710082,0.701229,0.708818,1000
2015-10-06,0.708818,0.715379,0.707724,0.714286,1000
2015-10-07,0.714286,0.722694,0.712884,0.721293,1000
2015-10-08,0.721293,0.722976,0.720808,0.722491,1000
2015-10-09,0.722491,0.734880,0.720426,0.732815,1000
2015-10-13,0.732815,0.733723,0.727372,0.728279,1000
2015-10-14,0.728279,0.728818,0.725045,0.725584,1000
2015-10-15,0.725584,0.732782,0.724384,0.731582,1000
2015-10-16,0.731582,0.732677,0.725017,0.726111,1000
2015-10-19,0.726111,0.726857,0.724680,0.725426,1000
2015-10-20,0.725426,0.726594,0.724417,0.725584,1000
2015-10-21,0.725584,0.726182,0.721998,0.722596,1000
2015-10-22,0.722596,0.723392,0.721226,0.722022,1000
2015-10-23,0.722022,0.722843,0.720679,0.721501,1000
2015-10-26,0.721501,0.727160,0.720558,0.726216,1000
2015-10-27,0.726216,0.726805,0.722687,0.723275,1000
2015-10-28,0.723275,0.725073,0.712488,0.714286,1000
2015-10-29,0.714286,0.715520,0.706881,0.708115,1000
2015-10-30,0.708115,0.714358,0.707074,0.713318,1000
2015-11-02,0.713318,0.714771,0.712629,0.714082,1000
2015-11-03,0.714082,0.717954,0.713436,0.717309,1000
2015-11-04,0.717309,0.717811,0.714294,0.714796,1000
2015-11-05,0.714796,0.715868,0.713724,0.714796,1000
2015-11-06,0.714796,0.717079,0.701101,0.703383,1000
2015-11-09,0.703383,0.705060,0.702946,0.704622,1000
2015-11-10,0.704622,0.704949,0.702661,0.702988,1000
2015-11-12,0.702988,0.713313,0.701267,0.711592,1000
2015-11-13,0.711592,0.712761,0.710625,0.711794,1000
2015-11-16,0.711794,0.712450,0.707861,0.708516,1000
2015-11-17,0.708516,0.712085,0.707922,0.711491,1000
2015-11-18,0.711491,0.712226,0.707079,0.707814,1000
2015-11-19,0.707814,0.723427,0.705212,0.720825,1000
2015-11-20,0.720825,0.723765,0.720335,0.723275,1000
2015-11-23,0.723275,0.724169,0.717910,0.718804,1000
2015-11-24,0.718804,0.725175,0.717742,0.724113,1000
2015-11-25,0.724113,0.725436,0.723262,0.724585,1000
2015-11-27,0.724585,0.725659,0.718144,0.719217,1000
2015-11-30,0.719217,0.724338,0.718364,0.723484,1000
2015-12-01,0.723484,0.733716,0.721779,0.732011,1000
2015-12-02,0.732011,0.732545,0.730353,0.730887,1000
2015-12-03,0.730887,0.732037,0.729844,0.730994,1000
2015-12-04,0.730994,0.735311,0.730275,0.734592,1000
2015-12-07,0.734592,0.736151,0.725238,0.726797,1000
2015-12-08,0.726797,0.727940,0.719942,0.721085,1000
2015-12-09,0.721085,0.721827,0.719666,0.720409,1000
2015-12-10,0.720409,0.731767,0.718516,0.729874,1000
2015-12-11,0.729874,0.731569,0.719701,0.721397,1000
2015-12-14,0.721397,0.726674,0.720517,0.725795,1000
2015-12-15,0.725795,0.727430,0.715982,0.717618,1000
2015-12-16,0.717618,0.721341,0.716997,0.720721,1000
2015-12-17,0.720721,0.722870,0.707826,0.709975,1000
2015-12-18,0.709975,0.721625,0.708034,0.719683,1000
2015-12-21,0.719683,0.720179,0.716710,0.717206,1000
2015-12-22,0.717206,0.724301,0.716023,0.723118,1000
2015-12-23,0.723118,0.723705,0.721539,0.722126,1000
2015-12-24,0.722126,0.727858,0.721171,0.726903,1000
2015-12-28,0.726903,0.727649,0.725470,0.726216,1000
2015-12-29,0.726216,0.729903,0.725602,0.729288,1000
2015-12-30,0.729288,0.729929,0.727744,0.728385,1000
2015-12-31,0.728385,0.729584,0.727398,0.728597,1000
2016-01-04,0.728597,0.730999,0.714187,0.716589,1000
2016-01-05,0.716589,0.716919,0.714773,0.715103,1000
2016-01-06,0.715103,0.716721,0.705396,0.707014,1000
2016-01-07,0.707014,0.707918,0.701590,0.702494,1000
2016-01-08,0.702494,0.703474,0.696613,0.697593,1000
2016-01-11,0.697593,0.699525,0.697271,0.699203,1000
2016-01-12,0.699203,0.699544,0.697155,0.697496,1000
2016-01-13,0.697496,0.700014,0.697076,0.699594,1000
2016-01-14,0.699594,0.699917,0.697661,0.697983,1000
2016-01-15,0.697983,0.700302,0.684070,0.686389,1000
2016-01-19,0.686389,0.694208,0.685086,0.692905,1000
2016-01-20,0.692905,0.694387,0.684013,0.685495,1000
2016-01-21,0.685495,0.703237,0.682538,0.700280,1000
2016-01-22,0.700280,0.701897,0.699793,0.701410,1000
2016-01-25,0.701410,0.702290,0.696130,0.697010,1000
2016-01-26,0.697010,0.701170,0.696317,0.700476,1000
2016-01-27,0.700476,0.708801,0.699089,0.707414,1000
2016-01-28,0.707414,0.709028,0.706902,0.708516,1000
2016-01-29,0.708516,0.708876,0.706754,0.707114,1000
2016-02-01,0.707114,0.708827,0.706702,0.708416,1000
2016-02-02,0.708416,0.708936,0.705296,0.705816,1000
2016-02-03,0.705816,0.714940,0.704295,0.713419,1000
2016-02-04,0.713419,0.723242,0.711782,0.721605,1000
2016-02-05,0.721605,0.724243,0.705778,0.708416,1000
2016-02-08,0.708416,0.710650,0.708044,0.710278,1000
2016-02-09,0.710278,0.711030,0.705761,0.706514,1000
2016-02-10,0.706514,0.709399,0.706033,0.708918,1000
2016-02-11,0.708918,0.710335,0.708206,0.709622,1000
2016-02-12,0.709622,0.710788,0.708658,0.709824,1000
2016-02-16,0.709824,0.711116,0.708985,0.710278,1000
2016-02-17,0.710278,0.718098,0.708974,0.716794,1000
2016-02-18,0.716794,0.717153,0.714642,0.715001,1000
2016-02-19,0.715001,0.715500,0.712005,0.712504,1000
2016-02-22,0.712504,0.726057,0.710246,0.723798,1000
2016-02-23,0.723798,0.724383,0.720292,0.720877,1000
2016-02-24,0.720877,0.721508,0.717089,0.717721,1000
2016-02-25,0.717721,0.721445,0.717100,0.720825,1000
2016-02-26,0.720825,0.722387,0.711450,0.713012,1000
2016-02-29,0.713012,0.715644,0.712574,0.715205,1000
2016-03-01,0.715205,0.717606,0.714805,0.717206,1000
2016-03-02,0.717206,0.728715,0.715288,0.726797,1000
2016-03-03,0.726797,0.737838,0.724957,0.735998,1000
2016-03-04,0.735998,0.743801,0.734697,0.742501,1000
2016-03-07,0.742501,0.747557,0.741658,0.746714,1000
2016-03-08,0.746714,0.747037,0.744778,0.745101,1000
2016-03-09,0.745101,0.754322,0.743564,0.752785,1000
2016-03-10,0.752785,0.754466,0.742699,0.744380,1000
2016-03-11,0.744380,0.759733,0.741821,0.757174,1000
2016-03-14,0.757174,0.758312,0.750346,0.751484,1000
2016-03-15,0.751484,0.752483,0.745493,0.746491,1000
2016-03-16,0.746491,0.747091,0.742895,0.743494,1000
2016-03-17,0.743494,0.767751,0.739452,0.763709,1000
2016-03-18,0.763709,0.764093,0.761405,0.761789,1000
2016-03-21,0.761789,0.762263,0.758942,0.759417,1000
2016-03-22,0.759417,0.763099,0.758803,0.762486,1000
2016-03-23,0.762486,0.764324,0.751458,0.753296,1000
2016-03-24,0.753296,0.753635,0.751257,0.751597,1000
2016-03-25,0.751597,0.752838,0.750582,0.751823,1000
2016-03-28,0.751823,0.755501,0.751210,0.754888,1000
2016-03-29,0.754888,0.757081,0.754522,0.756716,1000
2016-03-30,0.756716,0.768691,0.754720,0.766695,1000
2016-03-31,0.766695,0.768347,0.766044,0.767695,1000
2016-04-01,0.767695,0.768611,0.766309,0.767224,1000
2016-04-04,0.767224,0.768392,0.760214,0.761383,1000
2016-04-05,0.761383,0.763283,0.749979,0.751880,1000
2016-04-06,0.751880,0.763214,0.749991,0.761325,1000
2016-04-07,0.761325,0.763507,0.748230,0.750413,1000
2016-04-08,0.750413,0.756399,0.749415,0.755401,1000
2016-04-11,0.755401,0.760774,0.754506,0.759878,1000
2016-04-12,0.759878,0.767072,0.758680,0.765873,1000
2016-04-13,0.765873,0.766522,0.764227,0.764877,1000
2016-04-14,0.764877,0.771595,0.763757,0.770475,1000
2016-04-15,0.770475,0.772257,0.769942,0.771724,1000
2016-04-18,0.771724,0.775167,0.771150,0.774593,1000
2016-04-19,0.774593,0.781776,0.773396,0.780579,1000
2016-04-20,0.780579,0.782301,0.779956,0.781677,1000
2016-04-21,0.781677,0.782854,0.774619,0.775795,1000
2016-04-22,0.775795,0.776693,0.770410,0.771307,1000
2016-04-25,0.771307,0.772673,0.770358,0.771724,1000
2016-04-26,0.771724,0.774592,0.771246,0.774114,1000
2016-04-27,0.774114,0.777053,0.756477,0.759417,1000
2016-04-28,0.759417,0.764287,0.758605,0.763475,1000
2016-04-29,0.763475,0.763929,0.760755,0.761209,1000
2016-05-02,0.761209,0.764699,0.760627,0.764117,1000
2016-05-03,0.764117,0.767105,0.746188,0.749176,1000
2016-05-04,0.749176,0.749935,0.744619,0.745379,1000
2016-05-05,0.745379,0.747055,0.744815,0.746491,1000
2016-05-06,0.746491,0.748634,0.733639,0.735781,1000
2016-05-09,0.735781,0.736481,0.731578,0.732279,1000
2016-05-10,0.732279,0.735638,0.731719,0.735078,1000
2016-05-11,0.735078,0.740755,0.734132,0.739809,1000
2016-05-12,0.739809,0.741487,0.729744,0.731422,1000
2016-05-13,0.731422,0.732241,0.726506,0.727326,1000
2016-05-16,0.727326,0.730511,0.726795,0.729980,1000
2016-05-17,0.729980,0.736227,0.728939,0.735186,1000
2016-05-18,0.735186,0.736525,0.727152,0.728491,1000
2016-05-19,0.728491,0.729931,0.719853,0.721293,1000
2016-05-20,0.721293,0.722479,0.720314,0.721501,1000
2016-05-23,0.721501,0.721984,0.719823,0.720305,1000
2016-05-24,0.720305,0.720688,0.718008,0.718391,1000
2016-05-25,0.718391,0.719572,0.717416,0.718597,1000
2016-05-26,0.718597,0.723521,0.717777,0.722700,1000
2016-05-27,0.722700,0.723137,0.720076,0.720513,1000
2016-05-31,0.720513,0.724959,0.719772,0.724218,1000
2016-06-01,0.724218,0.725304,0.723132,0.724218,1000
2016-06-02,0.724218,0.724563,0.722146,0.722491,1000
2016-06-03,0.722491,0.736171,0.720211,0.733891,1000
2016-06-06,0.733891,0.736679,0.733426,0.736214,1000
2016-06-07,0.736214,0.747012,0.734415,0.745212,1000
2016-06-08,0.745212,0.748422,0.744677,0.747887,1000
2016-06-09,0.747887,0.748843,0.742152,0.743108,1000
2016-06-10,0.743108,0.743833,0.738756,0.739481,1000
2016-06-13,0.739481,0.740563,0.738344,0.739426,1000
2016-06-14,0.739426,0.740112,0.735312,0.735998,1000
2016-06-15,0.735998,0.741294,0.735115,0.740412,1000
2016-06-16,0.740412,0.742252,0.729367,0.731208,1000
2016-06-17,0.731208,0.739956,0.729750,0.738498,1000
2016-06-20,0.738498,0.747288,0.737033,0.745823,1000
2016-06-21,0.745823,0.747082,0.744843,0.746102,1000
2016-06-22,0.746102,0.749723,0.745498,0.749120,1000
2016-06-23,0.749120,0.761961,0.746980,0.759821,1000
2016-06-24,0.759821,0.762765,0.742157,0.745101,1000
2016-06-27,0.745101,0.746976,0.733852,0.735727,1000
2016-06-28,0.735727,0.736613,0.734408,0.735294,1000
2016-06-29,0.735294,0.746197,0.733477,0.744380,1000
2016-06-30,0.744380,0.744914,0.742684,0.743218,1000
2016-07-01,0.743218,0.749560,0.742161,0.748503,1000
2016-07-05,0.748503,0.749083,0.745021,0.745601,1000
2016-07-06,0.745601,0.752187,0.744503,0.751089,1000
2016-07-07,0.751089,0.751550,0.748322,0.748783,1000
2016-07-08,0.748783,0.757341,0.747357,0.755915,1000
2016-07-11,0.755915,0.756416,0.752908,0.753409,1000
2016-07-12,0.753409,0.765069,0.751466,0.763126,1000
2016-07-13,0.763126,0.763920,0.761633,0.762428,1000
2016-07-14,0.762428,0.763951,0.761661,0.763184,1000
2016-07-15,0.763184,0.764076,0.757834,0.758725,1000
2016-07-18,0.758725,0.760355,0.758076,0.759705,1000
2016-07-19,0.759705,0.761721,0.747609,0.749625,1000
2016-07-20,0.749625,0.750243,0.747997,0.748615,1000
2016-07-21,0.748615,0.750273,0.748024,0.749681,1000
2016-07-22,0.749681,0.750553,0.744451,0.745323,1000
2016-07-25,0.745323,0.746692,0.744455,0.745823,1000
2016-07-26,0.745823,0.752752,0.744669,0.751597,1000
2016-07-27,0.751597,0.752719,0.744869,0.745990,1000
2016-07-28,0.745990,0.752109,0.744971,0.751089,1000
2016-07-29,0.751089,0.761636,0.749331,0.759878,1000
2016-08-01,0.759878,0.760511,0.756083,0.756716,1000
2016-08-02,0.756716,0.761968,0.755840,0.761093,1000
2016-08-03,0.761093,0.761474,0.758805,0.759186,1000
2016-08-04,0.759186,0.764613,0.758282,0.763709,1000
2016-08-05,0.763709,0.764151,0.761057,0.761499,1000
2016-08-08,0.761499,0.766396,0.760682,0.765580,1000
2016-08-09,0.765580,0.768119,0.765156,0.767695,1000
2016-08-10,0.767695,0.772530,0.766890,0.771724,1000
2016-08-11,0.771724,0.772524,0.770211,0.771010,1000
2016-08-12,0.771010,0.771838,0.766043,0.766871,1000
2016-08-15,0.766871,0.769064,0.766506,0.768699,1000
2016-08-16,0.768699,0.770356,0.768047,0.769704,1000
2016-08-17,0.769704,0.771264,0.760345,0.761905,1000
2016-08-18,0.761905,0.769703,0.760605,0.768403,1000
2016-08-19,0.768403,0.769680,0.760744,0.762021,1000
2016-08-22,0.762021,0.763601,0.761313,0.762893,1000
2016-08-23,0.762893,0.764183,0.761894,0.763184,1000
2016-08-24,0.763184,0.763718,0.759980,0.760514,1000
2016-08-25,0.760514,0.761945,0.759662,0.761093,1000
2016-08-26,0.761093,0.762380,0.760096,0.761383,1000
2016-08-29,0.761383,0.762144,0.756814,0.757576,1000
2016-08-30,0.757576,0.758771,0.750401,0.751597,1000
2016-08-31,0.751597,0.752866,0.750611,0.751880,1000
2016-09-01,0.751880,0.754670,0.751415,0.754205,1000
2016-09-02,0.754205,0.756079,0.753812,0.755687,1000
2016-09-06,0.755687,0.769744,0.753344,0.767401,1000
2016-09-07,0.767401,0.768611,0.766308,0.767519,1000
2016-09-08,0.767519,0.768198,0.765898,0.766577,1000
2016-09-09,0.766577,0.768915,0.752550,0.754888,1000
2016-09-12,0.754888,0.755342,0.752161,0.752615,1000
2016-09-13,0.752615,0.753740,0.745869,0.746993,1000
2016-09-14,0.746993,0.748871,0.746625,0.748503,1000
2016-09-15,0.748503,0.751742,0.747963,0.751202,1000
2016-09-16,0.751202,0.751663,0.748434,0.748895,1000
2016-09-19,0.748895,0.757388,0.747480,0.755972,1000
2016-09-20,0.755972,0.756705,0.754440,0.755173,1000
2016-09-21,0.755173,0.759643,0.754428,0.758898,1000
2016-09-22,0.758898,0.765511,0.757796,0.764409,1000
2016-09-23,0.764409,0.764875,0.761613,0.762079,1000
2016-09-26,0.762079,0.764595,0.761660,0.764175,1000
2016-09-27,0.764175,0.766143,0.763846,0.765814,1000
2016-09-28,0.765814,0.766992,0.764695,0.765873,1000
2016-09-29,0.765873,0.767918,0.765532,0.767578,1000
2016-09-30,0.767578,0.768286,0.765986,0.766695,1000
2016-10-03,0.766695,0.767697,0.765398,0.766401,1000
2016-10-04,0.766401,0.766799,0.764011,0.764409,1000
2016-10-05,0.764409,0.764933,0.761265,0.761789,1000
2016-10-06,0.761789,0.762551,0.757216,0.757978,1000
2016-10-07,0.757978,0.758459,0.755091,0.755572,1000
2016-10-11,0.755572,0.756163,0.753899,0.754489,1000
2016-10-12,0.754489,0.756021,0.753755,0.755287,1000
2016-10-13,0.755287,0.756678,0.754410,0.755801,1000
2016-10-14,0.755801,0.762012,0.754766,0.760977,1000
2016-10-17,0.760977,0.762933,0.760646,0.762602,1000
2016-10-18,0.762602,0.768926,0.761548,0.767872,1000
2016-10-19,0.767872,0.772209,0.767149,0.771486,1000
2016-10-20,0.771486,0.772983,0.762503,0.764000,1000
2016-10-21,0.764000,0.764859,0.758846,0.759705,1000
2016-10-24,0.759705,0.761134,0.758854,0.760283,1000
2016-10-25,0.760283,0.766217,0.759294,0.765228,1000
2016-10-26,0.765228,0.766611,0.764314,0.765697,1000
2016-10-27,0.765697,0.766722,0.759547,0.760572,1000
2016-10-28,0.760572,0.761125,0.757252,0.757805,1000
2016-10-31,0.757805,0.761750,0.757148,0.761093,1000
2016-11-01,0.761093,0.766829,0.760137,0.765873,1000
2016-11-02,0.765873,0.767434,0.765134,0.766695,1000
2016-11-03,0.766695,0.768554,0.766249,0.768108,1000
2016-11-04,0.768108,0.768640,0.766339,0.766871,1000
2016-11-07,0.766871,0.770627,0.766245,0.770001,1000
2016-11-08,0.770001,0.773931,0.769346,0.773276,1000
2016-11-09,0.773276,0.774451,0.766226,0.767401,1000
2016-11-10,0.767401,0.769078,0.757336,0.759013,1000
2016-11-14,0.759013,0.760180,0.752016,0.753182,1000
2016-11-15,0.753182,0.754711,0.752449,0.753977,1000
2016-11-16,0.753977,0.754937,0.748216,0.749176,1000
2016-11-17,0.749176,0.749913,0.744753,0.745490,1000
2016-11-18,0.745490,0.747691,0.732283,0.734484,1000
2016-11-21,0.734484,0.736209,0.734002,0.735727,1000
2016-11-22,0.735727,0.739445,0.735107,0.738825,1000
2016-11-23,0.738825,0.740070,0.737853,0.739098,1000
2016-11-25,0.739098,0.743181,0.738418,0.742501,1000
2016-11-28,0.742501,0.748830,0.741446,0.747775,1000
2016-11-29,0.747775,0.748449,0.746208,0.746882,1000
2016-11-30,0.746882,0.748515,0.737083,0.738716,1000
2016-12-01,0.738716,0.741607,0.738234,0.741125,1000
2016-12-02,0.741125,0.745164,0.740452,0.744491,1000
2016-12-05,0.744491,0.748231,0.743867,0.747608,1000
2016-12-06,0.747608,0.748053,0.744933,0.745379,1000
2016-12-07,0.745379,0.748389,0.744877,0.747887,1000
2016-12-08,0.747887,0.748500,0.744211,0.744823,1000
2016-12-09,0.744823,0.745635,0.743402,0.744214,1000
2016-12-12,0.744214,0.749495,0.743333,0.748615,1000
2016-12-13,0.748615,0.750132,0.747884,0.749400,1000
2016-12-14,0.749400,0.751562,0.749040,0.751202,1000
2016-12-15,0.751202,0.754578,0.730946,0.734322,1000
2016-12-16,0.734322,0.735223,0.728920,0.729820,1000
2016-12-19,0.729820,0.730510,0.725686,0.726375,1000
2016-12-20,0.726375,0.726883,0.724707,0.725216,1000
2016-12-21,0.725216,0.725882,0.723709,0.724375,1000
2016-12-22,0.724375,0.724929,0.721051,0.721605,1000
2016-12-23,0.721605,0.722444,0.716573,0.717412,1000
2016-12-27,0.717412,0.719238,0.717081,0.718907,1000
2016-12-28,0.718907,0.719778,0.717623,0.718494,1000
2016-12-29,0.718494,0.722727,0.717789,0.722022,1000
2016-12-30,0.722022,0.723602,0.721433,0.723014,1000
2017-01-03,0.723014,0.724150,0.721981,0.723118,1000
2017-01-04,0.723118,0.727786,0.722340,0.727008,1000
2017-01-05,0.727008,0.734686,0.725729,0.733407,1000
2017-01-06,0.733407,0.733985,0.729935,0.730514,1000
2017-01-09,0.730514,0.737550,0.729341,0.736377,1000
2017-01-10,0.736377,0.737781,0.735570,0.736974,1000
2017-01-11,0.736974,0.740573,0.736374,0.739973,1000
2017-01-12,0.739973,0.752974,0.737807,0.750807,1000
2017-01-13,0.750807,0.751346,0.747572,0.748111,1000
2017-01-17,0.748111,0.755150,0.746938,0.753977,1000
2017-01-18,0.753977,0.755765,0.753499,0.755287,1000
2017-01-19,0.755287,0.756020,0.753756,0.754489,1000
2017-01-23,0.754489,0.756749,0.754113,0.756372,1000
2017-01-24,0.756372,0.758782,0.755971,0.758380,1000
2017-01-25,0.758380,0.758759,0.756108,0.756487,1000
2017-01-26,0.756487,0.757159,0.752453,0.753125,1000
2017-01-27,0.753125,0.755240,0.752773,0.754888,1000
2017-01-30,0.754888,0.756363,0.754097,0.755572,1000
2017-01-31,0.755572,0.758735,0.755045,0.758208,1000
2017-02-01,0.758208,0.758575,0.756005,0.756372,1000
2017-02-02,0.756372,0.769465,0.754190,0.767283,1000
2017-02-03,0.767283,0.769085,0.766779,0.768580,1000
2017-02-06,0.768580,0.769473,0.763224,0.764117,1000
2017-02-07,0.764117,0.765000,0.762709,0.763592,1000
2017-02-08,0.763592,0.765352,0.763058,0.764818,1000
2017-02-09,0.764818,0.765320,0.761810,0.762311,1000
2017-02-10,0.762311,0.769834,0.761058,0.768580,1000
2017-02-13,0.768580,0.769415,0.763575,0.764409,1000
2017-02-14,0.764409,0.765263,0.762971,0.763825,1000
2017-02-15,0.763825,0.771022,0.762626,0.769823,1000
2017-02-16,0.769823,0.770770,0.768462,0.769408,1000
2017-02-17,0.769408,0.770151,0.764954,0.765697,1000
2017-02-21,0.765697,0.767611,0.765310,0.767224,1000
2017-02-22,0.767224,0.768907,0.766602,0.768285,1000
2017-02-23,0.768285,0.772269,0.767621,0.771605,1000
2017-02-24,0.771605,0.772304,0.767409,0.768108,1000
2017-02-27,0.768108,0.769853,0.767545,0.769290,1000
2017-02-28,0.769290,0.770088,0.767782,0.768580,1000
2017-03-01,0.768580,0.769016,0.765965,0.766401,1000
2017-03-02,0.766401,0.768120,0.756086,0.757805,1000
2017-03-03,0.757805,0.758183,0.755537,0.755915,1000
2017-03-06,0.755915,0.758804,0.755434,0.758323,1000
2017-03-07,0.758323,0.760675,0.757931,0.760283,1000
2017-03-08,0.760283,0.761464,0.753194,0.754375,1000
2017-03-09,0.754375,0.754908,0.751177,0.751710,1000
2017-03-10,0.751710,0.753547,0.751288,0.753125,1000
2017-03-13,0.753125,0.759086,0.752132,0.758093,1000
2017-03-14,0.758093,0.758942,0.756669,0.757518,1000
2017-03-15,0.757518,0.759658,0.757162,0.759301,1000
2017-03-16,0.759301,0.768879,0.757705,0.767283,1000
2017-03-17,0.767283,0.769336,0.766941,0.768994,1000
2017-03-20,0.768994,0.774132,0.768138,0.773276,1000
2017-03-21,0.773276,0.773657,0.771342,0.771724,1000
2017-03-22,0.771724,0.772589,0.766536,0.767401,1000
2017-03-23,0.767401,0.767999,0.763811,0.764409,1000
2017-03-24,0.764409,0.764910,0.761404,0.761905,1000
2017-03-27,0.761905,0.763252,0.760965,0.762311,1000
2017-03-28,0.762311,0.765671,0.761751,0.765111,1000
2017-03-29,0.765111,0.766699,0.764402,0.765990,1000
2017-03-30,0.765990,0.767434,0.765134,0.766577,1000
2017-03-31,0.766577,0.767128,0.763275,0.763825,1000
2017-04-03,0.763825,0.764568,0.759366,0.760109,1000
2017-04-04,0.760109,0.760788,0.756037,0.756716,1000
2017-04-05,0.756716,0.758253,0.755981,0.757518,1000
2017-04-06,0.757518,0.758044,0.754362,0.754888,1000
2017-04-07,0.754888,0.755546,0.750939,0.751597,1000
2017-04-10,0.751597,0.751933,0.749683,0.750019,1000
2017-04-11,0.750019,0.750975,0.748726,0.749681,1000
2017-04-12,0.749681,0.750215,0.747969,0.748503,1000
2017-04-13,0.748503,0.760494,0.746505,0.758495,1000
2017-04-14,0.758495,0.759143,0.756870,0.757518,1000
2017-04-17,0.757518,0.760974,0.756942,0.760398,1000
2017-04-18,0.760398,0.761421,0.754265,0.755287,1000
2017-04-19,0.755287,0.756341,0.748965,0.750019,1000
2017-04-20,0.750019,0.754769,0.749227,0.753977,1000
2017-04-21,0.753977,0.755080,0.752818,0.753920,1000
2017-04-24,0.753920,0.756177,0.753544,0.755801,1000
2017-04-25,0.755801,0.756200,0.753408,0.753807,1000
2017-04-26,0.753807,0.755325,0.744694,0.746213,1000
2017-04-27,0.746213,0.746830,0.744595,0.745212,1000
2017-04-28,0.745212,0.747953,0.744755,0.747496,1000
2017-05-01,0.747496,0.754592,0.746313,0.753409,1000
2017-05-02,0.753409,0.753971,0.751714,0.752276,1000
2017-05-03,0.752276,0.753711,0.743666,0.745101,1000
2017-05-04,0.745101,0.746061,0.739342,0.740302,1000
2017-05-05,0.740302,0.741963,0.739739,0.741400,1000
2017-05-08,0.741400,0.741958,0.738048,0.738607,1000
2017-05-09,0.738607,0.739291,0.734502,0.735186,1000
2017-05-10,0.735186,0.738899,0.734567,0.738280,1000
2017-05-11,0.738280,0.738950,0.736738,0.737409,1000
2017-05-12,0.737409,0.740158,0.736951,0.739700,1000
2017-05-15,0.739700,0.743061,0.739139,0.742501,1000
2017-05-16,0.742501,0.743808,0.741579,0.742887,1000
2017-05-17,0.742887,0.743863,0.741635,0.742611,1000
2017-05-18,0.742611,0.744029,0.741800,0.743218,1000
2017-05-19,0.743218,0.745211,0.742886,0.744879,1000
2017-05-22,0.744879,0.748153,0.744333,0.747608,1000
2017-05-23,0.747608,0.749178,0.746933,0.748503,1000
2017-05-24,0.748503,0.748939,0.745889,0.746324,1000
2017-05-25,0.746324,0.747584,0.745344,0.746603,1000
2017-05-26,0.746603,0.747125,0.743470,0.743992,1000
2017-05-30,0.743992,0.746991,0.743492,0.746491,1000
2017-05-31,0.746491,0.747047,0.743160,0.743716,1000
2017-06-01,0.743716,0.744716,0.737716,0.738716,1000
2017-06-02,0.738716,0.745180,0.737639,0.744103,1000
2017-06-05,0.744103,0.748644,0.743346,0.747887,1000
2017-06-06,0.747887,0.752136,0.747179,0.751428,1000
2017-06-07,0.751428,0.755717,0.750713,0.755002,1000
2017-06-08,0.755002,0.755792,0.753529,0.754318,1000
2017-06-09,0.754318,0.754880,0.752621,0.753182,1000
2017-06-12,0.753182,0.754682,0.752420,0.753920,1000
2017-06-13,0.753920,0.755080,0.752818,0.753977,1000
2017-06-14,0.753977,0.763490,0.752392,0.761905,1000
2017-06-15,0.761905,0.762644,0.757468,0.758208,1000
2017-06-16,0.758208,0.762993,0.757410,0.762195,1000
2017-06-19,0.762195,0.762531,0.760178,0.760514,1000
2017-06-20,0.760514,0.761113,0.756919,0.757518,1000
2017-06-21,0.757518,0.758044,0.754362,0.754888,1000
2017-06-22,0.754888,0.755678,0.753415,0.754205,1000
2017-06-23,0.754205,0.758526,0.753485,0.757805,1000
2017-06-26,0.757805,0.759548,0.757271,0.759013,1000
2017-06-27,0.759013,0.760036,0.757760,0.758783,1000
2017-06-28,0.758783,0.764834,0.757774,0.763825,1000
2017-06-29,0.763825,0.768823,0.762992,0.767990,1000
2017-06-30,0.767990,0.768935,0.766632,0.767578,1000
2017-07-03,0.767578,0.768047,0.764758,0.765228,1000
2017-07-05,0.765228,0.766517,0.757494,0.758783,1000
2017-07-06,0.758783,0.759719,0.757444,0.758380,1000
2017-07-07,0.758380,0.760269,0.757989,0.759878,1000
2017-07-10,0.759878,0.761018,0.758739,0.759878,1000
2017-07-11,0.759878,0.761773,0.759488,0.761383,1000
2017-07-12,0.761383,0.768463,0.760203,0.767283,1000
2017-07-13,0.767283,0.773900,0.766180,0.772798,1000
2017-07-14,0.772798,0.783014,0.771095,0.781311,1000
2017-07-17,0.781311,0.782391,0.780048,0.781128,1000
2017-07-18,0.781128,0.794571,0.778887,0.792330,1000
2017-07-19,0.792330,0.795050,0.791877,0.794597,1000
2017-07-20,0.794597,0.796391,0.794004,0.795798,1000
2017-07-21,0.795798,0.796742,0.790132,0.791077,1000
2017-07-24,0.791077,0.793018,0.790640,0.792581,1000
2017-07-25,0.792581,0.795379,0.792115,0.794913,1000
2017-07-26,0.794913,0.795454,0.791663,0.792205,1000
2017-07-27,0.792205,0.796973,0.791410,0.796178,1000
2017-07-28,0.796178,0.799690,0.795593,0.799105,1000
2017-07-31,0.799105,0.800144,0.797747,0.798786,1000
2017-08-01,0.798786,0.799281,0.796889,0.797385,1000
2017-08-02,0.797385,0.799028,0.796633,0.798276,1000
2017-08-03,0.798276,0.799037,0.793709,0.794470,1000
2017-08-04,0.794470,0.794886,0.791978,0.792393,1000
2017-08-07,0.792393,0.792769,0.790138,0.790514,1000
2017-08-08,0.790514,0.791700,0.789328,0.790514,1000
2017-08-09,0.790514,0.791173,0.786556,0.787216,1000
2017-08-10,0.787216,0.789206,0.786840,0.788830,1000
2017-08-11,0.788830,0.789608,0.787244,0.788022,1000
2017-08-14,0.788022,0.788396,0.786037,0.786411,1000
2017-08-15,0.786411,0.787247,0.781391,0.782228,1000
2017-08-16,0.782228,0.789405,0.781032,0.788208,1000
2017-08-17,0.788208,0.792552,0.787484,0.791828,1000
2017-08-18,0.791828,0.793741,0.791361,0.793273,1000
2017-08-21,0.793273,0.794621,0.792240,0.793588,1000
2017-08-22,0.793588,0.794040,0.790875,0.791327,1000
2017-08-23,0.791327,0.791727,0.788929,0.789328,1000
2017-08-24,0.789328,0.791107,0.788735,0.790514,1000
2017-08-25,0.790514,0.793372,0.790037,0.792896,1000
2017-08-28,0.792896,0.796151,0.792353,0.795608,1000
2017-08-29,0.795608,0.797664,0.795266,0.797321,1000
2017-08-30,0.797321,0.798682,0.789152,0.790514,1000
2017-08-31,0.790514,0.793749,0.789975,0.793210,1000
2017-09-01,0.793210,0.798983,0.792248,0.798021,1000
2017-09-05,0.798021,0.801626,0.797420,0.801025,1000
2017-09-06,0.801025,0.802517,0.800112,0.801603,1000
2017-09-07,0.801603,0.804232,0.801165,0.803794,1000
2017-09-08,0.803794,0.807764,0.803132,0.807103,1000
2017-09-11,0.807103,0.808048,0.801430,0.802375,1000
2017-09-12,0.802375,0.804543,0.802014,0.804182,1000
2017-09-13,0.804182,0.805274,0.797630,0.798722,1000
2017-09-14,0.798722,0.799569,0.797174,0.798021,1000
2017-09-15,0.798021,0.801241,0.797484,0.800705,1000
2017-09-18,0.800705,0.801521,0.795806,0.796622,1000
2017-09-19,0.796622,0.802368,0.795665,0.801410,1000
2017-09-20,0.801410,0.808085,0.800298,0.806972,1000
2017-09-21,0.806972,0.809561,0.791440,0.794029,1000
2017-09-22,0.794029,0.798208,0.793332,0.797512,1000
2017-09-25,0.797512,0.798271,0.792954,0.793714,1000
2017-09-26,0.793714,0.794852,0.786884,0.788022,1000
2017-09-27,0.788022,0.788489,0.786129,0.786596,1000
2017-09-28,0.786596,0.787299,0.782383,0.783085,1000
2017-09-29,0.783085,0.784722,0.782370,0.784006,1000
2017-10-02,0.784006,0.784413,0.782066,0.782473,1000
2017-10-03,0.782473,0.783800,0.781452,0.782779,1000
2017-10-04,0.782779,0.786173,0.782213,0.785608,1000
2017-10-05,0.785608,0.786735,0.778843,0.779970,1000
2017-10-06,0.779970,0.780661,0.775828,0.776518,1000
2017-10-10,0.776518,0.779276,0.776058,0.778816,1000
2017-10-11,0.778816,0.779620,0.777285,0.778089,1000
2017-10-12,0.778089,0.783643,0.777163,0.782718,1000
2017-10-13,0.782718,0.789679,0.781557,0.788519,1000
2017-10-16,0.788519,0.789040,0.785396,0.785916,1000
2017-10-17,0.785916,0.786446,0.782740,0.783269,1000
2017-10-18,0.783269,0.784721,0.782370,0.783822,1000
2017-10-19,0.783822,0.788564,0.783032,0.787774,1000
2017-10-20,0.787774,0.789091,0.779872,0.781189,1000
2017-10-23,0.781189,0.782116,0.779774,0.780701,1000
2017-10-24,0.780701,0.781236,0.777494,0.778028,1000
2017-10-25,0.778028,0.779753,0.767684,0.769408,1000
2017-10-26,0.769408,0.770266,0.767959,0.768817,1000
2017-10-27,0.768817,0.769382,0.765425,0.765990,1000
2017-10-30,0.765990,0.768178,0.765625,0.767813,1000
2017-10-31,0.767813,0.768463,0.766163,0.766812,1000
2017-11-01,0.766812,0.768346,0.766044,0.767578,1000
2017-11-02,0.767578,0.773125,0.766653,0.772201,1000
2017-11-03,0.772201,0.773642,0.763553,0.764994,1000
2017-11-06,0.764994,0.767741,0.764536,0.767283,1000
2017-11-07,0.767283,0.767998,0.762994,0.763709,1000
2017-11-08,0.763709,0.768493,0.762911,0.767695,1000
2017-11-09,0.767695,0.768404,0.766104,0.766812,1000
2017-11-13,0.766812,0.767736,0.761272,0.762195,1000
2017-11-14,0.762195,0.763630,0.761342,0.762777,1000
2017-11-15,0.762777,0.763817,0.756536,0.757576,1000
2017-11-16,0.757576,0.759433,0.757156,0.759013,1000
2017-11-17,0.759013,0.759553,0.755776,0.756315,1000
2017-11-20,0.756315,0.756848,0.754583,0.755116,1000
2017-11-21,0.755116,0.758826,0.754498,0.758208,1000
2017-11-22,0.758208,0.759807,0.757529,0.759129,1000
2017-11-24,0.759129,0.762460,0.758573,0.761905,1000
2017-11-27,0.761905,0.762350,0.760069,0.760514,1000
2017-11-28,0.760514,0.762236,0.759951,0.761673,1000
2017-11-29,0.761673,0.762572,0.756275,0.757174,1000
2017-11-30,0.757174,0.758310,0.756038,0.757174,1000
2017-12-01,0.757174,0.763478,0.756124,0.762428,1000
2017-12-04,0.762428,0.762949,0.759299,0.759821,1000
2017-12-05,0.759821,0.761337,0.759055,0.760572,1000
2017-12-06,0.760572,0.761389,0.755670,0.756487,1000
2017-12-07,0.756487,0.757261,0.751841,0.752615,1000
2017-12-08,0.752615,0.753000,0.750310,0.750694,1000
2017-12-11,0.750694,0.754634,0.750038,0.753977,1000
2017-12-12,0.753977,0.755622,0.753357,0.755002,1000
2017-12-13,0.755002,0.761617,0.753899,0.760514,1000
2017-12-14,0.760514,0.768566,0.759172,0.767224,1000
2017-12-15,0.767224,0.767752,0.764057,0.764584,1000
2017-12-18,0.764584,0.768105,0.763998,0.767519,1000
2017-12-19,0.767519,0.767977,0.764770,0.765228,1000
2017-12-20,0.765228,0.767694,0.764817,0.767283,1000
2017-12-21,0.767283,0.770900,0.766680,0.770297,1000
2017-12-22,0.770297,0.771959,0.769645,0.771307,1000
2017-12-26,0.771307,0.773212,0.770893,0.772798,1000
2017-12-27,0.772798,0.778059,0.771921,0.777182,1000
2017-12-28,0.777182,0.779726,0.776758,0.779302,1000
2017-12-29,0.779302,0.781933,0.778863,0.781494,1000
2018-01-02,0.781494,0.783126,0.780779,0.782411,1000
2018-01-03,0.782411,0.784385,0.782033,0.784006,1000
2018-01-04,0.784006,0.785985,0.783629,0.785608,1000
2018-01-05,0.785608,0.786941,0.784583,0.785916,1000
2018-01-08,0.785916,0.786335,0.783403,0.783822,1000
2018-01-09,0.783822,0.784198,0.781852,0.782228,1000
2018-01-10,0.782228,0.784510,0.781847,0.784129,1000
2018-01-11,0.784129,0.789397,0.783251,0.788519,1000
2018-01-12,0.788519,0.789733,0.787367,0.788581,1000
2018-01-16,0.788581,0.797242,0.787138,0.795798,1000
2018-01-17,0.795798,0.798695,0.795315,0.798212,1000
2018-01-18,0.798212,0.799953,0.797555,0.799297,1000
2018-01-19,0.799297,0.800913,0.798512,0.800128,1000
2018-01-22,0.800128,0.801457,0.799056,0.800384,1000
2018-01-23,0.800384,0.800780,0.798007,0.798403,1000
2018-01-24,0.798403,0.808217,0.796767,0.806582,1000
2018-01-25,0.806582,0.809400,0.806112,0.808931,1000
2018-01-26,0.808931,0.810933,0.808502,0.810504,1000
2018-01-29,0.810504,0.810931,0.808504,0.808931,1000
2018-01-30,0.808931,0.809489,0.807066,0.807624,1000
2018-01-31,0.807624,0.808476,0.806055,0.806907,1000
2018-02-01,0.806907,0.807723,0.802010,0.802826,1000
2018-02-02,0.802826,0.804812,0.790910,0.792896,1000
2018-02-05,0.792896,0.793927,0.791550,0.792581,1000
2018-02-06,0.792581,0.793555,0.786738,0.787712,1000
2018-02-07,0.787712,0.788416,0.783487,0.784191,1000
2018-02-08,0.784191,0.785253,0.777814,0.778877,1000
2018-02-09,0.778877,0.781285,0.778475,0.780884,1000
2018-02-12,0.780884,0.784115,0.780346,0.783576,1000
2018-02-13,0.783576,0.786088,0.783158,0.785669,1000
2018-02-14,0.785669,0.787654,0.785293,0.787278,1000
2018-02-15,0.787278,0.791987,0.786493,0.791202,1000
2018-02-16,0.791202,0.793049,0.790671,0.792519,1000
2018-02-20,0.792519,0.792957,0.789888,0.790326,1000
2018-02-21,0.790326,0.791738,0.781858,0.783269,1000
2018-02-22,0.783269,0.785335,0.782925,0.784991,1000
2018-02-23,0.784991,0.785446,0.782263,0.782718,1000
2018-02-26,0.782718,0.784692,0.782339,0.784314,1000
2018-02-27,0.784314,0.785097,0.779613,0.780396,1000
2018-02-28,0.780396,0.781414,0.779074,0.780092,1000
2018-03-01,0.780092,0.780867,0.775442,0.776217,1000
2018-03-02,0.776217,0.776958,0.774632,0.775374,1000
2018-03-05,0.775374,0.776809,0.774481,0.775916,1000
2018-03-06,0.775916,0.783490,0.774653,0.782228,1000
2018-03-07,0.782228,0.782752,0.779081,0.779606,1000
2018-03-08,0.779606,0.780318,0.777982,0.778695,1000
2018-03-09,0.778695,0.786176,0.777448,0.784929,1000
2018-03-12,0.784929,0.786850,0.784490,0.786411,1000
2018-03-13,0.786411,0.788430,0.786065,0.788084,1000
2018-03-14,0.788084,0.789080,0.786716,0.787712,1000
2018-03-15,0.787712,0.788931,0.780397,0.781616,1000
2018-03-16,0.781616,0.783285,0.771607,0.773276,1000
2018-03-19,0.773276,0.773836,0.769915,0.770475,1000
2018-03-20,0.770475,0.770948,0.768640,0.769112,1000
2018-03-21,0.769112,0.771104,0.768780,0.770772,1000
2018-03-22,0.770772,0.771334,0.769025,0.769586,1000
2018-03-23,0.769586,0.772581,0.769087,0.772082,1000
2018-03-26,0.772082,0.773539,0.771221,0.772678,1000
2018-03-27,0.772678,0.773359,0.771043,0.771724,1000
2018-03-28,0.771724,0.772447,0.767385,0.768108,1000
2018-03-29,0.768108,0.768817,0.766515,0.767224,1000
2018-03-30,0.767224,0.769348,0.766870,0.768994,1000
2018-04-02,0.768994,0.769630,0.765178,0.765814,1000
2018-04-03,0.765814,0.767759,0.765456,0.767401,1000
2018-04-04,0.767401,0.770663,0.766857,0.770119,1000
2018-04-05,0.770119,0.770621,0.768315,0.768817,1000
2018-04-06,0.768817,0.769763,0.767457,0.768403,1000
2018-04-09,0.768403,0.771246,0.767929,0.770772,1000
2018-04-10,0.770772,0.777306,0.769683,0.776217,1000
2018-04-11,0.776217,0.777532,0.775203,0.776518,1000
2018-04-12,0.776518,0.777260,0.774933,0.775675,1000
2018-04-13,0.775675,0.777412,0.775082,0.776820,1000
2018-04-16,0.776820,0.778439,0.776106,0.777726,1000
2018-04-17,0.777726,0.778438,0.776108,0.776820,1000
2018-04-18,0.776820,0.778773,0.776438,0.778392,1000
2018-04-19,0.778392,0.779055,0.774410,0.775074,1000
2018-04-20,0.775074,0.776667,0.765513,0.767106,1000
2018-04-23,0.767106,0.768251,0.760238,0.761383,1000
2018-04-24,0.761383,0.761741,0.759462,0.759821,1000
2018-04-25,0.759821,0.760602,0.755134,0.755915,1000
2018-04-26,0.755915,0.757078,0.754810,0.755972,1000
2018-04-27,0.755972,0.757422,0.755152,0.756601,1000
2018-04-30,0.756601,0.757058,0.753862,0.754318,1000
2018-05-01,0.754318,0.755426,0.747676,0.748783,1000
2018-05-02,0.748783,0.750554,0.748304,0.750075,1000
2018-05-03,0.750075,0.751822,0.749568,0.751315,1000
2018-05-04,0.751315,0.753828,0.750896,0.753409,1000
2018-05-07,0.753409,0.754141,0.751883,0.752615,1000
2018-05-08,0.752615,0.754240,0.742866,0.744491,1000
2018-05-09,0.744491,0.746164,0.743927,0.745601,1000
2018-05-10,0.745601,0.752661,0.744424,0.751484,1000
2018-05-11,0.751484,0.754954,0.750906,0.754375,1000
2018-05-14,0.754375,0.756021,0.753755,0.755401,1000
2018-05-15,0.755401,0.756937,0.746183,0.747719,1000
2018-05-16,0.747719,0.750951,0.747181,0.750413,1000
2018-05-17,0.750413,0.751736,0.749484,0.750807,1000
2018-05-18,0.750807,0.752075,0.749821,0.751089,1000
2018-05-21,0.751089,0.757566,0.750010,0.756487,1000
2018-05-22,0.756487,0.760072,0.755889,0.759474,1000
2018-05-23,0.759474,0.760687,0.752196,0.753409,1000
2018-05-24,0.753409,0.757377,0.752748,0.756716,1000
2018-05-25,0.756716,0.757392,0.755125,0.755801,1000
2018-05-29,0.755801,0.756675,0.750553,0.751428,1000
2018-05-30,0.751428,0.758599,0.750233,0.757404,1000
2018-05-31,0.757404,0.758338,0.756067,0.757002,1000
2018-06-01,0.757002,0.757937,0.755667,0.756601,1000
2018-06-04,0.756601,0.766462,0.754958,0.764818,1000
2018-06-05,0.764818,0.765668,0.759723,0.760572,1000
2018-06-06,0.760572,0.769120,0.759147,0.767695,1000
2018-06-07,0.767695,0.768633,0.762072,0.763009,1000
2018-06-08,0.763009,0.763589,0.759529,0.760109,1000
2018-06-11,0.760109,0.762004,0.759720,0.761615,1000
2018-06-12,0.761615,0.762292,0.760010,0.760688,1000
2018-06-13,0.760688,0.761684,0.759402,0.760398,1000
2018-06-14,0.760398,0.762193,0.749634,0.751428,1000
2018-06-15,0.751428,0.752615,0.744302,0.745490,1000
2018-06-18,0.745490,0.746209,0.741176,0.741895,1000
2018-06-19,0.741895,0.742552,0.737949,0.738607,1000
2018-06-20,0.738607,0.739770,0.737553,0.738716,1000
2018-06-21,0.738716,0.739169,0.736956,0.737409,1000
2018-06-22,0.737409,0.743387,0.736412,0.742390,1000
2018-06-25,0.742390,0.742753,0.740213,0.740576,1000
2018-06-26,0.740576,0.741495,0.739274,0.740192,1000
2018-06-27,0.740192,0.740771,0.736722,0.737300,1000
2018-06-28,0.737300,0.737658,0.735153,0.735510,1000
2018-06-29,0.735510,0.740800,0.734629,0.739919,1000
2018-07-02,0.739919,0.741457,0.730687,0.732225,1000
2018-07-03,0.732225,0.739752,0.730971,0.738498,1000
2018-07-05,0.738498,0.739770,0.737553,0.738825,1000
2018-07-06,0.738825,0.742773,0.738167,0.742115,1000
2018-07-09,0.742115,0.747501,0.741217,0.746603,1000
2018-07-10,0.746603,0.747611,0.745372,0.746380,1000
2018-07-11,0.746380,0.747661,0.738692,0.739973,1000
2018-07-12,0.739973,0.742147,0.739611,0.741785,1000
2018-07-13,0.741785,0.742511,0.740288,0.741015,1000
2018-07-16,0.741015,0.742430,0.740205,0.741620,1000
2018-07-17,0.741620,0.742102,0.738725,0.739208,1000
2018-07-18,0.739208,0.740316,0.738099,0.739208,1000
2018-07-19,0.739208,0.740411,0.731988,0.733192,1000
2018-07-20,0.733192,0.742580,0.731627,0.741015,1000
2018-07-23,0.741015,0.741562,0.737733,0.738280,1000
2018-07-24,0.738280,0.742288,0.737612,0.741620,1000
2018-07-25,0.741620,0.742512,0.740288,0.741180,1000
2018-07-26,0.741180,0.741738,0.737831,0.738389,1000
2018-07-27,0.738389,0.741540,0.737864,0.741015,1000
2018-07-30,0.741015,0.742017,0.739794,0.740796,1000
2018-07-31,0.740796,0.744432,0.740189,0.743826,1000
2018-08-01,0.743826,0.744553,0.739466,0.740192,1000
2018-08-02,0.740192,0.740651,0.737440,0.737898,1000
2018-08-03,0.737898,0.741112,0.737363,0.740576,1000
2018-08-06,0.740576,0.741055,0.738838,0.739317,1000
2018-08-07,0.739317,0.743468,0.738625,0.742776,1000
2018-08-08,0.742776,0.743504,0.741278,0.742005,1000
2018-08-09,0.742005,0.742521,0.738910,0.739426,1000
2018-08-10,0.739426,0.741347,0.727899,0.729820,1000
2018-08-13,0.729820,0.730383,0.726446,0.727008,1000
2018-08-14,0.727008,0.727608,0.723408,0.724008,1000
2018-08-15,0.724008,0.724726,0.722557,0.723275,1000
2018-08-16,0.723275,0.728453,0.722412,0.727590,1000
2018-08-17,0.727590,0.729000,0.726816,0.728226,1000
2018-08-20,0.728226,0.731291,0.727715,0.730780,1000
2018-08-21,0.730780,0.736067,0.729899,0.735186,1000
2018-08-22,0.735186,0.736289,0.734083,0.735186,1000
2018-08-23,0.735186,0.736948,0.724612,0.726375,1000
2018-08-24,0.726375,0.734555,0.725011,0.733192,1000
2018-08-27,0.733192,0.734994,0.732790,0.734592,1000
2018-08-28,0.734592,0.735992,0.733786,0.735186,1000
2018-08-29,0.735186,0.736387,0.727981,0.729182,1000
2018-08-30,0.729182,0.729775,0.725623,0.726216,1000
2018-08-31,0.726216,0.727616,0.717818,0.719217,1000
2018-09-04,0.719217,0.719579,0.717050,0.717412,1000
2018-09-05,0.717412,0.719238,0.717081,0.718907,1000
2018-09-06,0.718907,0.720427,0.718267,0.719787,1000
2018-09-07,0.719787,0.721040,0.712268,0.713521,1000
2018-09-10,0.713521,0.713867,0.711449,0.711794,1000
2018-09-11,0.711794,0.712304,0.710172,0.710682,1000
2018-09-12,0.710682,0.717155,0.709603,0.716076,1000
2018-09-13,0.716076,0.719846,0.715448,0.719217,1000
2018-09-14,0.719217,0.719597,0.717444,0.717824,1000
2018-09-17,0.717824,0.719288,0.717133,0.718597,1000
2018-09-18,0.718597,0.722707,0.717912,0.722022,1000
2018-09-19,0.722022,0.728386,0.720961,0.727326,1000
2018-09-20,0.727326,0.728549,0.726367,0.727590,1000
2018-09-21,0.727590,0.728788,0.726604,0.727802,1000
2018-09-24,0.727802,0.728151,0.725972,0.726322,1000
2018-09-25,0.726322,0.726804,0.724629,0.725111,1000
2018-09-26,0.725111,0.726647,0.724469,0.726006,1000
2018-09-27,0.726006,0.726844,0.720975,0.721813,1000
2018-09-28,0.721813,0.724196,0.721416,0.723798,1000
2018-10-01,0.723798,0.724124,0.721957,0.722282,1000
2018-10-02,0.722282,0.722761,0.719412,0.719891,1000
2018-10-03,0.719891,0.721114,0.712553,0.713776,1000
2018-10-04,0.713776,0.714968,0.706622,0.707814,1000
2018-10-05,0.707814,0.708413,0.704222,0.704821,1000
2018-10-09,0.704821,0.710100,0.703941,0.709220,1000
2018-10-10,0.709220,0.710662,0.708533,0.709975,1000
2018-10-11,0.709975,0.711648,0.709514,0.711187,1000
2018-10-12,0.711187,0.712457,0.710322,0.711592,1000
2018-10-15,0.711592,0.714702,0.711073,0.714184,1000
2018-10-16,0.714184,0.715153,0.713011,0.713980,1000
2018-10-17,0.713980,0.714566,0.712427,0.713012,1000
2018-10-18,0.713012,0.713471,0.711336,0.711794,1000
2018-10-19,0.711794,0.713575,0.711435,0.713216,1000
2018-10-22,0.713216,0.714136,0.707697,0.708617,1000
2018-10-23,0.708617,0.709076,0.706954,0.707414,1000
2018-10-24,0.707414,0.708374,0.706253,0.707214,1000
2018-10-25,0.707214,0.708877,0.706752,0.708416,1000
2018-10-26,0.708416,0.709680,0.707554,0.708818,1000
2018-10-29,0.708818,0.709177,0.707055,0.707414,1000
2018-10-30,0.707414,0.711942,0.706659,0.711187,1000
2018-10-31,0.711187,0.711621,0.708585,0.709019,1000
2018-11-01,0.709019,0.720885,0.707041,0.718907,1000
2018-11-02,0.718907,0.720479,0.718319,0.719891,1000
2018-11-05,0.719891,0.720918,0.718759,0.719787,1000
2018-11-06,0.719787,0.722594,0.719319,0.722126,1000
2018-11-07,0.722126,0.729446,0.720906,0.728226,1000
2018-11-08,0.728226,0.729505,0.727319,0.728597,1000
2018-11-09,0.728597,0.729798,0.721395,0.722596,1000
2018-11-13,0.722596,0.723392,0.721226,0.722022,1000
2018-11-14,0.722022,0.723052,0.720887,0.721917,1000
2018-11-15,0.721917,0.727900,0.720920,0.726903,1000
2018-11-16,0.726903,0.732069,0.726042,0.731208,1000
2018-11-19,0.731208,0.731634,0.728649,0.729076,1000
2018-11-20,0.729076,0.729974,0.723687,0.724585,1000
2018-11-21,0.724585,0.727113,0.724164,0.726691,1000
2018-11-23,0.726691,0.727531,0.721651,0.722491,1000
2018-11-26,0.722491,0.723837,0.721668,0.723014,1000
2018-11-27,0.723014,0.723493,0.720138,0.720617,1000
2018-11-28,0.720617,0.723807,0.720085,0.723275,1000
2018-11-29,0.723275,0.733051,0.721646,0.731422,1000
2018-11-30,0.731422,0.732358,0.730165,0.731101,1000
2018-12-03,0.731101,0.736977,0.730122,0.735998,1000
2018-12-04,0.735998,0.736749,0.734543,0.735294,1000
2018-12-06,0.735294,0.738032,0.718867,0.721605,1000
2018-12-07,0.721605,0.722374,0.720211,0.720981,1000
2018-12-10,0.720981,0.721375,0.718617,0.719011,1000
2018-12-11,0.719011,0.720791,0.718629,0.720409,1000
2018-12-12,0.720409,0.722657,0.720035,0.722282,1000
2018-12-13,0.722282,0.723628,0.721459,0.722804,1000
2018-12-14,0.722804,0.723842,0.716580,0.717618,1000
2018-12-17,0.717618,0.718978,0.716824,0.718184,1000
2018-12-18,0.718184,0.718771,0.716619,0.717206,1000
2018-12-19,0.717206,0.718282,0.716130,0.717206,1000
2018-12-20,0.717206,0.718571,0.709013,0.710379,1000
2018-12-21,0.710379,0.711012,0.706581,0.707214,1000
2018-12-26,0.707214,0.708174,0.706053,0.707014,1000
2018-12-27,0.707014,0.708016,0.700998,0.702001,1000
2018-12-28,0.702001,0.704908,0.701516,0.704424,1000
2018-12-31,0.704424,0.705580,0.703466,0.704622,1000
2019-01-02,0.704622,0.705550,0.699059,0.699986,1000
2019-01-03,0.699986,0.701750,0.699646,0.701410,1000
2019-01-04,0.701410,0.712657,0.699535,0.710783,1000
2019-01-07,0.710783,0.714986,0.710082,0.714286,1000
2019-01-08,0.714286,0.714923,0.712782,0.713419,1000
2019-01-09,0.713419,0.717963,0.712662,0.717206,1000
2019-01-10,0.717206,0.719372,0.716845,0.719011,1000
2019-01-11,0.719011,0.720791,0.718629,0.720409,1000
2019-01-15,0.720409,0.720892,0.718735,0.719217,1000
2019-01-16,0.719217,0.719882,0.717727,0.718391,1000
2019-01-17,0.718391,0.718823,0.716671,0.717103,1000
2019-01-18,0.717103,0.718230,0.716079,0.717206,1000
2019-01-22,0.717206,0.717983,0.712540,0.713318,1000
2019-01-23,0.713318,0.714388,0.712248,0.713318,1000
2019-01-24,0.713318,0.714057,0.708883,0.709622,1000
2019-01-25,0.709622,0.718722,0.708106,0.717206,1000
2019-01-28,0.717206,0.717972,0.715823,0.716589,1000
2019-01-29,0.716589,0.716927,0.714560,0.714898,1000
2019-01-30,0.714898,0.720516,0.713962,0.719580,1000
2019-01-31,0.719580,0.729955,0.717851,0.728226,1000
2019-02-01,0.728226,0.728670,0.725561,0.726006,1000
2019-02-04,0.726006,0.726844,0.720975,0.721813,1000
2019-02-05,0.721813,0.723693,0.721500,0.723380,1000
2019-02-06,0.723380,0.725494,0.710695,0.712809,1000
2019-02-07,0.712809,0.713507,0.708623,0.709320,1000
2019-02-08,0.709320,0.710233,0.708106,0.709019,1000
2019-02-11,0.709019,0.709520,0.706013,0.706514,1000
2019-02-12,0.706514,0.710003,0.705933,0.709421,1000
2019-02-13,0.709421,0.711662,0.709048,0.711288,1000
2019-02-14,0.711288,0.711722,0.708686,0.709119,1000
2019-02-15,0.709119,0.712816,0.708503,0.712200,1000
2019-02-19,0.712200,0.715070,0.711722,0.714592,1000
2019-02-21,0.714592,0.715907,0.706699,0.708015,1000
2019-02-22,0.708015,0.714928,0.706862,0.713776,1000
2019-02-25,0.713776,0.717522,0.713152,0.716897,1000
2019-02-26,0.716897,0.718618,0.716464,0.718184,1000
2019-02-27,0.718184,0.719137,0.712466,0.713419,1000
2019-02-28,0.713419,0.714118,0.709226,0.709925,1000
2019-03-01,0.709925,0.710307,0.707633,0.708015,1000
2019-03-04,0.708015,0.709278,0.707153,0.708416,1000
2019-03-05,0.708416,0.708926,0.706804,0.707314,1000
2019-03-06,0.707314,0.708317,0.701293,0.702297,1000
2019-03-07,0.702297,0.703796,0.701686,0.703185,1000
2019-03-08,0.703185,0.705148,0.702858,0.704821,1000
2019-03-11,0.704821,0.706277,0.704160,0.705617,1000
2019-03-12,0.705617,0.708735,0.705097,0.708215,1000
2019-03-13,0.708215,0.709529,0.707403,0.708717,1000
2019-03-14,0.708717,0.709238,0.705595,0.706115,1000
2019-03-15,0.706115,0.709479,0.705554,0.708918,1000
2019-03-18,0.708918,0.710512,0.708382,0.709975,1000
2019-03-19,0.709975,0.711141,0.709011,0.710177,1000
2019-03-20,0.710177,0.710560,0.708434,0.708818,1000
2019-03-21,0.708818,0.711418,0.708384,0.710985,1000
2019-03-22,0.710985,0.711358,0.708746,0.709119,1000
2019-03-25,0.709119,0.711843,0.708665,0.711389,1000
2019-03-26,0.711389,0.714498,0.710871,0.713980,1000
2019-03-27,0.713980,0.715373,0.705620,0.707014,1000
2019-03-28,0.707014,0.708526,0.706402,0.707914,1000
2019-03-29,0.707914,0.710871,0.707422,0.710379,1000
2019-04-01,0.710379,0.712103,0.709968,0.711693,1000
2019-04-02,0.711693,0.712869,0.704640,0.705816,1000
2019-04-03,0.705816,0.713720,0.704499,0.712403,1000
2019-04-04,0.712403,0.712862,0.710728,0.711187,1000
2019-04-05,0.711187,0.711621,0.709491,0.709925,1000
2019-04-08,0.709925,0.712899,0.709429,0.712403,1000
2019-04-09,0.712403,0.713726,0.711588,0.712911,1000
2019-04-10,0.712911,0.716401,0.712329,0.715820,1000
2019-04-11,0.715820,0.716422,0.712207,0.712809,1000
2019-04-12,0.712809,0.718579,0.711848,0.717618,1000
2019-04-15,0.717618,0.718797,0.716644,0.717824,1000
2019-04-16,0.717824,0.718694,0.716541,0.717412,1000
2019-04-17,0.717412,0.718178,0.716028,0.716794,1000
2019-04-18,0.716794,0.717153,0.714642,0.715001,1000
2019-04-19,0.715001,0.716073,0.713928,0.715001,1000
2019-04-22,0.715001,0.715317,0.713103,0.713419,1000
2019-04-23,0.713419,0.714179,0.708863,0.709622,1000
2019-04-24,0.709622,0.711028,0.701187,0.702593,1000
2019-04-25,0.702593,0.702908,0.700701,0.701016,1000
2019-04-26,0.701016,0.705105,0.700335,0.704424,1000
2019-04-29,0.704424,0.705979,0.703863,0.705418,1000
2019-04-30,0.705418,0.705754,0.703642,0.703977,1000
2019-05-01,0.703977,0.704934,0.702823,0.703779,1000
2019-05-02,0.703779,0.704499,0.699463,0.700182,1000
2019-05-03,0.700182,0.702128,0.699858,0.701804,1000
2019-05-06,0.701804,0.702265,0.699035,0.699496,1000
2019-05-07,0.699496,0.700988,0.698887,0.700378,1000
2019-05-08,0.700378,0.701429,0.699328,0.700378,1000
2019-05-09,0.700378,0.700935,0.697036,0.697593,1000
2019-05-10,0.697593,0.700229,0.697154,0.699790,1000
2019-05-13,0.699790,0.700792,0.693781,0.694782,1000
2019-05-14,0.694782,0.695728,0.693644,0.694589,1000
2019-05-15,0.694589,0.694907,0.692683,0.693001,1000
2019-05-16,0.693001,0.693498,0.690015,0.690512,1000
2019-05-17,0.690512,0.691139,0.686753,0.687380,1000
2019-05-20,0.687380,0.692113,0.686591,0.691324,1000
2019-05-21,0.691324,0.692065,0.686874,0.687616,1000
2019-05-22,0.687616,0.688837,0.686773,0.687994,1000
2019-05-23,0.687994,0.689930,0.687672,0.689608,1000
2019-05-24,0.689608,0.691782,0.689245,0.691419,1000
2019-05-28,0.691419,0.693317,0.691103,0.693001,1000
2019-05-29,0.693001,0.693365,0.690817,0.691181,1000
2019-05-30,0.691181,0.692122,0.690049,0.690989,1000
2019-05-31,0.690989,0.693403,0.690587,0.693001,1000
2019-06-03,0.693001,0.696008,0.692499,0.695507,1000
2019-06-04,0.695507,0.699356,0.694866,0.698714,1000
2019-06-05,0.698714,0.699103,0.697010,0.697399,1000
2019-06-06,0.697399,0.698958,0.696863,0.698422,1000
2019-06-07,0.698422,0.700534,0.698069,0.700182,1000
2019-06-10,0.700182,0.700943,0.695618,0.696379,1000
2019-06-11,0.696379,0.697035,0.694948,0.695604,1000
2019-06-12,0.695604,0.695945,0.693862,0.694203,1000
2019-06-13,0.694203,0.694846,0.690347,0.690989,1000
2019-06-14,0.690989,0.691749,0.686431,0.687191,1000
2019-06-17,0.687191,0.687631,0.685572,0.686012,1000
2019-06-18,0.686012,0.687632,0.685571,0.687191,1000
2019-06-19,0.687191,0.688127,0.686066,0.687002,1000
2019-06-20,0.687002,0.692647,0.686061,0.691706,1000
2019-06-21,0.691706,0.692888,0.690812,0.691994,1000
2019-06-24,0.691994,0.697256,0.691117,0.696379,1000
2019-06-25,0.696379,0.697984,0.695891,0.697496,1000
2019-06-26,0.697496,0.699310,0.697194,0.699007,1000
2019-06-27,0.699007,0.700448,0.698349,0.699790,1000
2019-06-28,0.699790,0.701406,0.699303,0.700918,1000
2019-07-01,0.700918,0.701845,0.695355,0.696282,1000
2019-07-02,0.696282,0.699787,0.695698,0.699203,1000
2019-07-03,0.699203,0.704101,0.698387,0.703284,1000
2019-07-05,0.703284,0.704578,0.695522,0.696816,1000
2019-07-08,0.696816,0.697861,0.695770,0.696816,1000
2019-07-09,0.696816,0.697636,0.691892,0.692713,1000
2019-07-10,0.692713,0.697112,0.691979,0.696379,1000
2019-07-11,0.696379,0.698538,0.696019,0.698178,1000
2019-07-12,0.698178,0.701231,0.697669,0.700722,1000
2019-07-15,0.700722,0.704153,0.700150,0.703581,1000
2019-07-16,0.703581,0.703897,0.701685,0.702001,1000
2019-07-17,0.702001,0.703103,0.700997,0.702099,1000
2019-07-18,0.702099,0.704770,0.701654,0.704325,1000
2019-07-19,0.704325,0.705306,0.703194,0.704176,1000
2019-07-22,0.704176,0.705232,0.703119,0.704176,1000
2019-07-23,0.704176,0.705033,0.699030,0.699888,1000
2019-07-24,0.699888,0.700308,0.697368,0.697788,1000
2019-07-25,0.697788,0.698264,0.694935,0.695410,1000
2019-07-26,0.695410,0.696333,0.689876,0.690799,1000
2019-07-29,0.690799,0.691835,0.689762,0.690799,1000
2019-07-30,0.690799,0.691520,0.686469,0.687191,1000
2019-07-31,0.687191,0.689122,0.686869,0.688800,1000
2019-08-01,0.688800,0.689405,0.685172,0.685777,1000
2019-08-02,0.685777,0.686813,0.679560,0.680596,1000
2019-08-05,0.680596,0.681113,0.677495,0.678012,1000
2019-08-06,0.678012,0.678523,0.676492,0.677002,1000
2019-08-07,0.677002,0.677322,0.675082,0.675402,1000
2019-08-08,0.675402,0.682358,0.674242,0.681199,1000
2019-08-09,0.681199,0.681523,0.679255,0.679579,1000
2019-08-12,0.679579,0.680378,0.674786,0.675584,1000
2019-08-13,0.675584,0.680655,0.674739,0.679810,1000
2019-08-14,0.679810,0.680928,0.673100,0.674218,1000
2019-08-15,0.674218,0.679212,0.673385,0.678380,1000
2019-08-16,0.678380,0.679305,0.677271,0.678196,1000
2019-08-19,0.678196,0.678707,0.676675,0.677186,1000
2019-08-20,0.677186,0.678455,0.676421,0.677690,1000
2019-08-21,0.677690,0.679513,0.677387,0.679209,1000
2019-08-22,0.679209,0.679770,0.675846,0.676407,1000
2019-08-23,0.676407,0.676708,0.674599,0.674900,1000
2019-08-26,0.674900,0.678855,0.674241,0.678196,1000
2019-08-27,0.678196,0.678673,0.675336,0.675813,1000
2019-08-28,0.675813,0.676209,0.674185,0.674582,1000
2019-08-29,0.674582,0.675001,0.672981,0.673401,1000
2019-08-30,0.673401,0.674206,0.672187,0.672993,1000
2019-09-03,0.672993,0.676377,0.672429,0.675813,1000
2019-09-04,0.675813,0.680332,0.675059,0.679579,1000
2019-09-05,0.679579,0.682471,0.679097,0.681989,1000
2019-09-06,0.681989,0.686309,0.681269,0.685589,1000
2019-09-09,0.685589,0.687738,0.685231,0.687380,1000
2019-09-10,0.687380,0.688127,0.686066,0.686813,1000
2019-09-11,0.686813,0.687324,0.685266,0.685777,1000
2019-09-12,0.685777,0.687467,0.685406,0.687096,1000
2019-09-13,0.687096,0.688913,0.686794,0.688610,1000
2019-09-16,0.688610,0.689036,0.686058,0.686483,1000
2019-09-17,0.686483,0.687159,0.685101,0.685777,1000
2019-09-18,0.685777,0.686123,0.684070,0.684416,1000
2019-09-19,0.684416,0.685402,0.678500,0.679486,1000
2019-09-20,0.679486,0.679983,0.676505,0.677002,1000
2019-09-23,0.677002,0.678110,0.676078,0.677186,1000
2019-09-24,0.677186,0.679725,0.676762,0.679302,1000
2019-09-25,0.679302,0.680164,0.674130,0.674992,1000
2019-09-26,0.674992,0.676210,0.674184,0.675402,1000
2019-09-27,0.675402,0.676919,0.674890,0.676407,1000
2019-09-30,0.676407,0.676772,0.674217,0.674582,1000
2019-10-01,0.674582,0.675441,0.669427,0.670286,1000
2019-10-02,0.670286,0.671044,0.669035,0.669792,1000
2019-10-03,0.669792,0.676141,0.668734,0.675083,1000
2019-10-04,0.675083,0.676759,0.674730,0.676407,1000
2019-10-07,0.676407,0.676845,0.673780,0.674218,1000
2019-10-08,0.674218,0.674517,0.672422,0.672721,1000
2019-10-09,0.672721,0.673866,0.671847,0.672993,1000
2019-10-10,0.672993,0.677804,0.672191,0.677002,1000
2019-10-11,0.677002,0.681093,0.676320,0.680411,1000
2019-10-15,0.680411,0.681349,0.674783,0.675721,1000
2019-10-16,0.675721,0.676620,0.674594,0.675493,1000
2019-10-17,0.675493,0.684014,0.674073,0.682594,1000
2019-10-18,0.682594,0.685005,0.682192,0.684603,1000
2019-10-21,0.684603,0.687142,0.684180,0.686719,1000
2019-10-22,0.686719,0.687536,0.685477,0.686295,1000
2019-10-23,0.686295,0.686614,0.684377,0.684697,1000
2019-10-24,0.684697,0.685294,0.681112,0.681710,1000
2019-10-25,0.681710,0.683339,0.681291,0.682920,1000
2019-10-28,0.682920,0.684436,0.682385,0.683901,1000
2019-10-29,0.683901,0.686660,0.683441,0.686201,1000
2019-10-30,0.686201,0.687726,0.685665,0.687191,1000
2019-10-31,0.687191,0.689122,0.686869,0.688800,1000
2019-11-01,0.688800,0.691943,0.688276,0.691419,1000
2019-11-04,0.691419,0.691744,0.689474,0.689798,1000
2019-11-05,0.689798,0.690523,0.688455,0.689180,1000
2019-11-06,0.689180,0.689667,0.687602,0.688089,1000
2019-11-07,0.688089,0.689835,0.687767,0.689513,1000
2019-11-08,0.689513,0.690335,0.684579,0.685401,1000
2019-11-12,0.685401,0.686029,0.683975,0.684603,1000
2019-11-13,0.684603,0.684903,0.682807,0.683107,1000
2019-11-14,0.683107,0.684126,0.676993,0.678012,1000
2019-11-15,0.678012,0.681614,0.677412,0.681013,1000
2019-11-18,0.681013,0.682524,0.680478,0.681989,1000
2019-11-19,0.681989,0.683315,0.681267,0.682594,1000
2019-11-20,0.682594,0.683169,0.679142,0.679717,1000
2019-11-21,0.679717,0.680528,0.678491,0.679302,1000
2019-11-22,0.679302,0.679858,0.677823,0.678380,1000
2019-11-25,0.678380,0.678707,0.676676,0.677002,1000
2019-11-26,0.677002,0.679042,0.676662,0.678702,1000
2019-11-27,0.678702,0.679374,0.677340,0.678012,1000
2019-11-29,0.678012,0.678379,0.675811,0.676178,1000
2019-12-02,0.676178,0.683039,0.675035,0.681896,1000
2019-12-03,0.681896,0.684527,0.681457,0.684088,1000
2019-12-04,0.684088,0.685631,0.683576,0.685119,1000
2019-12-05,0.685119,0.685466,0.683040,0.683387,1000
2019-12-06,0.683387,0.684529,0.682478,0.683620,1000
2019-12-09,0.683620,0.684435,0.682385,0.683200,1000
2019-12-10,0.683200,0.683563,0.681021,0.681385,1000
2019-12-11,0.681385,0.687390,0.680384,0.686389,1000
2019-12-12,0.686389,0.690251,0.685745,0.689608,1000
2019-12-13,0.689608,0.690110,0.686594,0.687096,1000
2019-12-16,0.687096,0.689027,0.686775,0.688705,1000
2019-12-17,0.688705,0.689507,0.683895,0.684697,1000
2019-12-18,0.684697,0.686077,0.684021,0.685401,1000
2019-12-19,0.685401,0.689366,0.684740,0.688705,1000
2019-12-20,0.688705,0.690477,0.688407,0.690179,1000
2019-12-23,0.690179,0.692012,0.689873,0.691706,1000
2019-12-24,0.691706,0.693032,0.690955,0.692281,1000
2019-12-26,0.692281,0.694241,0.691954,0.693914,1000
2019-12-27,0.693914,0.698563,0.693140,0.697788,1000
2019-12-30,0.697788,0.700896,0.697270,0.700378,1000
2019-12-31,0.700378,0.703510,0.699856,0.702988,1000
2020-01-02,0.702988,0.703950,0.697216,0.698178,1000
2020-01-03,0.698178,0.698557,0.695903,0.696282,1000
2020-01-06,0.696282,0.696900,0.692575,0.693193,1000
2020-01-07,0.693193,0.694610,0.684689,0.686106,1000
2020-01-08,0.686106,0.687585,0.685524,0.687002,1000
2020-01-09,0.687002,0.687324,0.685267,0.685589,1000
2020-01-10,0.685589,0.691268,0.684642,0.690322,1000
2020-01-13,0.690322,0.691740,0.689667,0.691085,1000
2020-01-14,0.691085,0.691834,0.689763,0.690512,1000
2020-01-15,0.690512,0.691835,0.689762,0.691085,1000
2020-01-16,0.691085,0.691400,0.689198,0.689513,1000
2020-01-17,0.689513,0.689873,0.687350,0.687711,1000
2020-01-21,0.687711,0.688191,0.684826,0.685307,1000
2020-01-22,0.685307,0.685644,0.683283,0.683620,1000
2020-01-23,0.683620,0.684529,0.682479,0.683387,1000
2020-01-24,0.683387,0.683921,0.681874,0.682408,1000
2020-01-27,0.682408,0.683745,0.674384,0.675721,1000
2020-01-28,0.675721,0.676529,0.674503,0.675311,1000
2020-01-29,0.675311,0.675867,0.673844,0.674400,1000
2020-01-30,0.674400,0.674979,0.670922,0.671501,1000
2020-01-31,0.671501,0.671825,0.669558,0.669882,1000
2020-02-03,0.669882,0.670348,0.668341,0.668807,1000
2020-02-04,0.668807,0.674102,0.667924,0.673219,1000
2020-02-05,0.673219,0.675127,0.672901,0.674809,1000
2020-02-06,0.674809,0.675320,0.673298,0.673809,1000
2020-02-07,0.673809,0.674988,0.666734,0.667913,1000
2020-02-10,0.667913,0.668647,0.666645,0.667379,1000
2020-02-11,0.667379,0.671947,0.666617,0.671186,1000
2020-02-12,0.671186,0.675261,0.670507,0.674582,1000
2020-02-13,0.674582,0.674918,0.672566,0.672902,1000
2020-02-14,0.672902,0.673413,0.671397,0.671908,1000
2020-02-18,0.671908,0.672429,0.668778,0.669299,1000
2020-02-19,0.669299,0.669701,0.666888,0.667289,1000
2020-02-20,0.667289,0.668385,0.660718,0.661813,1000
2020-02-21,0.661813,0.663510,0.661521,0.663218,1000
2020-02-24,0.663218,0.663621,0.660797,0.661201,1000
2020-02-25,0.661201,0.661497,0.659421,0.659718,1000
2020-02-26,0.659718,0.660539,0.654787,0.655609,1000
2020-02-27,0.655609,0.658716,0.655091,0.658198,1000
2020-02-28,0.658198,0.659934,0.647784,0.649519,1000
2020-03-02,0.649519,0.652977,0.648943,0.652401,1000
2020-03-03,0.652401,0.663538,0.650545,0.661682,1000
2020-03-04,0.661682,0.662280,0.660297,0.660895,1000
2020-03-05,0.660895,0.661427,0.659447,0.659979,1000
2020-03-06,0.659979,0.664077,0.659296,0.663394,1000
2020-03-09,0.663394,0.665778,0.662997,0.665380,1000
2020-03-10,0.665380,0.669057,0.643321,0.646998,1000
2020-03-11,0.646998,0.652054,0.646155,0.651211,1000
2020-03-12,0.651211,0.655857,0.623337,0.627983,1000
2020-03-13,0.627983,0.630359,0.613729,0.616105,1000
2020-03-16,0.616105,0.616687,0.612614,0.613196,1000
2020-03-17,0.613196,0.616318,0.594464,0.597586,1000
2020-03-18,0.597586,0.600702,0.578888,0.582004,1000
2020-03-19,0.582004,0.586669,0.581227,0.585892,1000
2020-03-20,0.585892,0.586248,0.583756,0.584112,1000
2020-03-23,0.584112,0.585833,0.573785,0.575506,1000
2020-03-24,0.575506,0.596136,0.572068,0.592698,1000
2020-03-25,0.592698,0.596299,0.592098,0.595699,1000
2020-03-26,0.595699,0.607340,0.593759,0.605400,1000
2020-03-27,0.605400,0.614034,0.603961,0.612595,1000
2020-03-30,0.612595,0.614899,0.612211,0.614515,1000
2020-03-31,0.614515,0.615134,0.613292,0.613911,1000
2020-04-01,0.613911,0.614556,0.610042,0.610687,1000
2020-04-02,0.610687,0.611884,0.603508,0.604705,1000
2020-04-03,0.604705,0.605626,0.599174,0.600096,1000
2020-04-06,0.600096,0.611510,0.598194,0.609607,1000
2020-04-07,0.609607,0.620515,0.607789,0.618697,1000
2020-04-08,0.618697,0.623040,0.617973,0.622316,1000
2020-04-09,0.622316,0.632635,0.620597,0.630915,1000
2020-04-10,0.630915,0.635673,0.630122,0.634880,1000
2020-04-13,0.634880,0.638623,0.634257,0.637999,1000
2020-04-14,0.637999,0.642668,0.637221,0.641890,1000
2020-04-15,0.641890,0.643709,0.630972,0.632791,1000
2020-04-16,0.632791,0.633326,0.629585,0.630120,1000
2020-04-17,0.630120,0.636801,0.629006,0.635687,1000
2020-04-20,0.635687,0.639293,0.635087,0.638692,1000
2020-04-21,0.638692,0.640850,0.625746,0.627904,1000
2020-04-22,0.627904,0.632809,0.627087,0.631991,1000
2020-04-23,0.631991,0.640179,0.630627,0.638814,1000
2020-04-24,0.638814,0.639221,0.637308,0.637714,1000
2020-04-27,0.637714,0.647651,0.636058,0.645995,1000
2020-04-28,0.645995,0.650680,0.645214,0.649899,1000
2020-04-29,0.649899,0.654334,0.649160,0.653595,1000
2020-04-30,0.653595,0.653934,0.651977,0.652316,1000
2020-05-01,0.652316,0.654302,0.640398,0.642385,1000
2020-05-04,0.642385,0.642749,0.640826,0.641190,1000
2020-05-05,0.641190,0.646705,0.640271,0.645786,1000
2020-05-06,0.645786,0.646664,0.640518,0.641396,1000
2020-05-07,0.641396,0.651701,0.639678,0.649984,1000
2020-05-08,0.649984,0.655138,0.649125,0.654279,1000
2020-05-11,0.654279,0.655693,0.645793,0.647207,1000
2020-05-12,0.647207,0.651656,0.646466,0.650915,1000
2020-05-13,0.650915,0.651840,0.645362,0.646287,1000
2020-05-14,0.646287,0.647101,0.641406,0.642220,1000
2020-05-15,0.642220,0.642564,0.640641,0.640985,1000
2020-05-18,0.640985,0.653358,0.638922,0.651296,1000
2020-05-19,0.651296,0.657763,0.650218,0.656685,1000
2020-05-20,0.656685,0.660794,0.656000,0.660110,1000
2020-05-21,0.660110,0.660889,0.655431,0.656211,1000
2020-05-22,0.656211,0.656896,0.652099,0.652784,1000
2020-05-26,0.652784,0.666732,0.650459,0.664408,1000
2020-05-27,0.664408,0.665494,0.657893,0.658979,1000
2020-05-28,0.658979,0.667884,0.657494,0.666400,1000
2020-05-29,0.666400,0.666843,0.663744,0.664187,1000
2020-06-01,0.664187,0.681384,0.661321,0.678518,1000
2020-06-02,0.678518,0.688925,0.676784,0.687191,1000
2020-06-03,0.687191,0.696300,0.685672,0.694782,1000
2020-06-04,0.694782,0.695631,0.693548,0.694396,1000
2020-06-05,0.694396,0.699110,0.693611,0.698324,1000
2020-06-08,0.698324,0.699959,0.697861,0.699496,1000
2020-06-09,0.699496,0.700120,0.695755,0.696379,1000
2020-06-10,0.696379,0.701178,0.695579,0.700378,1000
2020-06-11,0.700378,0.702675,0.686598,0.688895,1000
2020-06-12,0.688895,0.689594,0.684702,0.685401,1000
2020-06-15,0.685401,0.686288,0.684232,0.685119,1000
2020-06-16,0.685119,0.689309,0.684421,0.688610,1000
2020-06-17,0.688610,0.690191,0.688122,0.689703,1000
2020-06-18,0.689703,0.690704,0.683696,0.684697,1000
2020-06-19,0.684697,0.686171,0.684115,0.685589,1000
2020-06-22,0.685589,0.691383,0.684623,0.690417,1000
2020-06-23,0.690417,0.696525,0.689399,0.695507,1000
2020-06-24,0.695507,0.697104,0.685924,0.687521,1000
2020-06-25,0.687521,0.688198,0.686137,0.686813,1000
2020-06-26,0.686813,0.687489,0.685431,0.686106,1000
2020-06-29,0.686106,0.686640,0.684585,0.685119,1000
2020-06-30,0.685119,0.690163,0.684279,0.689322,1000
2020-07-01,0.689322,0.692183,0.688846,0.691706,1000
2020-07-02,0.691706,0.692936,0.690860,0.692089,1000
2020-07-06,0.692089,0.698344,0.691047,0.697301,1000
2020-07-07,0.697301,0.698299,0.696207,0.697204,1000
2020-07-08,0.697204,0.698006,0.695916,0.696718,1000
2020-07-09,0.696718,0.697302,0.695214,0.695797,1000
2020-07-10,0.695797,0.696890,0.694802,0.695894,1000
2020-07-13,0.695894,0.698810,0.695408,0.698324,1000
2020-07-14,0.698324,0.698712,0.696621,0.697010,1000
2020-07-15,0.697010,0.700934,0.696356,0.700280,1000
2020-07-16,0.700280,0.701601,0.699499,0.700820,1000
2020-07-17,0.700820,0.701158,0.699060,0.699399,1000
2020-07-20,0.699399,0.701222,0.699095,0.700918,1000
2020-07-21,0.700918,0.713119,0.698885,0.711086,1000
2020-07-22,0.711086,0.715416,0.710364,0.714694,1000
2020-07-23,0.714694,0.715229,0.713088,0.713623,1000
2020-07-24,0.713623,0.714463,0.708581,0.709421,1000
2020-07-27,0.709421,0.714219,0.708621,0.713419,1000
2020-07-28,0.713419,0.716607,0.712888,0.716076,1000
2020-07-29,0.716076,0.717510,0.715360,0.716794,1000
2020-07-30,0.716794,0.717378,0.713294,0.713878,1000
2020-07-31,0.713878,0.716331,0.713469,0.715922,1000
2020-08-03,0.715922,0.716970,0.709633,0.710682,1000
2020-08-04,0.710682,0.715865,0.709818,0.715001,1000
2020-08-05,0.715001,0.722926,0.713680,0.721605,1000
2020-08-06,0.721605,0.723289,0.721120,0.722804,1000
2020-08-07,0.722804,0.724109,0.714976,0.716281,1000
2020-08-10,0.716281,0.717304,0.715156,0.716178,1000
2020-08-11,0.716178,0.716919,0.714772,0.715512,1000
2020-08-12,0.715512,0.717177,0.715027,0.716692,1000
2020-08-13,0.716692,0.717432,0.715284,0.716025,1000
2020-08-14,0.716025,0.717485,0.715334,0.716794,1000
2020-08-17,0.716794,0.721943,0.715936,0.721085,1000
2020-08-18,0.721085,0.723964,0.720605,0.723484,1000
2020-08-19,0.723484,0.724517,0.722347,0.723380,1000
2020-08-20,0.723380,0.724491,0.716712,0.717824,1000
2020-08-21,0.717824,0.718265,0.715173,0.715615,1000
2020-08-24,0.715615,0.717771,0.715255,0.717412,1000
2020-08-25,0.717412,0.718772,0.716618,0.717978,1000
2020-08-26,0.717978,0.723018,0.717138,0.722178,1000
2020-08-27,0.722178,0.726771,0.721413,0.726006,1000
2020-08-28,0.726006,0.737022,0.724169,0.735186,1000
2020-08-31,0.735186,0.739553,0.734458,0.738825,1000
2020-09-01,0.738825,0.739278,0.737065,0.737518,1000
2020-09-02,0.737518,0.738640,0.730781,0.731904,1000
2020-09-03,0.731904,0.732840,0.726283,0.727220,1000
2020-09-04,0.727220,0.727887,0.725708,0.726375,1000
2020-09-08,0.726375,0.727047,0.722341,0.723014,1000
2020-09-09,0.723014,0.728379,0.722119,0.727484,1000
2020-09-10,0.727484,0.729187,0.727001,0.728704,1000
2020-09-11,0.728704,0.729291,0.727108,0.727696,1000
2020-09-14,0.727696,0.730309,0.727261,0.729874,1000
2020-09-15,0.729874,0.730835,0.728646,0.729607,1000
2020-09-16,0.729607,0.734425,0.728805,0.733622,1000
2020-09-17,0.733622,0.734563,0.727975,0.728916,1000
2020-09-18,0.728916,0.731538,0.728479,0.731101,1000
2020-09-21,0.731101,0.733084,0.719206,0.721189,1000
2020-09-22,0.721189,0.721964,0.716533,0.717309,1000
2020-09-23,0.717309,0.718906,0.707723,0.709320,1000
2020-09-24,0.709320,0.710260,0.703683,0.704622,1000
2020-09-25,0.704622,0.705304,0.700531,0.701213,1000
2020-09-28,0.701213,0.707814,0.700113,0.706714,1000
2020-09-29,0.706714,0.711718,0.705880,0.710884,1000
2020-09-30,0.710884,0.717053,0.709855,0.716025,1000
2020-10-01,0.716025,0.719484,0.715448,0.718907,1000
2020-10-02,0.718907,0.719750,0.713851,0.714694,1000
2020-10-05,0.714694,0.718759,0.714017,0.718081,1000
2020-10-06,0.718081,0.718718,0.714262,0.714898,1000
2020-10-07,0.714898,0.715510,0.713368,0.713980,1000
2020-10-08,0.713980,0.716188,0.713612,0.715820,1000
2020-10-09,0.715820,0.725269,0.714245,0.723694,1000
2020-10-13,0.723694,0.725135,0.715045,0.716486,1000
2020-10-14,0.716486,0.717767,0.715616,0.716897,1000
2020-10-15,0.716897,0.718694,0.706118,0.707914,1000
2020-10-16,0.707914,0.709178,0.707053,0.708316,1000
2020-10-19,0.708316,0.709731,0.707604,0.709019,1000
2020-10-20,0.709019,0.709679,0.705056,0.705716,1000
2020-10-21,0.705716,0.713253,0.704460,0.711997,1000
2020-10-22,0.711997,0.712507,0.710374,0.710884,1000
2020-10-23,0.710884,0.712407,0.710271,0.711794,1000
2020-10-26,0.711794,0.712964,0.710828,0.711997,1000
2020-10-27,0.711997,0.714743,0.711539,0.714286,1000
2020-10-28,0.714286,0.715800,0.705199,0.706714,1000
2020-10-29,0.706714,0.707932,0.699406,0.700624,1000
2020-10-30,0.700624,0.702631,0.700289,0.702297,1000
2020-11-02,0.702297,0.704968,0.701851,0.704523,1000
2020-11-03,0.704523,0.718202,0.702243,0.715922,1000
2020-11-04,0.715922,0.719877,0.715263,0.719217,1000
2020-11-05,0.719217,0.727933,0.717765,0.726480,1000
2020-11-06,0.726480,0.727729,0.725548,0.726797,1000
2020-11-09,0.726797,0.728232,0.726049,0.727484,1000
2020-11-10,0.727484,0.728496,0.726314,0.727326,1000
2020-11-12,0.727326,0.728099,0.725918,0.726691,1000
2020-11-13,0.726691,0.727226,0.725049,0.725584,1000
2020-11-16,0.725584,0.733618,0.724245,0.732279,1000
2020-11-17,0.732279,0.732771,0.729329,0.729820,1000
2020-11-18,0.729820,0.733028,0.729286,0.732493,1000
2020-11-19,0.732493,0.733696,0.725278,0.726480,1000
2020-11-20,0.726480,0.732474,0.725481,0.731475,1000
2020-11-23,0.731475,0.732189,0.727195,0.727908,1000
2020-11-24,0.727908,0.736512,0.726474,0.735078,1000
2020-11-25,0.735078,0.736642,0.734434,0.735998,1000
2020-11-30,0.735998,0.736640,0.734435,0.735078,1000
2020-12-01,0.735078,0.736397,0.734191,0.735510,1000
2020-12-02,0.735510,0.740275,0.734716,0.739481,1000
2020-12-03,0.739481,0.745360,0.738501,0.744380,1000
2020-12-04,0.744380,0.745219,0.742987,0.743826,1000
2020-12-07,0.743826,0.745470,0.743235,0.744879,1000
2020-12-08,0.744879,0.745575,0.740704,0.741400,1000
2020-12-09,0.741400,0.745841,0.740660,0.745101,1000
2020-12-10,0.745101,0.753371,0.743723,0.751993,1000
2020-12-11,0.751993,0.753717,0.751458,0.753182,1000
2020-12-14,0.753182,0.754568,0.752307,0.753693,1000
2020-12-15,0.753693,0.755880,0.753329,0.755515,1000
2020-12-16,0.755515,0.757136,0.754866,0.756487,1000
2020-12-17,0.756487,0.763128,0.755380,0.762021,1000
2020-12-18,0.762021,0.762902,0.760618,0.761499,1000
2020-12-21,0.761499,0.762295,0.756722,0.757518,1000
2020-12-22,0.757518,0.758397,0.752247,0.753125,1000
2020-12-23,0.753125,0.759845,0.752005,0.758725,1000
2020-12-28,0.758725,0.759116,0.756383,0.756773,1000
2020-12-29,0.756773,0.763419,0.755665,0.762311,1000
2020-12-30,0.762311,0.769409,0.761128,0.768226,1000
2020-12-31,0.768226,0.771424,0.767693,0.770891,1000
2021-01-04,0.770891,0.771930,0.764658,0.765697,1000
2021-01-05,0.765697,0.777093,0.763797,0.775194,1000
2021-01-06,0.775194,0.779395,0.774494,0.778695,1000
2021-01-07,0.778695,0.779335,0.774854,0.775494,1000
2021-01-08,0.775494,0.778245,0.775036,0.777786,1000
2021-01-11,0.777786,0.779058,0.770154,0.771426,1000
2021-01-12,0.771426,0.773574,0.771068,0.773216,1000
2021-01-13,0.773216,0.774766,0.772444,0.773994,1000
2021-01-14,0.773994,0.779999,0.772993,0.778998,1000
2021-01-15,0.778998,0.780334,0.770984,0.772320,1000
2021-01-19,0.772320,0.772725,0.769893,0.770297,1000
2021-01-21,0.770297,0.776389,0.769282,0.775374,1000
2021-01-22,0.775374,0.775889,0.772282,0.772798,1000
2021-01-25,0.772798,0.773298,0.769797,0.770297,1000
2021-01-26,0.770297,0.774374,0.769618,0.773694,1000
2021-01-27,0.773694,0.774835,0.766849,0.767990,1000
2021-01-28,0.767990,0.768847,0.766544,0.767401,1000
2021-01-29,0.767401,0.767903,0.765605,0.766107,1000
2021-02-01,0.766107,0.766832,0.761761,0.762486,1000
2021-02-02,0.762486,0.763261,0.757835,0.758610,1000
2021-02-03,0.758610,0.762912,0.757893,0.762195,1000
2021-02-04,0.762195,0.762658,0.759415,0.759878,1000
2021-02-05,0.759878,0.766720,0.758738,0.765580,1000
2021-02-08,0.765580,0.771099,0.764660,0.770179,1000
2021-02-09,0.770179,0.772820,0.769738,0.772380,1000
2021-02-10,0.772380,0.774108,0.771787,0.773515,1000
2021-02-11,0.773515,0.776035,0.773095,0.775615,1000
2021-02-12,0.775615,0.777080,0.774751,0.776217,1000
2021-02-16,0.776217,0.777230,0.774902,0.775916,1000
2021-02-17,0.775916,0.776300,0.773609,0.773994,1000
2021-02-18,0.773994,0.775666,0.773341,0.775014,1000
2021-02-19,0.775014,0.789730,0.772561,0.787278,1000
2021-02-22,0.787278,0.792438,0.786418,0.791578,1000
2021-02-23,0.791578,0.792075,0.789704,0.790202,1000
2021-02-24,0.790202,0.794190,0.789537,0.793525,1000
2021-02-25,0.793525,0.795645,0.793171,0.795292,1000
2021-02-26,0.795292,0.799946,0.767368,0.772022,1000
2021-03-01,0.772022,0.778722,0.770905,0.777605,1000
2021-03-02,0.777605,0.783152,0.776680,0.782228,1000
2021-03-03,0.782228,0.782697,0.780354,0.780823,1000
2021-03-04,0.780823,0.781933,0.779591,0.780701,1000
2021-03-05,0.780701,0.783538,0.763682,0.766518,1000
2021-03-08,0.766518,0.767050,0.764755,0.765287,1000
2021-03-09,0.765287,0.770801,0.764367,0.769882,1000
2021-03-10,0.769882,0.772521,0.769442,0.772082,1000
2021-03-11,0.772082,0.778347,0.771037,0.777303,1000
2021-03-12,0.777303,0.778408,0.776077,0.777182,1000
2021-03-15,0.777182,0.778035,0.772064,0.772917,1000
2021-03-16,0.772917,0.775145,0.772546,0.774773,1000
2021-03-17,0.774773,0.775550,0.770115,0.770891,1000
2021-03-18,0.770891,0.781203,0.769173,0.779484,1000
2021-03-19,0.779484,0.780462,0.773615,0.774593,1000
2021-03-22,0.774593,0.775966,0.773641,0.775014,1000
2021-03-23,0.775014,0.776371,0.766869,0.768226,1000
2021-03-24,0.768226,0.769432,0.760989,0.762195,1000
2021-03-25,0.762195,0.763234,0.755964,0.757002,1000
2021-03-26,0.757002,0.764071,0.755824,0.762893,1000
2021-03-29,0.762893,0.764739,0.762446,0.764292,1000
2021-03-30,0.764292,0.765013,0.759967,0.760688,1000
2021-03-31,0.760688,0.762148,0.759864,0.761325,1000
2021-04-01,0.761325,0.762002,0.759721,0.760398,1000
2021-04-02,0.760398,0.761684,0.759402,0.760688,1000
2021-04-05,0.760688,0.766699,0.759686,0.765697,1000
2021-04-06,0.765697,0.766992,0.764694,0.765990,1000
2021-04-07,0.765990,0.766644,0.762064,0.762718,1000
2021-04-08,0.762718,0.764505,0.762213,0.764000,1000
2021-04-09,0.764000,0.764708,0.762418,0.763126,1000
2021-04-12,0.763126,0.763716,0.761430,0.762021,1000
2021-04-13,0.762021,0.763601,0.761313,0.762893,1000
2021-04-14,0.762893,0.775137,0.760852,0.773096,1000
2021-04-15,0.773096,0.775007,0.772683,0.774593,1000
2021-04-16,0.774593,0.775154,0.772834,0.773395,1000
2021-04-19,0.773395,0.776420,0.772891,0.775916,1000
2021-04-20,0.775916,0.776264,0.773825,0.774174,1000
2021-04-21,0.774174,0.775997,0.773671,0.775494,1000
2021-04-22,0.775494,0.776093,0.771900,0.772499,1000
2021-04-23,0.772499,0.774347,0.772026,0.773874,1000
2021-04-26,0.773874,0.781482,0.772606,0.780214,1000
2021-04-27,0.780214,0.780760,0.776938,0.777484,1000
2021-04-28,0.777484,0.778317,0.775987,0.776820,1000
2021-04-29,0.776820,0.777532,0.775204,0.775916,1000
2021-04-30,0.775916,0.776778,0.770743,0.771605,1000
2021-05-03,0.771605,0.776633,0.770767,0.775795,1000
2021-05-04,0.775795,0.777191,0.767421,0.768817,1000
2021-05-05,0.768817,0.776253,0.767577,0.775014,1000
2021-05-06,0.775014,0.777181,0.774652,0.776820,1000
2021-05-07,0.776820,0.787958,0.774963,0.786102,1000
2021-05-10,0.786102,0.788026,0.785663,0.787588,1000
2021-05-11,0.787588,0.788242,0.783659,0.784314,1000
2021-05-12,0.784314,0.786497,0.771212,0.773395,1000
2021-05-13,0.773395,0.774016,0.771699,0.772320,1000
2021-05-14,0.772320,0.778662,0.771263,0.777605,1000
2021-05-17,0.777605,0.778226,0.775897,0.776518,1000
2021-05-18,0.776518,0.778549,0.776180,0.778210,1000
2021-05-19,0.778210,0.778789,0.774735,0.775314,1000
2021-05-20,0.775314,0.778571,0.774771,0.778028,1000
2021-05-21,0.778028,0.779015,0.772110,0.773096,1000
2021-05-24,0.773096,0.774766,0.772444,0.774114,1000
2021-05-25,0.774114,0.775275,0.772952,0.774114,1000
2021-05-26,0.774114,0.775365,0.773042,0.774293,1000
2021-05-27,0.774293,0.775094,0.772774,0.773575,1000
2021-05-28,0.773575,0.774171,0.769998,0.770594,1000
2021-06-01,0.770594,0.777703,0.769409,0.776518,1000
2021-06-02,0.776518,0.777019,0.774693,0.775194,1000
2021-06-03,0.775194,0.777187,0.763235,0.765228,1000
2021-06-04,0.765228,0.775963,0.763439,0.774174,1000
2021-06-07,0.774174,0.776987,0.773705,0.776518,1000
2021-06-08,0.776518,0.776999,0.773633,0.774114,1000
2021-06-09,0.774114,0.774765,0.772445,0.773096,1000
2021-06-10,0.773096,0.775613,0.772677,0.775194,1000
2021-06-11,0.775194,0.776315,0.768464,0.769586,1000
2021-06-14,0.769586,0.772223,0.769146,0.771784,1000
2021-06-15,0.771784,0.772625,0.766736,0.767578,1000
2021-06-16,0.767578,0.771911,0.766855,0.771188,1000
2021-06-17,0.771188,0.774323,0.752381,0.755515,1000
2021-06-18,0.755515,0.756637,0.748784,0.749906,1000
2021-06-21,0.749906,0.753361,0.749330,0.752785,1000
2021-06-22,0.752785,0.753914,0.751656,0.752785,1000
2021-06-23,0.752785,0.760121,0.751563,0.758898,1000
2021-06-24,0.758898,0.759229,0.756958,0.757289,1000
2021-06-25,0.757289,0.759912,0.756852,0.759474,1000
2021-06-28,0.759474,0.759889,0.756989,0.757404,1000
2021-06-29,0.757404,0.758542,0.750571,0.751710,1000
2021-06-30,0.751710,0.752127,0.749208,0.749625,1000
2021-07-01,0.749625,0.750107,0.746735,0.747217,1000
2021-07-02,0.747217,0.750444,0.746679,0.749906,1000
2021-07-06,0.749906,0.750890,0.748641,0.749625,1000
2021-07-07,0.749625,0.750187,0.747941,0.748503,1000
2021-07-08,0.748503,0.749460,0.742758,0.743716,1000
2021-07-09,0.743716,0.748856,0.742859,0.747999,1000
2021-07-12,0.747999,0.749627,0.747380,0.749008,1000
2021-07-13,0.749008,0.749388,0.746724,0.747105,1000
2021-07-14,0.747105,0.748114,0.745873,0.746882,1000
2021-07-15,0.746882,0.747537,0.742950,0.743605,1000
2021-07-16,0.743605,0.744145,0.740365,0.740905,1000
2021-07-19,0.740905,0.742222,0.733006,0.734322,1000
2021-07-20,0.734322,0.734688,0.732128,0.732493,1000
2021-07-21,0.732493,0.736374,0.731847,0.735727,1000
2021-07-22,0.735727,0.737211,0.735001,0.736485,1000
2021-07-23,0.736485,0.737536,0.735327,0.736377,1000
2021-07-26,0.736377,0.739053,0.735931,0.738607,1000
2021-07-27,0.738607,0.738966,0.736452,0.736811,1000
2021-07-28,0.736811,0.737190,0.734537,0.734916,1000
2021-07-29,0.734916,0.740985,0.733904,0.739973,1000
2021-07-30,0.739973,0.740952,0.734099,0.735078,1000
2021-08-02,0.735078,0.736832,0.734623,0.736377,1000
2021-08-03,0.736377,0.738922,0.735953,0.738498,1000
2021-08-04,0.738498,0.739250,0.737037,0.737790,1000
2021-08-05,0.737790,0.741529,0.737166,0.740905,1000
2021-08-06,0.740905,0.741941,0.734691,0.735727,1000
2021-08-09,0.735727,0.736073,0.733653,0.733999,1000
2021-08-10,0.733999,0.735397,0.733193,0.734592,1000
2021-08-11,0.734592,0.737972,0.734029,0.737409,1000
2021-08-12,0.737409,0.737994,0.733899,0.734484,1000
2021-08-13,0.734484,0.738320,0.733845,0.737681,1000
2021-08-16,0.737681,0.738439,0.733133,0.733891,1000
2021-08-17,0.733891,0.735584,0.723733,0.725426,1000
2021-08-18,0.725426,0.725794,0.723222,0.723589,1000
2021-08-19,0.723589,0.724907,0.715682,0.717000,1000
2021-08-20,0.717000,0.717737,0.712581,0.713318,1000
2021-08-23,0.713318,0.722326,0.711816,0.720825,1000
2021-08-24,0.720825,0.726347,0.719904,0.725426,1000
2021-08-25,0.725426,0.727096,0.724916,0.726586,1000
2021-08-26,0.726586,0.726944,0.724437,0.724795,1000
2021-08-27,0.724795,0.732106,0.723577,0.730887,1000
2021-08-30,0.730887,0.731288,0.729100,0.729501,1000
2021-08-31,0.729501,0.731183,0.728991,0.730674,1000
2021-09-01,0.730674,0.738169,0.729424,0.736920,1000
2021-09-02,0.736920,0.740716,0.736287,0.740083,1000
2021-09-03,0.740083,0.745040,0.739257,0.744214,1000
2021-09-07,0.744214,0.745171,0.738469,0.739426,1000
2021-09-08,0.739426,0.739949,0.736288,0.736811,1000
2021-09-09,0.736811,0.738516,0.736302,0.738007,1000
2021-09-10,0.738007,0.738406,0.736196,0.736594,1000
2021-09-13,0.736594,0.737889,0.735679,0.736974,1000
2021-09-14,0.736974,0.737666,0.732822,0.733514,1000
2021-09-15,0.733514,0.734049,0.731852,0.732386,1000
2021-09-16,0.732386,0.733101,0.728095,0.728810,1000
2021-09-17,0.728810,0.729291,0.727109,0.727590,1000
2021-09-20,0.727590,0.728149,0.724236,0.724795,1000
2021-09-21,0.724795,0.725488,0.723316,0.724008,1000
2021-09-22,0.724008,0.726848,0.723535,0.726375,1000
2021-09-23,0.726375,0.730382,0.725707,0.729714,1000
2021-09-24,0.729714,0.730498,0.725011,0.725795,1000
2021-09-27,0.725795,0.728903,0.725277,0.728385,1000
2021-09-28,0.728385,0.729323,0.722755,0.723694,1000
2021-09-29,0.723694,0.724630,0.718074,0.719011,1000
2021-09-30,0.719011,0.723563,0.718252,0.722804,1000
2021-10-01,0.722804,0.727976,0.721943,0.727114,1000
2021-10-04,0.727114,0.728842,0.726657,0.728385,1000
2021-10-05,0.728385,0.730037,0.727849,0.729501,1000
2021-10-06,0.729501,0.730242,0.725053,0.725795,1000
2021-10-07,0.725795,0.733383,0.724530,0.732118,1000
2021-10-08,0.732118,0.732545,0.730353,0.730780,1000
2021-10-12,0.730780,0.737757,0.729618,0.736594,1000
2021-10-13,0.736594,0.737944,0.735733,0.737083,1000
2021-10-14,0.737083,0.742857,0.736120,0.741895,1000
2021-10-15,0.741895,0.742870,0.740645,0.741620,1000
2021-10-18,0.741620,0.742760,0.740535,0.741675,1000
2021-10-19,0.741675,0.749398,0.740387,0.748111,1000
2021-10-20,0.748111,0.751820,0.747493,0.751202,1000
2021-10-21,0.751202,0.751607,0.748771,0.749176,1000
2021-10-22,0.749176,0.749746,0.745754,0.746324,1000
2021-10-25,0.746324,0.750016,0.745709,0.749400,1000
2021-10-26,0.749400,0.750665,0.748416,0.749681,1000
2021-10-27,0.749681,0.751845,0.749321,0.751484,1000
2021-10-28,0.751484,0.755364,0.750838,0.754717,1000
2021-10-29,0.754717,0.755465,0.750228,0.750976,1000
2021-11-01,0.750976,0.753896,0.750490,0.753409,1000
2021-11-02,0.753409,0.755514,0.740782,0.742887,1000
2021-11-03,0.742887,0.744057,0.741828,0.742997,1000
2021-11-04,0.742997,0.743558,0.739631,0.740192,1000
2021-11-05,0.740192,0.741605,0.739383,0.740796,1000
2021-11-08,0.740796,0.743305,0.740377,0.742887,1000
2021-11-09,0.742887,0.744080,0.735726,0.736920,1000
2021-11-10,0.736920,0.737563,0.735355,0.735998,1000
2021-11-12,0.735998,0.736752,0.731471,0.732225,1000
2021-11-15,0.732225,0.736882,0.731449,0.736106,1000
2021-11-16,0.736106,0.737150,0.729844,0.730887,1000
2021-11-17,0.730887,0.731600,0.726613,0.727326,1000
2021-11-18,0.727326,0.728258,0.726076,0.727008,1000
2021-11-19,0.727008,0.727437,0.725260,0.725689,1000
2021-11-22,0.725689,0.726130,0.723043,0.723484,1000
2021-11-23,0.723484,0.723914,0.721748,0.722178,1000
2021-11-24,0.722178,0.722677,0.719184,0.719683,1000
2021-11-26,0.719683,0.721139,0.710947,0.712403,1000
2021-11-29,0.712403,0.713217,0.711082,0.711896,1000
2021-11-30,0.711896,0.712511,0.708202,0.708818,1000
2021-12-01,0.708818,0.714096,0.707938,0.713216,1000
2021-12-02,0.713216,0.713914,0.709025,0.709723,1000
2021-12-03,0.709723,0.711445,0.699393,0.701115,1000
2021-12-06,0.701115,0.705086,0.700453,0.704424,1000
2021-12-07,0.704424,0.712661,0.703051,0.711288,1000
2021-12-08,0.711288,0.717772,0.710207,0.716692,1000
2021-12-09,0.716692,0.717112,0.714172,0.714592,1000
2021-12-10,0.714592,0.718346,0.713966,0.717721,1000
2021-12-13,0.717721,0.718804,0.711218,0.712301,1000
2021-12-14,0.712301,0.712706,0.709873,0.710278,1000
2021-12-15,0.710278,0.712950,0.709832,0.712504,1000
2021-12-16,0.712504,0.720436,0.711183,0.719114,1000
2021-12-17,0.719114,0.719978,0.713933,0.714796,1000
2021-12-20,0.714796,0.715417,0.711072,0.711693,1000
2021-12-21,0.711693,0.714437,0.711236,0.713980,1000
2021-12-22,0.713980,0.723005,0.712476,0.721501,1000
2021-12-23,0.721501,0.724510,0.720999,0.724008,1000
2021-12-27,0.724008,0.724989,0.722818,0.723798,1000
2021-12-28,0.723798,0.724622,0.722452,0.723275,1000
2021-12-29,0.723275,0.724780,0.722608,0.724113,1000
2021-12-30,0.724113,0.726384,0.723734,0.726006,1000
2022-01-03,0.726006,0.727311,0.718170,0.719476,1000
2022-01-04,0.719476,0.725040,0.718549,0.724113,1000
2022-01-05,0.724113,0.726384,0.723734,0.726006,1000
2022-01-06,0.726006,0.727848,0.714952,0.716794,1000
2022-01-07,0.716794,0.718958,0.716434,0.718597,1000
2022-01-10,0.718597,0.718917,0.716681,0.717000,1000
2022-01-11,0.717000,0.720344,0.716443,0.719787,1000
2022-01-12,0.719787,0.729278,0.718205,0.727696,1000
2022-01-13,0.727696,0.730309,0.727261,0.729874,1000
2022-01-14,0.729874,0.731413,0.720639,0.722178,1000
2022-01-18,0.722178,0.722853,0.718129,0.718804,1000
2022-01-19,0.718804,0.723354,0.718046,0.722596,1000
2022-01-20,0.722596,0.727384,0.721798,0.726586,1000
2022-01-21,0.726586,0.727925,0.718552,0.719891,1000
2022-01-24,0.719891,0.721853,0.708113,0.710076,1000
2022-01-25,0.710076,0.714516,0.709336,0.713776,1000
2022-01-26,0.713776,0.717275,0.713193,0.716692,1000
2022-01-27,0.716692,0.719145,0.701970,0.704424,1000
2022-01-28,0.704424,0.705351,0.698863,0.699790,1000
2022-01-31,0.699790,0.707739,0.698465,0.706414,1000
2022-02-01,0.706414,0.711899,0.705500,0.710985,1000
2022-02-02,0.710985,0.712813,0.710676,0.712504,1000
2022-02-03,0.712504,0.714642,0.712148,0.714286,1000
2022-02-04,0.714286,0.715800,0.705199,0.706714,1000
2022-02-07,0.706714,0.711960,0.705839,0.711086,1000
2022-02-08,0.711086,0.713764,0.710639,0.713318,1000
2022-02-09,0.713318,0.719282,0.712324,0.718288,1000
2022-02-10,0.718288,0.725719,0.717049,0.724480,1000
2022-02-11,0.724480,0.725832,0.716369,0.717721,1000
2022-02-14,0.717721,0.718723,0.711705,0.712708,1000
2022-02-15,0.712708,0.715705,0.712208,0.715205,1000
2022-02-16,0.715205,0.718904,0.714589,0.718288,1000
2022-02-17,0.718288,0.719961,0.717803,0.719476,1000
2022-02-18,0.719476,0.719889,0.716999,0.717412,1000
2022-02-22,0.717412,0.723632,0.716375,0.722596,1000
2022-02-23,0.722596,0.724857,0.722219,0.724480,1000
2022-02-24,0.724480,0.726713,0.711085,0.713318,1000
2022-02-25,0.713318,0.723512,0.711619,0.721813,1000
2022-02-28,0.721813,0.726971,0.720954,0.726111,1000
2022-03-01,0.726111,0.726540,0.724366,0.724795,1000
2022-03-02,0.724795,0.728912,0.724109,0.728226,1000
2022-03-03,0.728226,0.732125,0.727576,0.731475,1000
2022-03-04,0.731475,0.737162,0.730528,0.736214,1000
2022-03-07,0.736214,0.737034,0.731299,0.732118,1000
2022-03-08,0.732118,0.733298,0.725036,0.726216,1000
2022-03-09,0.726216,0.733491,0.725004,0.732279,1000
2022-03-10,0.732279,0.736871,0.731513,0.736106,1000
2022-03-11,0.736106,0.737171,0.729715,0.730780,1000
2022-03-14,0.730780,0.732376,0.721209,0.722804,1000
2022-03-15,0.722804,0.723449,0.718935,0.719580,1000
2022-03-16,0.719580,0.726217,0.718474,0.725111,1000
2022-03-17,0.725111,0.741568,0.722368,0.738825,1000
2022-03-18,0.738825,0.740619,0.738399,0.740192,1000
2022-03-21,0.740192,0.742235,0.739852,0.741895,1000
2022-03-22,0.741895,0.744213,0.741509,0.743826,1000
2022-03-23,0.743826,0.750987,0.742633,0.749794,1000
2022-03-24,0.749794,0.751285,0.749034,0.750525,1000
2022-03-25,0.750525,0.751425,0.749175,0.750075,1000
2022-03-28,0.750075,0.750434,0.747920,0.748279,1000
2022-03-29,0.748279,0.750569,0.747897,0.750188,1000
2022-03-30,0.750188,0.751624,0.749371,0.750807,1000
2022-03-31,0.750807,0.751482,0.749232,0.749906,1000
2022-04-01,0.749906,0.750721,0.748473,0.749288,1000
2022-04-04,0.749288,0.756008,0.748168,0.754888,1000
2022-04-05,0.754888,0.760807,0.753901,0.759821,1000
2022-04-06,0.759821,0.760944,0.753081,0.754205,1000
2022-04-07,0.754205,0.755602,0.745819,0.747217,1000
2022-04-08,0.747217,0.747778,0.745540,0.746102,1000
2022-04-11,0.746102,0.746921,0.741186,0.742005,1000
2022-04-12,0.742005,0.749198,0.740806,0.747999,1000
2022-04-13,0.747999,0.748999,0.741997,0.742997,1000
2022-04-14,0.742997,0.743514,0.739895,0.740412,1000
2022-04-15,0.740412,0.741357,0.739137,0.740083,1000
2022-04-18,0.740083,0.741041,0.734336,0.735294,1000
2022-04-19,0.735294,0.737310,0.734958,0.736974,1000
2022-04-20,0.736974,0.746860,0.735326,0.745212,1000
2022-04-21,0.745212,0.746729,0.736109,0.737626,1000
2022-04-22,0.737626,0.740014,0.723302,0.725689,1000
2022-04-25,0.725689,0.727888,0.712495,0.714694,1000
2022-04-26,0.714694,0.715664,0.713520,0.714490,1000
2022-04-27,0.714490,0.714907,0.711986,0.712403,1000
2022-04-28,0.712403,0.713341,0.706776,0.707714,1000
2022-04-29,0.707714,0.710548,0.707242,0.710076,1000
2022-05-02,0.710076,0.710928,0.704964,0.705816,1000
2022-05-03,0.705816,0.710747,0.704994,0.709925,1000
2022-05-04,0.709925,0.715403,0.709012,0.714490,1000
2022-05-05,0.714490,0.715604,0.707804,0.708918,1000
2022-05-06,0.708918,0.710082,0.707955,0.709119,1000
2022-05-09,0.709119,0.711161,0.696868,0.698910,1000
2022-05-10,0.698910,0.700187,0.691243,0.692521,1000
2022-05-11,0.692521,0.700774,0.691145,0.699399,1000
2022-05-12,0.699399,0.702236,0.682376,0.685213,1000
2022-05-13,0.685213,0.693120,0.683895,0.691802,1000
2022-05-16,0.691802,0.694799,0.691303,0.694300,1000
2022-05-17,0.694300,0.702714,0.692897,0.701311,1000
2022-05-18,0.701311,0.701616,0.699486,0.699790,1000
2022-05-19,0.699790,0.706902,0.698605,0.705716,1000
2022-05-20,0.705716,0.706222,0.702679,0.703185,1000
2022-05-23,0.703185,0.711273,0.701838,0.709925,1000
2022-05-24,0.709925,0.710287,0.707753,0.708115,1000
2022-05-25,0.708115,0.708424,0.706305,0.706614,1000
2022-05-26,0.706614,0.708276,0.706152,0.707814,1000
2022-05-27,0.707814,0.717052,0.706275,0.715512,1000
2022-05-31,0.715512,0.719462,0.714854,0.718804,1000
2022-06-01,0.718804,0.719288,0.715900,0.716384,1000
2022-06-02,0.716384,0.726856,0.714638,0.725111,1000
2022-06-03,0.725111,0.725957,0.720030,0.720877,1000
2022-06-06,0.720877,0.721880,0.719718,0.720721,1000
2022-06-07,0.720721,0.722036,0.719873,0.721189,1000
2022-06-08,0.721189,0.722584,0.720418,0.721813,1000
2022-06-09,0.721813,0.723776,0.710034,0.711997,1000
2022-06-10,0.711997,0.713313,0.704102,0.705418,1000
2022-06-13,0.705418,0.707583,0.692423,0.694589,1000
2022-06-14,0.694589,0.695804,0.687301,0.688516,1000
2022-06-15,0.688516,0.695804,0.687301,0.694589,1000
2022-06-16,0.694589,0.700830,0.693549,0.699790,1000
2022-06-17,0.699790,0.701292,0.690779,0.692281,1000
2022-06-21,0.692281,0.698539,0.691238,0.697496,1000
2022-06-22,0.697496,0.698318,0.692563,0.693385,1000
2022-06-23,0.693385,0.694198,0.688510,0.689322,1000
2022-06-24,0.689322,0.695643,0.688269,0.694589,1000
2022-06-27,0.694589,0.695438,0.693355,0.694203,1000
2022-06-28,0.694203,0.694722,0.691092,0.691611,1000
2022-06-29,0.691611,0.692192,0.688124,0.688705,1000
2022-06-30,0.688705,0.690874,0.688344,0.690512,1000
2022-07-01,0.690512,0.692838,0.676561,0.678887,1000
2022-07-05,0.678887,0.679181,0.677121,0.677415,1000
2022-07-06,0.677415,0.678431,0.676399,0.677415,1000
2022-07-07,0.677415,0.683741,0.676361,0.682687,1000
2022-07-08,0.682687,0.686395,0.682069,0.685777,1000
2022-07-11,0.685777,0.687934,0.672834,0.674992,1000
2022-07-12,0.674992,0.677624,0.674553,0.677186,1000
2022-07-13,0.677186,0.678916,0.676880,0.678610,1000
2022-07-14,0.678610,0.679452,0.673558,0.674400,1000
2022-07-15,0.674400,0.680282,0.673419,0.679302,1000
2022-07-18,0.679302,0.684709,0.678401,0.683807,1000
2022-07-19,0.683807,0.691739,0.682486,0.690417,1000
2022-07-20,0.690417,0.691094,0.689025,0.689703,1000
2022-07-21,0.689703,0.690690,0.688621,0.689608,1000
2022-07-22,0.689608,0.695817,0.688573,0.694782,1000
2022-07-25,0.694782,0.696139,0.694053,0.695410,1000
2022-07-26,0.695410,0.695709,0.693615,0.693914,1000
2022-07-27,0.693914,0.694279,0.691724,0.692089,1000
2022-07-28,0.692089,0.698111,0.691086,0.697107,1000
2022-07-29,0.697107,0.698861,0.696765,0.698519,1000
2022-08-01,0.698519,0.704475,0.697527,0.703482,1000
2022-08-02,0.703482,0.705135,0.693564,0.695217,1000
2022-08-03,0.695217,0.695660,0.692557,0.693001,1000
2022-08-04,0.693001,0.697346,0.692277,0.696621,1000
2022-08-05,0.696621,0.697929,0.688776,0.690084,1000
2022-08-08,0.690084,0.700909,0.688279,0.699105,1000
2022-08-09,0.699105,0.699466,0.696941,0.697301,1000
2022-08-10,0.697301,0.712449,0.694777,0.709925,1000
2022-08-11,0.709925,0.712290,0.709531,0.711896,1000
2022-08-12,0.711896,0.712304,0.710172,0.710581,1000
2022-08-15,0.710581,0.711772,0.703431,0.704622,1000
2022-08-16,0.704622,0.705324,0.700413,0.701115,1000
2022-08-17,0.701115,0.703054,0.689480,0.691419,1000
2022-08-18,0.691419,0.693317,0.691103,0.693001,1000
2022-08-19,0.693001,0.694200,0.685802,0.687002,1000
2022-08-22,0.687002,0.688080,0.686018,0.687096,1000
2022-08-23,0.687096,0.695740,0.685656,0.694300,1000
2022-08-24,0.694300,0.694895,0.690729,0.691324,1000
2022-08-25,0.691324,0.697041,0.690371,0.696088,1000
2022-08-26,0.696088,0.696888,0.691290,0.692089,1000
2022-08-29,0.692089,0.692528,0.690455,0.690894,1000
2022-08-30,0.690894,0.691569,0.686847,0.687521,1000
2022-08-31,0.687521,0.688079,0.686020,0.686577,1000
2022-09-01,0.686577,0.688290,0.676299,0.678012,1000
2022-09-02,0.678012,0.685809,0.676713,0.684510,1000
2022-09-06,0.684510,0.686413,0.673088,0.674992,1000
2022-09-07,0.674992,0.675373,0.672702,0.673083,1000
2022-09-08,0.673083,0.674548,0.672526,0.673991,1000
2022-09-09,0.673991,0.686726,0.671868,0.684603,1000
2022-09-12,0.684603,0.689526,0.683783,0.688705,1000
2022-09-13,0.688705,0.691183,0.673837,0.676315,1000
2022-09-14,0.676315,0.676780,0.674755,0.675219,1000
2022-09-15,0.675219,0.676107,0.669893,0.670781,1000
2022-09-16,0.670781,0.671539,0.669528,0.670286,1000
2022-09-19,0.670286,0.670842,0.668833,0.669389,1000
2022-09-20,0.669389,0.670911,0.668899,0.670421,1000
2022-09-21,0.670421,0.671287,0.665223,0.666089,1000
2022-09-22,0.666089,0.666584,0.663119,0.663614,1000
2022-09-23,0.663614,0.665481,0.652412,0.654279,1000
2022-09-26,0.654279,0.655819,0.645040,0.646580,1000
2022-09-27,0.646580,0.646996,0.644079,0.644496,1000
2022-09-28,0.644496,0.652554,0.643153,0.651211,1000
2022-09-29,0.651211,0.651651,0.648574,0.649013,1000
2022-09-30,0.649013,0.650075,0.642647,0.643708,1000
2022-10-03,0.643708,0.651391,0.642427,0.650111,1000
2022-10-04,0.650111,0.650683,0.648736,0.649308,1000
2022-10-05,0.649308,0.649854,0.646034,0.646580,1000
2022-10-06,0.646580,0.647674,0.640013,0.641108,1000
2022-10-07,0.641108,0.641469,0.638944,0.639304,1000
2022-10-11,0.639304,0.640583,0.631633,0.632911,1000
2022-10-12,0.632911,0.634031,0.626194,0.627313,1000
2022-10-13,0.627313,0.628847,0.626962,0.628496,1000
2022-10-14,0.628496,0.629817,0.620569,0.621891,1000
2022-10-17,0.621891,0.632720,0.620086,0.630915,1000
2022-10-18,0.630915,0.631478,0.627539,0.628101,1000
2022-10-19,0.628101,0.628550,0.626668,0.627117,1000
2022-10-20,0.627117,0.634888,0.625821,0.633593,1000
2022-10-21,0.633593,0.637418,0.632956,0.636780,1000
2022-10-24,0.636780,0.637938,0.629837,0.630994,1000
2022-10-25,0.630994,0.641212,0.629292,0.639509,1000
2022-10-26,0.639509,0.651977,0.637431,0.649899,1000
2022-10-27,0.649899,0.650337,0.647273,0.647710,1000
2022-10-28,0.647710,0.649334,0.637967,0.639591,1000
2022-10-31,0.639591,0.640448,0.638529,0.639386,1000
2022-11-01,0.639386,0.640243,0.638325,0.639182,1000
2022-11-02,0.639182,0.641592,0.638780,0.641190,1000
2022-11-03,0.641190,0.643547,0.627049,0.629406,1000
2022-11-04,0.629406,0.646320,0.626587,0.643501,1000
2022-11-07,0.643501,0.646844,0.642943,0.646287,1000
2022-11-08,0.646287,0.656134,0.644646,0.654493,1000
2022-11-09,0.654493,0.656434,0.642846,0.644787,1000
2022-11-10,0.644787,0.661817,0.641949,0.658979,1000
2022-11-14,0.658979,0.671578,0.656879,0.669478,1000
2022-11-15,0.669478,0.679608,0.667790,0.677920,1000
2022-11-16,0.677920,0.678842,0.672388,0.673310,1000
2022-11-17,0.673310,0.674656,0.665231,0.666578,1000
2022-11-18,0.666578,0.668395,0.666275,0.668092,1000
2022-11-21,0.668092,0.669915,0.657156,0.658979,1000
2022-11-22,0.658979,0.664383,0.658078,0.663482,1000
2022-11-23,0.663482,0.672133,0.662040,0.670691,1000
2022-11-25,0.670691,0.675852,0.669831,0.674992,1000
2022-11-28,0.674992,0.676112,0.668268,0.669389,1000
2022-11-29,0.669389,0.670258,0.668251,0.669120,1000
2022-11-30,0.669120,0.672194,0.668608,0.671682,1000
2022-12-01,0.671682,0.682157,0.669936,0.680411,1000
2022-12-02,0.680411,0.681269,0.679229,0.680087,1000
2022-12-05,0.680087,0.681840,0.669568,0.671321,1000
2022-12-06,0.671321,0.671627,0.669487,0.669792,1000
2022-12-07,0.669792,0.672656,0.669315,0.672179,1000
2022-12-08,0.672179,0.677857,0.671232,0.676911,1000
2022-12-09,0.676911,0.681723,0.676109,0.680921,1000
2022-12-12,0.680921,0.682288,0.672714,0.674082,1000
2022-12-13,0.674082,0.689473,0.671516,0.686908,1000
2022-12-14,0.686908,0.687536,0.685478,0.686106,1000
2022-12-15,0.686106,0.689324,0.666799,0.670017,1000
2022-12-16,0.670017,0.670572,0.668565,0.669120,1000
2022-12-19,0.669120,0.671491,0.668725,0.671096,1000
2022-12-20,0.671096,0.672017,0.665568,0.666489,1000
2022-12-21,0.666489,0.670238,0.665864,0.669613,1000
2022-12-22,0.669613,0.670113,0.666611,0.667111,1000
2022-12-23,0.667111,0.671785,0.666333,0.671006,1000
2022-12-27,0.671006,0.674860,0.670363,0.674218,1000
2022-12-28,0.674218,0.675732,0.673706,0.675219,1000
2022-12-29,0.675219,0.678460,0.674679,0.677920,1000
2022-12-30,0.677920,0.681020,0.677403,0.680504,1000
2023-01-03,0.680504,0.682006,0.671491,0.672993,1000
2023-01-04,0.672993,0.688616,0.670389,0.686012,1000
2023-01-05,0.686012,0.688335,0.672077,0.674400,1000
2023-01-06,0.674400,0.688787,0.672002,0.686389,1000
2023-01-09,0.686389,0.696461,0.684710,0.694782,1000
2023-01-10,0.694782,0.696083,0.686978,0.688279,1000
2023-01-11,0.688279,0.690216,0.687956,0.689893,1000
2023-01-12,0.689893,0.695528,0.688954,0.694589,1000
2023-01-13,0.694589,0.695849,0.693764,0.695024,1000
2023-01-17,0.695024,0.699335,0.694305,0.698617,1000
2023-01-18,0.698617,0.699763,0.697666,0.698812,1000
2023-01-19,0.698812,0.700833,0.686684,0.688705,1000
2023-01-20,0.688705,0.696635,0.687384,0.695314,1000
2023-01-23,0.695314,0.703811,0.693897,0.702395,1000
2023-01-24,0.702395,0.704532,0.702039,0.704176,1000
2023-01-25,0.704176,0.709144,0.703348,0.708316,1000
2023-01-26,0.708316,0.709933,0.707804,0.709421,1000
2023-01-27,0.709421,0.710864,0.708734,0.710177,1000
2023-01-30,0.710177,0.710689,0.707101,0.707614,1000
2023-01-31,0.707614,0.708133,0.704501,0.705020,1000
2023-02-01,0.705020,0.707053,0.704681,0.706714,1000
2023-02-02,0.706714,0.708756,0.706373,0.708416,1000
2023-02-03,0.708416,0.711181,0.691824,0.694589,1000
2023-02-06,0.694589,0.696125,0.685371,0.686908,1000
2023-02-07,0.686908,0.693643,0.685785,0.692521,1000
2023-02-08,0.692521,0.694424,0.692204,0.694107,1000
2023-02-09,0.694107,0.696833,0.693653,0.696379,1000
2023-02-10,0.696379,0.697275,0.691002,0.691898,1000
2023-02-13,0.691898,0.697275,0.691002,0.696379,1000
2023-02-14,0.696379,0.697326,0.695238,0.696185,1000
2023-02-15,0.696185,0.697557,0.687950,0.689322,1000
2023-02-16,0.689322,0.690142,0.688075,0.688895,1000
2023-02-17,0.688895,0.689377,0.686001,0.686483,1000
2023-02-21,0.686483,0.687513,0.685453,0.686483,1000
2023-02-22,0.686483,0.687401,0.680978,0.681896,1000
2023-02-23,0.681896,0.682534,0.678064,0.678702,1000
2023-02-24,0.678702,0.679745,0.672449,0.673491,1000
2023-02-27,0.673491,0.674252,0.672233,0.672993,1000
2023-02-28,0.672993,0.674708,0.672685,0.674400,1000
2023-03-01,0.674400,0.677303,0.673916,0.676819,1000
2023-03-02,0.676819,0.677783,0.671034,0.671998,1000
2023-03-03,0.671998,0.676685,0.671217,0.675904,1000
2023-03-06,0.675904,0.676323,0.673390,0.673809,1000
2023-03-07,0.673809,0.676575,0.657213,0.659979,1000
2023-03-08,0.659979,0.661078,0.659098,0.660197,1000
2023-03-09,0.660197,0.661647,0.659663,0.661113,1000
2023-03-10,0.661113,0.662039,0.660056,0.660982,1000
2023-03-13,0.660982,0.670103,0.659462,0.668583,1000
2023-03-14,0.668583,0.669064,0.665697,0.666178,1000
2023-03-15,0.666178,0.667191,0.660100,0.661113,1000
2023-03-16,0.661113,0.666021,0.660295,0.665203,1000
2023-03-17,0.665203,0.668938,0.664581,0.668315,1000
2023-03-20,0.668315,0.671652,0.667759,0.671096,1000
2023-03-21,0.671096,0.672274,0.664025,0.665203,1000
2023-03-22,0.665203,0.669259,0.664527,0.668583,1000
2023-03-23,0.668583,0.672572,0.667918,0.671908,1000
2023-03-24,0.671908,0.673425,0.662802,0.664319,1000
2023-03-27,0.664319,0.665250,0.663257,0.664187,1000
2023-03-28,0.664187,0.672262,0.662841,0.670916,1000
2023-03-29,0.670916,0.671498,0.667420,0.668003,1000
2023-03-30,0.668003,0.670527,0.667582,0.670107,1000
2023-03-31,0.670107,0.671269,0.669258,0.670421,1000
2023-04-03,0.670421,0.679972,0.668829,0.678380,1000
2023-04-04,0.678380,0.679212,0.673385,0.674218,1000
2023-04-05,0.674218,0.674524,0.672506,0.672812,1000
2023-04-06,0.672812,0.673898,0.666292,0.667379,1000
2023-04-07,0.667379,0.668089,0.666089,0.666800,1000
2023-04-10,0.666800,0.667657,0.661658,0.662515,1000
2023-04-11,0.662515,0.665369,0.662039,0.664894,1000
2023-04-12,0.664894,0.669589,0.664111,0.668807,1000
2023-04-13,0.668807,0.679743,0.666984,0.677920,1000
2023-04-14,0.677920,0.679465,0.668652,0.670196,1000
2023-04-17,0.670196,0.670707,0.668699,0.669210,1000
2023-04-18,0.669210,0.672447,0.668670,0.671908,1000
2023-04-19,0.671908,0.672802,0.670787,0.671682,1000
2023-04-20,0.671682,0.676146,0.670938,0.675402,1000
2023-04-21,0.675402,0.676658,0.667864,0.669120,1000
2023-04-24,0.669120,0.669608,0.667604,0.668092,1000
2023-04-25,0.668092,0.669155,0.661716,0.662778,1000
2023-04-26,0.662778,0.663179,0.661194,0.661594,1000
2023-04-27,0.661594,0.662499,0.660515,0.661419,1000
2023-04-28,0.661419,0.662543,0.660558,0.661682,1000
2023-05-01,0.661682,0.664000,0.661296,0.663614,1000
2023-05-02,0.663614,0.667651,0.662941,0.666978,1000
2023-05-03,0.666978,0.668246,0.666244,0.667512,1000
2023-05-04,0.667512,0.668558,0.666555,0.667601,1000
2023-05-05,0.667601,0.676142,0.666178,0.674718,1000
2023-05-08,0.674718,0.680108,0.673820,0.679209,1000
2023-05-09,0.679209,0.680007,0.674421,0.675219,1000
2023-05-10,0.675219,0.676828,0.674799,0.676407,1000
2023-05-11,0.676407,0.677811,0.667985,0.669389,1000
2023-05-12,0.669389,0.670288,0.663995,0.664894,1000
2023-05-15,0.664894,0.670772,0.663914,0.669792,1000
2023-05-16,0.669792,0.670489,0.665615,0.666311,1000
2023-05-17,0.666311,0.666711,0.664715,0.665115,1000
2023-05-18,0.665115,0.665775,0.661153,0.661813,1000
2023-05-19,0.661813,0.666945,0.660958,0.666089,1000
2023-05-22,0.666089,0.666426,0.664071,0.664408,1000
2023-05-23,0.664408,0.664848,0.661768,0.662208,1000
2023-05-24,0.662208,0.663828,0.652488,0.654108,1000
2023-05-25,0.654108,0.654806,0.649920,0.650618,1000
2023-05-26,0.650618,0.651828,0.649874,0.651084,1000
2023-05-30,0.651084,0.652167,0.650213,0.651296,1000
2023-05-31,0.651296,0.652097,0.646490,0.647291,1000
2023-06-01,0.647291,0.659756,0.645214,0.657678,1000
2023-06-02,0.657678,0.662378,0.656895,0.661594,1000
2023-06-05,0.661594,0.663092,0.661105,0.662603,1000
2023-06-06,0.662603,0.668334,0.661648,0.667379,1000
2023-06-07,0.667379,0.667733,0.665735,0.666089,1000
2023-06-08,0.666089,0.671611,0.665169,0.670691,1000
2023-06-09,0.670691,0.674651,0.670031,0.673991,1000
2023-06-12,0.673991,0.675367,0.673342,0.674718,1000
2023-06-13,0.674718,0.678175,0.674142,0.677599,1000
2023-06-14,0.677599,0.684320,0.676478,0.683200,1000
2023-06-15,0.683200,0.687876,0.682421,0.687096,1000
2023-06-16,0.687096,0.687819,0.685760,0.686483,1000
2023-06-20,0.686483,0.688379,0.675106,0.677002,1000
2023-06-21,0.677002,0.678570,0.676536,0.678104,1000
2023-06-22,0.678104,0.678663,0.674752,0.675311,1000
2023-06-23,0.675311,0.676629,0.667399,0.668717,1000
2023-06-26,0.668717,0.669519,0.667514,0.668315,1000
2023-06-27,0.668315,0.669318,0.667313,0.668315,1000
2023-06-28,0.668315,0.669580,0.660723,0.661989,1000
2023-06-29,0.661989,0.663642,0.661652,0.663306,1000
2023-06-30,0.663306,0.666912,0.662705,0.666311,1000
2023-07-03,0.666311,0.668073,0.666018,0.667780,1000
2023-07-05,0.667780,0.668073,0.666018,0.666311,1000
2023-07-06,0.666311,0.667193,0.661019,0.661901,1000
2023-07-07,0.661901,0.669920,0.660565,0.668583,1000
2023-07-10,0.668583,0.668922,0.666550,0.666889,1000
2023-07-11,0.666889,0.667644,0.665645,0.666400,1000
2023-07-12,0.666400,0.680555,0.664041,0.678196,1000
2023-07-13,0.678196,0.689103,0.676378,0.687285,1000
2023-07-14,0.687285,0.687878,0.683730,0.684322,1000
2023-07-17,0.684322,0.684770,0.681634,0.682082,1000
2023-07-18,0.682082,0.682918,0.680873,0.681710,1000
2023-07-19,0.681710,0.682789,0.675237,0.676315,1000
2023-07-20,0.676315,0.678076,0.676022,0.677782,1000
2023-07-21,0.677782,0.678595,0.672905,0.673718,1000
2023-07-24,0.673718,0.675367,0.673342,0.674992,1000
2023-07-25,0.674992,0.679942,0.674166,0.679117,1000
2023-07-26,0.679117,0.679824,0.674878,0.675584,1000
2023-07-27,0.675584,0.675903,0.673672,0.673991,1000
2023-07-28,0.673991,0.675393,0.665575,0.666978,1000
2023-07-31,0.666978,0.674196,0.665775,0.672993,1000
2023-08-01,0.672993,0.675369,0.658737,0.661113,1000
2023-08-02,0.661113,0.662497,0.652809,0.654193,1000
2023-08-03,0.654193,0.655777,0.653811,0.655394,1000
2023-08-04,0.655394,0.661524,0.654372,0.660502,1000
2023-08-07,0.660502,0.661326,0.655560,0.656383,1000
2023-08-08,0.656383,0.657384,0.650380,0.651381,1000
2023-08-09,0.651381,0.652912,0.650955,0.652486,1000
2023-08-10,0.652486,0.656336,0.651844,0.655695,1000
2023-08-11,0.655695,0.656972,0.648031,0.649308,1000
2023-08-14,0.649308,0.650431,0.648482,0.649604,1000
2023-08-15,0.649604,0.649966,0.648020,0.648382,1000
2023-08-16,0.648382,0.649259,0.643121,0.643998,1000
2023-08-17,0.643998,0.644461,0.641221,0.641684,1000
2023-08-18,0.641684,0.642461,0.640537,0.641313,1000
2023-08-21,0.641313,0.641715,0.638903,0.639304,1000
2023-08-22,0.639304,0.643149,0.638664,0.642508,1000
2023-08-23,0.642508,0.647795,0.641627,0.646914,1000
2023-08-24,0.646914,0.647779,0.641726,0.642591,1000
2023-08-25,0.642591,0.643093,0.639580,0.640082,1000
2023-08-28,0.640082,0.643093,0.639580,0.642591,1000
2023-08-29,0.642591,0.646575,0.641927,0.645911,1000
2023-08-30,0.645911,0.650241,0.645190,0.649519,1000
2023-08-31,0.649519,0.650065,0.646243,0.646789,1000
2023-09-01,0.646789,0.647164,0.644536,0.644912,1000
2023-09-05,0.644912,0.646253,0.636861,0.638203,1000
2023-09-06,0.638203,0.639160,0.637246,0.638203,1000
2023-09-07,0.638203,0.639058,0.637144,0.637999,1000
2023-09-08,0.637999,0.639263,0.637347,0.638610,1000
2023-09-11,0.638610,0.644479,0.637632,0.643501,1000
2023-09-12,0.643501,0.643865,0.641938,0.642302,1000
2023-09-13,0.642302,0.643369,0.641441,0.642508,1000
2023-09-14,0.642508,0.644894,0.642111,0.644496,1000
2023-09-15,0.644496,0.645317,0.643384,0.644205,1000
2023-09-18,0.644205,0.645172,0.643239,0.644205,1000
2023-09-19,0.644205,0.646102,0.643889,0.645786,1000
2023-09-20,0.645786,0.650722,0.644964,0.649899,1000
2023-09-21,0.649899,0.651435,0.640684,0.642220,1000
2023-09-22,0.642220,0.645900,0.641606,0.645286,1000
2023-09-25,0.645286,0.645941,0.641359,0.642013,1000
2023-09-26,0.642013,0.642318,0.640188,0.640492,1000
2023-09-27,0.640492,0.641234,0.636038,0.636780,1000
2023-09-28,0.636780,0.643902,0.635594,0.642715,1000
2023-09-29,0.642715,0.645601,0.642234,0.645120,1000
2023-10-02,0.645120,0.646641,0.635989,0.637511,1000
2023-10-03,0.637511,0.639156,0.627642,0.629287,1000
2023-10-04,0.629287,0.634599,0.628402,0.633714,1000
2023-10-05,0.633714,0.635310,0.633405,0.635001,1000
2023-10-06,0.635001,0.640263,0.634124,0.639386,1000
2023-10-10,0.639386,0.643728,0.638663,0.643004,1000
2023-10-11,0.643004,0.643466,0.640236,0.640697,1000
2023-10-12,0.640697,0.642158,0.631932,0.633392,1000
2023-10-13,0.633392,0.634269,0.628133,0.629010,1000
2023-10-16,0.629010,0.634895,0.628029,0.633914,1000
2023-10-17,0.633914,0.638474,0.633154,0.637714,1000
2023-10-18,0.637714,0.638539,0.632769,0.633593,1000
2023-10-19,0.633593,0.634001,0.632103,0.632511,1000
2023-10-20,0.632511,0.633159,0.631263,0.631912,1000
2023-10-23,0.631912,0.634074,0.631551,0.633714,1000
2023-10-24,0.633714,0.635249,0.633345,0.634880,1000
2023-10-25,0.634880,0.635178,0.633095,0.633392,1000
2023-10-26,0.633392,0.633832,0.630754,0.631194,1000
2023-10-27,0.631194,0.636005,0.630392,0.635203,1000
2023-10-30,0.635203,0.637827,0.634766,0.637389,1000
2023-10-31,0.637389,0.638229,0.632352,0.633192,1000
2023-11-01,0.633192,0.636915,0.632571,0.636294,1000
2023-11-02,0.636294,0.643405,0.635109,0.642220,1000
2023-11-03,0.642220,0.652399,0.640523,0.650703,1000
2023-11-06,0.650703,0.651467,0.649516,0.650280,1000
2023-11-07,0.650280,0.651859,0.640806,0.642385,1000
2023-11-08,0.642385,0.643203,0.641277,0.642096,1000
2023-11-09,0.642096,0.643018,0.641092,0.642013,1000
2023-11-13,0.642013,0.642678,0.638028,0.638692,1000
2023-11-14,0.638692,0.651179,0.636611,0.649098,1000
2023-11-15,0.649098,0.652347,0.648556,0.651806,1000
2023-11-16,0.651806,0.652884,0.645334,0.646412,1000
2023-11-17,0.646412,0.649989,0.645816,0.649393,1000
2023-11-20,0.649393,0.656955,0.648132,0.655695,1000
2023-11-21,0.655695,0.657240,0.655269,0.656814,1000
2023-11-22,0.656814,0.657475,0.652848,0.653509,1000
2023-11-24,0.653509,0.659396,0.652528,0.658415,1000
2023-11-27,0.658415,0.660056,0.658077,0.659718,1000
2023-11-28,0.659718,0.667950,0.658346,0.666578,1000
2023-11-29,0.666578,0.667531,0.660860,0.661813,1000
2023-11-30,0.661813,0.662609,0.660624,0.661419,1000
2023-12-01,0.661419,0.666917,0.660503,0.666001,1000
2023-12-04,0.666001,0.666803,0.661186,0.661989,1000
2023-12-05,0.661989,0.663368,0.653714,0.655093,1000
2023-12-06,0.655093,0.657262,0.654732,0.656901,1000
2023-12-07,0.656901,0.660751,0.656259,0.660110,1000
2023-12-08,0.660110,0.660751,0.656259,0.656901,1000
2023-12-11,0.656901,0.657583,0.655615,0.656297,1000
2023-12-12,0.656297,0.657174,0.655205,0.656082,1000
2023-12-13,0.656082,0.658725,0.655641,0.658285,1000
2023-12-14,0.658285,0.673928,0.655677,0.671321,1000
2023-12-15,0.671321,0.672419,0.670404,0.671501,1000
2023-12-18,0.671501,0.671861,0.669343,0.669703,1000
2023-12-19,0.669703,0.677858,0.668343,0.676498,1000
2023-12-20,0.676498,0.677467,0.675438,0.676407,1000
2023-12-21,0.676407,0.679493,0.675893,0.678979,1000
2023-12-22,0.678979,0.680669,0.678628,0.680318,1000
2023-12-26,0.680318,0.681990,0.679945,0.681617,1000
2023-12-27,0.681617,0.684976,0.681057,0.684416,1000
2023-12-28,0.684416,0.685442,0.683389,0.684416,1000
2023-12-29,0.684416,0.684743,0.682453,0.682780,1000
2024-01-02,0.682780,0.683918,0.675957,0.677094,1000
2024-01-03,0.677094,0.678113,0.670979,0.671998,1000
2024-01-04,0.671998,0.672508,0.670495,0.671006,1000
2024-01-05,0.671006,0.672600,0.670584,0.672179,1000
2024-01-08,0.672179,0.673051,0.671035,0.671908,1000
2024-01-09,0.671908,0.672447,0.668670,0.669210,1000
2024-01-10,0.669210,0.670213,0.668206,0.669210,1000
2024-01-11,0.669210,0.669993,0.664508,0.665292,1000
2024-01-12,0.665292,0.669993,0.664508,0.669210,1000
2024-01-16,0.669210,0.671108,0.657819,0.659718,1000
2024-01-17,0.659718,0.660882,0.652729,0.653894,1000
2024-01-18,0.653894,0.656881,0.653396,0.656383,1000
2024-01-19,0.656383,0.658457,0.656038,0.658111,1000
2024-01-22,0.658111,0.659337,0.657362,0.658588,1000
2024-01-23,0.658588,0.658986,0.656201,0.656599,1000
2024-01-24,0.656599,0.660812,0.655897,0.660110,1000
2024-01-25,0.660110,0.660509,0.657712,0.658111,1000
2024-01-26,0.658111,0.659490,0.657513,0.658892,1000
2024-01-29,0.658892,0.660142,0.658163,0.659413,1000
2024-01-30,0.659413,0.660446,0.658467,0.659500,1000
2024-01-31,0.659500,0.660729,0.658750,0.659979,1000
2024-02-01,0.659979,0.660655,0.655923,0.656599,1000
2024-02-02,0.656599,0.657719,0.649879,0.650999,1000
2024-02-05,0.650999,0.651640,0.647153,0.647794,1000
2024-02-06,0.647794,0.652506,0.647009,0.651721,1000
2024-02-07,0.651721,0.652997,0.651040,0.652316,1000
2024-02-08,0.652316,0.652976,0.648353,0.649013,1000
2024-02-09,0.649013,0.652109,0.648498,0.651593,1000
2024-02-12,0.651593,0.654251,0.651150,0.653808,1000
2024-02-13,0.653808,0.655371,0.644432,0.645995,1000
2024-02-14,0.645995,0.649466,0.645416,0.648887,1000
2024-02-15,0.648887,0.651168,0.648507,0.650787,1000
2024-02-16,0.650787,0.653542,0.650328,0.653083,1000
2024-02-20,0.653083,0.656578,0.652500,0.655996,1000
2024-02-21,0.655996,0.656279,0.654295,0.654579,1000
2024-02-22,0.654579,0.655625,0.653661,0.654707,1000
2024-02-23,0.654707,0.656977,0.654329,0.656599,1000
2024-02-26,0.656599,0.657140,0.653353,0.653894,1000
2024-02-27,0.653894,0.655283,0.653319,0.654707,1000
2024-02-28,0.654707,0.655728,0.648583,0.649604,1000
2024-02-29,0.649604,0.650917,0.648966,0.650280,1000
2024-03-01,0.650280,0.653438,0.649753,0.652912,1000
2024-03-04,0.652912,0.653486,0.651529,0.652103,1000
2024-03-05,0.652103,0.652383,0.650423,0.650703,1000
2024-03-06,0.650703,0.659074,0.649308,0.657678,1000
2024-03-07,0.657678,0.662640,0.656851,0.661813,1000
2024-03-08,0.661813,0.663246,0.661258,0.662691,1000
2024-03-11,0.662691,0.663067,0.660431,0.660808,1000
2024-03-12,0.660808,0.661449,0.659468,0.660110,1000
2024-03-13,0.660110,0.662733,0.659672,0.662296,1000
2024-03-14,0.662296,0.663054,0.657742,0.658501,1000
2024-03-15,0.658501,0.658821,0.656581,0.656901,1000
2024-03-18,0.656901,0.657540,0.655572,0.656211,1000
2024-03-19,0.656211,0.656896,0.652099,0.652784,1000
2024-03-20,0.652784,0.653977,0.652018,0.653211,1000
2024-03-21,0.653211,0.657742,0.652455,0.656987,1000
2024-03-22,0.656987,0.657981,0.651024,0.652018,1000
2024-03-25,0.652018,0.654269,0.651643,0.653894,1000
2024-03-26,0.653894,0.654832,0.652870,0.653808,1000
2024-03-27,0.653808,0.654126,0.652168,0.652486,1000
2024-03-28,0.652486,0.653465,0.651507,0.652486,1000
2024-03-29,0.652486,0.653422,0.651465,0.652401,1000
2024-04-01,0.652401,0.653205,0.647579,0.648382,1000
2024-04-02,0.648382,0.651879,0.647800,0.651296,1000
2024-04-03,0.651296,0.656678,0.650399,0.655781,1000
2024-04-04,0.655781,0.662652,0.654635,0.661507,1000
2024-04-05,0.661507,0.662125,0.657796,0.658415,1000
2024-04-08,0.658415,0.660553,0.658058,0.660197,1000
2024-04-09,0.660197,0.662610,0.659795,0.662208,1000
2024-04-10,0.662208,0.664466,0.648656,0.650915,1000
2024-04-11,0.650915,0.652800,0.650600,0.652486,1000
2024-04-12,0.652486,0.653424,0.646856,0.647794,1000
2024-04-15,0.647794,0.648325,0.646384,0.646914,1000
2024-04-16,0.646914,0.648059,0.640045,0.641190,1000
2024-04-17,0.641190,0.642503,0.640577,0.641890,1000
2024-04-18,0.641890,0.644071,0.641526,0.643708,1000
2024-04-19,0.643708,0.643989,0.642021,0.642302,1000
2024-04-22,0.642302,0.644238,0.641979,0.643915,1000
2024-04-23,0.643915,0.648721,0.643114,0.647920,1000
2024-04-24,0.647920,0.649229,0.647283,0.648593,1000
2024-04-25,0.648593,0.651023,0.648187,0.650618,1000
2024-04-26,0.650618,0.653217,0.650185,0.652784,1000
2024-04-29,0.652784,0.657258,0.652038,0.656513,1000
2024-04-30,0.656513,0.658012,0.647514,0.649013,1000
2024-05-01,0.649013,0.650283,0.648334,0.649604,1000
2024-05-02,0.649604,0.655728,0.648583,0.654707,1000
2024-05-03,0.654707,0.662972,0.653330,0.661594,1000
2024-05-06,0.661594,0.662938,0.660952,0.662296,1000
2024-05-07,0.662296,0.662593,0.660510,0.660808,1000
2024-05-08,0.660808,0.661269,0.658040,0.658501,1000
2024-05-09,0.658501,0.661007,0.658084,0.660589,1000
2024-05-10,0.660589,0.661646,0.659664,0.660720,1000
2024-05-13,0.660720,0.661908,0.659925,0.661113,1000
2024-05-14,0.661113,0.662698,0.660711,0.662296,1000
2024-05-15,0.662296,0.668395,0.661279,0.667379,1000
2024-05-16,0.667379,0.668849,0.666844,0.668315,1000
2024-05-17,0.668315,0.669452,0.667446,0.668583,1000
2024-05-20,0.668583,0.669049,0.667046,0.667512,1000
2024-05-21,0.667512,0.668045,0.666045,0.666578,1000
2024-05-22,0.666578,0.667171,0.663021,0.663614,1000
2024-05-23,0.663614,0.664256,0.662268,0.662910,1000
2024-05-24,0.662910,0.663905,0.661916,0.662910,1000
2024-05-28,0.662910,0.667311,0.662177,0.666578,1000
2024-05-29,0.666578,0.667513,0.660966,0.661901,1000
2024-05-30,0.661901,0.664644,0.661444,0.664187,1000
2024-05-31,0.664187,0.665095,0.663103,0.664011,1000
2024-06-03,0.664011,0.669176,0.663150,0.668315,1000
2024-06-04,0.668315,0.669114,0.663520,0.664319,1000
2024-06-05,0.664319,0.665316,0.663323,0.664319,1000
2024-06-06,0.664319,0.666550,0.663948,0.666178,1000
2024-06-07,0.666178,0.667635,0.657434,0.658892,1000
2024-06-10,0.658892,0.661558,0.658447,0.661113,1000
2024-06-11,0.661113,0.661449,0.659469,0.659805,1000
2024-06-12,0.659805,0.672167,0.657744,0.670107,1000
2024-06-13,0.670107,0.671308,0.662897,0.664099,1000
2024-06-14,0.664099,0.664582,0.661199,0.661682,1000
2024-06-17,0.661682,0.662040,0.659534,0.659892,1000
2024-06-18,0.659892,0.666266,0.658829,0.665203,1000
2024-06-20,0.665203,0.666401,0.664404,0.665602,1000
2024-06-21,0.665602,0.665920,0.663692,0.664011,1000
2024-06-24,0.664011,0.665814,0.663710,0.665513,1000
2024-06-25,0.665513,0.665846,0.663854,0.664187,1000
2024-06-26,0.664187,0.665538,0.663543,0.664894,1000
2024-06-27,0.664894,0.665847,0.663852,0.664805,1000
2024-06-28,0.664805,0.668268,0.664228,0.667690,1000
2024-07-01,0.667690,0.668108,0.665184,0.665602,1000
2024-07-02,0.665602,0.666756,0.664758,0.665912,1000
2024-07-03,0.665912,0.673107,0.664713,0.671908,1000
2024-07-05,0.671908,0.674789,0.671427,0.674309,1000
2024-07-08,0.674309,0.675206,0.673184,0.674082,1000
2024-07-09,0.674082,0.674910,0.672889,0.673718,1000
2024-07-10,0.673718,0.675230,0.673206,0.674718,1000
2024-07-11,0.674718,0.678175,0.674142,0.677599,1000
2024-07-12,0.677599,0.679215,0.677178,0.678794,1000
2024-07-15,0.678794,0.679305,0.677272,0.677782,1000
2024-07-16,0.677782,0.678822,0.671546,0.672585,1000
2024-07-17,0.672585,0.673708,0.671689,0.672812,1000
2024-07-18,0.672812,0.673707,0.671690,0.672585,1000
2024-07-19,0.672585,0.673225,0.668750,0.669389,1000
2024-07-22,0.669389,0.670491,0.662776,0.663878,1000
2024-07-23,0.663878,0.664274,0.661506,0.661901,1000
2024-07-24,0.661901,0.662285,0.659594,0.659979,1000
2024-07-25,0.659979,0.660939,0.654219,0.655179,1000
2024-07-26,0.655179,0.656420,0.654453,0.655695,1000
2024-07-29,0.655695,0.656038,0.653636,0.653979,1000
2024-07-30,0.653979,0.654810,0.652849,0.653680,1000
2024-07-31,0.653680,0.654575,0.652615,0.653509,1000
2024-08-01,0.653509,0.653827,0.651870,0.652188,1000
2024-08-02,0.652188,0.653465,0.651507,0.652784,1000
2024-08-05,0.652784,0.653580,0.648007,0.648803,1000
2024-08-06,0.648803,0.652508,0.648185,0.651890,1000
2024-08-07,0.651890,0.655837,0.651233,0.655179,1000
2024-08-08,0.655179,0.658698,0.654593,0.658111,1000
2024-08-09,0.658111,0.658881,0.656908,0.657678,1000
2024-08-12,0.657678,0.659864,0.657314,0.659500,1000
2024-08-13,0.659500,0.661646,0.659142,0.661288,1000
2024-08-14,0.661288,0.662478,0.660493,0.661682,1000
2024-08-15,0.661682,0.663290,0.661302,0.662910,1000
2024-08-16,0.662910,0.665290,0.662513,0.664894,1000
2024-08-19,0.664894,0.672823,0.663572,0.671501,1000
2024-08-20,0.671501,0.674870,0.670940,0.674309,1000
2024-08-21,0.674309,0.675823,0.673797,0.675311,1000
2024-08-22,0.675311,0.676217,0.669875,0.670781,1000
2024-08-23,0.670781,0.679072,0.669399,0.677690,1000
2024-08-26,0.677690,0.678454,0.676422,0.677186,1000
2024-08-27,0.677186,0.678570,0.676536,0.677920,1000
2024-08-28,0.677920,0.679029,0.676995,0.678104,1000
2024-08-29,0.678104,0.681206,0.677587,0.680689,1000
2024-08-30,0.680689,0.681527,0.675660,0.676498,1000
2024-09-03,0.676498,0.677380,0.671206,0.672088,1000
2024-09-04,0.672088,0.673255,0.671238,0.672405,1000
2024-09-05,0.672405,0.673572,0.671554,0.672721,1000
2024-09-06,0.672721,0.673709,0.666791,0.667780,1000
2024-09-09,0.667780,0.668089,0.666090,0.666400,1000
2024-09-10,0.666400,0.666799,0.664804,0.665203,1000
2024-09-11,0.665203,0.666090,0.664095,0.664982,1000
2024-09-12,0.664982,0.670539,0.664056,0.669613,1000
2024-09-13,0.669613,0.671501,0.669298,0.671186,1000
2024-09-16,0.671186,0.674443,0.670643,0.673900,1000
2024-09-17,0.673900,0.675702,0.673599,0.675402,1000
2024-09-18,0.675402,0.676758,0.674730,0.676087,1000
2024-09-19,0.676087,0.682834,0.674962,0.681710,1000
2024-09-20,0.681710,0.682174,0.680132,0.680596,1000
2024-09-23,0.680596,0.685630,0.679757,0.684791,1000
2024-09-24,0.684791,0.687784,0.684292,0.687285,1000
2024-09-25,0.687285,0.687999,0.683000,0.683714,1000
2024-09-26,0.683714,0.691472,0.682421,0.690179,1000
2024-09-27,0.690179,0.691669,0.689595,0.691085,1000
2024-09-30,0.691085,0.693845,0.690625,0.693385,1000
2024-10-01,0.693385,0.694302,0.687883,0.688800,1000
2024-10-02,0.688800,0.690191,0.688122,0.689513,1000
2024-10-03,0.689513,0.690551,0.683284,0.684322,1000
2024-10-04,0.684322,0.685243,0.678796,0.679717,1000
2024-10-07,0.679717,0.680443,0.675361,0.676087,1000
2024-10-08,0.676087,0.676542,0.673353,0.673809,1000
2024-10-09,0.673809,0.674161,0.672143,0.672495,1000
2024-10-10,0.672495,0.673912,0.671893,0.673310,1000
2024-10-11,0.673310,0.676039,0.672855,0.675584,1000
2024-10-15,0.675584,0.676518,0.669982,0.670916,1000
2024-10-16,0.670916,0.671863,0.665231,0.666178,1000
2024-10-17,0.666178,0.671000,0.665374,0.670196,1000
2024-10-18,0.670196,0.671112,0.669102,0.670017,1000
2024-10-21,0.670017,0.670802,0.665304,0.666089,1000
2024-10-22,0.666089,0.668278,0.665725,0.667913,1000
2024-10-23,0.667913,0.668853,0.662279,0.663218,1000
2024-10-24,0.663218,0.664058,0.662070,0.662910,1000
2024-10-25,0.662910,0.663508,0.661522,0.662120,1000
2024-10-28,0.662120,0.662801,0.658038,0.658718,1000
2024-10-29,0.658718,0.659323,0.655090,0.655695,1000
2024-10-30,0.655695,0.658959,0.655151,0.658415,1000
2024-10-31,0.658415,0.659096,0.654326,0.655008,1000
2024-11-01,0.655008,0.658836,0.654369,0.658198,1000
2024-11-04,0.658198,0.659294,0.657319,0.658415,1000
2024-11-05,0.658415,0.664284,0.657436,0.663306,1000
2024-11-06,0.663306,0.664509,0.656086,0.657289,1000
2024-11-07,0.657289,0.669076,0.655325,0.667111,1000
2024-11-08,0.667111,0.669076,0.655325,0.657289,1000
2024-11-12,0.657289,0.658310,0.651168,0.652188,1000
2024-11-13,0.652188,0.652907,0.647873,0.648593,1000
2024-11-14,0.648593,0.648913,0.646971,0.647291,1000
2024-11-15,0.647291,0.647675,0.645736,0.646120,1000
2024-11-18,0.646120,0.650554,0.645381,0.649815,1000
2024-11-19,0.649815,0.652918,0.649298,0.652401,1000
2024-11-20,0.652401,0.653002,0.648791,0.649393,1000
2024-11-21,0.649393,0.650812,0.648861,0.650280,1000
2024-11-22,0.650280,0.650874,0.648925,0.649519,1000
2024-11-25,0.649519,0.650282,0.648335,0.649098,1000
2024-11-26,0.649098,0.649693,0.645525,0.646120,1000
2024-11-27,0.646120,0.649794,0.645508,0.649182,1000
2024-11-29,0.649182,0.651719,0.648759,0.651296,1000
2024-12-02,0.651296,0.652373,0.644834,0.645911,1000
2024-12-03,0.645911,0.648776,0.645434,0.648298,1000
2024-12-04,0.648298,0.649241,0.642641,0.643583,1000
2024-12-05,0.643583,0.644715,0.642783,0.643915,1000
2024-12-06,0.643915,0.645057,0.637060,0.638203,1000
2024-12-09,0.638203,0.647804,0.636603,0.646204,1000
2024-12-10,0.646204,0.647901,0.636017,0.637714,1000
2024-12-11,0.637714,0.638712,0.636798,0.637796,1000
2024-12-12,0.637796,0.639263,0.637347,0.638814,1000
2024-12-13,0.638814,0.639399,0.635305,0.635890,1000
2024-12-16,0.635890,0.637494,0.635582,0.637186,1000
2024-12-17,0.637186,0.637841,0.633260,0.633914,1000
2024-12-18,0.633914,0.634657,0.629456,0.630199,1000
2024-12-19,0.630199,0.631200,0.624195,0.625195,1000
2024-12-20,0.625195,0.626888,0.624913,0.626606,1000
2024-12-23,0.626606,0.627067,0.623836,0.624298,1000
2024-12-24,0.624298,0.624590,0.622721,0.623014,1000
2024-12-26,0.623014,0.623793,0.621925,0.622704,1000
2024-12-27,0.622704,0.623083,0.620431,0.620810,1000
2024-12-30,0.620810,0.622283,0.620417,0.621891,1000
2024-12-31,0.621891,0.622568,0.617829,0.618506,1000
