date,open,high,low,close,volume
2022-12-15 00:00:00,1.220554,1.220554,1.220554,1.220554,50
2022-12-15 01:00:00,1.220554,1.220554,1.220554,1.220554,50
2022-12-15 02:00:00,1.220554,1.220554,1.220554,1.220554,50
2022-12-15 03:00:00,1.220554,1.220554,1.220554,1.220554,50
2022-12-15 04:00:00,1.220554,1.220554,1.220554,1.220554,50
2022-12-15 05:00:00,1.220554,1.220554,1.220554,1.220554,50
2022-12-15 06:00:00,1.220554,1.220554,1.220554,1.220554,50
2022-12-15 07:00:00,1.220554,1.220554,1.220554,1.220554,50
2022-12-15 08:00:00,1.220554,1.220554,1.220554,1.220554,50
2022-12-15 09:00:00,1.220554,1.220554,1.220554,1.220554,50
2022-12-15 10:00:00,1.220554,1.220554,1.220554,1.220554,50
2022-12-15 11:00:00,1.220554,1.220554,1.220554,1.220554,50
2022-12-15 12:00:00,1.220554,1.220554,1.220554,1.220554,50
2022-12-15 13:00:00,1.220554,1.220554,1.220554,1.220554,50
2022-12-15 14:00:00,1.220554,1.220554,1.220554,1.220554,50
2022-12-15 15:00:00,1.220554,1.220554,1.220554,1.220554,50
2022-12-15 16:00:00,1.220554,1.220554,1.220554,1.220554,50
2022-12-15 17:00:00,1.220554,1.220554,1.220554,1.220554,50
2022-12-15 18:00:00,1.220554,1.220554,1.220554,1.220554,50
2022-12-15 19:00:00,1.220554,1.220554,1.220554,1.220554,50
2022-12-15 20:00:00,1.220554,1.220554,1.220554,1.220554,50
2022-12-15 21:00:00,1.220554,1.220554,1.220554,1.220554,50
2022-12-15 22:00:00,1.220554,1.220554,1.220554,1.220554,50
2022-12-15 23:00:00,1.220554,1.220554,1.220554,1.220554,50
2022-12-16 00:00:00,1.220554,1.221492,1.220359,1.221297,50
2022-12-16 01:00:00,1.221297,1.221599,1.220398,1.220700,50
2022-12-16 02:00:00,1.220700,1.220711,1.220335,1.220346,50
2022-12-16 03:00:00,1.220346,1.220884,1.220226,1.220763,50
2022-12-16 04:00:00,1.220763,1.220912,1.220581,1.220730,50
2022-12-16 05:00:00,1.220730,1.221016,1.220234,1.220520,50
2022-12-16 06:00:00,1.220520,1.220578,1.220374,1.220433,50
2022-12-16 07:00:00,1.220433,1.220513,1.220274,1.220355,50
2022-12-16 08:00:00,1.220355,1.220432,1.219695,1.219772,50
2022-12-16 09:00:00,1.219772,1.219787,1.218879,1.218895,50
2022-12-16 10:00:00,1.218895,1.219105,1.217340,1.217550,50
2022-12-16 11:00:00,1.217550,1.217894,1.217296,1.217639,50
2022-12-16 12:00:00,1.217639,1.218420,1.217503,1.218284,50
2022-12-16 13:00:00,1.218284,1.218296,1.217655,1.217666,50
2022-12-16 14:00:00,1.217666,1.218169,1.217444,1.217947,50
2022-12-16 15:00:00,1.217947,1.218903,1.217717,1.218673,50
2022-12-16 16:00:00,1.218673,1.218877,1.216964,1.217168,50
2022-12-16 17:00:00,1.217168,1.217271,1.216317,1.216419,50
2022-12-16 18:00:00,1.216419,1.216994,1.216160,1.216735,50
2022-12-16 19:00:00,1.216735,1.217218,1.216538,1.217022,50
2022-12-16 20:00:00,1.217022,1.217206,1.216485,1.216669,50
2022-12-16 21:00:00,1.216669,1.216837,1.216334,1.216502,50
2022-12-16 22:00:00,1.216502,1.216575,1.216026,1.216098,50
2022-12-16 23:00:00,1.216098,1.216983,1.215956,1.216841,50
2022-12-19 00:00:00,1.216841,1.217011,1.215437,1.215607,50
2022-12-19 01:00:00,1.215607,1.216321,1.215396,1.216110,50
2022-12-19 02:00:00,1.216110,1.216477,1.216089,1.216457,50
2022-12-19 03:00:00,1.216457,1.216673,1.216437,1.216653,50
2022-12-19 04:00:00,1.216653,1.216877,1.216488,1.216712,50
2022-12-19 05:00:00,1.216712,1.216810,1.216642,1.216741,50
2022-12-19 06:00:00,1.216741,1.216825,1.216609,1.216694,50
2022-12-19 07:00:00,1.216694,1.217101,1.216502,1.216909,50
2022-12-19 08:00:00,1.216909,1.217072,1.216475,1.216638,50
2022-12-19 09:00:00,1.216638,1.217454,1.216493,1.217309,50
2022-12-19 10:00:00,1.217309,1.218099,1.217119,1.217908,50
2022-12-19 11:00:00,1.217908,1.218206,1.217748,1.218045,50
2022-12-19 12:00:00,1.218045,1.218740,1.217868,1.218562,50
2022-12-19 13:00:00,1.218562,1.219289,1.218421,1.219148,50
2022-12-19 14:00:00,1.219148,1.219278,1.218994,1.219124,50
2022-12-19 15:00:00,1.219124,1.219137,1.218809,1.218822,50
2022-12-19 16:00:00,1.218822,1.219425,1.218623,1.219226,50
2022-12-19 17:00:00,1.219226,1.219426,1.218456,1.218656,50
2022-12-19 18:00:00,1.218656,1.219134,1.218579,1.219057,50
2022-12-19 19:00:00,1.219057,1.219398,1.218920,1.219261,50
2022-12-19 20:00:00,1.219261,1.219265,1.218953,1.218956,50
2022-12-19 21:00:00,1.218956,1.219066,1.217901,1.218010,50
2022-12-19 22:00:00,1.218010,1.218304,1.217874,1.218167,50
2022-12-19 23:00:00,1.218167,1.218232,1.217962,1.218027,50
2022-12-20 00:00:00,1.218027,1.218241,1.214913,1.215127,50
2022-12-20 01:00:00,1.215127,1.215692,1.214972,1.215536,50
2022-12-20 02:00:00,1.215536,1.216624,1.215505,1.216592,50
2022-12-20 03:00:00,1.216592,1.217316,1.216528,1.217251,50
2022-12-20 04:00:00,1.217251,1.217396,1.217004,1.217149,50
2022-12-20 05:00:00,1.217149,1.217372,1.216177,1.216399,50
2022-12-20 06:00:00,1.216399,1.217797,1.216321,1.217718,50
2022-12-20 07:00:00,1.217718,1.218517,1.217688,1.218487,50
2022-12-20 08:00:00,1.218487,1.218588,1.218151,1.218253,50
2022-12-20 09:00:00,1.218253,1.218273,1.218185,1.218205,50
2022-12-20 10:00:00,1.218205,1.218803,1.218109,1.218707,50
2022-12-20 11:00:00,1.218707,1.218957,1.217393,1.217642,50
2022-12-20 12:00:00,1.217642,1.217694,1.217402,1.217454,50
2022-12-20 13:00:00,1.217454,1.217824,1.217368,1.217737,50
2022-12-20 14:00:00,1.217737,1.217958,1.216842,1.217063,50
2022-12-20 15:00:00,1.217063,1.217494,1.217005,1.217436,50
2022-12-20 16:00:00,1.217436,1.217469,1.215965,1.215998,50
2022-12-20 17:00:00,1.215998,1.216363,1.215927,1.216292,50
2022-12-20 18:00:00,1.216292,1.216466,1.214702,1.214876,50
2022-12-20 19:00:00,1.214876,1.215080,1.213740,1.213944,50
2022-12-20 20:00:00,1.213944,1.214498,1.213750,1.214304,50
2022-12-20 21:00:00,1.214304,1.214323,1.214237,1.214256,50
2022-12-20 22:00:00,1.214256,1.214577,1.214175,1.214496,50
2022-12-20 23:00:00,1.214496,1.214657,1.214463,1.214624,50
2022-12-21 00:00:00,1.214624,1.215002,1.213917,1.214294,50
2022-12-21 01:00:00,1.214294,1.214644,1.212108,1.212458,50
2022-12-21 02:00:00,1.212458,1.214833,1.211980,1.214355,50
2022-12-21 03:00:00,1.214355,1.214505,1.213635,1.213785,50
2022-12-21 04:00:00,1.213785,1.216477,1.213257,1.215949,50
2022-12-21 05:00:00,1.215949,1.216694,1.215374,1.216120,50
2022-12-21 06:00:00,1.216120,1.216142,1.213905,1.213928,50
2022-12-21 07:00:00,1.213928,1.214137,1.213146,1.213355,50
2022-12-21 08:00:00,1.213355,1.213583,1.212138,1.212366,50
2022-12-21 09:00:00,1.212366,1.212607,1.211977,1.212218,50
2022-12-21 10:00:00,1.212218,1.213040,1.211879,1.212701,50
2022-12-21 11:00:00,1.212701,1.212860,1.207061,1.207220,50
2022-12-21 12:00:00,1.207220,1.210256,1.206812,1.209848,50
2022-12-21 13:00:00,1.209848,1.210402,1.208987,1.209540,50
2022-12-21 14:00:00,1.209540,1.210123,1.205068,1.205651,50
2022-12-21 15:00:00,1.205651,1.208394,1.205120,1.207863,50
2022-12-21 16:00:00,1.207863,1.209386,1.207725,1.209249,50
2022-12-21 17:00:00,1.209249,1.210346,1.208781,1.209879,50
2022-12-21 18:00:00,1.209879,1.212352,1.209393,1.211866,50
2022-12-21 19:00:00,1.211866,1.212541,1.211487,1.212161,50
2022-12-21 20:00:00,1.212161,1.212585,1.211200,1.211623,50
2022-12-21 21:00:00,1.211623,1.211949,1.211444,1.211769,50
2022-12-21 22:00:00,1.211769,1.214565,1.211284,1.214079,50
2022-12-21 23:00:00,1.214079,1.214230,1.206996,1.207146,50
2022-12-22 00:00:00,1.207146,1.207258,1.206819,1.206931,50
2022-12-22 01:00:00,1.206931,1.207157,1.206819,1.207045,50
2022-12-22 02:00:00,1.207045,1.207469,1.206768,1.207192,50
2022-12-22 03:00:00,1.207192,1.207878,1.207103,1.207789,50
2022-12-22 04:00:00,1.207789,1.208002,1.207136,1.207350,50
2022-12-22 05:00:00,1.207350,1.207837,1.207042,1.207529,50
2022-12-22 06:00:00,1.207529,1.207717,1.207308,1.207496,50
2022-12-22 07:00:00,1.207496,1.208024,1.207403,1.207931,50
2022-12-22 08:00:00,1.207931,1.207976,1.206446,1.206492,50
2022-12-22 09:00:00,1.206492,1.207018,1.206277,1.206803,50
2022-12-22 10:00:00,1.206803,1.206861,1.205928,1.205986,50
2022-12-22 11:00:00,1.205986,1.206119,1.205200,1.205332,50
2022-12-22 12:00:00,1.205332,1.205601,1.204891,1.205160,50
2022-12-22 13:00:00,1.205160,1.205417,1.204055,1.204313,50
2022-12-22 14:00:00,1.204313,1.204404,1.203975,1.204066,50
2022-12-22 15:00:00,1.204066,1.204525,1.203945,1.204404,50
2022-12-22 16:00:00,1.204404,1.204499,1.204251,1.204346,50
2022-12-22 17:00:00,1.204346,1.204442,1.203975,1.204071,50
2022-12-22 18:00:00,1.204071,1.204234,1.203126,1.203290,50
2022-12-22 19:00:00,1.203290,1.203328,1.202922,1.202960,50
2022-12-22 20:00:00,1.202960,1.202998,1.202726,1.202764,50
2022-12-22 21:00:00,1.202764,1.202812,1.202392,1.202440,50
2022-12-22 22:00:00,1.202440,1.202741,1.202332,1.202632,50
2022-12-22 23:00:00,1.202632,1.203401,1.202456,1.203225,50
2022-12-23 00:00:00,1.203225,1.203359,1.202814,1.202949,50
2022-12-23 01:00:00,1.202949,1.203291,1.202805,1.203147,50
2022-12-23 02:00:00,1.203147,1.203902,1.202998,1.203753,50
2022-12-23 03:00:00,1.203753,1.204455,1.203555,1.204257,50
2022-12-23 04:00:00,1.204257,1.204302,1.204062,1.204107,50
2022-12-23 05:00:00,1.204107,1.204274,1.203929,1.204096,50
2022-12-23 06:00:00,1.204096,1.204851,1.204082,1.204837,50
2022-12-23 07:00:00,1.204837,1.205106,1.204781,1.205051,50
2022-12-23 08:00:00,1.205051,1.205615,1.204922,1.205486,50
2022-12-23 09:00:00,1.205486,1.206190,1.205417,1.206121,50
2022-12-23 10:00:00,1.206121,1.206226,1.205632,1.205738,50
2022-12-23 11:00:00,1.205738,1.205786,1.205280,1.205329,50
2022-12-23 12:00:00,1.205329,1.205780,1.205273,1.205725,50
2022-12-23 13:00:00,1.205725,1.205820,1.205124,1.205219,50
2022-12-23 14:00:00,1.205219,1.205352,1.204659,1.204791,50
2022-12-23 15:00:00,1.204791,1.204942,1.204429,1.204579,50
2022-12-23 16:00:00,1.204579,1.204689,1.204471,1.204581,50
2022-12-23 17:00:00,1.204581,1.204921,1.204499,1.204838,50
2022-12-23 18:00:00,1.204838,1.205048,1.204222,1.204432,50
2022-12-23 19:00:00,1.204432,1.204813,1.204263,1.204645,50
2022-12-23 20:00:00,1.204645,1.204816,1.204526,1.204697,50
2022-12-23 21:00:00,1.204697,1.204815,1.204210,1.204328,50
2022-12-23 22:00:00,1.204328,1.204360,1.203378,1.203411,50
2022-12-23 23:00:00,1.203411,1.205443,1.203368,1.205400,50
2022-12-27 00:00:00,1.205400,1.205572,1.204414,1.204586,50
2022-12-27 01:00:00,1.204586,1.204725,1.204442,1.204581,50
2022-12-27 02:00:00,1.204581,1.204876,1.204488,1.204783,50
2022-12-27 03:00:00,1.204783,1.205069,1.204734,1.205019,50
2022-12-27 04:00:00,1.205019,1.206175,1.204962,1.206117,50
2022-12-27 05:00:00,1.206117,1.206319,1.205728,1.205930,50
2022-12-27 06:00:00,1.205930,1.206081,1.205462,1.205614,50
2022-12-27 07:00:00,1.205614,1.205637,1.205404,1.205427,50
2022-12-27 08:00:00,1.205427,1.205703,1.205229,1.205506,50
2022-12-27 09:00:00,1.205506,1.205723,1.205447,1.205664,50
2022-12-27 10:00:00,1.205664,1.205814,1.205067,1.205217,50
2022-12-27 11:00:00,1.205217,1.205317,1.204477,1.204576,50
2022-12-27 12:00:00,1.204576,1.204635,1.204156,1.204215,50
2022-12-27 13:00:00,1.204215,1.204306,1.204169,1.204261,50
2022-12-27 14:00:00,1.204261,1.204386,1.203720,1.203845,50
2022-12-27 15:00:00,1.203845,1.203934,1.202731,1.202820,50
2022-12-27 16:00:00,1.202820,1.203222,1.202685,1.203086,50
2022-12-27 17:00:00,1.203086,1.203237,1.202444,1.202595,50
2022-12-27 18:00:00,1.202595,1.203227,1.202417,1.203050,50
2022-12-27 19:00:00,1.203050,1.203601,1.202865,1.203416,50
2022-12-27 20:00:00,1.203416,1.203551,1.202372,1.202508,50
2022-12-27 21:00:00,1.202508,1.203250,1.202298,1.203041,50
2022-12-27 22:00:00,1.203041,1.203417,1.202933,1.203310,50
2022-12-27 23:00:00,1.203310,1.203502,1.203032,1.203225,50
2022-12-28 00:00:00,1.203225,1.203304,1.201435,1.201514,50
2022-12-28 01:00:00,1.201514,1.202233,1.201344,1.202062,50
2022-12-28 02:00:00,1.202062,1.202716,1.201862,1.202515,50
2022-12-28 03:00:00,1.202515,1.203413,1.202350,1.203248,50
2022-12-28 04:00:00,1.203248,1.203359,1.203207,1.203317,50
2022-12-28 05:00:00,1.203317,1.204066,1.203152,1.203902,50
2022-12-28 06:00:00,1.203902,1.204415,1.203807,1.204320,50
2022-12-28 07:00:00,1.204320,1.204501,1.203930,1.204111,50
2022-12-28 08:00:00,1.204111,1.204951,1.204010,1.204849,50
2022-12-28 09:00:00,1.204849,1.205046,1.204502,1.204698,50
2022-12-28 10:00:00,1.204698,1.204912,1.203860,1.204074,50
2022-12-28 11:00:00,1.204074,1.204252,1.203701,1.203879,50
2022-12-28 12:00:00,1.203879,1.204058,1.203324,1.203503,50
2022-12-28 13:00:00,1.203503,1.203680,1.203100,1.203277,50
2022-12-28 14:00:00,1.203277,1.203878,1.203149,1.203749,50
2022-12-28 15:00:00,1.203749,1.203787,1.203702,1.203740,50
2022-12-28 16:00:00,1.203740,1.204857,1.203526,1.204644,50
2022-12-28 17:00:00,1.204644,1.204744,1.204451,1.204552,50
2022-12-28 18:00:00,1.204552,1.204908,1.204548,1.204905,50
2022-12-28 19:00:00,1.204905,1.205062,1.204811,1.204968,50
2022-12-28 20:00:00,1.204968,1.205058,1.204034,1.204124,50
2022-12-28 21:00:00,1.204124,1.204286,1.204081,1.204243,50
2022-12-28 22:00:00,1.204243,1.204733,1.204035,1.204525,50
2022-12-28 23:00:00,1.204525,1.204549,1.203345,1.203369,50
2022-12-29 00:00:00,1.203369,1.204066,1.203173,1.203870,50
2022-12-29 01:00:00,1.203870,1.204078,1.203627,1.203835,50
2022-12-29 02:00:00,1.203835,1.203962,1.203577,1.203703,50
2022-12-29 03:00:00,1.203703,1.203851,1.202700,1.202847,50
2022-12-29 04:00:00,1.202847,1.203759,1.202654,1.203566,50
2022-12-29 05:00:00,1.203566,1.203685,1.203171,1.203290,50
2022-12-29 06:00:00,1.203290,1.203709,1.203259,1.203678,50
2022-12-29 07:00:00,1.203678,1.203792,1.203348,1.203462,50
2022-12-29 08:00:00,1.203462,1.204356,1.203346,1.204240,50
2022-12-29 09:00:00,1.204240,1.204279,1.204175,1.204215,50
2022-12-29 10:00:00,1.204215,1.204518,1.204194,1.204498,50
2022-12-29 11:00:00,1.204498,1.205174,1.204458,1.205133,50
2022-12-29 12:00:00,1.205133,1.205286,1.204845,1.204998,50
2022-12-29 13:00:00,1.204998,1.205176,1.204674,1.204852,50
2022-12-29 14:00:00,1.204852,1.204996,1.204622,1.204766,50
2022-12-29 15:00:00,1.204766,1.204933,1.204673,1.204840,50
2022-12-29 16:00:00,1.204840,1.205264,1.204833,1.205258,50
2022-12-29 17:00:00,1.205258,1.205454,1.205257,1.205453,50
2022-12-29 18:00:00,1.205453,1.205670,1.205309,1.205526,50
2022-12-29 19:00:00,1.205526,1.206244,1.205410,1.206127,50
2022-12-29 20:00:00,1.206127,1.206365,1.206027,1.206265,50
2022-12-29 21:00:00,1.206265,1.206303,1.205456,1.205493,50
2022-12-29 22:00:00,1.205493,1.206531,1.205466,1.206504,50
2022-12-29 23:00:00,1.206504,1.206544,1.205942,1.205982,50
2022-12-30 00:00:00,1.205982,1.206337,1.205768,1.206124,50
2022-12-30 01:00:00,1.206124,1.207115,1.206112,1.207103,50
2022-12-30 02:00:00,1.207103,1.208218,1.207042,1.208157,50
2022-12-30 03:00:00,1.208157,1.208177,1.207842,1.207862,50
2022-12-30 04:00:00,1.207862,1.208009,1.206937,1.207085,50
2022-12-30 05:00:00,1.207085,1.207499,1.206995,1.207409,50
2022-12-30 06:00:00,1.207409,1.207619,1.207314,1.207523,50
2022-12-30 07:00:00,1.207523,1.208692,1.207469,1.208639,50
2022-12-30 08:00:00,1.208639,1.208808,1.208350,1.208519,50
2022-12-30 09:00:00,1.208519,1.208832,1.208354,1.208667,50
2022-12-30 10:00:00,1.208667,1.208764,1.207420,1.207517,50
2022-12-30 11:00:00,1.207517,1.207697,1.205272,1.205451,50
2022-12-30 12:00:00,1.205451,1.205512,1.205401,1.205462,50
2022-12-30 13:00:00,1.205462,1.206076,1.205387,1.206001,50
2022-12-30 14:00:00,1.206001,1.206230,1.205793,1.206021,50
2022-12-30 15:00:00,1.206021,1.206493,1.205972,1.206443,50
2022-12-30 16:00:00,1.206443,1.206953,1.206412,1.206921,50
2022-12-30 17:00:00,1.206921,1.206928,1.206338,1.206345,50
2022-12-30 18:00:00,1.206345,1.206492,1.206149,1.206295,50
2022-12-30 19:00:00,1.206295,1.206474,1.205742,1.205920,50
2022-12-30 20:00:00,1.205920,1.206932,1.205909,1.206920,50
2022-12-30 21:00:00,1.206920,1.207072,1.206816,1.206968,50
2022-12-30 22:00:00,1.206968,1.207478,1.206882,1.207392,50
2022-12-30 23:00:00,1.207392,1.207801,1.207321,1.207729,50
2023-01-03 00:00:00,1.207729,1.208123,1.203651,1.204044,50
2023-01-03 01:00:00,1.204044,1.205318,1.203238,1.204512,50
2023-01-03 02:00:00,1.204512,1.206646,1.204174,1.206308,50
2023-01-03 03:00:00,1.206308,1.206980,1.206297,1.206969,50
2023-01-03 04:00:00,1.206969,1.207208,1.205153,1.205392,50
2023-01-03 05:00:00,1.205392,1.206013,1.205186,1.205807,50
2023-01-03 06:00:00,1.205807,1.207893,1.205789,1.207874,50
2023-01-03 07:00:00,1.207874,1.208676,1.206350,1.207152,50
2023-01-03 08:00:00,1.207152,1.210528,1.206492,1.209869,50
2023-01-03 09:00:00,1.209869,1.209992,1.207261,1.207383,50
2023-01-03 10:00:00,1.207383,1.207602,1.205232,1.205450,50
2023-01-03 11:00:00,1.205450,1.208180,1.204569,1.207299,50
2023-01-03 12:00:00,1.207299,1.207928,1.201937,1.202567,50
2023-01-03 13:00:00,1.202567,1.202968,1.200433,1.200834,50
2023-01-03 14:00:00,1.200834,1.203491,1.200314,1.202971,50
2023-01-03 15:00:00,1.202971,1.204533,1.202087,1.203649,50
2023-01-03 16:00:00,1.203649,1.205800,1.203434,1.205585,50
2023-01-03 17:00:00,1.205585,1.206677,1.205017,1.206110,50
2023-01-03 18:00:00,1.206110,1.206124,1.204888,1.204903,50
2023-01-03 19:00:00,1.204903,1.205900,1.204467,1.205464,50
2023-01-03 20:00:00,1.205464,1.205675,1.201088,1.201299,50
2023-01-03 21:00:00,1.201299,1.201605,1.195823,1.196128,50
2023-01-03 22:00:00,1.196128,1.196575,1.195775,1.196222,50
2023-01-03 23:00:00,1.196222,1.197415,1.195838,1.197031,50
2023-01-04 00:00:00,1.197031,1.201148,1.196991,1.201108,50
2023-01-04 01:00:00,1.201108,1.201288,1.199188,1.199368,50
2023-01-04 02:00:00,1.199368,1.199758,1.197710,1.198100,50
2023-01-04 03:00:00,1.198100,1.198680,1.195780,1.196360,50
2023-01-04 04:00:00,1.196360,1.196511,1.195032,1.195183,50
2023-01-04 05:00:00,1.195183,1.197600,1.194590,1.197007,50
2023-01-04 06:00:00,1.197007,1.197717,1.196688,1.197398,50
2023-01-04 07:00:00,1.197398,1.197636,1.196005,1.196242,50
2023-01-04 08:00:00,1.196242,1.197485,1.195599,1.196841,50
2023-01-04 09:00:00,1.196841,1.200285,1.196758,1.200202,50
2023-01-04 10:00:00,1.200202,1.201786,1.199477,1.201061,50
2023-01-04 11:00:00,1.201061,1.202709,1.200820,1.202468,50
2023-01-04 12:00:00,1.202468,1.203780,1.202187,1.203499,50
2023-01-04 13:00:00,1.203499,1.203656,1.202465,1.202623,50
2023-01-04 14:00:00,1.202623,1.203257,1.202259,1.202893,50
2023-01-04 15:00:00,1.202893,1.204925,1.202240,1.204272,50
2023-01-04 16:00:00,1.204272,1.206279,1.204100,1.206107,50
2023-01-04 17:00:00,1.206107,1.206939,1.205677,1.206509,50
2023-01-04 18:00:00,1.206509,1.207111,1.206167,1.206769,50
2023-01-04 19:00:00,1.206769,1.207289,1.206535,1.207055,50
2023-01-04 20:00:00,1.207055,1.207156,1.206700,1.206801,50
2023-01-04 21:00:00,1.206801,1.207343,1.204191,1.204732,50
2023-01-04 22:00:00,1.204732,1.207352,1.204410,1.207030,50
2023-01-04 23:00:00,1.207030,1.207395,1.205908,1.206273,50
2023-01-05 00:00:00,1.206273,1.210088,1.205673,1.209489,50
2023-01-05 01:00:00,1.209489,1.210452,1.207804,1.208768,50
2023-01-05 02:00:00,1.208768,1.208938,1.205426,1.205596,50
2023-01-05 03:00:00,1.205596,1.207030,1.204690,1.206125,50
2023-01-05 04:00:00,1.206125,1.207085,1.206039,1.206999,50
2023-01-05 05:00:00,1.206999,1.207289,1.198889,1.199178,50
2023-01-05 06:00:00,1.199178,1.200090,1.196601,1.197513,50
2023-01-05 07:00:00,1.197513,1.198677,1.197256,1.198421,50
2023-01-05 08:00:00,1.198421,1.198603,1.197547,1.197729,50
2023-01-05 09:00:00,1.197729,1.199094,1.197058,1.198423,50
2023-01-05 10:00:00,1.198423,1.199288,1.192476,1.193340,50
2023-01-05 11:00:00,1.193340,1.193348,1.186970,1.186977,50
2023-01-05 12:00:00,1.186977,1.189047,1.186066,1.188136,50
2023-01-05 13:00:00,1.188136,1.193143,1.187348,1.192355,50
2023-01-05 14:00:00,1.192355,1.193814,1.192354,1.193813,50
2023-01-05 15:00:00,1.193813,1.200418,1.193046,1.199651,50
2023-01-05 16:00:00,1.199651,1.199653,1.197234,1.197236,50
2023-01-05 17:00:00,1.197236,1.197985,1.195584,1.196333,50
2023-01-05 18:00:00,1.196333,1.198650,1.195509,1.197826,50
2023-01-05 19:00:00,1.197826,1.198634,1.197306,1.198114,50
2023-01-05 20:00:00,1.198114,1.199973,1.197629,1.199487,50
2023-01-05 21:00:00,1.199487,1.200559,1.197444,1.198515,50
2023-01-05 22:00:00,1.198515,1.198777,1.195744,1.196006,50
2023-01-05 23:00:00,1.196006,1.196633,1.189565,1.190193,50
2023-01-06 00:00:00,1.190193,1.198191,1.189982,1.197980,50
2023-01-06 01:00:00,1.197980,1.198779,1.196115,1.196915,50
2023-01-06 02:00:00,1.196915,1.197496,1.192791,1.193373,50
2023-01-06 03:00:00,1.193373,1.194412,1.191908,1.192947,50
2023-01-06 04:00:00,1.192947,1.193750,1.189772,1.190575,50
2023-01-06 05:00:00,1.190575,1.191421,1.190078,1.190923,50
2023-01-06 06:00:00,1.190923,1.191629,1.186242,1.186948,50
2023-01-06 07:00:00,1.186948,1.187888,1.186648,1.187589,50
2023-01-06 08:00:00,1.187589,1.188927,1.185835,1.187173,50
2023-01-06 09:00:00,1.187173,1.188710,1.186007,1.187544,50
2023-01-06 10:00:00,1.187544,1.188388,1.187006,1.187849,50
2023-01-06 11:00:00,1.187849,1.191565,1.187553,1.191268,50
2023-01-06 12:00:00,1.191268,1.194124,1.190660,1.193516,50
2023-01-06 13:00:00,1.193516,1.196140,1.192646,1.195270,50
2023-01-06 14:00:00,1.195270,1.195878,1.190437,1.191044,50
2023-01-06 15:00:00,1.191044,1.192935,1.189762,1.191652,50
2023-01-06 16:00:00,1.191652,1.192393,1.191583,1.192324,50
2023-01-06 17:00:00,1.192324,1.197219,1.191859,1.196754,50
2023-01-06 18:00:00,1.196754,1.202837,1.196050,1.202133,50
2023-01-06 19:00:00,1.202133,1.203848,1.202070,1.203786,50
2023-01-06 20:00:00,1.203786,1.207492,1.203151,1.206857,50
2023-01-06 21:00:00,1.206857,1.210443,1.206077,1.209663,50
2023-01-06 22:00:00,1.209663,1.210077,1.206588,1.207002,50
2023-01-06 23:00:00,1.207002,1.208357,1.205064,1.206418,50
2023-01-09 00:00:00,1.206418,1.207449,1.204967,1.205998,50
2023-01-09 01:00:00,1.205998,1.207725,1.205629,1.207356,50
2023-01-09 02:00:00,1.207356,1.214538,1.206630,1.213811,50
2023-01-09 03:00:00,1.213811,1.223141,1.212949,1.222279,50
2023-01-09 04:00:00,1.222279,1.223183,1.216562,1.217466,50
2023-01-09 05:00:00,1.217466,1.218551,1.215135,1.216219,50
2023-01-09 06:00:00,1.216219,1.218639,1.216031,1.218451,50
2023-01-09 07:00:00,1.218451,1.218983,1.214991,1.215523,50
2023-01-09 08:00:00,1.215523,1.215678,1.207379,1.207533,50
2023-01-09 09:00:00,1.207533,1.216180,1.206680,1.215326,50
2023-01-09 10:00:00,1.215326,1.215596,1.213539,1.213809,50
2023-01-09 11:00:00,1.213809,1.218475,1.213496,1.218163,50
2023-01-09 12:00:00,1.218163,1.218460,1.216407,1.216704,50
2023-01-09 13:00:00,1.216704,1.219076,1.215851,1.218222,50
2023-01-09 14:00:00,1.218222,1.223950,1.217654,1.223381,50
2023-01-09 15:00:00,1.223381,1.224367,1.222054,1.223039,50
2023-01-09 16:00:00,1.223039,1.223739,1.217136,1.217835,50
2023-01-09 17:00:00,1.217835,1.218532,1.214623,1.215320,50
2023-01-09 18:00:00,1.215320,1.219166,1.214524,1.218370,50
2023-01-09 19:00:00,1.218370,1.218765,1.214987,1.215382,50
2023-01-09 20:00:00,1.215382,1.215857,1.209745,1.210220,50
2023-01-09 21:00:00,1.210220,1.210559,1.206203,1.206541,50
2023-01-09 22:00:00,1.206541,1.206785,1.205576,1.205819,50
2023-01-09 23:00:00,1.205819,1.221627,1.204746,1.220554,50
2023-01-10 00:00:00,1.220554,1.220871,1.216434,1.216751,50
2023-01-10 01:00:00,1.216751,1.220293,1.216512,1.220055,50
2023-01-10 02:00:00,1.220055,1.220758,1.219646,1.220348,50
2023-01-10 03:00:00,1.220348,1.220456,1.220137,1.220244,50
2023-01-10 04:00:00,1.220244,1.221601,1.220206,1.221563,50
2023-01-10 05:00:00,1.221563,1.221808,1.219429,1.219674,50
2023-01-10 06:00:00,1.219674,1.220032,1.219226,1.219584,50
2023-01-10 07:00:00,1.219584,1.219859,1.219118,1.219393,50
2023-01-10 08:00:00,1.219393,1.220105,1.219348,1.220061,50
2023-01-10 09:00:00,1.220061,1.220204,1.218673,1.218817,50
2023-01-10 10:00:00,1.218817,1.219494,1.218763,1.219440,50
2023-01-10 11:00:00,1.219440,1.219611,1.217592,1.217764,50
2023-01-10 12:00:00,1.217764,1.218258,1.217434,1.217929,50
2023-01-10 13:00:00,1.217929,1.218120,1.215431,1.215622,50
2023-01-10 14:00:00,1.215622,1.215850,1.214274,1.214501,50
2023-01-10 15:00:00,1.214501,1.216393,1.214405,1.216298,50
2023-01-10 16:00:00,1.216298,1.219497,1.216078,1.219278,50
2023-01-10 17:00:00,1.219278,1.219697,1.218267,1.218687,50
2023-01-10 18:00:00,1.218687,1.219414,1.218517,1.219244,50
2023-01-10 19:00:00,1.219244,1.219374,1.218748,1.218878,50
2023-01-10 20:00:00,1.218878,1.219171,1.216819,1.217112,50
2023-01-10 21:00:00,1.217112,1.217487,1.214601,1.214976,50
2023-01-10 22:00:00,1.214976,1.215000,1.214806,1.214830,50
2023-01-10 23:00:00,1.214830,1.215781,1.214559,1.215510,50
2023-01-11 00:00:00,1.215510,1.216126,1.215483,1.216099,50
2023-01-11 01:00:00,1.216099,1.216174,1.215429,1.215504,50
2023-01-11 02:00:00,1.215504,1.215595,1.215498,1.215590,50
2023-01-11 03:00:00,1.215590,1.215730,1.214573,1.214714,50
2023-01-11 04:00:00,1.214714,1.215213,1.214641,1.215140,50
2023-01-11 05:00:00,1.215140,1.215200,1.214991,1.215051,50
2023-01-11 06:00:00,1.215051,1.215119,1.214299,1.214366,50
2023-01-11 07:00:00,1.214366,1.215118,1.214133,1.214885,50
2023-01-11 08:00:00,1.214885,1.214917,1.214398,1.214430,50
2023-01-11 09:00:00,1.214430,1.215207,1.214206,1.214983,50
2023-01-11 10:00:00,1.214983,1.215207,1.214570,1.214793,50
2023-01-11 11:00:00,1.214793,1.214844,1.214300,1.214351,50
2023-01-11 12:00:00,1.214351,1.214556,1.214088,1.214294,50
2023-01-11 13:00:00,1.214294,1.214342,1.213389,1.213437,50
2023-01-11 14:00:00,1.213437,1.213597,1.212425,1.212585,50
2023-01-11 15:00:00,1.212585,1.212615,1.212505,1.212536,50
2023-01-11 16:00:00,1.212536,1.212614,1.212251,1.212330,50
2023-01-11 17:00:00,1.212330,1.212452,1.211850,1.211973,50
2023-01-11 18:00:00,1.211973,1.212565,1.211879,1.212472,50
2023-01-11 19:00:00,1.212472,1.213199,1.212267,1.212995,50
2023-01-11 20:00:00,1.212995,1.213769,1.212835,1.213609,50
2023-01-11 21:00:00,1.213609,1.213665,1.213601,1.213657,50
2023-01-11 22:00:00,1.213657,1.214351,1.213519,1.214212,50
2023-01-11 23:00:00,1.214212,1.214235,1.212540,1.212562,50
2023-01-12 00:00:00,1.212562,1.215219,1.212271,1.214928,50
2023-01-12 01:00:00,1.214928,1.215370,1.214569,1.215011,50
2023-01-12 02:00:00,1.215011,1.215912,1.214715,1.215616,50
2023-01-12 03:00:00,1.215616,1.215700,1.214000,1.214084,50
2023-01-12 04:00:00,1.214084,1.214420,1.212516,1.212852,50
2023-01-12 05:00:00,1.212852,1.215561,1.212730,1.215439,50
2023-01-12 06:00:00,1.215439,1.215631,1.213489,1.213681,50
2023-01-12 07:00:00,1.213681,1.213895,1.213620,1.213834,50
2023-01-12 08:00:00,1.213834,1.213861,1.212431,1.212459,50
2023-01-12 09:00:00,1.212459,1.213559,1.212286,1.213386,50
2023-01-12 10:00:00,1.213386,1.214697,1.213379,1.214690,50
2023-01-12 11:00:00,1.214690,1.217186,1.214508,1.217005,50
2023-01-12 12:00:00,1.217005,1.219699,1.216604,1.219298,50
2023-01-12 13:00:00,1.219298,1.219769,1.217017,1.217488,50
2023-01-12 14:00:00,1.217488,1.217688,1.216149,1.216348,50
2023-01-12 15:00:00,1.216348,1.216399,1.215017,1.215068,50
2023-01-12 16:00:00,1.215068,1.215231,1.213951,1.214114,50
2023-01-12 17:00:00,1.214114,1.214567,1.214084,1.214536,50
2023-01-12 18:00:00,1.214536,1.214639,1.214225,1.214328,50
2023-01-12 19:00:00,1.214328,1.214621,1.212490,1.212783,50
2023-01-12 20:00:00,1.212783,1.213074,1.211149,1.211440,50
2023-01-12 21:00:00,1.211440,1.216512,1.211425,1.216497,50
2023-01-12 22:00:00,1.216497,1.216727,1.213468,1.213698,50
2023-01-12 23:00:00,1.213698,1.218374,1.213499,1.218175,50
2023-01-13 00:00:00,1.218175,1.218381,1.217696,1.217901,50
2023-01-13 01:00:00,1.217901,1.217968,1.217706,1.217773,50
2023-01-13 02:00:00,1.217773,1.218192,1.217698,1.218117,50
2023-01-13 03:00:00,1.218117,1.218219,1.217951,1.218053,50
2023-01-13 04:00:00,1.218053,1.218260,1.216858,1.217066,50
2023-01-13 05:00:00,1.217066,1.217356,1.216999,1.217288,50
2023-01-13 06:00:00,1.217288,1.217352,1.216877,1.216940,50
2023-01-13 07:00:00,1.216940,1.217478,1.216847,1.217384,50
2023-01-13 08:00:00,1.217384,1.218173,1.217233,1.218021,50
2023-01-13 09:00:00,1.218021,1.219109,1.217960,1.219047,50
2023-01-13 10:00:00,1.219047,1.219375,1.219009,1.219337,50
2023-01-13 11:00:00,1.219337,1.219498,1.219150,1.219310,50
2023-01-13 12:00:00,1.219310,1.219821,1.219184,1.219695,50
2023-01-13 13:00:00,1.219695,1.220196,1.219567,1.220068,50
2023-01-13 14:00:00,1.220068,1.220071,1.219252,1.219255,50
2023-01-13 15:00:00,1.219255,1.219310,1.219104,1.219159,50
2023-01-13 16:00:00,1.219159,1.219181,1.218788,1.218810,50
2023-01-13 17:00:00,1.218810,1.219419,1.218730,1.219339,50
2023-01-13 18:00:00,1.219339,1.219713,1.219140,1.219514,50
2023-01-13 19:00:00,1.219514,1.220008,1.219297,1.219791,50
2023-01-13 20:00:00,1.219791,1.220501,1.219605,1.220315,50
2023-01-13 21:00:00,1.220315,1.220679,1.220234,1.220598,50
2023-01-13 22:00:00,1.220598,1.220723,1.219868,1.219992,50
2023-01-13 23:00:00,1.219992,1.220189,1.219167,1.219363,50
2023-01-17 00:00:00,1.219363,1.219616,1.217705,1.217958,50
2023-01-17 01:00:00,1.217958,1.218562,1.217581,1.218185,50
2023-01-17 02:00:00,1.218185,1.219255,1.217898,1.218967,50
2023-01-17 03:00:00,1.218967,1.219089,1.218345,1.218467,50
2023-01-17 04:00:00,1.218467,1.220145,1.217937,1.219615,50
2023-01-17 05:00:00,1.219615,1.220335,1.219594,1.220314,50
2023-01-17 06:00:00,1.220314,1.220999,1.220112,1.220797,50
2023-01-17 07:00:00,1.220797,1.221240,1.220603,1.221046,50
2023-01-17 08:00:00,1.221046,1.222633,1.220475,1.222062,50
2023-01-17 09:00:00,1.222062,1.222641,1.221993,1.222572,50
2023-01-17 10:00:00,1.222572,1.223523,1.222230,1.223182,50
2023-01-17 11:00:00,1.223182,1.223739,1.221696,1.222253,50
2023-01-17 12:00:00,1.222253,1.222883,1.221892,1.222522,50
2023-01-17 13:00:00,1.222522,1.224609,1.221974,1.224061,50
2023-01-17 14:00:00,1.224061,1.224793,1.223828,1.224560,50
2023-01-17 15:00:00,1.224560,1.224819,1.223780,1.224039,50
2023-01-17 16:00:00,1.224039,1.224257,1.223640,1.223859,50
2023-01-17 17:00:00,1.223859,1.225275,1.223641,1.225057,50
2023-01-17 18:00:00,1.225057,1.227027,1.224852,1.226821,50
2023-01-17 19:00:00,1.226821,1.226865,1.226472,1.226516,50
2023-01-17 20:00:00,1.226516,1.228017,1.225934,1.227435,50
2023-01-17 21:00:00,1.227435,1.227868,1.226102,1.226536,50
2023-01-17 22:00:00,1.226536,1.227091,1.226135,1.226691,50
2023-01-17 23:00:00,1.226691,1.227005,1.226078,1.226392,50
2023-01-18 00:00:00,1.226392,1.228490,1.226219,1.228317,50
2023-01-18 01:00:00,1.228317,1.229551,1.227600,1.228835,50
2023-01-18 02:00:00,1.228835,1.229511,1.223622,1.224299,50
2023-01-18 03:00:00,1.224299,1.227770,1.223950,1.227421,50
2023-01-18 04:00:00,1.227421,1.234890,1.227233,1.234702,50
2023-01-18 05:00:00,1.234702,1.236134,1.234049,1.235481,50
2023-01-18 06:00:00,1.235481,1.235965,1.233721,1.234204,50
2023-01-18 07:00:00,1.234204,1.234520,1.229605,1.229920,50
2023-01-18 08:00:00,1.229920,1.230732,1.229650,1.230462,50
2023-01-18 09:00:00,1.230462,1.230782,1.228580,1.228900,50
2023-01-18 10:00:00,1.228900,1.230843,1.228472,1.230415,50
2023-01-18 11:00:00,1.230415,1.230572,1.227013,1.227170,50
2023-01-18 12:00:00,1.227170,1.230109,1.227169,1.230108,50
2023-01-18 13:00:00,1.230108,1.234451,1.229699,1.234042,50
2023-01-18 14:00:00,1.234042,1.234229,1.230174,1.230361,50
2023-01-18 15:00:00,1.230361,1.231864,1.230312,1.231815,50
2023-01-18 16:00:00,1.231815,1.235299,1.231568,1.235052,50
2023-01-18 17:00:00,1.235052,1.237531,1.234461,1.236939,50
2023-01-18 18:00:00,1.236939,1.238575,1.236210,1.237846,50
2023-01-18 19:00:00,1.237846,1.237903,1.237820,1.237877,50
2023-01-18 20:00:00,1.237877,1.239189,1.237168,1.238480,50
2023-01-18 21:00:00,1.238480,1.239218,1.238214,1.238952,50
2023-01-18 22:00:00,1.238952,1.239705,1.236705,1.237459,50
2023-01-18 23:00:00,1.237459,1.238238,1.236079,1.236858,50
2023-01-19 00:00:00,1.236858,1.238117,1.236807,1.238066,50
2023-01-19 01:00:00,1.238066,1.238473,1.237860,1.238268,50
2023-01-19 02:00:00,1.238268,1.238702,1.238127,1.238560,50
2023-01-19 03:00:00,1.238560,1.238649,1.238040,1.238129,50
2023-01-19 04:00:00,1.238129,1.238235,1.237423,1.237529,50
2023-01-19 05:00:00,1.237529,1.237685,1.237264,1.237420,50
2023-01-19 06:00:00,1.237420,1.237589,1.236886,1.237055,50
2023-01-19 07:00:00,1.237055,1.237812,1.236882,1.237638,50
2023-01-19 08:00:00,1.237638,1.237863,1.237564,1.237789,50
2023-01-19 09:00:00,1.237789,1.238004,1.237464,1.237680,50
2023-01-19 10:00:00,1.237680,1.237849,1.237160,1.237330,50
2023-01-19 11:00:00,1.237330,1.237390,1.237129,1.237189,50
2023-01-19 12:00:00,1.237189,1.237228,1.236775,1.236814,50
2023-01-19 13:00:00,1.236814,1.236909,1.236160,1.236256,50
2023-01-19 14:00:00,1.236256,1.236540,1.236198,1.236482,50
2023-01-19 15:00:00,1.236482,1.236744,1.236286,1.236548,50
2023-01-19 16:00:00,1.236548,1.236551,1.235609,1.235612,50
2023-01-19 17:00:00,1.235612,1.235794,1.235261,1.235443,50
2023-01-19 18:00:00,1.235443,1.235744,1.235407,1.235707,50
2023-01-19 19:00:00,1.235707,1.235888,1.234670,1.234851,50
2023-01-19 20:00:00,1.234851,1.235238,1.234754,1.235142,50
2023-01-19 21:00:00,1.235142,1.235510,1.235113,1.235481,50
2023-01-19 22:00:00,1.235481,1.235700,1.234855,1.235074,50
2023-01-19 23:00:00,1.235074,1.236646,1.234981,1.236552,50
2023-01-20 00:00:00,1.236552,1.237164,1.236394,1.237006,50
2023-01-20 01:00:00,1.237006,1.237162,1.236606,1.236762,50
2023-01-20 02:00:00,1.236762,1.236979,1.236530,1.236748,50
2023-01-20 03:00:00,1.236748,1.236794,1.236125,1.236171,50
2023-01-20 04:00:00,1.236171,1.236282,1.236100,1.236211,50
2023-01-20 05:00:00,1.236211,1.236319,1.235048,1.235155,50
2023-01-20 06:00:00,1.235155,1.236038,1.235087,1.235970,50
2023-01-20 07:00:00,1.235970,1.236360,1.235905,1.236296,50
2023-01-20 08:00:00,1.236296,1.236340,1.235695,1.235739,50
2023-01-20 09:00:00,1.235739,1.236221,1.235534,1.236016,50
2023-01-20 10:00:00,1.236016,1.236505,1.235800,1.236289,50
2023-01-20 11:00:00,1.236289,1.236484,1.236039,1.236234,50
2023-01-20 12:00:00,1.236234,1.236411,1.236014,1.236191,50
2023-01-20 13:00:00,1.236191,1.236479,1.236101,1.236388,50
2023-01-20 14:00:00,1.236388,1.236668,1.236319,1.236599,50
2023-01-20 15:00:00,1.236599,1.236688,1.236265,1.236355,50
2023-01-20 16:00:00,1.236355,1.236439,1.236351,1.236435,50
2023-01-20 17:00:00,1.236435,1.237045,1.236409,1.237019,50
2023-01-20 18:00:00,1.237019,1.237777,1.236913,1.237671,50
2023-01-20 19:00:00,1.237671,1.237784,1.237579,1.237691,50
2023-01-20 20:00:00,1.237691,1.237837,1.236726,1.236872,50
2023-01-20 21:00:00,1.236872,1.238238,1.236747,1.238113,50
2023-01-20 22:00:00,1.238113,1.238890,1.238091,1.238868,50
2023-01-20 23:00:00,1.238868,1.239057,1.237282,1.237471,50
2023-01-23 00:00:00,1.237471,1.237969,1.237388,1.237887,50
2023-01-23 01:00:00,1.237887,1.237888,1.237271,1.237272,50
2023-01-23 02:00:00,1.237272,1.237488,1.236245,1.236460,50
2023-01-23 03:00:00,1.236460,1.236774,1.236290,1.236604,50
2023-01-23 04:00:00,1.236604,1.236784,1.235631,1.235811,50
2023-01-23 05:00:00,1.235811,1.236242,1.235666,1.236097,50
2023-01-23 06:00:00,1.236097,1.237607,1.235878,1.237387,50
2023-01-23 07:00:00,1.237387,1.238710,1.237301,1.238623,50
2023-01-23 08:00:00,1.238623,1.238633,1.238549,1.238559,50
2023-01-23 09:00:00,1.238559,1.238638,1.238262,1.238341,50
2023-01-23 10:00:00,1.238341,1.238438,1.238150,1.238247,50
2023-01-23 11:00:00,1.238247,1.238427,1.237877,1.238057,50
2023-01-23 12:00:00,1.238057,1.238436,1.238056,1.238435,50
2023-01-23 13:00:00,1.238435,1.238626,1.238093,1.238284,50
2023-01-23 14:00:00,1.238284,1.238362,1.237642,1.237720,50
2023-01-23 15:00:00,1.237720,1.237726,1.237328,1.237334,50
2023-01-23 16:00:00,1.237334,1.238804,1.237199,1.238669,50
2023-01-23 17:00:00,1.238669,1.238863,1.237514,1.237708,50
2023-01-23 18:00:00,1.237708,1.237843,1.236423,1.236558,50
2023-01-23 19:00:00,1.236558,1.236722,1.236303,1.236466,50
2023-01-23 20:00:00,1.236466,1.236564,1.235288,1.235385,50
2023-01-23 21:00:00,1.235385,1.236186,1.235297,1.236097,50
2023-01-23 22:00:00,1.236097,1.236103,1.235848,1.235853,50
2023-01-23 23:00:00,1.235853,1.237206,1.235659,1.237011,50
2023-01-24 00:00:00,1.237011,1.237995,1.236843,1.237826,50
2023-01-24 01:00:00,1.237826,1.238039,1.235130,1.235343,50
2023-01-24 02:00:00,1.235343,1.235551,1.235098,1.235306,50
2023-01-24 03:00:00,1.235306,1.235584,1.232747,1.233025,50
2023-01-24 04:00:00,1.233025,1.234435,1.232668,1.234078,50
2023-01-24 05:00:00,1.234078,1.235346,1.233693,1.234961,50
2023-01-24 06:00:00,1.234961,1.235195,1.233981,1.234215,50
2023-01-24 07:00:00,1.234215,1.234804,1.233966,1.234555,50
2023-01-24 08:00:00,1.234555,1.235387,1.234320,1.235152,50
2023-01-24 09:00:00,1.235152,1.235290,1.234297,1.234434,50
2023-01-24 10:00:00,1.234434,1.235721,1.234124,1.235410,50
2023-01-24 11:00:00,1.235410,1.235459,1.235198,1.235247,50
2023-01-24 12:00:00,1.235247,1.235620,1.233174,1.233547,50
2023-01-24 13:00:00,1.233547,1.233736,1.232763,1.232952,50
2023-01-24 14:00:00,1.232952,1.233311,1.232654,1.233012,50
2023-01-24 15:00:00,1.233012,1.233288,1.232439,1.232714,50
2023-01-24 16:00:00,1.232714,1.232746,1.232631,1.232663,50
2023-01-24 17:00:00,1.232663,1.232831,1.232004,1.232172,50
2023-01-24 18:00:00,1.232172,1.232324,1.231766,1.231919,50
2023-01-24 19:00:00,1.231919,1.232353,1.231870,1.232304,50
2023-01-24 20:00:00,1.232304,1.232598,1.231469,1.231763,50
2023-01-24 21:00:00,1.231763,1.231928,1.231175,1.231341,50
2023-01-24 22:00:00,1.231341,1.232059,1.231079,1.231796,50
2023-01-24 23:00:00,1.231796,1.232302,1.231780,1.232286,50
2023-01-25 00:00:00,1.232286,1.235044,1.231970,1.234728,50
2023-01-25 01:00:00,1.234728,1.235589,1.234372,1.235233,50
2023-01-25 02:00:00,1.235233,1.235278,1.234353,1.234398,50
2023-01-25 03:00:00,1.234398,1.234566,1.232779,1.232947,50
2023-01-25 04:00:00,1.232947,1.234500,1.232677,1.234229,50
2023-01-25 05:00:00,1.234229,1.234258,1.231801,1.231829,50
2023-01-25 06:00:00,1.231829,1.232209,1.230869,1.231249,50
2023-01-25 07:00:00,1.231249,1.233946,1.230934,1.233631,50
2023-01-25 08:00:00,1.233631,1.235777,1.233469,1.235614,50
2023-01-25 09:00:00,1.235614,1.235632,1.234415,1.234433,50
2023-01-25 10:00:00,1.234433,1.236589,1.234392,1.236548,50
2023-01-25 11:00:00,1.236548,1.237510,1.236535,1.237497,50
2023-01-25 12:00:00,1.237497,1.238278,1.237388,1.238169,50
2023-01-25 13:00:00,1.238169,1.238276,1.236662,1.236769,50
2023-01-25 14:00:00,1.236769,1.238016,1.236703,1.237950,50
2023-01-25 15:00:00,1.237950,1.238159,1.237276,1.237485,50
2023-01-25 16:00:00,1.237485,1.238828,1.237135,1.238478,50
2023-01-25 17:00:00,1.238478,1.238784,1.237372,1.237678,50
2023-01-25 18:00:00,1.237678,1.237954,1.236991,1.237267,50
2023-01-25 19:00:00,1.237267,1.237673,1.236316,1.236722,50
2023-01-25 20:00:00,1.236722,1.237646,1.236496,1.237420,50
2023-01-25 21:00:00,1.237420,1.237435,1.235645,1.235660,50
2023-01-25 22:00:00,1.235660,1.236793,1.235622,1.236756,50
2023-01-25 23:00:00,1.236756,1.237524,1.236702,1.237471,50
2023-01-26 00:00:00,1.237471,1.238882,1.237444,1.238855,50
2023-01-26 01:00:00,1.238855,1.239034,1.238292,1.238471,50
2023-01-26 02:00:00,1.238471,1.238667,1.237824,1.238021,50
2023-01-26 03:00:00,1.238021,1.238322,1.237837,1.238138,50
2023-01-26 04:00:00,1.238138,1.238665,1.238108,1.238635,50
2023-01-26 05:00:00,1.238635,1.238842,1.238412,1.238620,50
2023-01-26 06:00:00,1.238620,1.238671,1.238036,1.238087,50
2023-01-26 07:00:00,1.238087,1.238265,1.236883,1.237061,50
2023-01-26 08:00:00,1.237061,1.237239,1.236690,1.236868,50
2023-01-26 09:00:00,1.236868,1.236984,1.235896,1.236013,50
2023-01-26 10:00:00,1.236013,1.236180,1.235218,1.235385,50
2023-01-26 11:00:00,1.235385,1.236146,1.235213,1.235974,50
2023-01-26 12:00:00,1.235974,1.236824,1.235795,1.236646,50
2023-01-26 13:00:00,1.236646,1.237045,1.236577,1.236976,50
2023-01-26 14:00:00,1.236976,1.237190,1.236521,1.236735,50
2023-01-26 15:00:00,1.236735,1.238344,1.236597,1.238206,50
2023-01-26 16:00:00,1.238206,1.238285,1.237763,1.237842,50
2023-01-26 17:00:00,1.237842,1.237998,1.237815,1.237971,50
2023-01-26 18:00:00,1.237971,1.238933,1.237784,1.238746,50
2023-01-26 19:00:00,1.238746,1.239122,1.238526,1.238902,50
2023-01-26 20:00:00,1.238902,1.239291,1.238708,1.239097,50
2023-01-26 21:00:00,1.239097,1.239243,1.238931,1.239078,50
2023-01-26 22:00:00,1.239078,1.239240,1.237517,1.237679,50
2023-01-26 23:00:00,1.237679,1.237767,1.236924,1.237011,50
2023-01-27 00:00:00,1.237011,1.237222,1.235403,1.235614,50
2023-01-27 01:00:00,1.235614,1.236317,1.235395,1.236099,50
2023-01-27 02:00:00,1.236099,1.237357,1.235951,1.237209,50
2023-01-27 03:00:00,1.237209,1.237324,1.237153,1.237268,50
2023-01-27 04:00:00,1.237268,1.237937,1.237235,1.237904,50
2023-01-27 05:00:00,1.237904,1.237959,1.236544,1.236599,50
2023-01-27 06:00:00,1.236599,1.236763,1.236413,1.236577,50
2023-01-27 07:00:00,1.236577,1.236951,1.236463,1.236837,50
2023-01-27 08:00:00,1.236837,1.237144,1.236770,1.237077,50
2023-01-27 09:00:00,1.237077,1.237168,1.237074,1.237164,50
2023-01-27 10:00:00,1.237164,1.237833,1.237085,1.237755,50
2023-01-27 11:00:00,1.237755,1.237933,1.237667,1.237845,50
2023-01-27 12:00:00,1.237845,1.237861,1.237354,1.237369,50
2023-01-27 13:00:00,1.237369,1.237960,1.237314,1.237905,50
2023-01-27 14:00:00,1.237905,1.237995,1.237839,1.237929,50
2023-01-27 15:00:00,1.237929,1.238022,1.237476,1.237568,50
2023-01-27 16:00:00,1.237568,1.237858,1.237458,1.237748,50
2023-01-27 17:00:00,1.237748,1.238187,1.237622,1.238061,50
2023-01-27 18:00:00,1.238061,1.238803,1.237871,1.238614,50
2023-01-27 19:00:00,1.238614,1.238787,1.238548,1.238721,50
2023-01-27 20:00:00,1.238721,1.238824,1.238700,1.238803,50
2023-01-27 21:00:00,1.238803,1.239076,1.238735,1.239008,50
2023-01-27 22:00:00,1.239008,1.239376,1.238960,1.239328,50
2023-01-27 23:00:00,1.239328,1.239456,1.237802,1.237930,50
2023-01-30 00:00:00,1.237930,1.239015,1.237853,1.238937,50
2023-01-30 01:00:00,1.238937,1.239201,1.238888,1.239152,50
2023-01-30 02:00:00,1.239152,1.239669,1.238962,1.239480,50
2023-01-30 03:00:00,1.239480,1.239621,1.239317,1.239458,50
2023-01-30 04:00:00,1.239458,1.239536,1.239046,1.239124,50
2023-01-30 05:00:00,1.239124,1.239235,1.238919,1.239030,50
2023-01-30 06:00:00,1.239030,1.239071,1.238953,1.238994,50
2023-01-30 07:00:00,1.238994,1.239204,1.238241,1.238451,50
2023-01-30 08:00:00,1.238451,1.238652,1.237453,1.237654,50
2023-01-30 09:00:00,1.237654,1.237782,1.236958,1.237086,50
2023-01-30 10:00:00,1.237086,1.237120,1.236956,1.236990,50
2023-01-30 11:00:00,1.236990,1.237202,1.236464,1.236676,50
2023-01-30 12:00:00,1.236676,1.236724,1.236258,1.236306,50
2023-01-30 13:00:00,1.236306,1.236666,1.236294,1.236654,50
2023-01-30 14:00:00,1.236654,1.236747,1.236470,1.236563,50
2023-01-30 15:00:00,1.236563,1.236648,1.236242,1.236326,50
2023-01-30 16:00:00,1.236326,1.236657,1.236137,1.236468,50
2023-01-30 17:00:00,1.236468,1.236500,1.236072,1.236105,50
2023-01-30 18:00:00,1.236105,1.236140,1.236091,1.236126,50
2023-01-30 19:00:00,1.236126,1.236225,1.235873,1.235972,50
2023-01-30 20:00:00,1.235972,1.235981,1.235934,1.235944,50
2023-01-30 21:00:00,1.235944,1.236153,1.235796,1.236005,50
2023-01-30 22:00:00,1.236005,1.236114,1.235659,1.235768,50
2023-01-30 23:00:00,1.235768,1.237512,1.235573,1.237317,50
2023-01-31 00:00:00,1.237317,1.237680,1.236809,1.237171,50
2023-01-31 01:00:00,1.237171,1.238683,1.236781,1.238293,50
2023-01-31 02:00:00,1.238293,1.238387,1.237210,1.237304,50
2023-01-31 03:00:00,1.237304,1.237393,1.236794,1.236883,50
2023-01-31 04:00:00,1.236883,1.237212,1.235599,1.235928,50
2023-01-31 05:00:00,1.235928,1.236039,1.235238,1.235349,50
2023-01-31 06:00:00,1.235349,1.235462,1.234592,1.234704,50
2023-01-31 07:00:00,1.234704,1.234724,1.234611,1.234632,50
2023-01-31 08:00:00,1.234632,1.235514,1.234319,1.235201,50
2023-01-31 09:00:00,1.235201,1.235772,1.235104,1.235675,50
2023-01-31 10:00:00,1.235675,1.235785,1.235605,1.235716,50
2023-01-31 11:00:00,1.235716,1.235967,1.235249,1.235500,50
2023-01-31 12:00:00,1.235500,1.235535,1.234860,1.234895,50
2023-01-31 13:00:00,1.234895,1.236026,1.234573,1.235705,50
2023-01-31 14:00:00,1.235705,1.235738,1.234699,1.234732,50
2023-01-31 15:00:00,1.234732,1.235131,1.233997,1.234396,50
2023-01-31 16:00:00,1.234396,1.235847,1.234341,1.235793,50
2023-01-31 17:00:00,1.235793,1.235851,1.233943,1.234001,50
2023-01-31 18:00:00,1.234001,1.234191,1.233223,1.233412,50
2023-01-31 19:00:00,1.233412,1.233726,1.232827,1.233141,50
2023-01-31 20:00:00,1.233141,1.234683,1.232941,1.234483,50
2023-01-31 21:00:00,1.234483,1.234773,1.232851,1.233142,50
2023-01-31 22:00:00,1.233142,1.233241,1.231363,1.231462,50
2023-01-31 23:00:00,1.231462,1.232789,1.231110,1.232438,50
2023-02-01 00:00:00,1.232438,1.232950,1.232438,1.232950,50
2023-02-01 01:00:00,1.232950,1.233654,1.232732,1.233436,50
2023-02-01 02:00:00,1.233436,1.233627,1.233045,1.233235,50
2023-02-01 03:00:00,1.233235,1.233441,1.232856,1.233062,50
2023-02-01 04:00:00,1.233062,1.233575,1.232936,1.233450,50
2023-02-01 05:00:00,1.233450,1.233613,1.232290,1.232453,50
2023-02-01 06:00:00,1.232453,1.232612,1.231849,1.232008,50
2023-02-01 07:00:00,1.232008,1.232279,1.231934,1.232205,50
2023-02-01 08:00:00,1.232205,1.232750,1.232201,1.232745,50
2023-02-01 09:00:00,1.232745,1.232898,1.232385,1.232538,50
2023-02-01 10:00:00,1.232538,1.232749,1.231821,1.232032,50
2023-02-01 11:00:00,1.232032,1.232317,1.232009,1.232293,50
2023-02-01 12:00:00,1.232293,1.232687,1.232140,1.232533,50
2023-02-01 13:00:00,1.232533,1.232643,1.231853,1.231963,50
2023-02-01 14:00:00,1.231963,1.232050,1.231246,1.231334,50
2023-02-01 15:00:00,1.231334,1.231488,1.231167,1.231322,50
2023-02-01 16:00:00,1.231322,1.231454,1.230510,1.230643,50
2023-02-01 17:00:00,1.230643,1.230816,1.229773,1.229946,50
2023-02-01 18:00:00,1.229946,1.231240,1.229850,1.231145,50
2023-02-01 19:00:00,1.231145,1.231248,1.230554,1.230656,50
2023-02-01 20:00:00,1.230656,1.231158,1.230518,1.231020,50
2023-02-01 21:00:00,1.231020,1.231070,1.230769,1.230820,50
2023-02-01 22:00:00,1.230820,1.231023,1.229554,1.229757,50
2023-02-01 23:00:00,1.229757,1.230781,1.229745,1.230769,50
2023-02-02 00:00:00,1.230769,1.231043,1.228893,1.229168,50
2023-02-02 01:00:00,1.229168,1.229221,1.228681,1.228734,50
2023-02-02 02:00:00,1.228734,1.229090,1.226193,1.226549,50
2023-02-02 03:00:00,1.226549,1.226672,1.225845,1.225968,50
2023-02-02 04:00:00,1.225968,1.227265,1.225579,1.226876,50
2023-02-02 05:00:00,1.226876,1.228695,1.226808,1.228626,50
2023-02-02 06:00:00,1.228626,1.230781,1.228439,1.230593,50
2023-02-02 07:00:00,1.230593,1.230718,1.230126,1.230251,50
2023-02-02 08:00:00,1.230251,1.230501,1.228486,1.228736,50
2023-02-02 09:00:00,1.228736,1.230139,1.228711,1.230114,50
2023-02-02 10:00:00,1.230114,1.231757,1.230092,1.231735,50
2023-02-02 11:00:00,1.231735,1.231866,1.229243,1.229375,50
2023-02-02 12:00:00,1.229375,1.229626,1.229351,1.229603,50
2023-02-02 13:00:00,1.229603,1.229933,1.228764,1.229094,50
2023-02-02 14:00:00,1.229094,1.229154,1.229045,1.229105,50
2023-02-02 15:00:00,1.229105,1.229230,1.227425,1.227550,50
2023-02-02 16:00:00,1.227550,1.227761,1.226552,1.226764,50
2023-02-02 17:00:00,1.226764,1.227745,1.226717,1.227698,50
2023-02-02 18:00:00,1.227698,1.228637,1.227312,1.228251,50
2023-02-02 19:00:00,1.228251,1.229262,1.228133,1.229144,50
2023-02-02 20:00:00,1.229144,1.229373,1.225360,1.225590,50
2023-02-02 21:00:00,1.225590,1.225675,1.224890,1.224975,50
2023-02-02 22:00:00,1.224975,1.226388,1.224876,1.226289,50
2023-02-02 23:00:00,1.226289,1.226544,1.225686,1.225941,50
2023-02-03 00:00:00,1.225941,1.226097,1.218781,1.218937,50
2023-02-03 01:00:00,1.218937,1.224959,1.217943,1.223965,50
2023-02-03 02:00:00,1.223965,1.225896,1.222767,1.224698,50
2023-02-03 03:00:00,1.224698,1.227099,1.224561,1.226962,50
2023-02-03 04:00:00,1.226962,1.228077,1.224030,1.225145,50
2023-02-03 05:00:00,1.225145,1.227237,1.224080,1.226171,50
2023-02-03 06:00:00,1.226171,1.226336,1.224283,1.224448,50
2023-02-03 07:00:00,1.224448,1.230750,1.223304,1.229606,50
2023-02-03 08:00:00,1.229606,1.229769,1.228260,1.228424,50
2023-02-03 09:00:00,1.228424,1.228531,1.228393,1.228500,50
2023-02-03 10:00:00,1.228500,1.230928,1.227243,1.229671,50
2023-02-03 11:00:00,1.229671,1.231082,1.226587,1.227999,50
2023-02-03 12:00:00,1.227999,1.229025,1.227216,1.228243,50
2023-02-03 13:00:00,1.228243,1.229759,1.225755,1.227271,50
2023-02-03 14:00:00,1.227271,1.228210,1.224285,1.225224,50
2023-02-03 15:00:00,1.225224,1.226605,1.220663,1.222044,50
2023-02-03 16:00:00,1.222044,1.222742,1.215125,1.215822,50
2023-02-03 17:00:00,1.215822,1.216507,1.210214,1.210898,50
2023-02-03 18:00:00,1.210898,1.212351,1.209332,1.210785,50
2023-02-03 19:00:00,1.210785,1.211676,1.207381,1.208273,50
2023-02-03 20:00:00,1.208273,1.209017,1.206550,1.207295,50
2023-02-03 21:00:00,1.207295,1.208952,1.205911,1.207567,50
2023-02-03 22:00:00,1.207567,1.208743,1.204438,1.205614,50
2023-02-03 23:00:00,1.205614,1.208510,1.204396,1.207292,50
2023-02-06 00:00:00,1.207292,1.207807,1.207189,1.207704,50
2023-02-06 01:00:00,1.207704,1.208611,1.207661,1.208568,50
2023-02-06 02:00:00,1.208568,1.208675,1.208347,1.208455,50
2023-02-06 03:00:00,1.208455,1.208755,1.206261,1.206561,50
2023-02-06 04:00:00,1.206561,1.206795,1.205457,1.205692,50
2023-02-06 05:00:00,1.205692,1.206069,1.204548,1.204925,50
2023-02-06 06:00:00,1.204925,1.206275,1.204884,1.206234,50
2023-02-06 07:00:00,1.206234,1.207183,1.205784,1.206733,50
2023-02-06 08:00:00,1.206733,1.207259,1.205328,1.205854,50
2023-02-06 09:00:00,1.205854,1.206251,1.204320,1.204716,50
2023-02-06 10:00:00,1.204716,1.207103,1.204318,1.206704,50
2023-02-06 11:00:00,1.206704,1.207168,1.206249,1.206712,50
2023-02-06 12:00:00,1.206712,1.206763,1.204145,1.204195,50
2023-02-06 13:00:00,1.204195,1.204443,1.203496,1.203743,50
2023-02-06 14:00:00,1.203743,1.203785,1.202830,1.202873,50
2023-02-06 15:00:00,1.202873,1.203291,1.200807,1.201226,50
2023-02-06 16:00:00,1.201226,1.203444,1.200938,1.203156,50
2023-02-06 17:00:00,1.203156,1.203301,1.203099,1.203244,50
2023-02-06 18:00:00,1.203244,1.203483,1.202639,1.202878,50
2023-02-06 19:00:00,1.202878,1.203294,1.201645,1.202061,50
2023-02-06 20:00:00,1.202061,1.202357,1.200259,1.200555,50
2023-02-06 21:00:00,1.200555,1.200620,1.199572,1.199637,50
2023-02-06 22:00:00,1.199637,1.200811,1.199135,1.200309,50
2023-02-06 23:00:00,1.200309,1.200943,1.200278,1.200913,50
2023-02-07 00:00:00,1.200913,1.200992,1.199610,1.199689,50
2023-02-07 01:00:00,1.199689,1.199734,1.199301,1.199345,50
2023-02-07 02:00:00,1.199345,1.200566,1.199323,1.200545,50
2023-02-07 03:00:00,1.200545,1.200576,1.199896,1.199928,50
2023-02-07 04:00:00,1.199928,1.199991,1.199824,1.199887,50
2023-02-07 05:00:00,1.199887,1.200895,1.199758,1.200766,50
2023-02-07 06:00:00,1.200766,1.201415,1.200577,1.201226,50
2023-02-07 07:00:00,1.201226,1.201381,1.201170,1.201326,50
2023-02-07 08:00:00,1.201326,1.201527,1.200293,1.200494,50
2023-02-07 09:00:00,1.200494,1.200530,1.199291,1.199327,50
2023-02-07 10:00:00,1.199327,1.199919,1.199219,1.199810,50
2023-02-07 11:00:00,1.199810,1.201164,1.199649,1.201003,50
2023-02-07 12:00:00,1.201003,1.201198,1.200050,1.200245,50
2023-02-07 13:00:00,1.200245,1.201165,1.200048,1.200967,50
2023-02-07 14:00:00,1.200967,1.201481,1.200761,1.201275,50
2023-02-07 15:00:00,1.201275,1.201293,1.200729,1.200747,50
2023-02-07 16:00:00,1.200747,1.201334,1.200560,1.201147,50
2023-02-07 17:00:00,1.201147,1.201927,1.201146,1.201926,50
2023-02-07 18:00:00,1.201926,1.202869,1.201827,1.202770,50
2023-02-07 19:00:00,1.202770,1.202848,1.202572,1.202651,50
2023-02-07 20:00:00,1.202651,1.203025,1.202557,1.202931,50
2023-02-07 21:00:00,1.202931,1.202950,1.202479,1.202497,50
2023-02-07 22:00:00,1.202497,1.202627,1.202409,1.202539,50
2023-02-07 23:00:00,1.202539,1.202686,1.201199,1.201346,50
2023-02-08 00:00:00,1.201346,1.201387,1.200524,1.200565,50
2023-02-08 01:00:00,1.200565,1.201689,1.200499,1.201624,50
2023-02-08 02:00:00,1.201624,1.202265,1.201547,1.202188,50
2023-02-08 03:00:00,1.202188,1.203239,1.202063,1.203115,50
2023-02-08 04:00:00,1.203115,1.203297,1.202636,1.202818,50
2023-02-08 05:00:00,1.202818,1.202965,1.201887,1.202034,50
2023-02-08 06:00:00,1.202034,1.202503,1.200993,1.201462,50
2023-02-08 07:00:00,1.201462,1.202553,1.201149,1.202240,50
2023-02-08 08:00:00,1.202240,1.204015,1.202122,1.203897,50
2023-02-08 09:00:00,1.203897,1.203919,1.203606,1.203628,50
2023-02-08 10:00:00,1.203628,1.204072,1.202646,1.203090,50
2023-02-08 11:00:00,1.203090,1.204844,1.202720,1.204474,50
2023-02-08 12:00:00,1.204474,1.205748,1.203852,1.205126,50
2023-02-08 13:00:00,1.205126,1.205225,1.203805,1.203904,50
2023-02-08 14:00:00,1.203904,1.204629,1.203765,1.204490,50
2023-02-08 15:00:00,1.204490,1.205118,1.202569,1.203198,50
2023-02-08 16:00:00,1.203198,1.203381,1.202824,1.203007,50
2023-02-08 17:00:00,1.203007,1.206747,1.202386,1.206125,50
2023-02-08 18:00:00,1.206125,1.209886,1.205455,1.209216,50
2023-02-08 19:00:00,1.209216,1.210388,1.208860,1.210032,50
2023-02-08 20:00:00,1.210032,1.210515,1.208378,1.208861,50
2023-02-08 21:00:00,1.208861,1.211040,1.208755,1.210934,50
2023-02-08 22:00:00,1.210934,1.211496,1.209807,1.210369,50
2023-02-08 23:00:00,1.210369,1.210784,1.208921,1.209336,50
2023-02-09 00:00:00,1.209336,1.212230,1.209199,1.212093,50
2023-02-09 01:00:00,1.212093,1.213975,1.212051,1.213933,50
2023-02-09 02:00:00,1.213933,1.213987,1.212903,1.212957,50
2023-02-09 03:00:00,1.212957,1.212965,1.209335,1.209343,50
2023-02-09 04:00:00,1.209343,1.209345,1.208100,1.208102,50
2023-02-09 05:00:00,1.208102,1.209719,1.207822,1.209439,50
2023-02-09 06:00:00,1.209439,1.209597,1.207962,1.208120,50
2023-02-09 07:00:00,1.208120,1.209639,1.207925,1.209444,50
2023-02-09 08:00:00,1.209444,1.212284,1.209136,1.211976,50
2023-02-09 09:00:00,1.211976,1.212143,1.207905,1.208072,50
2023-02-09 10:00:00,1.208072,1.211613,1.207678,1.211219,50
2023-02-09 11:00:00,1.211219,1.211349,1.209572,1.209701,50
2023-02-09 12:00:00,1.209701,1.211003,1.209437,1.210739,50
2023-02-09 13:00:00,1.210739,1.211304,1.210542,1.211108,50
2023-02-09 14:00:00,1.211108,1.213302,1.210715,1.212909,50
2023-02-09 15:00:00,1.212909,1.213148,1.212033,1.212273,50
2023-02-09 16:00:00,1.212273,1.213692,1.212125,1.213545,50
2023-02-09 17:00:00,1.213545,1.215676,1.213051,1.215182,50
2023-02-09 18:00:00,1.215182,1.216590,1.214767,1.216175,50
2023-02-09 19:00:00,1.216175,1.216359,1.215564,1.215748,50
2023-02-09 20:00:00,1.215748,1.216107,1.214835,1.215193,50
2023-02-09 21:00:00,1.215193,1.216192,1.214925,1.215925,50
2023-02-09 22:00:00,1.215925,1.216944,1.215903,1.216922,50
2023-02-09 23:00:00,1.216922,1.217034,1.215545,1.215658,50
2023-02-10 00:00:00,1.215658,1.215845,1.215254,1.215441,50
2023-02-10 01:00:00,1.215441,1.216101,1.214703,1.215362,50
2023-02-10 02:00:00,1.215362,1.215559,1.213396,1.213592,50
2023-02-10 03:00:00,1.213592,1.213951,1.212561,1.212919,50
2023-02-10 04:00:00,1.212919,1.213938,1.212473,1.213492,50
2023-02-10 05:00:00,1.213492,1.214260,1.211749,1.212517,50
2023-02-10 06:00:00,1.212517,1.213103,1.208850,1.209436,50
2023-02-10 07:00:00,1.209436,1.211099,1.208764,1.210427,50
2023-02-10 08:00:00,1.210427,1.210707,1.206903,1.207183,50
2023-02-10 09:00:00,1.207183,1.207462,1.204367,1.204647,50
2023-02-10 10:00:00,1.204647,1.205343,1.203525,1.204221,50
2023-02-10 11:00:00,1.204221,1.206410,1.203753,1.205941,50
2023-02-10 12:00:00,1.205941,1.206517,1.205026,1.205603,50
2023-02-10 13:00:00,1.205603,1.206627,1.205524,1.206549,50
2023-02-10 14:00:00,1.206549,1.208623,1.206499,1.208573,50
2023-02-10 15:00:00,1.208573,1.209956,1.208231,1.209614,50
2023-02-10 16:00:00,1.209614,1.209860,1.208626,1.208872,50
2023-02-10 17:00:00,1.208872,1.211480,1.208659,1.211267,50
2023-02-10 18:00:00,1.211267,1.217960,1.210614,1.217307,50
2023-02-10 19:00:00,1.217307,1.218044,1.215055,1.215791,50
2023-02-10 20:00:00,1.215791,1.216280,1.215611,1.216101,50
2023-02-10 21:00:00,1.216101,1.216181,1.214320,1.214400,50
2023-02-10 22:00:00,1.214400,1.214552,1.211192,1.211343,50
2023-02-10 23:00:00,1.211343,1.211490,1.205980,1.206127,50
2023-02-13 00:00:00,1.206127,1.206731,1.205789,1.206393,50
2023-02-13 01:00:00,1.206393,1.206744,1.204283,1.204634,50
2023-02-13 02:00:00,1.204634,1.210155,1.204185,1.209706,50
2023-02-13 03:00:00,1.209706,1.210146,1.209430,1.209870,50
2023-02-13 04:00:00,1.209870,1.210111,1.208331,1.208572,50
2023-02-13 05:00:00,1.208572,1.212144,1.208167,1.211738,50
2023-02-13 06:00:00,1.211738,1.212789,1.211170,1.212221,50
2023-02-13 07:00:00,1.212221,1.213663,1.211806,1.213248,50
2023-02-13 08:00:00,1.213248,1.213265,1.211460,1.211477,50
2023-02-13 09:00:00,1.211477,1.212740,1.211289,1.212552,50
2023-02-13 10:00:00,1.212552,1.213929,1.211948,1.213325,50
2023-02-13 11:00:00,1.213325,1.214372,1.212721,1.213768,50
2023-02-13 12:00:00,1.213768,1.215272,1.213581,1.215085,50
2023-02-13 13:00:00,1.215085,1.215219,1.211451,1.211585,50
2023-02-13 14:00:00,1.211585,1.211588,1.210999,1.211003,50
2023-02-13 15:00:00,1.211003,1.211080,1.210349,1.210426,50
2023-02-13 16:00:00,1.210426,1.211294,1.210381,1.211249,50
2023-02-13 17:00:00,1.211249,1.211865,1.209036,1.209652,50
2023-02-13 18:00:00,1.209652,1.212474,1.209058,1.211880,50
2023-02-13 19:00:00,1.211880,1.212092,1.211546,1.211757,50
2023-02-13 20:00:00,1.211757,1.211774,1.211693,1.211710,50
2023-02-13 21:00:00,1.211710,1.212284,1.211031,1.211606,50
2023-02-13 22:00:00,1.211606,1.213026,1.211216,1.212636,50
2023-02-13 23:00:00,1.212636,1.214159,1.212070,1.213592,50
2023-02-14 00:00:00,1.213592,1.213633,1.212761,1.212801,50
2023-02-14 01:00:00,1.212801,1.213029,1.212598,1.212825,50
2023-02-14 02:00:00,1.212825,1.213299,1.212755,1.213229,50
2023-02-14 03:00:00,1.213229,1.213581,1.213130,1.213481,50
2023-02-14 04:00:00,1.213481,1.214362,1.213276,1.214156,50
2023-02-14 05:00:00,1.214156,1.214502,1.214026,1.214372,50
2023-02-14 06:00:00,1.214372,1.214599,1.214301,1.214529,50
2023-02-14 07:00:00,1.214529,1.214969,1.214478,1.214919,50
2023-02-14 08:00:00,1.214919,1.215187,1.214720,1.214987,50
2023-02-14 09:00:00,1.214987,1.215144,1.214681,1.214838,50
2023-02-14 10:00:00,1.214838,1.215212,1.214701,1.215075,50
2023-02-14 11:00:00,1.215075,1.215537,1.214953,1.215415,50
2023-02-14 12:00:00,1.215415,1.215827,1.215214,1.215625,50
2023-02-14 13:00:00,1.215625,1.215653,1.215082,1.215110,50
2023-02-14 14:00:00,1.215110,1.215191,1.214291,1.214372,50
2023-02-14 15:00:00,1.214372,1.214549,1.213445,1.213623,50
2023-02-14 16:00:00,1.213623,1.213833,1.213479,1.213690,50
2023-02-14 17:00:00,1.213690,1.214353,1.213554,1.214217,50
2023-02-14 18:00:00,1.214217,1.214787,1.214073,1.214643,50
2023-02-14 19:00:00,1.214643,1.215486,1.214540,1.215383,50
2023-02-14 20:00:00,1.215383,1.216322,1.215260,1.216200,50
2023-02-14 21:00:00,1.216200,1.216396,1.216106,1.216302,50
2023-02-14 22:00:00,1.216302,1.216510,1.215721,1.215929,50
2023-02-14 23:00:00,1.215929,1.215988,1.215598,1.215658,50
2023-02-15 00:00:00,1.215658,1.218276,1.214932,1.217550,50
2023-02-15 01:00:00,1.217550,1.218116,1.211761,1.212327,50
2023-02-15 02:00:00,1.212327,1.212551,1.212314,1.212539,50
2023-02-15 03:00:00,1.212539,1.212804,1.212325,1.212590,50
2023-02-15 04:00:00,1.212590,1.215091,1.212143,1.214645,50
2023-02-15 05:00:00,1.214645,1.214954,1.214250,1.214559,50
2023-02-15 06:00:00,1.214559,1.215597,1.214441,1.215478,50
2023-02-15 07:00:00,1.215478,1.218280,1.215350,1.218153,50
2023-02-15 08:00:00,1.218153,1.218925,1.213649,1.214422,50
2023-02-15 09:00:00,1.214422,1.214997,1.212622,1.213197,50
2023-02-15 10:00:00,1.213197,1.213688,1.210447,1.210938,50
2023-02-15 11:00:00,1.210938,1.210969,1.209103,1.209134,50
2023-02-15 12:00:00,1.209134,1.210007,1.208329,1.209202,50
2023-02-15 13:00:00,1.209202,1.210248,1.206408,1.207454,50
2023-02-15 14:00:00,1.207454,1.208223,1.202176,1.202945,50
2023-02-15 15:00:00,1.202945,1.204376,1.202437,1.203868,50
2023-02-15 16:00:00,1.203868,1.204620,1.202669,1.203420,50
2023-02-15 17:00:00,1.203420,1.204085,1.199900,1.200564,50
2023-02-15 18:00:00,1.200564,1.204253,1.200421,1.204109,50
2023-02-15 19:00:00,1.204109,1.208384,1.203530,1.207805,50
2023-02-15 20:00:00,1.207805,1.212451,1.207154,1.211801,50
2023-02-15 21:00:00,1.211801,1.213154,1.211600,1.212954,50
2023-02-15 22:00:00,1.212954,1.214868,1.212675,1.214589,50
2023-02-15 23:00:00,1.214589,1.214926,1.202743,1.203080,50
2023-02-16 00:00:00,1.203080,1.203220,1.201746,1.201886,50
2023-02-16 01:00:00,1.201886,1.202439,1.201838,1.202391,50
2023-02-16 02:00:00,1.202391,1.203135,1.202301,1.203045,50
2023-02-16 03:00:00,1.203045,1.203771,1.202840,1.203566,50
2023-02-16 04:00:00,1.203566,1.203795,1.203491,1.203719,50
2023-02-16 05:00:00,1.203719,1.204155,1.203684,1.204120,50
2023-02-16 06:00:00,1.204120,1.204315,1.204037,1.204232,50
2023-02-16 07:00:00,1.204232,1.204263,1.203366,1.203397,50
2023-02-16 08:00:00,1.203397,1.203576,1.202711,1.202890,50
2023-02-16 09:00:00,1.202890,1.203036,1.202457,1.202603,50
2023-02-16 10:00:00,1.202603,1.202652,1.201828,1.201877,50
2023-02-16 11:00:00,1.201877,1.202081,1.201504,1.201709,50
2023-02-16 12:00:00,1.201709,1.201900,1.201610,1.201801,50
2023-02-16 13:00:00,1.201801,1.202450,1.201729,1.202378,50
2023-02-16 14:00:00,1.202378,1.202570,1.201840,1.202031,50
2023-02-16 15:00:00,1.202031,1.202066,1.201741,1.201775,50
2023-02-16 16:00:00,1.201775,1.201832,1.201682,1.201739,50
2023-02-16 17:00:00,1.201739,1.201846,1.201649,1.201756,50
2023-02-16 18:00:00,1.201756,1.201943,1.201192,1.201379,50
2023-02-16 19:00:00,1.201379,1.201457,1.201144,1.201223,50
2023-02-16 20:00:00,1.201223,1.201343,1.200794,1.200914,50
2023-02-16 21:00:00,1.200914,1.200950,1.200590,1.200627,50
2023-02-16 22:00:00,1.200627,1.201197,1.200573,1.201143,50
2023-02-16 23:00:00,1.201143,1.201857,1.201065,1.201779,50
2023-02-17 00:00:00,1.201779,1.202384,1.201715,1.202321,50
2023-02-17 01:00:00,1.202321,1.202522,1.202217,1.202418,50
2023-02-17 02:00:00,1.202418,1.202622,1.202030,1.202234,50
2023-02-17 03:00:00,1.202234,1.202640,1.202127,1.202533,50
2023-02-17 04:00:00,1.202533,1.202626,1.202288,1.202381,50
2023-02-17 05:00:00,1.202381,1.202546,1.202205,1.202369,50
2023-02-17 06:00:00,1.202369,1.203086,1.202221,1.202937,50
2023-02-17 07:00:00,1.202937,1.202989,1.202893,1.202945,50
2023-02-17 08:00:00,1.202945,1.203128,1.202442,1.202624,50
2023-02-17 09:00:00,1.202624,1.203463,1.202453,1.203292,50
2023-02-17 10:00:00,1.203292,1.203347,1.202595,1.202650,50
2023-02-17 11:00:00,1.202650,1.202764,1.202055,1.202168,50
2023-02-17 12:00:00,1.202168,1.202308,1.201415,1.201555,50
2023-02-17 13:00:00,1.201555,1.201634,1.201055,1.201134,50
2023-02-17 14:00:00,1.201134,1.201793,1.200988,1.201647,50
2023-02-17 15:00:00,1.201647,1.201780,1.201384,1.201517,50
2023-02-17 16:00:00,1.201517,1.201611,1.201407,1.201501,50
2023-02-17 17:00:00,1.201501,1.201943,1.201333,1.201775,50
2023-02-17 18:00:00,1.201775,1.201811,1.200966,1.201002,50
2023-02-17 19:00:00,1.201002,1.201154,1.200531,1.200683,50
2023-02-17 20:00:00,1.200683,1.200852,1.200360,1.200529,50
2023-02-17 21:00:00,1.200529,1.200674,1.200094,1.200239,50
2023-02-17 22:00:00,1.200239,1.200434,1.199696,1.199891,50
2023-02-17 23:00:00,1.199891,1.201375,1.199718,1.201201,50
2023-02-21 00:00:00,1.201201,1.202346,1.200706,1.201851,50
2023-02-21 01:00:00,1.201851,1.202394,1.200157,1.200700,50
2023-02-21 02:00:00,1.200700,1.201376,1.198548,1.199223,50
2023-02-21 03:00:00,1.199223,1.201852,1.198953,1.201583,50
2023-02-21 04:00:00,1.201583,1.202516,1.201040,1.201973,50
2023-02-21 05:00:00,1.201973,1.202784,1.199178,1.199989,50
2023-02-21 06:00:00,1.199989,1.202702,1.199196,1.201909,50
2023-02-21 07:00:00,1.201909,1.202618,1.201737,1.202446,50
2023-02-21 08:00:00,1.202446,1.203021,1.202158,1.202732,50
2023-02-21 09:00:00,1.202732,1.204008,1.202570,1.203846,50
2023-02-21 10:00:00,1.203846,1.205528,1.203351,1.205033,50
2023-02-21 11:00:00,1.205033,1.205432,1.203265,1.203664,50
2023-02-21 12:00:00,1.203664,1.204143,1.203054,1.203533,50
2023-02-21 13:00:00,1.203533,1.208080,1.203288,1.207835,50
2023-02-21 14:00:00,1.207835,1.213417,1.207063,1.212646,50
2023-02-21 15:00:00,1.212646,1.213159,1.212559,1.213072,50
2023-02-21 16:00:00,1.213072,1.213896,1.209136,1.209960,50
2023-02-21 17:00:00,1.209960,1.210652,1.207820,1.208513,50
2023-02-21 18:00:00,1.208513,1.209143,1.207887,1.208517,50
2023-02-21 19:00:00,1.208517,1.209039,1.206529,1.207052,50
2023-02-21 20:00:00,1.207052,1.208728,1.206254,1.207930,50
2023-02-21 21:00:00,1.207930,1.208649,1.207537,1.208256,50
2023-02-21 22:00:00,1.208256,1.209049,1.205655,1.206448,50
2023-02-21 23:00:00,1.206448,1.211879,1.205663,1.211094,50
2023-02-22 00:00:00,1.211094,1.211455,1.210553,1.210914,50
2023-02-22 01:00:00,1.210914,1.211302,1.210206,1.210594,50
2023-02-22 02:00:00,1.210594,1.210977,1.209269,1.209652,50
2023-02-22 03:00:00,1.209652,1.210569,1.209398,1.210315,50
2023-02-22 04:00:00,1.210315,1.211941,1.209941,1.211567,50
2023-02-22 05:00:00,1.211567,1.212087,1.211259,1.211779,50
2023-02-22 06:00:00,1.211779,1.211789,1.211017,1.211027,50
2023-02-22 07:00:00,1.211027,1.212224,1.210832,1.212029,50
2023-02-22 08:00:00,1.212029,1.212177,1.210202,1.210350,50
2023-02-22 09:00:00,1.210350,1.210502,1.208286,1.208437,50
2023-02-22 10:00:00,1.208437,1.208634,1.207916,1.208113,50
2023-02-22 11:00:00,1.208113,1.208305,1.207606,1.207799,50
2023-02-22 12:00:00,1.207799,1.207949,1.207258,1.207408,50
2023-02-22 13:00:00,1.207408,1.207463,1.206608,1.206662,50
2023-02-22 14:00:00,1.206662,1.207047,1.206494,1.206879,50
2023-02-22 15:00:00,1.206879,1.207394,1.206757,1.207272,50
2023-02-22 16:00:00,1.207272,1.207607,1.206465,1.206800,50
2023-02-22 17:00:00,1.206800,1.206808,1.206008,1.206016,50
2023-02-22 18:00:00,1.206016,1.206068,1.205778,1.205830,50
2023-02-22 19:00:00,1.205830,1.206269,1.205612,1.206051,50
2023-02-22 20:00:00,1.206051,1.206084,1.205512,1.205546,50
2023-02-22 21:00:00,1.205546,1.206013,1.205433,1.205901,50
2023-02-22 22:00:00,1.205901,1.206178,1.205205,1.205483,50
2023-02-22 23:00:00,1.205483,1.206801,1.205100,1.206418,50
2023-02-23 00:00:00,1.206418,1.206816,1.205825,1.206223,50
2023-02-23 01:00:00,1.206223,1.206225,1.205578,1.205580,50
2023-02-23 02:00:00,1.205580,1.205936,1.204693,1.205049,50
2023-02-23 03:00:00,1.205049,1.205115,1.204991,1.205057,50
2023-02-23 04:00:00,1.205057,1.205147,1.204637,1.204728,50
2023-02-23 05:00:00,1.204728,1.205204,1.204690,1.205167,50
2023-02-23 06:00:00,1.205167,1.207078,1.205029,1.206941,50
2023-02-23 07:00:00,1.206941,1.207258,1.205590,1.205907,50
2023-02-23 08:00:00,1.205907,1.206495,1.205767,1.206355,50
2023-02-23 09:00:00,1.206355,1.206581,1.204741,1.204967,50
2023-02-23 10:00:00,1.204967,1.205256,1.202982,1.203271,50
2023-02-23 11:00:00,1.203271,1.203608,1.202050,1.202387,50
2023-02-23 12:00:00,1.202387,1.202692,1.202163,1.202468,50
2023-02-23 13:00:00,1.202468,1.202684,1.202235,1.202451,50
2023-02-23 14:00:00,1.202451,1.202611,1.201637,1.201797,50
2023-02-23 15:00:00,1.201797,1.202099,1.200648,1.200950,50
2023-02-23 16:00:00,1.200950,1.201140,1.200488,1.200677,50
2023-02-23 17:00:00,1.200677,1.202266,1.200288,1.201876,50
2023-02-23 18:00:00,1.201876,1.202248,1.201090,1.201462,50
2023-02-23 19:00:00,1.201462,1.201645,1.201346,1.201529,50
2023-02-23 20:00:00,1.201529,1.202266,1.201133,1.201870,50
2023-02-23 21:00:00,1.201870,1.202241,1.201290,1.201661,50
2023-02-23 22:00:00,1.201661,1.201885,1.200617,1.200842,50
2023-02-23 23:00:00,1.200842,1.201997,1.200479,1.201634,50
2023-02-24 00:00:00,1.201634,1.202878,1.201342,1.202585,50
2023-02-24 01:00:00,1.202585,1.203549,1.202049,1.203012,50
2023-02-24 02:00:00,1.203012,1.203136,1.202166,1.202290,50
2023-02-24 03:00:00,1.202290,1.202349,1.201100,1.201159,50
2023-02-24 04:00:00,1.201159,1.201405,1.200286,1.200532,50
2023-02-24 05:00:00,1.200532,1.200536,1.199821,1.199825,50
2023-02-24 06:00:00,1.199825,1.199874,1.197765,1.197813,50
2023-02-24 07:00:00,1.197813,1.198826,1.197436,1.198449,50
2023-02-24 08:00:00,1.198449,1.199346,1.197879,1.198776,50
2023-02-24 09:00:00,1.198776,1.199339,1.197494,1.198057,50
2023-02-24 10:00:00,1.198057,1.198525,1.197531,1.198000,50
2023-02-24 11:00:00,1.198000,1.198644,1.197748,1.198392,50
2023-02-24 12:00:00,1.198392,1.198845,1.197905,1.198358,50
2023-02-24 13:00:00,1.198358,1.198786,1.197641,1.198068,50
2023-02-24 14:00:00,1.198068,1.198512,1.196554,1.196998,50
2023-02-24 15:00:00,1.196998,1.197275,1.194485,1.194761,50
2023-02-24 16:00:00,1.194761,1.195750,1.194328,1.195316,50
2023-02-24 17:00:00,1.195316,1.195512,1.194324,1.194519,50
2023-02-24 18:00:00,1.194519,1.194872,1.194360,1.194713,50
2023-02-24 19:00:00,1.194713,1.194815,1.194114,1.194216,50
2023-02-24 20:00:00,1.194216,1.194509,1.194000,1.194294,50
2023-02-24 21:00:00,1.194294,1.194548,1.193410,1.193664,50
2023-02-24 22:00:00,1.193664,1.193849,1.193383,1.193568,50
2023-02-24 23:00:00,1.193568,1.195250,1.193061,1.194743,50
2023-02-27 00:00:00,1.194743,1.195464,1.194482,1.195202,50
2023-02-27 01:00:00,1.195202,1.195751,1.194144,1.194693,50
2023-02-27 02:00:00,1.194693,1.195676,1.194105,1.195089,50
2023-02-27 03:00:00,1.195089,1.196637,1.194438,1.195987,50
2023-02-27 04:00:00,1.195987,1.196504,1.192442,1.192960,50
2023-02-27 05:00:00,1.192960,1.194283,1.192636,1.193959,50
2023-02-27 06:00:00,1.193959,1.194302,1.193705,1.194048,50
2023-02-27 07:00:00,1.194048,1.196184,1.193760,1.195896,50
2023-02-27 08:00:00,1.195896,1.196176,1.195041,1.195321,50
2023-02-27 09:00:00,1.195321,1.197079,1.194658,1.196416,50
2023-02-27 10:00:00,1.196416,1.198306,1.195795,1.197685,50
2023-02-27 11:00:00,1.197685,1.198810,1.197525,1.198649,50
2023-02-27 12:00:00,1.198649,1.203122,1.198451,1.202924,50
2023-02-27 13:00:00,1.202924,1.202957,1.202633,1.202666,50
2023-02-27 14:00:00,1.202666,1.203363,1.201388,1.202086,50
2023-02-27 15:00:00,1.202086,1.202130,1.199317,1.199362,50
2023-02-27 16:00:00,1.199362,1.199655,1.198996,1.199289,50
2023-02-27 17:00:00,1.199289,1.200133,1.199151,1.199995,50
2023-02-27 18:00:00,1.199995,1.200143,1.198040,1.198187,50
2023-02-27 19:00:00,1.198187,1.198975,1.197482,1.198270,50
2023-02-27 20:00:00,1.198270,1.199951,1.197944,1.199624,50
2023-02-27 21:00:00,1.199624,1.200479,1.199150,1.200004,50
2023-02-27 22:00:00,1.200004,1.204576,1.199382,1.203954,50
2023-02-27 23:00:00,1.203954,1.204346,1.203267,1.203659,50
2023-02-28 00:00:00,1.203659,1.204031,1.202983,1.203355,50
2023-02-28 01:00:00,1.203355,1.203695,1.202565,1.202905,50
2023-02-28 02:00:00,1.202905,1.204139,1.202584,1.203817,50
2023-02-28 03:00:00,1.203817,1.204620,1.203364,1.204166,50
2023-02-28 04:00:00,1.204166,1.204544,1.203189,1.203566,50
2023-02-28 05:00:00,1.203566,1.205416,1.203534,1.205384,50
2023-02-28 06:00:00,1.205384,1.206180,1.205211,1.206007,50
2023-02-28 07:00:00,1.206007,1.207205,1.205991,1.207188,50
2023-02-28 08:00:00,1.207188,1.208371,1.206755,1.207938,50
2023-02-28 09:00:00,1.207938,1.208621,1.207610,1.208293,50
2023-02-28 10:00:00,1.208293,1.208398,1.206903,1.207008,50
2023-02-28 11:00:00,1.207008,1.209167,1.206922,1.209081,50
2023-02-28 12:00:00,1.209081,1.210122,1.208973,1.210014,50
2023-02-28 13:00:00,1.210014,1.210761,1.209724,1.210471,50
2023-02-28 14:00:00,1.210471,1.210701,1.208888,1.209117,50
2023-02-28 15:00:00,1.209117,1.209120,1.208557,1.208560,50
2023-02-28 16:00:00,1.208560,1.209527,1.208248,1.209215,50
2023-02-28 17:00:00,1.209215,1.210163,1.209079,1.210026,50
2023-02-28 18:00:00,1.210026,1.210163,1.209395,1.209531,50
2023-02-28 19:00:00,1.209531,1.210008,1.208220,1.208696,50
2023-02-28 20:00:00,1.208696,1.209465,1.208265,1.209034,50
2023-02-28 21:00:00,1.209034,1.209717,1.208616,1.209299,50
2023-02-28 22:00:00,1.209299,1.210754,1.208875,1.210330,50
2023-02-28 23:00:00,1.210330,1.210602,1.209065,1.209336,50
2023-03-01 00:00:00,1.209336,1.209785,1.209229,1.209678,50
2023-03-01 01:00:00,1.209678,1.210063,1.208306,1.208690,50
2023-03-01 02:00:00,1.208690,1.209152,1.206849,1.207311,50
2023-03-01 03:00:00,1.207311,1.207343,1.206674,1.206706,50
2023-03-01 04:00:00,1.206706,1.207932,1.206622,1.207848,50
2023-03-01 05:00:00,1.207848,1.209299,1.207388,1.208839,50
2023-03-01 06:00:00,1.208839,1.209275,1.208786,1.209223,50
2023-03-01 07:00:00,1.209223,1.209993,1.209182,1.209952,50
2023-03-01 08:00:00,1.209952,1.210623,1.209503,1.210174,50
2023-03-01 09:00:00,1.210174,1.210671,1.210033,1.210529,50
2023-03-01 10:00:00,1.210529,1.210537,1.209753,1.209760,50
2023-03-01 11:00:00,1.209760,1.210045,1.209207,1.209492,50
2023-03-01 12:00:00,1.209492,1.209587,1.208281,1.208376,50
2023-03-01 13:00:00,1.208376,1.208569,1.207112,1.207306,50
2023-03-01 14:00:00,1.207306,1.209434,1.207142,1.209270,50
2023-03-01 15:00:00,1.209270,1.209680,1.207556,1.207966,50
2023-03-01 16:00:00,1.207966,1.208743,1.207493,1.208270,50
2023-03-01 17:00:00,1.208270,1.208752,1.205477,1.205959,50
2023-03-01 18:00:00,1.205959,1.206255,1.205710,1.206006,50
2023-03-01 19:00:00,1.206006,1.206471,1.201711,1.202176,50
2023-03-01 20:00:00,1.202176,1.203474,1.201831,1.203129,50
2023-03-01 21:00:00,1.203129,1.203405,1.202834,1.203109,50
2023-03-01 22:00:00,1.203109,1.203434,1.202405,1.202729,50
2023-03-01 23:00:00,1.202729,1.203699,1.202400,1.203369,50
2023-03-02 00:00:00,1.203369,1.203903,1.196793,1.197327,50
2023-03-02 01:00:00,1.197327,1.197541,1.196817,1.197031,50
2023-03-02 02:00:00,1.197031,1.197090,1.196578,1.196637,50
2023-03-02 03:00:00,1.196637,1.198991,1.196347,1.198702,50
2023-03-02 04:00:00,1.198702,1.201630,1.198094,1.201022,50
2023-03-02 05:00:00,1.201022,1.201539,1.200752,1.201269,50
2023-03-02 06:00:00,1.201269,1.203704,1.200848,1.203282,50
2023-03-02 07:00:00,1.203282,1.203880,1.202058,1.202656,50
2023-03-02 08:00:00,1.202656,1.205423,1.202442,1.205209,50
2023-03-02 09:00:00,1.205209,1.205879,1.200167,1.200837,50
2023-03-02 10:00:00,1.200837,1.201188,1.200805,1.201156,50
2023-03-02 11:00:00,1.201156,1.201545,1.200808,1.201197,50
2023-03-02 12:00:00,1.201197,1.201384,1.196379,1.196566,50
2023-03-02 13:00:00,1.196566,1.198664,1.196434,1.198532,50
2023-03-02 14:00:00,1.198532,1.199227,1.194443,1.195138,50
2023-03-02 15:00:00,1.195138,1.196263,1.195010,1.196134,50
2023-03-02 16:00:00,1.196134,1.196737,1.195247,1.195850,50
2023-03-02 17:00:00,1.195850,1.196214,1.194957,1.195321,50
2023-03-02 18:00:00,1.195321,1.196052,1.191823,1.192553,50
2023-03-02 19:00:00,1.192553,1.193840,1.191869,1.193155,50
2023-03-02 20:00:00,1.193155,1.193732,1.193143,1.193719,50
2023-03-02 21:00:00,1.193719,1.195340,1.192984,1.194605,50
2023-03-02 22:00:00,1.194605,1.195037,1.193347,1.193779,50
2023-03-02 23:00:00,1.193779,1.194734,1.193217,1.194172,50
2023-03-03 00:00:00,1.194172,1.194974,1.193900,1.194702,50
2023-03-03 01:00:00,1.194702,1.194935,1.192851,1.193084,50
2023-03-03 02:00:00,1.193084,1.194837,1.193011,1.194764,50
2023-03-03 03:00:00,1.194764,1.195101,1.194398,1.194734,50
2023-03-03 04:00:00,1.194734,1.195698,1.194421,1.195385,50
2023-03-03 05:00:00,1.195385,1.195785,1.194706,1.195106,50
2023-03-03 06:00:00,1.195106,1.195321,1.194151,1.194365,50
2023-03-03 07:00:00,1.194365,1.194400,1.194359,1.194393,50
2023-03-03 08:00:00,1.194393,1.195130,1.194224,1.194961,50
2023-03-03 09:00:00,1.194961,1.195249,1.194718,1.195007,50
2023-03-03 10:00:00,1.195007,1.195277,1.194589,1.194859,50
2023-03-03 11:00:00,1.194859,1.195871,1.194722,1.195734,50
2023-03-03 12:00:00,1.195734,1.195904,1.194054,1.194224,50
2023-03-03 13:00:00,1.194224,1.194421,1.193340,1.193537,50
2023-03-03 14:00:00,1.193537,1.194613,1.193125,1.194201,50
2023-03-03 15:00:00,1.194201,1.196097,1.194145,1.196040,50
2023-03-03 16:00:00,1.196040,1.196101,1.194557,1.194618,50
2023-03-03 17:00:00,1.194618,1.196765,1.194190,1.196338,50
2023-03-03 18:00:00,1.196338,1.196595,1.195486,1.195744,50
2023-03-03 19:00:00,1.195744,1.196261,1.195737,1.196254,50
2023-03-03 20:00:00,1.196254,1.197700,1.196156,1.197602,50
2023-03-03 21:00:00,1.197602,1.200883,1.197424,1.200705,50
2023-03-03 22:00:00,1.200705,1.200941,1.199132,1.199367,50
2023-03-03 23:00:00,1.199367,1.199996,1.198988,1.199616,50
2023-03-06 00:00:00,1.199616,1.199840,1.198718,1.198942,50
2023-03-06 01:00:00,1.198942,1.200518,1.198929,1.200506,50
2023-03-06 02:00:00,1.200506,1.200533,1.199947,1.199973,50
2023-03-06 03:00:00,1.199973,1.200572,1.199782,1.200381,50
2023-03-06 04:00:00,1.200381,1.201430,1.200020,1.201069,50
2023-03-06 05:00:00,1.201069,1.201232,1.199390,1.199553,50
2023-03-06 06:00:00,1.199553,1.199982,1.199058,1.199487,50
2023-03-06 07:00:00,1.199487,1.199744,1.199033,1.199291,50
2023-03-06 08:00:00,1.199291,1.199340,1.198526,1.198575,50
2023-03-06 09:00:00,1.198575,1.199289,1.198334,1.199047,50
2023-03-06 10:00:00,1.199047,1.199476,1.198590,1.199018,50
2023-03-06 11:00:00,1.199018,1.200048,1.198886,1.199915,50
2023-03-06 12:00:00,1.199915,1.200279,1.199362,1.199726,50
2023-03-06 13:00:00,1.199726,1.201166,1.199439,1.200880,50
2023-03-06 14:00:00,1.200880,1.202283,1.200769,1.202172,50
2023-03-06 15:00:00,1.202172,1.202614,1.201822,1.202264,50
2023-03-06 16:00:00,1.202264,1.203478,1.202179,1.203393,50
2023-03-06 17:00:00,1.203393,1.203583,1.203069,1.203258,50
2023-03-06 18:00:00,1.203258,1.203595,1.202297,1.202633,50
2023-03-06 19:00:00,1.202633,1.204032,1.202612,1.204010,50
2023-03-06 20:00:00,1.204010,1.204389,1.202397,1.202776,50
2023-03-06 21:00:00,1.202776,1.204710,1.202620,1.204555,50
2023-03-06 22:00:00,1.204555,1.206143,1.204271,1.205860,50
2023-03-06 23:00:00,1.205860,1.206142,1.204537,1.204819,50
2023-03-07 00:00:00,1.204819,1.206022,1.186137,1.187340,50
2023-03-07 01:00:00,1.187340,1.203901,1.187164,1.203725,50
2023-03-07 02:00:00,1.203725,1.203828,1.190383,1.190487,50
2023-03-07 03:00:00,1.190487,1.205142,1.189631,1.204287,50
2023-03-07 04:00:00,1.204287,1.210106,1.202829,1.208648,50
2023-03-07 05:00:00,1.208648,1.209646,1.194148,1.195147,50
2023-03-07 06:00:00,1.195147,1.196342,1.191391,1.192586,50
2023-03-07 07:00:00,1.192586,1.193314,1.190915,1.191643,50
2023-03-07 08:00:00,1.191643,1.207560,1.190071,1.205988,50
2023-03-07 09:00:00,1.205988,1.206374,1.193239,1.193625,50
2023-03-07 10:00:00,1.193625,1.193659,1.191222,1.191255,50
2023-03-07 11:00:00,1.191255,1.194782,1.190318,1.193845,50
2023-03-07 12:00:00,1.193845,1.194660,1.181510,1.182324,50
2023-03-07 13:00:00,1.182324,1.187043,1.182007,1.186725,50
2023-03-07 14:00:00,1.186725,1.189578,1.186598,1.189451,50
2023-03-07 15:00:00,1.189451,1.190406,1.183052,1.184006,50
2023-03-07 16:00:00,1.184006,1.184398,1.181663,1.182055,50
2023-03-07 17:00:00,1.182055,1.187866,1.181829,1.187639,50
2023-03-07 18:00:00,1.187639,1.189214,1.181723,1.183298,50
2023-03-07 19:00:00,1.183298,1.187492,1.181729,1.185923,50
2023-03-07 20:00:00,1.185923,1.190143,1.185672,1.189892,50
2023-03-07 21:00:00,1.189892,1.189907,1.185282,1.185297,50
2023-03-07 22:00:00,1.185297,1.186482,1.181412,1.182598,50
2023-03-07 23:00:00,1.182598,1.186436,1.181839,1.185677,50
2023-03-08 00:00:00,1.185677,1.185792,1.184753,1.184868,50
2023-03-08 01:00:00,1.184868,1.185935,1.184782,1.185849,50
2023-03-08 02:00:00,1.185849,1.185970,1.185589,1.185711,50
2023-03-08 03:00:00,1.185711,1.186068,1.185537,1.185895,50
2023-03-08 04:00:00,1.185895,1.185952,1.184783,1.184841,50
2023-03-08 05:00:00,1.184841,1.185128,1.184731,1.185019,50
2023-03-08 06:00:00,1.185019,1.185046,1.184887,1.184914,50
2023-03-08 07:00:00,1.184914,1.185029,1.184580,1.184696,50
2023-03-08 08:00:00,1.184696,1.184843,1.184111,1.184258,50
2023-03-08 09:00:00,1.184258,1.184354,1.184171,1.184266,50
2023-03-08 10:00:00,1.184266,1.186094,1.184245,1.186072,50
2023-03-08 11:00:00,1.186072,1.186658,1.185884,1.186470,50
2023-03-08 12:00:00,1.186470,1.186635,1.186130,1.186295,50
2023-03-08 13:00:00,1.186295,1.186471,1.185516,1.185692,50
2023-03-08 14:00:00,1.185692,1.185917,1.185659,1.185883,50
2023-03-08 15:00:00,1.185883,1.186096,1.184513,1.184726,50
2023-03-08 16:00:00,1.184726,1.185482,1.184621,1.185377,50
2023-03-08 17:00:00,1.185377,1.185445,1.185339,1.185407,50
2023-03-08 18:00:00,1.185407,1.185470,1.185276,1.185339,50
2023-03-08 19:00:00,1.185339,1.185547,1.185322,1.185531,50
2023-03-08 20:00:00,1.185531,1.185703,1.185321,1.185493,50
2023-03-08 21:00:00,1.185493,1.185694,1.183960,1.184162,50
2023-03-08 22:00:00,1.184162,1.184356,1.182725,1.182919,50
2023-03-08 23:00:00,1.182919,1.183864,1.182767,1.183712,50
2023-03-09 00:00:00,1.183712,1.185120,1.183161,1.184569,50
2023-03-09 01:00:00,1.184569,1.184903,1.183560,1.183894,50
2023-03-09 02:00:00,1.183894,1.184180,1.183026,1.183312,50
2023-03-09 03:00:00,1.183312,1.183504,1.181911,1.182102,50
2023-03-09 04:00:00,1.182102,1.182108,1.182013,1.182019,50
2023-03-09 05:00:00,1.182019,1.183512,1.181874,1.183367,50
2023-03-09 06:00:00,1.183367,1.186078,1.182663,1.185374,50
2023-03-09 07:00:00,1.185374,1.185754,1.183180,1.183560,50
2023-03-09 08:00:00,1.183560,1.187980,1.183232,1.187652,50
2023-03-09 09:00:00,1.187652,1.189310,1.187012,1.188670,50
2023-03-09 10:00:00,1.188670,1.190979,1.188239,1.190548,50
2023-03-09 11:00:00,1.190548,1.191243,1.189726,1.190421,50
2023-03-09 12:00:00,1.190421,1.191630,1.190167,1.191375,50
2023-03-09 13:00:00,1.191375,1.192353,1.191222,1.192200,50
2023-03-09 14:00:00,1.192200,1.192854,1.190118,1.190773,50
2023-03-09 15:00:00,1.190773,1.191896,1.190659,1.191782,50
2023-03-09 16:00:00,1.191782,1.194436,1.191219,1.193873,50
2023-03-09 17:00:00,1.193873,1.194296,1.191677,1.192100,50
2023-03-09 18:00:00,1.192100,1.192799,1.189873,1.190572,50
2023-03-09 19:00:00,1.190572,1.191243,1.187740,1.188411,50
2023-03-09 20:00:00,1.188411,1.188881,1.186983,1.187453,50
2023-03-09 21:00:00,1.187453,1.188799,1.187426,1.188773,50
2023-03-09 22:00:00,1.188773,1.188790,1.186679,1.186696,50
2023-03-09 23:00:00,1.186696,1.192516,1.186359,1.192179,50
2023-03-10 00:00:00,1.192179,1.195518,1.191617,1.194955,50
2023-03-10 01:00:00,1.194955,1.197726,1.194042,1.196813,50
2023-03-10 02:00:00,1.196813,1.198076,1.195985,1.197247,50
2023-03-10 03:00:00,1.197247,1.197409,1.193786,1.193949,50
2023-03-10 04:00:00,1.193949,1.194606,1.193036,1.193693,50
2023-03-10 05:00:00,1.193693,1.193818,1.191319,1.191445,50
2023-03-10 06:00:00,1.191445,1.192260,1.191439,1.192254,50
2023-03-10 07:00:00,1.192254,1.192655,1.189367,1.189767,50
2023-03-10 08:00:00,1.189767,1.192598,1.188984,1.191815,50
2023-03-10 09:00:00,1.191815,1.193518,1.191241,1.192944,50
2023-03-10 10:00:00,1.192944,1.197862,1.192749,1.197667,50
2023-03-10 11:00:00,1.197667,1.199988,1.196815,1.199136,50
2023-03-10 12:00:00,1.199136,1.201886,1.198210,1.200961,50
2023-03-10 13:00:00,1.200961,1.201201,1.200090,1.200330,50
2023-03-10 14:00:00,1.200330,1.200784,1.198545,1.199000,50
2023-03-10 15:00:00,1.199000,1.203047,1.198353,1.202400,50
2023-03-10 16:00:00,1.202400,1.203698,1.201486,1.202784,50
2023-03-10 17:00:00,1.202784,1.204199,1.202656,1.204071,50
2023-03-10 18:00:00,1.204071,1.205377,1.203510,1.204815,50
2023-03-10 19:00:00,1.204815,1.207632,1.203834,1.206651,50
2023-03-10 20:00:00,1.206651,1.207268,1.202169,1.202786,50
2023-03-10 21:00:00,1.202786,1.203512,1.198142,1.198868,50
2023-03-10 22:00:00,1.198868,1.200954,1.198083,1.200169,50
2023-03-10 23:00:00,1.200169,1.204753,1.199655,1.204239,50
2023-03-13 00:00:00,1.204239,1.204348,1.202327,1.202437,50
2023-03-13 01:00:00,1.202437,1.203247,1.201086,1.201896,50
2023-03-13 02:00:00,1.201896,1.206298,1.201227,1.205629,50
2023-03-13 03:00:00,1.205629,1.206283,1.204146,1.204800,50
2023-03-13 04:00:00,1.204800,1.205668,1.201499,1.202367,50
2023-03-13 05:00:00,1.202367,1.203265,1.201979,1.202876,50
2023-03-13 06:00:00,1.202876,1.203513,1.202503,1.203140,50
2023-03-13 07:00:00,1.203140,1.204719,1.202724,1.204303,50
2023-03-13 08:00:00,1.204303,1.204701,1.203285,1.203683,50
2023-03-13 09:00:00,1.203683,1.206854,1.203024,1.206196,50
2023-03-13 10:00:00,1.206196,1.207255,1.206189,1.207248,50
2023-03-13 11:00:00,1.207248,1.212082,1.206791,1.211625,50
2023-03-13 12:00:00,1.211625,1.213155,1.211098,1.212629,50
2023-03-13 13:00:00,1.212629,1.213444,1.212289,1.213104,50
2023-03-13 14:00:00,1.213104,1.215592,1.213082,1.215571,50
2023-03-13 15:00:00,1.215571,1.217807,1.214877,1.217114,50
2023-03-13 16:00:00,1.217114,1.217123,1.215821,1.215831,50
2023-03-13 17:00:00,1.215831,1.217814,1.215275,1.217258,50
2023-03-13 18:00:00,1.217258,1.217409,1.215995,1.216146,50
2023-03-13 19:00:00,1.216146,1.218330,1.216111,1.218296,50
2023-03-13 20:00:00,1.218296,1.218474,1.217161,1.217339,50
2023-03-13 21:00:00,1.217339,1.218064,1.217275,1.217999,50
2023-03-13 22:00:00,1.217999,1.218148,1.216540,1.216688,50
2023-03-13 23:00:00,1.216688,1.217362,1.215279,1.215953,50
2023-03-14 00:00:00,1.215953,1.216404,1.215922,1.216373,50
2023-03-14 01:00:00,1.216373,1.216508,1.215246,1.215381,50
2023-03-14 02:00:00,1.215381,1.215519,1.214562,1.214700,50
2023-03-14 03:00:00,1.214700,1.214846,1.213320,1.213467,50
2023-03-14 04:00:00,1.213467,1.214205,1.213413,1.214151,50
2023-03-14 05:00:00,1.214151,1.214722,1.214131,1.214702,50
2023-03-14 06:00:00,1.214702,1.215629,1.214630,1.215556,50
2023-03-14 07:00:00,1.215556,1.216483,1.215405,1.216333,50
2023-03-14 08:00:00,1.216333,1.216444,1.215164,1.215275,50
2023-03-14 09:00:00,1.215275,1.215439,1.214818,1.214981,50
2023-03-14 10:00:00,1.214981,1.215865,1.214887,1.215771,50
2023-03-14 11:00:00,1.215771,1.216596,1.215684,1.216509,50
2023-03-14 12:00:00,1.216509,1.216708,1.215253,1.215451,50
2023-03-14 13:00:00,1.215451,1.216488,1.215415,1.216452,50
2023-03-14 14:00:00,1.216452,1.216956,1.216406,1.216911,50
2023-03-14 15:00:00,1.216911,1.217040,1.216335,1.216464,50
2023-03-14 16:00:00,1.216464,1.216602,1.215197,1.215335,50
2023-03-14 17:00:00,1.215335,1.215429,1.214068,1.214162,50
2023-03-14 18:00:00,1.214162,1.214736,1.214040,1.214614,50
2023-03-14 19:00:00,1.214614,1.215848,1.214518,1.215752,50
2023-03-14 20:00:00,1.215752,1.216881,1.215605,1.216735,50
2023-03-14 21:00:00,1.216735,1.216929,1.216164,1.216358,50
2023-03-14 22:00:00,1.216358,1.216538,1.215986,1.216166,50
2023-03-14 23:00:00,1.216166,1.216306,1.214484,1.214624,50
2023-03-15 00:00:00,1.214624,1.215021,1.206037,1.206434,50
2023-03-15 01:00:00,1.206434,1.207577,1.205681,1.206824,50
2023-03-15 02:00:00,1.206824,1.208226,1.206276,1.207678,50
2023-03-15 03:00:00,1.207678,1.212804,1.206886,1.212012,50
2023-03-15 04:00:00,1.212012,1.212251,1.211534,1.211772,50
2023-03-15 05:00:00,1.211772,1.212125,1.210348,1.210701,50
2023-03-15 06:00:00,1.210701,1.212366,1.210146,1.211810,50
2023-03-15 07:00:00,1.211810,1.213553,1.210904,1.212647,50
2023-03-15 08:00:00,1.212647,1.217496,1.212055,1.216904,50
2023-03-15 09:00:00,1.216904,1.217359,1.212561,1.213015,50
2023-03-15 10:00:00,1.213015,1.213255,1.211822,1.212062,50
2023-03-15 11:00:00,1.212062,1.213319,1.211793,1.213050,50
2023-03-15 12:00:00,1.213050,1.213257,1.211161,1.211367,50
2023-03-15 13:00:00,1.211367,1.212312,1.209470,1.210414,50
2023-03-15 14:00:00,1.210414,1.211263,1.209279,1.210128,50
2023-03-15 15:00:00,1.210128,1.211521,1.209271,1.210664,50
2023-03-15 16:00:00,1.210664,1.211170,1.209957,1.210463,50
2023-03-15 17:00:00,1.210463,1.211141,1.208509,1.209187,50
2023-03-15 18:00:00,1.209187,1.209471,1.206618,1.206902,50
2023-03-15 19:00:00,1.206902,1.207363,1.204092,1.204553,50
2023-03-15 20:00:00,1.204553,1.204693,1.203300,1.203439,50
2023-03-15 21:00:00,1.203439,1.203842,1.200542,1.200945,50
2023-03-15 22:00:00,1.200945,1.201635,1.200703,1.201393,50
2023-03-15 23:00:00,1.201393,1.203320,1.201297,1.203225,50
2023-03-16 00:00:00,1.203225,1.204724,1.203106,1.204605,50
2023-03-16 01:00:00,1.204605,1.204981,1.203507,1.203883,50
2023-03-16 02:00:00,1.203883,1.203949,1.203700,1.203766,50
2023-03-16 03:00:00,1.203766,1.204161,1.202351,1.202746,50
2023-03-16 04:00:00,1.202746,1.203276,1.201121,1.201651,50
2023-03-16 05:00:00,1.201651,1.204173,1.201103,1.203625,50
2023-03-16 06:00:00,1.203625,1.203884,1.203458,1.203717,50
2023-03-16 07:00:00,1.203717,1.203991,1.203197,1.203471,50
2023-03-16 08:00:00,1.203471,1.205601,1.202860,1.204991,50
2023-03-16 09:00:00,1.204991,1.207863,1.204759,1.207632,50
2023-03-16 10:00:00,1.207632,1.209835,1.206976,1.209180,50
2023-03-16 11:00:00,1.209180,1.210735,1.209048,1.210603,50
2023-03-16 12:00:00,1.210603,1.211159,1.209050,1.209605,50
2023-03-16 13:00:00,1.209605,1.211456,1.209578,1.211429,50
2023-03-16 14:00:00,1.211429,1.213109,1.210988,1.212667,50
2023-03-16 15:00:00,1.212667,1.213200,1.210681,1.211214,50
2023-03-16 16:00:00,1.211214,1.211576,1.209864,1.210226,50
2023-03-16 17:00:00,1.210226,1.211449,1.209808,1.211031,50
2023-03-16 18:00:00,1.211031,1.211635,1.208959,1.209563,50
2023-03-16 19:00:00,1.209563,1.210222,1.207505,1.208163,50
2023-03-16 20:00:00,1.208163,1.208282,1.206687,1.206805,50
2023-03-16 21:00:00,1.206805,1.208017,1.206460,1.207672,50
2023-03-16 22:00:00,1.207672,1.207698,1.206563,1.206590,50
2023-03-16 23:00:00,1.206590,1.211344,1.206339,1.211094,50
2023-03-17 00:00:00,1.211094,1.212822,1.210964,1.212692,50
2023-03-17 01:00:00,1.212692,1.212754,1.212169,1.212231,50
2023-03-17 02:00:00,1.212231,1.212908,1.212002,1.212678,50
2023-03-17 03:00:00,1.212678,1.212925,1.210725,1.210972,50
2023-03-17 04:00:00,1.210972,1.211126,1.210351,1.210505,50
2023-03-17 05:00:00,1.210505,1.211666,1.210477,1.211638,50
2023-03-17 06:00:00,1.211638,1.211841,1.211217,1.211420,50
2023-03-17 07:00:00,1.211420,1.211979,1.211231,1.211789,50
2023-03-17 08:00:00,1.211789,1.212007,1.210880,1.211098,50
2023-03-17 09:00:00,1.211098,1.212313,1.210856,1.212072,50
2023-03-17 10:00:00,1.212072,1.212944,1.211831,1.212703,50
2023-03-17 11:00:00,1.212703,1.213728,1.212521,1.213546,50
2023-03-17 12:00:00,1.213546,1.213643,1.213189,1.213286,50
2023-03-17 13:00:00,1.213286,1.213769,1.213155,1.213638,50
2023-03-17 14:00:00,1.213638,1.213762,1.212871,1.212995,50
2023-03-17 15:00:00,1.212995,1.213485,1.212807,1.213297,50
2023-03-17 16:00:00,1.213297,1.213452,1.211708,1.211862,50
2023-03-17 17:00:00,1.211862,1.212431,1.211658,1.212227,50
2023-03-17 18:00:00,1.212227,1.212806,1.212100,1.212679,50
2023-03-17 19:00:00,1.212679,1.212825,1.212286,1.212432,50
2023-03-17 20:00:00,1.212432,1.213654,1.212194,1.213416,50
2023-03-17 21:00:00,1.213416,1.213612,1.213145,1.213341,50
2023-03-17 22:00:00,1.213341,1.214852,1.213111,1.214622,50
2023-03-17 23:00:00,1.214622,1.214795,1.213862,1.214034,50
2023-03-20 00:00:00,1.214034,1.218822,1.213612,1.218400,50
2023-03-20 01:00:00,1.218400,1.218436,1.211677,1.211713,50
2023-03-20 02:00:00,1.211713,1.220054,1.210994,1.219335,50
2023-03-20 03:00:00,1.219335,1.220251,1.219237,1.220153,50
2023-03-20 04:00:00,1.220153,1.220812,1.219976,1.220635,50
2023-03-20 05:00:00,1.220635,1.221361,1.218902,1.219628,50
2023-03-20 06:00:00,1.219628,1.222108,1.219197,1.221677,50
2023-03-20 07:00:00,1.221677,1.222216,1.215628,1.216167,50
2023-03-20 08:00:00,1.216167,1.220053,1.215573,1.219459,50
2023-03-20 09:00:00,1.219459,1.228085,1.218975,1.227601,50
2023-03-20 10:00:00,1.227601,1.228015,1.224788,1.225202,50
2023-03-20 11:00:00,1.225202,1.228111,1.225052,1.227962,50
2023-03-20 12:00:00,1.227962,1.228100,1.224917,1.225055,50
2023-03-20 13:00:00,1.225055,1.225254,1.220703,1.220901,50
2023-03-20 14:00:00,1.220901,1.221140,1.220605,1.220844,50
2023-03-20 15:00:00,1.220844,1.221157,1.217901,1.218214,50
2023-03-20 16:00:00,1.218214,1.219084,1.215596,1.216465,50
2023-03-20 17:00:00,1.216465,1.216849,1.216257,1.216641,50
2023-03-20 18:00:00,1.216641,1.216769,1.215933,1.216060,50
2023-03-20 19:00:00,1.216060,1.220040,1.215798,1.219778,50
2023-03-20 20:00:00,1.219778,1.222615,1.219649,1.222486,50
2023-03-20 21:00:00,1.222486,1.224674,1.221678,1.223866,50
2023-03-20 22:00:00,1.223866,1.225622,1.222936,1.224693,50
2023-03-20 23:00:00,1.224693,1.226387,1.223946,1.225640,50
2023-03-21 00:00:00,1.225640,1.226909,1.225561,1.226830,50
2023-03-21 01:00:00,1.226830,1.226969,1.225052,1.225192,50
2023-03-21 02:00:00,1.225192,1.225317,1.223281,1.223406,50
2023-03-21 03:00:00,1.223406,1.223937,1.223188,1.223720,50
2023-03-21 04:00:00,1.223720,1.225218,1.223279,1.224778,50
2023-03-21 05:00:00,1.224778,1.224899,1.224540,1.224661,50
2023-03-21 06:00:00,1.224661,1.224976,1.221419,1.221734,50
2023-03-21 07:00:00,1.221734,1.221940,1.218106,1.218312,50
2023-03-21 08:00:00,1.218312,1.218462,1.218136,1.218287,50
2023-03-21 09:00:00,1.218287,1.219371,1.218133,1.219217,50
2023-03-21 10:00:00,1.219217,1.221220,1.218816,1.220819,50
2023-03-21 11:00:00,1.220819,1.222335,1.220385,1.221901,50
2023-03-21 12:00:00,1.221901,1.222278,1.220691,1.221068,50
2023-03-21 13:00:00,1.221068,1.222078,1.220610,1.221620,50
2023-03-21 14:00:00,1.221620,1.222303,1.221245,1.221929,50
2023-03-21 15:00:00,1.221929,1.222082,1.221043,1.221197,50
2023-03-21 16:00:00,1.221197,1.223673,1.221077,1.223553,50
2023-03-21 17:00:00,1.223553,1.225340,1.223261,1.225048,50
2023-03-21 18:00:00,1.225048,1.225428,1.224735,1.225114,50
2023-03-21 19:00:00,1.225114,1.226195,1.224710,1.225791,50
2023-03-21 20:00:00,1.225791,1.226602,1.225325,1.226135,50
2023-03-21 21:00:00,1.226135,1.226546,1.225368,1.225779,50
2023-03-21 22:00:00,1.225779,1.226281,1.224509,1.225011,50
2023-03-21 23:00:00,1.225011,1.225358,1.219165,1.219512,50
2023-03-22 00:00:00,1.219512,1.219653,1.219237,1.219378,50
2023-03-22 01:00:00,1.219378,1.220141,1.219269,1.220033,50
2023-03-22 02:00:00,1.220033,1.220611,1.219807,1.220385,50
2023-03-22 03:00:00,1.220385,1.220695,1.219747,1.220056,50
2023-03-22 04:00:00,1.220056,1.220352,1.219708,1.220003,50
2023-03-22 05:00:00,1.220003,1.220384,1.219940,1.220321,50
2023-03-22 06:00:00,1.220321,1.220855,1.220083,1.220617,50
2023-03-22 07:00:00,1.220617,1.220936,1.220464,1.220782,50
2023-03-22 08:00:00,1.220782,1.221376,1.220473,1.221067,50
2023-03-22 09:00:00,1.221067,1.222286,1.220763,1.221981,50
2023-03-22 10:00:00,1.221981,1.222249,1.221830,1.222097,50
2023-03-22 11:00:00,1.222097,1.222675,1.221815,1.222393,50
2023-03-22 12:00:00,1.222393,1.223652,1.222116,1.223375,50
2023-03-22 13:00:00,1.223375,1.223410,1.222862,1.222897,50
2023-03-22 14:00:00,1.222897,1.223370,1.222769,1.223243,50
2023-03-22 15:00:00,1.223243,1.223798,1.222946,1.223501,50
2023-03-22 16:00:00,1.223501,1.224061,1.223428,1.223987,50
2023-03-22 17:00:00,1.223987,1.224125,1.223815,1.223953,50
2023-03-22 18:00:00,1.223953,1.224150,1.223233,1.223431,50
2023-03-22 19:00:00,1.223431,1.223541,1.222781,1.222891,50
2023-03-22 20:00:00,1.222891,1.223137,1.222546,1.222792,50
2023-03-22 21:00:00,1.222792,1.222849,1.222603,1.222660,50
2023-03-22 22:00:00,1.222660,1.222847,1.222321,1.222508,50
2023-03-22 23:00:00,1.222508,1.223414,1.222335,1.223242,50
2023-03-23 00:00:00,1.223242,1.230011,1.222503,1.229272,50
2023-03-23 01:00:00,1.229272,1.231750,1.228621,1.231099,50
2023-03-23 02:00:00,1.231099,1.231596,1.229859,1.230357,50
2023-03-23 03:00:00,1.230357,1.230689,1.229797,1.230130,50
2023-03-23 04:00:00,1.230130,1.230446,1.225633,1.225950,50
2023-03-23 05:00:00,1.225950,1.226064,1.225777,1.225892,50
2023-03-23 06:00:00,1.225892,1.225922,1.224005,1.224036,50
2023-03-23 07:00:00,1.224036,1.224759,1.222543,1.223266,50
2023-03-23 08:00:00,1.223266,1.224013,1.222970,1.223717,50
2023-03-23 09:00:00,1.223717,1.224008,1.221670,1.221961,50
2023-03-23 10:00:00,1.221961,1.222322,1.221102,1.221463,50
2023-03-23 11:00:00,1.221463,1.225323,1.220729,1.224588,50
2023-03-23 12:00:00,1.224588,1.227008,1.223906,1.226325,50
2023-03-23 13:00:00,1.226325,1.229878,1.225809,1.229363,50
2023-03-23 14:00:00,1.229363,1.231520,1.228777,1.230935,50
2023-03-23 15:00:00,1.230935,1.231328,1.229130,1.229523,50
2023-03-23 16:00:00,1.229523,1.230007,1.228425,1.228909,50
2023-03-23 17:00:00,1.228909,1.229504,1.228251,1.228846,50
2023-03-23 18:00:00,1.228846,1.230678,1.228349,1.230182,50
2023-03-23 19:00:00,1.230182,1.232779,1.230145,1.232743,50
2023-03-23 20:00:00,1.232743,1.233090,1.232083,1.232430,50
2023-03-23 21:00:00,1.232430,1.232868,1.229669,1.230107,50
2023-03-23 22:00:00,1.230107,1.232361,1.229605,1.231859,50
2023-03-23 23:00:00,1.231859,1.232830,1.231164,1.232134,50
2023-03-24 00:00:00,1.232134,1.232763,1.227043,1.227673,50
2023-03-24 01:00:00,1.227673,1.228044,1.224312,1.224682,50
2023-03-24 02:00:00,1.224682,1.227763,1.223947,1.227027,50
2023-03-24 03:00:00,1.227027,1.227820,1.222311,1.223104,50
2023-03-24 04:00:00,1.223104,1.223819,1.220689,1.221404,50
2023-03-24 05:00:00,1.221404,1.221675,1.221247,1.221518,50
2023-03-24 06:00:00,1.221518,1.221850,1.220787,1.221120,50
2023-03-24 07:00:00,1.221120,1.221304,1.220859,1.221043,50
2023-03-24 08:00:00,1.221043,1.221409,1.220352,1.220718,50
2023-03-24 09:00:00,1.220718,1.221556,1.220026,1.220864,50
2023-03-24 10:00:00,1.220864,1.224661,1.220463,1.224260,50
2023-03-24 11:00:00,1.224260,1.227763,1.223994,1.227496,50
2023-03-24 12:00:00,1.227496,1.234195,1.227363,1.234062,50
2023-03-24 13:00:00,1.234062,1.234176,1.229420,1.229533,50
2023-03-24 14:00:00,1.229533,1.230199,1.222781,1.223447,50
2023-03-24 15:00:00,1.223447,1.224218,1.220611,1.221382,50
2023-03-24 16:00:00,1.221382,1.222101,1.219983,1.220703,50
2023-03-24 17:00:00,1.220703,1.220920,1.220700,1.220917,50
2023-03-24 18:00:00,1.220917,1.221134,1.220532,1.220749,50
2023-03-24 19:00:00,1.220749,1.220863,1.220506,1.220620,50
2023-03-24 20:00:00,1.220620,1.220996,1.220190,1.220566,50
2023-03-24 21:00:00,1.220566,1.220800,1.220403,1.220636,50
2023-03-24 22:00:00,1.220636,1.223261,1.220242,1.222867,50
2023-03-24 23:00:00,1.222867,1.223232,1.222129,1.222494,50
2023-03-27 00:00:00,1.222494,1.225385,1.222110,1.225001,50
2023-03-27 01:00:00,1.225001,1.226767,1.224665,1.226431,50
2023-03-27 02:00:00,1.226431,1.226479,1.223834,1.223881,50
2023-03-27 03:00:00,1.223881,1.224887,1.223838,1.224843,50
2023-03-27 04:00:00,1.224843,1.227639,1.224640,1.227436,50
2023-03-27 05:00:00,1.227436,1.227531,1.225396,1.225491,50
2023-03-27 06:00:00,1.225491,1.225596,1.224645,1.224750,50
2023-03-27 07:00:00,1.224750,1.225169,1.222991,1.223411,50
2023-03-27 08:00:00,1.223411,1.225311,1.222996,1.224896,50
2023-03-27 09:00:00,1.224896,1.224903,1.224091,1.224099,50
2023-03-27 10:00:00,1.224099,1.225269,1.224089,1.225260,50
2023-03-27 11:00:00,1.225260,1.227667,1.224983,1.227390,50
2023-03-27 12:00:00,1.227390,1.229216,1.226972,1.228798,50
2023-03-27 13:00:00,1.228798,1.229190,1.227141,1.227533,50
2023-03-27 14:00:00,1.227533,1.227839,1.226549,1.226855,50
2023-03-27 15:00:00,1.226855,1.227181,1.222884,1.223211,50
2023-03-27 16:00:00,1.223211,1.223424,1.221230,1.221443,50
2023-03-27 17:00:00,1.221443,1.222900,1.221227,1.222684,50
2023-03-27 18:00:00,1.222684,1.223062,1.221635,1.222013,50
2023-03-27 19:00:00,1.222013,1.223963,1.221965,1.223915,50
2023-03-27 20:00:00,1.223915,1.224216,1.223502,1.223803,50
2023-03-27 21:00:00,1.223803,1.225841,1.223485,1.225523,50
2023-03-27 22:00:00,1.225523,1.227767,1.225454,1.227698,50
2023-03-27 23:00:00,1.227698,1.228087,1.227358,1.227747,50
2023-03-28 00:00:00,1.227747,1.230310,1.227583,1.230146,50
2023-03-28 01:00:00,1.230146,1.230492,1.229359,1.229705,50
2023-03-28 02:00:00,1.229705,1.233087,1.229220,1.232602,50
2023-03-28 03:00:00,1.232602,1.235695,1.232291,1.235384,50
2023-03-28 04:00:00,1.235384,1.235871,1.231328,1.231816,50
2023-03-28 05:00:00,1.231816,1.234749,1.231387,1.234320,50
2023-03-28 06:00:00,1.234320,1.234354,1.233320,1.233353,50
2023-03-28 07:00:00,1.233353,1.233484,1.231660,1.231791,50
2023-03-28 08:00:00,1.231791,1.234629,1.231437,1.234275,50
2023-03-28 09:00:00,1.234275,1.234531,1.233289,1.233545,50
2023-03-28 10:00:00,1.233545,1.233547,1.229505,1.229508,50
2023-03-28 11:00:00,1.229508,1.230891,1.229069,1.230452,50
2023-03-28 12:00:00,1.230452,1.233145,1.230104,1.232797,50
2023-03-28 13:00:00,1.232797,1.233030,1.232089,1.232321,50
2023-03-28 14:00:00,1.232321,1.232600,1.231546,1.231824,50
2023-03-28 15:00:00,1.231824,1.231916,1.228320,1.228412,50
2023-03-28 16:00:00,1.228412,1.228706,1.226783,1.227077,50
2023-03-28 17:00:00,1.227077,1.227843,1.227001,1.227767,50
2023-03-28 18:00:00,1.227767,1.230326,1.227412,1.229971,50
2023-03-28 19:00:00,1.229971,1.230475,1.228782,1.229285,50
2023-03-28 20:00:00,1.229285,1.230901,1.229169,1.230785,50
2023-03-28 21:00:00,1.230785,1.232175,1.230643,1.232033,50
2023-03-28 22:00:00,1.232033,1.232341,1.228225,1.228533,50
2023-03-28 23:00:00,1.228533,1.234579,1.228064,1.234111,50
2023-03-29 00:00:00,1.234111,1.234317,1.234073,1.234280,50
2023-03-29 01:00:00,1.234280,1.234588,1.234186,1.234494,50
2023-03-29 02:00:00,1.234494,1.234558,1.234412,1.234476,50
2023-03-29 03:00:00,1.234476,1.234520,1.234327,1.234371,50
2023-03-29 04:00:00,1.234371,1.234529,1.233820,1.233979,50
2023-03-29 05:00:00,1.233979,1.233987,1.233843,1.233851,50
2023-03-29 06:00:00,1.233851,1.234699,1.233810,1.234658,50
2023-03-29 07:00:00,1.234658,1.234821,1.233754,1.233917,50
2023-03-29 08:00:00,1.233917,1.234123,1.233471,1.233677,50
2023-03-29 09:00:00,1.233677,1.234461,1.233607,1.234392,50
2023-03-29 10:00:00,1.234392,1.234588,1.233742,1.233938,50
2023-03-29 11:00:00,1.233938,1.234144,1.233746,1.233952,50
2023-03-29 12:00:00,1.233952,1.233988,1.233406,1.233441,50
2023-03-29 13:00:00,1.233441,1.233880,1.233231,1.233670,50
2023-03-29 14:00:00,1.233670,1.233708,1.232284,1.232323,50
2023-03-29 15:00:00,1.232323,1.232711,1.232215,1.232602,50
2023-03-29 16:00:00,1.232602,1.232621,1.232564,1.232583,50
2023-03-29 17:00:00,1.232583,1.232605,1.232407,1.232429,50
2023-03-29 18:00:00,1.232429,1.232581,1.231399,1.231551,50
2023-03-29 19:00:00,1.231551,1.232915,1.231358,1.232722,50
2023-03-29 20:00:00,1.232722,1.232800,1.232696,1.232774,50
2023-03-29 21:00:00,1.232774,1.232849,1.231939,1.232014,50
2023-03-29 22:00:00,1.232014,1.232154,1.231361,1.231502,50
2023-03-29 23:00:00,1.231502,1.231638,1.231239,1.231375,50
2023-03-30 00:00:00,1.231375,1.234359,1.230953,1.233937,50
2023-03-30 01:00:00,1.233937,1.234223,1.232682,1.232969,50
2023-03-30 02:00:00,1.232969,1.233879,1.232862,1.233773,50
2023-03-30 03:00:00,1.233773,1.235591,1.233335,1.235153,50
2023-03-30 04:00:00,1.235153,1.236406,1.234780,1.236033,50
2023-03-30 05:00:00,1.236033,1.237305,1.235635,1.236906,50
2023-03-30 06:00:00,1.236906,1.237061,1.233563,1.233717,50
2023-03-30 07:00:00,1.233717,1.234242,1.233577,1.234102,50
2023-03-30 08:00:00,1.234102,1.234763,1.233653,1.234315,50
2023-03-30 09:00:00,1.234315,1.234741,1.233143,1.233569,50
2023-03-30 10:00:00,1.233569,1.233615,1.231152,1.231197,50
2023-03-30 11:00:00,1.231197,1.235124,1.231161,1.235087,50
2023-03-30 12:00:00,1.235087,1.235681,1.235026,1.235620,50
2023-03-30 13:00:00,1.235620,1.235924,1.234450,1.234754,50
2023-03-30 14:00:00,1.234754,1.234870,1.230163,1.230279,50
2023-03-30 15:00:00,1.230279,1.230985,1.230202,1.230908,50
2023-03-30 16:00:00,1.230908,1.232148,1.230669,1.231909,50
2023-03-30 17:00:00,1.231909,1.232352,1.231224,1.231668,50
2023-03-30 18:00:00,1.231668,1.231889,1.231390,1.231611,50
2023-03-30 19:00:00,1.231611,1.237336,1.231573,1.237298,50
2023-03-30 20:00:00,1.237298,1.238019,1.237234,1.237955,50
2023-03-30 21:00:00,1.237955,1.238093,1.235858,1.235996,50
2023-03-30 22:00:00,1.235996,1.236149,1.233418,1.233572,50
2023-03-30 23:00:00,1.233572,1.236955,1.233476,1.236858,50
2023-03-31 00:00:00,1.236858,1.237033,1.236683,1.236858,50
2023-03-31 01:00:00,1.236858,1.236999,1.236718,1.236858,50
2023-03-31 02:00:00,1.236858,1.237036,1.236681,1.236858,50
2023-03-31 03:00:00,1.236858,1.236954,1.236763,1.236858,50
2023-03-31 04:00:00,1.236858,1.237017,1.236699,1.236858,50
2023-03-31 05:00:00,1.236858,1.236975,1.236741,1.236858,50
2023-03-31 06:00:00,1.236858,1.236994,1.236723,1.236858,50
2023-03-31 07:00:00,1.236858,1.237075,1.236642,1.236858,50
2023-03-31 08:00:00,1.236858,1.237056,1.236660,1.236858,50
2023-03-31 09:00:00,1.236858,1.237018,1.236699,1.236858,50
2023-03-31 10:00:00,1.236858,1.236992,1.236725,1.236858,50
2023-03-31 11:00:00,1.236858,1.236910,1.236807,1.236858,50
2023-03-31 12:00:00,1.236858,1.237045,1.236671,1.236858,50
2023-03-31 13:00:00,1.236858,1.236950,1.236767,1.236858,50
2023-03-31 14:00:00,1.236858,1.236941,1.236776,1.236858,50
2023-03-31 15:00:00,1.236858,1.237050,1.236667,1.236858,50
2023-03-31 16:00:00,1.236858,1.236965,1.236752,1.236858,50
2023-03-31 17:00:00,1.236858,1.237014,1.236703,1.236858,50
2023-03-31 18:00:00,1.236858,1.236900,1.236817,1.236858,50
2023-03-31 19:00:00,1.236858,1.237026,1.236691,1.236858,50
2023-03-31 20:00:00,1.236858,1.237071,1.236646,1.236858,50
2023-03-31 21:00:00,1.236858,1.236995,1.236722,1.236858,50
2023-03-31 22:00:00,1.236858,1.237047,1.236670,1.236858,50
2023-03-31 23:00:00,1.236858,1.236986,1.236731,1.236858,50
2023-04-03 00:00:00,1.236858,1.236998,1.236044,1.236183,50
2023-04-03 01:00:00,1.236183,1.236780,1.236161,1.236757,50
2023-04-03 02:00:00,1.236757,1.236899,1.236626,1.236768,50
2023-04-03 03:00:00,1.236768,1.236888,1.236709,1.236830,50
2023-04-03 04:00:00,1.236830,1.237411,1.236715,1.237297,50
2023-04-03 05:00:00,1.237297,1.237984,1.237221,1.237909,50
2023-04-03 06:00:00,1.237909,1.238648,1.237708,1.238447,50
2023-04-03 07:00:00,1.238447,1.238553,1.238275,1.238381,50
2023-04-03 08:00:00,1.238381,1.238496,1.238254,1.238369,50
2023-04-03 09:00:00,1.238369,1.238489,1.237767,1.237887,50
2023-04-03 10:00:00,1.237887,1.238882,1.237708,1.238703,50
2023-04-03 11:00:00,1.238703,1.239288,1.238591,1.239176,50
2023-04-03 12:00:00,1.239176,1.239855,1.238960,1.239640,50
2023-04-03 13:00:00,1.239640,1.240067,1.239441,1.239868,50
2023-04-03 14:00:00,1.239868,1.240281,1.239772,1.240185,50
2023-04-03 15:00:00,1.240185,1.240347,1.239293,1.239455,50
2023-04-03 16:00:00,1.239455,1.239705,1.239275,1.239526,50
2023-04-03 17:00:00,1.239526,1.239532,1.239374,1.239380,50
2023-04-03 18:00:00,1.239380,1.240033,1.239264,1.239916,50
2023-04-03 19:00:00,1.239916,1.240191,1.239835,1.240109,50
2023-04-03 20:00:00,1.240109,1.240211,1.239768,1.239869,50
2023-04-03 21:00:00,1.239869,1.240431,1.239754,1.240316,50
2023-04-03 22:00:00,1.240316,1.240770,1.240044,1.240498,50
2023-04-03 23:00:00,1.240498,1.240710,1.240021,1.240233,50
2023-04-04 00:00:00,1.240233,1.247011,1.239473,1.246252,50
2023-04-04 01:00:00,1.246252,1.246967,1.244239,1.244954,50
2023-04-04 02:00:00,1.244954,1.246124,1.244815,1.245985,50
2023-04-04 03:00:00,1.245985,1.246076,1.245144,1.245235,50
2023-04-04 04:00:00,1.245235,1.246867,1.244505,1.246137,50
2023-04-04 05:00:00,1.246137,1.246640,1.245035,1.245537,50
2023-04-04 06:00:00,1.245537,1.248322,1.245520,1.248305,50
2023-04-04 07:00:00,1.248305,1.248954,1.248135,1.248784,50
2023-04-04 08:00:00,1.248784,1.251370,1.248516,1.251101,50
2023-04-04 09:00:00,1.251101,1.251431,1.247535,1.247865,50
2023-04-04 10:00:00,1.247865,1.248075,1.241875,1.242085,50
2023-04-04 11:00:00,1.242085,1.242334,1.240670,1.240919,50
2023-04-04 12:00:00,1.240919,1.242549,1.240470,1.242101,50
2023-04-04 13:00:00,1.242101,1.242840,1.240844,1.241583,50
2023-04-04 14:00:00,1.241583,1.243857,1.241017,1.243291,50
2023-04-04 15:00:00,1.243291,1.244049,1.241049,1.241806,50
2023-04-04 16:00:00,1.241806,1.241812,1.238452,1.238457,50
2023-04-04 17:00:00,1.238457,1.238688,1.238080,1.238311,50
2023-04-04 18:00:00,1.238311,1.240872,1.237590,1.240152,50
2023-04-04 19:00:00,1.240152,1.242848,1.239674,1.242370,50
2023-04-04 20:00:00,1.242370,1.245715,1.242106,1.245451,50
2023-04-04 21:00:00,1.245451,1.249228,1.245242,1.249019,50
2023-04-04 22:00:00,1.249019,1.252451,1.248334,1.251766,50
2023-04-04 23:00:00,1.251766,1.252570,1.249040,1.249844,50
2023-04-05 00:00:00,1.249844,1.249859,1.249648,1.249664,50
2023-04-05 01:00:00,1.249664,1.249868,1.248979,1.249184,50
2023-04-05 02:00:00,1.249184,1.249944,1.249024,1.249784,50
2023-04-05 03:00:00,1.249784,1.250434,1.249566,1.250216,50
2023-04-05 04:00:00,1.250216,1.250481,1.250026,1.250291,50
2023-04-05 05:00:00,1.250291,1.250404,1.249518,1.249631,50
2023-04-05 06:00:00,1.249631,1.250457,1.249610,1.250436,50
2023-04-05 07:00:00,1.250436,1.250483,1.249686,1.249734,50
2023-04-05 08:00:00,1.249734,1.249947,1.248456,1.248670,50
2023-04-05 09:00:00,1.248670,1.248836,1.248451,1.248617,50
2023-04-05 10:00:00,1.248617,1.248618,1.247769,1.247770,50
2023-04-05 11:00:00,1.247770,1.247961,1.247184,1.247376,50
2023-04-05 12:00:00,1.247376,1.247850,1.247357,1.247830,50
2023-04-05 13:00:00,1.247830,1.247832,1.246745,1.246747,50
2023-04-05 14:00:00,1.246747,1.246971,1.246441,1.246665,50
2023-04-05 15:00:00,1.246665,1.246892,1.246430,1.246657,50
2023-04-05 16:00:00,1.246657,1.246851,1.246568,1.246761,50
2023-04-05 17:00:00,1.246761,1.247357,1.246563,1.247159,50
2023-04-05 18:00:00,1.247159,1.248625,1.247104,1.248570,50
2023-04-05 19:00:00,1.248570,1.248615,1.247173,1.247217,50
2023-04-05 20:00:00,1.247217,1.247411,1.246096,1.246291,50
2023-04-05 21:00:00,1.246291,1.247261,1.246222,1.247192,50
2023-04-05 22:00:00,1.247192,1.248594,1.247172,1.248574,50
2023-04-05 23:00:00,1.248574,1.248790,1.246667,1.246883,50
2023-04-06 00:00:00,1.246883,1.248219,1.246766,1.248103,50
2023-04-06 01:00:00,1.248103,1.248213,1.247691,1.247801,50
2023-04-06 02:00:00,1.247801,1.248178,1.247708,1.248085,50
2023-04-06 03:00:00,1.248085,1.248109,1.246764,1.246788,50
2023-04-06 04:00:00,1.246788,1.248183,1.246735,1.248130,50
2023-04-06 05:00:00,1.248130,1.248348,1.247726,1.247944,50
2023-04-06 06:00:00,1.247944,1.248029,1.247461,1.247547,50
2023-04-06 07:00:00,1.247547,1.247845,1.247427,1.247725,50
2023-04-06 08:00:00,1.247725,1.247936,1.245066,1.245277,50
2023-04-06 09:00:00,1.245277,1.246591,1.245143,1.246457,50
2023-04-06 10:00:00,1.246457,1.247307,1.246416,1.247266,50
2023-04-06 11:00:00,1.247266,1.247280,1.247203,1.247217,50
2023-04-06 12:00:00,1.247217,1.247530,1.247179,1.247492,50
2023-04-06 13:00:00,1.247492,1.247517,1.246789,1.246814,50
2023-04-06 14:00:00,1.246814,1.246854,1.245842,1.245882,50
2023-04-06 15:00:00,1.245882,1.245917,1.245314,1.245350,50
2023-04-06 16:00:00,1.245350,1.245423,1.245236,1.245309,50
2023-04-06 17:00:00,1.245309,1.246526,1.245204,1.246421,50
2023-04-06 18:00:00,1.246421,1.246507,1.246160,1.246246,50
2023-04-06 19:00:00,1.246246,1.246329,1.244602,1.244685,50
2023-04-06 20:00:00,1.244685,1.244801,1.244277,1.244393,50
2023-04-06 21:00:00,1.244393,1.244907,1.244342,1.244856,50
2023-04-06 22:00:00,1.244856,1.247433,1.244640,1.247217,50
2023-04-06 23:00:00,1.247217,1.247270,1.245587,1.245640,50
2023-04-07 00:00:00,1.245640,1.245667,1.244580,1.244607,50
2023-04-07 01:00:00,1.244607,1.244898,1.244359,1.244650,50
2023-04-07 02:00:00,1.244650,1.244779,1.243550,1.243679,50
2023-04-07 03:00:00,1.243679,1.244084,1.243569,1.243975,50
2023-04-07 04:00:00,1.243975,1.245642,1.243744,1.245412,50
2023-04-07 05:00:00,1.245412,1.246518,1.245215,1.246321,50
2023-04-07 06:00:00,1.246321,1.246446,1.245128,1.245252,50
2023-04-07 07:00:00,1.245252,1.245362,1.244454,1.244563,50
2023-04-07 08:00:00,1.244563,1.244719,1.244316,1.244472,50
2023-04-07 09:00:00,1.244472,1.244711,1.243697,1.243936,50
2023-04-07 10:00:00,1.243936,1.244645,1.243733,1.244443,50
2023-04-07 11:00:00,1.244443,1.244468,1.243360,1.243385,50
2023-04-07 12:00:00,1.243385,1.243394,1.242335,1.242343,50
2023-04-07 13:00:00,1.242343,1.242848,1.242241,1.242745,50
2023-04-07 14:00:00,1.242745,1.242981,1.242663,1.242898,50
2023-04-07 15:00:00,1.242898,1.243121,1.242334,1.242556,50
2023-04-07 16:00:00,1.242556,1.242843,1.242382,1.242670,50
2023-04-07 17:00:00,1.242670,1.242709,1.242143,1.242183,50
2023-04-07 18:00:00,1.242183,1.243154,1.242063,1.243034,50
2023-04-07 19:00:00,1.243034,1.243211,1.242869,1.243046,50
2023-04-07 20:00:00,1.243046,1.243183,1.242543,1.242681,50
2023-04-07 21:00:00,1.242681,1.242754,1.242282,1.242356,50
2023-04-07 22:00:00,1.242356,1.242553,1.241358,1.241555,50
2023-04-07 23:00:00,1.241555,1.242316,1.241475,1.242236,50
2023-04-10 00:00:00,1.242236,1.243291,1.241729,1.242783,50
2023-04-10 01:00:00,1.242783,1.243876,1.242432,1.243526,50
2023-04-10 02:00:00,1.243526,1.243812,1.241330,1.241617,50
2023-04-10 03:00:00,1.241617,1.243144,1.241518,1.243045,50
2023-04-10 04:00:00,1.243045,1.243220,1.241887,1.242062,50
2023-04-10 05:00:00,1.242062,1.242286,1.240978,1.241202,50
2023-04-10 06:00:00,1.241202,1.242096,1.241123,1.242017,50
2023-04-10 07:00:00,1.242017,1.242198,1.241502,1.241683,50
2023-04-10 08:00:00,1.241683,1.242535,1.241485,1.242336,50
2023-04-10 09:00:00,1.242336,1.242735,1.241022,1.241421,50
2023-04-10 10:00:00,1.241421,1.241912,1.239664,1.240155,50
2023-04-10 11:00:00,1.240155,1.240160,1.237630,1.237635,50
2023-04-10 12:00:00,1.237635,1.238218,1.237561,1.238144,50
2023-04-10 13:00:00,1.238144,1.238607,1.236315,1.236778,50
2023-04-10 14:00:00,1.236778,1.236865,1.236773,1.236859,50
2023-04-10 15:00:00,1.236859,1.236999,1.236496,1.236636,50
2023-04-10 16:00:00,1.236636,1.236941,1.234423,1.234729,50
2023-04-10 17:00:00,1.234729,1.235935,1.234440,1.235646,50
2023-04-10 18:00:00,1.235646,1.235786,1.235529,1.235668,50
2023-04-10 19:00:00,1.235668,1.236076,1.234091,1.234499,50
2023-04-10 20:00:00,1.234499,1.235012,1.234113,1.234627,50
2023-04-10 21:00:00,1.234627,1.235607,1.234624,1.235604,50
2023-04-10 22:00:00,1.235604,1.235990,1.234740,1.235126,50
2023-04-10 23:00:00,1.235126,1.235992,1.234922,1.235788,50
2023-04-11 00:00:00,1.235788,1.236847,1.235754,1.236812,50
2023-04-11 01:00:00,1.236812,1.237193,1.236559,1.236940,50
2023-04-11 02:00:00,1.236940,1.238270,1.236730,1.238060,50
2023-04-11 03:00:00,1.238060,1.238180,1.234656,1.234776,50
2023-04-11 04:00:00,1.234776,1.235495,1.234380,1.235099,50
2023-04-11 05:00:00,1.235099,1.237888,1.234834,1.237624,50
2023-04-11 06:00:00,1.237624,1.240619,1.237394,1.240389,50
2023-04-11 07:00:00,1.240389,1.240756,1.239277,1.239643,50
2023-04-11 08:00:00,1.239643,1.240016,1.239475,1.239848,50
2023-04-11 09:00:00,1.239848,1.242276,1.239433,1.241861,50
2023-04-11 10:00:00,1.241861,1.242152,1.240271,1.240562,50
2023-04-11 11:00:00,1.240562,1.240725,1.239380,1.239543,50
2023-04-11 12:00:00,1.239543,1.239736,1.237456,1.237650,50
2023-04-11 13:00:00,1.237650,1.238418,1.237238,1.238006,50
2023-04-11 14:00:00,1.238006,1.239796,1.237748,1.239538,50
2023-04-11 15:00:00,1.239538,1.239543,1.238066,1.238071,50
2023-04-11 16:00:00,1.238071,1.238433,1.236866,1.237228,50
2023-04-11 17:00:00,1.237228,1.237404,1.236006,1.236182,50
2023-04-11 18:00:00,1.236182,1.236309,1.235743,1.235871,50
2023-04-11 19:00:00,1.235871,1.237747,1.235665,1.237541,50
2023-04-11 20:00:00,1.237541,1.240711,1.237454,1.240624,50
2023-04-11 21:00:00,1.240624,1.240907,1.237695,1.237978,50
2023-04-11 22:00:00,1.237978,1.239878,1.237715,1.239615,50
2023-04-11 23:00:00,1.239615,1.241045,1.239419,1.240849,50
2023-04-12 00:00:00,1.240849,1.244340,1.240838,1.244329,50
2023-04-12 01:00:00,1.244329,1.245135,1.243855,1.244661,50
2023-04-12 02:00:00,1.244661,1.244960,1.243404,1.243702,50
2023-04-12 03:00:00,1.243702,1.244472,1.243564,1.244334,50
2023-04-12 04:00:00,1.244334,1.245316,1.243899,1.244881,50
2023-04-12 05:00:00,1.244881,1.245280,1.244090,1.244490,50
2023-04-12 06:00:00,1.244490,1.244669,1.242207,1.242385,50
2023-04-12 07:00:00,1.242385,1.242802,1.241482,1.241899,50
2023-04-12 08:00:00,1.241899,1.242854,1.241791,1.242746,50
2023-04-12 09:00:00,1.242746,1.243063,1.241295,1.241611,50
2023-04-12 10:00:00,1.241611,1.241885,1.240211,1.240485,50
2023-04-12 11:00:00,1.240485,1.242752,1.240064,1.242331,50
2023-04-12 12:00:00,1.242331,1.242499,1.242167,1.242335,50
2023-04-12 13:00:00,1.242335,1.242681,1.242128,1.242474,50
2023-04-12 14:00:00,1.242474,1.242874,1.241127,1.241527,50
2023-04-12 15:00:00,1.241527,1.242194,1.241261,1.241928,50
2023-04-12 16:00:00,1.241928,1.242284,1.240825,1.241181,50
2023-04-12 17:00:00,1.241181,1.241513,1.240324,1.240656,50
2023-04-12 18:00:00,1.240656,1.241002,1.239264,1.239611,50
2023-04-12 19:00:00,1.239611,1.242471,1.239148,1.242008,50
2023-04-12 20:00:00,1.242008,1.243139,1.241755,1.242886,50
2023-04-12 21:00:00,1.242886,1.243234,1.241945,1.242292,50
2023-04-12 22:00:00,1.242292,1.245150,1.242098,1.244956,50
2023-04-12 23:00:00,1.244956,1.247055,1.244939,1.247038,50
2023-04-13 00:00:00,1.247038,1.247301,1.246383,1.246646,50
2023-04-13 01:00:00,1.246646,1.246985,1.246099,1.246438,50
2023-04-13 02:00:00,1.246438,1.247720,1.245932,1.247214,50
2023-04-13 03:00:00,1.247214,1.248846,1.247156,1.248788,50
2023-04-13 04:00:00,1.248788,1.249079,1.247468,1.247759,50
2023-04-13 05:00:00,1.247759,1.248602,1.247513,1.248357,50
2023-04-13 06:00:00,1.248357,1.249150,1.247964,1.248756,50
2023-04-13 07:00:00,1.248756,1.249147,1.248446,1.248836,50
2023-04-13 08:00:00,1.248836,1.250284,1.248608,1.250056,50
2023-04-13 09:00:00,1.250056,1.250124,1.249741,1.249808,50
2023-04-13 10:00:00,1.249808,1.250842,1.249535,1.250569,50
2023-04-13 11:00:00,1.250569,1.251078,1.250163,1.250673,50
2023-04-13 12:00:00,1.250673,1.251159,1.249751,1.250237,50
2023-04-13 13:00:00,1.250237,1.250690,1.250004,1.250457,50
2023-04-13 14:00:00,1.250457,1.251194,1.250195,1.250932,50
2023-04-13 15:00:00,1.250932,1.251693,1.250522,1.251283,50
2023-04-13 16:00:00,1.251283,1.251790,1.251054,1.251561,50
2023-04-13 17:00:00,1.251561,1.252112,1.251354,1.251904,50
2023-04-13 18:00:00,1.251904,1.252699,1.251528,1.252322,50
2023-04-13 19:00:00,1.252322,1.252774,1.251390,1.251842,50
2023-04-13 20:00:00,1.251842,1.252236,1.251256,1.251650,50
2023-04-13 21:00:00,1.251650,1.252783,1.251174,1.252306,50
2023-04-13 22:00:00,1.252306,1.253540,1.252218,1.253451,50
2023-04-13 23:00:00,1.253451,1.253723,1.252861,1.253133,50
2023-04-14 00:00:00,1.253133,1.255561,1.252723,1.255151,50
2023-04-14 01:00:00,1.255151,1.256003,1.252848,1.253700,50
2023-04-14 02:00:00,1.253700,1.255361,1.253089,1.254751,50
2023-04-14 03:00:00,1.254751,1.255485,1.251266,1.252000,50
2023-04-14 04:00:00,1.252000,1.252170,1.251570,1.251740,50
2023-04-14 05:00:00,1.251740,1.251893,1.248367,1.248521,50
2023-04-14 06:00:00,1.248521,1.248574,1.244732,1.244786,50
2023-04-14 07:00:00,1.244786,1.245535,1.241051,1.241800,50
2023-04-14 08:00:00,1.241800,1.247798,1.241233,1.247232,50
2023-04-14 09:00:00,1.247232,1.247460,1.247149,1.247377,50
2023-04-14 10:00:00,1.247377,1.250136,1.246934,1.249692,50
2023-04-14 11:00:00,1.249692,1.253592,1.249194,1.253095,50
2023-04-14 12:00:00,1.253095,1.255865,1.252635,1.255405,50
2023-04-14 13:00:00,1.255405,1.256000,1.250436,1.251032,50
2023-04-14 14:00:00,1.251032,1.251984,1.250105,1.251058,50
2023-04-14 15:00:00,1.251058,1.251413,1.247808,1.248164,50
2023-04-14 16:00:00,1.248164,1.248777,1.245327,1.245940,50
2023-04-14 17:00:00,1.245940,1.246811,1.245210,1.246081,50
2023-04-14 18:00:00,1.246081,1.246877,1.243362,1.244158,50
2023-04-14 19:00:00,1.244158,1.244681,1.243751,1.244274,50
2023-04-14 20:00:00,1.244274,1.247281,1.243758,1.246765,50
2023-04-14 21:00:00,1.246765,1.247466,1.244800,1.245501,50
2023-04-14 22:00:00,1.245501,1.246126,1.241514,1.242140,50
2023-04-14 23:00:00,1.242140,1.242872,1.241041,1.241773,50
2023-04-17 00:00:00,1.241773,1.241969,1.241377,1.241573,50
2023-04-17 01:00:00,1.241573,1.241692,1.240783,1.240903,50
2023-04-17 02:00:00,1.240903,1.241109,1.239093,1.239299,50
2023-04-17 03:00:00,1.239299,1.239873,1.239177,1.239750,50
2023-04-17 04:00:00,1.239750,1.239950,1.238263,1.238462,50
2023-04-17 05:00:00,1.238462,1.239056,1.238099,1.238693,50
2023-04-17 06:00:00,1.238693,1.239044,1.238682,1.239033,50
2023-04-17 07:00:00,1.239033,1.239977,1.238604,1.239548,50
2023-04-17 08:00:00,1.239548,1.239869,1.238878,1.239199,50
2023-04-17 09:00:00,1.239199,1.239513,1.238532,1.238845,50
2023-04-17 10:00:00,1.238845,1.238920,1.238124,1.238199,50
2023-04-17 11:00:00,1.238199,1.238512,1.236603,1.236915,50
2023-04-17 12:00:00,1.236915,1.236919,1.235672,1.235675,50
2023-04-17 13:00:00,1.235675,1.237477,1.235398,1.237199,50
2023-04-17 14:00:00,1.237199,1.237380,1.236113,1.236293,50
2023-04-17 15:00:00,1.236293,1.237530,1.235842,1.237078,50
2023-04-17 16:00:00,1.237078,1.237530,1.237034,1.237485,50
2023-04-17 17:00:00,1.237485,1.237728,1.235988,1.236231,50
2023-04-17 18:00:00,1.236231,1.236512,1.235883,1.236163,50
2023-04-17 19:00:00,1.236163,1.236635,1.235684,1.236156,50
2023-04-17 20:00:00,1.236156,1.236377,1.235262,1.235483,50
2023-04-17 21:00:00,1.235483,1.235683,1.234575,1.234775,50
2023-04-17 22:00:00,1.234775,1.235768,1.234519,1.235513,50
2023-04-17 23:00:00,1.235513,1.236328,1.235126,1.235941,50
2023-04-18 00:00:00,1.235941,1.237278,1.235584,1.236921,50
2023-04-18 01:00:00,1.236921,1.237584,1.236733,1.237397,50
2023-04-18 02:00:00,1.237397,1.237587,1.236692,1.236882,50
2023-04-18 03:00:00,1.236882,1.237024,1.236520,1.236663,50
2023-04-18 04:00:00,1.236663,1.239792,1.236408,1.239537,50
2023-04-18 05:00:00,1.239537,1.240212,1.239409,1.240083,50
2023-04-18 06:00:00,1.240083,1.240132,1.239163,1.239211,50
2023-04-18 07:00:00,1.239211,1.239965,1.239025,1.239779,50
2023-04-18 08:00:00,1.239779,1.239809,1.238330,1.238360,50
2023-04-18 09:00:00,1.238360,1.238721,1.235498,1.235859,50
2023-04-18 10:00:00,1.235859,1.235962,1.234641,1.234744,50
2023-04-18 11:00:00,1.234744,1.237701,1.234602,1.237559,50
2023-04-18 12:00:00,1.237559,1.237775,1.236139,1.236355,50
2023-04-18 13:00:00,1.236355,1.239615,1.235992,1.239253,50
2023-04-18 14:00:00,1.239253,1.239673,1.238659,1.239080,50
2023-04-18 15:00:00,1.239080,1.239495,1.238053,1.238468,50
2023-04-18 16:00:00,1.238468,1.239115,1.238341,1.238988,50
2023-04-18 17:00:00,1.238988,1.239399,1.238302,1.238713,50
2023-04-18 18:00:00,1.238713,1.240574,1.238247,1.240109,50
2023-04-18 19:00:00,1.240109,1.241282,1.239821,1.240994,50
2023-04-18 20:00:00,1.240994,1.241722,1.240522,1.241250,50
2023-04-18 21:00:00,1.241250,1.241575,1.240886,1.241211,50
2023-04-18 22:00:00,1.241211,1.243247,1.241089,1.243125,50
2023-04-18 23:00:00,1.243125,1.243238,1.241814,1.241927,50
2023-04-19 00:00:00,1.241927,1.242005,1.241142,1.241220,50
2023-04-19 01:00:00,1.241220,1.241610,1.241068,1.241458,50
2023-04-19 02:00:00,1.241458,1.242117,1.241269,1.241928,50
2023-04-19 03:00:00,1.241928,1.242007,1.241884,1.241963,50
2023-04-19 04:00:00,1.241963,1.242089,1.241335,1.241462,50
2023-04-19 05:00:00,1.241462,1.241462,1.241370,1.241370,50
2023-04-19 06:00:00,1.241370,1.241930,1.241244,1.241804,50
2023-04-19 07:00:00,1.241804,1.242330,1.241789,1.242315,50
2023-04-19 08:00:00,1.242315,1.243129,1.242186,1.243000,50
2023-04-19 09:00:00,1.243000,1.244277,1.242941,1.244217,50
2023-04-19 10:00:00,1.244217,1.244698,1.244046,1.244527,50
2023-04-19 11:00:00,1.244527,1.244723,1.244442,1.244638,50
2023-04-19 12:00:00,1.244638,1.244803,1.243913,1.244078,50
2023-04-19 13:00:00,1.244078,1.244206,1.243475,1.243603,50
2023-04-19 14:00:00,1.243603,1.245029,1.243526,1.244953,50
2023-04-19 15:00:00,1.244953,1.245132,1.243369,1.243549,50
2023-04-19 16:00:00,1.243549,1.243836,1.243459,1.243746,50
2023-04-19 17:00:00,1.243746,1.244713,1.243714,1.244681,50
2023-04-19 18:00:00,1.244681,1.244683,1.244226,1.244228,50
2023-04-19 19:00:00,1.244228,1.244328,1.243357,1.243457,50
2023-04-19 20:00:00,1.243457,1.243518,1.241924,1.241985,50
2023-04-19 21:00:00,1.241985,1.242888,1.241914,1.242817,50
2023-04-19 22:00:00,1.242817,1.243348,1.242636,1.243167,50
2023-04-19 23:00:00,1.243167,1.244417,1.242995,1.244245,50
2023-04-20 00:00:00,1.244245,1.244455,1.243929,1.244138,50
2023-04-20 01:00:00,1.244138,1.244702,1.244043,1.244607,50
2023-04-20 02:00:00,1.244607,1.244809,1.244553,1.244755,50
2023-04-20 03:00:00,1.244755,1.244795,1.243642,1.243681,50
2023-04-20 04:00:00,1.243681,1.243703,1.242666,1.242688,50
2023-04-20 05:00:00,1.242688,1.243635,1.242579,1.243527,50
2023-04-20 06:00:00,1.243527,1.243856,1.243515,1.243844,50
2023-04-20 07:00:00,1.243844,1.244325,1.243706,1.244186,50
2023-04-20 08:00:00,1.244186,1.244260,1.244005,1.244078,50
2023-04-20 09:00:00,1.244078,1.244341,1.244045,1.244308,50
2023-04-20 10:00:00,1.244308,1.244686,1.244200,1.244578,50
2023-04-20 11:00:00,1.244578,1.244802,1.244439,1.244663,50
2023-04-20 12:00:00,1.244663,1.244853,1.244315,1.244505,50
2023-04-20 13:00:00,1.244505,1.245184,1.244483,1.245161,50
2023-04-20 14:00:00,1.245161,1.245274,1.244992,1.245105,50
2023-04-20 15:00:00,1.245105,1.245417,1.245072,1.245384,50
2023-04-20 16:00:00,1.245384,1.245705,1.245180,1.245501,50
2023-04-20 17:00:00,1.245501,1.246458,1.245465,1.246422,50
2023-04-20 18:00:00,1.246422,1.246522,1.246160,1.246260,50
2023-04-20 19:00:00,1.246260,1.246402,1.245935,1.246077,50
2023-04-20 20:00:00,1.246077,1.246244,1.245551,1.245718,50
2023-04-20 21:00:00,1.245718,1.245795,1.245452,1.245529,50
2023-04-20 22:00:00,1.245529,1.245758,1.245328,1.245558,50
2023-04-20 23:00:00,1.245558,1.245640,1.244783,1.244865,50
2023-04-21 00:00:00,1.244865,1.245044,1.243455,1.243634,50
2023-04-21 01:00:00,1.243634,1.243954,1.243392,1.243712,50
2023-04-21 02:00:00,1.243712,1.243892,1.243615,1.243795,50
2023-04-21 03:00:00,1.243795,1.245381,1.243631,1.245217,50
2023-04-21 04:00:00,1.245217,1.245453,1.245082,1.245318,50
2023-04-21 05:00:00,1.245318,1.245588,1.245183,1.245452,50
2023-04-21 06:00:00,1.245452,1.245585,1.245274,1.245407,50
2023-04-21 07:00:00,1.245407,1.245615,1.244475,1.244683,50
2023-04-21 08:00:00,1.244683,1.244910,1.243302,1.243529,50
2023-04-21 09:00:00,1.243529,1.243931,1.243299,1.243702,50
2023-04-21 10:00:00,1.243702,1.244901,1.243670,1.244869,50
2023-04-21 11:00:00,1.244869,1.245294,1.244658,1.245083,50
2023-04-21 12:00:00,1.245083,1.245111,1.244101,1.244130,50
2023-04-21 13:00:00,1.244130,1.244168,1.243349,1.243387,50
2023-04-21 14:00:00,1.243387,1.243736,1.243350,1.243698,50
2023-04-21 15:00:00,1.243698,1.244168,1.243677,1.244147,50
2023-04-21 16:00:00,1.244147,1.244776,1.244038,1.244668,50
2023-04-21 17:00:00,1.244668,1.244693,1.244004,1.244030,50
2023-04-21 18:00:00,1.244030,1.244137,1.243185,1.243293,50
2023-04-21 19:00:00,1.243293,1.243720,1.243073,1.243501,50
2023-04-21 20:00:00,1.243501,1.243602,1.241964,1.242066,50
2023-04-21 21:00:00,1.242066,1.242086,1.241796,1.241815,50
2023-04-21 22:00:00,1.241815,1.242002,1.241153,1.241340,50
2023-04-21 23:00:00,1.241340,1.242057,1.241211,1.241927,50
2023-04-24 00:00:00,1.241927,1.244295,1.241698,1.244065,50
2023-04-24 01:00:00,1.244065,1.244067,1.242800,1.242802,50
2023-04-24 02:00:00,1.242802,1.243079,1.241963,1.242240,50
2023-04-24 03:00:00,1.242240,1.242395,1.241740,1.241895,50
2023-04-24 04:00:00,1.241895,1.243349,1.241759,1.243213,50
2023-04-24 05:00:00,1.243213,1.243240,1.242102,1.242129,50
2023-04-24 06:00:00,1.242129,1.242800,1.242081,1.242752,50
2023-04-24 07:00:00,1.242752,1.242772,1.241852,1.241873,50
2023-04-24 08:00:00,1.241873,1.241902,1.241446,1.241475,50
2023-04-24 09:00:00,1.241475,1.241721,1.240939,1.241185,50
2023-04-24 10:00:00,1.241185,1.241621,1.241068,1.241504,50
2023-04-24 11:00:00,1.241504,1.242714,1.241261,1.242471,50
2023-04-24 12:00:00,1.242471,1.242938,1.242164,1.242631,50
2023-04-24 13:00:00,1.242631,1.243678,1.242437,1.243483,50
2023-04-24 14:00:00,1.243483,1.244084,1.243419,1.244020,50
2023-04-24 15:00:00,1.244020,1.244069,1.243933,1.243982,50
2023-04-24 16:00:00,1.243982,1.244283,1.243638,1.243939,50
2023-04-24 17:00:00,1.243939,1.244093,1.243530,1.243683,50
2023-04-24 18:00:00,1.243683,1.243788,1.243144,1.243249,50
2023-04-24 19:00:00,1.243249,1.243547,1.242187,1.242485,50
2023-04-24 20:00:00,1.242485,1.243639,1.242432,1.243586,50
2023-04-24 21:00:00,1.243586,1.244577,1.243312,1.244303,50
2023-04-24 22:00:00,1.244303,1.245229,1.244300,1.245226,50
2023-04-24 23:00:00,1.245226,1.245777,1.245089,1.245640,50
2023-04-25 00:00:00,1.245640,1.247206,1.245248,1.246814,50
2023-04-25 01:00:00,1.246814,1.247002,1.246188,1.246376,50
2023-04-25 02:00:00,1.246376,1.246847,1.244507,1.244979,50
2023-04-25 03:00:00,1.244979,1.246463,1.244540,1.246024,50
2023-04-25 04:00:00,1.246024,1.246678,1.245928,1.246582,50
2023-04-25 05:00:00,1.246582,1.246974,1.244704,1.245095,50
2023-04-25 06:00:00,1.245095,1.245366,1.243329,1.243599,50
2023-04-25 07:00:00,1.243599,1.244298,1.243301,1.244001,50
2023-04-25 08:00:00,1.244001,1.244396,1.241357,1.241752,50
2023-04-25 09:00:00,1.241752,1.242083,1.241066,1.241397,50
2023-04-25 10:00:00,1.241397,1.241814,1.241068,1.241485,50
2023-04-25 11:00:00,1.241485,1.241919,1.239601,1.240035,50
2023-04-25 12:00:00,1.240035,1.240110,1.239455,1.239530,50
2023-04-25 13:00:00,1.239530,1.239563,1.238565,1.238598,50
2023-04-25 14:00:00,1.238598,1.239745,1.238457,1.239604,50
2023-04-25 15:00:00,1.239604,1.239781,1.238707,1.238884,50
2023-04-25 16:00:00,1.238884,1.238949,1.238637,1.238702,50
2023-04-25 17:00:00,1.238702,1.240272,1.238681,1.240251,50
2023-04-25 18:00:00,1.240251,1.240489,1.239211,1.239449,50
2023-04-25 19:00:00,1.239449,1.241311,1.239025,1.240887,50
2023-04-25 20:00:00,1.240887,1.241999,1.240504,1.241615,50
2023-04-25 21:00:00,1.241615,1.242525,1.241390,1.242300,50
2023-04-25 22:00:00,1.242300,1.242730,1.241645,1.242075,50
2023-04-25 23:00:00,1.242075,1.242365,1.239481,1.239772,50
2023-04-26 00:00:00,1.239772,1.241352,1.239557,1.241137,50
2023-04-26 01:00:00,1.241137,1.241565,1.240588,1.241016,50
2023-04-26 02:00:00,1.241016,1.241111,1.240331,1.240426,50
2023-04-26 03:00:00,1.240426,1.245449,1.240339,1.245362,50
2023-04-26 04:00:00,1.245362,1.247702,1.244842,1.247182,50
2023-04-26 05:00:00,1.247182,1.247245,1.244200,1.244263,50
2023-04-26 06:00:00,1.244263,1.248119,1.243531,1.247387,50
2023-04-26 07:00:00,1.247387,1.250548,1.247199,1.250360,50
2023-04-26 08:00:00,1.250360,1.251011,1.245397,1.246048,50
2023-04-26 09:00:00,1.246048,1.248157,1.245333,1.247442,50
2023-04-26 10:00:00,1.247442,1.247495,1.244548,1.244601,50
2023-04-26 11:00:00,1.244601,1.247776,1.244305,1.247480,50
2023-04-26 12:00:00,1.247480,1.248042,1.247113,1.247675,50
2023-04-26 13:00:00,1.247675,1.247847,1.245262,1.245434,50
2023-04-26 14:00:00,1.245434,1.245621,1.242010,1.242197,50
2023-04-26 15:00:00,1.242197,1.242488,1.241770,1.242060,50
2023-04-26 16:00:00,1.242060,1.242412,1.240487,1.240839,50
2023-04-26 17:00:00,1.240839,1.241038,1.238761,1.238960,50
2023-04-26 18:00:00,1.238960,1.239409,1.238319,1.238767,50
2023-04-26 19:00:00,1.238767,1.239170,1.238101,1.238503,50
2023-04-26 20:00:00,1.238503,1.238910,1.237819,1.238226,50
2023-04-26 21:00:00,1.238226,1.240651,1.238199,1.240624,50
2023-04-26 22:00:00,1.240624,1.244692,1.239949,1.244017,50
2023-04-26 23:00:00,1.244017,1.248889,1.243724,1.248595,50
2023-04-27 00:00:00,1.248595,1.248791,1.246649,1.246845,50
2023-04-27 01:00:00,1.246845,1.247106,1.246638,1.246899,50
2023-04-27 02:00:00,1.246899,1.248793,1.246814,1.248707,50
2023-04-27 03:00:00,1.248707,1.248867,1.248364,1.248523,50
2023-04-27 04:00:00,1.248523,1.248730,1.248279,1.248485,50
2023-04-27 05:00:00,1.248485,1.248692,1.246709,1.246916,50
2023-04-27 06:00:00,1.246916,1.248446,1.246767,1.248297,50
2023-04-27 07:00:00,1.248297,1.248683,1.248148,1.248533,50
2023-04-27 08:00:00,1.248533,1.249195,1.248502,1.249163,50
2023-04-27 09:00:00,1.249163,1.249875,1.248975,1.249687,50
2023-04-27 10:00:00,1.249687,1.249850,1.248900,1.249062,50
2023-04-27 11:00:00,1.249062,1.249217,1.248945,1.249100,50
2023-04-27 12:00:00,1.249100,1.249292,1.248033,1.248225,50
2023-04-27 13:00:00,1.248225,1.248409,1.247783,1.247967,50
2023-04-27 14:00:00,1.247967,1.248849,1.247753,1.248635,50
2023-04-27 15:00:00,1.248635,1.248928,1.248471,1.248764,50
2023-04-27 16:00:00,1.248764,1.248877,1.247198,1.247311,50
2023-04-27 17:00:00,1.247311,1.247440,1.247033,1.247162,50
2023-04-27 18:00:00,1.247162,1.247173,1.247050,1.247061,50
2023-04-27 19:00:00,1.247061,1.247149,1.246317,1.246406,50
2023-04-27 20:00:00,1.246406,1.247598,1.246351,1.247543,50
2023-04-27 21:00:00,1.247543,1.247573,1.246752,1.246782,50
2023-04-27 22:00:00,1.246782,1.246804,1.246522,1.246545,50
2023-04-27 23:00:00,1.246545,1.247218,1.246365,1.247038,50
2023-04-28 00:00:00,1.247038,1.252908,1.246706,1.252575,50
2023-04-28 01:00:00,1.252575,1.252896,1.249307,1.249628,50
2023-04-28 02:00:00,1.249628,1.249843,1.247069,1.247284,50
2023-04-28 03:00:00,1.247284,1.248074,1.245180,1.245970,50
2023-04-28 04:00:00,1.245970,1.247372,1.245065,1.246467,50
2023-04-28 05:00:00,1.246467,1.246676,1.245220,1.245429,50
2023-04-28 06:00:00,1.245429,1.246101,1.244138,1.244810,50
2023-04-28 07:00:00,1.244810,1.248472,1.244138,1.247800,50
2023-04-28 08:00:00,1.247800,1.250366,1.247150,1.249716,50
2023-04-28 09:00:00,1.249716,1.252877,1.249352,1.252513,50
2023-04-28 10:00:00,1.252513,1.252623,1.249449,1.249560,50
2023-04-28 11:00:00,1.249560,1.253761,1.248887,1.253089,50
2023-04-28 12:00:00,1.253089,1.253531,1.252009,1.252451,50
2023-04-28 13:00:00,1.252451,1.257572,1.252054,1.257175,50
2023-04-28 14:00:00,1.257175,1.259838,1.256431,1.259095,50
2023-04-28 15:00:00,1.259095,1.259246,1.258082,1.258233,50
2023-04-28 16:00:00,1.258233,1.258457,1.257976,1.258201,50
2023-04-28 17:00:00,1.258201,1.259141,1.257917,1.258858,50
2023-04-28 18:00:00,1.258858,1.259785,1.257521,1.258448,50
2023-04-28 19:00:00,1.258448,1.260858,1.257997,1.260406,50
2023-04-28 20:00:00,1.260406,1.260898,1.252886,1.253378,50
2023-04-28 21:00:00,1.253378,1.254124,1.251671,1.252417,50
2023-04-28 22:00:00,1.252417,1.252726,1.251023,1.251331,50
2023-04-28 23:00:00,1.251331,1.258254,1.251255,1.258178,50
2023-05-01 00:00:00,1.258178,1.258308,1.256293,1.256423,50
2023-05-01 01:00:00,1.256423,1.257991,1.255779,1.257347,50
2023-05-01 02:00:00,1.257347,1.260602,1.256653,1.259908,50
2023-05-01 03:00:00,1.259908,1.260279,1.258392,1.258763,50
2023-05-01 04:00:00,1.258763,1.259713,1.258615,1.259564,50
2023-05-01 05:00:00,1.259564,1.259750,1.258956,1.259141,50
2023-05-01 06:00:00,1.259141,1.260108,1.258506,1.259473,50
2023-05-01 07:00:00,1.259473,1.260346,1.258988,1.259861,50
2023-05-01 08:00:00,1.259861,1.260403,1.256742,1.257284,50
2023-05-01 09:00:00,1.257284,1.257952,1.256696,1.257363,50
2023-05-01 10:00:00,1.257363,1.257553,1.256147,1.256337,50
2023-05-01 11:00:00,1.256337,1.256801,1.255523,1.255987,50
2023-05-01 12:00:00,1.255987,1.256033,1.253115,1.253161,50
2023-05-01 13:00:00,1.253161,1.254133,1.252772,1.253744,50
2023-05-01 14:00:00,1.253744,1.255360,1.253351,1.254967,50
2023-05-01 15:00:00,1.254967,1.256132,1.254949,1.256115,50
2023-05-01 16:00:00,1.256115,1.256497,1.254548,1.254931,50
2023-05-01 17:00:00,1.254931,1.258012,1.254459,1.257540,50
2023-05-01 18:00:00,1.257540,1.257718,1.254850,1.255028,50
2023-05-01 19:00:00,1.255028,1.255274,1.253561,1.253807,50
2023-05-01 20:00:00,1.253807,1.254504,1.253275,1.253973,50
2023-05-01 21:00:00,1.253973,1.254633,1.250531,1.251192,50
2023-05-01 22:00:00,1.251192,1.251300,1.248253,1.248362,50
2023-05-01 23:00:00,1.248362,1.249539,1.248354,1.249531,50
2023-05-02 00:00:00,1.249531,1.249710,1.249460,1.249639,50
2023-05-02 01:00:00,1.249639,1.249641,1.249270,1.249272,50
2023-05-02 02:00:00,1.249272,1.249362,1.248594,1.248684,50
2023-05-02 03:00:00,1.248684,1.248735,1.248669,1.248720,50
2023-05-02 04:00:00,1.248720,1.249677,1.248640,1.249596,50
2023-05-02 05:00:00,1.249596,1.249711,1.248256,1.248371,50
2023-05-02 06:00:00,1.248371,1.248415,1.247536,1.247580,50
2023-05-02 07:00:00,1.247580,1.248290,1.247446,1.248156,50
2023-05-02 08:00:00,1.248156,1.248368,1.246434,1.246647,50
2023-05-02 09:00:00,1.246647,1.247138,1.246525,1.247016,50
2023-05-02 10:00:00,1.247016,1.247574,1.246893,1.247450,50
2023-05-02 11:00:00,1.247450,1.247678,1.247292,1.247520,50
2023-05-02 12:00:00,1.247520,1.248410,1.247511,1.248401,50
2023-05-02 13:00:00,1.248401,1.248578,1.247791,1.247967,50
2023-05-02 14:00:00,1.247967,1.247989,1.247761,1.247783,50
2023-05-02 15:00:00,1.247783,1.247899,1.247664,1.247780,50
2023-05-02 16:00:00,1.247780,1.247962,1.247156,1.247338,50
2023-05-02 17:00:00,1.247338,1.247411,1.247337,1.247410,50
2023-05-02 18:00:00,1.247410,1.247571,1.246847,1.247009,50
2023-05-02 19:00:00,1.247009,1.247510,1.246818,1.247319,50
2023-05-02 20:00:00,1.247319,1.247375,1.246832,1.246887,50
2023-05-02 21:00:00,1.246887,1.248641,1.246684,1.248438,50
2023-05-02 22:00:00,1.248438,1.248650,1.246809,1.247021,50
2023-05-02 23:00:00,1.247021,1.247535,1.246991,1.247505,50
2023-05-03 00:00:00,1.247505,1.247661,1.246697,1.246853,50
2023-05-03 01:00:00,1.246853,1.249236,1.246598,1.248981,50
2023-05-03 02:00:00,1.248981,1.249061,1.248446,1.248527,50
2023-05-03 03:00:00,1.248527,1.249125,1.246585,1.247183,50
2023-05-03 04:00:00,1.247183,1.248442,1.246941,1.248200,50
2023-05-03 05:00:00,1.248200,1.248517,1.246692,1.247010,50
2023-05-03 06:00:00,1.247010,1.248803,1.246577,1.248371,50
2023-05-03 07:00:00,1.248371,1.250477,1.248051,1.250157,50
2023-05-03 08:00:00,1.250157,1.250515,1.248011,1.248369,50
2023-05-03 09:00:00,1.248369,1.251652,1.247866,1.251148,50
2023-05-03 10:00:00,1.251148,1.256578,1.250716,1.256145,50
2023-05-03 11:00:00,1.256145,1.256681,1.253757,1.254292,50
2023-05-03 12:00:00,1.254292,1.254769,1.253054,1.253530,50
2023-05-03 13:00:00,1.253530,1.253921,1.250851,1.251242,50
2023-05-03 14:00:00,1.251242,1.253713,1.250938,1.253409,50
2023-05-03 15:00:00,1.253409,1.253414,1.251951,1.251956,50
2023-05-03 16:00:00,1.251956,1.253349,1.251546,1.252940,50
2023-05-03 17:00:00,1.252940,1.254354,1.252637,1.254051,50
2023-05-03 18:00:00,1.254051,1.254508,1.253906,1.254363,50
2023-05-03 19:00:00,1.254363,1.254432,1.254003,1.254072,50
2023-05-03 20:00:00,1.254072,1.254453,1.252409,1.252791,50
2023-05-03 21:00:00,1.252791,1.253144,1.250897,1.251250,50
2023-05-03 22:00:00,1.251250,1.251374,1.251245,1.251369,50
2023-05-03 23:00:00,1.251369,1.255020,1.251054,1.254705,50
2023-05-04 00:00:00,1.254705,1.254854,1.253903,1.254052,50
2023-05-04 01:00:00,1.254052,1.254069,1.254025,1.254042,50
2023-05-04 02:00:00,1.254042,1.255423,1.254012,1.255393,50
2023-05-04 03:00:00,1.255393,1.255801,1.255322,1.255730,50
2023-05-04 04:00:00,1.255730,1.255997,1.254563,1.254829,50
2023-05-04 05:00:00,1.254829,1.255460,1.254553,1.255184,50
2023-05-04 06:00:00,1.255184,1.255190,1.255184,1.255190,50
2023-05-04 07:00:00,1.255190,1.256150,1.255064,1.256024,50
2023-05-04 08:00:00,1.256024,1.257617,1.255808,1.257401,50
2023-05-04 09:00:00,1.257401,1.257640,1.257388,1.257627,50
2023-05-04 10:00:00,1.257627,1.257788,1.257430,1.257592,50
2023-05-04 11:00:00,1.257592,1.258229,1.257573,1.258210,50
2023-05-04 12:00:00,1.258210,1.258385,1.257704,1.257878,50
2023-05-04 13:00:00,1.257878,1.258226,1.257714,1.258061,50
2023-05-04 14:00:00,1.258061,1.258267,1.257255,1.257460,50
2023-05-04 15:00:00,1.257460,1.258731,1.257347,1.258618,50
2023-05-04 16:00:00,1.258618,1.258790,1.258511,1.258683,50
2023-05-04 17:00:00,1.258683,1.258847,1.258042,1.258205,50
2023-05-04 18:00:00,1.258205,1.258512,1.258126,1.258433,50
2023-05-04 19:00:00,1.258433,1.258578,1.257545,1.257690,50
2023-05-04 20:00:00,1.257690,1.257919,1.257504,1.257733,50
2023-05-04 21:00:00,1.257733,1.257807,1.257561,1.257634,50
2023-05-04 22:00:00,1.257634,1.257842,1.256899,1.257106,50
2023-05-04 23:00:00,1.257106,1.258271,1.256855,1.258020,50
2023-05-05 00:00:00,1.258020,1.258973,1.257935,1.258888,50
2023-05-05 01:00:00,1.258888,1.259398,1.257484,1.257995,50
2023-05-05 02:00:00,1.257995,1.258383,1.257347,1.257735,50
2023-05-05 03:00:00,1.257735,1.260680,1.257295,1.260239,50
2023-05-05 04:00:00,1.260239,1.263894,1.259891,1.263545,50
2023-05-05 05:00:00,1.263545,1.265140,1.263156,1.264750,50
2023-05-05 06:00:00,1.264750,1.266838,1.264187,1.266275,50
2023-05-05 07:00:00,1.266275,1.266897,1.265801,1.266423,50
2023-05-05 08:00:00,1.266423,1.266703,1.264923,1.265203,50
2023-05-05 09:00:00,1.265203,1.265330,1.260945,1.261071,50
2023-05-05 10:00:00,1.261071,1.261214,1.256477,1.256619,50
2023-05-05 11:00:00,1.256619,1.260453,1.256535,1.260369,50
2023-05-05 12:00:00,1.260369,1.261884,1.260067,1.261582,50
2023-05-05 13:00:00,1.261582,1.261629,1.260570,1.260617,50
2023-05-05 14:00:00,1.260617,1.262443,1.260324,1.262150,50
2023-05-05 15:00:00,1.262150,1.266317,1.262065,1.266232,50
2023-05-05 16:00:00,1.266232,1.266724,1.263930,1.264422,50
2023-05-05 17:00:00,1.264422,1.264643,1.259549,1.259770,50
2023-05-05 18:00:00,1.259770,1.262815,1.259281,1.262326,50
2023-05-05 19:00:00,1.262326,1.263815,1.261816,1.263304,50
2023-05-05 20:00:00,1.263304,1.263808,1.260766,1.261270,50
2023-05-05 21:00:00,1.261270,1.263391,1.260703,1.262823,50
2023-05-05 22:00:00,1.262823,1.263102,1.261709,1.261987,50
2023-05-05 23:00:00,1.261987,1.265422,1.261588,1.265022,50
2023-05-08 00:00:00,1.265022,1.265060,1.262702,1.262740,50
2023-05-08 01:00:00,1.262740,1.262956,1.262548,1.262764,50
2023-05-08 02:00:00,1.262764,1.262946,1.262462,1.262644,50
2023-05-08 03:00:00,1.262644,1.263371,1.262473,1.263199,50
2023-05-08 04:00:00,1.263199,1.263368,1.263048,1.263216,50
2023-05-08 05:00:00,1.263216,1.263391,1.263091,1.263266,50
2023-05-08 06:00:00,1.263266,1.263527,1.263144,1.263406,50
2023-05-08 07:00:00,1.263406,1.263550,1.262104,1.262248,50
2023-05-08 08:00:00,1.262248,1.263115,1.262149,1.263016,50
2023-05-08 09:00:00,1.263016,1.264865,1.262993,1.264843,50
2023-05-08 10:00:00,1.264843,1.265544,1.264778,1.265479,50
2023-05-08 11:00:00,1.265479,1.265553,1.265007,1.265081,50
2023-05-08 12:00:00,1.265081,1.266134,1.264939,1.265992,50
2023-05-08 13:00:00,1.265992,1.266183,1.264521,1.264712,50
2023-05-08 14:00:00,1.264712,1.264818,1.264373,1.264480,50
2023-05-08 15:00:00,1.264480,1.265125,1.264389,1.265034,50
2023-05-08 16:00:00,1.265034,1.265222,1.264953,1.265141,50
2023-05-08 17:00:00,1.265141,1.266169,1.265010,1.266038,50
2023-05-08 18:00:00,1.266038,1.266194,1.265625,1.265782,50
2023-05-08 19:00:00,1.265782,1.265901,1.264113,1.264233,50
2023-05-08 20:00:00,1.264233,1.264324,1.264172,1.264264,50
2023-05-08 21:00:00,1.264264,1.264453,1.262924,1.263113,50
2023-05-08 22:00:00,1.263113,1.263175,1.263103,1.263164,50
2023-05-08 23:00:00,1.263164,1.263336,1.263093,1.263264,50
2023-05-09 00:00:00,1.263264,1.263265,1.263089,1.263090,50
2023-05-09 01:00:00,1.263090,1.263542,1.262990,1.263442,50
2023-05-09 02:00:00,1.263442,1.264163,1.263261,1.263982,50
2023-05-09 03:00:00,1.263982,1.264037,1.263883,1.263938,50
2023-05-09 04:00:00,1.263938,1.264612,1.263765,1.264440,50
2023-05-09 05:00:00,1.264440,1.264640,1.263504,1.263705,50
2023-05-09 06:00:00,1.263705,1.263912,1.263514,1.263721,50
2023-05-09 07:00:00,1.263721,1.263788,1.263441,1.263508,50
2023-05-09 08:00:00,1.263508,1.263569,1.263164,1.263225,50
2023-05-09 09:00:00,1.263225,1.263304,1.262617,1.262696,50
2023-05-09 10:00:00,1.262696,1.262703,1.262295,1.262302,50
2023-05-09 11:00:00,1.262302,1.262735,1.262297,1.262730,50
2023-05-09 12:00:00,1.262730,1.262784,1.262331,1.262385,50
2023-05-09 13:00:00,1.262385,1.262427,1.262257,1.262299,50
2023-05-09 14:00:00,1.262299,1.262466,1.261801,1.261968,50
2023-05-09 15:00:00,1.261968,1.262044,1.261653,1.261729,50
2023-05-09 16:00:00,1.261729,1.262228,1.261717,1.262215,50
2023-05-09 17:00:00,1.262215,1.262284,1.261249,1.261318,50
2023-05-09 18:00:00,1.261318,1.262209,1.261289,1.262180,50
2023-05-09 19:00:00,1.262180,1.262185,1.262086,1.262091,50
2023-05-09 20:00:00,1.262091,1.262228,1.261875,1.262011,50
2023-05-09 21:00:00,1.262011,1.262289,1.261956,1.262234,50
2023-05-09 22:00:00,1.262234,1.262295,1.261430,1.261491,50
2023-05-09 23:00:00,1.261491,1.261873,1.261447,1.261830,50
2023-05-10 00:00:00,1.261830,1.262801,1.261785,1.262757,50
2023-05-10 01:00:00,1.262757,1.262901,1.262083,1.262227,50
2023-05-10 02:00:00,1.262227,1.262755,1.262035,1.262563,50
2023-05-10 03:00:00,1.262563,1.262798,1.262427,1.262662,50
2023-05-10 04:00:00,1.262662,1.262865,1.262486,1.262689,50
2023-05-10 05:00:00,1.262689,1.263639,1.262533,1.263483,50
2023-05-10 06:00:00,1.263483,1.263599,1.262731,1.262847,50
2023-05-10 07:00:00,1.262847,1.263082,1.262631,1.262867,50
2023-05-10 08:00:00,1.262867,1.263092,1.262690,1.262916,50
2023-05-10 09:00:00,1.262916,1.263046,1.262138,1.262268,50
2023-05-10 10:00:00,1.262268,1.262470,1.262188,1.262390,50
2023-05-10 11:00:00,1.262390,1.262450,1.262141,1.262201,50
2023-05-10 12:00:00,1.262201,1.262413,1.261026,1.261238,50
2023-05-10 13:00:00,1.261238,1.261401,1.260304,1.260467,50
2023-05-10 14:00:00,1.260467,1.260545,1.260233,1.260311,50
2023-05-10 15:00:00,1.260311,1.260341,1.260099,1.260129,50
2023-05-10 16:00:00,1.260129,1.261094,1.260015,1.260980,50
2023-05-10 17:00:00,1.260980,1.260997,1.259995,1.260012,50
2023-05-10 18:00:00,1.260012,1.260036,1.259851,1.259875,50
2023-05-10 19:00:00,1.259875,1.260502,1.259775,1.260402,50
2023-05-10 20:00:00,1.260402,1.260407,1.260203,1.260208,50
2023-05-10 21:00:00,1.260208,1.260492,1.260019,1.260303,50
2023-05-10 22:00:00,1.260303,1.260339,1.259935,1.259971,50
2023-05-10 23:00:00,1.259971,1.261567,1.259756,1.261352,50
2023-05-11 00:00:00,1.261352,1.261767,1.249615,1.250030,50
2023-05-11 01:00:00,1.250030,1.251743,1.249341,1.251055,50
2023-05-11 02:00:00,1.251055,1.255658,1.250874,1.255477,50
2023-05-11 03:00:00,1.255477,1.255641,1.253709,1.253873,50
2023-05-11 04:00:00,1.253873,1.254713,1.253501,1.254340,50
2023-05-11 05:00:00,1.254340,1.255105,1.252396,1.253160,50
2023-05-11 06:00:00,1.253160,1.253404,1.249636,1.249879,50
2023-05-11 07:00:00,1.249879,1.252668,1.249180,1.251969,50
2023-05-11 08:00:00,1.251969,1.252340,1.250067,1.250437,50
2023-05-11 09:00:00,1.250437,1.250825,1.250386,1.250773,50
2023-05-11 10:00:00,1.250773,1.251028,1.247662,1.247917,50
2023-05-11 11:00:00,1.247917,1.250003,1.247409,1.249495,50
2023-05-11 12:00:00,1.249495,1.255268,1.249274,1.255047,50
2023-05-11 13:00:00,1.255047,1.255245,1.252109,1.252307,50
2023-05-11 14:00:00,1.252307,1.253139,1.251280,1.252111,50
2023-05-11 15:00:00,1.252111,1.257435,1.251644,1.256967,50
2023-05-11 16:00:00,1.256967,1.257264,1.256493,1.256790,50
2023-05-11 17:00:00,1.256790,1.260166,1.256413,1.259790,50
2023-05-11 18:00:00,1.259790,1.262360,1.259604,1.262174,50
2023-05-11 19:00:00,1.262174,1.264199,1.261566,1.263591,50
2023-05-11 20:00:00,1.263591,1.263947,1.259834,1.260190,50
2023-05-11 21:00:00,1.260190,1.260598,1.256487,1.256896,50
2023-05-11 22:00:00,1.256896,1.257038,1.252615,1.252757,50
2023-05-11 23:00:00,1.252757,1.253174,1.249739,1.250156,50
2023-05-12 00:00:00,1.250156,1.250437,1.249007,1.249287,50
2023-05-12 01:00:00,1.249287,1.250889,1.249017,1.250619,50
2023-05-12 02:00:00,1.250619,1.250932,1.250257,1.250569,50
2023-05-12 03:00:00,1.250569,1.250780,1.250390,1.250600,50
2023-05-12 04:00:00,1.250600,1.250664,1.249657,1.249721,50
2023-05-12 05:00:00,1.249721,1.249859,1.249447,1.249585,50
2023-05-12 06:00:00,1.249585,1.249775,1.248972,1.249163,50
2023-05-12 07:00:00,1.249163,1.250789,1.249019,1.250645,50
2023-05-12 08:00:00,1.250645,1.250815,1.248544,1.248714,50
2023-05-12 09:00:00,1.248714,1.249813,1.248616,1.249716,50
2023-05-12 10:00:00,1.249716,1.251130,1.249490,1.250904,50
2023-05-12 11:00:00,1.250904,1.251012,1.250567,1.250675,50
2023-05-12 12:00:00,1.250675,1.250888,1.249012,1.249225,50
2023-05-12 13:00:00,1.249225,1.249270,1.247943,1.247988,50
2023-05-12 14:00:00,1.247988,1.248081,1.247075,1.247167,50
2023-05-12 15:00:00,1.247167,1.247236,1.246774,1.246843,50
2023-05-12 16:00:00,1.246843,1.248211,1.246773,1.248141,50
2023-05-12 17:00:00,1.248141,1.248324,1.247485,1.247668,50
2023-05-12 18:00:00,1.247668,1.248120,1.247390,1.247842,50
2023-05-12 19:00:00,1.247842,1.248027,1.246652,1.246837,50
2023-05-12 20:00:00,1.246837,1.247002,1.246324,1.246489,50
2023-05-12 21:00:00,1.246489,1.246728,1.245430,1.245669,50
2023-05-12 22:00:00,1.245669,1.246072,1.245544,1.245948,50
2023-05-12 23:00:00,1.245948,1.246489,1.245876,1.246417,50
2023-05-15 00:00:00,1.246417,1.252547,1.246113,1.252243,50
2023-05-15 01:00:00,1.252243,1.253946,1.252128,1.253831,50
2023-05-15 02:00:00,1.253831,1.254374,1.253368,1.253911,50
2023-05-15 03:00:00,1.253911,1.254115,1.253149,1.253354,50
2023-05-15 04:00:00,1.253354,1.253694,1.250019,1.250359,50
2023-05-15 05:00:00,1.250359,1.250596,1.248868,1.249105,50
2023-05-15 06:00:00,1.249105,1.249628,1.248337,1.248861,50
2023-05-15 07:00:00,1.248861,1.249674,1.248397,1.249210,50
2023-05-15 08:00:00,1.249210,1.251007,1.248951,1.250748,50
2023-05-15 09:00:00,1.250748,1.251232,1.250016,1.250500,50
2023-05-15 10:00:00,1.250500,1.251335,1.250321,1.251156,50
2023-05-15 11:00:00,1.251156,1.251502,1.248541,1.248887,50
2023-05-15 12:00:00,1.248887,1.248943,1.245111,1.245167,50
2023-05-15 13:00:00,1.245167,1.247101,1.245078,1.247012,50
2023-05-15 14:00:00,1.247012,1.247644,1.246921,1.247553,50
2023-05-15 15:00:00,1.247553,1.247788,1.247099,1.247334,50
2023-05-15 16:00:00,1.247334,1.250738,1.247145,1.250549,50
2023-05-15 17:00:00,1.250549,1.251413,1.250480,1.251343,50
2023-05-15 18:00:00,1.251343,1.251800,1.250520,1.250977,50
2023-05-15 19:00:00,1.250977,1.251332,1.250757,1.251112,50
2023-05-15 20:00:00,1.251112,1.253449,1.251099,1.253436,50
2023-05-15 21:00:00,1.253436,1.253843,1.252275,1.252682,50
2023-05-15 22:00:00,1.252682,1.253065,1.252458,1.252841,50
2023-05-15 23:00:00,1.252841,1.252879,1.252624,1.252662,50
2023-05-16 00:00:00,1.252662,1.252874,1.252523,1.252735,50
2023-05-16 01:00:00,1.252735,1.252818,1.252346,1.252429,50
2023-05-16 02:00:00,1.252429,1.253384,1.252364,1.253319,50
2023-05-16 03:00:00,1.253319,1.253527,1.252790,1.252998,50
2023-05-16 04:00:00,1.252998,1.253049,1.251776,1.251828,50
2023-05-16 05:00:00,1.251828,1.252449,1.251599,1.252220,50
2023-05-16 06:00:00,1.252220,1.252429,1.251879,1.252088,50
2023-05-16 07:00:00,1.252088,1.252200,1.250400,1.250512,50
2023-05-16 08:00:00,1.250512,1.251151,1.250309,1.250948,50
2023-05-16 09:00:00,1.250948,1.251090,1.250185,1.250327,50
2023-05-16 10:00:00,1.250327,1.251166,1.250262,1.251101,50
2023-05-16 11:00:00,1.251101,1.251215,1.249826,1.249941,50
2023-05-16 12:00:00,1.249941,1.249999,1.249560,1.249618,50
2023-05-16 13:00:00,1.249618,1.249715,1.249594,1.249691,50
2023-05-16 14:00:00,1.249691,1.249734,1.248940,1.248982,50
2023-05-16 15:00:00,1.248982,1.249538,1.248817,1.249373,50
2023-05-16 16:00:00,1.249373,1.249391,1.248700,1.248718,50
2023-05-16 17:00:00,1.248718,1.249934,1.248560,1.249776,50
2023-05-16 18:00:00,1.249776,1.250197,1.249554,1.249974,50
2023-05-16 19:00:00,1.249974,1.250847,1.249716,1.250588,50
2023-05-16 20:00:00,1.250588,1.252069,1.250493,1.251973,50
2023-05-16 21:00:00,1.251973,1.252785,1.251728,1.252540,50
2023-05-16 22:00:00,1.252540,1.252971,1.252479,1.252910,50
2023-05-16 23:00:00,1.252910,1.253153,1.249133,1.249375,50
2023-05-17 00:00:00,1.249375,1.249791,1.249261,1.249677,50
2023-05-17 01:00:00,1.249677,1.250340,1.249455,1.250117,50
2023-05-17 02:00:00,1.250117,1.250489,1.249895,1.250267,50
2023-05-17 03:00:00,1.250267,1.250365,1.250141,1.250239,50
2023-05-17 04:00:00,1.250239,1.250335,1.249497,1.249593,50
2023-05-17 05:00:00,1.249593,1.249801,1.248033,1.248240,50
2023-05-17 06:00:00,1.248240,1.248345,1.248081,1.248186,50
2023-05-17 07:00:00,1.248186,1.248465,1.248157,1.248437,50
2023-05-17 08:00:00,1.248437,1.248554,1.248102,1.248219,50
2023-05-17 09:00:00,1.248219,1.248419,1.248022,1.248221,50
2023-05-17 10:00:00,1.248221,1.248343,1.248082,1.248204,50
2023-05-17 11:00:00,1.248204,1.249283,1.248131,1.249210,50
2023-05-17 12:00:00,1.249210,1.249367,1.248597,1.248754,50
2023-05-17 13:00:00,1.248754,1.248881,1.247920,1.248046,50
2023-05-17 14:00:00,1.248046,1.248101,1.247513,1.247568,50
2023-05-17 15:00:00,1.247568,1.247998,1.247421,1.247852,50
2023-05-17 16:00:00,1.247852,1.248497,1.247697,1.248342,50
2023-05-17 17:00:00,1.248342,1.248584,1.248138,1.248380,50
2023-05-17 18:00:00,1.248380,1.248548,1.248162,1.248331,50
2023-05-17 19:00:00,1.248331,1.248393,1.248146,1.248208,50
2023-05-17 20:00:00,1.248208,1.248855,1.248105,1.248752,50
2023-05-17 21:00:00,1.248752,1.248961,1.247326,1.247536,50
2023-05-17 22:00:00,1.247536,1.247751,1.246739,1.246953,50
2023-05-17 23:00:00,1.246953,1.247566,1.246892,1.247505,50
2023-05-18 00:00:00,1.247505,1.247660,1.246064,1.246219,50
2023-05-18 01:00:00,1.246219,1.246442,1.245311,1.245534,50
2023-05-18 02:00:00,1.245534,1.245780,1.244837,1.245083,50
2023-05-18 03:00:00,1.245083,1.245153,1.244477,1.244547,50
2023-05-18 04:00:00,1.244547,1.244837,1.243360,1.243650,50
2023-05-18 05:00:00,1.243650,1.246383,1.243501,1.246233,50
2023-05-18 06:00:00,1.246233,1.247090,1.245976,1.246833,50
2023-05-18 07:00:00,1.246833,1.247015,1.246217,1.246398,50
2023-05-18 08:00:00,1.246398,1.246522,1.245814,1.245938,50
2023-05-18 09:00:00,1.245938,1.247273,1.245868,1.247203,50
2023-05-18 10:00:00,1.247203,1.247249,1.245814,1.245860,50
2023-05-18 11:00:00,1.245860,1.246169,1.243994,1.244302,50
2023-05-18 12:00:00,1.244302,1.244423,1.243017,1.243138,50
2023-05-18 13:00:00,1.243138,1.243410,1.241096,1.241367,50
2023-05-18 14:00:00,1.241367,1.247053,1.241265,1.246951,50
2023-05-18 15:00:00,1.246951,1.247311,1.245646,1.246007,50
2023-05-18 16:00:00,1.246007,1.248852,1.245683,1.248528,50
2023-05-18 17:00:00,1.248528,1.248546,1.246935,1.246953,50
2023-05-18 18:00:00,1.246953,1.247293,1.245581,1.245921,50
2023-05-18 19:00:00,1.245921,1.246116,1.244371,1.244566,50
2023-05-18 20:00:00,1.244566,1.248493,1.244161,1.248088,50
2023-05-18 21:00:00,1.248088,1.248407,1.243546,1.243865,50
2023-05-18 22:00:00,1.243865,1.243952,1.243294,1.243381,50
2023-05-18 23:00:00,1.243381,1.243764,1.242007,1.242390,50
2023-05-19 00:00:00,1.242390,1.243621,1.242198,1.243429,50
2023-05-19 01:00:00,1.243429,1.243498,1.241516,1.241585,50
2023-05-19 02:00:00,1.241585,1.241991,1.241493,1.241899,50
2023-05-19 03:00:00,1.241899,1.242874,1.241688,1.242663,50
2023-05-19 04:00:00,1.242663,1.242830,1.241923,1.242090,50
2023-05-19 05:00:00,1.242090,1.242350,1.241908,1.242168,50
2023-05-19 06:00:00,1.242168,1.243698,1.241982,1.243512,50
2023-05-19 07:00:00,1.243512,1.244675,1.243223,1.244386,50
2023-05-19 08:00:00,1.244386,1.244396,1.243582,1.243591,50
2023-05-19 09:00:00,1.243591,1.245267,1.243299,1.244975,50
2023-05-19 10:00:00,1.244975,1.246145,1.244757,1.245928,50
2023-05-19 11:00:00,1.245928,1.246254,1.245156,1.245482,50
2023-05-19 12:00:00,1.245482,1.245540,1.245424,1.245482,50
2023-05-19 13:00:00,1.245482,1.245494,1.245155,1.245167,50
2023-05-19 14:00:00,1.245167,1.245511,1.245066,1.245410,50
2023-05-19 15:00:00,1.245410,1.245477,1.244869,1.244936,50
2023-05-19 16:00:00,1.244936,1.245675,1.244748,1.245486,50
2023-05-19 17:00:00,1.245486,1.245584,1.244403,1.244501,50
2023-05-19 18:00:00,1.244501,1.245897,1.244495,1.245891,50
2023-05-19 19:00:00,1.245891,1.245983,1.245331,1.245422,50
2023-05-19 20:00:00,1.245422,1.245741,1.244598,1.244917,50
2023-05-19 21:00:00,1.244917,1.245297,1.244597,1.244977,50
2023-05-19 22:00:00,1.244977,1.246842,1.244752,1.246616,50
2023-05-19 23:00:00,1.246616,1.246716,1.246317,1.246417,50
2023-05-22 00:00:00,1.246417,1.246510,1.244715,1.244809,50
2023-05-22 01:00:00,1.244809,1.246656,1.244569,1.246416,50
2023-05-22 02:00:00,1.246416,1.246472,1.245197,1.245252,50
2023-05-22 03:00:00,1.245252,1.245857,1.245019,1.245624,50
2023-05-22 04:00:00,1.245624,1.245947,1.244647,1.244970,50
2023-05-22 05:00:00,1.244970,1.245188,1.242529,1.242747,50
2023-05-22 06:00:00,1.242747,1.242818,1.241699,1.241770,50
2023-05-22 07:00:00,1.241770,1.242357,1.241737,1.242323,50
2023-05-22 08:00:00,1.242323,1.243662,1.242071,1.243410,50
2023-05-22 09:00:00,1.243410,1.243574,1.242977,1.243141,50
2023-05-22 10:00:00,1.243141,1.244814,1.242973,1.244647,50
2023-05-22 11:00:00,1.244647,1.244775,1.244108,1.244237,50
2023-05-22 12:00:00,1.244237,1.244641,1.244019,1.244423,50
2023-05-22 13:00:00,1.244423,1.245936,1.244178,1.245690,50
2023-05-22 14:00:00,1.245690,1.246819,1.245530,1.246659,50
2023-05-22 15:00:00,1.246659,1.247254,1.246596,1.247191,50
2023-05-22 16:00:00,1.247191,1.247437,1.246451,1.246698,50
2023-05-22 17:00:00,1.246698,1.247013,1.245835,1.246150,50
2023-05-22 18:00:00,1.246150,1.246468,1.245053,1.245370,50
2023-05-22 19:00:00,1.245370,1.245444,1.243744,1.243818,50
2023-05-22 20:00:00,1.243818,1.243854,1.243398,1.243433,50
2023-05-22 21:00:00,1.243433,1.243751,1.242307,1.242625,50
2023-05-22 22:00:00,1.242625,1.243388,1.242353,1.243116,50
2023-05-22 23:00:00,1.243116,1.243320,1.242342,1.242545,50
2023-05-23 00:00:00,1.242545,1.243956,1.242393,1.243803,50
2023-05-23 01:00:00,1.243803,1.243965,1.243706,1.243867,50
2023-05-23 02:00:00,1.243867,1.244051,1.242944,1.243128,50
2023-05-23 03:00:00,1.243128,1.243337,1.241951,1.242160,50
2023-05-23 04:00:00,1.242160,1.242180,1.241949,1.241969,50
2023-05-23 05:00:00,1.241969,1.242606,1.241942,1.242578,50
2023-05-23 06:00:00,1.242578,1.242593,1.242038,1.242053,50
2023-05-23 07:00:00,1.242053,1.242459,1.242012,1.242418,50
2023-05-23 08:00:00,1.242418,1.242515,1.241560,1.241657,50
2023-05-23 09:00:00,1.241657,1.241736,1.241454,1.241533,50
2023-05-23 10:00:00,1.241533,1.242301,1.241489,1.242258,50
2023-05-23 11:00:00,1.242258,1.242997,1.242066,1.242805,50
2023-05-23 12:00:00,1.242805,1.242854,1.242724,1.242773,50
2023-05-23 13:00:00,1.242773,1.242949,1.241346,1.241522,50
2023-05-23 14:00:00,1.241522,1.241628,1.241480,1.241586,50
2023-05-23 15:00:00,1.241586,1.242129,1.241419,1.241962,50
2023-05-23 16:00:00,1.241962,1.242178,1.241858,1.242074,50
2023-05-23 17:00:00,1.242074,1.242253,1.241929,1.242108,50
2023-05-23 18:00:00,1.242108,1.242510,1.241956,1.242358,50
2023-05-23 19:00:00,1.242358,1.242430,1.241567,1.241639,50
2023-05-23 20:00:00,1.241639,1.241964,1.241494,1.241819,50
2023-05-23 21:00:00,1.241819,1.241890,1.241385,1.241456,50
2023-05-23 22:00:00,1.241456,1.241668,1.240315,1.240527,50
2023-05-23 23:00:00,1.240527,1.242287,1.240476,1.242236,50
2023-05-24 00:00:00,1.242236,1.242393,1.238246,1.238403,50
2023-05-24 01:00:00,1.238403,1.238782,1.237996,1.238375,50
2023-05-24 02:00:00,1.238375,1.238509,1.238031,1.238165,50
2023-05-24 03:00:00,1.238165,1.241684,1.238003,1.241522,50
2023-05-24 04:00:00,1.241522,1.243754,1.241079,1.243312,50
2023-05-24 05:00:00,1.243312,1.243498,1.241747,1.241934,50
2023-05-24 06:00:00,1.241934,1.242231,1.238931,1.239228,50
2023-05-24 07:00:00,1.239228,1.239511,1.237067,1.237350,50
2023-05-24 08:00:00,1.237350,1.240958,1.237274,1.240883,50
2023-05-24 09:00:00,1.240883,1.241140,1.240075,1.240332,50
2023-05-24 10:00:00,1.240332,1.241383,1.240071,1.241121,50
2023-05-24 11:00:00,1.241121,1.241413,1.238920,1.239212,50
2023-05-24 12:00:00,1.239212,1.239414,1.237999,1.238201,50
2023-05-24 13:00:00,1.238201,1.240790,1.237916,1.240505,50
2023-05-24 14:00:00,1.240505,1.242999,1.240430,1.242925,50
2023-05-24 15:00:00,1.242925,1.243311,1.240781,1.241167,50
2023-05-24 16:00:00,1.241167,1.242860,1.241088,1.242780,50
2023-05-24 17:00:00,1.242780,1.243044,1.239829,1.240092,50
2023-05-24 18:00:00,1.240092,1.240426,1.237545,1.237879,50
2023-05-24 19:00:00,1.237879,1.239319,1.237631,1.239071,50
2023-05-24 20:00:00,1.239071,1.239509,1.236367,1.236805,50
2023-05-24 21:00:00,1.236805,1.236857,1.235737,1.235789,50
2023-05-24 22:00:00,1.235789,1.236112,1.235461,1.235783,50
2023-05-24 23:00:00,1.235783,1.237068,1.235573,1.236858,50
2023-05-25 00:00:00,1.236858,1.236989,1.235559,1.235690,50
2023-05-25 01:00:00,1.235690,1.238018,1.235414,1.237743,50
2023-05-25 02:00:00,1.237743,1.237782,1.236432,1.236472,50
2023-05-25 03:00:00,1.236472,1.237942,1.236264,1.237734,50
2023-05-25 04:00:00,1.237734,1.237914,1.237463,1.237642,50
2023-05-25 05:00:00,1.237642,1.237690,1.237629,1.237676,50
2023-05-25 06:00:00,1.237676,1.237868,1.235891,1.236083,50
2023-05-25 07:00:00,1.236083,1.236866,1.235799,1.236582,50
2023-05-25 08:00:00,1.236582,1.236889,1.235045,1.235351,50
2023-05-25 09:00:00,1.235351,1.235986,1.235331,1.235966,50
2023-05-25 10:00:00,1.235966,1.236086,1.235587,1.235707,50
2023-05-25 11:00:00,1.235707,1.235913,1.235353,1.235559,50
2023-05-25 12:00:00,1.235559,1.235795,1.235413,1.235649,50
2023-05-25 13:00:00,1.235649,1.235688,1.234584,1.234623,50
2023-05-25 14:00:00,1.234623,1.234815,1.234548,1.234740,50
2023-05-25 15:00:00,1.234740,1.234929,1.234235,1.234424,50
2023-05-25 16:00:00,1.234424,1.234784,1.233168,1.233529,50
2023-05-25 17:00:00,1.233529,1.234541,1.233281,1.234294,50
2023-05-25 18:00:00,1.234294,1.234567,1.233783,1.234057,50
2023-05-25 19:00:00,1.234057,1.234337,1.232742,1.233022,50
2023-05-25 20:00:00,1.233022,1.233327,1.232113,1.232417,50
2023-05-25 21:00:00,1.232417,1.232554,1.231861,1.231998,50
2023-05-25 22:00:00,1.231998,1.232366,1.231186,1.231554,50
2023-05-25 23:00:00,1.231554,1.232527,1.231465,1.232438,50
2023-05-26 00:00:00,1.232438,1.232565,1.232391,1.232519,50
2023-05-26 01:00:00,1.232519,1.233011,1.232405,1.232898,50
2023-05-26 02:00:00,1.232898,1.233040,1.231357,1.231499,50
2023-05-26 03:00:00,1.231499,1.232629,1.231473,1.232603,50
2023-05-26 04:00:00,1.232603,1.232698,1.232405,1.232500,50
2023-05-26 05:00:00,1.232500,1.233329,1.232313,1.233142,50
2023-05-26 06:00:00,1.233142,1.234390,1.233013,1.234261,50
2023-05-26 07:00:00,1.234261,1.234718,1.234057,1.234513,50
2023-05-26 08:00:00,1.234513,1.235023,1.234450,1.234959,50
2023-05-26 09:00:00,1.234959,1.235343,1.234818,1.235202,50
2023-05-26 10:00:00,1.235202,1.235301,1.234519,1.234617,50
2023-05-26 11:00:00,1.234617,1.234629,1.233078,1.233089,50
2023-05-26 12:00:00,1.233089,1.233227,1.232825,1.232963,50
2023-05-26 13:00:00,1.232963,1.233071,1.232803,1.232911,50
2023-05-26 14:00:00,1.232911,1.233305,1.232904,1.233298,50
2023-05-26 15:00:00,1.233298,1.233397,1.233266,1.233365,50
2023-05-26 16:00:00,1.233365,1.233482,1.233179,1.233296,50
2023-05-26 17:00:00,1.233296,1.233495,1.232211,1.232410,50
2023-05-26 18:00:00,1.232410,1.232460,1.232265,1.232315,50
2023-05-26 19:00:00,1.232315,1.233145,1.232242,1.233071,50
2023-05-26 20:00:00,1.233071,1.233179,1.232149,1.232257,50
2023-05-26 21:00:00,1.232257,1.232532,1.232172,1.232447,50
2023-05-26 22:00:00,1.232447,1.233168,1.232257,1.232978,50
2023-05-26 23:00:00,1.232978,1.234365,1.232876,1.234263,50
2023-05-30 00:00:00,1.234263,1.234336,1.232997,1.233069,50
2023-05-30 01:00:00,1.233069,1.233721,1.232623,1.233275,50
2023-05-30 02:00:00,1.233275,1.233747,1.232822,1.233294,50
2023-05-30 03:00:00,1.233294,1.234623,1.233167,1.234497,50
2023-05-30 04:00:00,1.234497,1.234644,1.234476,1.234623,50
2023-05-30 05:00:00,1.234623,1.235400,1.234585,1.235362,50
2023-05-30 06:00:00,1.235362,1.236041,1.235285,1.235964,50
2023-05-30 07:00:00,1.235964,1.236341,1.235245,1.235623,50
2023-05-30 08:00:00,1.235623,1.235758,1.234335,1.234470,50
2023-05-30 09:00:00,1.234470,1.234533,1.233941,1.234004,50
2023-05-30 10:00:00,1.234004,1.234905,1.233590,1.234491,50
2023-05-30 11:00:00,1.234491,1.234801,1.233945,1.234256,50
2023-05-30 12:00:00,1.234256,1.235216,1.234205,1.235166,50
2023-05-30 13:00:00,1.235166,1.236226,1.235134,1.236195,50
2023-05-30 14:00:00,1.236195,1.237567,1.236072,1.237445,50
2023-05-30 15:00:00,1.237445,1.238138,1.237040,1.237733,50
2023-05-30 16:00:00,1.237733,1.238186,1.237284,1.237737,50
2023-05-30 17:00:00,1.237737,1.238084,1.237304,1.237651,50
2023-05-30 18:00:00,1.237651,1.237888,1.235726,1.235963,50
2023-05-30 19:00:00,1.235963,1.236050,1.235027,1.235114,50
2023-05-30 20:00:00,1.235114,1.237060,1.234947,1.236893,50
2023-05-30 21:00:00,1.236893,1.238609,1.236571,1.238287,50
2023-05-30 22:00:00,1.238287,1.241087,1.237847,1.240647,50
2023-05-30 23:00:00,1.240647,1.241038,1.239842,1.240233,50
2023-05-31 00:00:00,1.240233,1.241757,1.240025,1.241549,50
2023-05-31 01:00:00,1.241549,1.241913,1.241421,1.241785,50
2023-05-31 02:00:00,1.241785,1.241918,1.241180,1.241312,50
2023-05-31 03:00:00,1.241312,1.241366,1.241209,1.241263,50
2023-05-31 04:00:00,1.241263,1.241459,1.240957,1.241153,50
2023-05-31 05:00:00,1.241153,1.241347,1.240021,1.240216,50
2023-05-31 06:00:00,1.240216,1.240412,1.239712,1.239908,50
2023-05-31 07:00:00,1.239908,1.240103,1.239516,1.239711,50
2023-05-31 08:00:00,1.239711,1.239788,1.239439,1.239516,50
2023-05-31 09:00:00,1.239516,1.239711,1.239169,1.239364,50
2023-05-31 10:00:00,1.239364,1.239856,1.239241,1.239733,50
2023-05-31 11:00:00,1.239733,1.240816,1.239619,1.240702,50
2023-05-31 12:00:00,1.240702,1.241098,1.240695,1.241092,50
2023-05-31 13:00:00,1.241092,1.241123,1.240745,1.240777,50
2023-05-31 14:00:00,1.240777,1.241163,1.240617,1.241004,50
2023-05-31 15:00:00,1.241004,1.241221,1.240039,1.240256,50
2023-05-31 16:00:00,1.240256,1.240427,1.239619,1.239790,50
2023-05-31 17:00:00,1.239790,1.239959,1.239273,1.239441,50
2023-05-31 18:00:00,1.239441,1.239601,1.238790,1.238950,50
2023-05-31 19:00:00,1.238950,1.238981,1.238035,1.238066,50
2023-05-31 20:00:00,1.238066,1.238704,1.237926,1.238564,50
2023-05-31 21:00:00,1.238564,1.239307,1.238481,1.239224,50
2023-05-31 22:00:00,1.239224,1.239658,1.239016,1.239450,50
2023-05-31 23:00:00,1.239450,1.239775,1.239294,1.239618,50
2023-06-01 00:00:00,1.239618,1.240805,1.239482,1.240669,50
2023-06-01 01:00:00,1.240669,1.250523,1.239636,1.249491,50
2023-06-01 02:00:00,1.249491,1.249588,1.248142,1.248239,50
2023-06-01 03:00:00,1.248239,1.249896,1.247130,1.248787,50
2023-06-01 04:00:00,1.248787,1.253356,1.248622,1.253191,50
2023-06-01 05:00:00,1.253191,1.253888,1.250016,1.250712,50
2023-06-01 06:00:00,1.250712,1.253618,1.249803,1.252710,50
2023-06-01 07:00:00,1.252710,1.253742,1.248019,1.249052,50
2023-06-01 08:00:00,1.249052,1.250559,1.248226,1.249733,50
2023-06-01 09:00:00,1.249733,1.251176,1.249120,1.250563,50
2023-06-01 10:00:00,1.250563,1.250946,1.247348,1.247731,50
2023-06-01 11:00:00,1.247731,1.248381,1.244625,1.245275,50
2023-06-01 12:00:00,1.245275,1.246324,1.243071,1.244120,50
2023-06-01 13:00:00,1.244120,1.244484,1.243404,1.243769,50
2023-06-01 14:00:00,1.243769,1.247759,1.243466,1.247456,50
2023-06-01 15:00:00,1.247456,1.251088,1.246642,1.250274,50
2023-06-01 16:00:00,1.250274,1.252054,1.249237,1.251017,50
2023-06-01 17:00:00,1.251017,1.251775,1.250413,1.251171,50
2023-06-01 18:00:00,1.251171,1.252673,1.250343,1.251845,50
2023-06-01 19:00:00,1.251845,1.252756,1.251661,1.252572,50
2023-06-01 20:00:00,1.252572,1.254060,1.251772,1.253260,50
2023-06-01 21:00:00,1.253260,1.254734,1.252841,1.254314,50
2023-06-01 22:00:00,1.254314,1.257271,1.253444,1.256401,50
2023-06-01 23:00:00,1.256401,1.256934,1.253071,1.253604,50
2023-06-02 00:00:00,1.253604,1.255407,1.253176,1.254979,50
2023-06-02 01:00:00,1.254979,1.255098,1.253292,1.253411,50
2023-06-02 02:00:00,1.253411,1.253544,1.253161,1.253294,50
2023-06-02 03:00:00,1.253294,1.253603,1.249721,1.250030,50
2023-06-02 04:00:00,1.250030,1.250761,1.249545,1.250276,50
2023-06-02 05:00:00,1.250276,1.250861,1.249933,1.250518,50
2023-06-02 06:00:00,1.250518,1.250925,1.250472,1.250878,50
2023-06-02 07:00:00,1.250878,1.252599,1.250781,1.252502,50
2023-06-02 08:00:00,1.252502,1.252814,1.249714,1.250026,50
2023-06-02 09:00:00,1.250026,1.250377,1.249123,1.249474,50
2023-06-02 10:00:00,1.249474,1.249518,1.249099,1.249142,50
2023-06-02 11:00:00,1.249142,1.249344,1.247236,1.247437,50
2023-06-02 12:00:00,1.247437,1.248146,1.247401,1.248109,50
2023-06-02 13:00:00,1.248109,1.248557,1.245253,1.245701,50
2023-06-02 14:00:00,1.245701,1.246251,1.245311,1.245861,50
2023-06-02 15:00:00,1.245861,1.246421,1.244943,1.245503,50
2023-06-02 16:00:00,1.245503,1.246697,1.245339,1.246533,50
2023-06-02 17:00:00,1.246533,1.247344,1.246274,1.247085,50
2023-06-02 18:00:00,1.247085,1.249502,1.247082,1.249499,50
2023-06-02 19:00:00,1.249499,1.249842,1.249114,1.249457,50
2023-06-02 20:00:00,1.249457,1.249577,1.247183,1.247302,50
2023-06-02 21:00:00,1.247302,1.247707,1.245511,1.245916,50
2023-06-02 22:00:00,1.245916,1.247390,1.245541,1.247015,50
2023-06-02 23:00:00,1.247015,1.247297,1.246445,1.246727,50
2023-06-05 00:00:00,1.246727,1.246945,1.245768,1.245985,50
2023-06-05 01:00:00,1.245985,1.246369,1.245943,1.246326,50
2023-06-05 02:00:00,1.246326,1.246825,1.246153,1.246652,50
2023-06-05 03:00:00,1.246652,1.247444,1.246493,1.247286,50
2023-06-05 04:00:00,1.247286,1.247304,1.247110,1.247128,50
2023-06-05 05:00:00,1.247128,1.247163,1.246461,1.246496,50
2023-06-05 06:00:00,1.246496,1.246592,1.245440,1.245537,50
2023-06-05 07:00:00,1.245537,1.245610,1.245225,1.245298,50
2023-06-05 08:00:00,1.245298,1.245459,1.245103,1.245265,50
2023-06-05 09:00:00,1.245265,1.245266,1.244665,1.244666,50
2023-06-05 10:00:00,1.244666,1.244803,1.244478,1.244615,50
2023-06-05 11:00:00,1.244615,1.244963,1.244529,1.244877,50
2023-06-05 12:00:00,1.244877,1.245261,1.244653,1.245037,50
2023-06-05 13:00:00,1.245037,1.245213,1.244910,1.245086,50
2023-06-05 14:00:00,1.245086,1.245266,1.244352,1.244531,50
2023-06-05 15:00:00,1.244531,1.245025,1.244345,1.244838,50
2023-06-05 16:00:00,1.244838,1.244976,1.243735,1.243873,50
2023-06-05 17:00:00,1.243873,1.244207,1.243823,1.244158,50
2023-06-05 18:00:00,1.244158,1.244625,1.244146,1.244613,50
2023-06-05 19:00:00,1.244613,1.244759,1.243232,1.243378,50
2023-06-05 20:00:00,1.243378,1.244251,1.243249,1.244122,50
2023-06-05 21:00:00,1.244122,1.244166,1.243778,1.243822,50
2023-06-05 22:00:00,1.243822,1.244680,1.243697,1.244556,50
2023-06-05 23:00:00,1.244556,1.244696,1.243796,1.243936,50
2023-06-06 00:00:00,1.243936,1.244026,1.243285,1.243375,50
2023-06-06 01:00:00,1.243375,1.243422,1.243242,1.243289,50
2023-06-06 02:00:00,1.243289,1.243530,1.243211,1.243452,50
2023-06-06 03:00:00,1.243452,1.244873,1.243296,1.244717,50
2023-06-06 04:00:00,1.244717,1.244836,1.244154,1.244273,50
2023-06-06 05:00:00,1.244273,1.244366,1.243664,1.243758,50
2023-06-06 06:00:00,1.243758,1.243882,1.243659,1.243783,50
2023-06-06 07:00:00,1.243783,1.243965,1.242678,1.242860,50
2023-06-06 08:00:00,1.242860,1.243413,1.242823,1.243376,50
2023-06-06 09:00:00,1.243376,1.243461,1.242836,1.242921,50
2023-06-06 10:00:00,1.242921,1.243987,1.242748,1.243814,50
2023-06-06 11:00:00,1.243814,1.244247,1.243666,1.244099,50
2023-06-06 12:00:00,1.244099,1.244108,1.243267,1.243277,50
2023-06-06 13:00:00,1.243277,1.243448,1.243217,1.243389,50
2023-06-06 14:00:00,1.243389,1.244199,1.243180,1.243990,50
2023-06-06 15:00:00,1.243990,1.244429,1.243857,1.244295,50
2023-06-06 16:00:00,1.244295,1.244657,1.244246,1.244608,50
2023-06-06 17:00:00,1.244608,1.244740,1.243262,1.243394,50
2023-06-06 18:00:00,1.243394,1.244085,1.243206,1.243897,50
2023-06-06 19:00:00,1.243897,1.244111,1.242778,1.242992,50
2023-06-06 20:00:00,1.242992,1.243169,1.241100,1.241276,50
2023-06-06 21:00:00,1.241276,1.241469,1.240800,1.240992,50
2023-06-06 22:00:00,1.240992,1.242211,1.240878,1.242097,50
2023-06-06 23:00:00,1.242097,1.242212,1.241659,1.241773,50
2023-06-07 00:00:00,1.241773,1.243318,1.241563,1.243108,50
2023-06-07 01:00:00,1.243108,1.243856,1.242964,1.243712,50
2023-06-07 02:00:00,1.243712,1.244145,1.243440,1.243872,50
2023-06-07 03:00:00,1.243872,1.244596,1.243694,1.244418,50
2023-06-07 04:00:00,1.244418,1.244546,1.243128,1.243256,50
2023-06-07 05:00:00,1.243256,1.243332,1.243184,1.243260,50
2023-06-07 06:00:00,1.243260,1.244126,1.243100,1.243966,50
2023-06-07 07:00:00,1.243966,1.244234,1.243660,1.243928,50
2023-06-07 08:00:00,1.243928,1.244043,1.243292,1.243407,50
2023-06-07 09:00:00,1.243407,1.243755,1.243195,1.243542,50
2023-06-07 10:00:00,1.243542,1.243613,1.242820,1.242890,50
2023-06-07 11:00:00,1.242890,1.243316,1.242815,1.243240,50
2023-06-07 12:00:00,1.243240,1.243550,1.243186,1.243496,50
2023-06-07 13:00:00,1.243496,1.243730,1.243098,1.243332,50
2023-06-07 14:00:00,1.243332,1.243529,1.242048,1.242245,50
2023-06-07 15:00:00,1.242245,1.242346,1.241581,1.241681,50
2023-06-07 16:00:00,1.241681,1.242009,1.241436,1.241765,50
2023-06-07 17:00:00,1.241765,1.241958,1.240899,1.241093,50
2023-06-07 18:00:00,1.241093,1.241838,1.240915,1.241660,50
2023-06-07 19:00:00,1.241660,1.242415,1.241653,1.242407,50
2023-06-07 20:00:00,1.242407,1.244344,1.242182,1.244118,50
2023-06-07 21:00:00,1.244118,1.244392,1.243769,1.244043,50
2023-06-07 22:00:00,1.244043,1.245864,1.244034,1.245855,50
2023-06-07 23:00:00,1.245855,1.245919,1.245111,1.245175,50
2023-06-08 00:00:00,1.245175,1.248374,1.245123,1.248322,50
2023-06-08 01:00:00,1.248322,1.248822,1.247190,1.247691,50
2023-06-08 02:00:00,1.247691,1.248079,1.245079,1.245468,50
2023-06-08 03:00:00,1.245468,1.245725,1.243913,1.244170,50
2023-06-08 04:00:00,1.244170,1.246370,1.243411,1.245611,50
2023-06-08 05:00:00,1.245611,1.245808,1.244327,1.244524,50
2023-06-08 06:00:00,1.244524,1.244987,1.242806,1.243269,50
2023-06-08 07:00:00,1.243269,1.244960,1.243251,1.244942,50
2023-06-08 08:00:00,1.244942,1.246549,1.244231,1.245838,50
2023-06-08 09:00:00,1.245838,1.247299,1.245427,1.246888,50
2023-06-08 10:00:00,1.246888,1.248318,1.246238,1.247668,50
2023-06-08 11:00:00,1.247668,1.248626,1.247008,1.247965,50
2023-06-08 12:00:00,1.247965,1.251933,1.247384,1.251351,50
2023-06-08 13:00:00,1.251351,1.256034,1.251293,1.255976,50
2023-06-08 14:00:00,1.255976,1.256108,1.255437,1.255569,50
2023-06-08 15:00:00,1.255569,1.255665,1.251559,1.251656,50
2023-06-08 16:00:00,1.251656,1.254337,1.251470,1.254151,50
2023-06-08 17:00:00,1.254151,1.256198,1.253355,1.255402,50
2023-06-08 18:00:00,1.255402,1.256049,1.253343,1.253991,50
2023-06-08 19:00:00,1.253991,1.254786,1.252017,1.252812,50
2023-06-08 20:00:00,1.252812,1.254628,1.252498,1.254314,50
2023-06-08 21:00:00,1.254314,1.257163,1.253762,1.256611,50
2023-06-08 22:00:00,1.256611,1.257050,1.255488,1.255927,50
2023-06-08 23:00:00,1.255927,1.256724,1.253908,1.254705,50
2023-06-09 00:00:00,1.254705,1.254948,1.254468,1.254711,50
2023-06-09 01:00:00,1.254711,1.255292,1.254566,1.255146,50
2023-06-09 02:00:00,1.255146,1.256301,1.254946,1.256100,50
2023-06-09 03:00:00,1.256100,1.256365,1.255483,1.255748,50
2023-06-09 04:00:00,1.255748,1.255865,1.255264,1.255382,50
2023-06-09 05:00:00,1.255382,1.255414,1.255066,1.255098,50
2023-06-09 06:00:00,1.255098,1.255337,1.254789,1.255028,50
2023-06-09 07:00:00,1.255028,1.255142,1.254955,1.255069,50
2023-06-09 08:00:00,1.255069,1.255509,1.255016,1.255456,50
2023-06-09 09:00:00,1.255456,1.255697,1.254769,1.255010,50
2023-06-09 10:00:00,1.255010,1.255469,1.254999,1.255458,50
2023-06-09 11:00:00,1.255458,1.255637,1.254621,1.254801,50
2023-06-09 12:00:00,1.254801,1.255629,1.254740,1.255568,50
2023-06-09 13:00:00,1.255568,1.256221,1.255553,1.256206,50
2023-06-09 14:00:00,1.256206,1.257781,1.255980,1.257555,50
2023-06-09 15:00:00,1.257555,1.257593,1.257026,1.257064,50
2023-06-09 16:00:00,1.257064,1.257416,1.256962,1.257314,50
2023-06-09 17:00:00,1.257314,1.257330,1.256928,1.256943,50
2023-06-09 18:00:00,1.256943,1.257722,1.256907,1.257686,50
2023-06-09 19:00:00,1.257686,1.258329,1.257502,1.258145,50
2023-06-09 20:00:00,1.258145,1.258440,1.257955,1.258250,50
2023-06-09 21:00:00,1.258250,1.258341,1.257422,1.257513,50
2023-06-09 22:00:00,1.257513,1.258539,1.257299,1.258325,50
2023-06-09 23:00:00,1.258325,1.258488,1.257699,1.257862,50
2023-06-12 00:00:00,1.257862,1.258317,1.252239,1.252695,50
2023-06-12 01:00:00,1.252695,1.252894,1.251786,1.251986,50
2023-06-12 02:00:00,1.251986,1.252098,1.251078,1.251190,50
2023-06-12 03:00:00,1.251190,1.252044,1.250980,1.251835,50
2023-06-12 04:00:00,1.251835,1.252463,1.251043,1.251671,50
2023-06-12 05:00:00,1.251671,1.252372,1.249370,1.250070,50
2023-06-12 06:00:00,1.250070,1.250210,1.246977,1.247116,50
2023-06-12 07:00:00,1.247116,1.250133,1.246435,1.249452,50
2023-06-12 08:00:00,1.249452,1.251089,1.248994,1.250631,50
2023-06-12 09:00:00,1.250631,1.250788,1.247792,1.247950,50
2023-06-12 10:00:00,1.247950,1.248233,1.247284,1.247567,50
2023-06-12 11:00:00,1.247567,1.249307,1.247455,1.249195,50
2023-06-12 12:00:00,1.249195,1.251592,1.248898,1.251296,50
2023-06-12 13:00:00,1.251296,1.255615,1.251207,1.255526,50
2023-06-12 14:00:00,1.255526,1.255941,1.251654,1.252069,50
2023-06-12 15:00:00,1.252069,1.252752,1.247977,1.248659,50
2023-06-12 16:00:00,1.248659,1.248690,1.247831,1.247861,50
2023-06-12 17:00:00,1.247861,1.248171,1.247728,1.248038,50
2023-06-12 18:00:00,1.248038,1.251015,1.247874,1.250851,50
2023-06-12 19:00:00,1.250851,1.250993,1.249371,1.249513,50
2023-06-12 20:00:00,1.249513,1.250542,1.249288,1.250318,50
2023-06-12 21:00:00,1.250318,1.251552,1.249972,1.251206,50
2023-06-12 22:00:00,1.251206,1.254505,1.250798,1.254097,50
2023-06-12 23:00:00,1.254097,1.254522,1.248482,1.248907,50
2023-06-13 00:00:00,1.248907,1.249148,1.247281,1.247521,50
2023-06-13 01:00:00,1.247521,1.250440,1.246768,1.249687,50
2023-06-13 02:00:00,1.249687,1.250647,1.247312,1.248272,50
2023-06-13 03:00:00,1.248272,1.249923,1.247309,1.248959,50
2023-06-13 04:00:00,1.248959,1.251857,1.248909,1.251807,50
2023-06-13 05:00:00,1.251807,1.253430,1.250821,1.252445,50
2023-06-13 06:00:00,1.252445,1.254087,1.252172,1.253814,50
2023-06-13 07:00:00,1.253814,1.254718,1.252387,1.253291,50
2023-06-13 08:00:00,1.253291,1.255260,1.252626,1.254595,50
2023-06-13 09:00:00,1.254595,1.254759,1.250498,1.250663,50
2023-06-13 10:00:00,1.250663,1.251480,1.249654,1.250472,50
2023-06-13 11:00:00,1.250472,1.251189,1.247685,1.248402,50
2023-06-13 12:00:00,1.248402,1.251691,1.247778,1.251067,50
2023-06-13 13:00:00,1.251067,1.253918,1.250057,1.252908,50
2023-06-13 14:00:00,1.252908,1.253777,1.251963,1.252832,50
2023-06-13 15:00:00,1.252832,1.253006,1.252723,1.252898,50
2023-06-13 16:00:00,1.252898,1.254613,1.252394,1.254109,50
2023-06-13 17:00:00,1.254109,1.256365,1.253860,1.256116,50
2023-06-13 18:00:00,1.256116,1.257185,1.255537,1.256606,50
2023-06-13 19:00:00,1.256606,1.258972,1.256601,1.258968,50
2023-06-13 20:00:00,1.258968,1.260923,1.258058,1.260013,50
2023-06-13 21:00:00,1.260013,1.261978,1.259693,1.261658,50
2023-06-13 22:00:00,1.261658,1.262612,1.260369,1.261324,50
2023-06-13 23:00:00,1.261324,1.262010,1.260348,1.261034,50
2023-06-14 00:00:00,1.261034,1.268379,1.260340,1.267685,50
2023-06-14 01:00:00,1.267685,1.268586,1.267618,1.268519,50
2023-06-14 02:00:00,1.268519,1.268981,1.263519,1.263980,50
2023-06-14 03:00:00,1.263980,1.266564,1.263720,1.266304,50
2023-06-14 04:00:00,1.266304,1.267133,1.265842,1.266671,50
2023-06-14 05:00:00,1.266671,1.267300,1.262940,1.263570,50
2023-06-14 06:00:00,1.263570,1.264711,1.263332,1.264473,50
2023-06-14 07:00:00,1.264473,1.264739,1.262035,1.262300,50
2023-06-14 08:00:00,1.262300,1.265023,1.261977,1.264700,50
2023-06-14 09:00:00,1.264700,1.265292,1.262913,1.263505,50
2023-06-14 10:00:00,1.263505,1.263973,1.258838,1.259305,50
2023-06-14 11:00:00,1.259305,1.259593,1.259178,1.259467,50
2023-06-14 12:00:00,1.259467,1.262496,1.259282,1.262311,50
2023-06-14 13:00:00,1.262311,1.263605,1.262090,1.263383,50
2023-06-14 14:00:00,1.263383,1.265087,1.263061,1.264765,50
2023-06-14 15:00:00,1.264765,1.266372,1.264068,1.265674,50
2023-06-14 16:00:00,1.265674,1.266245,1.265256,1.265827,50
2023-06-14 17:00:00,1.265827,1.266293,1.264723,1.265189,50
2023-06-14 18:00:00,1.265189,1.265248,1.263546,1.263605,50
2023-06-14 19:00:00,1.263605,1.264062,1.262935,1.263393,50
2023-06-14 20:00:00,1.263393,1.267657,1.262817,1.267081,50
2023-06-14 21:00:00,1.267081,1.269544,1.266583,1.269046,50
2023-06-14 22:00:00,1.269046,1.271679,1.268729,1.271363,50
2023-06-14 23:00:00,1.271363,1.272035,1.269008,1.269680,50
2023-06-15 00:00:00,1.269680,1.275097,1.269596,1.275012,50
2023-06-15 01:00:00,1.275012,1.275234,1.273013,1.273234,50
2023-06-15 02:00:00,1.273234,1.273655,1.272057,1.272477,50
2023-06-15 03:00:00,1.272477,1.273201,1.272468,1.273192,50
2023-06-15 04:00:00,1.273192,1.274502,1.272962,1.274273,50
2023-06-15 05:00:00,1.274273,1.277171,1.274119,1.277017,50
2023-06-15 06:00:00,1.277017,1.277099,1.274454,1.274536,50
2023-06-15 07:00:00,1.274536,1.274758,1.274121,1.274342,50
2023-06-15 08:00:00,1.274342,1.274567,1.271711,1.271936,50
2023-06-15 09:00:00,1.271936,1.272228,1.269681,1.269973,50
2023-06-15 10:00:00,1.269973,1.270273,1.269323,1.269623,50
2023-06-15 11:00:00,1.269623,1.269985,1.268635,1.268997,50
2023-06-15 12:00:00,1.268997,1.270595,1.268527,1.270126,50
2023-06-15 13:00:00,1.270126,1.270261,1.268967,1.269103,50
2023-06-15 14:00:00,1.269103,1.269341,1.268146,1.268384,50
2023-06-15 15:00:00,1.268384,1.269703,1.268137,1.269456,50
2023-06-15 16:00:00,1.269456,1.270836,1.269411,1.270791,50
2023-06-15 17:00:00,1.270791,1.271318,1.269777,1.270305,50
2023-06-15 18:00:00,1.270305,1.275410,1.270109,1.275214,50
2023-06-15 19:00:00,1.275214,1.275566,1.274019,1.274371,50
2023-06-15 20:00:00,1.274371,1.274435,1.274299,1.274363,50
2023-06-15 21:00:00,1.274363,1.274789,1.274289,1.274715,50
2023-06-15 22:00:00,1.274715,1.275708,1.274281,1.275274,50
2023-06-15 23:00:00,1.275274,1.276695,1.274740,1.276161,50
2023-06-16 00:00:00,1.276161,1.276932,1.275992,1.276763,50
2023-06-16 01:00:00,1.276763,1.277096,1.274749,1.275082,50
2023-06-16 02:00:00,1.275082,1.275850,1.274891,1.275659,50
2023-06-16 03:00:00,1.275659,1.275962,1.275566,1.275868,50
2023-06-16 04:00:00,1.275868,1.276142,1.275319,1.275593,50
2023-06-16 05:00:00,1.275593,1.276831,1.275426,1.276664,50
2023-06-16 06:00:00,1.276664,1.276751,1.276568,1.276656,50
2023-06-16 07:00:00,1.276656,1.277668,1.276599,1.277611,50
2023-06-16 08:00:00,1.277611,1.280074,1.277233,1.279695,50
2023-06-16 09:00:00,1.279695,1.280639,1.279674,1.280617,50
2023-06-16 10:00:00,1.280617,1.281568,1.280178,1.281129,50
2023-06-16 11:00:00,1.281129,1.281848,1.280795,1.281514,50
2023-06-16 12:00:00,1.281514,1.282132,1.281181,1.281798,50
2023-06-16 13:00:00,1.281798,1.283016,1.281420,1.282638,50
2023-06-16 14:00:00,1.282638,1.282776,1.281131,1.281269,50
2023-06-16 15:00:00,1.281269,1.281439,1.279433,1.279604,50
2023-06-16 16:00:00,1.279604,1.279851,1.279081,1.279329,50
2023-06-16 17:00:00,1.279329,1.279681,1.277986,1.278339,50
2023-06-16 18:00:00,1.278339,1.278386,1.275928,1.275975,50
2023-06-16 19:00:00,1.275975,1.276193,1.275060,1.275278,50
2023-06-16 20:00:00,1.275278,1.276383,1.275229,1.276335,50
2023-06-16 21:00:00,1.276335,1.277193,1.276004,1.276862,50
2023-06-16 22:00:00,1.276862,1.278369,1.276778,1.278285,50
2023-06-16 23:00:00,1.278285,1.281973,1.277871,1.281558,50
2023-06-20 00:00:00,1.281558,1.281880,1.277281,1.277602,50
2023-06-20 01:00:00,1.277602,1.281583,1.277221,1.281202,50
2023-06-20 02:00:00,1.281202,1.282862,1.280800,1.282461,50
2023-06-20 03:00:00,1.282461,1.283471,1.282213,1.283223,50
2023-06-20 04:00:00,1.283223,1.283249,1.283132,1.283158,50
2023-06-20 05:00:00,1.283158,1.283529,1.281458,1.281829,50
2023-06-20 06:00:00,1.281829,1.281839,1.279642,1.279653,50
2023-06-20 07:00:00,1.279653,1.279929,1.277296,1.277572,50
2023-06-20 08:00:00,1.277572,1.277619,1.273881,1.273927,50
2023-06-20 09:00:00,1.273927,1.274167,1.273343,1.273583,50
2023-06-20 10:00:00,1.273583,1.274923,1.272900,1.274241,50
2023-06-20 11:00:00,1.274241,1.274298,1.272327,1.272385,50
2023-06-20 12:00:00,1.272385,1.275053,1.271894,1.274562,50
2023-06-20 13:00:00,1.274562,1.274933,1.274433,1.274804,50
2023-06-20 14:00:00,1.274804,1.275024,1.271475,1.271695,50
2023-06-20 15:00:00,1.271695,1.272073,1.271193,1.271572,50
2023-06-20 16:00:00,1.271572,1.272681,1.271472,1.272581,50
2023-06-20 17:00:00,1.272581,1.272814,1.272088,1.272321,50
2023-06-20 18:00:00,1.272321,1.273618,1.272043,1.273341,50
2023-06-20 19:00:00,1.273341,1.273456,1.272990,1.273106,50
2023-06-20 20:00:00,1.273106,1.273741,1.272418,1.273053,50
2023-06-20 21:00:00,1.273053,1.273256,1.272748,1.272951,50
2023-06-20 22:00:00,1.272951,1.273570,1.272598,1.273218,50
2023-06-20 23:00:00,1.273218,1.273645,1.272809,1.273237,50
2023-06-21 00:00:00,1.273237,1.274164,1.273104,1.274031,50
2023-06-21 01:00:00,1.274031,1.274226,1.273039,1.273233,50
2023-06-21 02:00:00,1.273233,1.273728,1.273054,1.273549,50
2023-06-21 03:00:00,1.273549,1.273712,1.273351,1.273514,50
2023-06-21 04:00:00,1.273514,1.273624,1.272214,1.272324,50
2023-06-21 05:00:00,1.272324,1.272472,1.271421,1.271569,50
2023-06-21 06:00:00,1.271569,1.272035,1.271450,1.271916,50
2023-06-21 07:00:00,1.271916,1.272126,1.271526,1.271735,50
2023-06-21 08:00:00,1.271735,1.272393,1.271636,1.272293,50
2023-06-21 09:00:00,1.272293,1.272423,1.272149,1.272278,50
2023-06-21 10:00:00,1.272278,1.272534,1.272181,1.272436,50
2023-06-21 11:00:00,1.272436,1.272780,1.272400,1.272744,50
2023-06-21 12:00:00,1.272744,1.273899,1.272693,1.273848,50
2023-06-21 13:00:00,1.273848,1.273960,1.273115,1.273227,50
2023-06-21 14:00:00,1.273227,1.274503,1.273143,1.274419,50
2023-06-21 15:00:00,1.274419,1.274433,1.274242,1.274256,50
2023-06-21 16:00:00,1.274256,1.274455,1.274138,1.274336,50
2023-06-21 17:00:00,1.274336,1.274563,1.273232,1.273459,50
2023-06-21 18:00:00,1.273459,1.273748,1.273274,1.273563,50
2023-06-21 19:00:00,1.273563,1.273913,1.273494,1.273844,50
2023-06-21 20:00:00,1.273844,1.274719,1.273722,1.274596,50
2023-06-21 21:00:00,1.274596,1.274998,1.274501,1.274903,50
2023-06-21 22:00:00,1.274903,1.275508,1.274785,1.275390,50
2023-06-21 23:00:00,1.275390,1.275484,1.273629,1.273723,50
2023-06-22 00:00:00,1.273723,1.273948,1.273485,1.273710,50
2023-06-22 01:00:00,1.273710,1.273808,1.273152,1.273250,50
2023-06-22 02:00:00,1.273250,1.273353,1.272357,1.272460,50
2023-06-22 03:00:00,1.272460,1.273680,1.272350,1.273570,50
2023-06-22 04:00:00,1.273570,1.273644,1.272673,1.272747,50
2023-06-22 05:00:00,1.272747,1.273162,1.272746,1.273162,50
2023-06-22 06:00:00,1.273162,1.275180,1.273071,1.275089,50
2023-06-22 07:00:00,1.275089,1.275096,1.274365,1.274371,50
2023-06-22 08:00:00,1.274371,1.275619,1.274280,1.275527,50
2023-06-22 09:00:00,1.275527,1.276263,1.275359,1.276095,50
2023-06-22 10:00:00,1.276095,1.276192,1.274335,1.274432,50
2023-06-22 11:00:00,1.274432,1.274538,1.273792,1.273898,50
2023-06-22 12:00:00,1.273898,1.274443,1.273684,1.274228,50
2023-06-22 13:00:00,1.274228,1.274401,1.274225,1.274398,50
2023-06-22 14:00:00,1.274398,1.276362,1.274321,1.276285,50
2023-06-22 15:00:00,1.276285,1.276316,1.275320,1.275351,50
2023-06-22 16:00:00,1.275351,1.275454,1.274855,1.274958,50
2023-06-22 17:00:00,1.274958,1.275044,1.274429,1.274515,50
2023-06-22 18:00:00,1.274515,1.275329,1.274419,1.275232,50
2023-06-22 19:00:00,1.275232,1.275403,1.274790,1.274961,50
2023-06-22 20:00:00,1.274961,1.275173,1.273708,1.273920,50
2023-06-22 21:00:00,1.273920,1.274108,1.272717,1.272905,50
2023-06-22 22:00:00,1.272905,1.273431,1.272695,1.273221,50
2023-06-22 23:00:00,1.273221,1.275080,1.273163,1.275022,50
2023-06-23 00:00:00,1.275022,1.275147,1.273009,1.273134,50
2023-06-23 01:00:00,1.273134,1.273247,1.271297,1.271410,50
2023-06-23 02:00:00,1.271410,1.271564,1.270897,1.271050,50
2023-06-23 03:00:00,1.271050,1.273089,1.271048,1.273087,50
2023-06-23 04:00:00,1.273087,1.274579,1.272836,1.274327,50
2023-06-23 05:00:00,1.274327,1.274580,1.274141,1.274393,50
2023-06-23 06:00:00,1.274393,1.274426,1.273495,1.273527,50
2023-06-23 07:00:00,1.273527,1.274614,1.273449,1.274536,50
2023-06-23 08:00:00,1.274536,1.275100,1.274257,1.274821,50
2023-06-23 09:00:00,1.274821,1.276080,1.274735,1.275994,50
2023-06-23 10:00:00,1.275994,1.276348,1.273509,1.273863,50
2023-06-23 11:00:00,1.273863,1.274030,1.273618,1.273784,50
2023-06-23 12:00:00,1.273784,1.273998,1.272172,1.272386,50
2023-06-23 13:00:00,1.272386,1.273059,1.272013,1.272685,50
2023-06-23 14:00:00,1.272685,1.273608,1.272400,1.273322,50
2023-06-23 15:00:00,1.273322,1.274096,1.273211,1.273985,50
2023-06-23 16:00:00,1.273985,1.274104,1.273267,1.273386,50
2023-06-23 17:00:00,1.273386,1.273693,1.271462,1.271770,50
2023-06-23 18:00:00,1.271770,1.272065,1.271486,1.271780,50
2023-06-23 19:00:00,1.271780,1.272066,1.271579,1.271864,50
2023-06-23 20:00:00,1.271864,1.272056,1.270566,1.270759,50
2023-06-23 21:00:00,1.270759,1.271018,1.270717,1.270977,50
2023-06-23 22:00:00,1.270977,1.271117,1.269792,1.269932,50
2023-06-23 23:00:00,1.269932,1.270452,1.269644,1.270164,50
2023-06-26 00:00:00,1.270164,1.272509,1.270009,1.272354,50
2023-06-26 01:00:00,1.272354,1.272369,1.271816,1.271830,50
2023-06-26 02:00:00,1.271830,1.272453,1.271687,1.272310,50
2023-06-26 03:00:00,1.272310,1.272572,1.272123,1.272384,50
2023-06-26 04:00:00,1.272384,1.272453,1.272376,1.272444,50
2023-06-26 05:00:00,1.272444,1.272879,1.272390,1.272825,50
2023-06-26 06:00:00,1.272825,1.273244,1.272785,1.273204,50
2023-06-26 07:00:00,1.273204,1.273306,1.272812,1.272914,50
2023-06-26 08:00:00,1.272914,1.272955,1.272590,1.272632,50
2023-06-26 09:00:00,1.272632,1.272746,1.272103,1.272217,50
2023-06-26 10:00:00,1.272217,1.272226,1.271501,1.271510,50
2023-06-26 11:00:00,1.271510,1.271720,1.270980,1.271191,50
2023-06-26 12:00:00,1.271191,1.271297,1.270868,1.270974,50
2023-06-26 13:00:00,1.270974,1.271068,1.270232,1.270326,50
2023-06-26 14:00:00,1.270326,1.270542,1.269870,1.270085,50
2023-06-26 15:00:00,1.270085,1.270140,1.269332,1.269387,50
2023-06-26 16:00:00,1.269387,1.270386,1.269251,1.270250,50
2023-06-26 17:00:00,1.270250,1.270517,1.270075,1.270341,50
2023-06-26 18:00:00,1.270341,1.270878,1.270278,1.270815,50
2023-06-26 19:00:00,1.270815,1.271396,1.270660,1.271242,50
2023-06-26 20:00:00,1.271242,1.271976,1.271020,1.271754,50
2023-06-26 21:00:00,1.271754,1.272048,1.271669,1.271964,50
2023-06-26 22:00:00,1.271964,1.272172,1.271713,1.271921,50
2023-06-26 23:00:00,1.271921,1.272558,1.271789,1.272427,50
2023-06-27 00:00:00,1.272427,1.272536,1.271861,1.271971,50
2023-06-27 01:00:00,1.271971,1.272186,1.271720,1.271935,50
2023-06-27 02:00:00,1.271935,1.272464,1.271910,1.272439,50
2023-06-27 03:00:00,1.272439,1.272821,1.272307,1.272689,50
2023-06-27 04:00:00,1.272689,1.273653,1.272680,1.273644,50
2023-06-27 05:00:00,1.273644,1.273742,1.273564,1.273662,50
2023-06-27 06:00:00,1.273662,1.273771,1.273653,1.273763,50
2023-06-27 07:00:00,1.273763,1.273877,1.273718,1.273832,50
2023-06-27 08:00:00,1.273832,1.274362,1.273663,1.274192,50
2023-06-27 09:00:00,1.274192,1.274403,1.274009,1.274220,50
2023-06-27 10:00:00,1.274220,1.274310,1.274092,1.274182,50
2023-06-27 11:00:00,1.274182,1.274600,1.274012,1.274430,50
2023-06-27 12:00:00,1.274430,1.274511,1.274356,1.274438,50
2023-06-27 13:00:00,1.274438,1.274743,1.274331,1.274636,50
2023-06-27 14:00:00,1.274636,1.274827,1.274205,1.274396,50
2023-06-27 15:00:00,1.274396,1.274923,1.274182,1.274708,50
2023-06-27 16:00:00,1.274708,1.275009,1.274527,1.274827,50
2023-06-27 17:00:00,1.274827,1.274931,1.274380,1.274484,50
2023-06-27 18:00:00,1.274484,1.274864,1.274419,1.274800,50
2023-06-27 19:00:00,1.274800,1.274954,1.274766,1.274920,50
2023-06-27 20:00:00,1.274920,1.275144,1.274673,1.274896,50
2023-06-27 21:00:00,1.274896,1.275371,1.274847,1.275322,50
2023-06-27 22:00:00,1.275322,1.275853,1.275205,1.275737,50
2023-06-27 23:00:00,1.275737,1.275885,1.275037,1.275185,50
2023-06-28 00:00:00,1.275185,1.275988,1.273098,1.273902,50
2023-06-28 01:00:00,1.273902,1.274174,1.272956,1.273229,50
2023-06-28 02:00:00,1.273229,1.273668,1.272619,1.273058,50
2023-06-28 03:00:00,1.273058,1.273375,1.271726,1.272042,50
2023-06-28 04:00:00,1.272042,1.272565,1.269137,1.269660,50
2023-06-28 05:00:00,1.269660,1.271896,1.269269,1.271505,50
2023-06-28 06:00:00,1.271505,1.273466,1.271467,1.273429,50
2023-06-28 07:00:00,1.273429,1.275656,1.273185,1.275412,50
2023-06-28 08:00:00,1.275412,1.275834,1.270326,1.270749,50
2023-06-28 09:00:00,1.270749,1.270811,1.267333,1.267395,50
2023-06-28 10:00:00,1.267395,1.270226,1.266506,1.269338,50
2023-06-28 11:00:00,1.269338,1.269456,1.264236,1.264354,50
2023-06-28 12:00:00,1.264354,1.265129,1.264295,1.265069,50
2023-06-28 13:00:00,1.265069,1.265602,1.262878,1.263411,50
2023-06-28 14:00:00,1.263411,1.263762,1.261234,1.261585,50
2023-06-28 15:00:00,1.261585,1.264038,1.261094,1.263548,50
2023-06-28 16:00:00,1.263548,1.263838,1.261165,1.261455,50
2023-06-28 17:00:00,1.261455,1.263078,1.260959,1.262583,50
2023-06-28 18:00:00,1.262583,1.263146,1.262039,1.262602,50
2023-06-28 19:00:00,1.262602,1.263617,1.261963,1.262978,50
2023-06-28 20:00:00,1.262978,1.264745,1.262675,1.264443,50
2023-06-28 21:00:00,1.264443,1.264652,1.263766,1.263975,50
2023-06-28 22:00:00,1.263975,1.265510,1.263831,1.265365,50
2023-06-28 23:00:00,1.265365,1.265450,1.263658,1.263743,50
2023-06-29 00:00:00,1.263743,1.264764,1.263579,1.264599,50
2023-06-29 01:00:00,1.264599,1.264616,1.264450,1.264467,50
2023-06-29 02:00:00,1.264467,1.264661,1.263505,1.263700,50
2023-06-29 03:00:00,1.263700,1.263829,1.263133,1.263262,50
2023-06-29 04:00:00,1.263262,1.263374,1.263210,1.263322,50
2023-06-29 05:00:00,1.263322,1.263486,1.263002,1.263166,50
2023-06-29 06:00:00,1.263166,1.263716,1.263130,1.263680,50
2023-06-29 07:00:00,1.263680,1.263778,1.262639,1.262737,50
2023-06-29 08:00:00,1.262737,1.262754,1.261861,1.261878,50
2023-06-29 09:00:00,1.261878,1.262032,1.261150,1.261303,50
2023-06-29 10:00:00,1.261303,1.261894,1.261095,1.261685,50
2023-06-29 11:00:00,1.261685,1.261768,1.260769,1.260851,50
2023-06-29 12:00:00,1.260851,1.261028,1.260637,1.260814,50
2023-06-29 13:00:00,1.260814,1.261134,1.260735,1.261055,50
2023-06-29 14:00:00,1.261055,1.261875,1.260977,1.261797,50
2023-06-29 15:00:00,1.261797,1.262592,1.261718,1.262513,50
2023-06-29 16:00:00,1.262513,1.262672,1.262175,1.262335,50
2023-06-29 17:00:00,1.262335,1.262338,1.261834,1.261837,50
2023-06-29 18:00:00,1.261837,1.261962,1.261260,1.261385,50
2023-06-29 19:00:00,1.261385,1.261782,1.261279,1.261676,50
2023-06-29 20:00:00,1.261676,1.262429,1.261541,1.262294,50
2023-06-29 21:00:00,1.262294,1.262344,1.262193,1.262243,50
2023-06-29 22:00:00,1.262243,1.262541,1.262168,1.262466,50
2023-06-29 23:00:00,1.262466,1.262619,1.261517,1.261670,50
2023-06-30 00:00:00,1.261670,1.270297,1.261165,1.269791,50
2023-06-30 01:00:00,1.269791,1.269803,1.268081,1.268093,50
2023-06-30 02:00:00,1.268093,1.271036,1.267556,1.270499,50
2023-06-30 03:00:00,1.270499,1.270931,1.268148,1.268579,50
2023-06-30 04:00:00,1.268579,1.269046,1.268175,1.268641,50
2023-06-30 05:00:00,1.268641,1.268840,1.266512,1.266710,50
2023-06-30 06:00:00,1.266710,1.267168,1.265472,1.265930,50
2023-06-30 07:00:00,1.265930,1.266672,1.259068,1.259810,50
2023-06-30 08:00:00,1.259810,1.262117,1.259528,1.261835,50
2023-06-30 09:00:00,1.261835,1.266633,1.261750,1.266548,50
2023-06-30 10:00:00,1.266548,1.268134,1.265865,1.267450,50
2023-06-30 11:00:00,1.267450,1.267621,1.265984,1.266155,50
2023-06-30 12:00:00,1.266155,1.267226,1.266073,1.267145,50
2023-06-30 13:00:00,1.267145,1.273440,1.266536,1.272831,50
2023-06-30 14:00:00,1.272831,1.273351,1.267512,1.268032,50
2023-06-30 15:00:00,1.268032,1.269272,1.267362,1.268603,50
2023-06-30 16:00:00,1.268603,1.270537,1.267924,1.269858,50
2023-06-30 17:00:00,1.269858,1.272361,1.269567,1.272070,50
2023-06-30 18:00:00,1.272070,1.272477,1.270881,1.271289,50
2023-06-30 19:00:00,1.271289,1.272100,1.271184,1.271995,50
2023-06-30 20:00:00,1.271995,1.272551,1.269494,1.270049,50
2023-06-30 21:00:00,1.270049,1.270523,1.266630,1.267103,50
2023-06-30 22:00:00,1.267103,1.269037,1.266428,1.268362,50
2023-06-30 23:00:00,1.268362,1.271710,1.267623,1.270971,50
2023-07-03 00:00:00,1.270971,1.271129,1.269639,1.269797,50
2023-07-03 01:00:00,1.269797,1.270260,1.269785,1.270248,50
2023-07-03 02:00:00,1.270248,1.270408,1.269904,1.270064,50
2023-07-03 03:00:00,1.270064,1.270553,1.269938,1.270426,50
2023-07-03 04:00:00,1.270426,1.271693,1.270421,1.271687,50
2023-07-03 05:00:00,1.271687,1.272010,1.271498,1.271820,50
2023-07-03 06:00:00,1.271820,1.271838,1.269768,1.269785,50
2023-07-03 07:00:00,1.269785,1.269912,1.269026,1.269153,50
2023-07-03 08:00:00,1.269153,1.269333,1.268161,1.268341,50
2023-07-03 09:00:00,1.268341,1.268696,1.268123,1.268479,50
2023-07-03 10:00:00,1.268479,1.269402,1.268459,1.269382,50
2023-07-03 11:00:00,1.269382,1.269908,1.269253,1.269779,50
2023-07-03 12:00:00,1.269779,1.271626,1.269740,1.271587,50
2023-07-03 13:00:00,1.271587,1.272202,1.271534,1.272149,50
2023-07-03 14:00:00,1.272149,1.272182,1.270444,1.270477,50
2023-07-03 15:00:00,1.270477,1.270623,1.268578,1.268724,50
2023-07-03 16:00:00,1.268724,1.270210,1.268514,1.270000,50
2023-07-03 17:00:00,1.270000,1.271010,1.269882,1.270892,50
2023-07-03 18:00:00,1.270892,1.271037,1.270360,1.270505,50
2023-07-03 19:00:00,1.270505,1.270644,1.269701,1.269840,50
2023-07-03 20:00:00,1.269840,1.270597,1.269750,1.270507,50
2023-07-03 21:00:00,1.270507,1.270624,1.268514,1.268630,50
2023-07-03 22:00:00,1.268630,1.268733,1.268483,1.268586,50
2023-07-03 23:00:00,1.268586,1.269659,1.268446,1.269519,50
2023-07-05 00:00:00,1.269519,1.270604,1.269403,1.270488,50
2023-07-05 01:00:00,1.270488,1.271749,1.270359,1.271621,50
2023-07-05 02:00:00,1.271621,1.271719,1.271162,1.271260,50
2023-07-05 03:00:00,1.271260,1.271329,1.270859,1.270928,50
2023-07-05 04:00:00,1.270928,1.270947,1.270188,1.270206,50
2023-07-05 05:00:00,1.270206,1.270289,1.270096,1.270178,50
2023-07-05 06:00:00,1.270178,1.270701,1.270128,1.270650,50
2023-07-05 07:00:00,1.270650,1.270841,1.270571,1.270762,50
2023-07-05 08:00:00,1.270762,1.270945,1.270277,1.270460,50
2023-07-05 09:00:00,1.270460,1.270621,1.269881,1.270041,50
2023-07-05 10:00:00,1.270041,1.270563,1.269987,1.270508,50
2023-07-05 11:00:00,1.270508,1.271122,1.270286,1.270900,50
2023-07-05 12:00:00,1.270900,1.270907,1.269987,1.269994,50
2023-07-05 13:00:00,1.269994,1.270755,1.269836,1.270597,50
2023-07-05 14:00:00,1.270597,1.270750,1.269506,1.269660,50
2023-07-05 15:00:00,1.269660,1.269869,1.268130,1.268338,50
2023-07-05 16:00:00,1.268338,1.269059,1.268248,1.268968,50
2023-07-05 17:00:00,1.268968,1.269606,1.268919,1.269558,50
2023-07-05 18:00:00,1.269558,1.269712,1.269472,1.269627,50
2023-07-05 19:00:00,1.269627,1.269697,1.269226,1.269296,50
2023-07-05 20:00:00,1.269296,1.270677,1.269224,1.270604,50
2023-07-05 21:00:00,1.270604,1.270968,1.270494,1.270858,50
2023-07-05 22:00:00,1.270858,1.272357,1.270652,1.272151,50
2023-07-05 23:00:00,1.272151,1.272357,1.270765,1.270971,50
2023-07-06 00:00:00,1.270971,1.271141,1.269895,1.270064,50
2023-07-06 01:00:00,1.270064,1.270232,1.269752,1.269920,50
2023-07-06 02:00:00,1.269920,1.270006,1.269542,1.269629,50
2023-07-06 03:00:00,1.269629,1.270147,1.269604,1.270123,50
2023-07-06 04:00:00,1.270123,1.270416,1.270022,1.270316,50
2023-07-06 05:00:00,1.270316,1.271052,1.270089,1.270824,50
2023-07-06 06:00:00,1.270824,1.270873,1.270436,1.270484,50
2023-07-06 07:00:00,1.270484,1.271112,1.270456,1.271083,50
2023-07-06 08:00:00,1.271083,1.271305,1.270855,1.271076,50
2023-07-06 09:00:00,1.271076,1.271281,1.270398,1.270602,50
2023-07-06 10:00:00,1.270602,1.270656,1.270569,1.270623,50
2023-07-06 11:00:00,1.270623,1.270919,1.270465,1.270761,50
2023-07-06 12:00:00,1.270761,1.272016,1.270534,1.271789,50
2023-07-06 13:00:00,1.271789,1.272018,1.271225,1.271454,50
2023-07-06 14:00:00,1.271454,1.271646,1.270924,1.271116,50
2023-07-06 15:00:00,1.271116,1.271662,1.270957,1.271503,50
2023-07-06 16:00:00,1.271503,1.272081,1.271476,1.272054,50
2023-07-06 17:00:00,1.272054,1.272282,1.271526,1.271754,50
2023-07-06 18:00:00,1.271754,1.271878,1.270932,1.271057,50
2023-07-06 19:00:00,1.271057,1.271630,1.271036,1.271608,50
2023-07-06 20:00:00,1.271608,1.271666,1.271483,1.271540,50
2023-07-06 21:00:00,1.271540,1.272123,1.271370,1.271953,50
2023-07-06 22:00:00,1.271953,1.273267,1.271858,1.273171,50
2023-07-06 23:00:00,1.273171,1.273233,1.272041,1.272103,50
2023-07-07 00:00:00,1.272103,1.279027,1.271651,1.278575,50
2023-07-07 01:00:00,1.278575,1.278703,1.277845,1.277973,50
2023-07-07 02:00:00,1.277973,1.278499,1.275180,1.275706,50
2023-07-07 03:00:00,1.275706,1.277562,1.275068,1.276925,50
2023-07-07 04:00:00,1.276925,1.278631,1.276255,1.277960,50
2023-07-07 05:00:00,1.277960,1.278123,1.273042,1.273205,50
2023-07-07 06:00:00,1.273205,1.273997,1.272830,1.273622,50
2023-07-07 07:00:00,1.273622,1.274382,1.268990,1.269751,50
2023-07-07 08:00:00,1.269751,1.276949,1.268842,1.276040,50
2023-07-07 09:00:00,1.276040,1.276512,1.274081,1.274554,50
2023-07-07 10:00:00,1.274554,1.275408,1.272101,1.272955,50
2023-07-07 11:00:00,1.272955,1.273440,1.271408,1.271893,50
2023-07-07 12:00:00,1.271893,1.272324,1.271423,1.271854,50
2023-07-07 13:00:00,1.271854,1.273116,1.271259,1.272521,50
2023-07-07 14:00:00,1.272521,1.273326,1.272156,1.272962,50
2023-07-07 15:00:00,1.272962,1.274390,1.272713,1.274141,50
2023-07-07 16:00:00,1.274141,1.279073,1.273249,1.278181,50
2023-07-07 17:00:00,1.278181,1.280826,1.277457,1.280102,50
2023-07-07 18:00:00,1.280102,1.280791,1.278345,1.279034,50
2023-07-07 19:00:00,1.279034,1.279451,1.276939,1.277356,50
2023-07-07 20:00:00,1.277356,1.280439,1.276907,1.279989,50
2023-07-07 21:00:00,1.279989,1.284477,1.279791,1.284279,50
2023-07-07 22:00:00,1.284279,1.284513,1.283933,1.284167,50
2023-07-07 23:00:00,1.284167,1.284194,1.283835,1.283862,50
2023-07-10 00:00:00,1.283862,1.284169,1.283674,1.283980,50
2023-07-10 01:00:00,1.283980,1.284563,1.283840,1.284423,50
2023-07-10 02:00:00,1.284423,1.284859,1.284348,1.284783,50
2023-07-10 03:00:00,1.284783,1.284981,1.284589,1.284786,50
2023-07-10 04:00:00,1.284786,1.285028,1.284693,1.284935,50
2023-07-10 05:00:00,1.284935,1.285892,1.284748,1.285705,50
2023-07-10 06:00:00,1.285705,1.285866,1.285358,1.285519,50
2023-07-10 07:00:00,1.285519,1.285587,1.285429,1.285497,50
2023-07-10 08:00:00,1.285497,1.285623,1.284820,1.284946,50
2023-07-10 09:00:00,1.284946,1.285168,1.284009,1.284231,50
2023-07-10 10:00:00,1.284231,1.284957,1.284040,1.284766,50
2023-07-10 11:00:00,1.284766,1.285173,1.284621,1.285028,50
2023-07-10 12:00:00,1.285028,1.285123,1.284588,1.284684,50
2023-07-10 13:00:00,1.284684,1.284700,1.283623,1.283639,50
2023-07-10 14:00:00,1.283639,1.284735,1.283578,1.284674,50
2023-07-10 15:00:00,1.284674,1.284831,1.283944,1.284101,50
2023-07-10 16:00:00,1.284101,1.284314,1.284018,1.284232,50
2023-07-10 17:00:00,1.284232,1.284445,1.284031,1.284244,50
2023-07-10 18:00:00,1.284244,1.284319,1.283825,1.283900,50
2023-07-10 19:00:00,1.283900,1.284089,1.283275,1.283464,50
2023-07-10 20:00:00,1.283464,1.283624,1.283166,1.283326,50
2023-07-10 21:00:00,1.283326,1.283342,1.282392,1.282408,50
2023-07-10 22:00:00,1.282408,1.282604,1.281657,1.281854,50
2023-07-10 23:00:00,1.281854,1.283749,1.281801,1.283697,50
2023-07-11 00:00:00,1.283697,1.283870,1.282877,1.283050,50
2023-07-11 01:00:00,1.283050,1.284141,1.282522,1.283613,50
2023-07-11 02:00:00,1.283613,1.285126,1.283187,1.284700,50
2023-07-11 03:00:00,1.284700,1.285023,1.283880,1.284203,50
2023-07-11 04:00:00,1.284203,1.284243,1.283461,1.283501,50
2023-07-11 05:00:00,1.283501,1.284873,1.283345,1.284718,50
2023-07-11 06:00:00,1.284718,1.286239,1.284701,1.286223,50
2023-07-11 07:00:00,1.286223,1.286642,1.284746,1.285165,50
2023-07-11 08:00:00,1.285165,1.285600,1.283435,1.283869,50
2023-07-11 09:00:00,1.283869,1.284311,1.282232,1.282674,50
2023-07-11 10:00:00,1.282674,1.283439,1.282485,1.283250,50
2023-07-11 11:00:00,1.283250,1.283535,1.282120,1.282405,50
2023-07-11 12:00:00,1.282405,1.283618,1.282111,1.283324,50
2023-07-11 13:00:00,1.283324,1.283743,1.282950,1.283369,50
2023-07-11 14:00:00,1.283369,1.283726,1.282644,1.283000,50
2023-07-11 15:00:00,1.283000,1.283812,1.282812,1.283624,50
2023-07-11 16:00:00,1.283624,1.285010,1.283225,1.284611,50
2023-07-11 17:00:00,1.284611,1.285417,1.284252,1.285058,50
2023-07-11 18:00:00,1.285058,1.286201,1.284663,1.285805,50
2023-07-11 19:00:00,1.285805,1.286983,1.285745,1.286923,50
2023-07-11 20:00:00,1.286923,1.288837,1.286576,1.288490,50
2023-07-11 21:00:00,1.288490,1.290101,1.288071,1.289682,50
2023-07-11 22:00:00,1.289682,1.290976,1.289570,1.290864,50
2023-07-11 23:00:00,1.290864,1.291225,1.289795,1.290156,50
2023-07-12 00:00:00,1.290156,1.290253,1.288414,1.288510,50
2023-07-12 01:00:00,1.288510,1.290494,1.288365,1.290348,50
2023-07-12 02:00:00,1.290348,1.290736,1.289114,1.289502,50
2023-07-12 03:00:00,1.289502,1.289536,1.288279,1.288312,50
2023-07-12 04:00:00,1.288312,1.290271,1.288000,1.289959,50
2023-07-12 05:00:00,1.289959,1.291645,1.289357,1.291043,50
2023-07-12 06:00:00,1.291043,1.291158,1.291004,1.291119,50
2023-07-12 07:00:00,1.291119,1.291861,1.290323,1.291065,50
2023-07-12 08:00:00,1.291065,1.294911,1.290562,1.294408,50
2023-07-12 09:00:00,1.294408,1.296365,1.294336,1.296293,50
2023-07-12 10:00:00,1.296293,1.296922,1.294887,1.295516,50
2023-07-12 11:00:00,1.295516,1.297348,1.294811,1.296643,50
2023-07-12 12:00:00,1.296643,1.296944,1.296005,1.296306,50
2023-07-12 13:00:00,1.296306,1.296662,1.296179,1.296534,50
2023-07-12 14:00:00,1.296534,1.297841,1.296006,1.297313,50
2023-07-12 15:00:00,1.297313,1.298656,1.296875,1.298219,50
2023-07-12 16:00:00,1.298219,1.298543,1.297023,1.297347,50
2023-07-12 17:00:00,1.297347,1.298556,1.297179,1.298388,50
2023-07-12 18:00:00,1.298388,1.300411,1.297852,1.299875,50
2023-07-12 19:00:00,1.299875,1.301616,1.299480,1.301220,50
2023-07-12 20:00:00,1.301220,1.301549,1.299987,1.300316,50
2023-07-12 21:00:00,1.300316,1.300514,1.298063,1.298261,50
2023-07-12 22:00:00,1.298261,1.299830,1.298021,1.299591,50
2023-07-12 23:00:00,1.299591,1.300345,1.298622,1.299376,50
2023-07-13 00:00:00,1.299376,1.306965,1.299168,1.306757,50
2023-07-13 01:00:00,1.306757,1.306789,1.304051,1.304084,50
2023-07-13 02:00:00,1.304084,1.307982,1.303408,1.307306,50
2023-07-13 03:00:00,1.307306,1.309168,1.306446,1.308307,50
2023-07-13 04:00:00,1.308307,1.308777,1.304201,1.304671,50
2023-07-13 05:00:00,1.304671,1.305518,1.300883,1.301731,50
2023-07-13 06:00:00,1.301731,1.302579,1.298882,1.299730,50
2023-07-13 07:00:00,1.299730,1.300774,1.299068,1.300112,50
2023-07-13 08:00:00,1.300112,1.301049,1.300008,1.300946,50
2023-07-13 09:00:00,1.300946,1.301800,1.298749,1.299603,50
2023-07-13 10:00:00,1.299603,1.301911,1.299249,1.301557,50
2023-07-13 11:00:00,1.301557,1.302398,1.297973,1.298814,50
2023-07-13 12:00:00,1.298814,1.302842,1.298128,1.302155,50
2023-07-13 13:00:00,1.302155,1.302911,1.300762,1.301518,50
2023-07-13 14:00:00,1.301518,1.302380,1.300078,1.300940,50
2023-07-13 15:00:00,1.300940,1.305172,1.300690,1.304922,50
2023-07-13 16:00:00,1.304922,1.308681,1.304052,1.307811,50
2023-07-13 17:00:00,1.307811,1.308501,1.307402,1.308092,50
2023-07-13 18:00:00,1.308092,1.308804,1.300368,1.301079,50
2023-07-13 19:00:00,1.301079,1.301919,1.296460,1.297300,50
2023-07-13 20:00:00,1.297300,1.299156,1.296862,1.298718,50
2023-07-13 21:00:00,1.298718,1.308023,1.298042,1.307347,50
2023-07-13 22:00:00,1.307347,1.312232,1.306901,1.311785,50
2023-07-13 23:00:00,1.311785,1.312266,1.309277,1.309758,50
2023-07-14 00:00:00,1.309758,1.309898,1.308814,1.308955,50
2023-07-14 01:00:00,1.308955,1.309381,1.308917,1.309344,50
2023-07-14 02:00:00,1.309344,1.309543,1.308677,1.308876,50
2023-07-14 03:00:00,1.308876,1.309027,1.308412,1.308564,50
2023-07-14 04:00:00,1.308564,1.309285,1.308396,1.309118,50
2023-07-14 05:00:00,1.309118,1.309430,1.308891,1.309203,50
2023-07-14 06:00:00,1.309203,1.309335,1.309090,1.309222,50
2023-07-14 07:00:00,1.309222,1.310052,1.309085,1.309916,50
2023-07-14 08:00:00,1.309916,1.310858,1.309687,1.310630,50
2023-07-14 09:00:00,1.310630,1.310717,1.310500,1.310587,50
2023-07-14 10:00:00,1.310587,1.310971,1.310441,1.310825,50
2023-07-14 11:00:00,1.310825,1.311294,1.310757,1.311226,50
2023-07-14 12:00:00,1.311226,1.311319,1.311206,1.311300,50
2023-07-14 13:00:00,1.311300,1.311706,1.311269,1.311675,50
2023-07-14 14:00:00,1.311675,1.311843,1.311489,1.311658,50
2023-07-14 15:00:00,1.311658,1.312716,1.311439,1.312498,50
2023-07-14 16:00:00,1.312498,1.312620,1.312275,1.312397,50
2023-07-14 17:00:00,1.312397,1.312422,1.311756,1.311781,50
2023-07-14 18:00:00,1.311781,1.311849,1.310790,1.310858,50
2023-07-14 19:00:00,1.310858,1.311270,1.310759,1.311171,50
2023-07-14 20:00:00,1.311171,1.311956,1.310976,1.311761,50
2023-07-14 21:00:00,1.311761,1.311928,1.311356,1.311523,50
2023-07-14 22:00:00,1.311523,1.311720,1.310904,1.311101,50
2023-07-14 23:00:00,1.311101,1.311342,1.311063,1.311303,50
2023-07-17 00:00:00,1.311303,1.311545,1.310981,1.311223,50
2023-07-17 01:00:00,1.311223,1.312044,1.311168,1.311989,50
2023-07-17 02:00:00,1.311989,1.312087,1.311728,1.311826,50
2023-07-17 03:00:00,1.311826,1.311991,1.310763,1.310928,50
2023-07-17 04:00:00,1.310928,1.311017,1.310805,1.310894,50
2023-07-17 05:00:00,1.310894,1.311104,1.310055,1.310265,50
2023-07-17 06:00:00,1.310265,1.310989,1.310233,1.310956,50
2023-07-17 07:00:00,1.310956,1.311021,1.310332,1.310398,50
2023-07-17 08:00:00,1.310398,1.310973,1.310179,1.310754,50
2023-07-17 09:00:00,1.310754,1.310986,1.309411,1.309643,50
2023-07-17 10:00:00,1.309643,1.309870,1.308923,1.309151,50
2023-07-17 11:00:00,1.309151,1.309227,1.308678,1.308755,50
2023-07-17 12:00:00,1.308755,1.309087,1.308515,1.308848,50
2023-07-17 13:00:00,1.308848,1.309567,1.308584,1.309304,50
2023-07-17 14:00:00,1.309304,1.309519,1.308843,1.309058,50
2023-07-17 15:00:00,1.309058,1.309241,1.308668,1.308851,50
2023-07-17 16:00:00,1.308851,1.308897,1.308655,1.308702,50
2023-07-17 17:00:00,1.308702,1.309105,1.308621,1.309025,50
2023-07-17 18:00:00,1.309025,1.309201,1.308719,1.308895,50
2023-07-17 19:00:00,1.308895,1.309104,1.308239,1.308447,50
2023-07-17 20:00:00,1.308447,1.308581,1.307895,1.308029,50
2023-07-17 21:00:00,1.308029,1.308579,1.307836,1.308386,50
2023-07-17 22:00:00,1.308386,1.308511,1.307962,1.308087,50
2023-07-17 23:00:00,1.308087,1.308096,1.307864,1.307873,50
2023-07-18 00:00:00,1.307873,1.308757,1.307752,1.308636,50
2023-07-18 01:00:00,1.308636,1.308787,1.308311,1.308462,50
2023-07-18 02:00:00,1.308462,1.308541,1.307582,1.307661,50
2023-07-18 03:00:00,1.307661,1.307682,1.306636,1.306658,50
2023-07-18 04:00:00,1.306658,1.306826,1.304891,1.305059,50
2023-07-18 05:00:00,1.305059,1.305597,1.304935,1.305473,50
2023-07-18 06:00:00,1.305473,1.307001,1.305455,1.306984,50
2023-07-18 07:00:00,1.306984,1.307269,1.306972,1.307257,50
2023-07-18 08:00:00,1.307257,1.307949,1.307175,1.307867,50
2023-07-18 09:00:00,1.307867,1.308362,1.307670,1.308165,50
2023-07-18 10:00:00,1.308165,1.308461,1.308124,1.308419,50
2023-07-18 11:00:00,1.308419,1.308442,1.307398,1.307421,50
2023-07-18 12:00:00,1.307421,1.307638,1.306123,1.306340,50
2023-07-18 13:00:00,1.306340,1.306402,1.305492,1.305554,50
2023-07-18 14:00:00,1.305554,1.306243,1.305528,1.306216,50
2023-07-18 15:00:00,1.306216,1.306338,1.305904,1.306026,50
2023-07-18 16:00:00,1.306026,1.307515,1.305921,1.307409,50
2023-07-18 17:00:00,1.307409,1.307613,1.306144,1.306347,50
2023-07-18 18:00:00,1.306347,1.306368,1.306110,1.306131,50
2023-07-18 19:00:00,1.306131,1.306230,1.304621,1.304720,50
2023-07-18 20:00:00,1.304720,1.306680,1.304567,1.306527,50
2023-07-18 21:00:00,1.306527,1.306603,1.305613,1.305690,50
2023-07-18 22:00:00,1.305690,1.306038,1.305503,1.305851,50
2023-07-18 23:00:00,1.305851,1.305988,1.305346,1.305483,50
2023-07-19 00:00:00,1.305483,1.306226,1.303188,1.303932,50
2023-07-19 01:00:00,1.303932,1.304654,1.300992,1.301714,50
2023-07-19 02:00:00,1.301714,1.302403,1.299455,1.300144,50
2023-07-19 03:00:00,1.300144,1.301826,1.299707,1.301388,50
2023-07-19 04:00:00,1.301388,1.309468,1.300535,1.308615,50
2023-07-19 05:00:00,1.308615,1.309111,1.306860,1.307356,50
2023-07-19 06:00:00,1.307356,1.308126,1.303146,1.303916,50
2023-07-19 07:00:00,1.303916,1.304431,1.298406,1.298921,50
2023-07-19 08:00:00,1.298921,1.300079,1.295402,1.296560,50
2023-07-19 09:00:00,1.296560,1.306226,1.295438,1.305105,50
2023-07-19 10:00:00,1.305105,1.305854,1.297893,1.298642,50
2023-07-19 11:00:00,1.298642,1.299260,1.295685,1.296304,50
2023-07-19 12:00:00,1.296304,1.296755,1.291485,1.291936,50
2023-07-19 13:00:00,1.291936,1.292252,1.289589,1.289905,50
2023-07-19 14:00:00,1.289905,1.291875,1.289004,1.290974,50
2023-07-19 15:00:00,1.290974,1.294043,1.290612,1.293681,50
2023-07-19 16:00:00,1.293681,1.294028,1.287995,1.288342,50
2023-07-19 17:00:00,1.288342,1.288595,1.286439,1.286691,50
2023-07-19 18:00:00,1.286691,1.286854,1.286601,1.286764,50
2023-07-19 19:00:00,1.286764,1.290037,1.285451,1.288725,50
2023-07-19 20:00:00,1.288725,1.290852,1.288577,1.290704,50
2023-07-19 21:00:00,1.290704,1.296910,1.289884,1.296090,50
2023-07-19 22:00:00,1.296090,1.302170,1.295828,1.301908,50
2023-07-19 23:00:00,1.301908,1.302939,1.288793,1.289823,50
2023-07-20 00:00:00,1.289823,1.291139,1.289502,1.290818,50
2023-07-20 01:00:00,1.290818,1.291150,1.288957,1.289289,50
2023-07-20 02:00:00,1.289289,1.290292,1.289009,1.290011,50
2023-07-20 03:00:00,1.290011,1.290379,1.288889,1.289256,50
2023-07-20 04:00:00,1.289256,1.289892,1.289162,1.289798,50
2023-07-20 05:00:00,1.289798,1.290761,1.289534,1.290496,50
2023-07-20 06:00:00,1.290496,1.290908,1.289449,1.289860,50
2023-07-20 07:00:00,1.289860,1.290062,1.288894,1.289096,50
2023-07-20 08:00:00,1.289096,1.289201,1.287596,1.287701,50
2023-07-20 09:00:00,1.287701,1.287867,1.286296,1.286462,50
2023-07-20 10:00:00,1.286462,1.286633,1.285604,1.285775,50
2023-07-20 11:00:00,1.285775,1.286437,1.285576,1.286238,50
2023-07-20 12:00:00,1.286238,1.286574,1.284954,1.285291,50
2023-07-20 13:00:00,1.285291,1.286339,1.285269,1.286317,50
2023-07-20 14:00:00,1.286317,1.286349,1.285141,1.285173,50
2023-07-20 15:00:00,1.285173,1.285269,1.283909,1.284005,50
2023-07-20 16:00:00,1.284005,1.285112,1.283925,1.285032,50
2023-07-20 17:00:00,1.285032,1.285309,1.284911,1.285188,50
2023-07-20 18:00:00,1.285188,1.285828,1.285113,1.285754,50
2023-07-20 19:00:00,1.285754,1.285824,1.284025,1.284095,50
2023-07-20 20:00:00,1.284095,1.284374,1.283578,1.283857,50
2023-07-20 21:00:00,1.283857,1.285052,1.283458,1.284652,50
2023-07-20 22:00:00,1.284652,1.285044,1.284371,1.284763,50
2023-07-20 23:00:00,1.284763,1.285136,1.284479,1.284852,50
2023-07-21 00:00:00,1.284852,1.284904,1.283461,1.283513,50
2023-07-21 01:00:00,1.283513,1.283550,1.283135,1.283171,50
2023-07-21 02:00:00,1.283171,1.284585,1.283088,1.284501,50
2023-07-21 03:00:00,1.284501,1.284553,1.284168,1.284220,50
2023-07-21 04:00:00,1.284220,1.284615,1.284126,1.284521,50
2023-07-21 05:00:00,1.284521,1.284684,1.283841,1.284005,50
2023-07-21 06:00:00,1.284005,1.284402,1.283834,1.284232,50
2023-07-21 07:00:00,1.284232,1.284889,1.284072,1.284729,50
2023-07-21 08:00:00,1.284729,1.284741,1.284521,1.284533,50
2023-07-21 09:00:00,1.284533,1.286129,1.284395,1.285991,50
2023-07-21 10:00:00,1.285991,1.286107,1.285737,1.285853,50
2023-07-21 11:00:00,1.285853,1.285882,1.285507,1.285536,50
2023-07-21 12:00:00,1.285536,1.286640,1.285386,1.286490,50
2023-07-21 13:00:00,1.286490,1.286592,1.286103,1.286204,50
2023-07-21 14:00:00,1.286204,1.286333,1.285668,1.285798,50
2023-07-21 15:00:00,1.285798,1.286270,1.285647,1.286119,50
2023-07-21 16:00:00,1.286119,1.286320,1.286112,1.286312,50
2023-07-21 17:00:00,1.286312,1.286412,1.285353,1.285452,50
2023-07-21 18:00:00,1.285452,1.286344,1.285322,1.286213,50
2023-07-21 19:00:00,1.286213,1.287188,1.286053,1.287027,50
2023-07-21 20:00:00,1.287027,1.287133,1.286680,1.286786,50
2023-07-21 21:00:00,1.286786,1.286908,1.284917,1.285040,50
2023-07-21 22:00:00,1.285040,1.285100,1.284713,1.284774,50
2023-07-21 23:00:00,1.284774,1.285469,1.284652,1.285347,50
2023-07-24 00:00:00,1.285347,1.285565,1.283488,1.283706,50
2023-07-24 01:00:00,1.283706,1.284187,1.283607,1.284088,50
2023-07-24 02:00:00,1.284088,1.284275,1.283791,1.283979,50
2023-07-24 03:00:00,1.283979,1.285418,1.283829,1.285267,50
2023-07-24 04:00:00,1.285267,1.286038,1.285051,1.285822,50
2023-07-24 05:00:00,1.285822,1.286169,1.285688,1.286035,50
2023-07-24 06:00:00,1.286035,1.286155,1.285852,1.285972,50
2023-07-24 07:00:00,1.285972,1.285993,1.285535,1.285556,50
2023-07-24 08:00:00,1.285556,1.285683,1.284888,1.285014,50
2023-07-24 09:00:00,1.285014,1.285371,1.284937,1.285294,50
2023-07-24 10:00:00,1.285294,1.285489,1.283974,1.284168,50
2023-07-24 11:00:00,1.284168,1.284309,1.284053,1.284194,50
2023-07-24 12:00:00,1.284194,1.284364,1.283936,1.284107,50
2023-07-24 13:00:00,1.284107,1.284142,1.283746,1.283781,50
2023-07-24 14:00:00,1.283781,1.283976,1.283268,1.283463,50
2023-07-24 15:00:00,1.283463,1.284003,1.283398,1.283937,50
2023-07-24 16:00:00,1.283937,1.284038,1.283918,1.284018,50
2023-07-24 17:00:00,1.284018,1.284215,1.283402,1.283599,50
2023-07-24 18:00:00,1.283599,1.284192,1.283566,1.284159,50
2023-07-24 19:00:00,1.284159,1.284309,1.283183,1.283333,50
2023-07-24 20:00:00,1.283333,1.283517,1.283060,1.283244,50
2023-07-24 21:00:00,1.283244,1.283398,1.282317,1.282471,50
2023-07-24 22:00:00,1.282471,1.282605,1.282356,1.282489,50
2023-07-24 23:00:00,1.282489,1.283080,1.282283,1.282874,50
2023-07-25 00:00:00,1.282874,1.284550,1.282568,1.284245,50
2023-07-25 01:00:00,1.284245,1.284810,1.283958,1.284522,50
2023-07-25 02:00:00,1.284522,1.284589,1.283995,1.284062,50
2023-07-25 03:00:00,1.284062,1.284436,1.283034,1.283408,50
2023-07-25 04:00:00,1.283408,1.283614,1.283219,1.283425,50
2023-07-25 05:00:00,1.283425,1.283800,1.281540,1.281916,50
2023-07-25 06:00:00,1.281916,1.282325,1.281634,1.282044,50
2023-07-25 07:00:00,1.282044,1.283815,1.282007,1.283778,50
2023-07-25 08:00:00,1.283778,1.286581,1.283381,1.286184,50
2023-07-25 09:00:00,1.286184,1.287153,1.285922,1.286891,50
2023-07-25 10:00:00,1.286891,1.287921,1.286677,1.287707,50
2023-07-25 11:00:00,1.287707,1.287862,1.286731,1.286887,50
2023-07-25 12:00:00,1.286887,1.287881,1.286720,1.287714,50
2023-07-25 13:00:00,1.287714,1.288817,1.287519,1.288622,50
2023-07-25 14:00:00,1.288622,1.288848,1.287582,1.287807,50
2023-07-25 15:00:00,1.287807,1.287871,1.286935,1.286999,50
2023-07-25 16:00:00,1.286999,1.287285,1.286637,1.286923,50
2023-07-25 17:00:00,1.286923,1.287192,1.286283,1.286551,50
2023-07-25 18:00:00,1.286551,1.287096,1.286431,1.286975,50
2023-07-25 19:00:00,1.286975,1.287435,1.286689,1.287149,50
2023-07-25 20:00:00,1.287149,1.287683,1.287007,1.287542,50
2023-07-25 21:00:00,1.287542,1.287844,1.286720,1.287022,50
2023-07-25 22:00:00,1.287022,1.287243,1.286321,1.286543,50
2023-07-25 23:00:00,1.286543,1.287721,1.286486,1.287664,50
2023-07-26 00:00:00,1.287664,1.288511,1.287640,1.288486,50
2023-07-26 01:00:00,1.288486,1.288908,1.288197,1.288618,50
2023-07-26 02:00:00,1.288618,1.288929,1.287935,1.288245,50
2023-07-26 03:00:00,1.288245,1.288627,1.286733,1.287114,50
2023-07-26 04:00:00,1.287114,1.287175,1.286538,1.286599,50
2023-07-26 05:00:00,1.286599,1.287446,1.286364,1.287210,50
2023-07-26 06:00:00,1.287210,1.288184,1.287027,1.288001,50
2023-07-26 07:00:00,1.288001,1.289280,1.287696,1.288975,50
2023-07-26 08:00:00,1.288975,1.290194,1.288694,1.289913,50
2023-07-26 09:00:00,1.289913,1.290930,1.289753,1.290770,50
2023-07-26 10:00:00,1.290770,1.291156,1.290021,1.290407,50
2023-07-26 11:00:00,1.290407,1.291146,1.290127,1.290866,50
2023-07-26 12:00:00,1.290866,1.292807,1.290679,1.292620,50
2023-07-26 13:00:00,1.292620,1.293456,1.292344,1.293180,50
2023-07-26 14:00:00,1.293180,1.293440,1.292840,1.293100,50
2023-07-26 15:00:00,1.293100,1.293969,1.292675,1.293544,50
2023-07-26 16:00:00,1.293544,1.293919,1.292673,1.293049,50
2023-07-26 17:00:00,1.293049,1.293452,1.292958,1.293362,50
2023-07-26 18:00:00,1.293362,1.293802,1.291466,1.291907,50
2023-07-26 19:00:00,1.291907,1.292257,1.290558,1.290908,50
2023-07-26 20:00:00,1.290908,1.292776,1.290894,1.292761,50
2023-07-26 21:00:00,1.292761,1.293322,1.292471,1.293032,50
2023-07-26 22:00:00,1.293032,1.293165,1.292308,1.292441,50
2023-07-26 23:00:00,1.292441,1.293191,1.292242,1.292992,50
2023-07-27 00:00:00,1.292992,1.293021,1.292919,1.292948,50
2023-07-27 01:00:00,1.292948,1.293262,1.290939,1.291254,50
2023-07-27 02:00:00,1.291254,1.291445,1.290516,1.290708,50
2023-07-27 03:00:00,1.290708,1.290766,1.288347,1.288405,50
2023-07-27 04:00:00,1.288405,1.289259,1.287907,1.288760,50
2023-07-27 05:00:00,1.288760,1.290251,1.288619,1.290110,50
2023-07-27 06:00:00,1.290110,1.290513,1.288281,1.288684,50
2023-07-27 07:00:00,1.288684,1.289001,1.286456,1.286773,50
2023-07-27 08:00:00,1.286773,1.288138,1.286320,1.287684,50
2023-07-27 09:00:00,1.287684,1.287958,1.285529,1.285803,50
2023-07-27 10:00:00,1.285803,1.286500,1.285708,1.286405,50
2023-07-27 11:00:00,1.286405,1.287620,1.286074,1.287290,50
2023-07-27 12:00:00,1.287290,1.288230,1.286913,1.287853,50
2023-07-27 13:00:00,1.287853,1.288610,1.287551,1.288308,50
2023-07-27 14:00:00,1.288308,1.288379,1.287869,1.287939,50
2023-07-27 15:00:00,1.287939,1.289236,1.287641,1.288938,50
2023-07-27 16:00:00,1.288938,1.290600,1.288460,1.290121,50
2023-07-27 17:00:00,1.290121,1.290359,1.288614,1.288852,50
2023-07-27 18:00:00,1.288852,1.291247,1.288420,1.290815,50
2023-07-27 19:00:00,1.290815,1.291992,1.290476,1.291653,50
2023-07-27 20:00:00,1.291653,1.291879,1.290028,1.290253,50
2023-07-27 21:00:00,1.290253,1.290522,1.289362,1.289630,50
2023-07-27 22:00:00,1.289630,1.289667,1.288758,1.288794,50
2023-07-27 23:00:00,1.288794,1.289196,1.286599,1.287001,50
2023-07-28 00:00:00,1.287001,1.287046,1.286957,1.287001,50
2023-07-28 01:00:00,1.287001,1.287188,1.286815,1.287001,50
2023-07-28 02:00:00,1.287001,1.287124,1.286879,1.287001,50
2023-07-28 03:00:00,1.287001,1.287204,1.286798,1.287001,50
2023-07-28 04:00:00,1.287001,1.287064,1.286939,1.287001,50
2023-07-28 05:00:00,1.287001,1.287185,1.286818,1.287001,50
2023-07-28 06:00:00,1.287001,1.287227,1.286776,1.287001,50
2023-07-28 07:00:00,1.287001,1.287159,1.286844,1.287001,50
2023-07-28 08:00:00,1.287001,1.287189,1.286813,1.287001,50
2023-07-28 09:00:00,1.287001,1.287202,1.286801,1.287001,50
2023-07-28 10:00:00,1.287001,1.287085,1.286918,1.287001,50
2023-07-28 11:00:00,1.287001,1.287067,1.286936,1.287001,50
2023-07-28 12:00:00,1.287001,1.287161,1.286842,1.287001,50
2023-07-28 13:00:00,1.287001,1.287088,1.286914,1.287001,50
2023-07-28 14:00:00,1.287001,1.287074,1.286929,1.287001,50
2023-07-28 15:00:00,1.287001,1.287099,1.286903,1.287001,50
2023-07-28 16:00:00,1.287001,1.287138,1.286865,1.287001,50
2023-07-28 17:00:00,1.287001,1.287133,1.286869,1.287001,50
2023-07-28 18:00:00,1.287001,1.287210,1.286792,1.287001,50
2023-07-28 19:00:00,1.287001,1.287223,1.286780,1.287001,50
2023-07-28 20:00:00,1.287001,1.287154,1.286849,1.287001,50
2023-07-28 21:00:00,1.287001,1.287182,1.286821,1.287001,50
2023-07-28 22:00:00,1.287001,1.287176,1.286827,1.287001,50
2023-07-28 23:00:00,1.287001,1.287043,1.286960,1.287001,50
2023-07-31 00:00:00,1.287001,1.287651,1.286904,1.287553,50
2023-07-31 01:00:00,1.287553,1.287579,1.287280,1.287306,50
2023-07-31 02:00:00,1.287306,1.287372,1.286602,1.286668,50
2023-07-31 03:00:00,1.286668,1.286857,1.286010,1.286199,50
2023-07-31 04:00:00,1.286199,1.286444,1.286112,1.286356,50
2023-07-31 05:00:00,1.286356,1.286517,1.286174,1.286335,50
2023-07-31 06:00:00,1.286335,1.286518,1.286281,1.286464,50
2023-07-31 07:00:00,1.286464,1.286685,1.285750,1.285971,50
2023-07-31 08:00:00,1.285971,1.286018,1.285178,1.285224,50
2023-07-31 09:00:00,1.285224,1.285731,1.285211,1.285718,50
2023-07-31 10:00:00,1.285718,1.285772,1.285120,1.285174,50
2023-07-31 11:00:00,1.285174,1.285379,1.284862,1.285067,50
2023-07-31 12:00:00,1.285067,1.285153,1.284324,1.284411,50
2023-07-31 13:00:00,1.284411,1.285015,1.284270,1.284874,50
2023-07-31 14:00:00,1.284874,1.285214,1.284762,1.285101,50
2023-07-31 15:00:00,1.285101,1.285178,1.284664,1.284741,50
2023-07-31 16:00:00,1.284741,1.285006,1.284636,1.284901,50
2023-07-31 17:00:00,1.284901,1.285130,1.284824,1.285052,50
2023-07-31 18:00:00,1.285052,1.285905,1.284822,1.285674,50
2023-07-31 19:00:00,1.285674,1.287166,1.285474,1.286966,50
2023-07-31 20:00:00,1.286966,1.287370,1.286764,1.287168,50
2023-07-31 21:00:00,1.287168,1.287737,1.287032,1.287601,50
2023-07-31 22:00:00,1.287601,1.287778,1.287154,1.287332,50
2023-07-31 23:00:00,1.287332,1.287342,1.285668,1.285678,50
2023-08-01 00:00:00,1.285678,1.286019,1.279408,1.279749,50
2023-08-01 01:00:00,1.279749,1.281611,1.279579,1.281441,50
2023-08-01 02:00:00,1.281441,1.282169,1.280173,1.280900,50
2023-08-01 03:00:00,1.280900,1.284349,1.280637,1.284086,50
2023-08-01 04:00:00,1.284086,1.287954,1.283371,1.287239,50
2023-08-01 05:00:00,1.287239,1.288344,1.286367,1.287472,50
2023-08-01 06:00:00,1.287472,1.288047,1.286004,1.286579,50
2023-08-01 07:00:00,1.286579,1.288300,1.286087,1.287809,50
2023-08-01 08:00:00,1.287809,1.288482,1.283981,1.284655,50
2023-08-01 09:00:00,1.284655,1.285152,1.282596,1.283093,50
2023-08-01 10:00:00,1.283093,1.283856,1.280553,1.281316,50
2023-08-01 11:00:00,1.281316,1.283857,1.280503,1.283044,50
2023-08-01 12:00:00,1.283044,1.284162,1.282661,1.283780,50
2023-08-01 13:00:00,1.283780,1.284293,1.280195,1.280709,50
2023-08-01 14:00:00,1.280709,1.280795,1.279140,1.279227,50
2023-08-01 15:00:00,1.279227,1.279774,1.278751,1.279299,50
2023-08-01 16:00:00,1.279299,1.279806,1.276036,1.276543,50
2023-08-01 17:00:00,1.276543,1.277462,1.275703,1.276622,50
2023-08-01 18:00:00,1.276622,1.278355,1.275938,1.277671,50
2023-08-01 19:00:00,1.277671,1.277683,1.276242,1.276254,50
2023-08-01 20:00:00,1.276254,1.276938,1.273194,1.273879,50
2023-08-01 21:00:00,1.273879,1.276336,1.273719,1.276176,50
2023-08-01 22:00:00,1.276176,1.276830,1.272237,1.272891,50
2023-08-01 23:00:00,1.272891,1.275916,1.271998,1.275022,50
2023-08-02 00:00:00,1.275022,1.275251,1.274980,1.275209,50
2023-08-02 01:00:00,1.275209,1.275369,1.274874,1.275034,50
2023-08-02 02:00:00,1.275034,1.275445,1.274753,1.275163,50
2023-08-02 03:00:00,1.275163,1.275780,1.275038,1.275654,50
2023-08-02 04:00:00,1.275654,1.275922,1.274927,1.275195,50
2023-08-02 05:00:00,1.275195,1.275786,1.275159,1.275750,50
2023-08-02 06:00:00,1.275750,1.275824,1.274695,1.274768,50
2023-08-02 07:00:00,1.274768,1.274988,1.274477,1.274697,50
2023-08-02 08:00:00,1.274697,1.274954,1.274359,1.274615,50
2023-08-02 09:00:00,1.274615,1.274875,1.274213,1.274472,50
2023-08-02 10:00:00,1.274472,1.274698,1.274424,1.274650,50
2023-08-02 11:00:00,1.274650,1.274827,1.273475,1.273652,50
2023-08-02 12:00:00,1.273652,1.273730,1.272947,1.273024,50
2023-08-02 13:00:00,1.273024,1.273269,1.271108,1.271353,50
2023-08-02 14:00:00,1.271353,1.271980,1.271163,1.271791,50
2023-08-02 15:00:00,1.271791,1.272016,1.270219,1.270444,50
2023-08-02 16:00:00,1.270444,1.270949,1.270188,1.270693,50
2023-08-02 17:00:00,1.270693,1.271015,1.270032,1.270355,50
2023-08-02 18:00:00,1.270355,1.271778,1.270202,1.271626,50
2023-08-02 19:00:00,1.271626,1.271951,1.270747,1.271072,50
2023-08-02 20:00:00,1.271072,1.272469,1.270977,1.272374,50
2023-08-02 21:00:00,1.272374,1.272662,1.271980,1.272268,50
2023-08-02 22:00:00,1.272268,1.272302,1.271872,1.271907,50
2023-08-02 23:00:00,1.271907,1.272141,1.270899,1.271133,50
2023-08-03 00:00:00,1.271133,1.272417,1.271126,1.272410,50
2023-08-03 01:00:00,1.272410,1.272705,1.272279,1.272573,50
2023-08-03 02:00:00,1.272573,1.272956,1.272555,1.272938,50
2023-08-03 03:00:00,1.272938,1.273094,1.272791,1.272947,50
2023-08-03 04:00:00,1.272947,1.273051,1.272853,1.272958,50
2023-08-03 05:00:00,1.272958,1.273081,1.272146,1.272269,50
2023-08-03 06:00:00,1.272269,1.272444,1.271359,1.271533,50
2023-08-03 07:00:00,1.271533,1.271852,1.271355,1.271674,50
2023-08-03 08:00:00,1.271674,1.271830,1.270664,1.270821,50
2023-08-03 09:00:00,1.270821,1.271159,1.270753,1.271092,50
2023-08-03 10:00:00,1.271092,1.271113,1.270881,1.270903,50
2023-08-03 11:00:00,1.270903,1.271036,1.270613,1.270746,50
2023-08-03 12:00:00,1.270746,1.270868,1.270158,1.270281,50
2023-08-03 13:00:00,1.270281,1.270485,1.269869,1.270073,50
2023-08-03 14:00:00,1.270073,1.270275,1.269568,1.269769,50
2023-08-03 15:00:00,1.269769,1.269812,1.269657,1.269700,50
2023-08-03 16:00:00,1.269700,1.269794,1.269508,1.269602,50
2023-08-03 17:00:00,1.269602,1.269765,1.269167,1.269330,50
2023-08-03 18:00:00,1.269330,1.269425,1.269132,1.269228,50
2023-08-03 19:00:00,1.269228,1.269765,1.269007,1.269544,50
2023-08-03 20:00:00,1.269544,1.269547,1.269511,1.269514,50
2023-08-03 21:00:00,1.269514,1.269889,1.269419,1.269795,50
2023-08-03 22:00:00,1.269795,1.270001,1.269602,1.269808,50
2023-08-03 23:00:00,1.269808,1.271188,1.269591,1.270971,50
2023-08-04 00:00:00,1.270971,1.271228,1.269415,1.269672,50
2023-08-04 01:00:00,1.269672,1.271508,1.269202,1.271038,50
2023-08-04 02:00:00,1.271038,1.271719,1.270890,1.271571,50
2023-08-04 03:00:00,1.271571,1.271596,1.271205,1.271230,50
2023-08-04 04:00:00,1.271230,1.272838,1.270740,1.272349,50
2023-08-04 05:00:00,1.272349,1.275080,1.271874,1.274606,50
2023-08-04 06:00:00,1.274606,1.276702,1.274185,1.276281,50
2023-08-04 07:00:00,1.276281,1.276302,1.275442,1.275463,50
2023-08-04 08:00:00,1.275463,1.275606,1.274181,1.274323,50
2023-08-04 09:00:00,1.274323,1.274419,1.273963,1.274060,50
2023-08-04 10:00:00,1.274060,1.274559,1.273227,1.273726,50
2023-08-04 11:00:00,1.273726,1.273794,1.272594,1.272663,50
2023-08-04 12:00:00,1.272663,1.274170,1.272593,1.274101,50
2023-08-04 13:00:00,1.274101,1.275431,1.273980,1.275311,50
2023-08-04 14:00:00,1.275311,1.277650,1.274879,1.277218,50
2023-08-04 15:00:00,1.277218,1.277603,1.277110,1.277495,50
2023-08-04 16:00:00,1.277495,1.278265,1.276959,1.277728,50
2023-08-04 17:00:00,1.277728,1.277896,1.277116,1.277284,50
2023-08-04 18:00:00,1.277284,1.279119,1.276929,1.278764,50
2023-08-04 19:00:00,1.278764,1.278869,1.278328,1.278433,50
2023-08-04 20:00:00,1.278433,1.278661,1.278273,1.278501,50
2023-08-04 21:00:00,1.278501,1.279226,1.278029,1.278754,50
2023-08-04 22:00:00,1.278754,1.279298,1.278203,1.278748,50
2023-08-04 23:00:00,1.278748,1.278880,1.277333,1.277466,50
2023-08-07 00:00:00,1.277466,1.278757,1.277406,1.278697,50
2023-08-07 01:00:00,1.278697,1.279177,1.278656,1.279136,50
2023-08-07 02:00:00,1.279136,1.279140,1.278896,1.278900,50
2023-08-07 03:00:00,1.278900,1.279093,1.278534,1.278727,50
2023-08-07 04:00:00,1.278727,1.278920,1.278640,1.278833,50
2023-08-07 05:00:00,1.278833,1.278971,1.278136,1.278274,50
2023-08-07 06:00:00,1.278274,1.278658,1.278163,1.278548,50
2023-08-07 07:00:00,1.278548,1.278748,1.277835,1.278034,50
2023-08-07 08:00:00,1.278034,1.278050,1.277897,1.277912,50
2023-08-07 09:00:00,1.277912,1.278058,1.277046,1.277191,50
2023-08-07 10:00:00,1.277191,1.277382,1.276895,1.277085,50
2023-08-07 11:00:00,1.277085,1.277308,1.277021,1.277243,50
2023-08-07 12:00:00,1.277243,1.277512,1.277143,1.277413,50
2023-08-07 13:00:00,1.277413,1.277490,1.277208,1.277286,50
2023-08-07 14:00:00,1.277286,1.277360,1.275990,1.276065,50
2023-08-07 15:00:00,1.276065,1.276282,1.275392,1.275609,50
2023-08-07 16:00:00,1.275609,1.275662,1.275362,1.275415,50
2023-08-07 17:00:00,1.275415,1.275850,1.275245,1.275680,50
2023-08-07 18:00:00,1.275680,1.275691,1.275460,1.275470,50
2023-08-07 19:00:00,1.275470,1.275841,1.275291,1.275662,50
2023-08-07 20:00:00,1.275662,1.275680,1.275643,1.275661,50
2023-08-07 21:00:00,1.275661,1.275843,1.275124,1.275305,50
2023-08-07 22:00:00,1.275305,1.275830,1.275290,1.275815,50
2023-08-07 23:00:00,1.275815,1.277026,1.275766,1.276976,50
2023-08-08 00:00:00,1.276976,1.277261,1.275849,1.276134,50
2023-08-08 01:00:00,1.276134,1.276180,1.275878,1.275924,50
2023-08-08 02:00:00,1.275924,1.276481,1.275746,1.276303,50
2023-08-08 03:00:00,1.276303,1.276773,1.276054,1.276524,50
2023-08-08 04:00:00,1.276524,1.277269,1.276512,1.277257,50
2023-08-08 05:00:00,1.277257,1.277580,1.276852,1.277174,50
2023-08-08 06:00:00,1.277174,1.277527,1.276981,1.277334,50
2023-08-08 07:00:00,1.277334,1.277942,1.277181,1.277789,50
2023-08-08 08:00:00,1.277789,1.277927,1.277339,1.277477,50
2023-08-08 09:00:00,1.277477,1.277850,1.277169,1.277542,50
2023-08-08 10:00:00,1.277542,1.277722,1.276240,1.276421,50
2023-08-08 11:00:00,1.276421,1.276571,1.275762,1.275912,50
2023-08-08 12:00:00,1.275912,1.276237,1.273963,1.274288,50
2023-08-08 13:00:00,1.274288,1.274514,1.274225,1.274451,50
2023-08-08 14:00:00,1.274451,1.274610,1.274081,1.274240,50
2023-08-08 15:00:00,1.274240,1.274976,1.273924,1.274659,50
2023-08-08 16:00:00,1.274659,1.274946,1.274154,1.274440,50
2023-08-08 17:00:00,1.274440,1.274706,1.273526,1.273792,50
2023-08-08 18:00:00,1.273792,1.274083,1.273461,1.273752,50
2023-08-08 19:00:00,1.273752,1.273802,1.273202,1.273252,50
2023-08-08 20:00:00,1.273252,1.273750,1.273022,1.273520,50
2023-08-08 21:00:00,1.273520,1.273693,1.272597,1.272769,50
2023-08-08 22:00:00,1.272769,1.273772,1.272428,1.273431,50
2023-08-08 23:00:00,1.273431,1.273764,1.272580,1.272912,50
2023-08-09 00:00:00,1.272912,1.273872,1.272719,1.273678,50
2023-08-09 01:00:00,1.273678,1.273748,1.273356,1.273426,50
2023-08-09 02:00:00,1.273426,1.274028,1.273272,1.273874,50
2023-08-09 03:00:00,1.273874,1.274100,1.273752,1.273978,50
2023-08-09 04:00:00,1.273978,1.274138,1.273685,1.273845,50
2023-08-09 05:00:00,1.273845,1.274319,1.273617,1.274091,50
2023-08-09 06:00:00,1.274091,1.274214,1.273500,1.273623,50
2023-08-09 07:00:00,1.273623,1.273778,1.273540,1.273695,50
2023-08-09 08:00:00,1.273695,1.273804,1.273064,1.273173,50
2023-08-09 09:00:00,1.273173,1.273336,1.272637,1.272800,50
2023-08-09 10:00:00,1.272800,1.273028,1.272428,1.272657,50
2023-08-09 11:00:00,1.272657,1.272882,1.271388,1.271613,50
2023-08-09 12:00:00,1.271613,1.271790,1.271544,1.271720,50
2023-08-09 13:00:00,1.271720,1.271983,1.271699,1.271962,50
2023-08-09 14:00:00,1.271962,1.272179,1.271409,1.271626,50
2023-08-09 15:00:00,1.271626,1.271753,1.271579,1.271706,50
2023-08-09 16:00:00,1.271706,1.271862,1.271508,1.271664,50
2023-08-09 17:00:00,1.271664,1.271710,1.271631,1.271677,50
2023-08-09 18:00:00,1.271677,1.271955,1.271562,1.271840,50
2023-08-09 19:00:00,1.271840,1.272006,1.271149,1.271315,50
2023-08-09 20:00:00,1.271315,1.271593,1.271097,1.271375,50
2023-08-09 21:00:00,1.271375,1.271457,1.270944,1.271026,50
2023-08-09 22:00:00,1.271026,1.271123,1.270505,1.270602,50
2023-08-09 23:00:00,1.270602,1.271640,1.270417,1.271456,50
2023-08-10 00:00:00,1.271456,1.271673,1.271223,1.271440,50
2023-08-10 01:00:00,1.271440,1.271600,1.271229,1.271388,50
2023-08-10 02:00:00,1.271388,1.271730,1.271236,1.271578,50
2023-08-10 03:00:00,1.271578,1.273864,1.271462,1.273748,50
2023-08-10 04:00:00,1.273748,1.273791,1.271299,1.271343,50
2023-08-10 05:00:00,1.271343,1.273190,1.271340,1.273187,50
2023-08-10 06:00:00,1.273187,1.273315,1.272708,1.272836,50
2023-08-10 07:00:00,1.272836,1.273024,1.271843,1.272030,50
2023-08-10 08:00:00,1.272030,1.273878,1.271804,1.273651,50
2023-08-10 09:00:00,1.273651,1.273953,1.273630,1.273931,50
2023-08-10 10:00:00,1.273931,1.273946,1.273260,1.273274,50
2023-08-10 11:00:00,1.273274,1.273290,1.271513,1.271529,50
2023-08-10 12:00:00,1.271529,1.271824,1.271494,1.271789,50
2023-08-10 13:00:00,1.271789,1.271961,1.269941,1.270113,50
2023-08-10 14:00:00,1.270113,1.270858,1.269959,1.270703,50
2023-08-10 15:00:00,1.270703,1.271645,1.270517,1.271459,50
2023-08-10 16:00:00,1.271459,1.273077,1.271371,1.272988,50
2023-08-10 17:00:00,1.272988,1.273027,1.272164,1.272203,50
2023-08-10 18:00:00,1.272203,1.273311,1.272004,1.273113,50
2023-08-10 19:00:00,1.273113,1.273657,1.272885,1.273429,50
2023-08-10 20:00:00,1.273429,1.273456,1.272434,1.272461,50
2023-08-10 21:00:00,1.272461,1.272869,1.272448,1.272856,50
2023-08-10 22:00:00,1.272856,1.273094,1.272831,1.273069,50
2023-08-10 23:00:00,1.273069,1.273142,1.272515,1.272588,50
2023-08-11 00:00:00,1.272588,1.273346,1.272338,1.273095,50
2023-08-11 01:00:00,1.273095,1.273205,1.273026,1.273136,50
2023-08-11 02:00:00,1.273136,1.273314,1.272646,1.272823,50
2023-08-11 03:00:00,1.272823,1.273269,1.272789,1.273235,50
2023-08-11 04:00:00,1.273235,1.273314,1.272570,1.272649,50
2023-08-11 05:00:00,1.272649,1.272748,1.271629,1.271728,50
2023-08-11 06:00:00,1.271728,1.272493,1.271603,1.272369,50
2023-08-11 07:00:00,1.272369,1.272539,1.271275,1.271446,50
2023-08-11 08:00:00,1.271446,1.271546,1.271198,1.271298,50
2023-08-11 09:00:00,1.271298,1.271605,1.271199,1.271505,50
2023-08-11 10:00:00,1.271505,1.272027,1.271293,1.271815,50
2023-08-11 11:00:00,1.271815,1.271915,1.271373,1.271473,50
2023-08-11 12:00:00,1.271473,1.272423,1.271285,1.272235,50
2023-08-11 13:00:00,1.272235,1.272438,1.270526,1.270729,50
2023-08-11 14:00:00,1.270729,1.270974,1.270268,1.270513,50
2023-08-11 15:00:00,1.270513,1.270575,1.269755,1.269817,50
2023-08-11 16:00:00,1.269817,1.269884,1.269600,1.269667,50
2023-08-11 17:00:00,1.269667,1.269872,1.269076,1.269281,50
2023-08-11 18:00:00,1.269281,1.269358,1.269035,1.269112,50
2023-08-11 19:00:00,1.269112,1.269248,1.268843,1.268980,50
2023-08-11 20:00:00,1.268980,1.269065,1.268627,1.268712,50
2023-08-11 21:00:00,1.268712,1.270038,1.268464,1.269790,50
2023-08-11 22:00:00,1.269790,1.270603,1.269655,1.270468,50
2023-08-11 23:00:00,1.270468,1.270522,1.269303,1.269358,50
2023-08-14 00:00:00,1.269358,1.271157,1.269301,1.271100,50
2023-08-14 01:00:00,1.271100,1.271291,1.269816,1.270007,50
2023-08-14 02:00:00,1.270007,1.270118,1.268825,1.268936,50
2023-08-14 03:00:00,1.268936,1.269125,1.268355,1.268544,50
2023-08-14 04:00:00,1.268544,1.268772,1.268339,1.268567,50
2023-08-14 05:00:00,1.268567,1.268731,1.267579,1.267743,50
2023-08-14 06:00:00,1.267743,1.267891,1.267362,1.267510,50
2023-08-14 07:00:00,1.267510,1.268100,1.267352,1.267943,50
2023-08-14 08:00:00,1.267943,1.268693,1.267907,1.268658,50
2023-08-14 09:00:00,1.268658,1.270337,1.268491,1.270171,50
2023-08-14 10:00:00,1.270171,1.270779,1.269958,1.270565,50
2023-08-14 11:00:00,1.270565,1.271151,1.270414,1.270999,50
2023-08-14 12:00:00,1.270999,1.271151,1.269897,1.270049,50
2023-08-14 13:00:00,1.270049,1.270236,1.267918,1.268105,50
2023-08-14 14:00:00,1.268105,1.268630,1.267972,1.268497,50
2023-08-14 15:00:00,1.268497,1.268714,1.267076,1.267293,50
2023-08-14 16:00:00,1.267293,1.267833,1.267097,1.267638,50
2023-08-14 17:00:00,1.267638,1.267766,1.267630,1.267758,50
2023-08-14 18:00:00,1.267758,1.268415,1.267588,1.268245,50
2023-08-14 19:00:00,1.268245,1.268365,1.267737,1.267858,50
2023-08-14 20:00:00,1.267858,1.268345,1.267712,1.268200,50
2023-08-14 21:00:00,1.268200,1.268583,1.268118,1.268501,50
2023-08-14 22:00:00,1.268501,1.269502,1.268287,1.269288,50
2023-08-14 23:00:00,1.269288,1.269344,1.268979,1.269036,50
2023-08-15 00:00:00,1.269036,1.269310,1.268626,1.268901,50
2023-08-15 01:00:00,1.268901,1.269021,1.268882,1.269002,50
2023-08-15 02:00:00,1.269002,1.269049,1.267889,1.267936,50
2023-08-15 03:00:00,1.267936,1.268524,1.267582,1.268171,50
2023-08-15 04:00:00,1.268171,1.268758,1.268112,1.268699,50
2023-08-15 05:00:00,1.268699,1.269540,1.268518,1.269359,50
2023-08-15 06:00:00,1.269359,1.271074,1.269038,1.270754,50
2023-08-15 07:00:00,1.270754,1.271019,1.268915,1.269180,50
2023-08-15 08:00:00,1.269180,1.269515,1.267791,1.268127,50
2023-08-15 09:00:00,1.268127,1.268636,1.268124,1.268633,50
2023-08-15 10:00:00,1.268633,1.268881,1.268238,1.268487,50
2023-08-15 11:00:00,1.268487,1.268614,1.267882,1.268009,50
2023-08-15 12:00:00,1.268009,1.269492,1.267694,1.269177,50
2023-08-15 13:00:00,1.269177,1.269296,1.268995,1.269113,50
2023-08-15 14:00:00,1.269113,1.269525,1.267997,1.268409,50
2023-08-15 15:00:00,1.268409,1.268566,1.268126,1.268283,50
2023-08-15 16:00:00,1.268283,1.270146,1.268185,1.270048,50
2023-08-15 17:00:00,1.270048,1.271083,1.269791,1.270826,50
2023-08-15 18:00:00,1.270826,1.272130,1.270768,1.272071,50
2023-08-15 19:00:00,1.272071,1.274266,1.271699,1.273894,50
2023-08-15 20:00:00,1.273894,1.274053,1.273874,1.274032,50
2023-08-15 21:00:00,1.274032,1.274302,1.273083,1.273353,50
2023-08-15 22:00:00,1.273353,1.274230,1.273015,1.273893,50
2023-08-15 23:00:00,1.273893,1.274682,1.273745,1.274535,50
2023-08-16 00:00:00,1.274535,1.274728,1.273072,1.273265,50
2023-08-16 01:00:00,1.273265,1.274031,1.273198,1.273963,50
2023-08-16 02:00:00,1.273963,1.274036,1.273788,1.273861,50
2023-08-16 03:00:00,1.273861,1.273862,1.273156,1.273158,50
2023-08-16 04:00:00,1.273158,1.273374,1.273009,1.273226,50
2023-08-16 05:00:00,1.273226,1.273464,1.273111,1.273348,50
2023-08-16 06:00:00,1.273348,1.273496,1.273152,1.273299,50
2023-08-16 07:00:00,1.273299,1.273495,1.273296,1.273492,50
2023-08-16 08:00:00,1.273492,1.274068,1.273487,1.274063,50
2023-08-16 09:00:00,1.274063,1.274887,1.273894,1.274718,50
2023-08-16 10:00:00,1.274718,1.274783,1.273305,1.273370,50
2023-08-16 11:00:00,1.273370,1.273730,1.273144,1.273504,50
2023-08-16 12:00:00,1.273504,1.273856,1.273349,1.273701,50
2023-08-16 13:00:00,1.273701,1.273935,1.273661,1.273896,50
2023-08-16 14:00:00,1.273896,1.274569,1.273712,1.274386,50
2023-08-16 15:00:00,1.274386,1.275089,1.274208,1.274911,50
2023-08-16 16:00:00,1.274911,1.275810,1.274787,1.275685,50
2023-08-16 17:00:00,1.275685,1.276829,1.275465,1.276610,50
2023-08-16 18:00:00,1.276610,1.276816,1.274193,1.274400,50
2023-08-16 19:00:00,1.274400,1.274580,1.272959,1.273138,50
2023-08-16 20:00:00,1.273138,1.273329,1.272595,1.272785,50
2023-08-16 21:00:00,1.272785,1.274652,1.272624,1.274490,50
2023-08-16 22:00:00,1.274490,1.274617,1.273771,1.273897,50
2023-08-16 23:00:00,1.273897,1.274941,1.273816,1.274860,50
2023-08-17 00:00:00,1.274860,1.274984,1.273803,1.273927,50
2023-08-17 01:00:00,1.273927,1.274420,1.273720,1.274213,50
2023-08-17 02:00:00,1.274213,1.274243,1.273281,1.273310,50
2023-08-17 03:00:00,1.273310,1.273366,1.273135,1.273191,50
2023-08-17 04:00:00,1.273191,1.273846,1.272966,1.273622,50
2023-08-17 05:00:00,1.273622,1.274257,1.273458,1.274093,50
2023-08-17 06:00:00,1.274093,1.274239,1.273719,1.273866,50
2023-08-17 07:00:00,1.273866,1.274318,1.273746,1.274198,50
2023-08-17 08:00:00,1.274198,1.274213,1.273982,1.273997,50
2023-08-17 09:00:00,1.273997,1.274715,1.273909,1.274627,50
2023-08-17 10:00:00,1.274627,1.274676,1.274113,1.274162,50
2023-08-17 11:00:00,1.274162,1.274219,1.273596,1.273653,50
2023-08-17 12:00:00,1.273653,1.274430,1.273544,1.274321,50
2023-08-17 13:00:00,1.274321,1.274807,1.274297,1.274783,50
2023-08-17 14:00:00,1.274783,1.274971,1.274281,1.274468,50
2023-08-17 15:00:00,1.274468,1.275065,1.274436,1.275032,50
2023-08-17 16:00:00,1.275032,1.275815,1.275032,1.275814,50
2023-08-17 17:00:00,1.275814,1.276570,1.275697,1.276453,50
2023-08-17 18:00:00,1.276453,1.276515,1.276277,1.276338,50
2023-08-17 19:00:00,1.276338,1.276389,1.276050,1.276101,50
2023-08-17 20:00:00,1.276101,1.276641,1.275934,1.276475,50
2023-08-17 21:00:00,1.276475,1.277163,1.276328,1.277017,50
2023-08-17 22:00:00,1.277017,1.277212,1.276141,1.276336,50
2023-08-17 23:00:00,1.276336,1.276559,1.275125,1.275348,50
2023-08-18 00:00:00,1.275348,1.276584,1.275209,1.276446,50
2023-08-18 01:00:00,1.276446,1.276483,1.275766,1.275803,50
2023-08-18 02:00:00,1.275803,1.275967,1.275674,1.275839,50
2023-08-18 03:00:00,1.275839,1.275987,1.275816,1.275964,50
2023-08-18 04:00:00,1.275964,1.276317,1.275814,1.276167,50
2023-08-18 05:00:00,1.276167,1.276431,1.275981,1.276245,50
2023-08-18 06:00:00,1.276245,1.276460,1.275362,1.275577,50
2023-08-18 07:00:00,1.275577,1.275778,1.275179,1.275380,50
2023-08-18 08:00:00,1.275380,1.275515,1.274793,1.274929,50
2023-08-18 09:00:00,1.274929,1.275183,1.274712,1.274966,50
2023-08-18 10:00:00,1.274966,1.275255,1.274806,1.275095,50
2023-08-18 11:00:00,1.275095,1.275401,1.274943,1.275250,50
2023-08-18 12:00:00,1.275250,1.275263,1.274978,1.274990,50
2023-08-18 13:00:00,1.274990,1.275000,1.274815,1.274825,50
2023-08-18 14:00:00,1.274825,1.274884,1.274183,1.274242,50
2023-08-18 15:00:00,1.274242,1.274447,1.273764,1.273969,50
2023-08-18 16:00:00,1.273969,1.274175,1.273539,1.273745,50
2023-08-18 17:00:00,1.273745,1.273934,1.273204,1.273392,50
2023-08-18 18:00:00,1.273392,1.273503,1.273049,1.273160,50
2023-08-18 19:00:00,1.273160,1.273205,1.273034,1.273079,50
2023-08-18 20:00:00,1.273079,1.273406,1.272993,1.273321,50
2023-08-18 21:00:00,1.273321,1.273536,1.272731,1.272947,50
2023-08-18 22:00:00,1.272947,1.273132,1.272892,1.273078,50
2023-08-18 23:00:00,1.273078,1.273924,1.272876,1.273723,50
2023-08-21 00:00:00,1.273723,1.273806,1.273641,1.273723,50
2023-08-21 01:00:00,1.273723,1.273809,1.273637,1.273723,50
2023-08-21 02:00:00,1.273723,1.273730,1.273717,1.273723,50
2023-08-21 03:00:00,1.273723,1.273841,1.273605,1.273723,50
2023-08-21 04:00:00,1.273723,1.273937,1.273509,1.273723,50
2023-08-21 05:00:00,1.273723,1.273745,1.273702,1.273723,50
2023-08-21 06:00:00,1.273723,1.273884,1.273562,1.273723,50
2023-08-21 07:00:00,1.273723,1.273879,1.273568,1.273723,50
2023-08-21 08:00:00,1.273723,1.273943,1.273503,1.273723,50
2023-08-21 09:00:00,1.273723,1.273782,1.273664,1.273723,50
2023-08-21 10:00:00,1.273723,1.273863,1.273583,1.273723,50
2023-08-21 11:00:00,1.273723,1.273740,1.273706,1.273723,50
2023-08-21 12:00:00,1.273723,1.273756,1.273690,1.273723,50
2023-08-21 13:00:00,1.273723,1.273865,1.273581,1.273723,50
2023-08-21 14:00:00,1.273723,1.273766,1.273680,1.273723,50
2023-08-21 15:00:00,1.273723,1.273752,1.273695,1.273723,50
2023-08-21 16:00:00,1.273723,1.273908,1.273538,1.273723,50
2023-08-21 17:00:00,1.273723,1.273861,1.273585,1.273723,50
2023-08-21 18:00:00,1.273723,1.273874,1.273572,1.273723,50
2023-08-21 19:00:00,1.273723,1.273838,1.273608,1.273723,50
2023-08-21 20:00:00,1.273723,1.273924,1.273522,1.273723,50
2023-08-21 21:00:00,1.273723,1.273864,1.273582,1.273723,50
2023-08-21 22:00:00,1.273723,1.273818,1.273628,1.273723,50
2023-08-21 23:00:00,1.273723,1.273952,1.273494,1.273723,50
2023-08-22 00:00:00,1.273723,1.273868,1.273382,1.273526,50
2023-08-22 01:00:00,1.273526,1.273686,1.273305,1.273465,50
2023-08-22 02:00:00,1.273465,1.273666,1.273035,1.273236,50
2023-08-22 03:00:00,1.273236,1.273998,1.273191,1.273953,50
2023-08-22 04:00:00,1.273953,1.274052,1.273457,1.273556,50
2023-08-22 05:00:00,1.273556,1.273928,1.273338,1.273710,50
2023-08-22 06:00:00,1.273710,1.274212,1.273606,1.274108,50
2023-08-22 07:00:00,1.274108,1.274221,1.274105,1.274218,50
2023-08-22 08:00:00,1.274218,1.275407,1.274200,1.275390,50
2023-08-22 09:00:00,1.275390,1.275505,1.274579,1.274694,50
2023-08-22 10:00:00,1.274694,1.274743,1.274434,1.274483,50
2023-08-22 11:00:00,1.274483,1.274576,1.273955,1.274049,50
2023-08-22 12:00:00,1.274049,1.274152,1.272903,1.273006,50
2023-08-22 13:00:00,1.273006,1.273012,1.272666,1.272672,50
2023-08-22 14:00:00,1.272672,1.272752,1.272644,1.272725,50
2023-08-22 15:00:00,1.272725,1.272944,1.272320,1.272539,50
2023-08-22 16:00:00,1.272539,1.273786,1.272395,1.273642,50
2023-08-22 17:00:00,1.273642,1.273779,1.273431,1.273568,50
2023-08-22 18:00:00,1.273568,1.273667,1.272541,1.272640,50
2023-08-22 19:00:00,1.272640,1.272836,1.271685,1.271881,50
2023-08-22 20:00:00,1.271881,1.272333,1.271748,1.272199,50
2023-08-22 21:00:00,1.272199,1.272524,1.271997,1.272321,50
2023-08-22 22:00:00,1.272321,1.272334,1.272044,1.272057,50
2023-08-22 23:00:00,1.272057,1.273323,1.271970,1.273237,50
2023-08-23 00:00:00,1.273237,1.273311,1.272960,1.273035,50
2023-08-23 01:00:00,1.273035,1.273048,1.272675,1.272689,50
2023-08-23 02:00:00,1.272689,1.272823,1.272178,1.272312,50
2023-08-23 03:00:00,1.272312,1.272348,1.272006,1.272041,50
2023-08-23 04:00:00,1.272041,1.272113,1.271830,1.271903,50
2023-08-23 05:00:00,1.271903,1.271914,1.271809,1.271820,50
2023-08-23 06:00:00,1.271820,1.272475,1.271767,1.272422,50
2023-08-23 07:00:00,1.272422,1.272595,1.271654,1.271828,50
2023-08-23 08:00:00,1.271828,1.271887,1.271486,1.271545,50
2023-08-23 09:00:00,1.271545,1.272460,1.271334,1.272249,50
2023-08-23 10:00:00,1.272249,1.272287,1.272010,1.272049,50
2023-08-23 11:00:00,1.272049,1.272566,1.271919,1.272436,50
2023-08-23 12:00:00,1.272436,1.272439,1.271701,1.271704,50
2023-08-23 13:00:00,1.271704,1.271862,1.270859,1.271017,50
2023-08-23 14:00:00,1.271017,1.271246,1.270520,1.270749,50
2023-08-23 15:00:00,1.270749,1.271417,1.270619,1.271287,50
2023-08-23 16:00:00,1.271287,1.271419,1.270805,1.270938,50
2023-08-23 17:00:00,1.270938,1.271055,1.270323,1.270439,50
2023-08-23 18:00:00,1.270439,1.271001,1.270324,1.270886,50
2023-08-23 19:00:00,1.270886,1.271376,1.270765,1.271255,50
2023-08-23 20:00:00,1.271255,1.272059,1.271132,1.271936,50
2023-08-23 21:00:00,1.271936,1.272118,1.271325,1.271506,50
2023-08-23 22:00:00,1.271506,1.271513,1.271240,1.271247,50
2023-08-23 23:00:00,1.271247,1.271632,1.271071,1.271456,50
2023-08-24 00:00:00,1.271456,1.273277,1.271241,1.273062,50
2023-08-24 01:00:00,1.273062,1.273209,1.271694,1.271841,50
2023-08-24 02:00:00,1.271841,1.272454,1.270904,1.271516,50
2023-08-24 03:00:00,1.271516,1.272154,1.269675,1.270312,50
2023-08-24 04:00:00,1.270312,1.270759,1.268833,1.269280,50
2023-08-24 05:00:00,1.269280,1.270557,1.269003,1.270280,50
2023-08-24 06:00:00,1.270280,1.270703,1.269700,1.270123,50
2023-08-24 07:00:00,1.270123,1.273130,1.269523,1.272530,50
2023-08-24 08:00:00,1.272530,1.272677,1.270401,1.270548,50
2023-08-24 09:00:00,1.270548,1.271099,1.269480,1.270031,50
2023-08-24 10:00:00,1.270031,1.270549,1.267466,1.267984,50
2023-08-24 11:00:00,1.267984,1.268702,1.267736,1.268454,50
2023-08-24 12:00:00,1.268454,1.268713,1.267900,1.268159,50
2023-08-24 13:00:00,1.268159,1.268435,1.267950,1.268226,50
2023-08-24 14:00:00,1.268226,1.268338,1.267287,1.267399,50
2023-08-24 15:00:00,1.267399,1.267813,1.264407,1.264821,50
2023-08-24 16:00:00,1.264821,1.265189,1.263141,1.263509,50
2023-08-24 17:00:00,1.263509,1.263569,1.262377,1.262438,50
2023-08-24 18:00:00,1.262438,1.262781,1.261474,1.261817,50
2023-08-24 19:00:00,1.261817,1.262600,1.261635,1.262417,50
2023-08-24 20:00:00,1.262417,1.262607,1.261858,1.262048,50
2023-08-24 21:00:00,1.262048,1.264082,1.261502,1.263535,50
2023-08-24 22:00:00,1.263535,1.264089,1.263524,1.264077,50
2023-08-24 23:00:00,1.264077,1.264182,1.263319,1.263424,50
2023-08-25 00:00:00,1.263424,1.263680,1.262698,1.262955,50
2023-08-25 01:00:00,1.262955,1.263689,1.262663,1.263397,50
2023-08-25 02:00:00,1.263397,1.263931,1.262882,1.263416,50
2023-08-25 03:00:00,1.263416,1.263871,1.261106,1.261562,50
2023-08-25 04:00:00,1.261562,1.262927,1.261243,1.262608,50
2023-08-25 05:00:00,1.262608,1.262964,1.260627,1.260982,50
2023-08-25 06:00:00,1.260982,1.263068,1.260774,1.262860,50
2023-08-25 07:00:00,1.262860,1.263168,1.258815,1.259122,50
2023-08-25 08:00:00,1.259122,1.262352,1.258763,1.261992,50
2023-08-25 09:00:00,1.261992,1.262211,1.260288,1.260507,50
2023-08-25 10:00:00,1.260507,1.261304,1.260077,1.260874,50
2023-08-25 11:00:00,1.260874,1.262519,1.260873,1.262518,50
2023-08-25 12:00:00,1.262518,1.263047,1.258164,1.258694,50
2023-08-25 13:00:00,1.258694,1.259113,1.256115,1.256534,50
2023-08-25 14:00:00,1.256534,1.256840,1.256461,1.256767,50
2023-08-25 15:00:00,1.256767,1.256784,1.255783,1.255800,50
2023-08-25 16:00:00,1.255800,1.260439,1.255632,1.260271,50
2023-08-25 17:00:00,1.260271,1.262314,1.260017,1.262060,50
2023-08-25 18:00:00,1.262060,1.262317,1.261178,1.261435,50
2023-08-25 19:00:00,1.261435,1.262336,1.261232,1.262133,50
2023-08-25 20:00:00,1.262133,1.262579,1.261732,1.262178,50
2023-08-25 21:00:00,1.262178,1.262503,1.259833,1.260158,50
2023-08-25 22:00:00,1.260158,1.260629,1.258685,1.259156,50
2023-08-25 23:00:00,1.259156,1.259531,1.256696,1.257071,50
2023-08-28 00:00:00,1.257071,1.257129,1.256153,1.256211,50
2023-08-28 01:00:00,1.256211,1.256632,1.256004,1.256424,50
2023-08-28 02:00:00,1.256424,1.256952,1.256308,1.256835,50
2023-08-28 03:00:00,1.256835,1.257030,1.256501,1.256696,50
2023-08-28 04:00:00,1.256696,1.257018,1.256655,1.256977,50
2023-08-28 05:00:00,1.256977,1.258159,1.256783,1.257965,50
2023-08-28 06:00:00,1.257965,1.258912,1.257748,1.258695,50
2023-08-28 07:00:00,1.258695,1.258987,1.258635,1.258927,50
2023-08-28 08:00:00,1.258927,1.259088,1.258586,1.258746,50
2023-08-28 09:00:00,1.258746,1.259182,1.258561,1.258997,50
2023-08-28 10:00:00,1.258997,1.259210,1.258612,1.258825,50
2023-08-28 11:00:00,1.258825,1.259270,1.258691,1.259136,50
2023-08-28 12:00:00,1.259136,1.259261,1.258407,1.258532,50
2023-08-28 13:00:00,1.258532,1.258709,1.257705,1.257881,50
2023-08-28 14:00:00,1.257881,1.257980,1.257489,1.257587,50
2023-08-28 15:00:00,1.257587,1.257672,1.257573,1.257658,50
2023-08-28 16:00:00,1.257658,1.257705,1.257618,1.257664,50
2023-08-28 17:00:00,1.257664,1.258207,1.257656,1.258199,50
2023-08-28 18:00:00,1.258199,1.258693,1.258172,1.258666,50
2023-08-28 19:00:00,1.258666,1.259395,1.258522,1.259251,50
2023-08-28 20:00:00,1.259251,1.259796,1.259062,1.259608,50
2023-08-28 21:00:00,1.259608,1.260071,1.259526,1.259989,50
2023-08-28 22:00:00,1.259989,1.259997,1.259538,1.259547,50
2023-08-28 23:00:00,1.259547,1.259583,1.259092,1.259129,50
2023-08-29 00:00:00,1.259129,1.259295,1.258642,1.258807,50
2023-08-29 01:00:00,1.258807,1.258891,1.258265,1.258348,50
2023-08-29 02:00:00,1.258348,1.259236,1.258274,1.259162,50
2023-08-29 03:00:00,1.259162,1.259555,1.258978,1.259371,50
2023-08-29 04:00:00,1.259371,1.259722,1.259368,1.259718,50
2023-08-29 05:00:00,1.259718,1.260161,1.259540,1.259982,50
2023-08-29 06:00:00,1.259982,1.260103,1.259073,1.259194,50
2023-08-29 07:00:00,1.259194,1.260589,1.259048,1.260443,50
2023-08-29 08:00:00,1.260443,1.260817,1.260245,1.260619,50
2023-08-29 09:00:00,1.260619,1.260690,1.260593,1.260664,50
2023-08-29 10:00:00,1.260664,1.260847,1.260583,1.260766,50
2023-08-29 11:00:00,1.260766,1.260848,1.260187,1.260269,50
2023-08-29 12:00:00,1.260269,1.260487,1.260249,1.260467,50
2023-08-29 13:00:00,1.260467,1.260913,1.260250,1.260696,50
2023-08-29 14:00:00,1.260696,1.261175,1.260678,1.261157,50
2023-08-29 15:00:00,1.261157,1.261378,1.261054,1.261275,50
2023-08-29 16:00:00,1.261275,1.262273,1.261134,1.262132,50
2023-08-29 17:00:00,1.262132,1.262279,1.261552,1.261699,50
2023-08-29 18:00:00,1.261699,1.262060,1.261533,1.261894,50
2023-08-29 19:00:00,1.261894,1.261974,1.261753,1.261832,50
2023-08-29 20:00:00,1.261832,1.261869,1.261554,1.261591,50
2023-08-29 21:00:00,1.261591,1.261619,1.261530,1.261558,50
2023-08-29 22:00:00,1.261558,1.261708,1.261047,1.261197,50
2023-08-29 23:00:00,1.261197,1.261574,1.260975,1.261352,50
2023-08-30 00:00:00,1.261352,1.261658,1.259005,1.259310,50
2023-08-30 01:00:00,1.259310,1.261965,1.258606,1.261261,50
2023-08-30 02:00:00,1.261261,1.261339,1.261181,1.261259,50
2023-08-30 03:00:00,1.261259,1.261810,1.258554,1.259105,50
2023-08-30 04:00:00,1.259105,1.262260,1.258488,1.261644,50
2023-08-30 05:00:00,1.261644,1.262142,1.259349,1.259847,50
2023-08-30 06:00:00,1.259847,1.260509,1.259675,1.260337,50
2023-08-30 07:00:00,1.260337,1.262338,1.260239,1.262240,50
2023-08-30 08:00:00,1.262240,1.262246,1.260096,1.260102,50
2023-08-30 09:00:00,1.260102,1.262557,1.259265,1.261719,50
2023-08-30 10:00:00,1.261719,1.263817,1.260944,1.263042,50
2023-08-30 11:00:00,1.263042,1.263417,1.261509,1.261884,50
2023-08-30 12:00:00,1.261884,1.265654,1.261531,1.265302,50
2023-08-30 13:00:00,1.265302,1.267890,1.264724,1.267313,50
2023-08-30 14:00:00,1.267313,1.267775,1.265723,1.266186,50
2023-08-30 15:00:00,1.266186,1.266448,1.261888,1.262150,50
2023-08-30 16:00:00,1.262150,1.264991,1.261551,1.264391,50
2023-08-30 17:00:00,1.264391,1.265141,1.264034,1.264784,50
2023-08-30 18:00:00,1.264784,1.265964,1.264068,1.265248,50
2023-08-30 19:00:00,1.265248,1.265811,1.263656,1.264219,50
2023-08-30 20:00:00,1.264219,1.264477,1.262904,1.263163,50
2023-08-30 21:00:00,1.263163,1.273028,1.262675,1.272540,50
2023-08-30 22:00:00,1.272540,1.273485,1.271986,1.272931,50
2023-08-30 23:00:00,1.272931,1.273423,1.272097,1.272588,50
2023-08-31 00:00:00,1.272588,1.274087,1.272259,1.273757,50
2023-08-31 01:00:00,1.273757,1.273812,1.272864,1.272919,50
2023-08-31 02:00:00,1.272919,1.274087,1.272423,1.273592,50
2023-08-31 03:00:00,1.273592,1.273989,1.269751,1.270148,50
2023-08-31 04:00:00,1.270148,1.270579,1.269344,1.269775,50
2023-08-31 05:00:00,1.269775,1.270120,1.266259,1.266604,50
2023-08-31 06:00:00,1.266604,1.268314,1.266154,1.267864,50
2023-08-31 07:00:00,1.267864,1.268125,1.265975,1.266236,50
2023-08-31 08:00:00,1.266236,1.266481,1.266190,1.266435,50
2023-08-31 09:00:00,1.266435,1.267242,1.266288,1.267095,50
2023-08-31 10:00:00,1.267095,1.267230,1.265297,1.265432,50
2023-08-31 11:00:00,1.265432,1.267972,1.264941,1.267481,50
2023-08-31 12:00:00,1.267481,1.267641,1.267375,1.267535,50
2023-08-31 13:00:00,1.267535,1.267555,1.266335,1.266355,50
2023-08-31 14:00:00,1.266355,1.270229,1.265908,1.269782,50
2023-08-31 15:00:00,1.269782,1.270185,1.269272,1.269675,50
2023-08-31 16:00:00,1.269675,1.269974,1.268658,1.268957,50
2023-08-31 17:00:00,1.268957,1.269519,1.268766,1.269328,50
2023-08-31 18:00:00,1.269328,1.271979,1.269236,1.271888,50
2023-08-31 19:00:00,1.271888,1.272148,1.268033,1.268294,50
2023-08-31 20:00:00,1.268294,1.269118,1.267909,1.268733,50
2023-08-31 21:00:00,1.268733,1.269145,1.265205,1.265617,50
2023-08-31 22:00:00,1.265617,1.267826,1.265581,1.267790,50
2023-08-31 23:00:00,1.267790,1.268044,1.266370,1.266624,50
2023-09-01 00:00:00,1.266624,1.267467,1.266225,1.267068,50
2023-09-01 01:00:00,1.267068,1.268262,1.266763,1.267956,50
2023-09-01 02:00:00,1.267956,1.268114,1.267903,1.268060,50
2023-09-01 03:00:00,1.268060,1.268254,1.267584,1.267778,50
2023-09-01 04:00:00,1.267778,1.267885,1.267329,1.267436,50
2023-09-01 05:00:00,1.267436,1.267886,1.264992,1.265442,50
2023-09-01 06:00:00,1.265442,1.266386,1.264952,1.265896,50
2023-09-01 07:00:00,1.265896,1.266271,1.265345,1.265720,50
2023-09-01 08:00:00,1.265720,1.266034,1.262532,1.262846,50
2023-09-01 09:00:00,1.262846,1.263390,1.262008,1.262552,50
2023-09-01 10:00:00,1.262552,1.262923,1.260893,1.261264,50
2023-09-01 11:00:00,1.261264,1.261385,1.260528,1.260649,50
2023-09-01 12:00:00,1.260649,1.262367,1.260101,1.261819,50
2023-09-01 13:00:00,1.261819,1.262305,1.261446,1.261932,50
2023-09-01 14:00:00,1.261932,1.262466,1.261398,1.261932,50
2023-09-01 15:00:00,1.261932,1.262154,1.260598,1.260820,50
2023-09-01 16:00:00,1.260820,1.262380,1.260489,1.262049,50
2023-09-01 17:00:00,1.262049,1.262435,1.261162,1.261549,50
2023-09-01 18:00:00,1.261549,1.261876,1.259086,1.259412,50
2023-09-01 19:00:00,1.259412,1.261016,1.259364,1.260968,50
2023-09-01 20:00:00,1.260968,1.261088,1.259939,1.260059,50
2023-09-01 21:00:00,1.260059,1.260274,1.259464,1.259679,50
2023-09-01 22:00:00,1.259679,1.259692,1.258218,1.258230,50
2023-09-01 23:00:00,1.258230,1.259464,1.258211,1.259446,50
2023-09-05 00:00:00,1.259446,1.260686,1.259262,1.260502,50
2023-09-05 01:00:00,1.260502,1.260908,1.260373,1.260779,50
2023-09-05 02:00:00,1.260779,1.260841,1.260432,1.260495,50
2023-09-05 03:00:00,1.260495,1.260766,1.260452,1.260724,50
2023-09-05 04:00:00,1.260724,1.260907,1.260098,1.260281,50
2023-09-05 05:00:00,1.260281,1.260308,1.260247,1.260274,50
2023-09-05 06:00:00,1.260274,1.260517,1.260090,1.260333,50
2023-09-05 07:00:00,1.260333,1.260443,1.259862,1.259972,50
2023-09-05 08:00:00,1.259972,1.259984,1.259697,1.259709,50
2023-09-05 09:00:00,1.259709,1.259789,1.259190,1.259270,50
2023-09-05 10:00:00,1.259270,1.259393,1.258593,1.258717,50
2023-09-05 11:00:00,1.258717,1.258894,1.258006,1.258183,50
2023-09-05 12:00:00,1.258183,1.258269,1.257747,1.257833,50
2023-09-05 13:00:00,1.257833,1.257993,1.257126,1.257285,50
2023-09-05 14:00:00,1.257285,1.257682,1.257094,1.257491,50
2023-09-05 15:00:00,1.257491,1.257801,1.257365,1.257675,50
2023-09-05 16:00:00,1.257675,1.257709,1.257453,1.257487,50
2023-09-05 17:00:00,1.257487,1.257786,1.257420,1.257718,50
2023-09-05 18:00:00,1.257718,1.258293,1.257548,1.258122,50
2023-09-05 19:00:00,1.258122,1.258422,1.258009,1.258309,50
2023-09-05 20:00:00,1.258309,1.258438,1.258118,1.258247,50
2023-09-05 21:00:00,1.258247,1.258444,1.257247,1.257444,50
2023-09-05 22:00:00,1.257444,1.257548,1.256900,1.257004,50
2023-09-05 23:00:00,1.257004,1.258545,1.256795,1.258336,50
2023-09-06 00:00:00,1.258336,1.259044,1.257764,1.258471,50
2023-09-06 01:00:00,1.258471,1.258940,1.257451,1.257920,50
2023-09-06 02:00:00,1.257920,1.257985,1.255488,1.255553,50
2023-09-06 03:00:00,1.255553,1.256224,1.253652,1.254322,50
2023-09-06 04:00:00,1.254322,1.254900,1.253426,1.254004,50
2023-09-06 05:00:00,1.254004,1.254042,1.251751,1.251790,50
2023-09-06 06:00:00,1.251790,1.252076,1.249184,1.249471,50
2023-09-06 07:00:00,1.249471,1.250647,1.249409,1.250585,50
2023-09-06 08:00:00,1.250585,1.251238,1.248091,1.248744,50
2023-09-06 09:00:00,1.248744,1.249059,1.248141,1.248455,50
2023-09-06 10:00:00,1.248455,1.249804,1.248046,1.249395,50
2023-09-06 11:00:00,1.249395,1.250016,1.249040,1.249662,50
2023-09-06 12:00:00,1.249662,1.250327,1.248042,1.248707,50
2023-09-06 13:00:00,1.248707,1.251259,1.248107,1.250659,50
2023-09-06 14:00:00,1.250659,1.252252,1.250393,1.251985,50
2023-09-06 15:00:00,1.251985,1.252368,1.249848,1.250231,50
2023-09-06 16:00:00,1.250231,1.250900,1.249569,1.250238,50
2023-09-06 17:00:00,1.250238,1.250736,1.247647,1.248145,50
2023-09-06 18:00:00,1.248145,1.249495,1.247620,1.248970,50
2023-09-06 19:00:00,1.248970,1.252884,1.248306,1.252221,50
2023-09-06 20:00:00,1.252221,1.253212,1.251953,1.252944,50
2023-09-06 21:00:00,1.252944,1.258070,1.252434,1.257560,50
2023-09-06 22:00:00,1.257560,1.260353,1.257242,1.260035,50
2023-09-06 23:00:00,1.260035,1.260201,1.249678,1.249844,50
2023-09-07 00:00:00,1.249844,1.250879,1.249814,1.250850,50
2023-09-07 01:00:00,1.250850,1.250990,1.250204,1.250344,50
2023-09-07 02:00:00,1.250344,1.250479,1.249988,1.250123,50
2023-09-07 03:00:00,1.250123,1.250192,1.248466,1.248536,50
2023-09-07 04:00:00,1.248536,1.248719,1.248214,1.248397,50
2023-09-07 05:00:00,1.248397,1.248547,1.247802,1.247952,50
2023-09-07 06:00:00,1.247952,1.249078,1.247728,1.248854,50
2023-09-07 07:00:00,1.248854,1.248968,1.247917,1.248031,50
2023-09-07 08:00:00,1.248031,1.248286,1.247836,1.248090,50
2023-09-07 09:00:00,1.248090,1.248229,1.248025,1.248164,50
2023-09-07 10:00:00,1.248164,1.248242,1.248151,1.248229,50
2023-09-07 11:00:00,1.248229,1.248412,1.248190,1.248373,50
2023-09-07 12:00:00,1.248373,1.248592,1.247851,1.248070,50
2023-09-07 13:00:00,1.248070,1.248146,1.247193,1.247269,50
2023-09-07 14:00:00,1.247269,1.247772,1.247229,1.247733,50
2023-09-07 15:00:00,1.247733,1.247888,1.247395,1.247550,50
2023-09-07 16:00:00,1.247550,1.247683,1.247332,1.247465,50
2023-09-07 17:00:00,1.247465,1.247846,1.247401,1.247781,50
2023-09-07 18:00:00,1.247781,1.248743,1.247597,1.248559,50
2023-09-07 19:00:00,1.248559,1.248750,1.248304,1.248495,50
2023-09-07 20:00:00,1.248495,1.248820,1.248327,1.248652,50
2023-09-07 21:00:00,1.248652,1.249001,1.248486,1.248835,50
2023-09-07 22:00:00,1.248835,1.249233,1.248684,1.249083,50
2023-09-07 23:00:00,1.249083,1.249167,1.248355,1.248439,50
2023-09-08 00:00:00,1.248439,1.249059,1.248433,1.249052,50
2023-09-08 01:00:00,1.249052,1.249143,1.248846,1.248938,50
2023-09-08 02:00:00,1.248938,1.249806,1.248811,1.249679,50
2023-09-08 03:00:00,1.249679,1.249924,1.249677,1.249922,50
2023-09-08 04:00:00,1.249922,1.250008,1.249307,1.249393,50
2023-09-08 05:00:00,1.249393,1.249477,1.249136,1.249220,50
2023-09-08 06:00:00,1.249220,1.249391,1.248513,1.248684,50
2023-09-08 07:00:00,1.248684,1.249006,1.248563,1.248885,50
2023-09-08 08:00:00,1.248885,1.249100,1.247620,1.247834,50
2023-09-08 09:00:00,1.247834,1.248257,1.247654,1.248077,50
2023-09-08 10:00:00,1.248077,1.248268,1.247199,1.247390,50
2023-09-08 11:00:00,1.247390,1.247836,1.247219,1.247665,50
2023-09-08 12:00:00,1.247665,1.247924,1.247549,1.247808,50
2023-09-08 13:00:00,1.247808,1.247835,1.247575,1.247602,50
2023-09-08 14:00:00,1.247602,1.248134,1.247499,1.248031,50
2023-09-08 15:00:00,1.248031,1.248077,1.247421,1.247466,50
2023-09-08 16:00:00,1.247466,1.247486,1.247106,1.247127,50
2023-09-08 17:00:00,1.247127,1.247301,1.246309,1.246484,50
2023-09-08 18:00:00,1.246484,1.247011,1.246304,1.246831,50
2023-09-08 19:00:00,1.246831,1.247038,1.245972,1.246179,50
2023-09-08 20:00:00,1.246179,1.246530,1.246113,1.246465,50
2023-09-08 21:00:00,1.246465,1.246501,1.246286,1.246322,50
2023-09-08 22:00:00,1.246322,1.247157,1.246282,1.247118,50
2023-09-08 23:00:00,1.247118,1.247851,1.246928,1.247661,50
2023-09-11 00:00:00,1.247661,1.248266,1.247655,1.248261,50
2023-09-11 01:00:00,1.248261,1.249630,1.247930,1.249299,50
2023-09-11 02:00:00,1.249299,1.249362,1.249085,1.249148,50
2023-09-11 03:00:00,1.249148,1.249152,1.248782,1.248786,50
2023-09-11 04:00:00,1.248786,1.249823,1.248365,1.249403,50
2023-09-11 05:00:00,1.249403,1.249599,1.247756,1.247952,50
2023-09-11 06:00:00,1.247952,1.248054,1.246496,1.246598,50
2023-09-11 07:00:00,1.246598,1.247751,1.246287,1.247440,50
2023-09-11 08:00:00,1.247440,1.247482,1.247137,1.247179,50
2023-09-11 09:00:00,1.247179,1.248976,1.246775,1.248573,50
2023-09-11 10:00:00,1.248573,1.249236,1.248539,1.249202,50
2023-09-11 11:00:00,1.249202,1.249861,1.248846,1.249505,50
2023-09-11 12:00:00,1.249505,1.250884,1.249265,1.250643,50
2023-09-11 13:00:00,1.250643,1.250689,1.249593,1.249639,50
2023-09-11 14:00:00,1.249639,1.251710,1.249270,1.251342,50
2023-09-11 15:00:00,1.251342,1.251796,1.251222,1.251676,50
2023-09-11 16:00:00,1.251676,1.251900,1.250775,1.250999,50
2023-09-11 17:00:00,1.250999,1.252233,1.250574,1.251808,50
2023-09-11 18:00:00,1.251808,1.252060,1.251576,1.251828,50
2023-09-11 19:00:00,1.251828,1.253874,1.251598,1.253643,50
2023-09-11 20:00:00,1.253643,1.253821,1.252862,1.253040,50
2023-09-11 21:00:00,1.253040,1.253197,1.252521,1.252678,50
2023-09-11 22:00:00,1.252678,1.254183,1.252239,1.253744,50
2023-09-11 23:00:00,1.253744,1.253802,1.252917,1.252976,50
2023-09-12 00:00:00,1.252976,1.253230,1.249425,1.249680,50
2023-09-12 01:00:00,1.249680,1.250796,1.249398,1.250514,50
2023-09-12 02:00:00,1.250514,1.250918,1.249962,1.250366,50
2023-09-12 03:00:00,1.250366,1.250618,1.249326,1.249579,50
2023-09-12 04:00:00,1.249579,1.252347,1.249345,1.252112,50
2023-09-12 05:00:00,1.252112,1.252307,1.251381,1.251576,50
2023-09-12 06:00:00,1.251576,1.252346,1.251213,1.251983,50
2023-09-12 07:00:00,1.251983,1.253476,1.251657,1.253151,50
2023-09-12 08:00:00,1.253151,1.253497,1.252197,1.252543,50
2023-09-12 09:00:00,1.252543,1.252872,1.252391,1.252720,50
2023-09-12 10:00:00,1.252720,1.252833,1.251831,1.251944,50
2023-09-12 11:00:00,1.251944,1.254222,1.251761,1.254039,50
2023-09-12 12:00:00,1.254039,1.254148,1.251509,1.251617,50
2023-09-12 13:00:00,1.251617,1.252211,1.251464,1.252058,50
2023-09-12 14:00:00,1.252058,1.252178,1.251281,1.251401,50
2023-09-12 15:00:00,1.251401,1.251432,1.250673,1.250703,50
2023-09-12 16:00:00,1.250703,1.250743,1.247206,1.247245,50
2023-09-12 17:00:00,1.247245,1.248915,1.247125,1.248795,50
2023-09-12 18:00:00,1.248795,1.249031,1.246448,1.246684,50
2023-09-12 19:00:00,1.246684,1.247200,1.246299,1.246815,50
2023-09-12 20:00:00,1.246815,1.248552,1.246436,1.248173,50
2023-09-12 21:00:00,1.248173,1.248567,1.246204,1.246598,50
2023-09-12 22:00:00,1.246598,1.247374,1.246431,1.247208,50
2023-09-12 23:00:00,1.247208,1.247663,1.247206,1.247661,50
2023-09-13 00:00:00,1.247661,1.247729,1.246492,1.246560,50
2023-09-13 01:00:00,1.246560,1.246795,1.246366,1.246602,50
2023-09-13 02:00:00,1.246602,1.247217,1.246550,1.247166,50
2023-09-13 03:00:00,1.247166,1.247482,1.246965,1.247282,50
2023-09-13 04:00:00,1.247282,1.247366,1.246915,1.246999,50
2023-09-13 05:00:00,1.246999,1.247708,1.246840,1.247548,50
2023-09-13 06:00:00,1.247548,1.248204,1.247441,1.248097,50
2023-09-13 07:00:00,1.248097,1.248700,1.247971,1.248574,50
2023-09-13 08:00:00,1.248574,1.248977,1.248442,1.248845,50
2023-09-13 09:00:00,1.248845,1.248945,1.248735,1.248835,50
2023-09-13 10:00:00,1.248835,1.249641,1.248612,1.249418,50
2023-09-13 11:00:00,1.249418,1.249490,1.249373,1.249445,50
2023-09-13 12:00:00,1.249445,1.249643,1.249087,1.249285,50
2023-09-13 13:00:00,1.249285,1.249628,1.249063,1.249406,50
2023-09-13 14:00:00,1.249406,1.249489,1.248805,1.248889,50
2023-09-13 15:00:00,1.248889,1.249130,1.248682,1.248923,50
2023-09-13 16:00:00,1.248923,1.248975,1.248892,1.248944,50
2023-09-13 17:00:00,1.248944,1.249065,1.248716,1.248837,50
2023-09-13 18:00:00,1.248837,1.248930,1.248686,1.248779,50
2023-09-13 19:00:00,1.248779,1.249014,1.248562,1.248797,50
2023-09-13 20:00:00,1.248797,1.249019,1.248607,1.248829,50
2023-09-13 21:00:00,1.248829,1.249504,1.248708,1.249384,50
2023-09-13 22:00:00,1.249384,1.249905,1.249244,1.249764,50
2023-09-13 23:00:00,1.249764,1.249821,1.248694,1.248751,50
2023-09-14 00:00:00,1.248751,1.249125,1.247923,1.248297,50
2023-09-14 01:00:00,1.248297,1.248483,1.246651,1.246838,50
2023-09-14 02:00:00,1.246838,1.250326,1.246812,1.250301,50
2023-09-14 03:00:00,1.250301,1.250932,1.248278,1.248909,50
2023-09-14 04:00:00,1.248909,1.249114,1.246144,1.246349,50
2023-09-14 05:00:00,1.246349,1.246817,1.245276,1.245743,50
2023-09-14 06:00:00,1.245743,1.246280,1.245414,1.245950,50
2023-09-14 07:00:00,1.245950,1.246146,1.243697,1.243893,50
2023-09-14 08:00:00,1.243893,1.247090,1.243746,1.246943,50
2023-09-14 09:00:00,1.246943,1.247239,1.244659,1.244955,50
2023-09-14 10:00:00,1.244955,1.247292,1.244361,1.246699,50
2023-09-14 11:00:00,1.246699,1.247111,1.244496,1.244908,50
2023-09-14 12:00:00,1.244908,1.245587,1.244641,1.245320,50
2023-09-14 13:00:00,1.245320,1.245606,1.239836,1.240122,50
2023-09-14 14:00:00,1.240122,1.243374,1.239588,1.242839,50
2023-09-14 15:00:00,1.242839,1.243410,1.242286,1.242857,50
2023-09-14 16:00:00,1.242857,1.243035,1.242856,1.243035,50
2023-09-14 17:00:00,1.243035,1.243217,1.242504,1.242686,50
2023-09-14 18:00:00,1.242686,1.243345,1.242246,1.242905,50
2023-09-14 19:00:00,1.242905,1.243000,1.241284,1.241379,50
2023-09-14 20:00:00,1.241379,1.242465,1.241103,1.242189,50
2023-09-14 21:00:00,1.242189,1.242720,1.241196,1.241727,50
2023-09-14 22:00:00,1.241727,1.242260,1.238920,1.239453,50
2023-09-14 23:00:00,1.239453,1.241540,1.238916,1.241003,50
2023-09-15 00:00:00,1.241003,1.241007,1.239571,1.239576,50
2023-09-15 01:00:00,1.239576,1.241387,1.239396,1.241208,50
2023-09-15 02:00:00,1.241208,1.241415,1.240296,1.240504,50
2023-09-15 03:00:00,1.240504,1.242093,1.240349,1.241939,50
2023-09-15 04:00:00,1.241939,1.241953,1.240577,1.240590,50
2023-09-15 05:00:00,1.240590,1.240706,1.240490,1.240605,50
2023-09-15 06:00:00,1.240605,1.240826,1.239871,1.240091,50
2023-09-15 07:00:00,1.240091,1.240381,1.240080,1.240369,50
2023-09-15 08:00:00,1.240369,1.240522,1.240040,1.240193,50
2023-09-15 09:00:00,1.240193,1.241342,1.240074,1.241224,50
2023-09-15 10:00:00,1.241224,1.241721,1.241047,1.241544,50
2023-09-15 11:00:00,1.241544,1.241697,1.240561,1.240713,50
2023-09-15 12:00:00,1.240713,1.241698,1.240637,1.241621,50
2023-09-15 13:00:00,1.241621,1.241702,1.239820,1.239900,50
2023-09-15 14:00:00,1.239900,1.239956,1.239780,1.239836,50
2023-09-15 15:00:00,1.239836,1.240533,1.239809,1.240506,50
2023-09-15 16:00:00,1.240506,1.240919,1.240321,1.240734,50
2023-09-15 17:00:00,1.240734,1.241189,1.240622,1.241077,50
2023-09-15 18:00:00,1.241077,1.241275,1.239698,1.239896,50
2023-09-15 19:00:00,1.239896,1.240036,1.238656,1.238796,50
2023-09-15 20:00:00,1.238796,1.238798,1.238300,1.238302,50
2023-09-15 21:00:00,1.238302,1.238995,1.238161,1.238854,50
2023-09-15 22:00:00,1.238854,1.239042,1.238784,1.238971,50
2023-09-15 23:00:00,1.238971,1.239242,1.238887,1.239157,50
2023-09-18 00:00:00,1.239157,1.240704,1.239119,1.240665,50
2023-09-18 01:00:00,1.240665,1.240768,1.240222,1.240325,50
2023-09-18 02:00:00,1.240325,1.240405,1.239428,1.239508,50
2023-09-18 03:00:00,1.239508,1.239722,1.238842,1.239056,50
2023-09-18 04:00:00,1.239056,1.239144,1.239021,1.239109,50
2023-09-18 05:00:00,1.239109,1.239233,1.238603,1.238727,50
2023-09-18 06:00:00,1.238727,1.238785,1.238208,1.238266,50
2023-09-18 07:00:00,1.238266,1.238488,1.238220,1.238441,50
2023-09-18 08:00:00,1.238441,1.238905,1.238220,1.238684,50
2023-09-18 09:00:00,1.238684,1.238860,1.238507,1.238684,50
2023-09-18 10:00:00,1.238684,1.238743,1.238682,1.238741,50
2023-09-18 11:00:00,1.238741,1.238745,1.238291,1.238295,50
2023-09-18 12:00:00,1.238295,1.238370,1.237913,1.237987,50
2023-09-18 13:00:00,1.237987,1.238033,1.237789,1.237835,50
2023-09-18 14:00:00,1.237835,1.238837,1.237642,1.238644,50
2023-09-18 15:00:00,1.238644,1.238651,1.238348,1.238355,50
2023-09-18 16:00:00,1.238355,1.238605,1.238273,1.238523,50
2023-09-18 17:00:00,1.238523,1.238888,1.238398,1.238763,50
2023-09-18 18:00:00,1.238763,1.239816,1.238737,1.239791,50
2023-09-18 19:00:00,1.239791,1.240828,1.239683,1.240720,50
2023-09-18 20:00:00,1.240720,1.241069,1.240612,1.240961,50
2023-09-18 21:00:00,1.240961,1.241627,1.240889,1.241556,50
2023-09-18 22:00:00,1.241556,1.241736,1.241205,1.241386,50
2023-09-18 23:00:00,1.241386,1.241480,1.240139,1.240233,50
2023-09-19 00:00:00,1.240233,1.241537,1.240013,1.241317,50
2023-09-19 01:00:00,1.241317,1.241429,1.240509,1.240621,50
2023-09-19 02:00:00,1.240621,1.240785,1.239495,1.239659,50
2023-09-19 03:00:00,1.239659,1.239751,1.239414,1.239506,50
2023-09-19 04:00:00,1.239506,1.239514,1.239133,1.239141,50
2023-09-19 05:00:00,1.239141,1.239342,1.238977,1.239178,50
2023-09-19 06:00:00,1.239178,1.239404,1.239165,1.239391,50
2023-09-19 07:00:00,1.239391,1.239406,1.239005,1.239019,50
2023-09-19 08:00:00,1.239019,1.239190,1.238549,1.238720,50
2023-09-19 09:00:00,1.238720,1.238767,1.237866,1.237913,50
2023-09-19 10:00:00,1.237913,1.238714,1.237834,1.238635,50
2023-09-19 11:00:00,1.238635,1.239085,1.238563,1.239014,50
2023-09-19 12:00:00,1.239014,1.239969,1.238898,1.239854,50
2023-09-19 13:00:00,1.239854,1.239969,1.239630,1.239746,50
2023-09-19 14:00:00,1.239746,1.239839,1.239716,1.239809,50
2023-09-19 15:00:00,1.239809,1.240254,1.239803,1.240249,50
2023-09-19 16:00:00,1.240249,1.240433,1.239686,1.239870,50
2023-09-19 17:00:00,1.239870,1.239941,1.239844,1.239914,50
2023-09-19 18:00:00,1.239914,1.240185,1.239837,1.240108,50
2023-09-19 19:00:00,1.240108,1.240288,1.239520,1.239700,50
2023-09-19 20:00:00,1.239700,1.239722,1.239373,1.239395,50
2023-09-19 21:00:00,1.239395,1.239413,1.239326,1.239344,50
2023-09-19 22:00:00,1.239344,1.239425,1.238886,1.238966,50
2023-09-19 23:00:00,1.238966,1.239398,1.238879,1.239311,50
2023-09-20 00:00:00,1.239311,1.239478,1.238712,1.238879,50
2023-09-20 01:00:00,1.238879,1.240049,1.238824,1.239994,50
2023-09-20 02:00:00,1.239994,1.240991,1.239942,1.240939,50
2023-09-20 03:00:00,1.240939,1.241129,1.239576,1.239766,50
2023-09-20 04:00:00,1.239766,1.239904,1.238869,1.239006,50
2023-09-20 05:00:00,1.239006,1.239192,1.238795,1.238980,50
2023-09-20 06:00:00,1.238980,1.240428,1.238884,1.240332,50
2023-09-20 07:00:00,1.240332,1.240545,1.239205,1.239417,50
2023-09-20 08:00:00,1.239417,1.240081,1.239354,1.240018,50
2023-09-20 09:00:00,1.240018,1.240236,1.239678,1.239896,50
2023-09-20 10:00:00,1.239896,1.240026,1.238404,1.238534,50
2023-09-20 11:00:00,1.238534,1.238746,1.238389,1.238601,50
2023-09-20 12:00:00,1.238601,1.238801,1.238339,1.238539,50
2023-09-20 13:00:00,1.238539,1.239335,1.238401,1.239197,50
2023-09-20 14:00:00,1.239197,1.239265,1.238865,1.238933,50
2023-09-20 15:00:00,1.238933,1.239069,1.238193,1.238329,50
2023-09-20 16:00:00,1.238329,1.238330,1.237918,1.237919,50
2023-09-20 17:00:00,1.237919,1.238343,1.237840,1.238265,50
2023-09-20 18:00:00,1.238265,1.238465,1.238037,1.238238,50
2023-09-20 19:00:00,1.238238,1.238384,1.238215,1.238361,50
2023-09-20 20:00:00,1.238361,1.238521,1.237968,1.238128,50
2023-09-20 21:00:00,1.238128,1.238477,1.238000,1.238350,50
2023-09-20 22:00:00,1.238350,1.238382,1.238023,1.238056,50
2023-09-20 23:00:00,1.238056,1.238862,1.238044,1.238850,50
2023-09-21 00:00:00,1.238850,1.240708,1.238791,1.240648,50
2023-09-21 01:00:00,1.240648,1.240718,1.238946,1.239015,50
2023-09-21 02:00:00,1.239015,1.239655,1.237736,1.238376,50
2023-09-21 03:00:00,1.238376,1.238688,1.237912,1.238224,50
2023-09-21 04:00:00,1.238224,1.238507,1.234562,1.234845,50
2023-09-21 05:00:00,1.234845,1.235099,1.234120,1.234374,50
2023-09-21 06:00:00,1.234374,1.234633,1.233562,1.233821,50
2023-09-21 07:00:00,1.233821,1.234009,1.233434,1.233622,50
2023-09-21 08:00:00,1.233622,1.233643,1.233106,1.233127,50
2023-09-21 09:00:00,1.233127,1.234011,1.233093,1.233977,50
2023-09-21 10:00:00,1.233977,1.234570,1.232110,1.232702,50
2023-09-21 11:00:00,1.232702,1.233367,1.229518,1.230182,50
2023-09-21 12:00:00,1.230182,1.231440,1.229638,1.230895,50
2023-09-21 13:00:00,1.230895,1.231358,1.227600,1.228063,50
2023-09-21 14:00:00,1.228063,1.229068,1.227413,1.228417,50
2023-09-21 15:00:00,1.228417,1.231643,1.227934,1.231159,50
2023-09-21 16:00:00,1.231159,1.231912,1.230510,1.231262,50
2023-09-21 17:00:00,1.231262,1.232498,1.230704,1.231940,50
2023-09-21 18:00:00,1.231940,1.232237,1.230663,1.230960,50
2023-09-21 19:00:00,1.230960,1.232713,1.230765,1.232518,50
2023-09-21 20:00:00,1.232518,1.232945,1.231954,1.232380,50
2023-09-21 21:00:00,1.232380,1.234675,1.231910,1.234204,50
2023-09-21 22:00:00,1.234204,1.234731,1.233281,1.233808,50
2023-09-21 23:00:00,1.233808,1.234094,1.229575,1.229861,50
2023-09-22 00:00:00,1.229861,1.230621,1.229549,1.230308,50
2023-09-22 01:00:00,1.230308,1.230440,1.229418,1.229550,50
2023-09-22 02:00:00,1.229550,1.229669,1.229399,1.229517,50
2023-09-22 03:00:00,1.229517,1.229604,1.229134,1.229221,50
2023-09-22 04:00:00,1.229221,1.229503,1.228625,1.228906,50
2023-09-22 05:00:00,1.228906,1.228965,1.227667,1.227726,50
2023-09-22 06:00:00,1.227726,1.227965,1.227347,1.227586,50
2023-09-22 07:00:00,1.227586,1.228332,1.227248,1.227993,50
2023-09-22 08:00:00,1.227993,1.228324,1.227241,1.227572,50
2023-09-22 09:00:00,1.227572,1.227688,1.226231,1.226347,50
2023-09-22 10:00:00,1.226347,1.226515,1.226029,1.226197,50
2023-09-22 11:00:00,1.226197,1.226480,1.224741,1.225024,50
2023-09-22 12:00:00,1.225024,1.225273,1.224547,1.224796,50
2023-09-22 13:00:00,1.224796,1.225425,1.224484,1.225113,50
2023-09-22 14:00:00,1.225113,1.225466,1.224856,1.225210,50
2023-09-22 15:00:00,1.225210,1.225647,1.225165,1.225603,50
2023-09-22 16:00:00,1.225603,1.226281,1.225583,1.226261,50
2023-09-22 17:00:00,1.226261,1.226473,1.225722,1.225934,50
2023-09-22 18:00:00,1.225934,1.226483,1.225698,1.226248,50
2023-09-22 19:00:00,1.226248,1.226601,1.225996,1.226350,50
2023-09-22 20:00:00,1.226350,1.226535,1.226256,1.226441,50
2023-09-22 21:00:00,1.226441,1.226789,1.225811,1.226160,50
2023-09-22 22:00:00,1.226160,1.226441,1.225612,1.225894,50
2023-09-22 23:00:00,1.225894,1.226190,1.225345,1.225640,50
2023-09-25 00:00:00,1.225640,1.225688,1.223804,1.223851,50
2023-09-25 01:00:00,1.223851,1.223925,1.222289,1.222363,50
2023-09-25 02:00:00,1.222363,1.224360,1.222088,1.224085,50
2023-09-25 03:00:00,1.224085,1.224229,1.223614,1.223758,50
2023-09-25 04:00:00,1.223758,1.224408,1.223680,1.224330,50
2023-09-25 05:00:00,1.224330,1.224815,1.224076,1.224561,50
2023-09-25 06:00:00,1.224561,1.224635,1.224259,1.224333,50
2023-09-25 07:00:00,1.224333,1.224596,1.221793,1.222056,50
2023-09-25 08:00:00,1.222056,1.222232,1.220792,1.220968,50
2023-09-25 09:00:00,1.220968,1.221663,1.220841,1.221536,50
2023-09-25 10:00:00,1.221536,1.223157,1.221259,1.222879,50
2023-09-25 11:00:00,1.222879,1.223004,1.222845,1.222969,50
2023-09-25 12:00:00,1.222969,1.224448,1.222838,1.224317,50
2023-09-25 13:00:00,1.224317,1.224359,1.224269,1.224311,50
2023-09-25 14:00:00,1.224311,1.224459,1.223412,1.223560,50
2023-09-25 15:00:00,1.223560,1.224611,1.223389,1.224439,50
2023-09-25 16:00:00,1.224439,1.225516,1.224185,1.225262,50
2023-09-25 17:00:00,1.225262,1.226087,1.225219,1.226045,50
2023-09-25 18:00:00,1.226045,1.226726,1.225738,1.226419,50
2023-09-25 19:00:00,1.226419,1.226551,1.226091,1.226222,50
2023-09-25 20:00:00,1.226222,1.226269,1.225484,1.225531,50
2023-09-25 21:00:00,1.225531,1.225748,1.223506,1.223723,50
2023-09-25 22:00:00,1.223723,1.224003,1.223285,1.223565,50
2023-09-25 23:00:00,1.223565,1.223765,1.221547,1.221747,50
2023-09-26 00:00:00,1.221747,1.222557,1.221398,1.222207,50
2023-09-26 01:00:00,1.222207,1.222862,1.221808,1.222463,50
2023-09-26 02:00:00,1.222463,1.222853,1.222116,1.222506,50
2023-09-26 03:00:00,1.222506,1.223018,1.222217,1.222728,50
2023-09-26 04:00:00,1.222728,1.222765,1.221944,1.221981,50
2023-09-26 05:00:00,1.221981,1.222127,1.220864,1.221010,50
2023-09-26 06:00:00,1.221010,1.221060,1.220578,1.220628,50
2023-09-26 07:00:00,1.220628,1.220779,1.219823,1.219974,50
2023-09-26 08:00:00,1.219974,1.220386,1.219725,1.220138,50
2023-09-26 09:00:00,1.220138,1.220317,1.220033,1.220212,50
2023-09-26 10:00:00,1.220212,1.220534,1.219644,1.219965,50
2023-09-26 11:00:00,1.219965,1.220225,1.219260,1.219521,50
2023-09-26 12:00:00,1.219521,1.219916,1.218496,1.218892,50
2023-09-26 13:00:00,1.218892,1.219006,1.218704,1.218817,50
2023-09-26 14:00:00,1.218817,1.219226,1.217985,1.218393,50
2023-09-26 15:00:00,1.218393,1.218672,1.218325,1.218604,50
2023-09-26 16:00:00,1.218604,1.218914,1.217519,1.217829,50
2023-09-26 17:00:00,1.217829,1.217885,1.216773,1.216829,50
2023-09-26 18:00:00,1.216829,1.217422,1.216632,1.217226,50
2023-09-26 19:00:00,1.217226,1.217531,1.216699,1.217004,50
2023-09-26 20:00:00,1.217004,1.217026,1.215838,1.215860,50
2023-09-26 21:00:00,1.215860,1.216686,1.215510,1.216336,50
2023-09-26 22:00:00,1.216336,1.216972,1.216218,1.216853,50
2023-09-26 23:00:00,1.216853,1.216901,1.216793,1.216841,50
2023-09-27 00:00:00,1.216841,1.217201,1.216697,1.217057,50
2023-09-27 01:00:00,1.217057,1.217351,1.216308,1.216602,50
2023-09-27 02:00:00,1.216602,1.216629,1.216477,1.216504,50
2023-09-27 03:00:00,1.216504,1.216787,1.216086,1.216369,50
2023-09-27 04:00:00,1.216369,1.216537,1.215885,1.216052,50
2023-09-27 05:00:00,1.216052,1.216182,1.215794,1.215923,50
2023-09-27 06:00:00,1.215923,1.215987,1.215267,1.215331,50
2023-09-27 07:00:00,1.215331,1.215402,1.215211,1.215282,50
2023-09-27 08:00:00,1.215282,1.215414,1.215186,1.215318,50
2023-09-27 09:00:00,1.215318,1.215340,1.214615,1.214637,50
2023-09-27 10:00:00,1.214637,1.214814,1.214178,1.214355,50
2023-09-27 11:00:00,1.214355,1.214532,1.213818,1.213994,50
2023-09-27 12:00:00,1.213994,1.214055,1.213218,1.213280,50
2023-09-27 13:00:00,1.213280,1.213514,1.212935,1.213170,50
2023-09-27 14:00:00,1.213170,1.213411,1.212731,1.212972,50
2023-09-27 15:00:00,1.212972,1.213258,1.212511,1.212797,50
2023-09-27 16:00:00,1.212797,1.213022,1.212364,1.212589,50
2023-09-27 17:00:00,1.212589,1.213068,1.212458,1.212937,50
2023-09-27 18:00:00,1.212937,1.213806,1.212854,1.213724,50
2023-09-27 19:00:00,1.213724,1.214531,1.213552,1.214360,50
2023-09-27 20:00:00,1.214360,1.214640,1.213491,1.213772,50
2023-09-27 21:00:00,1.213772,1.213970,1.213697,1.213895,50
2023-09-27 22:00:00,1.213895,1.214145,1.213610,1.213860,50
2023-09-27 23:00:00,1.213860,1.214111,1.213047,1.213298,50
2023-09-28 00:00:00,1.213298,1.213944,1.211436,1.212082,50
2023-09-28 01:00:00,1.212082,1.212825,1.211612,1.212354,50
2023-09-28 02:00:00,1.212354,1.212627,1.211215,1.211488,50
2023-09-28 03:00:00,1.211488,1.212481,1.210751,1.211744,50
2023-09-28 04:00:00,1.211744,1.213254,1.211167,1.212677,50
2023-09-28 05:00:00,1.212677,1.214153,1.212061,1.213538,50
2023-09-28 06:00:00,1.213538,1.214122,1.213521,1.214105,50
2023-09-28 07:00:00,1.214105,1.215197,1.213728,1.214820,50
2023-09-28 08:00:00,1.214820,1.215608,1.214577,1.215365,50
2023-09-28 09:00:00,1.215365,1.215772,1.214394,1.214801,50
2023-09-28 10:00:00,1.214801,1.215059,1.214420,1.214679,50
2023-09-28 11:00:00,1.214679,1.215865,1.214654,1.215840,50
2023-09-28 12:00:00,1.215840,1.215889,1.215477,1.215527,50
2023-09-28 13:00:00,1.215527,1.216934,1.215383,1.216790,50
2023-09-28 14:00:00,1.216790,1.217712,1.216312,1.217234,50
2023-09-28 15:00:00,1.217234,1.218294,1.216608,1.217668,50
2023-09-28 16:00:00,1.217668,1.218463,1.217648,1.218443,50
2023-09-28 17:00:00,1.218443,1.218878,1.218124,1.218559,50
2023-09-28 18:00:00,1.218559,1.221321,1.218544,1.221306,50
2023-09-28 19:00:00,1.221306,1.223084,1.220553,1.222331,50
2023-09-28 20:00:00,1.222331,1.222448,1.221656,1.221773,50
2023-09-28 21:00:00,1.221773,1.222947,1.221492,1.222665,50
2023-09-28 22:00:00,1.222665,1.224395,1.222306,1.224035,50
2023-09-28 23:00:00,1.224035,1.224360,1.222019,1.222344,50
2023-09-29 00:00:00,1.222344,1.222488,1.221818,1.221962,50
2023-09-29 01:00:00,1.221962,1.222844,1.221779,1.222662,50
2023-09-29 02:00:00,1.222662,1.223254,1.222498,1.223090,50
2023-09-29 03:00:00,1.223090,1.223123,1.222499,1.222532,50
2023-09-29 04:00:00,1.222532,1.222651,1.222493,1.222613,50
2023-09-29 05:00:00,1.222613,1.223086,1.222462,1.222935,50
2023-09-29 06:00:00,1.222935,1.223345,1.222859,1.223270,50
2023-09-29 07:00:00,1.223270,1.223864,1.223135,1.223729,50
2023-09-29 08:00:00,1.223729,1.223739,1.223539,1.223549,50
2023-09-29 09:00:00,1.223549,1.223560,1.223237,1.223248,50
2023-09-29 10:00:00,1.223248,1.223295,1.223246,1.223294,50
2023-09-29 11:00:00,1.223294,1.223359,1.222809,1.222875,50
2023-09-29 12:00:00,1.222875,1.222997,1.222168,1.222290,50
2023-09-29 13:00:00,1.222290,1.222495,1.221394,1.221599,50
2023-09-29 14:00:00,1.221599,1.221675,1.220972,1.221049,50
2023-09-29 15:00:00,1.221049,1.221218,1.219895,1.220064,50
2023-09-29 16:00:00,1.220064,1.220636,1.219892,1.220464,50
2023-09-29 17:00:00,1.220464,1.220867,1.220425,1.220828,50
2023-09-29 18:00:00,1.220828,1.221468,1.220777,1.221417,50
2023-09-29 19:00:00,1.221417,1.221525,1.221312,1.221419,50
2023-09-29 20:00:00,1.221419,1.221681,1.221419,1.221681,50
2023-09-29 21:00:00,1.221681,1.221782,1.221639,1.221740,50
2023-09-29 22:00:00,1.221740,1.221818,1.220565,1.220642,50
2023-09-29 23:00:00,1.220642,1.221510,1.220581,1.221449,50
2023-10-02 00:00:00,1.221449,1.223573,1.221013,1.223138,50
2023-10-02 01:00:00,1.223138,1.223232,1.219545,1.219639,50
2023-10-02 02:00:00,1.219639,1.219745,1.214819,1.214926,50
2023-10-02 03:00:00,1.214926,1.216755,1.214244,1.216073,50
2023-10-02 04:00:00,1.216073,1.222753,1.215372,1.222051,50
2023-10-02 05:00:00,1.222051,1.222946,1.221670,1.222564,50
2023-10-02 06:00:00,1.222564,1.222982,1.219475,1.219893,50
2023-10-02 07:00:00,1.219893,1.220065,1.219711,1.219883,50
2023-10-02 08:00:00,1.219883,1.220480,1.218104,1.218701,50
2023-10-02 09:00:00,1.218701,1.219077,1.213746,1.214122,50
2023-10-02 10:00:00,1.214122,1.219111,1.214023,1.219011,50
2023-10-02 11:00:00,1.219011,1.219515,1.213893,1.214397,50
2023-10-02 12:00:00,1.214397,1.214517,1.212636,1.212756,50
2023-10-02 13:00:00,1.212756,1.215397,1.212685,1.215325,50
2023-10-02 14:00:00,1.215325,1.217669,1.215199,1.217543,50
2023-10-02 15:00:00,1.217543,1.217779,1.216267,1.216503,50
2023-10-02 16:00:00,1.216503,1.216731,1.212825,1.213053,50
2023-10-02 17:00:00,1.213053,1.213237,1.212763,1.212947,50
2023-10-02 18:00:00,1.212947,1.216625,1.212349,1.216027,50
2023-10-02 19:00:00,1.216027,1.216458,1.215092,1.215523,50
2023-10-02 20:00:00,1.215523,1.215948,1.213297,1.213722,50
2023-10-02 21:00:00,1.213722,1.213832,1.212840,1.212949,50
2023-10-02 22:00:00,1.212949,1.213458,1.212237,1.212745,50
2023-10-02 23:00:00,1.212745,1.213288,1.212461,1.213003,50
2023-10-03 00:00:00,1.213003,1.213493,1.212799,1.213288,50
2023-10-03 01:00:00,1.213288,1.213792,1.212917,1.213420,50
2023-10-03 02:00:00,1.213420,1.214275,1.213325,1.214180,50
2023-10-03 03:00:00,1.214180,1.214567,1.213403,1.213789,50
2023-10-03 04:00:00,1.213789,1.214050,1.213740,1.214000,50
2023-10-03 05:00:00,1.214000,1.214079,1.213350,1.213429,50
2023-10-03 06:00:00,1.213429,1.213573,1.212538,1.212683,50
2023-10-03 07:00:00,1.212683,1.212901,1.212448,1.212666,50
2023-10-03 08:00:00,1.212666,1.213363,1.212427,1.213124,50
2023-10-03 09:00:00,1.213124,1.213382,1.211789,1.212046,50
2023-10-03 10:00:00,1.212046,1.212468,1.211331,1.211752,50
2023-10-03 11:00:00,1.211752,1.211754,1.210561,1.210563,50
2023-10-03 12:00:00,1.210563,1.210860,1.210421,1.210719,50
2023-10-03 13:00:00,1.210719,1.210946,1.210688,1.210916,50
2023-10-03 14:00:00,1.210916,1.210951,1.210535,1.210571,50
2023-10-03 15:00:00,1.210571,1.210968,1.209633,1.210030,50
2023-10-03 16:00:00,1.210030,1.210298,1.209361,1.209628,50
2023-10-03 17:00:00,1.209628,1.210179,1.209376,1.209928,50
2023-10-03 18:00:00,1.209928,1.210024,1.209903,1.209999,50
2023-10-03 19:00:00,1.209999,1.211600,1.209626,1.211227,50
2023-10-03 20:00:00,1.211227,1.211704,1.208470,1.208947,50
2023-10-03 21:00:00,1.208947,1.209412,1.206721,1.207186,50
2023-10-03 22:00:00,1.207186,1.207597,1.206140,1.206551,50
2023-10-03 23:00:00,1.206551,1.207354,1.206053,1.206855,50
2023-10-04 00:00:00,1.206855,1.213704,1.206366,1.213215,50
2023-10-04 01:00:00,1.213215,1.213590,1.210839,1.211214,50
2023-10-04 02:00:00,1.211214,1.211215,1.209787,1.209788,50
2023-10-04 03:00:00,1.209788,1.210161,1.206399,1.206772,50
2023-10-04 04:00:00,1.206772,1.207412,1.205042,1.205682,50
2023-10-04 05:00:00,1.205682,1.205863,1.204913,1.205094,50
2023-10-04 06:00:00,1.205094,1.209829,1.204759,1.209493,50
2023-10-04 07:00:00,1.209493,1.213450,1.208809,1.212766,50
2023-10-04 08:00:00,1.212766,1.214715,1.212152,1.214101,50
2023-10-04 09:00:00,1.214101,1.214211,1.211589,1.211698,50
2023-10-04 10:00:00,1.211698,1.214135,1.211193,1.213630,50
2023-10-04 11:00:00,1.213630,1.214196,1.208747,1.209313,50
2023-10-04 12:00:00,1.209313,1.211216,1.209068,1.210971,50
2023-10-04 13:00:00,1.210971,1.213449,1.210317,1.212796,50
2023-10-04 14:00:00,1.212796,1.213459,1.210596,1.211258,50
2023-10-04 15:00:00,1.211258,1.212268,1.210978,1.211987,50
2023-10-04 16:00:00,1.211987,1.215399,1.211783,1.215195,50
2023-10-04 17:00:00,1.215195,1.215423,1.215170,1.215398,50
2023-10-04 18:00:00,1.215398,1.217552,1.215264,1.217418,50
2023-10-04 19:00:00,1.217418,1.217617,1.215953,1.216152,50
2023-10-04 20:00:00,1.216152,1.216344,1.209760,1.209952,50
2023-10-04 21:00:00,1.209952,1.211578,1.209900,1.211526,50
2023-10-04 22:00:00,1.211526,1.211593,1.205063,1.205130,50
2023-10-04 23:00:00,1.205130,1.215796,1.204991,1.215658,50
2023-10-05 00:00:00,1.215658,1.216177,1.215549,1.216069,50
2023-10-05 01:00:00,1.216069,1.216213,1.215602,1.215747,50
2023-10-05 02:00:00,1.215747,1.216583,1.215609,1.216445,50
2023-10-05 03:00:00,1.216445,1.216624,1.216047,1.216225,50
2023-10-05 04:00:00,1.216225,1.216256,1.215629,1.215659,50
2023-10-05 05:00:00,1.215659,1.215875,1.215519,1.215734,50
2023-10-05 06:00:00,1.215734,1.215746,1.215076,1.215087,50
2023-10-05 07:00:00,1.215087,1.215182,1.215009,1.215103,50
2023-10-05 08:00:00,1.215103,1.215177,1.214498,1.214572,50
2023-10-05 09:00:00,1.214572,1.215619,1.214559,1.215607,50
2023-10-05 10:00:00,1.215607,1.215689,1.215321,1.215403,50
2023-10-05 11:00:00,1.215403,1.216023,1.215194,1.215815,50
2023-10-05 12:00:00,1.215815,1.216238,1.215599,1.216022,50
2023-10-05 13:00:00,1.216022,1.216509,1.215810,1.216297,50
2023-10-05 14:00:00,1.216297,1.216794,1.216219,1.216716,50
2023-10-05 15:00:00,1.216716,1.216886,1.216246,1.216417,50
2023-10-05 16:00:00,1.216417,1.216669,1.216365,1.216617,50
2023-10-05 17:00:00,1.216617,1.217267,1.216495,1.217144,50
2023-10-05 18:00:00,1.217144,1.217835,1.217141,1.217832,50
2023-10-05 19:00:00,1.217832,1.218329,1.217726,1.218223,50
2023-10-05 20:00:00,1.218223,1.218245,1.217944,1.217967,50
2023-10-05 21:00:00,1.217967,1.218082,1.217470,1.217585,50
2023-10-05 22:00:00,1.217585,1.217735,1.216858,1.217007,50
2023-10-05 23:00:00,1.217007,1.217164,1.216981,1.217137,50
2023-10-06 00:00:00,1.217137,1.225002,1.216554,1.224420,50
2023-10-06 01:00:00,1.224420,1.224534,1.222949,1.223064,50
2023-10-06 02:00:00,1.223064,1.223418,1.222540,1.222894,50
2023-10-06 03:00:00,1.222894,1.223499,1.221386,1.221991,50
2023-10-06 04:00:00,1.221991,1.222565,1.218466,1.219039,50
2023-10-06 05:00:00,1.219039,1.220524,1.218694,1.220178,50
2023-10-06 06:00:00,1.220178,1.220578,1.218244,1.218644,50
2023-10-06 07:00:00,1.218644,1.221390,1.218553,1.221299,50
2023-10-06 08:00:00,1.221299,1.221942,1.218840,1.219483,50
2023-10-06 09:00:00,1.219483,1.219570,1.215380,1.215467,50
2023-10-06 10:00:00,1.215467,1.218426,1.215363,1.218322,50
2023-10-06 11:00:00,1.218322,1.220669,1.218067,1.220413,50
2023-10-06 12:00:00,1.220413,1.220564,1.219332,1.219482,50
2023-10-06 13:00:00,1.219482,1.220899,1.219460,1.220877,50
2023-10-06 14:00:00,1.220877,1.224942,1.220581,1.224647,50
2023-10-06 15:00:00,1.224647,1.224696,1.224477,1.224527,50
2023-10-06 16:00:00,1.224527,1.224667,1.223313,1.223453,50
2023-10-06 17:00:00,1.223453,1.224140,1.223121,1.223807,50
2023-10-06 18:00:00,1.223807,1.224725,1.223502,1.224420,50
2023-10-06 19:00:00,1.224420,1.224797,1.223922,1.224300,50
2023-10-06 20:00:00,1.224300,1.224664,1.224241,1.224605,50
2023-10-06 21:00:00,1.224605,1.226010,1.224350,1.225755,50
2023-10-06 22:00:00,1.225755,1.227595,1.225321,1.227161,50
2023-10-06 23:00:00,1.227161,1.227524,1.225127,1.225490,50
2023-10-10 00:00:00,1.225490,1.225674,1.224776,1.224960,50
2023-10-10 01:00:00,1.224960,1.225284,1.224695,1.225019,50
2023-10-10 02:00:00,1.225019,1.226716,1.224807,1.226504,50
2023-10-10 03:00:00,1.226504,1.226782,1.224550,1.224828,50
2023-10-10 04:00:00,1.224828,1.226549,1.224649,1.226371,50
2023-10-10 05:00:00,1.226371,1.226384,1.226299,1.226312,50
2023-10-10 06:00:00,1.226312,1.226657,1.226061,1.226406,50
2023-10-10 07:00:00,1.226406,1.226700,1.226221,1.226516,50
2023-10-10 08:00:00,1.226516,1.227395,1.226397,1.227276,50
2023-10-10 09:00:00,1.227276,1.229679,1.227063,1.229466,50
2023-10-10 10:00:00,1.229466,1.229470,1.228597,1.228601,50
2023-10-10 11:00:00,1.228601,1.228759,1.227187,1.227345,50
2023-10-10 12:00:00,1.227345,1.229287,1.227343,1.229285,50
2023-10-10 13:00:00,1.229285,1.229315,1.227041,1.227071,50
2023-10-10 14:00:00,1.227071,1.227128,1.225765,1.225822,50
2023-10-10 15:00:00,1.225822,1.226661,1.225652,1.226490,50
2023-10-10 16:00:00,1.226490,1.226719,1.225673,1.225902,50
2023-10-10 17:00:00,1.225902,1.228402,1.225692,1.228192,50
2023-10-10 18:00:00,1.228192,1.228440,1.226124,1.226372,50
2023-10-10 19:00:00,1.226372,1.226517,1.225773,1.225918,50
2023-10-10 20:00:00,1.225918,1.225978,1.225737,1.225797,50
2023-10-10 21:00:00,1.225797,1.227056,1.225726,1.226985,50
2023-10-10 22:00:00,1.226985,1.227817,1.226807,1.227639,50
2023-10-10 23:00:00,1.227639,1.228982,1.227460,1.228803,50
2023-10-11 00:00:00,1.228803,1.228905,1.228644,1.228745,50
2023-10-11 01:00:00,1.228745,1.229566,1.228644,1.229464,50
2023-10-11 02:00:00,1.229464,1.229591,1.229088,1.229215,50
2023-10-11 03:00:00,1.229215,1.230101,1.229124,1.230010,50
2023-10-11 04:00:00,1.230010,1.230285,1.229985,1.230260,50
2023-10-11 05:00:00,1.230260,1.231125,1.230153,1.231018,50
2023-10-11 06:00:00,1.231018,1.231492,1.231006,1.231480,50
2023-10-11 07:00:00,1.231480,1.231684,1.230366,1.230569,50
2023-10-11 08:00:00,1.230569,1.230801,1.230562,1.230793,50
2023-10-11 09:00:00,1.230793,1.231427,1.230730,1.231364,50
2023-10-11 10:00:00,1.231364,1.231394,1.230713,1.230743,50
2023-10-11 11:00:00,1.230743,1.230883,1.230230,1.230370,50
2023-10-11 12:00:00,1.230370,1.230512,1.229632,1.229774,50
2023-10-11 13:00:00,1.229774,1.229836,1.229236,1.229298,50
2023-10-11 14:00:00,1.229298,1.229315,1.228634,1.228651,50
2023-10-11 15:00:00,1.228651,1.228928,1.228601,1.228877,50
2023-10-11 16:00:00,1.228877,1.229057,1.227919,1.228099,50
2023-10-11 17:00:00,1.228099,1.228317,1.228005,1.228223,50
2023-10-11 18:00:00,1.228223,1.228263,1.228171,1.228211,50
2023-10-11 19:00:00,1.228211,1.228398,1.227602,1.227789,50
2023-10-11 20:00:00,1.227789,1.228489,1.227771,1.228471,50
2023-10-11 21:00:00,1.228471,1.229034,1.228271,1.228834,50
2023-10-11 22:00:00,1.228834,1.229523,1.228833,1.229522,50
2023-10-11 23:00:00,1.229522,1.230652,1.229336,1.230466,50
2023-10-12 00:00:00,1.230466,1.230516,1.226529,1.226579,50
2023-10-12 01:00:00,1.226579,1.230648,1.226157,1.230226,50
2023-10-12 02:00:00,1.230226,1.230711,1.229294,1.229779,50
2023-10-12 03:00:00,1.229779,1.232867,1.229182,1.232270,50
2023-10-12 04:00:00,1.232270,1.232737,1.229928,1.230395,50
2023-10-12 05:00:00,1.230395,1.230436,1.228476,1.228518,50
2023-10-12 06:00:00,1.228518,1.228626,1.224643,1.224751,50
2023-10-12 07:00:00,1.224751,1.225246,1.224386,1.224881,50
2023-10-12 08:00:00,1.224881,1.226688,1.224847,1.226654,50
2023-10-12 09:00:00,1.226654,1.229681,1.226337,1.229364,50
2023-10-12 10:00:00,1.229364,1.229546,1.225879,1.226061,50
2023-10-12 11:00:00,1.226061,1.226519,1.225542,1.226000,50
2023-10-12 12:00:00,1.226000,1.226032,1.225408,1.225441,50
2023-10-12 13:00:00,1.225441,1.226490,1.225121,1.226170,50
2023-10-12 14:00:00,1.226170,1.226640,1.224634,1.225104,50
2023-10-12 15:00:00,1.225104,1.225510,1.223011,1.223418,50
2023-10-12 16:00:00,1.223418,1.224082,1.223278,1.223942,50
2023-10-12 17:00:00,1.223942,1.224472,1.222501,1.223030,50
2023-10-12 18:00:00,1.223030,1.223260,1.219415,1.219645,50
2023-10-12 19:00:00,1.219645,1.224858,1.219441,1.224654,50
2023-10-12 20:00:00,1.224654,1.225284,1.223249,1.223880,50
2023-10-12 21:00:00,1.223880,1.225265,1.223468,1.224853,50
2023-10-12 22:00:00,1.224853,1.225031,1.221051,1.221229,50
2023-10-12 23:00:00,1.221229,1.221545,1.221132,1.221449,50
2023-10-13 00:00:00,1.221449,1.223251,1.221159,1.222961,50
2023-10-13 01:00:00,1.222961,1.223387,1.219644,1.220070,50
2023-10-13 02:00:00,1.220070,1.220980,1.219825,1.220735,50
2023-10-13 03:00:00,1.220735,1.221377,1.220368,1.221009,50
2023-10-13 04:00:00,1.221009,1.221225,1.219416,1.219632,50
2023-10-13 05:00:00,1.219632,1.219769,1.219150,1.219286,50
2023-10-13 06:00:00,1.219286,1.219880,1.217764,1.218358,50
2023-10-13 07:00:00,1.218358,1.218649,1.216470,1.216761,50
2023-10-13 08:00:00,1.216761,1.221264,1.216177,1.220679,50
2023-10-13 09:00:00,1.220679,1.221155,1.217679,1.218155,50
2023-10-13 10:00:00,1.218155,1.220714,1.217927,1.220486,50
2023-10-13 11:00:00,1.220486,1.220978,1.219413,1.219904,50
2023-10-13 12:00:00,1.219904,1.221551,1.219747,1.221394,50
2023-10-13 13:00:00,1.221394,1.221918,1.217113,1.217637,50
2023-10-13 14:00:00,1.217637,1.218178,1.216677,1.217218,50
2023-10-13 15:00:00,1.217218,1.218763,1.216712,1.218258,50
2023-10-13 16:00:00,1.218258,1.218583,1.217094,1.217419,50
2023-10-13 17:00:00,1.217419,1.219790,1.216874,1.219245,50
2023-10-13 18:00:00,1.219245,1.219819,1.217875,1.218449,50
2023-10-13 19:00:00,1.218449,1.218600,1.216302,1.216453,50
2023-10-13 20:00:00,1.216453,1.216754,1.215586,1.215887,50
2023-10-13 21:00:00,1.215887,1.216250,1.213093,1.213456,50
2023-10-13 22:00:00,1.213456,1.213776,1.212055,1.212375,50
2023-10-13 23:00:00,1.212375,1.214390,1.211872,1.213887,50
2023-10-16 00:00:00,1.213887,1.214547,1.213802,1.214462,50
2023-10-16 01:00:00,1.214462,1.214937,1.213350,1.213825,50
2023-10-16 02:00:00,1.213825,1.215783,1.213727,1.215685,50
2023-10-16 03:00:00,1.215685,1.217075,1.215287,1.216677,50
2023-10-16 04:00:00,1.216677,1.218635,1.216590,1.218548,50
2023-10-16 05:00:00,1.218548,1.218603,1.217309,1.217364,50
2023-10-16 06:00:00,1.217364,1.217700,1.217355,1.217690,50
2023-10-16 07:00:00,1.217690,1.218013,1.213178,1.213501,50
2023-10-16 08:00:00,1.213501,1.218244,1.213103,1.217847,50
2023-10-16 09:00:00,1.217847,1.218111,1.214532,1.214797,50
2023-10-16 10:00:00,1.214797,1.218215,1.214491,1.217910,50
2023-10-16 11:00:00,1.217910,1.218452,1.217608,1.218150,50
2023-10-16 12:00:00,1.218150,1.218257,1.215473,1.215580,50
2023-10-16 13:00:00,1.215580,1.216069,1.215097,1.215585,50
2023-10-16 14:00:00,1.215585,1.215736,1.213798,1.213949,50
2023-10-16 15:00:00,1.213949,1.215573,1.213584,1.215208,50
2023-10-16 16:00:00,1.215208,1.215424,1.214887,1.215103,50
2023-10-16 17:00:00,1.215103,1.215581,1.214473,1.214951,50
2023-10-16 18:00:00,1.214951,1.218400,1.214916,1.218366,50
2023-10-16 19:00:00,1.218366,1.218585,1.217942,1.218162,50
2023-10-16 20:00:00,1.218162,1.218565,1.216883,1.217287,50
2023-10-16 21:00:00,1.217287,1.218459,1.217065,1.218237,50
2023-10-16 22:00:00,1.218237,1.219919,1.218183,1.219864,50
2023-10-16 23:00:00,1.219864,1.220085,1.219589,1.219810,50
2023-10-17 00:00:00,1.219810,1.219828,1.218333,1.218351,50
2023-10-17 01:00:00,1.218351,1.218576,1.218208,1.218433,50
2023-10-17 02:00:00,1.218433,1.218707,1.218380,1.218654,50
2023-10-17 03:00:00,1.218654,1.219248,1.218587,1.219181,50
2023-10-17 04:00:00,1.219181,1.219197,1.219010,1.219026,50
2023-10-17 05:00:00,1.219026,1.219460,1.218980,1.219413,50
2023-10-17 06:00:00,1.219413,1.219770,1.219401,1.219758,50
2023-10-17 07:00:00,1.219758,1.219788,1.219628,1.219659,50
2023-10-17 08:00:00,1.219659,1.219877,1.219147,1.219365,50
2023-10-17 09:00:00,1.219365,1.220211,1.219201,1.220048,50
2023-10-17 10:00:00,1.220048,1.220144,1.219351,1.219448,50
2023-10-17 11:00:00,1.219448,1.219648,1.219394,1.219594,50
2023-10-17 12:00:00,1.219594,1.220202,1.219438,1.220045,50
2023-10-17 13:00:00,1.220045,1.220785,1.219929,1.220668,50
2023-10-17 14:00:00,1.220668,1.220691,1.220445,1.220468,50
2023-10-17 15:00:00,1.220468,1.221299,1.220350,1.221181,50
2023-10-17 16:00:00,1.221181,1.221387,1.220646,1.220852,50
2023-10-17 17:00:00,1.220852,1.220881,1.220739,1.220769,50
2023-10-17 18:00:00,1.220769,1.220928,1.220349,1.220508,50
2023-10-17 19:00:00,1.220508,1.221259,1.220433,1.221183,50
2023-10-17 20:00:00,1.221183,1.221426,1.221143,1.221386,50
2023-10-17 21:00:00,1.221386,1.221685,1.221216,1.221515,50
2023-10-17 22:00:00,1.221515,1.221766,1.221452,1.221702,50
2023-10-17 23:00:00,1.221702,1.221808,1.220448,1.220554,50
2023-10-18 00:00:00,1.220554,1.220892,1.220120,1.220458,50
2023-10-18 01:00:00,1.220458,1.220532,1.220113,1.220187,50
2023-10-18 02:00:00,1.220187,1.221552,1.219945,1.221311,50
2023-10-18 03:00:00,1.221311,1.221481,1.219877,1.220048,50
2023-10-18 04:00:00,1.220048,1.220957,1.219966,1.220876,50
2023-10-18 05:00:00,1.220876,1.221052,1.220600,1.220776,50
2023-10-18 06:00:00,1.220776,1.221453,1.220378,1.221056,50
2023-10-18 07:00:00,1.221056,1.221349,1.220451,1.220744,50
2023-10-18 08:00:00,1.220744,1.221021,1.220275,1.220552,50
2023-10-18 09:00:00,1.220552,1.221970,1.220146,1.221564,50
2023-10-18 10:00:00,1.221564,1.221995,1.220916,1.221347,50
2023-10-18 11:00:00,1.221347,1.221518,1.221107,1.221278,50
2023-10-18 12:00:00,1.221278,1.221712,1.220890,1.221324,50
2023-10-18 13:00:00,1.221324,1.221727,1.221249,1.221652,50
2023-10-18 14:00:00,1.221652,1.221897,1.220373,1.220617,50
2023-10-18 15:00:00,1.220617,1.221560,1.220245,1.221187,50
2023-10-18 16:00:00,1.221187,1.221563,1.220335,1.220710,50
2023-10-18 17:00:00,1.220710,1.220929,1.220539,1.220758,50
2023-10-18 18:00:00,1.220758,1.221050,1.219414,1.219705,50
2023-10-18 19:00:00,1.219705,1.219809,1.218062,1.218165,50
2023-10-18 20:00:00,1.218165,1.219159,1.218074,1.219068,50
2023-10-18 21:00:00,1.219068,1.219253,1.215866,1.216051,50
2023-10-18 22:00:00,1.216051,1.216157,1.213863,1.213969,50
2023-10-18 23:00:00,1.213969,1.215240,1.213796,1.215067,50
2023-10-19 00:00:00,1.215067,1.216349,1.215012,1.216294,50
2023-10-19 01:00:00,1.216294,1.216645,1.216243,1.216593,50
2023-10-19 02:00:00,1.216593,1.216712,1.216271,1.216389,50
2023-10-19 03:00:00,1.216389,1.216486,1.215961,1.216058,50
2023-10-19 04:00:00,1.216058,1.216273,1.215670,1.215885,50
2023-10-19 05:00:00,1.215885,1.216091,1.214824,1.215031,50
2023-10-19 06:00:00,1.215031,1.215071,1.214703,1.214743,50
2023-10-19 07:00:00,1.214743,1.215390,1.214666,1.215313,50
2023-10-19 08:00:00,1.215313,1.215443,1.214883,1.215013,50
2023-10-19 09:00:00,1.215013,1.215181,1.214679,1.214848,50
2023-10-19 10:00:00,1.214848,1.215153,1.214743,1.215049,50
2023-10-19 11:00:00,1.215049,1.215284,1.214839,1.215075,50
2023-10-19 12:00:00,1.215075,1.215782,1.215065,1.215772,50
2023-10-19 13:00:00,1.215772,1.215925,1.214800,1.214952,50
2023-10-19 14:00:00,1.214952,1.215125,1.214198,1.214371,50
2023-10-19 15:00:00,1.214371,1.214565,1.213503,1.213698,50
2023-10-19 16:00:00,1.213698,1.214152,1.213614,1.214068,50
2023-10-19 17:00:00,1.214068,1.214515,1.213970,1.214416,50
2023-10-19 18:00:00,1.214416,1.214592,1.214101,1.214277,50
2023-10-19 19:00:00,1.214277,1.214399,1.214129,1.214250,50
2023-10-19 20:00:00,1.214250,1.214353,1.213719,1.213822,50
2023-10-19 21:00:00,1.213822,1.214401,1.213604,1.214183,50
2023-10-19 22:00:00,1.214183,1.214221,1.213582,1.213619,50
2023-10-19 23:00:00,1.213619,1.214676,1.213420,1.214477,50
2023-10-20 00:00:00,1.214477,1.214509,1.213692,1.213724,50
2023-10-20 01:00:00,1.213724,1.213998,1.213677,1.213951,50
2023-10-20 02:00:00,1.213951,1.214120,1.213822,1.213991,50
2023-10-20 03:00:00,1.213991,1.214072,1.213773,1.213854,50
2023-10-20 04:00:00,1.213854,1.214542,1.213806,1.214494,50
2023-10-20 05:00:00,1.214494,1.214703,1.214254,1.214463,50
2023-10-20 06:00:00,1.214463,1.215054,1.214370,1.214960,50
2023-10-20 07:00:00,1.214960,1.215520,1.214908,1.215468,50
2023-10-20 08:00:00,1.215468,1.215482,1.215028,1.215043,50
2023-10-20 09:00:00,1.215043,1.215162,1.214748,1.214867,50
2023-10-20 10:00:00,1.214867,1.215008,1.214593,1.214734,50
2023-10-20 11:00:00,1.214734,1.215419,1.214537,1.215222,50
2023-10-20 12:00:00,1.215222,1.215501,1.215197,1.215476,50
2023-10-20 13:00:00,1.215476,1.216126,1.215411,1.216061,50
2023-10-20 14:00:00,1.216061,1.216219,1.215551,1.215709,50
2023-10-20 15:00:00,1.215709,1.216647,1.215623,1.216561,50
2023-10-20 16:00:00,1.216561,1.216606,1.216092,1.216136,50
2023-10-20 17:00:00,1.216136,1.216346,1.215833,1.216042,50
2023-10-20 18:00:00,1.216042,1.216612,1.215979,1.216549,50
2023-10-20 19:00:00,1.216549,1.216706,1.215610,1.215767,50
2023-10-20 20:00:00,1.215767,1.216056,1.215645,1.215934,50
2023-10-20 21:00:00,1.215934,1.216541,1.215869,1.216475,50
2023-10-20 22:00:00,1.216475,1.216688,1.215891,1.216104,50
2023-10-20 23:00:00,1.216104,1.216227,1.215239,1.215362,50
2023-10-23 00:00:00,1.215362,1.215378,1.214893,1.214909,50
2023-10-23 01:00:00,1.214909,1.215088,1.214646,1.214826,50
2023-10-23 02:00:00,1.214826,1.215182,1.214695,1.215051,50
2023-10-23 03:00:00,1.215051,1.215341,1.214536,1.214826,50
2023-10-23 04:00:00,1.214826,1.215077,1.214462,1.214712,50
2023-10-23 05:00:00,1.214712,1.216190,1.214057,1.215535,50
2023-10-23 06:00:00,1.215535,1.216646,1.215342,1.216452,50
2023-10-23 07:00:00,1.216452,1.217174,1.215799,1.216520,50
2023-10-23 08:00:00,1.216520,1.217473,1.215979,1.216931,50
2023-10-23 09:00:00,1.216931,1.217533,1.215435,1.216037,50
2023-10-23 10:00:00,1.216037,1.216365,1.215926,1.216254,50
2023-10-23 11:00:00,1.216254,1.216468,1.215636,1.215850,50
2023-10-23 12:00:00,1.215850,1.217685,1.215382,1.217217,50
2023-10-23 13:00:00,1.217217,1.217975,1.216855,1.217613,50
2023-10-23 14:00:00,1.217613,1.218287,1.217036,1.217710,50
2023-10-23 15:00:00,1.217710,1.218133,1.217631,1.218054,50
2023-10-23 16:00:00,1.218054,1.222267,1.217413,1.221626,50
2023-10-23 17:00:00,1.221626,1.222847,1.221235,1.222456,50
2023-10-23 18:00:00,1.222456,1.222780,1.222162,1.222486,50
2023-10-23 19:00:00,1.222486,1.223637,1.222476,1.223626,50
2023-10-23 20:00:00,1.223626,1.223865,1.223190,1.223428,50
2023-10-23 21:00:00,1.223428,1.225815,1.222790,1.225177,50
2023-10-23 22:00:00,1.225177,1.225290,1.223801,1.223914,50
2023-10-23 23:00:00,1.223914,1.224394,1.223061,1.223541,50
2023-10-24 00:00:00,1.223541,1.224067,1.218764,1.219290,50
2023-10-24 01:00:00,1.219290,1.219559,1.218370,1.218639,50
2023-10-24 02:00:00,1.218639,1.220951,1.218171,1.220482,50
2023-10-24 03:00:00,1.220482,1.221398,1.219935,1.220851,50
2023-10-24 04:00:00,1.220851,1.220982,1.217791,1.217922,50
2023-10-24 05:00:00,1.217922,1.217997,1.217624,1.217699,50
2023-10-24 06:00:00,1.217699,1.218051,1.216538,1.216891,50
2023-10-24 07:00:00,1.216891,1.218769,1.216518,1.218396,50
2023-10-24 08:00:00,1.218396,1.220682,1.218343,1.220629,50
2023-10-24 09:00:00,1.220629,1.223123,1.220258,1.222752,50
2023-10-24 10:00:00,1.222752,1.222822,1.222448,1.222518,50
2023-10-24 11:00:00,1.222518,1.223063,1.219517,1.220062,50
2023-10-24 12:00:00,1.220062,1.223236,1.219850,1.223023,50
2023-10-24 13:00:00,1.223023,1.223528,1.222102,1.222607,50
2023-10-24 14:00:00,1.222607,1.222613,1.222039,1.222046,50
2023-10-24 15:00:00,1.222046,1.225234,1.221663,1.224851,50
2023-10-24 16:00:00,1.224851,1.225053,1.220463,1.220665,50
2023-10-24 17:00:00,1.220665,1.220688,1.219923,1.219946,50
2023-10-24 18:00:00,1.219946,1.220360,1.217899,1.218312,50
2023-10-24 19:00:00,1.218312,1.218845,1.215146,1.215679,50
2023-10-24 20:00:00,1.215679,1.216239,1.215330,1.215890,50
2023-10-24 21:00:00,1.215890,1.217139,1.215356,1.216606,50
2023-10-24 22:00:00,1.216606,1.219246,1.216522,1.219162,50
2023-10-24 23:00:00,1.219162,1.219456,1.216695,1.216989,50
2023-10-25 00:00:00,1.216989,1.217211,1.213397,1.213619,50
2023-10-25 01:00:00,1.213619,1.213824,1.213259,1.213464,50
2023-10-25 02:00:00,1.213464,1.214003,1.213394,1.213933,50
2023-10-25 03:00:00,1.213933,1.214067,1.213583,1.213717,50
2023-10-25 04:00:00,1.213717,1.214186,1.213471,1.213940,50
2023-10-25 05:00:00,1.213940,1.214264,1.213888,1.214212,50
2023-10-25 06:00:00,1.214212,1.214376,1.213647,1.213812,50
2023-10-25 07:00:00,1.213812,1.213979,1.213384,1.213552,50
2023-10-25 08:00:00,1.213552,1.213745,1.213447,1.213640,50
2023-10-25 09:00:00,1.213640,1.214038,1.213633,1.214032,50
2023-10-25 10:00:00,1.214032,1.214636,1.213909,1.214513,50
2023-10-25 11:00:00,1.214513,1.216071,1.214273,1.215831,50
2023-10-25 12:00:00,1.215831,1.217794,1.215617,1.217580,50
2023-10-25 13:00:00,1.217580,1.217788,1.217049,1.217257,50
2023-10-25 14:00:00,1.217257,1.217402,1.217067,1.217212,50
2023-10-25 15:00:00,1.217212,1.217378,1.216797,1.216963,50
2023-10-25 16:00:00,1.216963,1.217157,1.216792,1.216986,50
2023-10-25 17:00:00,1.216986,1.217071,1.216559,1.216644,50
2023-10-25 18:00:00,1.216644,1.217519,1.216404,1.217279,50
2023-10-25 19:00:00,1.217279,1.217482,1.215848,1.216051,50
2023-10-25 20:00:00,1.216051,1.216246,1.214892,1.215087,50
2023-10-25 21:00:00,1.215087,1.215173,1.214688,1.214774,50
2023-10-25 22:00:00,1.214774,1.214903,1.213936,1.214066,50
2023-10-25 23:00:00,1.214066,1.214130,1.213970,1.214034,50
2023-10-26 00:00:00,1.214034,1.214268,1.212222,1.212456,50
2023-10-26 01:00:00,1.212456,1.212660,1.211897,1.212102,50
2023-10-26 02:00:00,1.212102,1.214461,1.212077,1.214437,50
2023-10-26 03:00:00,1.214437,1.214625,1.213246,1.213433,50
2023-10-26 04:00:00,1.213433,1.213953,1.213384,1.213904,50
2023-10-26 05:00:00,1.213904,1.214745,1.213752,1.214593,50
2023-10-26 06:00:00,1.214593,1.214825,1.212639,1.212872,50
2023-10-26 07:00:00,1.212872,1.213014,1.211766,1.211908,50
2023-10-26 08:00:00,1.211908,1.213886,1.211894,1.213871,50
2023-10-26 09:00:00,1.213871,1.214188,1.213754,1.214070,50
2023-10-26 10:00:00,1.214070,1.214219,1.212752,1.212901,50
2023-10-26 11:00:00,1.212901,1.213891,1.212816,1.213806,50
2023-10-26 12:00:00,1.213806,1.213944,1.213512,1.213649,50
2023-10-26 13:00:00,1.213649,1.214400,1.213492,1.214243,50
2023-10-26 14:00:00,1.214243,1.214414,1.211965,1.212136,50
2023-10-26 15:00:00,1.212136,1.212344,1.210474,1.210682,50
2023-10-26 16:00:00,1.210682,1.211695,1.210525,1.211539,50
2023-10-26 17:00:00,1.211539,1.212724,1.211374,1.212560,50
2023-10-26 18:00:00,1.212560,1.212899,1.212466,1.212805,50
2023-10-26 19:00:00,1.212805,1.212927,1.211973,1.212095,50
2023-10-26 20:00:00,1.212095,1.212319,1.211105,1.211329,50
2023-10-26 21:00:00,1.211329,1.213032,1.211183,1.212886,50
2023-10-26 22:00:00,1.212886,1.213092,1.211950,1.212156,50
2023-10-26 23:00:00,1.212156,1.212352,1.211044,1.211240,50
2023-10-27 00:00:00,1.211240,1.211472,1.210925,1.211158,50
2023-10-27 01:00:00,1.211158,1.212706,1.210922,1.212470,50
2023-10-27 02:00:00,1.212470,1.212589,1.211750,1.211869,50
2023-10-27 03:00:00,1.211869,1.212097,1.211371,1.211600,50
2023-10-27 04:00:00,1.211600,1.211810,1.211111,1.211322,50
2023-10-27 05:00:00,1.211322,1.211512,1.210398,1.210589,50
2023-10-27 06:00:00,1.210589,1.210668,1.210396,1.210475,50
2023-10-27 07:00:00,1.210475,1.211262,1.210271,1.211058,50
2023-10-27 08:00:00,1.211058,1.211302,1.210680,1.210923,50
2023-10-27 09:00:00,1.210923,1.212682,1.210623,1.212381,50
2023-10-27 10:00:00,1.212381,1.214035,1.212292,1.213946,50
2023-10-27 11:00:00,1.213946,1.214840,1.213799,1.214693,50
2023-10-27 12:00:00,1.214693,1.215039,1.214461,1.214807,50
2023-10-27 13:00:00,1.214807,1.215800,1.214802,1.215794,50
2023-10-27 14:00:00,1.215794,1.215983,1.215643,1.215832,50
2023-10-27 15:00:00,1.215832,1.216136,1.215062,1.215366,50
2023-10-27 16:00:00,1.215366,1.215561,1.214415,1.214610,50
2023-10-27 17:00:00,1.214610,1.214924,1.214118,1.214432,50
2023-10-27 18:00:00,1.214432,1.214730,1.213798,1.214096,50
2023-10-27 19:00:00,1.214096,1.214400,1.213350,1.213653,50
2023-10-27 20:00:00,1.213653,1.214214,1.213593,1.214153,50
2023-10-27 21:00:00,1.214153,1.214449,1.212919,1.213215,50
2023-10-27 22:00:00,1.213215,1.213451,1.212351,1.212586,50
2023-10-27 23:00:00,1.212586,1.215227,1.212426,1.215067,50
2023-10-30 00:00:00,1.215067,1.215236,1.213470,1.213639,50
2023-10-30 01:00:00,1.213639,1.215073,1.213540,1.214974,50
2023-10-30 02:00:00,1.214974,1.215207,1.214871,1.215104,50
2023-10-30 03:00:00,1.215104,1.215523,1.214946,1.215365,50
2023-10-30 04:00:00,1.215365,1.216252,1.215151,1.216038,50
2023-10-30 05:00:00,1.216038,1.216114,1.214683,1.214759,50
2023-10-30 06:00:00,1.214759,1.215342,1.214668,1.215251,50
2023-10-30 07:00:00,1.215251,1.215456,1.213416,1.213621,50
2023-10-30 08:00:00,1.213621,1.213816,1.213344,1.213539,50
2023-10-30 09:00:00,1.213539,1.214783,1.213376,1.214620,50
2023-10-30 10:00:00,1.214620,1.214801,1.214486,1.214666,50
2023-10-30 11:00:00,1.214666,1.215444,1.214555,1.215333,50
2023-10-30 12:00:00,1.215333,1.215495,1.215133,1.215295,50
2023-10-30 13:00:00,1.215295,1.216055,1.215090,1.215850,50
2023-10-30 14:00:00,1.215850,1.216660,1.215762,1.216572,50
2023-10-30 15:00:00,1.216572,1.216982,1.216563,1.216974,50
2023-10-30 16:00:00,1.216974,1.217113,1.216370,1.216509,50
2023-10-30 17:00:00,1.216509,1.216580,1.215331,1.215402,50
2023-10-30 18:00:00,1.215402,1.217404,1.215184,1.217186,50
2023-10-30 19:00:00,1.217186,1.217378,1.216805,1.216997,50
2023-10-30 20:00:00,1.216997,1.217187,1.215134,1.215324,50
2023-10-30 21:00:00,1.215324,1.215495,1.214676,1.214846,50
2023-10-30 22:00:00,1.214846,1.215918,1.214793,1.215865,50
2023-10-30 23:00:00,1.215865,1.215923,1.215600,1.215658,50
2023-10-31 00:00:00,1.215658,1.216454,1.215575,1.216371,50
2023-10-31 01:00:00,1.216371,1.216468,1.215714,1.215811,50
2023-10-31 02:00:00,1.215811,1.216427,1.215651,1.216267,50
2023-10-31 03:00:00,1.216267,1.216473,1.215965,1.216171,50
2023-10-31 04:00:00,1.216171,1.216525,1.215995,1.216349,50
2023-10-31 05:00:00,1.216349,1.216469,1.215923,1.216043,50
2023-10-31 06:00:00,1.216043,1.216238,1.215209,1.215403,50
2023-10-31 07:00:00,1.215403,1.215451,1.215331,1.215379,50
2023-10-31 08:00:00,1.215379,1.215441,1.214506,1.214567,50
2023-10-31 09:00:00,1.214567,1.214955,1.214508,1.214896,50
2023-10-31 10:00:00,1.214896,1.214929,1.214654,1.214687,50
2023-10-31 11:00:00,1.214687,1.214753,1.214246,1.214313,50
2023-10-31 12:00:00,1.214313,1.214815,1.214122,1.214625,50
2023-10-31 13:00:00,1.214625,1.214824,1.214519,1.214718,50
2023-10-31 14:00:00,1.214718,1.214823,1.213801,1.213905,50
2023-10-31 15:00:00,1.213905,1.214313,1.213732,1.214139,50
2023-10-31 16:00:00,1.214139,1.215080,1.213994,1.214935,50
2023-10-31 17:00:00,1.214935,1.215014,1.214928,1.215007,50
2023-10-31 18:00:00,1.215007,1.215164,1.214326,1.214483,50
2023-10-31 19:00:00,1.214483,1.214512,1.214478,1.214506,50
2023-10-31 20:00:00,1.214506,1.214527,1.213539,1.213559,50
2023-10-31 21:00:00,1.213559,1.213743,1.212955,1.213138,50
2023-10-31 22:00:00,1.213138,1.213264,1.212606,1.212731,50
2023-10-31 23:00:00,1.212731,1.213561,1.212615,1.213445,50
2023-11-01 00:00:00,1.213445,1.214810,1.213378,1.214742,50
2023-11-01 01:00:00,1.214742,1.214948,1.213168,1.213373,50
2023-11-01 02:00:00,1.213373,1.214925,1.213344,1.214896,50
2023-11-01 03:00:00,1.214896,1.214969,1.214486,1.214559,50
2023-11-01 04:00:00,1.214559,1.214738,1.213487,1.213666,50
2023-11-01 05:00:00,1.213666,1.214286,1.213484,1.214104,50
2023-11-01 06:00:00,1.214104,1.214515,1.213894,1.214305,50
2023-11-01 07:00:00,1.214305,1.214343,1.213111,1.213149,50
2023-11-01 08:00:00,1.213149,1.213735,1.213087,1.213673,50
2023-11-01 09:00:00,1.213673,1.214274,1.213664,1.214265,50
2023-11-01 10:00:00,1.214265,1.214478,1.214049,1.214263,50
2023-11-01 11:00:00,1.214263,1.214311,1.214186,1.214233,50
2023-11-01 12:00:00,1.214233,1.214444,1.213473,1.213684,50
2023-11-01 13:00:00,1.213684,1.213856,1.213430,1.213602,50
2023-11-01 14:00:00,1.213602,1.213750,1.212695,1.212844,50
2023-11-01 15:00:00,1.212844,1.212859,1.212135,1.212151,50
2023-11-01 16:00:00,1.212151,1.213044,1.212059,1.212952,50
2023-11-01 17:00:00,1.212952,1.213035,1.212399,1.212482,50
2023-11-01 18:00:00,1.212482,1.212645,1.211427,1.211590,50
2023-11-01 19:00:00,1.211590,1.212323,1.211402,1.212135,50
2023-11-01 20:00:00,1.212135,1.212145,1.211529,1.211539,50
2023-11-01 21:00:00,1.211539,1.211717,1.211080,1.211258,50
2023-11-01 22:00:00,1.211258,1.212293,1.211046,1.212081,50
2023-11-01 23:00:00,1.212081,1.212756,1.212034,1.212709,50
2023-11-02 00:00:00,1.212709,1.213445,1.212511,1.213247,50
2023-11-02 01:00:00,1.213247,1.214916,1.213007,1.214676,50
2023-11-02 02:00:00,1.214676,1.216339,1.214614,1.216277,50
2023-11-02 03:00:00,1.216277,1.216859,1.216172,1.216754,50
2023-11-02 04:00:00,1.216754,1.218378,1.216386,1.218010,50
2023-11-02 05:00:00,1.218010,1.218151,1.215241,1.215382,50
2023-11-02 06:00:00,1.215382,1.215487,1.215139,1.215243,50
2023-11-02 07:00:00,1.215243,1.218737,1.214872,1.218366,50
2023-11-02 08:00:00,1.218366,1.218504,1.216868,1.217006,50
2023-11-02 09:00:00,1.217006,1.218709,1.216676,1.218379,50
2023-11-02 10:00:00,1.218379,1.218568,1.216313,1.216502,50
2023-11-02 11:00:00,1.216502,1.216583,1.215209,1.215290,50
2023-11-02 12:00:00,1.215290,1.216798,1.214986,1.216494,50
2023-11-02 13:00:00,1.216494,1.217480,1.216396,1.217381,50
2023-11-02 14:00:00,1.217381,1.217432,1.214306,1.214357,50
2023-11-02 15:00:00,1.214357,1.216481,1.214021,1.216145,50
2023-11-02 16:00:00,1.216145,1.217421,1.216133,1.217408,50
2023-11-02 17:00:00,1.217408,1.217530,1.216061,1.216182,50
2023-11-02 18:00:00,1.216182,1.216211,1.214722,1.214750,50
2023-11-02 19:00:00,1.214750,1.215034,1.214250,1.214534,50
2023-11-02 20:00:00,1.214534,1.215576,1.214179,1.215222,50
2023-11-02 21:00:00,1.215222,1.215440,1.214723,1.214941,50
2023-11-02 22:00:00,1.214941,1.215072,1.214251,1.214382,50
2023-11-02 23:00:00,1.214382,1.217722,1.214094,1.217434,50
2023-11-03 00:00:00,1.217434,1.224648,1.217359,1.224573,50
2023-11-03 01:00:00,1.224573,1.225532,1.215896,1.216856,50
2023-11-03 02:00:00,1.216856,1.217177,1.213105,1.213426,50
2023-11-03 03:00:00,1.213426,1.222635,1.212302,1.221510,50
2023-11-03 04:00:00,1.221510,1.222142,1.216473,1.217105,50
2023-11-03 05:00:00,1.217105,1.228172,1.216536,1.227603,50
2023-11-03 06:00:00,1.227603,1.235163,1.226045,1.233605,50
2023-11-03 07:00:00,1.233605,1.234242,1.232879,1.233516,50
2023-11-03 08:00:00,1.233516,1.233527,1.226932,1.226943,50
2023-11-03 09:00:00,1.226943,1.227317,1.215887,1.216262,50
2023-11-03 10:00:00,1.216262,1.233236,1.215352,1.232326,50
2023-11-03 11:00:00,1.232326,1.238327,1.231048,1.237048,50
2023-11-03 12:00:00,1.237048,1.237504,1.232083,1.232539,50
2023-11-03 13:00:00,1.232539,1.237136,1.230899,1.235497,50
2023-11-03 14:00:00,1.235497,1.241252,1.235050,1.240806,50
2023-11-03 15:00:00,1.240806,1.242180,1.232042,1.233416,50
2023-11-03 16:00:00,1.233416,1.234867,1.229969,1.231420,50
2023-11-03 17:00:00,1.231420,1.242756,1.230142,1.241478,50
2023-11-03 18:00:00,1.241478,1.242741,1.235205,1.236468,50
2023-11-03 19:00:00,1.236468,1.236849,1.234425,1.234806,50
2023-11-03 20:00:00,1.234806,1.235943,1.225714,1.226851,50
2023-11-03 21:00:00,1.226851,1.232859,1.226068,1.232076,50
2023-11-03 22:00:00,1.232076,1.232918,1.228534,1.229376,50
2023-11-03 23:00:00,1.229376,1.237740,1.229106,1.237471,50
2023-11-06 00:00:00,1.237471,1.237789,1.237351,1.237669,50
2023-11-06 01:00:00,1.237669,1.237736,1.237415,1.237482,50
2023-11-06 02:00:00,1.237482,1.237638,1.236982,1.237137,50
2023-11-06 03:00:00,1.237137,1.237234,1.236359,1.236455,50
2023-11-06 04:00:00,1.236455,1.236692,1.236453,1.236689,50
2023-11-06 05:00:00,1.236689,1.237543,1.236485,1.237339,50
2023-11-06 06:00:00,1.237339,1.237479,1.237001,1.237141,50
2023-11-06 07:00:00,1.237141,1.237235,1.236916,1.237010,50
2023-11-06 08:00:00,1.237010,1.237336,1.236980,1.237306,50
2023-11-06 09:00:00,1.237306,1.237491,1.237063,1.237248,50
2023-11-06 10:00:00,1.237248,1.237708,1.237028,1.237487,50
2023-11-06 11:00:00,1.237487,1.237600,1.236549,1.236662,50
2023-11-06 12:00:00,1.236662,1.237613,1.236610,1.237560,50
2023-11-06 13:00:00,1.237560,1.237905,1.237378,1.237724,50
2023-11-06 14:00:00,1.237724,1.237804,1.237425,1.237505,50
2023-11-06 15:00:00,1.237505,1.238081,1.237343,1.237920,50
2023-11-06 16:00:00,1.237920,1.239467,1.237725,1.239272,50
2023-11-06 17:00:00,1.239272,1.240356,1.239089,1.240173,50
2023-11-06 18:00:00,1.240173,1.240209,1.239877,1.239913,50
2023-11-06 19:00:00,1.239913,1.239988,1.239496,1.239571,50
2023-11-06 20:00:00,1.239571,1.239760,1.238538,1.238726,50
2023-11-06 21:00:00,1.238726,1.238753,1.238123,1.238149,50
2023-11-06 22:00:00,1.238149,1.238202,1.237034,1.237087,50
2023-11-06 23:00:00,1.237087,1.239161,1.237083,1.239157,50
2023-11-07 00:00:00,1.239157,1.239900,1.234659,1.235402,50
2023-11-07 01:00:00,1.235402,1.239753,1.234940,1.239291,50
2023-11-07 02:00:00,1.239291,1.239675,1.237926,1.238310,50
2023-11-07 03:00:00,1.238310,1.239863,1.238233,1.239786,50
2023-11-07 04:00:00,1.239786,1.239860,1.238733,1.238807,50
2023-11-07 05:00:00,1.238807,1.239059,1.238205,1.238457,50
2023-11-07 06:00:00,1.238457,1.238610,1.234719,1.234872,50
2023-11-07 07:00:00,1.234872,1.235426,1.230586,1.231139,50
2023-11-07 08:00:00,1.231139,1.236227,1.230914,1.236002,50
2023-11-07 09:00:00,1.236002,1.236309,1.235707,1.236013,50
2023-11-07 10:00:00,1.236013,1.236470,1.228814,1.229270,50
2023-11-07 11:00:00,1.229270,1.229662,1.228048,1.228441,50
2023-11-07 12:00:00,1.228441,1.231654,1.227757,1.230970,50
2023-11-07 13:00:00,1.230970,1.231457,1.227151,1.227639,50
2023-11-07 14:00:00,1.227639,1.234023,1.227461,1.233846,50
2023-11-07 15:00:00,1.233846,1.235101,1.233589,1.234844,50
2023-11-07 16:00:00,1.234844,1.240013,1.234063,1.239232,50
2023-11-07 17:00:00,1.239232,1.241284,1.239025,1.241077,50
2023-11-07 18:00:00,1.241077,1.241325,1.235589,1.235836,50
2023-11-07 19:00:00,1.235836,1.236348,1.229827,1.230338,50
2023-11-07 20:00:00,1.230338,1.232740,1.229848,1.232249,50
2023-11-07 21:00:00,1.232249,1.232360,1.228481,1.228592,50
2023-11-07 22:00:00,1.228592,1.231360,1.228464,1.231232,50
2023-11-07 23:00:00,1.231232,1.231780,1.229010,1.229559,50
2023-11-08 00:00:00,1.229559,1.230118,1.229480,1.230040,50
2023-11-08 01:00:00,1.230040,1.230226,1.228832,1.229019,50
2023-11-08 02:00:00,1.229019,1.229084,1.228357,1.228422,50
2023-11-08 03:00:00,1.228422,1.229865,1.228288,1.229731,50
2023-11-08 04:00:00,1.229731,1.230482,1.229710,1.230461,50
2023-11-08 05:00:00,1.230461,1.230508,1.229305,1.229351,50
2023-11-08 06:00:00,1.229351,1.229941,1.229204,1.229794,50
2023-11-08 07:00:00,1.229794,1.229960,1.228120,1.228286,50
2023-11-08 08:00:00,1.228286,1.228339,1.227964,1.228016,50
2023-11-08 09:00:00,1.228016,1.229922,1.227803,1.229710,50
2023-11-08 10:00:00,1.229710,1.229746,1.229525,1.229562,50
2023-11-08 11:00:00,1.229562,1.229768,1.228783,1.228990,50
2023-11-08 12:00:00,1.228990,1.229311,1.228961,1.229283,50
2023-11-08 13:00:00,1.229283,1.229824,1.229170,1.229712,50
2023-11-08 14:00:00,1.229712,1.230383,1.229578,1.230250,50
2023-11-08 15:00:00,1.230250,1.230323,1.230047,1.230121,50
2023-11-08 16:00:00,1.230121,1.231789,1.230039,1.231706,50
2023-11-08 17:00:00,1.231706,1.231838,1.230142,1.230273,50
2023-11-08 18:00:00,1.230273,1.230381,1.229805,1.229913,50
2023-11-08 19:00:00,1.229913,1.230121,1.229591,1.229799,50
2023-11-08 20:00:00,1.229799,1.229896,1.228492,1.228589,50
2023-11-08 21:00:00,1.228589,1.230162,1.228462,1.230035,50
2023-11-08 22:00:00,1.230035,1.230943,1.229908,1.230816,50
2023-11-08 23:00:00,1.230816,1.230850,1.230130,1.230164,50
2023-11-09 00:00:00,1.230164,1.230344,1.228567,1.228748,50
2023-11-09 01:00:00,1.228748,1.228856,1.228096,1.228205,50
2023-11-09 02:00:00,1.228205,1.228314,1.228094,1.228203,50
2023-11-09 03:00:00,1.228203,1.229859,1.228006,1.229662,50
2023-11-09 04:00:00,1.229662,1.229850,1.228804,1.228992,50
2023-11-09 05:00:00,1.228992,1.229137,1.228968,1.229114,50
2023-11-09 06:00:00,1.229114,1.229445,1.229062,1.229393,50
2023-11-09 07:00:00,1.229393,1.229578,1.227997,1.228182,50
2023-11-09 08:00:00,1.228182,1.228229,1.227533,1.227580,50
2023-11-09 09:00:00,1.227580,1.227733,1.227166,1.227320,50
2023-11-09 10:00:00,1.227320,1.228941,1.227181,1.228802,50
2023-11-09 11:00:00,1.228802,1.230791,1.228614,1.230602,50
2023-11-09 12:00:00,1.230602,1.230851,1.230423,1.230672,50
2023-11-09 13:00:00,1.230672,1.230786,1.230501,1.230616,50
2023-11-09 14:00:00,1.230616,1.230790,1.229385,1.229559,50
2023-11-09 15:00:00,1.229559,1.229593,1.229091,1.229125,50
2023-11-09 16:00:00,1.229125,1.229163,1.228615,1.228652,50
2023-11-09 17:00:00,1.228652,1.228958,1.228542,1.228848,50
2023-11-09 18:00:00,1.228848,1.229013,1.228715,1.228880,50
2023-11-09 19:00:00,1.228880,1.229043,1.227962,1.228126,50
2023-11-09 20:00:00,1.228126,1.228320,1.226994,1.227189,50
2023-11-09 21:00:00,1.227189,1.228898,1.227065,1.228774,50
2023-11-09 22:00:00,1.228774,1.228843,1.228306,1.228375,50
2023-11-09 23:00:00,1.228375,1.228520,1.227753,1.227898,50
2023-11-13 00:00:00,1.227898,1.228732,1.227764,1.228599,50
2023-11-13 01:00:00,1.228599,1.229374,1.228436,1.229211,50
2023-11-13 02:00:00,1.229211,1.229221,1.228265,1.228275,50
2023-11-13 03:00:00,1.228275,1.228312,1.227728,1.227766,50
2023-11-13 04:00:00,1.227766,1.228151,1.227696,1.228082,50
2023-11-13 05:00:00,1.228082,1.228278,1.226893,1.227089,50
2023-11-13 06:00:00,1.227089,1.227525,1.226923,1.227359,50
2023-11-13 07:00:00,1.227359,1.227810,1.227250,1.227701,50
2023-11-13 08:00:00,1.227701,1.227772,1.227113,1.227185,50
2023-11-13 09:00:00,1.227185,1.228015,1.227105,1.227936,50
2023-11-13 10:00:00,1.227936,1.228338,1.227838,1.228240,50
2023-11-13 11:00:00,1.228240,1.228338,1.227025,1.227122,50
2023-11-13 12:00:00,1.227122,1.227326,1.226230,1.226434,50
2023-11-13 13:00:00,1.226434,1.227176,1.226365,1.227107,50
2023-11-13 14:00:00,1.227107,1.227161,1.227091,1.227145,50
2023-11-13 15:00:00,1.227145,1.227285,1.225848,1.225988,50
2023-11-13 16:00:00,1.225988,1.227758,1.225816,1.227586,50
2023-11-13 17:00:00,1.227586,1.227588,1.226892,1.226893,50
2023-11-13 18:00:00,1.226893,1.226961,1.226411,1.226479,50
2023-11-13 19:00:00,1.226479,1.226689,1.225324,1.225535,50
2023-11-13 20:00:00,1.225535,1.225702,1.225363,1.225530,50
2023-11-13 21:00:00,1.225530,1.225936,1.225387,1.225793,50
2023-11-13 22:00:00,1.225793,1.226004,1.225632,1.225844,50
2023-11-13 23:00:00,1.225844,1.227040,1.225647,1.226843,50
2023-11-14 00:00:00,1.226843,1.229023,1.225060,1.227240,50
2023-11-14 01:00:00,1.227240,1.227950,1.226044,1.226754,50
2023-11-14 02:00:00,1.226754,1.229073,1.226589,1.228908,50
2023-11-14 03:00:00,1.228908,1.234955,1.227245,1.233292,50
2023-11-14 04:00:00,1.233292,1.240725,1.233018,1.240451,50
2023-11-14 05:00:00,1.240451,1.244411,1.238976,1.242935,50
2023-11-14 06:00:00,1.242935,1.244564,1.240266,1.241894,50
2023-11-14 07:00:00,1.241894,1.244066,1.241508,1.243679,50
2023-11-14 08:00:00,1.243679,1.244658,1.241807,1.242786,50
2023-11-14 09:00:00,1.242786,1.246839,1.241022,1.245075,50
2023-11-14 10:00:00,1.245075,1.253954,1.243693,1.252572,50
2023-11-14 11:00:00,1.252572,1.253732,1.247316,1.248476,50
2023-11-14 12:00:00,1.248476,1.250123,1.238961,1.240608,50
2023-11-14 13:00:00,1.240608,1.241754,1.232852,1.233997,50
2023-11-14 14:00:00,1.233997,1.238859,1.232428,1.237290,50
2023-11-14 15:00:00,1.237290,1.237663,1.232613,1.232986,50
2023-11-14 16:00:00,1.232986,1.235641,1.231522,1.234177,50
2023-11-14 17:00:00,1.234177,1.235772,1.230032,1.231626,50
2023-11-14 18:00:00,1.231626,1.232819,1.231376,1.232569,50
2023-11-14 19:00:00,1.232569,1.238771,1.232033,1.238235,50
2023-11-14 20:00:00,1.238235,1.239419,1.234136,1.235320,50
2023-11-14 21:00:00,1.235320,1.242063,1.233597,1.240339,50
2023-11-14 22:00:00,1.240339,1.240538,1.232408,1.232606,50
2023-11-14 23:00:00,1.232606,1.249824,1.231066,1.248284,50
2023-11-15 00:00:00,1.248284,1.248311,1.246371,1.246399,50
2023-11-15 01:00:00,1.246399,1.246592,1.246012,1.246205,50
2023-11-15 02:00:00,1.246205,1.246626,1.244739,1.245160,50
2023-11-15 03:00:00,1.245160,1.245247,1.243608,1.243695,50
2023-11-15 04:00:00,1.243695,1.243955,1.241879,1.242138,50
2023-11-15 05:00:00,1.242138,1.244083,1.241894,1.243839,50
2023-11-15 06:00:00,1.243839,1.244221,1.243146,1.243527,50
2023-11-15 07:00:00,1.243527,1.245896,1.243234,1.245603,50
2023-11-15 08:00:00,1.245603,1.249388,1.245523,1.249308,50
2023-11-15 09:00:00,1.249308,1.249629,1.247418,1.247739,50
2023-11-15 10:00:00,1.247739,1.248330,1.247543,1.248134,50
2023-11-15 11:00:00,1.248134,1.248468,1.246930,1.247264,50
2023-11-15 12:00:00,1.247264,1.247526,1.247068,1.247330,50
2023-11-15 13:00:00,1.247330,1.247517,1.246822,1.247010,50
2023-11-15 14:00:00,1.247010,1.247438,1.246861,1.247290,50
2023-11-15 15:00:00,1.247290,1.248381,1.246996,1.248088,50
2023-11-15 16:00:00,1.248088,1.248899,1.247712,1.248524,50
2023-11-15 17:00:00,1.248524,1.248619,1.246589,1.246683,50
2023-11-15 18:00:00,1.246683,1.249228,1.246379,1.248924,50
2023-11-15 19:00:00,1.248924,1.248975,1.248460,1.248511,50
2023-11-15 20:00:00,1.248511,1.248778,1.245913,1.246180,50
2023-11-15 21:00:00,1.246180,1.246373,1.245044,1.245237,50
2023-11-15 22:00:00,1.245237,1.245452,1.245114,1.245329,50
2023-11-15 23:00:00,1.245329,1.245570,1.242921,1.243163,50
2023-11-16 00:00:00,1.243163,1.243246,1.242342,1.242426,50
2023-11-16 01:00:00,1.242426,1.243461,1.242318,1.243353,50
2023-11-16 02:00:00,1.243353,1.243561,1.243221,1.243429,50
2023-11-16 03:00:00,1.243429,1.244628,1.243364,1.244563,50
2023-11-16 04:00:00,1.244563,1.244567,1.244242,1.244246,50
2023-11-16 05:00:00,1.244246,1.244310,1.244005,1.244068,50
2023-11-16 06:00:00,1.244068,1.244581,1.244027,1.244540,50
2023-11-16 07:00:00,1.244540,1.244633,1.243746,1.243840,50
2023-11-16 08:00:00,1.243840,1.243945,1.242939,1.243045,50
2023-11-16 09:00:00,1.243045,1.243259,1.242742,1.242957,50
2023-11-16 10:00:00,1.242957,1.243026,1.242149,1.242219,50
2023-11-16 11:00:00,1.242219,1.242321,1.241030,1.241132,50
2023-11-16 12:00:00,1.241132,1.241887,1.241100,1.241856,50
2023-11-16 13:00:00,1.241856,1.241865,1.240827,1.240836,50
2023-11-16 14:00:00,1.240836,1.241482,1.240732,1.241378,50
2023-11-16 15:00:00,1.241378,1.241433,1.241077,1.241132,50
2023-11-16 16:00:00,1.241132,1.241676,1.241011,1.241554,50
2023-11-16 17:00:00,1.241554,1.242245,1.241453,1.242144,50
2023-11-16 18:00:00,1.242144,1.242241,1.241434,1.241531,50
2023-11-16 19:00:00,1.241531,1.242401,1.241395,1.242265,50
2023-11-16 20:00:00,1.242265,1.242448,1.241908,1.242091,50
2023-11-16 21:00:00,1.242091,1.242246,1.241536,1.241692,50
2023-11-16 22:00:00,1.241692,1.241829,1.240984,1.241121,50
2023-11-16 23:00:00,1.241121,1.242317,1.241040,1.242236,50
2023-11-17 00:00:00,1.242236,1.242365,1.241879,1.242008,50
2023-11-17 01:00:00,1.242008,1.242218,1.241208,1.241418,50
2023-11-17 02:00:00,1.241418,1.241555,1.240768,1.240905,50
2023-11-17 03:00:00,1.240905,1.240994,1.240668,1.240758,50
2023-11-17 04:00:00,1.240758,1.241265,1.240541,1.241048,50
2023-11-17 05:00:00,1.241048,1.241645,1.240910,1.241507,50
2023-11-17 06:00:00,1.241507,1.241711,1.241124,1.241327,50
2023-11-17 07:00:00,1.241327,1.242732,1.241173,1.242578,50
2023-11-17 08:00:00,1.242578,1.242773,1.240824,1.241020,50
2023-11-17 09:00:00,1.241020,1.241187,1.240710,1.240877,50
2023-11-17 10:00:00,1.240877,1.241062,1.240856,1.241041,50
2023-11-17 11:00:00,1.241041,1.241262,1.240794,1.241014,50
2023-11-17 12:00:00,1.241014,1.241778,1.240817,1.241582,50
2023-11-17 13:00:00,1.241582,1.241710,1.240965,1.241093,50
2023-11-17 14:00:00,1.241093,1.242249,1.240895,1.242051,50
2023-11-17 15:00:00,1.242051,1.242597,1.241882,1.242428,50
2023-11-17 16:00:00,1.242428,1.242640,1.241167,1.241380,50
2023-11-17 17:00:00,1.241380,1.242358,1.241297,1.242275,50
2023-11-17 18:00:00,1.242275,1.242761,1.242240,1.242726,50
2023-11-17 19:00:00,1.242726,1.244189,1.242510,1.243973,50
2023-11-17 20:00:00,1.243973,1.244441,1.243786,1.244254,50
2023-11-17 21:00:00,1.244254,1.244301,1.243860,1.243907,50
2023-11-17 22:00:00,1.243907,1.244530,1.243864,1.244487,50
2023-11-17 23:00:00,1.244487,1.244670,1.242824,1.243008,50
2023-11-20 00:00:00,1.243008,1.243228,1.241296,1.241516,50
2023-11-20 01:00:00,1.241516,1.246080,1.241032,1.245596,50
2023-11-20 02:00:00,1.245596,1.247910,1.245182,1.247496,50
2023-11-20 03:00:00,1.247496,1.248949,1.246950,1.248402,50
2023-11-20 04:00:00,1.248402,1.249347,1.247845,1.248791,50
2023-11-20 05:00:00,1.248791,1.249224,1.247040,1.247473,50
2023-11-20 06:00:00,1.247473,1.249106,1.247356,1.248988,50
2023-11-20 07:00:00,1.248988,1.249526,1.245781,1.246319,50
2023-11-20 08:00:00,1.246319,1.246376,1.244259,1.244316,50
2023-11-20 09:00:00,1.244316,1.246718,1.244192,1.246593,50
2023-11-20 10:00:00,1.246593,1.248656,1.245999,1.248061,50
2023-11-20 11:00:00,1.248061,1.248516,1.245769,1.246223,50
2023-11-20 12:00:00,1.246223,1.250629,1.245899,1.250304,50
2023-11-20 13:00:00,1.250304,1.252463,1.249802,1.251961,50
2023-11-20 14:00:00,1.251961,1.252037,1.249278,1.249354,50
2023-11-20 15:00:00,1.249354,1.251910,1.248978,1.251534,50
2023-11-20 16:00:00,1.251534,1.251741,1.250943,1.251149,50
2023-11-20 17:00:00,1.251149,1.251351,1.247949,1.248151,50
2023-11-20 18:00:00,1.248151,1.248884,1.247652,1.248385,50
2023-11-20 19:00:00,1.248385,1.249160,1.248244,1.249019,50
2023-11-20 20:00:00,1.249019,1.250184,1.249002,1.250167,50
2023-11-20 21:00:00,1.250167,1.250334,1.248485,1.248652,50
2023-11-20 22:00:00,1.248652,1.249149,1.247055,1.247552,50
2023-11-20 23:00:00,1.247552,1.250724,1.247297,1.250469,50
2023-11-21 00:00:00,1.250469,1.250574,1.250227,1.250332,50
2023-11-21 01:00:00,1.250332,1.250354,1.249899,1.249921,50
2023-11-21 02:00:00,1.249921,1.250071,1.249598,1.249748,50
2023-11-21 03:00:00,1.249748,1.251895,1.249567,1.251714,50
2023-11-21 04:00:00,1.251714,1.252216,1.251508,1.252010,50
2023-11-21 05:00:00,1.252010,1.252013,1.251373,1.251376,50
2023-11-21 06:00:00,1.251376,1.251470,1.251202,1.251295,50
2023-11-21 07:00:00,1.251295,1.252033,1.251031,1.251769,50
2023-11-21 08:00:00,1.251769,1.252547,1.251561,1.252339,50
2023-11-21 09:00:00,1.252339,1.252360,1.252268,1.252289,50
2023-11-21 10:00:00,1.252289,1.252712,1.251992,1.252416,50
2023-11-21 11:00:00,1.252416,1.252571,1.252112,1.252267,50
2023-11-21 12:00:00,1.252267,1.252677,1.251997,1.252406,50
2023-11-21 13:00:00,1.252406,1.253204,1.252160,1.252958,50
2023-11-21 14:00:00,1.252958,1.254548,1.252916,1.254506,50
2023-11-21 15:00:00,1.254506,1.254629,1.253689,1.253811,50
2023-11-21 16:00:00,1.253811,1.253979,1.252794,1.252962,50
2023-11-21 17:00:00,1.252962,1.253208,1.252628,1.252874,50
2023-11-21 18:00:00,1.252874,1.255095,1.252576,1.254797,50
2023-11-21 19:00:00,1.254797,1.255019,1.253692,1.253914,50
2023-11-21 20:00:00,1.253914,1.254007,1.253879,1.253972,50
2023-11-21 21:00:00,1.253972,1.254121,1.251463,1.251612,50
2023-11-21 22:00:00,1.251612,1.252085,1.251471,1.251944,50
2023-11-21 23:00:00,1.251944,1.254220,1.251800,1.254076,50
2023-11-22 00:00:00,1.254076,1.254361,1.244972,1.245258,50
2023-11-22 01:00:00,1.245258,1.247617,1.244861,1.247220,50
2023-11-22 02:00:00,1.247220,1.247395,1.246956,1.247131,50
2023-11-22 03:00:00,1.247131,1.247594,1.246244,1.246708,50
2023-11-22 04:00:00,1.246708,1.249053,1.246376,1.248721,50
2023-11-22 05:00:00,1.248721,1.249332,1.247779,1.248390,50
2023-11-22 06:00:00,1.248390,1.249898,1.247838,1.249345,50
2023-11-22 07:00:00,1.249345,1.250300,1.249306,1.250261,50
2023-11-22 08:00:00,1.250261,1.252328,1.250004,1.252071,50
2023-11-22 09:00:00,1.252071,1.253182,1.251992,1.253103,50
2023-11-22 10:00:00,1.253103,1.253351,1.252535,1.252783,50
2023-11-22 11:00:00,1.252783,1.253215,1.251199,1.251631,50
2023-11-22 12:00:00,1.251631,1.252811,1.251073,1.252253,50
2023-11-22 13:00:00,1.252253,1.255348,1.252050,1.255144,50
2023-11-22 14:00:00,1.255144,1.255516,1.255027,1.255399,50
2023-11-22 15:00:00,1.255399,1.255489,1.254623,1.254713,50
2023-11-22 16:00:00,1.254713,1.254745,1.253887,1.253920,50
2023-11-22 17:00:00,1.253920,1.256037,1.253428,1.255545,50
2023-11-22 18:00:00,1.255545,1.255567,1.254140,1.254162,50
2023-11-22 19:00:00,1.254162,1.254220,1.252935,1.252993,50
2023-11-22 20:00:00,1.252993,1.252995,1.251935,1.251937,50
2023-11-22 21:00:00,1.251937,1.252162,1.250179,1.250404,50
2023-11-22 22:00:00,1.250404,1.250931,1.249165,1.249692,50
2023-11-22 23:00:00,1.249692,1.249981,1.246438,1.246727,50
2023-11-24 00:00:00,1.246727,1.250388,1.245736,1.249396,50
2023-11-24 01:00:00,1.249396,1.252999,1.248895,1.252497,50
2023-11-24 02:00:00,1.252497,1.253023,1.245446,1.245973,50
2023-11-24 03:00:00,1.245973,1.246213,1.244037,1.244277,50
2023-11-24 04:00:00,1.244277,1.246716,1.243699,1.246139,50
2023-11-24 05:00:00,1.246139,1.251302,1.245044,1.250208,50
2023-11-24 06:00:00,1.250208,1.254409,1.249476,1.253677,50
2023-11-24 07:00:00,1.253677,1.254335,1.252076,1.252733,50
2023-11-24 08:00:00,1.252733,1.256000,1.252317,1.255584,50
2023-11-24 09:00:00,1.255584,1.256372,1.251331,1.252119,50
2023-11-24 10:00:00,1.252119,1.257125,1.251690,1.256695,50
2023-11-24 11:00:00,1.256695,1.256878,1.252665,1.252848,50
2023-11-24 12:00:00,1.252848,1.253117,1.248366,1.248635,50
2023-11-24 13:00:00,1.248635,1.249360,1.245457,1.246181,50
2023-11-24 14:00:00,1.246181,1.246817,1.243420,1.244057,50
2023-11-24 15:00:00,1.244057,1.247720,1.243209,1.246873,50
2023-11-24 16:00:00,1.246873,1.252727,1.246213,1.252067,50
2023-11-24 17:00:00,1.252067,1.252782,1.247614,1.248329,50
2023-11-24 18:00:00,1.248329,1.248695,1.245724,1.246090,50
2023-11-24 19:00:00,1.246090,1.249995,1.245705,1.249610,50
2023-11-24 20:00:00,1.249610,1.255350,1.248925,1.254665,50
2023-11-24 21:00:00,1.254665,1.262989,1.254428,1.262751,50
2023-11-24 22:00:00,1.262751,1.263201,1.260460,1.260910,50
2023-11-24 23:00:00,1.260910,1.261709,1.259281,1.260081,50
2023-11-27 00:00:00,1.260081,1.260256,1.260015,1.260190,50
2023-11-27 01:00:00,1.260190,1.260203,1.259782,1.259795,50
2023-11-27 02:00:00,1.259795,1.259938,1.259396,1.259538,50
2023-11-27 03:00:00,1.259538,1.259700,1.259289,1.259451,50
2023-11-27 04:00:00,1.259451,1.259557,1.259274,1.259380,50
2023-11-27 05:00:00,1.259380,1.259500,1.259095,1.259215,50
2023-11-27 06:00:00,1.259215,1.259664,1.259027,1.259476,50
2023-11-27 07:00:00,1.259476,1.259759,1.259321,1.259605,50
2023-11-27 08:00:00,1.259605,1.259830,1.258599,1.258824,50
2023-11-27 09:00:00,1.258824,1.258887,1.258782,1.258844,50
2023-11-27 10:00:00,1.258844,1.259085,1.258699,1.258940,50
2023-11-27 11:00:00,1.258940,1.259477,1.258817,1.259353,50
2023-11-27 12:00:00,1.259353,1.259388,1.258809,1.258843,50
2023-11-27 13:00:00,1.258843,1.259032,1.258637,1.258826,50
2023-11-27 14:00:00,1.258826,1.259042,1.258819,1.259036,50
2023-11-27 15:00:00,1.259036,1.260139,1.258904,1.260007,50
2023-11-27 16:00:00,1.260007,1.260228,1.259778,1.259999,50
2023-11-27 17:00:00,1.259999,1.260668,1.259807,1.260476,50
2023-11-27 18:00:00,1.260476,1.260951,1.260332,1.260807,50
2023-11-27 19:00:00,1.260807,1.261263,1.260643,1.261099,50
2023-11-27 20:00:00,1.261099,1.261305,1.261003,1.261209,50
2023-11-27 21:00:00,1.261209,1.261894,1.261031,1.261716,50
2023-11-27 22:00:00,1.261716,1.262383,1.261612,1.262279,50
2023-11-27 23:00:00,1.262279,1.262481,1.261150,1.261352,50
2023-11-28 00:00:00,1.261352,1.265040,1.260851,1.264539,50
2023-11-28 01:00:00,1.264539,1.264619,1.261950,1.262030,50
2023-11-28 02:00:00,1.262030,1.262778,1.259218,1.259966,50
2023-11-28 03:00:00,1.259966,1.262099,1.259383,1.261517,50
2023-11-28 04:00:00,1.261517,1.261799,1.261399,1.261681,50
2023-11-28 05:00:00,1.261681,1.262027,1.259017,1.259364,50
2023-11-28 06:00:00,1.259364,1.263006,1.258670,1.262312,50
2023-11-28 07:00:00,1.262312,1.264170,1.261514,1.263372,50
2023-11-28 08:00:00,1.263372,1.266676,1.262751,1.266056,50
2023-11-28 09:00:00,1.266056,1.266275,1.265679,1.265899,50
2023-11-28 10:00:00,1.265899,1.266363,1.262937,1.263401,50
2023-11-28 11:00:00,1.263401,1.264972,1.262858,1.264429,50
2023-11-28 12:00:00,1.264429,1.264844,1.263866,1.264281,50
2023-11-28 13:00:00,1.264281,1.266432,1.264203,1.266355,50
2023-11-28 14:00:00,1.266355,1.268644,1.266048,1.268337,50
2023-11-28 15:00:00,1.268337,1.271934,1.267858,1.271455,50
2023-11-28 16:00:00,1.271455,1.272203,1.268867,1.269615,50
2023-11-28 17:00:00,1.269615,1.272370,1.268824,1.271579,50
2023-11-28 18:00:00,1.271579,1.273983,1.270878,1.273283,50
2023-11-28 19:00:00,1.273283,1.273758,1.272562,1.273038,50
2023-11-28 20:00:00,1.273038,1.273324,1.272978,1.273264,50
2023-11-28 21:00:00,1.273264,1.274039,1.270940,1.271716,50
2023-11-28 22:00:00,1.271716,1.272103,1.271700,1.272087,50
2023-11-28 23:00:00,1.272087,1.272506,1.270875,1.271294,50
2023-11-29 00:00:00,1.271294,1.271413,1.269662,1.269781,50
2023-11-29 01:00:00,1.269781,1.269964,1.269507,1.269690,50
2023-11-29 02:00:00,1.269690,1.271908,1.269680,1.271897,50
2023-11-29 03:00:00,1.271897,1.272010,1.270999,1.271112,50
2023-11-29 04:00:00,1.271112,1.271312,1.270358,1.270559,50
2023-11-29 05:00:00,1.270559,1.272231,1.270397,1.272068,50
2023-11-29 06:00:00,1.272068,1.272136,1.270809,1.270877,50
2023-11-29 07:00:00,1.270877,1.270933,1.270557,1.270613,50
2023-11-29 08:00:00,1.270613,1.270930,1.270399,1.270716,50
2023-11-29 09:00:00,1.270716,1.270909,1.269973,1.270165,50
2023-11-29 10:00:00,1.270165,1.270381,1.269749,1.269964,50
2023-11-29 11:00:00,1.269964,1.269995,1.269832,1.269863,50
2023-11-29 12:00:00,1.269863,1.270059,1.269716,1.269912,50
2023-11-29 13:00:00,1.269912,1.270519,1.269811,1.270419,50
2023-11-29 14:00:00,1.270419,1.270522,1.270068,1.270171,50
2023-11-29 15:00:00,1.270171,1.271300,1.269984,1.271113,50
2023-11-29 16:00:00,1.271113,1.271322,1.269900,1.270110,50
2023-11-29 17:00:00,1.270110,1.270271,1.269582,1.269743,50
2023-11-29 18:00:00,1.269743,1.271015,1.269525,1.270797,50
2023-11-29 19:00:00,1.270797,1.270961,1.270115,1.270279,50
2023-11-29 20:00:00,1.270279,1.270430,1.269078,1.269230,50
2023-11-29 21:00:00,1.269230,1.270173,1.269154,1.270098,50
2023-11-29 22:00:00,1.270098,1.270230,1.269492,1.269624,50
2023-11-29 23:00:00,1.269624,1.269650,1.269009,1.269036,50
2023-11-30 00:00:00,1.269036,1.269753,1.268642,1.269359,50
2023-11-30 01:00:00,1.269359,1.269699,1.267769,1.268108,50
2023-11-30 02:00:00,1.268108,1.268449,1.266506,1.266847,50
2023-11-30 03:00:00,1.266847,1.267199,1.266655,1.267006,50
2023-11-30 04:00:00,1.267006,1.267353,1.266000,1.266346,50
2023-11-30 05:00:00,1.266346,1.266475,1.264746,1.264875,50
2023-11-30 06:00:00,1.264875,1.265085,1.264780,1.264990,50
2023-11-30 07:00:00,1.264990,1.265469,1.264672,1.265151,50
2023-11-30 08:00:00,1.265151,1.265261,1.264737,1.264847,50
2023-11-30 09:00:00,1.264847,1.265738,1.264599,1.265491,50
2023-11-30 10:00:00,1.265491,1.266147,1.265355,1.266011,50
2023-11-30 11:00:00,1.266011,1.266094,1.265226,1.265310,50
2023-11-30 12:00:00,1.265310,1.265598,1.264242,1.264530,50
2023-11-30 13:00:00,1.264530,1.264921,1.264424,1.264815,50
2023-11-30 14:00:00,1.264815,1.264912,1.264450,1.264547,50
2023-11-30 15:00:00,1.264547,1.264907,1.264001,1.264360,50
2023-11-30 16:00:00,1.264360,1.264762,1.264007,1.264408,50
2023-11-30 17:00:00,1.264408,1.264729,1.263732,1.264053,50
2023-11-30 18:00:00,1.264053,1.264503,1.263866,1.264317,50
2023-11-30 19:00:00,1.264317,1.264451,1.263263,1.263396,50
2023-11-30 20:00:00,1.263396,1.263750,1.262714,1.263068,50
2023-11-30 21:00:00,1.263068,1.263575,1.263056,1.263562,50
2023-11-30 22:00:00,1.263562,1.263916,1.263136,1.263489,50
2023-11-30 23:00:00,1.263489,1.264293,1.263259,1.264063,50
2023-12-01 00:00:00,1.264063,1.264368,1.263018,1.263324,50
2023-12-01 01:00:00,1.263324,1.264089,1.263154,1.263919,50
2023-12-01 02:00:00,1.263919,1.265049,1.263649,1.264779,50
2023-12-01 03:00:00,1.264779,1.265051,1.264664,1.264936,50
2023-12-01 04:00:00,1.264936,1.265002,1.263306,1.263372,50
2023-12-01 05:00:00,1.263372,1.265908,1.263180,1.265716,50
2023-12-01 06:00:00,1.265716,1.266623,1.265655,1.266561,50
2023-12-01 07:00:00,1.266561,1.267500,1.266492,1.267431,50
2023-12-01 08:00:00,1.267431,1.267632,1.267418,1.267619,50
2023-12-01 09:00:00,1.267619,1.268331,1.267525,1.268236,50
2023-12-01 10:00:00,1.268236,1.268510,1.267221,1.267495,50
2023-12-01 11:00:00,1.267495,1.267937,1.267181,1.267623,50
2023-12-01 12:00:00,1.267623,1.267839,1.267374,1.267589,50
2023-12-01 13:00:00,1.267589,1.269101,1.267553,1.269064,50
2023-12-01 14:00:00,1.269064,1.269131,1.267906,1.267973,50
2023-12-01 15:00:00,1.267973,1.268208,1.265449,1.265684,50
2023-12-01 16:00:00,1.265684,1.266962,1.265555,1.266833,50
2023-12-01 17:00:00,1.266833,1.267148,1.265933,1.266248,50
2023-12-01 18:00:00,1.266248,1.266718,1.266173,1.266643,50
2023-12-01 19:00:00,1.266643,1.266917,1.265352,1.265626,50
2023-12-01 20:00:00,1.265626,1.265756,1.265113,1.265243,50
2023-12-01 21:00:00,1.265243,1.265549,1.263918,1.264224,50
2023-12-01 22:00:00,1.264224,1.264523,1.263208,1.263507,50
2023-12-01 23:00:00,1.263507,1.268537,1.263201,1.268231,50
2023-12-04 00:00:00,1.268231,1.268403,1.268083,1.268255,50
2023-12-04 01:00:00,1.268255,1.268393,1.267914,1.268052,50
2023-12-04 02:00:00,1.268052,1.268305,1.266723,1.266977,50
2023-12-04 03:00:00,1.266977,1.266979,1.266165,1.266168,50
2023-12-04 04:00:00,1.266168,1.266377,1.264856,1.265065,50
2023-12-04 05:00:00,1.265065,1.267476,1.264666,1.267077,50
2023-12-04 06:00:00,1.267077,1.268102,1.266802,1.267827,50
2023-12-04 07:00:00,1.267827,1.267970,1.267554,1.267696,50
2023-12-04 08:00:00,1.267696,1.268885,1.267572,1.268760,50
2023-12-04 09:00:00,1.268760,1.268844,1.266682,1.266766,50
2023-12-04 10:00:00,1.266766,1.266975,1.264971,1.265180,50
2023-12-04 11:00:00,1.265180,1.265181,1.264566,1.264566,50
2023-12-04 12:00:00,1.264566,1.264895,1.263870,1.264198,50
2023-12-04 13:00:00,1.264198,1.264423,1.262180,1.262405,50
2023-12-04 14:00:00,1.262405,1.263546,1.262271,1.263412,50
2023-12-04 15:00:00,1.263412,1.263590,1.263311,1.263489,50
2023-12-04 16:00:00,1.263489,1.263537,1.262223,1.262271,50
2023-12-04 17:00:00,1.262271,1.264758,1.261871,1.264358,50
2023-12-04 18:00:00,1.264358,1.266012,1.264070,1.265725,50
2023-12-04 19:00:00,1.265725,1.265944,1.264187,1.264406,50
2023-12-04 20:00:00,1.264406,1.265175,1.264113,1.264882,50
2023-12-04 21:00:00,1.264882,1.266321,1.264714,1.266154,50
2023-12-04 22:00:00,1.266154,1.266505,1.263914,1.264266,50
2023-12-04 23:00:00,1.264266,1.264556,1.262974,1.263264,50
2023-12-05 00:00:00,1.263264,1.263573,1.261366,1.261674,50
2023-12-05 01:00:00,1.261674,1.261746,1.261188,1.261260,50
2023-12-05 02:00:00,1.261260,1.261514,1.260678,1.260933,50
2023-12-05 03:00:00,1.260933,1.261225,1.260444,1.260736,50
2023-12-05 04:00:00,1.260736,1.260876,1.259622,1.259761,50
2023-12-05 05:00:00,1.259761,1.261239,1.259683,1.261162,50
2023-12-05 06:00:00,1.261162,1.262331,1.260928,1.262097,50
2023-12-05 07:00:00,1.262097,1.262563,1.261930,1.262396,50
2023-12-05 08:00:00,1.262396,1.263287,1.262269,1.263159,50
2023-12-05 09:00:00,1.263159,1.264283,1.263000,1.264123,50
2023-12-05 10:00:00,1.264123,1.264182,1.263597,1.263657,50
2023-12-05 11:00:00,1.263657,1.263781,1.263024,1.263149,50
2023-12-05 12:00:00,1.263149,1.263648,1.262966,1.263465,50
2023-12-05 13:00:00,1.263465,1.263550,1.263072,1.263156,50
2023-12-05 14:00:00,1.263156,1.263262,1.262993,1.263099,50
2023-12-05 15:00:00,1.263099,1.263156,1.261978,1.262035,50
2023-12-05 16:00:00,1.262035,1.262125,1.261959,1.262049,50
2023-12-05 17:00:00,1.262049,1.262241,1.259914,1.260105,50
2023-12-05 18:00:00,1.260105,1.260195,1.260032,1.260122,50
2023-12-05 19:00:00,1.260122,1.260140,1.258605,1.258623,50
2023-12-05 20:00:00,1.258623,1.258740,1.257994,1.258111,50
2023-12-05 21:00:00,1.258111,1.260416,1.258025,1.260330,50
2023-12-05 22:00:00,1.260330,1.260537,1.258853,1.259061,50
2023-12-05 23:00:00,1.259061,1.259158,1.258873,1.258970,50
2023-12-06 00:00:00,1.258970,1.259142,1.258799,1.258970,50
2023-12-06 01:00:00,1.258970,1.259066,1.258875,1.258970,50
2023-12-06 02:00:00,1.258970,1.259101,1.258840,1.258970,50
2023-12-06 03:00:00,1.258970,1.259157,1.258783,1.258970,50
2023-12-06 04:00:00,1.258970,1.259118,1.258822,1.258970,50
2023-12-06 05:00:00,1.258970,1.259108,1.258832,1.258970,50
2023-12-06 06:00:00,1.258970,1.259083,1.258857,1.258970,50
2023-12-06 07:00:00,1.258970,1.259064,1.258876,1.258970,50
2023-12-06 08:00:00,1.258970,1.259038,1.258902,1.258970,50
2023-12-06 09:00:00,1.258970,1.259073,1.258868,1.258970,50
2023-12-06 10:00:00,1.258970,1.259193,1.258747,1.258970,50
2023-12-06 11:00:00,1.258970,1.259032,1.258908,1.258970,50
2023-12-06 12:00:00,1.258970,1.259157,1.258784,1.258970,50
2023-12-06 13:00:00,1.258970,1.259145,1.258795,1.258970,50
2023-12-06 14:00:00,1.258970,1.259068,1.258872,1.258970,50
2023-12-06 15:00:00,1.258970,1.259129,1.258812,1.258970,50
2023-12-06 16:00:00,1.258970,1.259044,1.258896,1.258970,50
2023-12-06 17:00:00,1.258970,1.258982,1.258959,1.258970,50
2023-12-06 18:00:00,1.258970,1.259125,1.258815,1.258970,50
2023-12-06 19:00:00,1.258970,1.258986,1.258954,1.258970,50
2023-12-06 20:00:00,1.258970,1.259169,1.258772,1.258970,50
2023-12-06 21:00:00,1.258970,1.259057,1.258883,1.258970,50
2023-12-06 22:00:00,1.258970,1.258993,1.258947,1.258970,50
2023-12-06 23:00:00,1.258970,1.259110,1.258830,1.258970,50
2023-12-07 00:00:00,1.258970,1.260095,1.258907,1.260032,50
2023-12-07 01:00:00,1.260032,1.260260,1.259916,1.260144,50
2023-12-07 02:00:00,1.260144,1.260167,1.259955,1.259978,50
2023-12-07 03:00:00,1.259978,1.260161,1.259641,1.259824,50
2023-12-07 04:00:00,1.259824,1.260234,1.259747,1.260157,50
2023-12-07 05:00:00,1.260157,1.260682,1.259936,1.260461,50
2023-12-07 06:00:00,1.260461,1.260581,1.259648,1.259768,50
2023-12-07 07:00:00,1.259768,1.259777,1.259645,1.259654,50
2023-12-07 08:00:00,1.259654,1.259724,1.259296,1.259366,50
2023-12-07 09:00:00,1.259366,1.259656,1.259187,1.259477,50
2023-12-07 10:00:00,1.259477,1.259618,1.258735,1.258876,50
2023-12-07 11:00:00,1.258876,1.258961,1.258851,1.258937,50
2023-12-07 12:00:00,1.258937,1.259160,1.258259,1.258482,50
2023-12-07 13:00:00,1.258482,1.258695,1.258160,1.258372,50
2023-12-07 14:00:00,1.258372,1.258817,1.258208,1.258653,50
2023-12-07 15:00:00,1.258653,1.258747,1.258044,1.258138,50
2023-12-07 16:00:00,1.258138,1.258442,1.258079,1.258383,50
2023-12-07 17:00:00,1.258383,1.258468,1.258289,1.258374,50
2023-12-07 18:00:00,1.258374,1.258488,1.258038,1.258153,50
2023-12-07 19:00:00,1.258153,1.258357,1.257433,1.257637,50
2023-12-07 20:00:00,1.257637,1.257795,1.257006,1.257164,50
2023-12-07 21:00:00,1.257164,1.257246,1.256605,1.256687,50
2023-12-07 22:00:00,1.256687,1.257115,1.256656,1.257084,50
2023-12-07 23:00:00,1.257084,1.258251,1.257011,1.258178,50
2023-12-08 00:00:00,1.258178,1.258528,1.252974,1.253324,50
2023-12-08 01:00:00,1.253324,1.253786,1.253175,1.253637,50
2023-12-08 02:00:00,1.253637,1.255277,1.253584,1.255223,50
2023-12-08 03:00:00,1.255223,1.255409,1.254968,1.255153,50
2023-12-08 04:00:00,1.255153,1.256475,1.254978,1.256300,50
2023-12-08 05:00:00,1.256300,1.256501,1.255885,1.256086,50
2023-12-08 06:00:00,1.256086,1.256357,1.255982,1.256253,50
2023-12-08 07:00:00,1.256253,1.256433,1.256243,1.256423,50
2023-12-08 08:00:00,1.256423,1.257864,1.256172,1.257614,50
2023-12-08 09:00:00,1.257614,1.258995,1.257365,1.258747,50
2023-12-08 10:00:00,1.258747,1.258913,1.258116,1.258283,50
2023-12-08 11:00:00,1.258283,1.258298,1.257247,1.257262,50
2023-12-08 12:00:00,1.257262,1.259369,1.256923,1.259030,50
2023-12-08 13:00:00,1.259030,1.259155,1.258739,1.258865,50
2023-12-08 14:00:00,1.258865,1.259083,1.257075,1.257294,50
2023-12-08 15:00:00,1.257294,1.258096,1.257031,1.257833,50
2023-12-08 16:00:00,1.257833,1.258003,1.256356,1.256526,50
2023-12-08 17:00:00,1.256526,1.256856,1.254989,1.255319,50
2023-12-08 18:00:00,1.255319,1.255974,1.254995,1.255649,50
2023-12-08 19:00:00,1.255649,1.255745,1.255165,1.255261,50
2023-12-08 20:00:00,1.255261,1.255267,1.254346,1.254352,50
2023-12-08 21:00:00,1.254352,1.254680,1.254237,1.254565,50
2023-12-08 22:00:00,1.254565,1.254792,1.253828,1.254055,50
2023-12-08 23:00:00,1.254055,1.254384,1.253590,1.253918,50
2023-12-11 00:00:00,1.253918,1.254110,1.252395,1.252587,50
2023-12-11 01:00:00,1.252587,1.252979,1.252536,1.252929,50
2023-12-11 02:00:00,1.252929,1.253151,1.252791,1.253013,50
2023-12-11 03:00:00,1.253013,1.253224,1.253003,1.253215,50
2023-12-11 04:00:00,1.253215,1.253253,1.253060,1.253098,50
2023-12-11 05:00:00,1.253098,1.253287,1.252905,1.253094,50
2023-12-11 06:00:00,1.253094,1.253920,1.252902,1.253729,50
2023-12-11 07:00:00,1.253729,1.254712,1.253634,1.254617,50
2023-12-11 08:00:00,1.254617,1.255568,1.254554,1.255505,50
2023-12-11 09:00:00,1.255505,1.255513,1.254989,1.254998,50
2023-12-11 10:00:00,1.254998,1.255920,1.254794,1.255716,50
2023-12-11 11:00:00,1.255716,1.255915,1.255475,1.255674,50
2023-12-11 12:00:00,1.255674,1.256014,1.255477,1.255817,50
2023-12-11 13:00:00,1.255817,1.256369,1.255799,1.256352,50
2023-12-11 14:00:00,1.256352,1.256576,1.255723,1.255948,50
2023-12-11 15:00:00,1.255948,1.255976,1.255250,1.255278,50
2023-12-11 16:00:00,1.255278,1.255390,1.255030,1.255143,50
2023-12-11 17:00:00,1.255143,1.255205,1.255084,1.255146,50
2023-12-11 18:00:00,1.255146,1.255189,1.254291,1.254334,50
2023-12-11 19:00:00,1.254334,1.254356,1.254138,1.254160,50
2023-12-11 20:00:00,1.254160,1.254278,1.253440,1.253557,50
2023-12-11 21:00:00,1.253557,1.253975,1.253410,1.253827,50
2023-12-11 22:00:00,1.253827,1.253975,1.253108,1.253256,50
2023-12-11 23:00:00,1.253256,1.255087,1.253189,1.255020,50
2023-12-12 00:00:00,1.255020,1.255221,1.254698,1.254899,50
2023-12-12 01:00:00,1.254899,1.255071,1.254456,1.254628,50
2023-12-12 02:00:00,1.254628,1.254765,1.254369,1.254506,50
2023-12-12 03:00:00,1.254506,1.254692,1.254327,1.254513,50
2023-12-12 04:00:00,1.254513,1.254582,1.254472,1.254541,50
2023-12-12 05:00:00,1.254541,1.256031,1.254525,1.256015,50
2023-12-12 06:00:00,1.256015,1.256541,1.255920,1.256445,50
2023-12-12 07:00:00,1.256445,1.256986,1.256283,1.256824,50
2023-12-12 08:00:00,1.256824,1.256882,1.256249,1.256308,50
2023-12-12 09:00:00,1.256308,1.256329,1.254756,1.254777,50
2023-12-12 10:00:00,1.254777,1.254811,1.253633,1.253666,50
2023-12-12 11:00:00,1.253666,1.253760,1.253241,1.253335,50
2023-12-12 12:00:00,1.253335,1.253347,1.253047,1.253059,50
2023-12-12 13:00:00,1.253059,1.253212,1.252960,1.253112,50
2023-12-12 14:00:00,1.253112,1.254180,1.252951,1.254018,50
2023-12-12 15:00:00,1.254018,1.255136,1.253860,1.254978,50
2023-12-12 16:00:00,1.254978,1.255125,1.254199,1.254345,50
2023-12-12 17:00:00,1.254345,1.256469,1.254198,1.256323,50
2023-12-12 18:00:00,1.256323,1.256345,1.254983,1.255006,50
2023-12-12 19:00:00,1.255006,1.255016,1.254379,1.254389,50
2023-12-12 20:00:00,1.254389,1.255114,1.254200,1.254925,50
2023-12-12 21:00:00,1.254925,1.255003,1.254224,1.254301,50
2023-12-12 22:00:00,1.254301,1.254310,1.254179,1.254188,50
2023-12-12 23:00:00,1.254188,1.255010,1.254040,1.254863,50
2023-12-13 00:00:00,1.254863,1.254994,1.254848,1.254980,50
2023-12-13 01:00:00,1.254980,1.255591,1.254934,1.255546,50
2023-12-13 02:00:00,1.255546,1.255767,1.254553,1.254775,50
2023-12-13 03:00:00,1.254775,1.254947,1.254714,1.254887,50
2023-12-13 04:00:00,1.254887,1.255548,1.254694,1.255356,50
2023-12-13 05:00:00,1.255356,1.255493,1.254831,1.254969,50
2023-12-13 06:00:00,1.254969,1.255762,1.254848,1.255641,50
2023-12-13 07:00:00,1.255641,1.255756,1.255445,1.255560,50
2023-12-13 08:00:00,1.255560,1.255676,1.255519,1.255635,50
2023-12-13 09:00:00,1.255635,1.255823,1.254715,1.254904,50
2023-12-13 10:00:00,1.254904,1.255034,1.254833,1.254963,50
2023-12-13 11:00:00,1.254963,1.255106,1.253815,1.253959,50
2023-12-13 12:00:00,1.253959,1.253962,1.253567,1.253570,50
2023-12-13 13:00:00,1.253570,1.254162,1.253461,1.254052,50
2023-12-13 14:00:00,1.254052,1.254135,1.254005,1.254087,50
2023-12-13 15:00:00,1.254087,1.254118,1.253619,1.253650,50
2023-12-13 16:00:00,1.253650,1.253685,1.253235,1.253271,50
2023-12-13 17:00:00,1.253271,1.253373,1.252454,1.252556,50
2023-12-13 18:00:00,1.252556,1.252765,1.251674,1.251883,50
2023-12-13 19:00:00,1.251883,1.252803,1.251863,1.252782,50
2023-12-13 20:00:00,1.252782,1.253126,1.252672,1.253016,50
2023-12-13 21:00:00,1.253016,1.253151,1.252258,1.252393,50
2023-12-13 22:00:00,1.252393,1.253050,1.252176,1.252833,50
2023-12-13 23:00:00,1.252833,1.253013,1.252482,1.252662,50
2023-12-14 00:00:00,1.252662,1.257327,1.250874,1.255539,50
2023-12-14 01:00:00,1.255539,1.255698,1.247705,1.247864,50
2023-12-14 02:00:00,1.247864,1.254101,1.246702,1.252938,50
2023-12-14 03:00:00,1.252938,1.260430,1.252460,1.259952,50
2023-12-14 04:00:00,1.259952,1.263893,1.259633,1.263574,50
2023-12-14 05:00:00,1.263574,1.275043,1.261652,1.273121,50
2023-12-14 06:00:00,1.273121,1.274626,1.268044,1.269549,50
2023-12-14 07:00:00,1.269549,1.270663,1.266496,1.267609,50
2023-12-14 08:00:00,1.267609,1.274612,1.267102,1.274105,50
2023-12-14 09:00:00,1.274105,1.275826,1.264083,1.265804,50
2023-12-14 10:00:00,1.265804,1.267489,1.258485,1.260170,50
2023-12-14 11:00:00,1.260170,1.263380,1.260036,1.263246,50
2023-12-14 12:00:00,1.263246,1.268408,1.262378,1.267540,50
2023-12-14 13:00:00,1.267540,1.271769,1.267506,1.271735,50
2023-12-14 14:00:00,1.271735,1.272660,1.265751,1.266677,50
2023-12-14 15:00:00,1.266677,1.266859,1.265269,1.265451,50
2023-12-14 16:00:00,1.265451,1.269240,1.264239,1.268027,50
2023-12-14 17:00:00,1.268027,1.274548,1.267426,1.273946,50
2023-12-14 18:00:00,1.273946,1.274221,1.271751,1.272026,50
2023-12-14 19:00:00,1.272026,1.272915,1.271919,1.272807,50
2023-12-14 20:00:00,1.272807,1.280261,1.271581,1.279035,50
2023-12-14 21:00:00,1.279035,1.279936,1.275778,1.276679,50
2023-12-14 22:00:00,1.276679,1.278360,1.275511,1.277192,50
2023-12-14 23:00:00,1.277192,1.278878,1.274964,1.276650,50
2023-12-15 00:00:00,1.276650,1.277278,1.276582,1.277210,50
2023-12-15 01:00:00,1.277210,1.277569,1.276932,1.277291,50
2023-12-15 02:00:00,1.277291,1.277640,1.275727,1.276076,50
2023-12-15 03:00:00,1.276076,1.276473,1.275675,1.276072,50
2023-12-15 04:00:00,1.276072,1.276442,1.274192,1.274563,50
2023-12-15 05:00:00,1.274563,1.275233,1.274474,1.275144,50
2023-12-15 06:00:00,1.275144,1.275781,1.274816,1.275453,50
2023-12-15 07:00:00,1.275453,1.275619,1.273361,1.273528,50
2023-12-15 08:00:00,1.273528,1.274415,1.273234,1.274121,50
2023-12-15 09:00:00,1.274121,1.276382,1.273907,1.276167,50
2023-12-15 10:00:00,1.276167,1.276551,1.276037,1.276421,50
2023-12-15 11:00:00,1.276421,1.277883,1.276309,1.277770,50
2023-12-15 12:00:00,1.277770,1.277994,1.276339,1.276562,50
2023-12-15 13:00:00,1.276562,1.276597,1.275102,1.275136,50
2023-12-15 14:00:00,1.275136,1.275606,1.274311,1.274781,50
2023-12-15 15:00:00,1.274781,1.274790,1.274760,1.274769,50
2023-12-15 16:00:00,1.274769,1.274951,1.274638,1.274819,50
2023-12-15 17:00:00,1.274819,1.275294,1.273624,1.274099,50
2023-12-15 18:00:00,1.274099,1.274407,1.272951,1.273260,50
2023-12-15 19:00:00,1.273260,1.273924,1.272992,1.273656,50
2023-12-15 20:00:00,1.273656,1.273690,1.272529,1.272563,50
2023-12-15 21:00:00,1.272563,1.274574,1.272443,1.274454,50
2023-12-15 22:00:00,1.274454,1.274795,1.272851,1.273192,50
2023-12-15 23:00:00,1.273192,1.273373,1.270790,1.270971,50
2023-12-18 00:00:00,1.270971,1.271058,1.268052,1.268139,50
2023-12-18 01:00:00,1.268139,1.269813,1.267910,1.269584,50
2023-12-18 02:00:00,1.269584,1.270517,1.269381,1.270313,50
2023-12-18 03:00:00,1.270313,1.272947,1.269879,1.272512,50
2023-12-18 04:00:00,1.272512,1.272679,1.270575,1.270742,50
2023-12-18 05:00:00,1.270742,1.271666,1.270577,1.271501,50
2023-12-18 06:00:00,1.271501,1.272565,1.271361,1.272425,50
2023-12-18 07:00:00,1.272425,1.272949,1.270808,1.271333,50
2023-12-18 08:00:00,1.271333,1.271675,1.270290,1.270632,50
2023-12-18 09:00:00,1.270632,1.271196,1.269076,1.269640,50
2023-12-18 10:00:00,1.269640,1.270054,1.265969,1.266382,50
2023-12-18 11:00:00,1.266382,1.266403,1.264165,1.264185,50
2023-12-18 12:00:00,1.264185,1.264685,1.263244,1.263744,50
2023-12-18 13:00:00,1.263744,1.265259,1.263444,1.264959,50
2023-12-18 14:00:00,1.264959,1.265189,1.262010,1.262241,50
2023-12-18 15:00:00,1.262241,1.262341,1.261846,1.261946,50
2023-12-18 16:00:00,1.261946,1.262450,1.261219,1.261723,50
2023-12-18 17:00:00,1.261723,1.263261,1.261480,1.263019,50
2023-12-18 18:00:00,1.263019,1.263200,1.262076,1.262257,50
2023-12-18 19:00:00,1.262257,1.263063,1.261693,1.262498,50
2023-12-18 20:00:00,1.262498,1.263401,1.261852,1.262754,50
2023-12-18 21:00:00,1.262754,1.265029,1.262196,1.264471,50
2023-12-18 22:00:00,1.264471,1.265100,1.264157,1.264786,50
2023-12-18 23:00:00,1.264786,1.265199,1.262852,1.263264,50
2023-12-19 00:00:00,1.263264,1.263533,1.262877,1.263146,50
2023-12-19 01:00:00,1.263146,1.264066,1.261404,1.262324,50
2023-12-19 02:00:00,1.262324,1.263245,1.261112,1.262033,50
2023-12-19 03:00:00,1.262033,1.262819,1.260126,1.260913,50
2023-12-19 04:00:00,1.260913,1.263465,1.260091,1.262643,50
2023-12-19 05:00:00,1.262643,1.263390,1.260975,1.261723,50
2023-12-19 06:00:00,1.261723,1.266300,1.261163,1.265740,50
2023-12-19 07:00:00,1.265740,1.268266,1.265278,1.267804,50
2023-12-19 08:00:00,1.267804,1.268305,1.267513,1.268014,50
2023-12-19 09:00:00,1.268014,1.271076,1.267868,1.270930,50
2023-12-19 10:00:00,1.270930,1.273652,1.270461,1.273183,50
2023-12-19 11:00:00,1.273183,1.274170,1.273047,1.274034,50
2023-12-19 12:00:00,1.274034,1.274784,1.273236,1.273986,50
2023-12-19 13:00:00,1.273986,1.274000,1.272950,1.272964,50
2023-12-19 14:00:00,1.272964,1.273442,1.272072,1.272550,50
2023-12-19 15:00:00,1.272550,1.273271,1.269473,1.270194,50
2023-12-19 16:00:00,1.270194,1.270998,1.269647,1.270452,50
2023-12-19 17:00:00,1.270452,1.272221,1.270215,1.271984,50
2023-12-19 18:00:00,1.271984,1.273008,1.271470,1.272494,50
2023-12-19 19:00:00,1.272494,1.273867,1.272316,1.273690,50
2023-12-19 20:00:00,1.273690,1.276076,1.273224,1.275611,50
2023-12-19 21:00:00,1.275611,1.276796,1.275060,1.276246,50
2023-12-19 22:00:00,1.276246,1.276989,1.274360,1.275103,50
2023-12-19 23:00:00,1.275103,1.275885,1.274241,1.275022,50
2023-12-20 00:00:00,1.275022,1.275340,1.273968,1.274286,50
2023-12-20 01:00:00,1.274286,1.277292,1.273702,1.276708,50
2023-12-20 02:00:00,1.276708,1.277112,1.273827,1.274231,50
2023-12-20 03:00:00,1.274231,1.277460,1.273601,1.276830,50
2023-12-20 04:00:00,1.276830,1.276976,1.272426,1.272571,50
2023-12-20 05:00:00,1.272571,1.272777,1.267768,1.267974,50
2023-12-20 06:00:00,1.267974,1.268190,1.266504,1.266720,50
2023-12-20 07:00:00,1.266720,1.267763,1.266292,1.267336,50
2023-12-20 08:00:00,1.267336,1.268480,1.266695,1.267839,50
2023-12-20 09:00:00,1.267839,1.269025,1.267124,1.268311,50
2023-12-20 10:00:00,1.268311,1.268712,1.267818,1.268219,50
2023-12-20 11:00:00,1.268219,1.268747,1.266273,1.266801,50
2023-12-20 12:00:00,1.266801,1.270059,1.266323,1.269581,50
2023-12-20 13:00:00,1.269581,1.270259,1.263497,1.264175,50
2023-12-20 14:00:00,1.264175,1.268158,1.263834,1.267818,50
2023-12-20 15:00:00,1.267818,1.268307,1.267426,1.267916,50
2023-12-20 16:00:00,1.267916,1.270384,1.267659,1.270127,50
2023-12-20 17:00:00,1.270127,1.270375,1.269427,1.269676,50
2023-12-20 18:00:00,1.269676,1.270626,1.269065,1.270015,50
2023-12-20 19:00:00,1.270015,1.270264,1.266524,1.266773,50
2023-12-20 20:00:00,1.266773,1.267463,1.265406,1.266096,50
2023-12-20 21:00:00,1.266096,1.266099,1.264785,1.264788,50
2023-12-20 22:00:00,1.264788,1.267710,1.264318,1.267241,50
2023-12-20 23:00:00,1.267241,1.267709,1.265515,1.265983,50
2023-12-21 00:00:00,1.265983,1.266206,1.265498,1.265721,50
2023-12-21 01:00:00,1.265721,1.266089,1.265552,1.265921,50
2023-12-21 02:00:00,1.265921,1.265993,1.265633,1.265705,50
2023-12-21 03:00:00,1.265705,1.265733,1.265700,1.265728,50
2023-12-21 04:00:00,1.265728,1.265984,1.265631,1.265887,50
2023-12-21 05:00:00,1.265887,1.265928,1.265517,1.265558,50
2023-12-21 06:00:00,1.265558,1.265740,1.265144,1.265327,50
2023-12-21 07:00:00,1.265327,1.265432,1.264823,1.264928,50
2023-12-21 08:00:00,1.264928,1.265801,1.264706,1.265579,50
2023-12-21 09:00:00,1.265579,1.265724,1.264918,1.265063,50
2023-12-21 10:00:00,1.265063,1.265337,1.264976,1.265250,50
2023-12-21 11:00:00,1.265250,1.266112,1.265122,1.265983,50
2023-12-21 12:00:00,1.265983,1.266583,1.265851,1.266451,50
2023-12-21 13:00:00,1.266451,1.266594,1.265473,1.265616,50
2023-12-21 14:00:00,1.265616,1.267005,1.265433,1.266823,50
2023-12-21 15:00:00,1.266823,1.267352,1.266656,1.267185,50
2023-12-21 16:00:00,1.267185,1.267250,1.266400,1.266465,50
2023-12-21 17:00:00,1.266465,1.266640,1.266350,1.266524,50
2023-12-21 18:00:00,1.266524,1.266659,1.265927,1.266062,50
2023-12-21 19:00:00,1.266062,1.266663,1.265843,1.266444,50
2023-12-21 20:00:00,1.266444,1.267440,1.266444,1.267440,50
2023-12-21 21:00:00,1.267440,1.267508,1.266879,1.266947,50
2023-12-21 22:00:00,1.266947,1.268095,1.266835,1.267983,50
2023-12-21 23:00:00,1.267983,1.268092,1.266676,1.266785,50
2023-12-22 00:00:00,1.266785,1.267724,1.266390,1.267329,50
2023-12-22 01:00:00,1.267329,1.269738,1.267040,1.269448,50
2023-12-22 02:00:00,1.269448,1.269936,1.269370,1.269858,50
2023-12-22 03:00:00,1.269858,1.270889,1.269696,1.270727,50
2023-12-22 04:00:00,1.270727,1.270989,1.270304,1.270566,50
2023-12-22 05:00:00,1.270566,1.270658,1.268787,1.268879,50
2023-12-22 06:00:00,1.268879,1.270276,1.268676,1.270073,50
2023-12-22 07:00:00,1.270073,1.270129,1.268794,1.268851,50
2023-12-22 08:00:00,1.268851,1.269012,1.266250,1.266411,50
2023-12-22 09:00:00,1.266411,1.266768,1.265705,1.266062,50
2023-12-22 10:00:00,1.266062,1.266230,1.265586,1.265754,50
2023-12-22 11:00:00,1.265754,1.268197,1.265340,1.267783,50
2023-12-22 12:00:00,1.267783,1.270280,1.267694,1.270191,50
2023-12-22 13:00:00,1.270191,1.273256,1.269907,1.272972,50
2023-12-22 14:00:00,1.272972,1.273088,1.270008,1.270124,50
2023-12-22 15:00:00,1.270124,1.270124,1.269108,1.269108,50
2023-12-22 16:00:00,1.269108,1.269134,1.267455,1.267481,50
2023-12-22 17:00:00,1.267481,1.268638,1.267162,1.268320,50
2023-12-22 18:00:00,1.268320,1.268738,1.266976,1.267395,50
2023-12-22 19:00:00,1.267395,1.267662,1.266266,1.266533,50
2023-12-22 20:00:00,1.266533,1.268719,1.266378,1.268565,50
2023-12-22 21:00:00,1.268565,1.269436,1.268196,1.269067,50
2023-12-22 22:00:00,1.269067,1.269256,1.269000,1.269189,50
2023-12-22 23:00:00,1.269189,1.272353,1.268777,1.271941,50
2023-12-26 00:00:00,1.271941,1.272094,1.271539,1.271692,50
2023-12-26 01:00:00,1.271692,1.272278,1.271647,1.272232,50
2023-12-26 02:00:00,1.272232,1.273210,1.272204,1.273181,50
2023-12-26 03:00:00,1.273181,1.273483,1.272955,1.273257,50
2023-12-26 04:00:00,1.273257,1.273373,1.273247,1.273362,50
2023-12-26 05:00:00,1.273362,1.273522,1.272533,1.272692,50
2023-12-26 06:00:00,1.272692,1.272723,1.271721,1.271751,50
2023-12-26 07:00:00,1.271751,1.271795,1.271093,1.271136,50
2023-12-26 08:00:00,1.271136,1.271150,1.270603,1.270617,50
2023-12-26 09:00:00,1.270617,1.270802,1.270080,1.270265,50
2023-12-26 10:00:00,1.270265,1.270506,1.270206,1.270447,50
2023-12-26 11:00:00,1.270447,1.270678,1.270273,1.270504,50
2023-12-26 12:00:00,1.270504,1.270594,1.270370,1.270460,50
2023-12-26 13:00:00,1.270460,1.270474,1.270039,1.270054,50
2023-12-26 14:00:00,1.270054,1.270111,1.269750,1.269807,50
2023-12-26 15:00:00,1.269807,1.270316,1.269676,1.270185,50
2023-12-26 16:00:00,1.270185,1.270199,1.269600,1.269614,50
2023-12-26 17:00:00,1.269614,1.270143,1.269416,1.269945,50
2023-12-26 18:00:00,1.269945,1.269982,1.269513,1.269550,50
2023-12-26 19:00:00,1.269550,1.270481,1.269486,1.270418,50
2023-12-26 20:00:00,1.270418,1.271567,1.270256,1.271405,50
2023-12-26 21:00:00,1.271405,1.271522,1.270765,1.270882,50
2023-12-26 22:00:00,1.270882,1.271123,1.270803,1.271045,50
2023-12-26 23:00:00,1.271045,1.271263,1.270752,1.270971,50
2023-12-27 00:00:00,1.270971,1.276155,1.270922,1.276107,50
2023-12-27 01:00:00,1.276107,1.278148,1.275513,1.277554,50
2023-12-27 02:00:00,1.277554,1.278015,1.274574,1.275035,50
2023-12-27 03:00:00,1.275035,1.275632,1.274414,1.275011,50
2023-12-27 04:00:00,1.275011,1.275289,1.273465,1.273743,50
2023-12-27 05:00:00,1.273743,1.276986,1.273065,1.276308,50
2023-12-27 06:00:00,1.276308,1.278286,1.275753,1.277732,50
2023-12-27 07:00:00,1.277732,1.279114,1.277131,1.278514,50
2023-12-27 08:00:00,1.278514,1.280902,1.278488,1.280877,50
2023-12-27 09:00:00,1.280877,1.281484,1.279114,1.279721,50
2023-12-27 10:00:00,1.279721,1.280425,1.277688,1.278392,50
2023-12-27 11:00:00,1.278392,1.278932,1.276278,1.276818,50
2023-12-27 12:00:00,1.276818,1.277146,1.271937,1.272264,50
2023-12-27 13:00:00,1.272264,1.272720,1.268758,1.269214,50
2023-12-27 14:00:00,1.269214,1.272676,1.269014,1.272476,50
2023-12-27 15:00:00,1.272476,1.272678,1.272331,1.272534,50
2023-12-27 16:00:00,1.272534,1.273192,1.271301,1.271959,50
2023-12-27 17:00:00,1.271959,1.276562,1.271486,1.276089,50
2023-12-27 18:00:00,1.276089,1.278388,1.275443,1.277741,50
2023-12-27 19:00:00,1.277741,1.277917,1.272123,1.272298,50
2023-12-27 20:00:00,1.272298,1.279016,1.271997,1.278714,50
2023-12-27 21:00:00,1.278714,1.281724,1.278108,1.281118,50
2023-12-27 22:00:00,1.281118,1.281615,1.281014,1.281511,50
2023-12-27 23:00:00,1.281511,1.281895,1.279370,1.279754,50
2023-12-28 00:00:00,1.279754,1.280999,1.279547,1.280792,50
2023-12-28 01:00:00,1.280792,1.281224,1.279402,1.279834,50
2023-12-28 02:00:00,1.279834,1.281179,1.279486,1.280831,50
2023-12-28 03:00:00,1.280831,1.280839,1.280781,1.280789,50
2023-12-28 04:00:00,1.280789,1.281215,1.280246,1.280672,50
2023-12-28 05:00:00,1.280672,1.281044,1.278968,1.279341,50
2023-12-28 06:00:00,1.279341,1.279542,1.279213,1.279414,50
2023-12-28 07:00:00,1.279414,1.279850,1.276590,1.277026,50
2023-12-28 08:00:00,1.277026,1.277100,1.276855,1.276929,50
2023-12-28 09:00:00,1.276929,1.277354,1.274220,1.274645,50
2023-12-28 10:00:00,1.274645,1.274914,1.273574,1.273843,50
2023-12-28 11:00:00,1.273843,1.273854,1.273285,1.273296,50
2023-12-28 12:00:00,1.273296,1.275734,1.272929,1.275367,50
2023-12-28 13:00:00,1.275367,1.276225,1.275224,1.276082,50
2023-12-28 14:00:00,1.276082,1.276115,1.275619,1.275652,50
2023-12-28 15:00:00,1.275652,1.276366,1.275577,1.276291,50
2023-12-28 16:00:00,1.276291,1.277515,1.276252,1.277475,50
2023-12-28 17:00:00,1.277475,1.278997,1.277271,1.278793,50
2023-12-28 18:00:00,1.278793,1.278922,1.277911,1.278040,50
2023-12-28 19:00:00,1.278040,1.278456,1.276152,1.276567,50
2023-12-28 20:00:00,1.276567,1.276741,1.275512,1.275685,50
2023-12-28 21:00:00,1.275685,1.277871,1.275637,1.277823,50
2023-12-28 22:00:00,1.277823,1.277824,1.277542,1.277544,50
2023-12-28 23:00:00,1.277544,1.277864,1.274053,1.274372,50
2023-12-29 00:00:00,1.274372,1.274534,1.274211,1.274372,50
2023-12-29 01:00:00,1.274372,1.274562,1.274182,1.274372,50
2023-12-29 02:00:00,1.274372,1.274459,1.274286,1.274372,50
2023-12-29 03:00:00,1.274372,1.274523,1.274222,1.274372,50
2023-12-29 04:00:00,1.274372,1.274540,1.274205,1.274372,50
2023-12-29 05:00:00,1.274372,1.274393,1.274352,1.274372,50
2023-12-29 06:00:00,1.274372,1.274547,1.274198,1.274372,50
2023-12-29 07:00:00,1.274372,1.274417,1.274327,1.274372,50
2023-12-29 08:00:00,1.274372,1.274439,1.274306,1.274372,50
2023-12-29 09:00:00,1.274372,1.274428,1.274317,1.274372,50
2023-12-29 10:00:00,1.274372,1.274438,1.274307,1.274372,50
2023-12-29 11:00:00,1.274372,1.274589,1.274156,1.274372,50
2023-12-29 12:00:00,1.274372,1.274472,1.274273,1.274372,50
2023-12-29 13:00:00,1.274372,1.274569,1.274176,1.274372,50
2023-12-29 14:00:00,1.274372,1.274404,1.274341,1.274372,50
2023-12-29 15:00:00,1.274372,1.274429,1.274315,1.274372,50
2023-12-29 16:00:00,1.274372,1.274375,1.274370,1.274372,50
2023-12-29 17:00:00,1.274372,1.274481,1.274264,1.274372,50
2023-12-29 18:00:00,1.274372,1.274590,1.274154,1.274372,50
2023-12-29 19:00:00,1.274372,1.274492,1.274253,1.274372,50
2023-12-29 20:00:00,1.274372,1.274537,1.274207,1.274372,50
2023-12-29 21:00:00,1.274372,1.274410,1.274335,1.274372,50
2023-12-29 22:00:00,1.274372,1.274386,1.274359,1.274372,50
2023-12-29 23:00:00,1.274372,1.274424,1.274321,1.274372,50
2024-01-02 00:00:00,1.274372,1.274688,1.271194,1.271509,50
2024-01-02 01:00:00,1.271509,1.271655,1.270342,1.270488,50
2024-01-02 02:00:00,1.270488,1.271038,1.267801,1.268350,50
2024-01-02 03:00:00,1.268350,1.269093,1.261714,1.262457,50
2024-01-02 04:00:00,1.262457,1.263112,1.260388,1.261043,50
2024-01-02 05:00:00,1.261043,1.262306,1.260271,1.261534,50
2024-01-02 06:00:00,1.261534,1.264132,1.260879,1.263476,50
2024-01-02 07:00:00,1.263476,1.264285,1.262867,1.263676,50
2024-01-02 08:00:00,1.263676,1.266806,1.263441,1.266572,50
2024-01-02 09:00:00,1.266572,1.267466,1.263831,1.264725,50
2024-01-02 10:00:00,1.264725,1.265649,1.263099,1.264023,50
2024-01-02 11:00:00,1.264023,1.266028,1.263340,1.265345,50
2024-01-02 12:00:00,1.265345,1.269130,1.264414,1.268199,50
2024-01-02 13:00:00,1.268199,1.269834,1.267375,1.269010,50
2024-01-02 14:00:00,1.269010,1.270656,1.268191,1.269837,50
2024-01-02 15:00:00,1.269837,1.271098,1.269131,1.270392,50
2024-01-02 16:00:00,1.270392,1.272921,1.269634,1.272164,50
2024-01-02 17:00:00,1.272164,1.272808,1.270074,1.270718,50
2024-01-02 18:00:00,1.270718,1.270837,1.267369,1.267488,50
2024-01-02 19:00:00,1.267488,1.269936,1.266706,1.269155,50
2024-01-02 20:00:00,1.269155,1.270206,1.268826,1.269877,50
2024-01-02 21:00:00,1.269877,1.271893,1.269276,1.271292,50
2024-01-02 22:00:00,1.271292,1.272131,1.269142,1.269981,50
2024-01-02 23:00:00,1.269981,1.270442,1.262804,1.263264,50
2024-01-03 00:00:00,1.263264,1.263325,1.261994,1.262055,50
2024-01-03 01:00:00,1.262055,1.262449,1.261983,1.262377,50
2024-01-03 02:00:00,1.262377,1.262736,1.262287,1.262645,50
2024-01-03 03:00:00,1.262645,1.262872,1.262059,1.262286,50
2024-01-03 04:00:00,1.262286,1.262534,1.262104,1.262352,50
2024-01-03 05:00:00,1.262352,1.262978,1.262330,1.262957,50
2024-01-03 06:00:00,1.262957,1.263088,1.262638,1.262770,50
2024-01-03 07:00:00,1.262770,1.263345,1.262703,1.263279,50
2024-01-03 08:00:00,1.263279,1.263424,1.263220,1.263364,50
2024-01-03 09:00:00,1.263364,1.264245,1.263166,1.264046,50
2024-01-03 10:00:00,1.264046,1.264383,1.264031,1.264368,50
2024-01-03 11:00:00,1.264368,1.264641,1.264201,1.264474,50
2024-01-03 12:00:00,1.264474,1.264833,1.264272,1.264631,50
2024-01-03 13:00:00,1.264631,1.264632,1.264556,1.264557,50
2024-01-03 14:00:00,1.264557,1.264623,1.264287,1.264354,50
2024-01-03 15:00:00,1.264354,1.264701,1.264174,1.264521,50
2024-01-03 16:00:00,1.264521,1.264531,1.264122,1.264133,50
2024-01-03 17:00:00,1.264133,1.264574,1.264050,1.264491,50
2024-01-03 18:00:00,1.264491,1.265499,1.264437,1.265445,50
2024-01-03 19:00:00,1.265445,1.265647,1.264962,1.265164,50
2024-01-03 20:00:00,1.265164,1.265348,1.264726,1.264911,50
2024-01-03 21:00:00,1.264911,1.265734,1.264737,1.265560,50
2024-01-03 22:00:00,1.265560,1.265622,1.265314,1.265377,50
2024-01-03 23:00:00,1.265377,1.265402,1.264037,1.264063,50
2024-01-04 00:00:00,1.264063,1.266378,1.263651,1.265966,50
2024-01-04 01:00:00,1.265966,1.267535,1.265585,1.267155,50
2024-01-04 02:00:00,1.267155,1.267262,1.266488,1.266596,50
2024-01-04 03:00:00,1.266596,1.266810,1.265777,1.265992,50
2024-01-04 04:00:00,1.265992,1.267056,1.265737,1.266801,50
2024-01-04 05:00:00,1.266801,1.268629,1.266519,1.268347,50
2024-01-04 06:00:00,1.268347,1.268643,1.267572,1.267868,50
2024-01-04 07:00:00,1.267868,1.267896,1.267408,1.267436,50
2024-01-04 08:00:00,1.267436,1.267737,1.265720,1.266021,50
2024-01-04 09:00:00,1.266021,1.266092,1.265318,1.265389,50
2024-01-04 10:00:00,1.265389,1.265603,1.264608,1.264821,50
2024-01-04 11:00:00,1.264821,1.265050,1.262807,1.263036,50
2024-01-04 12:00:00,1.263036,1.264538,1.262989,1.264492,50
2024-01-04 13:00:00,1.264492,1.264768,1.263764,1.264040,50
2024-01-04 14:00:00,1.264040,1.265444,1.263794,1.265198,50
2024-01-04 15:00:00,1.265198,1.265301,1.264907,1.265009,50
2024-01-04 16:00:00,1.265009,1.265336,1.264536,1.264863,50
2024-01-04 17:00:00,1.264863,1.267208,1.264802,1.267147,50
2024-01-04 18:00:00,1.267147,1.267545,1.266687,1.267085,50
2024-01-04 19:00:00,1.267085,1.267686,1.267052,1.267652,50
2024-01-04 20:00:00,1.267652,1.268856,1.267304,1.268507,50
2024-01-04 21:00:00,1.268507,1.269662,1.268274,1.269429,50
2024-01-04 22:00:00,1.269429,1.270285,1.269367,1.270223,50
2024-01-04 23:00:00,1.270223,1.270342,1.269078,1.269197,50
2024-01-05 00:00:00,1.269197,1.269446,1.267977,1.268226,50
2024-01-05 01:00:00,1.268226,1.269194,1.267891,1.268858,50
2024-01-05 02:00:00,1.268858,1.269928,1.268550,1.269620,50
2024-01-05 03:00:00,1.269620,1.271653,1.269505,1.271538,50
2024-01-05 04:00:00,1.271538,1.272173,1.271404,1.272039,50
2024-01-05 05:00:00,1.272039,1.274091,1.271876,1.273927,50
2024-01-05 06:00:00,1.273927,1.274019,1.272515,1.272606,50
2024-01-05 07:00:00,1.272606,1.274223,1.272247,1.273863,50
2024-01-05 08:00:00,1.273863,1.274285,1.273505,1.273926,50
2024-01-05 09:00:00,1.273926,1.274145,1.273383,1.273602,50
2024-01-05 10:00:00,1.273602,1.274207,1.273388,1.273992,50
2024-01-05 11:00:00,1.273992,1.273996,1.273844,1.273847,50
2024-01-05 12:00:00,1.273847,1.274576,1.273506,1.274235,50
2024-01-05 13:00:00,1.274235,1.274446,1.273745,1.273956,50
2024-01-05 14:00:00,1.273956,1.275098,1.273876,1.275018,50
2024-01-05 15:00:00,1.275018,1.275345,1.273494,1.273822,50
2024-01-05 16:00:00,1.273822,1.274045,1.272149,1.272371,50
2024-01-05 17:00:00,1.272371,1.272396,1.271312,1.271337,50
2024-01-05 18:00:00,1.271337,1.272786,1.271131,1.272581,50
2024-01-05 19:00:00,1.272581,1.272660,1.272301,1.272380,50
2024-01-05 20:00:00,1.272380,1.272784,1.272363,1.272767,50
2024-01-05 21:00:00,1.272767,1.272878,1.272454,1.272566,50
2024-01-05 22:00:00,1.272566,1.272801,1.272174,1.272409,50
2024-01-05 23:00:00,1.272409,1.274393,1.272063,1.274048,50
2024-01-08 00:00:00,1.274048,1.274190,1.273975,1.274117,50
2024-01-08 01:00:00,1.274117,1.274800,1.274036,1.274718,50
2024-01-08 02:00:00,1.274718,1.275323,1.274515,1.275120,50
2024-01-08 03:00:00,1.275120,1.276190,1.275110,1.276180,50
2024-01-08 04:00:00,1.276180,1.276351,1.276176,1.276347,50
2024-01-08 05:00:00,1.276347,1.276354,1.276257,1.276264,50
2024-01-08 06:00:00,1.276264,1.277444,1.276084,1.277264,50
2024-01-08 07:00:00,1.277264,1.277439,1.276238,1.276412,50
2024-01-08 08:00:00,1.276412,1.276550,1.276051,1.276188,50
2024-01-08 09:00:00,1.276188,1.276237,1.275307,1.275356,50
2024-01-08 10:00:00,1.275356,1.275526,1.274772,1.274941,50
2024-01-08 11:00:00,1.274941,1.274973,1.273401,1.273434,50
2024-01-08 12:00:00,1.273434,1.273668,1.273252,1.273486,50
2024-01-08 13:00:00,1.273486,1.275470,1.273257,1.275240,50
2024-01-08 14:00:00,1.275240,1.275424,1.273817,1.274000,50
2024-01-08 15:00:00,1.274000,1.274820,1.273966,1.274785,50
2024-01-08 16:00:00,1.274785,1.274852,1.274529,1.274596,50
2024-01-08 17:00:00,1.274596,1.274870,1.274530,1.274804,50
2024-01-08 18:00:00,1.274804,1.275380,1.274593,1.275170,50
2024-01-08 19:00:00,1.275170,1.275340,1.274394,1.274564,50
2024-01-08 20:00:00,1.274564,1.274659,1.274456,1.274551,50
2024-01-08 21:00:00,1.274551,1.274618,1.273548,1.273614,50
2024-01-08 22:00:00,1.273614,1.275425,1.273597,1.275408,50
2024-01-08 23:00:00,1.275408,1.276816,1.275242,1.276650,50
2024-01-09 00:00:00,1.276650,1.276935,1.276491,1.276776,50
2024-01-09 01:00:00,1.276776,1.277078,1.274511,1.274813,50
2024-01-09 02:00:00,1.274813,1.275914,1.274612,1.275713,50
2024-01-09 03:00:00,1.275713,1.275821,1.274449,1.274558,50
2024-01-09 04:00:00,1.274558,1.274730,1.274483,1.274655,50
2024-01-09 05:00:00,1.274655,1.275028,1.273417,1.273790,50
2024-01-09 06:00:00,1.273790,1.273965,1.272468,1.272643,50
2024-01-09 07:00:00,1.272643,1.274150,1.272510,1.274017,50
2024-01-09 08:00:00,1.274017,1.274216,1.273162,1.273361,50
2024-01-09 09:00:00,1.273361,1.274201,1.273082,1.273922,50
2024-01-09 10:00:00,1.273922,1.274112,1.273253,1.273444,50
2024-01-09 11:00:00,1.273444,1.273547,1.272413,1.272516,50
2024-01-09 12:00:00,1.272516,1.272655,1.272145,1.272283,50
2024-01-09 13:00:00,1.272283,1.272316,1.272108,1.272141,50
2024-01-09 14:00:00,1.272141,1.272368,1.271910,1.272137,50
2024-01-09 15:00:00,1.272137,1.272359,1.270778,1.270999,50
2024-01-09 16:00:00,1.270999,1.271693,1.270666,1.271360,50
2024-01-09 17:00:00,1.271360,1.272307,1.271258,1.272205,50
2024-01-09 18:00:00,1.272205,1.272913,1.272143,1.272850,50
2024-01-09 19:00:00,1.272850,1.273741,1.272503,1.273394,50
2024-01-09 20:00:00,1.273394,1.273703,1.272312,1.272621,50
2024-01-09 21:00:00,1.272621,1.273188,1.272538,1.273105,50
2024-01-09 22:00:00,1.273105,1.273890,1.272898,1.273682,50
2024-01-09 23:00:00,1.273682,1.273727,1.271896,1.271941,50
2024-01-10 00:00:00,1.271941,1.272130,1.270423,1.270612,50
2024-01-10 01:00:00,1.270612,1.270734,1.270495,1.270617,50
2024-01-10 02:00:00,1.270617,1.271001,1.270581,1.270965,50
2024-01-10 03:00:00,1.270965,1.271990,1.270950,1.271975,50
2024-01-10 04:00:00,1.271975,1.272314,1.271869,1.272208,50
2024-01-10 05:00:00,1.272208,1.273165,1.272029,1.272985,50
2024-01-10 06:00:00,1.272985,1.273127,1.272897,1.273039,50
2024-01-10 07:00:00,1.273039,1.273076,1.272416,1.272453,50
2024-01-10 08:00:00,1.272453,1.272932,1.272352,1.272831,50
2024-01-10 09:00:00,1.272831,1.273780,1.272710,1.273659,50
2024-01-10 10:00:00,1.273659,1.274381,1.273446,1.274168,50
2024-01-10 11:00:00,1.274168,1.274210,1.274050,1.274093,50
2024-01-10 12:00:00,1.274093,1.274192,1.273751,1.273850,50
2024-01-10 13:00:00,1.273850,1.273923,1.273710,1.273783,50
2024-01-10 14:00:00,1.273783,1.273961,1.273278,1.273456,50
2024-01-10 15:00:00,1.273456,1.273499,1.272800,1.272843,50
2024-01-10 16:00:00,1.272843,1.273862,1.272673,1.273693,50
2024-01-10 17:00:00,1.273693,1.274012,1.273504,1.273823,50
2024-01-10 18:00:00,1.273823,1.273936,1.273535,1.273648,50
2024-01-10 19:00:00,1.273648,1.273774,1.273398,1.273525,50
2024-01-10 20:00:00,1.273525,1.273778,1.273309,1.273562,50
2024-01-10 21:00:00,1.273562,1.273585,1.273544,1.273567,50
2024-01-10 22:00:00,1.273567,1.274424,1.273561,1.274417,50
2024-01-10 23:00:00,1.274417,1.274496,1.272996,1.273074,50
2024-01-11 00:00:00,1.273074,1.273851,1.272918,1.273695,50
2024-01-11 01:00:00,1.273695,1.273780,1.273505,1.273590,50
2024-01-11 02:00:00,1.273590,1.273656,1.273497,1.273564,50
2024-01-11 03:00:00,1.273564,1.274093,1.273456,1.273985,50
2024-01-11 04:00:00,1.273985,1.274006,1.273086,1.273107,50
2024-01-11 05:00:00,1.273107,1.273119,1.272552,1.272564,50
2024-01-11 06:00:00,1.272564,1.272585,1.271648,1.271669,50
2024-01-11 07:00:00,1.271669,1.271850,1.271342,1.271523,50
2024-01-11 08:00:00,1.271523,1.271734,1.271100,1.271310,50
2024-01-11 09:00:00,1.271310,1.271913,1.271201,1.271804,50
2024-01-11 10:00:00,1.271804,1.271977,1.271580,1.271753,50
2024-01-11 11:00:00,1.271753,1.271920,1.270591,1.270758,50
2024-01-11 12:00:00,1.270758,1.271081,1.270664,1.270987,50
2024-01-11 13:00:00,1.270987,1.271538,1.270804,1.271355,50
2024-01-11 14:00:00,1.271355,1.271645,1.271291,1.271581,50
2024-01-11 15:00:00,1.271581,1.271992,1.271445,1.271856,50
2024-01-11 16:00:00,1.271856,1.271970,1.271550,1.271664,50
2024-01-11 17:00:00,1.271664,1.271777,1.271314,1.271427,50
2024-01-11 18:00:00,1.271427,1.271534,1.271062,1.271169,50
2024-01-11 19:00:00,1.271169,1.271318,1.270093,1.270242,50
2024-01-11 20:00:00,1.270242,1.271106,1.270106,1.270970,50
2024-01-11 21:00:00,1.270970,1.271051,1.270693,1.270774,50
2024-01-11 22:00:00,1.270774,1.270986,1.270159,1.270370,50
2024-01-11 23:00:00,1.270370,1.271298,1.270205,1.271133,50
2024-01-12 00:00:00,1.271133,1.271883,1.271058,1.271809,50
2024-01-12 01:00:00,1.271809,1.272446,1.271774,1.272412,50
2024-01-12 02:00:00,1.272412,1.272676,1.271313,1.271577,50
2024-01-12 03:00:00,1.271577,1.271861,1.270895,1.271178,50
2024-01-12 04:00:00,1.271178,1.271403,1.270462,1.270686,50
2024-01-12 05:00:00,1.270686,1.270930,1.270534,1.270778,50
2024-01-12 06:00:00,1.270778,1.271952,1.270614,1.271787,50
2024-01-12 07:00:00,1.271787,1.272161,1.271758,1.272132,50
2024-01-12 08:00:00,1.272132,1.272193,1.271961,1.272022,50
2024-01-12 09:00:00,1.272022,1.272247,1.271043,1.271268,50
2024-01-12 10:00:00,1.271268,1.271795,1.271253,1.271780,50
2024-01-12 11:00:00,1.271780,1.271905,1.270327,1.270452,50
2024-01-12 12:00:00,1.270452,1.271694,1.270243,1.271485,50
2024-01-12 13:00:00,1.271485,1.272603,1.271311,1.272429,50
2024-01-12 14:00:00,1.272429,1.272666,1.272423,1.272660,50
2024-01-12 15:00:00,1.272660,1.273361,1.272634,1.273336,50
2024-01-12 16:00:00,1.273336,1.273501,1.272496,1.272661,50
2024-01-12 17:00:00,1.272661,1.273624,1.272605,1.273567,50
2024-01-12 18:00:00,1.273567,1.274288,1.273373,1.274093,50
2024-01-12 19:00:00,1.274093,1.274651,1.273958,1.274516,50
2024-01-12 20:00:00,1.274516,1.275392,1.274339,1.275215,50
2024-01-12 21:00:00,1.275215,1.275297,1.273334,1.273416,50
2024-01-12 22:00:00,1.273416,1.273505,1.273002,1.273091,50
2024-01-12 23:00:00,1.273091,1.274799,1.272827,1.274535,50
2024-01-16 00:00:00,1.274535,1.274961,1.274357,1.274784,50
2024-01-16 01:00:00,1.274784,1.276166,1.274692,1.276074,50
2024-01-16 02:00:00,1.276074,1.276176,1.275367,1.275470,50
2024-01-16 03:00:00,1.275470,1.275700,1.275115,1.275345,50
2024-01-16 04:00:00,1.275345,1.275677,1.274314,1.274646,50
2024-01-16 05:00:00,1.274646,1.274916,1.274504,1.274775,50
2024-01-16 06:00:00,1.274775,1.275699,1.274301,1.275225,50
2024-01-16 07:00:00,1.275225,1.277051,1.274483,1.276309,50
2024-01-16 08:00:00,1.276309,1.276925,1.274065,1.274680,50
2024-01-16 09:00:00,1.274680,1.275535,1.274166,1.275021,50
2024-01-16 10:00:00,1.275021,1.275457,1.274897,1.275333,50
2024-01-16 11:00:00,1.275333,1.275812,1.274308,1.274787,50
2024-01-16 12:00:00,1.274787,1.276136,1.274341,1.275690,50
2024-01-16 13:00:00,1.275690,1.275835,1.273602,1.273748,50
2024-01-16 14:00:00,1.273748,1.274382,1.271267,1.271901,50
2024-01-16 15:00:00,1.271901,1.272093,1.271753,1.271945,50
2024-01-16 16:00:00,1.271945,1.272493,1.270500,1.271048,50
2024-01-16 17:00:00,1.271048,1.271567,1.269052,1.269571,50
2024-01-16 18:00:00,1.269571,1.270109,1.269066,1.269605,50
2024-01-16 19:00:00,1.269605,1.270286,1.266982,1.267664,50
2024-01-16 20:00:00,1.267664,1.267939,1.267504,1.267779,50
2024-01-16 21:00:00,1.267779,1.268007,1.266830,1.267058,50
2024-01-16 22:00:00,1.267058,1.267585,1.265525,1.266051,50
2024-01-16 23:00:00,1.266051,1.266622,1.265092,1.265663,50
2024-01-17 00:00:00,1.265663,1.265833,1.265289,1.265459,50
2024-01-17 01:00:00,1.265459,1.266186,1.265256,1.265982,50
2024-01-17 02:00:00,1.265982,1.266894,1.265981,1.266893,50
2024-01-17 03:00:00,1.266893,1.266911,1.266423,1.266441,50
2024-01-17 04:00:00,1.266441,1.266553,1.266232,1.266344,50
2024-01-17 05:00:00,1.266344,1.266397,1.266034,1.266086,50
2024-01-17 06:00:00,1.266086,1.266371,1.265860,1.266144,50
2024-01-17 07:00:00,1.266144,1.266262,1.265946,1.266063,50
2024-01-17 08:00:00,1.266063,1.266760,1.265847,1.266544,50
2024-01-17 09:00:00,1.266544,1.266735,1.266189,1.266379,50
2024-01-17 10:00:00,1.266379,1.267522,1.266179,1.267322,50
2024-01-17 11:00:00,1.267322,1.267843,1.267313,1.267833,50
2024-01-17 12:00:00,1.267833,1.268031,1.267390,1.267587,50
2024-01-17 13:00:00,1.267587,1.267762,1.267156,1.267330,50
2024-01-17 14:00:00,1.267330,1.268046,1.267319,1.268035,50
2024-01-17 15:00:00,1.268035,1.268222,1.267857,1.268043,50
2024-01-17 16:00:00,1.268043,1.268052,1.267838,1.267846,50
2024-01-17 17:00:00,1.267846,1.268030,1.267085,1.267269,50
2024-01-17 18:00:00,1.267269,1.267408,1.267043,1.267182,50
2024-01-17 19:00:00,1.267182,1.267314,1.266603,1.266735,50
2024-01-17 20:00:00,1.266735,1.266751,1.266564,1.266580,50
2024-01-17 21:00:00,1.266580,1.266772,1.266007,1.266198,50
2024-01-17 22:00:00,1.266198,1.267149,1.266087,1.267038,50
2024-01-17 23:00:00,1.267038,1.267247,1.266415,1.266624,50
2024-01-18 00:00:00,1.266624,1.266769,1.265794,1.265938,50
2024-01-18 01:00:00,1.265938,1.266466,1.265905,1.266432,50
2024-01-18 02:00:00,1.266432,1.267956,1.266420,1.267944,50
2024-01-18 03:00:00,1.267944,1.268070,1.267844,1.267969,50
2024-01-18 04:00:00,1.267969,1.268183,1.267828,1.268042,50
2024-01-18 05:00:00,1.268042,1.268894,1.267921,1.268773,50
2024-01-18 06:00:00,1.268773,1.268993,1.267427,1.267647,50
2024-01-18 07:00:00,1.267647,1.267770,1.267183,1.267306,50
2024-01-18 08:00:00,1.267306,1.267316,1.266846,1.266856,50
2024-01-18 09:00:00,1.266856,1.266875,1.266332,1.266352,50
2024-01-18 10:00:00,1.266352,1.267086,1.266244,1.266978,50
2024-01-18 11:00:00,1.266978,1.267637,1.266824,1.267482,50
2024-01-18 12:00:00,1.267482,1.268373,1.267372,1.268263,50
2024-01-18 13:00:00,1.268263,1.268428,1.268238,1.268402,50
2024-01-18 14:00:00,1.268402,1.268422,1.268360,1.268379,50
2024-01-18 15:00:00,1.268379,1.269187,1.268308,1.269116,50
2024-01-18 16:00:00,1.269116,1.269259,1.267817,1.267960,50
2024-01-18 17:00:00,1.267960,1.269663,1.267869,1.269572,50
2024-01-18 18:00:00,1.269572,1.269650,1.268110,1.268188,50
2024-01-18 19:00:00,1.268188,1.268322,1.267906,1.268041,50
2024-01-18 20:00:00,1.268041,1.268441,1.267851,1.268251,50
2024-01-18 21:00:00,1.268251,1.269270,1.268187,1.269206,50
2024-01-18 22:00:00,1.269206,1.269217,1.267090,1.267101,50
2024-01-18 23:00:00,1.267101,1.268766,1.267049,1.268714,50
2024-01-19 00:00:00,1.268714,1.270325,1.268521,1.270133,50
2024-01-19 01:00:00,1.270133,1.270258,1.269624,1.269749,50
2024-01-19 02:00:00,1.269749,1.269777,1.268809,1.268837,50
2024-01-19 03:00:00,1.268837,1.268888,1.268698,1.268749,50
2024-01-19 04:00:00,1.268749,1.268752,1.268364,1.268366,50
2024-01-19 05:00:00,1.268366,1.268432,1.268177,1.268242,50
2024-01-19 06:00:00,1.268242,1.268282,1.268209,1.268249,50
2024-01-19 07:00:00,1.268249,1.268272,1.267189,1.267212,50
2024-01-19 08:00:00,1.267212,1.267363,1.266931,1.267083,50
2024-01-19 09:00:00,1.267083,1.267088,1.266991,1.266996,50
2024-01-19 10:00:00,1.266996,1.267075,1.266528,1.266607,50
2024-01-19 11:00:00,1.266607,1.266834,1.266137,1.266364,50
2024-01-19 12:00:00,1.266364,1.268093,1.266176,1.267905,50
2024-01-19 13:00:00,1.267905,1.267980,1.267840,1.267915,50
2024-01-19 14:00:00,1.267915,1.267917,1.267094,1.267096,50
2024-01-19 15:00:00,1.267096,1.267276,1.266340,1.266520,50
2024-01-19 16:00:00,1.266520,1.266704,1.266146,1.266329,50
2024-01-19 17:00:00,1.266329,1.267119,1.266202,1.266992,50
2024-01-19 18:00:00,1.266992,1.267327,1.266818,1.267152,50
2024-01-19 19:00:00,1.267152,1.267259,1.266944,1.267051,50
2024-01-19 20:00:00,1.267051,1.268179,1.266879,1.268007,50
2024-01-19 21:00:00,1.268007,1.268114,1.267628,1.267735,50
2024-01-19 22:00:00,1.267735,1.267772,1.267718,1.267755,50
2024-01-19 23:00:00,1.267755,1.267929,1.267575,1.267748,50
2024-01-22 00:00:00,1.267748,1.269611,1.267731,1.269594,50
2024-01-22 01:00:00,1.269594,1.269658,1.269133,1.269196,50
2024-01-22 02:00:00,1.269196,1.269438,1.268087,1.268329,50
2024-01-22 03:00:00,1.268329,1.268489,1.268096,1.268256,50
2024-01-22 04:00:00,1.268256,1.268398,1.267496,1.267638,50
2024-01-22 05:00:00,1.267638,1.269571,1.267418,1.269351,50
2024-01-22 06:00:00,1.269351,1.269734,1.268793,1.269176,50
2024-01-22 07:00:00,1.269176,1.269360,1.267860,1.268044,50
2024-01-22 08:00:00,1.268044,1.268306,1.266568,1.266830,50
2024-01-22 09:00:00,1.266830,1.267106,1.266472,1.266748,50
2024-01-22 10:00:00,1.266748,1.269465,1.266370,1.269087,50
2024-01-22 11:00:00,1.269087,1.269419,1.268453,1.268785,50
2024-01-22 12:00:00,1.268785,1.269453,1.268598,1.269266,50
2024-01-22 13:00:00,1.269266,1.269932,1.269137,1.269804,50
2024-01-22 14:00:00,1.269804,1.270031,1.269241,1.269469,50
2024-01-22 15:00:00,1.269469,1.270114,1.269282,1.269928,50
2024-01-22 16:00:00,1.269928,1.271369,1.269558,1.270999,50
2024-01-22 17:00:00,1.270999,1.271153,1.268829,1.268983,50
2024-01-22 18:00:00,1.268983,1.270818,1.268621,1.270456,50
2024-01-22 19:00:00,1.270456,1.271091,1.270201,1.270835,50
2024-01-22 20:00:00,1.270835,1.271729,1.270551,1.271444,50
2024-01-22 21:00:00,1.271444,1.272432,1.271420,1.272407,50
2024-01-22 22:00:00,1.272407,1.273801,1.272358,1.273751,50
2024-01-22 23:00:00,1.273751,1.274099,1.272403,1.272750,50
2024-01-23 00:00:00,1.272750,1.273178,1.270976,1.271404,50
2024-01-23 01:00:00,1.271404,1.272530,1.270923,1.272049,50
2024-01-23 02:00:00,1.272049,1.272093,1.271123,1.271168,50
2024-01-23 03:00:00,1.271168,1.271962,1.271148,1.271942,50
2024-01-23 04:00:00,1.271942,1.272032,1.269286,1.269375,50
2024-01-23 05:00:00,1.269375,1.269705,1.268089,1.268419,50
2024-01-23 06:00:00,1.268419,1.268719,1.266794,1.267094,50
2024-01-23 07:00:00,1.267094,1.268090,1.266637,1.267633,50
2024-01-23 08:00:00,1.267633,1.267772,1.266857,1.266996,50
2024-01-23 09:00:00,1.266996,1.268242,1.266940,1.268186,50
2024-01-23 10:00:00,1.268186,1.268376,1.264631,1.264822,50
2024-01-23 11:00:00,1.264822,1.265181,1.264715,1.265074,50
2024-01-23 12:00:00,1.265074,1.268910,1.264654,1.268490,50
2024-01-23 13:00:00,1.268490,1.268535,1.266626,1.266671,50
2024-01-23 14:00:00,1.266671,1.269055,1.266170,1.268554,50
2024-01-23 15:00:00,1.268554,1.269581,1.268356,1.269383,50
2024-01-23 16:00:00,1.269383,1.269901,1.268476,1.268994,50
2024-01-23 17:00:00,1.268994,1.269152,1.267206,1.267364,50
2024-01-23 18:00:00,1.267364,1.267893,1.266500,1.267028,50
2024-01-23 19:00:00,1.267028,1.268397,1.266764,1.268133,50
2024-01-23 20:00:00,1.268133,1.273113,1.267671,1.272651,50
2024-01-23 21:00:00,1.272651,1.273716,1.272190,1.273255,50
2024-01-23 22:00:00,1.273255,1.273783,1.272761,1.273289,50
2024-01-23 23:00:00,1.273289,1.273702,1.265730,1.266143,50
2024-01-24 00:00:00,1.266143,1.273230,1.265875,1.272962,50
2024-01-24 01:00:00,1.272962,1.273066,1.272267,1.272371,50
2024-01-24 02:00:00,1.272371,1.272895,1.270151,1.270675,50
2024-01-24 03:00:00,1.270675,1.272423,1.270148,1.271896,50
2024-01-24 04:00:00,1.271896,1.272088,1.269584,1.269775,50
2024-01-24 05:00:00,1.269775,1.270497,1.267026,1.267748,50
2024-01-24 06:00:00,1.267748,1.268409,1.264413,1.265074,50
2024-01-24 07:00:00,1.265074,1.266606,1.265046,1.266577,50
2024-01-24 08:00:00,1.266577,1.266635,1.264244,1.264302,50
2024-01-24 09:00:00,1.264302,1.266667,1.264187,1.266551,50
2024-01-24 10:00:00,1.266551,1.267928,1.265866,1.267242,50
2024-01-24 11:00:00,1.267242,1.269211,1.267175,1.269144,50
2024-01-24 12:00:00,1.269144,1.272513,1.268584,1.271954,50
2024-01-24 13:00:00,1.271954,1.276958,1.271764,1.276767,50
2024-01-24 14:00:00,1.276767,1.277712,1.276244,1.277188,50
2024-01-24 15:00:00,1.277188,1.277450,1.276136,1.276398,50
2024-01-24 16:00:00,1.276398,1.276486,1.275678,1.275766,50
2024-01-24 17:00:00,1.275766,1.276181,1.273585,1.273999,50
2024-01-24 18:00:00,1.273999,1.274594,1.273336,1.273931,50
2024-01-24 19:00:00,1.273931,1.274356,1.273524,1.273949,50
2024-01-24 20:00:00,1.273949,1.274683,1.269077,1.269810,50
2024-01-24 21:00:00,1.269810,1.272125,1.269309,1.271624,50
2024-01-24 22:00:00,1.271624,1.274276,1.271103,1.273755,50
2024-01-24 23:00:00,1.273755,1.275633,1.273469,1.275348,50
2024-01-25 00:00:00,1.275348,1.275572,1.274412,1.274636,50
2024-01-25 01:00:00,1.274636,1.276353,1.274469,1.276186,50
2024-01-25 02:00:00,1.276186,1.276595,1.276007,1.276417,50
2024-01-25 03:00:00,1.276417,1.276834,1.275071,1.275488,50
2024-01-25 04:00:00,1.275488,1.275512,1.274669,1.274692,50
2024-01-25 05:00:00,1.274692,1.274918,1.273797,1.274023,50
2024-01-25 06:00:00,1.274023,1.274466,1.273200,1.273643,50
2024-01-25 07:00:00,1.273643,1.273852,1.273055,1.273265,50
2024-01-25 08:00:00,1.273265,1.273350,1.273161,1.273246,50
2024-01-25 09:00:00,1.273246,1.273422,1.272699,1.272875,50
2024-01-25 10:00:00,1.272875,1.272963,1.272045,1.272134,50
2024-01-25 11:00:00,1.272134,1.272381,1.270286,1.270533,50
2024-01-25 12:00:00,1.270533,1.272112,1.270212,1.271791,50
2024-01-25 13:00:00,1.271791,1.271862,1.271270,1.271341,50
2024-01-25 14:00:00,1.271341,1.271455,1.270838,1.270953,50
2024-01-25 15:00:00,1.270953,1.271203,1.270426,1.270677,50
2024-01-25 16:00:00,1.270677,1.271076,1.270251,1.270651,50
2024-01-25 17:00:00,1.270651,1.271071,1.269717,1.270137,50
2024-01-25 18:00:00,1.270137,1.271402,1.269849,1.271114,50
2024-01-25 19:00:00,1.271114,1.271537,1.270406,1.270828,50
2024-01-25 20:00:00,1.270828,1.270973,1.270651,1.270796,50
2024-01-25 21:00:00,1.270796,1.271122,1.270444,1.270771,50
2024-01-25 22:00:00,1.270771,1.271086,1.268618,1.268934,50
2024-01-25 23:00:00,1.268934,1.270368,1.268568,1.270003,50
2024-01-26 00:00:00,1.270003,1.270193,1.269409,1.269599,50
2024-01-26 01:00:00,1.269599,1.269638,1.269370,1.269409,50
2024-01-26 02:00:00,1.269409,1.269832,1.269315,1.269738,50
2024-01-26 03:00:00,1.269738,1.269757,1.269584,1.269603,50
2024-01-26 04:00:00,1.269603,1.269885,1.269474,1.269756,50
2024-01-26 05:00:00,1.269756,1.269899,1.269527,1.269670,50
2024-01-26 06:00:00,1.269670,1.270488,1.269561,1.270378,50
2024-01-26 07:00:00,1.270378,1.270520,1.270291,1.270433,50
2024-01-26 08:00:00,1.270433,1.270887,1.270329,1.270783,50
2024-01-26 09:00:00,1.270783,1.270827,1.270296,1.270340,50
2024-01-26 10:00:00,1.270340,1.270991,1.270121,1.270771,50
2024-01-26 11:00:00,1.270771,1.271080,1.270628,1.270937,50
2024-01-26 12:00:00,1.270937,1.271143,1.270513,1.270719,50
2024-01-26 13:00:00,1.270719,1.270805,1.270225,1.270311,50
2024-01-26 14:00:00,1.270311,1.270490,1.270221,1.270400,50
2024-01-26 15:00:00,1.270400,1.270439,1.270359,1.270398,50
2024-01-26 16:00:00,1.270398,1.270472,1.269912,1.269986,50
2024-01-26 17:00:00,1.269986,1.270526,1.269960,1.270501,50
2024-01-26 18:00:00,1.270501,1.270772,1.270444,1.270716,50
2024-01-26 19:00:00,1.270716,1.271034,1.270619,1.270938,50
2024-01-26 20:00:00,1.270938,1.271649,1.270764,1.271475,50
2024-01-26 21:00:00,1.271475,1.272159,1.271377,1.272061,50
2024-01-26 22:00:00,1.272061,1.272998,1.271943,1.272880,50
2024-01-26 23:00:00,1.272880,1.272981,1.271840,1.271941,50
2024-01-29 00:00:00,1.271941,1.272174,1.271047,1.271280,50
2024-01-29 01:00:00,1.271280,1.271936,1.270957,1.271613,50
2024-01-29 02:00:00,1.271613,1.271875,1.270700,1.270962,50
2024-01-29 03:00:00,1.270962,1.271074,1.270585,1.270696,50
2024-01-29 04:00:00,1.270696,1.272552,1.270614,1.272470,50
2024-01-29 05:00:00,1.272470,1.272707,1.271820,1.272057,50
2024-01-29 06:00:00,1.272057,1.273018,1.271754,1.272715,50
2024-01-29 07:00:00,1.272715,1.272988,1.272154,1.272427,50
2024-01-29 08:00:00,1.272427,1.272609,1.272366,1.272547,50
2024-01-29 09:00:00,1.272547,1.272848,1.271291,1.271591,50
2024-01-29 10:00:00,1.271591,1.271719,1.271054,1.271181,50
2024-01-29 11:00:00,1.271181,1.271574,1.271005,1.271398,50
2024-01-29 12:00:00,1.271398,1.271821,1.271095,1.271518,50
2024-01-29 13:00:00,1.271518,1.271769,1.269860,1.270112,50
2024-01-29 14:00:00,1.270112,1.271608,1.270051,1.271546,50
2024-01-29 15:00:00,1.271546,1.271637,1.271154,1.271245,50
2024-01-29 16:00:00,1.271245,1.271574,1.271062,1.271390,50
2024-01-29 17:00:00,1.271390,1.271503,1.271196,1.271309,50
2024-01-29 18:00:00,1.271309,1.271535,1.269603,1.269829,50
2024-01-29 19:00:00,1.269829,1.270124,1.268700,1.268995,50
2024-01-29 20:00:00,1.268995,1.269249,1.267042,1.267296,50
2024-01-29 21:00:00,1.267296,1.267562,1.267141,1.267407,50
2024-01-29 22:00:00,1.267407,1.267793,1.267313,1.267699,50
2024-01-29 23:00:00,1.267699,1.268115,1.267653,1.268070,50
2024-01-30 00:00:00,1.268070,1.268253,1.267499,1.267682,50
2024-01-30 01:00:00,1.267682,1.267864,1.266600,1.266782,50
2024-01-30 02:00:00,1.266782,1.266964,1.266380,1.266562,50
2024-01-30 03:00:00,1.266562,1.266860,1.266385,1.266683,50
2024-01-30 04:00:00,1.266683,1.266901,1.266030,1.266248,50
2024-01-30 05:00:00,1.266248,1.268512,1.266066,1.268329,50
2024-01-30 06:00:00,1.268329,1.268713,1.268193,1.268577,50
2024-01-30 07:00:00,1.268577,1.268973,1.268547,1.268943,50
2024-01-30 08:00:00,1.268943,1.268995,1.267693,1.267745,50
2024-01-30 09:00:00,1.267745,1.267914,1.267222,1.267391,50
2024-01-30 10:00:00,1.267391,1.267686,1.267174,1.267469,50
2024-01-30 11:00:00,1.267469,1.267969,1.267463,1.267963,50
2024-01-30 12:00:00,1.267963,1.268392,1.267900,1.268329,50
2024-01-30 13:00:00,1.268329,1.269746,1.268164,1.269581,50
2024-01-30 14:00:00,1.269581,1.269678,1.268645,1.268743,50
2024-01-30 15:00:00,1.268743,1.269902,1.268625,1.269784,50
2024-01-30 16:00:00,1.269784,1.269983,1.268623,1.268823,50
2024-01-30 17:00:00,1.268823,1.269116,1.268699,1.268993,50
2024-01-30 18:00:00,1.268993,1.270125,1.268921,1.270053,50
2024-01-30 19:00:00,1.270053,1.270204,1.268902,1.269053,50
2024-01-30 20:00:00,1.269053,1.269056,1.267856,1.267859,50
2024-01-30 21:00:00,1.267859,1.268279,1.267802,1.268222,50
2024-01-30 22:00:00,1.268222,1.268438,1.267698,1.267913,50
2024-01-30 23:00:00,1.267913,1.268383,1.267761,1.268231,50
2024-01-31 00:00:00,1.268231,1.268546,1.266932,1.267247,50
2024-01-31 01:00:00,1.267247,1.268504,1.266828,1.268085,50
2024-01-31 02:00:00,1.268085,1.268501,1.267035,1.267452,50
2024-01-31 03:00:00,1.267452,1.267495,1.267233,1.267276,50
2024-01-31 04:00:00,1.267276,1.268778,1.267162,1.268664,50
2024-01-31 05:00:00,1.268664,1.270970,1.268628,1.270934,50
2024-01-31 06:00:00,1.270934,1.271261,1.266927,1.267255,50
2024-01-31 07:00:00,1.267255,1.268504,1.267064,1.268313,50
2024-01-31 08:00:00,1.268313,1.274317,1.268234,1.274238,50
2024-01-31 09:00:00,1.274238,1.274401,1.267212,1.267375,50
2024-01-31 10:00:00,1.267375,1.267985,1.267224,1.267834,50
2024-01-31 11:00:00,1.267834,1.267987,1.267352,1.267504,50
2024-01-31 12:00:00,1.267504,1.267558,1.267220,1.267274,50
2024-01-31 13:00:00,1.267274,1.267685,1.266848,1.267260,50
2024-01-31 14:00:00,1.267260,1.267494,1.267028,1.267262,50
2024-01-31 15:00:00,1.267262,1.267377,1.267193,1.267308,50
2024-01-31 16:00:00,1.267308,1.267737,1.267217,1.267646,50
2024-01-31 17:00:00,1.267646,1.268044,1.266989,1.267386,50
2024-01-31 18:00:00,1.267386,1.267747,1.266986,1.267346,50
2024-01-31 19:00:00,1.267346,1.267434,1.267219,1.267306,50
2024-01-31 20:00:00,1.267306,1.267457,1.267097,1.267247,50
2024-01-31 21:00:00,1.267247,1.267252,1.267225,1.267230,50
2024-01-31 22:00:00,1.267230,1.267609,1.266854,1.267233,50
2024-01-31 23:00:00,1.267233,1.273348,1.267122,1.273237,50
2024-02-01 00:00:00,1.273237,1.274034,1.273234,1.274032,50
2024-02-01 01:00:00,1.274032,1.274247,1.273262,1.273478,50
2024-02-01 02:00:00,1.273478,1.274337,1.273337,1.274196,50
2024-02-01 03:00:00,1.274196,1.274373,1.273869,1.274046,50
2024-02-01 04:00:00,1.274046,1.274234,1.272664,1.272853,50
2024-02-01 05:00:00,1.272853,1.273028,1.272411,1.272586,50
2024-02-01 06:00:00,1.272586,1.273227,1.272403,1.273044,50
2024-02-01 07:00:00,1.273044,1.273270,1.273042,1.273268,50
2024-02-01 08:00:00,1.273268,1.273665,1.273107,1.273504,50
2024-02-01 09:00:00,1.273504,1.274139,1.273428,1.274063,50
2024-02-01 10:00:00,1.274063,1.274071,1.273491,1.273499,50
2024-02-01 11:00:00,1.273499,1.274302,1.273423,1.274225,50
2024-02-01 12:00:00,1.274225,1.274265,1.273162,1.273202,50
2024-02-01 13:00:00,1.273202,1.274035,1.273146,1.273979,50
2024-02-01 14:00:00,1.273979,1.274150,1.272768,1.272939,50
2024-02-01 15:00:00,1.272939,1.273010,1.272357,1.272429,50
2024-02-01 16:00:00,1.272429,1.273067,1.272202,1.272840,50
2024-02-01 17:00:00,1.272840,1.272965,1.272121,1.272246,50
2024-02-01 18:00:00,1.272246,1.272580,1.272210,1.272544,50
2024-02-01 19:00:00,1.272544,1.272921,1.272484,1.272862,50
2024-02-01 20:00:00,1.272862,1.273057,1.272405,1.272601,50
2024-02-01 21:00:00,1.272601,1.272827,1.271140,1.271367,50
2024-02-01 22:00:00,1.271367,1.271543,1.271082,1.271258,50
2024-02-01 23:00:00,1.271258,1.272887,1.271121,1.272750,50
2024-02-02 00:00:00,1.272750,1.273577,1.271522,1.272348,50
2024-02-02 01:00:00,1.272348,1.273204,1.271939,1.272796,50
2024-02-02 02:00:00,1.272796,1.272862,1.268320,1.268387,50
2024-02-02 03:00:00,1.268387,1.268572,1.263995,1.264180,50
2024-02-02 04:00:00,1.264180,1.265871,1.263398,1.265089,50
2024-02-02 05:00:00,1.265089,1.267038,1.264548,1.266497,50
2024-02-02 06:00:00,1.266497,1.267030,1.264162,1.264696,50
2024-02-02 07:00:00,1.264696,1.265865,1.264423,1.265592,50
2024-02-02 08:00:00,1.265592,1.268793,1.265325,1.268527,50
2024-02-02 09:00:00,1.268527,1.275111,1.268191,1.274775,50
2024-02-02 10:00:00,1.274775,1.275020,1.271767,1.272012,50
2024-02-02 11:00:00,1.272012,1.272745,1.268680,1.269413,50
2024-02-02 12:00:00,1.269413,1.270034,1.264877,1.265499,50
2024-02-02 13:00:00,1.265499,1.270584,1.265184,1.270270,50
2024-02-02 14:00:00,1.270270,1.270657,1.267797,1.268184,50
2024-02-02 15:00:00,1.268184,1.268414,1.265431,1.265660,50
2024-02-02 16:00:00,1.265660,1.268039,1.265009,1.267388,50
2024-02-02 17:00:00,1.267388,1.267661,1.266518,1.266791,50
2024-02-02 18:00:00,1.266791,1.266994,1.263373,1.263576,50
2024-02-02 19:00:00,1.263576,1.263861,1.263150,1.263435,50
2024-02-02 20:00:00,1.263435,1.263590,1.262466,1.262622,50
2024-02-02 21:00:00,1.262622,1.262686,1.260538,1.260601,50
2024-02-02 22:00:00,1.260601,1.262722,1.260374,1.262495,50
2024-02-02 23:00:00,1.262495,1.263283,1.261838,1.262626,50
2024-02-05 00:00:00,1.262626,1.263865,1.261868,1.263107,50
2024-02-05 01:00:00,1.263107,1.263292,1.261830,1.262015,50
2024-02-05 02:00:00,1.262015,1.262404,1.260914,1.261302,50
2024-02-05 03:00:00,1.261302,1.263743,1.260860,1.263301,50
2024-02-05 04:00:00,1.263301,1.263474,1.262208,1.262382,50
2024-02-05 05:00:00,1.262382,1.262991,1.261981,1.262590,50
2024-02-05 06:00:00,1.262590,1.263232,1.262142,1.262784,50
2024-02-05 07:00:00,1.262784,1.262947,1.260157,1.260320,50
2024-02-05 08:00:00,1.260320,1.260573,1.259087,1.259341,50
2024-02-05 09:00:00,1.259341,1.259661,1.257270,1.257590,50
2024-02-05 10:00:00,1.257590,1.260552,1.256871,1.259833,50
2024-02-05 11:00:00,1.259833,1.260168,1.256665,1.257000,50
2024-02-05 12:00:00,1.257000,1.257361,1.254567,1.254928,50
2024-02-05 13:00:00,1.254928,1.258138,1.254657,1.257867,50
2024-02-05 14:00:00,1.257867,1.259077,1.257279,1.258488,50
2024-02-05 15:00:00,1.258488,1.258887,1.256509,1.256908,50
2024-02-05 16:00:00,1.256908,1.257576,1.253959,1.254627,50
2024-02-05 17:00:00,1.254627,1.255110,1.253477,1.253960,50
2024-02-05 18:00:00,1.253960,1.257546,1.253462,1.257047,50
2024-02-05 19:00:00,1.257047,1.257406,1.254357,1.254716,50
2024-02-05 20:00:00,1.254716,1.254784,1.252579,1.252648,50
2024-02-05 21:00:00,1.252648,1.253754,1.252428,1.253533,50
2024-02-05 22:00:00,1.253533,1.253750,1.251325,1.251542,50
2024-02-05 23:00:00,1.251542,1.253767,1.250907,1.253133,50
2024-02-06 00:00:00,1.253133,1.253726,1.253102,1.253695,50
2024-02-06 01:00:00,1.253695,1.256135,1.253468,1.255908,50
2024-02-06 02:00:00,1.255908,1.258620,1.255555,1.258267,50
2024-02-06 03:00:00,1.258267,1.258295,1.257386,1.257414,50
2024-02-06 04:00:00,1.257414,1.257907,1.256986,1.257478,50
2024-02-06 05:00:00,1.257478,1.258741,1.257088,1.258351,50
2024-02-06 06:00:00,1.258351,1.258723,1.257330,1.257703,50
2024-02-06 07:00:00,1.257703,1.260445,1.257396,1.260138,50
2024-02-06 08:00:00,1.260138,1.260357,1.259187,1.259407,50
2024-02-06 09:00:00,1.259407,1.259833,1.258331,1.258758,50
2024-02-06 10:00:00,1.258758,1.259108,1.258330,1.258680,50
2024-02-06 11:00:00,1.258680,1.258951,1.257889,1.258160,50
2024-02-06 12:00:00,1.258160,1.258420,1.256999,1.257259,50
2024-02-06 13:00:00,1.257259,1.257684,1.256754,1.257180,50
2024-02-06 14:00:00,1.257180,1.257338,1.256774,1.256932,50
2024-02-06 15:00:00,1.256932,1.257371,1.255271,1.255710,50
2024-02-06 16:00:00,1.255710,1.255776,1.252349,1.252414,50
2024-02-06 17:00:00,1.252414,1.252605,1.251775,1.251965,50
2024-02-06 18:00:00,1.251965,1.253534,1.251604,1.253173,50
2024-02-06 19:00:00,1.253173,1.254901,1.253064,1.254792,50
2024-02-06 20:00:00,1.254792,1.255190,1.253916,1.254314,50
2024-02-06 21:00:00,1.254314,1.256603,1.254023,1.256313,50
2024-02-06 22:00:00,1.256313,1.258451,1.256057,1.258195,50
2024-02-06 23:00:00,1.258195,1.259275,1.257890,1.258970,50
2024-02-07 00:00:00,1.258970,1.259182,1.258938,1.259150,50
2024-02-07 01:00:00,1.259150,1.260578,1.258932,1.260361,50
2024-02-07 02:00:00,1.260361,1.261891,1.260355,1.261885,50
2024-02-07 03:00:00,1.261885,1.262213,1.261224,1.261552,50
2024-02-07 04:00:00,1.261552,1.261682,1.261435,1.261566,50
2024-02-07 05:00:00,1.261566,1.263169,1.261274,1.262877,50
2024-02-07 06:00:00,1.262877,1.263103,1.261958,1.262185,50
2024-02-07 07:00:00,1.262185,1.263853,1.262072,1.263740,50
2024-02-07 08:00:00,1.263740,1.263973,1.263188,1.263420,50
2024-02-07 09:00:00,1.263420,1.263694,1.262349,1.262622,50
2024-02-07 10:00:00,1.262622,1.262819,1.260353,1.260550,50
2024-02-07 11:00:00,1.260550,1.260997,1.260466,1.260913,50
2024-02-07 12:00:00,1.260913,1.261000,1.260060,1.260147,50
2024-02-07 13:00:00,1.260147,1.261541,1.260004,1.261398,50
2024-02-07 14:00:00,1.261398,1.261537,1.261349,1.261488,50
2024-02-07 15:00:00,1.261488,1.261693,1.260654,1.260859,50
2024-02-07 16:00:00,1.260859,1.261032,1.260304,1.260477,50
2024-02-07 17:00:00,1.260477,1.260966,1.260456,1.260945,50
2024-02-07 18:00:00,1.260945,1.261106,1.260003,1.260163,50
2024-02-07 19:00:00,1.260163,1.260228,1.259329,1.259394,50
2024-02-07 20:00:00,1.259394,1.259677,1.259360,1.259643,50
2024-02-07 21:00:00,1.259643,1.260363,1.259461,1.260181,50
2024-02-07 22:00:00,1.260181,1.260249,1.260019,1.260087,50
2024-02-07 23:00:00,1.260087,1.263124,1.259908,1.262945,50
2024-02-08 00:00:00,1.262945,1.263499,1.262866,1.263419,50
2024-02-08 01:00:00,1.263419,1.264018,1.263381,1.263980,50
2024-02-08 02:00:00,1.263980,1.264556,1.263784,1.264360,50
2024-02-08 03:00:00,1.264360,1.264470,1.263613,1.263724,50
2024-02-08 04:00:00,1.263724,1.263922,1.263148,1.263346,50
2024-02-08 05:00:00,1.263346,1.263410,1.262026,1.262090,50
2024-02-08 06:00:00,1.262090,1.263545,1.261977,1.263432,50
2024-02-08 07:00:00,1.263432,1.263473,1.263234,1.263275,50
2024-02-08 08:00:00,1.263275,1.263533,1.263265,1.263523,50
2024-02-08 09:00:00,1.263523,1.263659,1.263424,1.263560,50
2024-02-08 10:00:00,1.263560,1.263781,1.262069,1.262290,50
2024-02-08 11:00:00,1.262290,1.262291,1.261419,1.261420,50
2024-02-08 12:00:00,1.261420,1.263472,1.261309,1.263360,50
2024-02-08 13:00:00,1.263360,1.263606,1.263147,1.263392,50
2024-02-08 14:00:00,1.263392,1.263556,1.262844,1.263008,50
2024-02-08 15:00:00,1.263008,1.263230,1.261543,1.261766,50
2024-02-08 16:00:00,1.261766,1.261807,1.261409,1.261451,50
2024-02-08 17:00:00,1.261451,1.261503,1.261187,1.261239,50
2024-02-08 18:00:00,1.261239,1.261387,1.261017,1.261165,50
2024-02-08 19:00:00,1.261165,1.261247,1.260697,1.260779,50
2024-02-08 20:00:00,1.260779,1.260954,1.260400,1.260574,50
2024-02-08 21:00:00,1.260574,1.261311,1.260360,1.261096,50
2024-02-08 22:00:00,1.261096,1.261570,1.260965,1.261439,50
2024-02-08 23:00:00,1.261439,1.262079,1.261349,1.261989,50
2024-02-09 00:00:00,1.261989,1.262184,1.261671,1.261867,50
2024-02-09 01:00:00,1.261867,1.261985,1.261312,1.261431,50
2024-02-09 02:00:00,1.261431,1.262602,1.261226,1.262398,50
2024-02-09 03:00:00,1.262398,1.262610,1.261764,1.261977,50
2024-02-09 04:00:00,1.261977,1.263537,1.261850,1.263410,50
2024-02-09 05:00:00,1.263410,1.263596,1.263371,1.263557,50
2024-02-09 06:00:00,1.263557,1.263694,1.262298,1.262435,50
2024-02-09 07:00:00,1.262435,1.264486,1.262230,1.264281,50
2024-02-09 08:00:00,1.264281,1.264359,1.262912,1.262989,50
2024-02-09 09:00:00,1.262989,1.263213,1.261318,1.261543,50
2024-02-09 10:00:00,1.261543,1.262038,1.261366,1.261862,50
2024-02-09 11:00:00,1.261862,1.262171,1.261856,1.262165,50
2024-02-09 12:00:00,1.262165,1.262531,1.262076,1.262442,50
2024-02-09 13:00:00,1.262442,1.262582,1.261574,1.261714,50
2024-02-09 14:00:00,1.261714,1.262004,1.261570,1.261860,50
2024-02-09 15:00:00,1.261860,1.262035,1.261493,1.261668,50
2024-02-09 16:00:00,1.261668,1.261785,1.261240,1.261357,50
2024-02-09 17:00:00,1.261357,1.261481,1.261077,1.261202,50
2024-02-09 18:00:00,1.261202,1.263402,1.261154,1.263354,50
2024-02-09 19:00:00,1.263354,1.264350,1.263178,1.264174,50
2024-02-09 20:00:00,1.264174,1.264355,1.263971,1.264152,50
2024-02-09 21:00:00,1.264152,1.264373,1.262218,1.262439,50
2024-02-09 22:00:00,1.262439,1.262723,1.262351,1.262634,50
2024-02-09 23:00:00,1.262634,1.262792,1.262628,1.262786,50
2024-02-12 00:00:00,1.262786,1.262973,1.261428,1.261615,50
2024-02-12 01:00:00,1.261615,1.261883,1.261563,1.261831,50
2024-02-12 02:00:00,1.261831,1.261864,1.261525,1.261557,50
2024-02-12 03:00:00,1.261557,1.261731,1.260877,1.261051,50
2024-02-12 04:00:00,1.261051,1.261464,1.260915,1.261329,50
2024-02-12 05:00:00,1.261329,1.261651,1.261310,1.261632,50
2024-02-12 06:00:00,1.261632,1.262487,1.261500,1.262354,50
2024-02-12 07:00:00,1.262354,1.262573,1.261988,1.262206,50
2024-02-12 08:00:00,1.262206,1.262569,1.262039,1.262402,50
2024-02-12 09:00:00,1.262402,1.262846,1.262280,1.262724,50
2024-02-12 10:00:00,1.262724,1.262840,1.262292,1.262408,50
2024-02-12 11:00:00,1.262408,1.262916,1.262249,1.262757,50
2024-02-12 12:00:00,1.262757,1.262872,1.262289,1.262404,50
2024-02-12 13:00:00,1.262404,1.262799,1.262399,1.262794,50
2024-02-12 14:00:00,1.262794,1.262954,1.262585,1.262746,50
2024-02-12 15:00:00,1.262746,1.263199,1.262738,1.263192,50
2024-02-12 16:00:00,1.263192,1.263285,1.263160,1.263254,50
2024-02-12 17:00:00,1.263254,1.263422,1.263139,1.263307,50
2024-02-12 18:00:00,1.263307,1.264016,1.263187,1.263896,50
2024-02-12 19:00:00,1.263896,1.264286,1.263671,1.264061,50
2024-02-12 20:00:00,1.264061,1.264316,1.263879,1.264134,50
2024-02-12 21:00:00,1.264134,1.264687,1.264064,1.264616,50
2024-02-12 22:00:00,1.264616,1.264772,1.264347,1.264503,50
2024-02-12 23:00:00,1.264503,1.264612,1.262995,1.263105,50
2024-02-13 00:00:00,1.263105,1.263233,1.261886,1.262014,50
2024-02-13 01:00:00,1.262014,1.262046,1.261194,1.261226,50
2024-02-13 02:00:00,1.261226,1.262256,1.261072,1.262103,50
2024-02-13 03:00:00,1.262103,1.262631,1.262053,1.262581,50
2024-02-13 04:00:00,1.262581,1.262733,1.262440,1.262592,50
2024-02-13 05:00:00,1.262592,1.262715,1.262460,1.262583,50
2024-02-13 06:00:00,1.262583,1.262746,1.262520,1.262682,50
2024-02-13 07:00:00,1.262682,1.263282,1.262551,1.263151,50
2024-02-13 08:00:00,1.263151,1.263678,1.262940,1.263467,50
2024-02-13 09:00:00,1.263467,1.263843,1.263346,1.263722,50
2024-02-13 10:00:00,1.263722,1.263861,1.263248,1.263387,50
2024-02-13 11:00:00,1.263387,1.263606,1.262097,1.262316,50
2024-02-13 12:00:00,1.262316,1.262473,1.261643,1.261800,50
2024-02-13 13:00:00,1.261800,1.262481,1.261717,1.262397,50
2024-02-13 14:00:00,1.262397,1.263307,1.262248,1.263157,50
2024-02-13 15:00:00,1.263157,1.263263,1.262358,1.262463,50
2024-02-13 16:00:00,1.262463,1.262566,1.260183,1.260286,50
2024-02-13 17:00:00,1.260286,1.260746,1.260127,1.260587,50
2024-02-13 18:00:00,1.260587,1.261186,1.260580,1.261179,50
2024-02-13 19:00:00,1.261179,1.261501,1.261035,1.261358,50
2024-02-13 20:00:00,1.261358,1.261385,1.260516,1.260543,50
2024-02-13 21:00:00,1.260543,1.261069,1.260458,1.260983,50
2024-02-13 22:00:00,1.260983,1.261184,1.260153,1.260353,50
2024-02-13 23:00:00,1.260353,1.260731,1.260180,1.260557,50
2024-02-14 00:00:00,1.260557,1.260584,1.260344,1.260370,50
2024-02-14 01:00:00,1.260370,1.260926,1.260127,1.260682,50
2024-02-14 02:00:00,1.260682,1.261046,1.259911,1.260275,50
2024-02-14 03:00:00,1.260275,1.260326,1.260267,1.260319,50
2024-02-14 04:00:00,1.260319,1.261568,1.259949,1.261197,50
2024-02-14 05:00:00,1.261197,1.261513,1.261095,1.261410,50
2024-02-14 06:00:00,1.261410,1.261690,1.261164,1.261444,50
2024-02-14 07:00:00,1.261444,1.261786,1.258600,1.258942,50
2024-02-14 08:00:00,1.258942,1.259850,1.258885,1.259793,50
2024-02-14 09:00:00,1.259793,1.259793,1.258253,1.258253,50
2024-02-14 10:00:00,1.258253,1.258343,1.257842,1.257932,50
2024-02-14 11:00:00,1.257932,1.258360,1.257797,1.258225,50
2024-02-14 12:00:00,1.258225,1.258401,1.257323,1.257499,50
2024-02-14 13:00:00,1.257499,1.257635,1.257130,1.257266,50
2024-02-14 14:00:00,1.257266,1.258286,1.257097,1.258117,50
2024-02-14 15:00:00,1.258117,1.258142,1.257351,1.257376,50
2024-02-14 16:00:00,1.257376,1.257513,1.255100,1.255237,50
2024-02-14 17:00:00,1.255237,1.256948,1.255034,1.256746,50
2024-02-14 18:00:00,1.256746,1.257130,1.256394,1.256778,50
2024-02-14 19:00:00,1.256778,1.256803,1.255668,1.255692,50
2024-02-14 20:00:00,1.255692,1.258225,1.255678,1.258210,50
2024-02-14 21:00:00,1.258210,1.258579,1.257545,1.257914,50
2024-02-14 22:00:00,1.257914,1.258216,1.257013,1.257315,50
2024-02-14 23:00:00,1.257315,1.257594,1.255844,1.256124,50
2024-02-15 00:00:00,1.256124,1.257598,1.256118,1.257592,50
2024-02-15 01:00:00,1.257592,1.257784,1.256979,1.257171,50
2024-02-15 02:00:00,1.257171,1.257810,1.257139,1.257778,50
2024-02-15 03:00:00,1.257778,1.257917,1.257182,1.257322,50
2024-02-15 04:00:00,1.257322,1.257543,1.256674,1.256895,50
2024-02-15 05:00:00,1.256895,1.257459,1.256848,1.257413,50
2024-02-15 06:00:00,1.257413,1.257582,1.257340,1.257509,50
2024-02-15 07:00:00,1.257509,1.257512,1.257017,1.257020,50
2024-02-15 08:00:00,1.257020,1.257741,1.256916,1.257638,50
2024-02-15 09:00:00,1.257638,1.257686,1.256501,1.256549,50
2024-02-15 10:00:00,1.256549,1.256634,1.255426,1.255511,50
2024-02-15 11:00:00,1.255511,1.256262,1.255313,1.256065,50
2024-02-15 12:00:00,1.256065,1.256267,1.255372,1.255575,50
2024-02-15 13:00:00,1.255575,1.255715,1.255336,1.255477,50
2024-02-15 14:00:00,1.255477,1.255567,1.255094,1.255185,50
2024-02-15 15:00:00,1.255185,1.255459,1.255032,1.255307,50
2024-02-15 16:00:00,1.255307,1.256246,1.255295,1.256234,50
2024-02-15 17:00:00,1.256234,1.257706,1.256119,1.257592,50
2024-02-15 18:00:00,1.257592,1.257736,1.257358,1.257502,50
2024-02-15 19:00:00,1.257502,1.259089,1.257372,1.258959,50
2024-02-15 20:00:00,1.258959,1.259027,1.257862,1.257930,50
2024-02-15 21:00:00,1.257930,1.257932,1.257145,1.257147,50
2024-02-15 22:00:00,1.257147,1.257702,1.257073,1.257628,50
2024-02-15 23:00:00,1.257628,1.258033,1.257616,1.258020,50
2024-02-16 00:00:00,1.258020,1.259741,1.257944,1.259666,50
2024-02-16 01:00:00,1.259666,1.260536,1.259513,1.260383,50
2024-02-16 02:00:00,1.260383,1.260458,1.259262,1.259337,50
2024-02-16 03:00:00,1.259337,1.259540,1.258901,1.259103,50
2024-02-16 04:00:00,1.259103,1.259172,1.259070,1.259139,50
2024-02-16 05:00:00,1.259139,1.259210,1.258324,1.258395,50
2024-02-16 06:00:00,1.258395,1.258480,1.258302,1.258387,50
2024-02-16 07:00:00,1.258387,1.258545,1.258130,1.258288,50
2024-02-16 08:00:00,1.258288,1.258350,1.257680,1.257742,50
2024-02-16 09:00:00,1.257742,1.257878,1.257631,1.257767,50
2024-02-16 10:00:00,1.257767,1.257822,1.257225,1.257280,50
2024-02-16 11:00:00,1.257280,1.257422,1.257160,1.257302,50
2024-02-16 12:00:00,1.257302,1.257406,1.256503,1.256607,50
2024-02-16 13:00:00,1.256607,1.256946,1.256391,1.256730,50
2024-02-16 14:00:00,1.256730,1.257220,1.256610,1.257100,50
2024-02-16 15:00:00,1.257100,1.257233,1.256960,1.257094,50
2024-02-16 16:00:00,1.257094,1.257459,1.257063,1.257428,50
2024-02-16 17:00:00,1.257428,1.257981,1.257346,1.257899,50
2024-02-16 18:00:00,1.257899,1.258371,1.257699,1.258171,50
2024-02-16 19:00:00,1.258171,1.258833,1.258014,1.258676,50
2024-02-16 20:00:00,1.258676,1.258900,1.258415,1.258639,50
2024-02-16 21:00:00,1.258639,1.259030,1.258492,1.258883,50
2024-02-16 22:00:00,1.258883,1.259264,1.258682,1.259062,50
2024-02-16 23:00:00,1.259062,1.259159,1.258874,1.258970,50
2024-02-20 00:00:00,1.258970,1.261384,1.258787,1.261201,50
2024-02-20 01:00:00,1.261201,1.261523,1.260991,1.261314,50
2024-02-20 02:00:00,1.261314,1.262363,1.261082,1.262131,50
2024-02-20 03:00:00,1.262131,1.262302,1.261476,1.261647,50
2024-02-20 04:00:00,1.261647,1.261831,1.258259,1.258443,50
2024-02-20 05:00:00,1.258443,1.262393,1.258080,1.262030,50
2024-02-20 06:00:00,1.262030,1.264671,1.261691,1.264333,50
2024-02-20 07:00:00,1.264333,1.264367,1.261726,1.261760,50
2024-02-20 08:00:00,1.261760,1.262132,1.261018,1.261390,50
2024-02-20 09:00:00,1.261390,1.261609,1.259217,1.259436,50
2024-02-20 10:00:00,1.259436,1.259637,1.257655,1.257856,50
2024-02-20 11:00:00,1.257856,1.260643,1.257472,1.260260,50
2024-02-20 12:00:00,1.260260,1.262052,1.260023,1.261815,50
2024-02-20 13:00:00,1.261815,1.263112,1.261452,1.262749,50
2024-02-20 14:00:00,1.262749,1.263144,1.262656,1.263050,50
2024-02-20 15:00:00,1.263050,1.263228,1.261844,1.262022,50
2024-02-20 16:00:00,1.262022,1.265759,1.261920,1.265657,50
2024-02-20 17:00:00,1.265657,1.265759,1.262000,1.262102,50
2024-02-20 18:00:00,1.262102,1.262296,1.261290,1.261485,50
2024-02-20 19:00:00,1.261485,1.262599,1.261317,1.262431,50
2024-02-20 20:00:00,1.262431,1.262847,1.259653,1.260069,50
2024-02-20 21:00:00,1.260069,1.260408,1.259352,1.259690,50
2024-02-20 22:00:00,1.259690,1.260188,1.259476,1.259973,50
2024-02-20 23:00:00,1.259973,1.264720,1.259795,1.264542,50
2024-02-21 00:00:00,1.264542,1.264770,1.264339,1.264567,50
2024-02-21 01:00:00,1.264567,1.265495,1.264461,1.265389,50
2024-02-21 02:00:00,1.265389,1.265515,1.265218,1.265344,50
2024-02-21 03:00:00,1.265344,1.265465,1.265277,1.265398,50
2024-02-21 04:00:00,1.265398,1.265453,1.265006,1.265060,50
2024-02-21 05:00:00,1.265060,1.265282,1.264776,1.264998,50
2024-02-21 06:00:00,1.264998,1.265188,1.264405,1.264595,50
2024-02-21 07:00:00,1.264595,1.264895,1.264459,1.264759,50
2024-02-21 08:00:00,1.264759,1.265279,1.264679,1.265199,50
2024-02-21 09:00:00,1.265199,1.265410,1.264438,1.264649,50
2024-02-21 10:00:00,1.264649,1.264708,1.264605,1.264664,50
2024-02-21 11:00:00,1.264664,1.265067,1.264460,1.264864,50
2024-02-21 12:00:00,1.264864,1.265184,1.264760,1.265080,50
2024-02-21 13:00:00,1.265080,1.265146,1.264865,1.264931,50
2024-02-21 14:00:00,1.264931,1.264962,1.264253,1.264284,50
2024-02-21 15:00:00,1.264284,1.264495,1.263707,1.263918,50
2024-02-21 16:00:00,1.263918,1.264121,1.263158,1.263361,50
2024-02-21 17:00:00,1.263361,1.263496,1.262859,1.262994,50
2024-02-21 18:00:00,1.262994,1.263002,1.262756,1.262764,50
2024-02-21 19:00:00,1.262764,1.262841,1.262493,1.262569,50
2024-02-21 20:00:00,1.262569,1.262614,1.262046,1.262091,50
2024-02-21 21:00:00,1.262091,1.262269,1.262072,1.262250,50
2024-02-21 22:00:00,1.262250,1.262296,1.261636,1.261683,50
2024-02-21 23:00:00,1.261683,1.262652,1.261497,1.262467,50
2024-02-22 00:00:00,1.262467,1.265302,1.262358,1.265193,50
2024-02-22 01:00:00,1.265193,1.265508,1.265102,1.265417,50
2024-02-22 02:00:00,1.265417,1.265464,1.264554,1.264601,50
2024-02-22 03:00:00,1.264601,1.264661,1.264561,1.264621,50
2024-02-22 04:00:00,1.264621,1.264728,1.263951,1.264058,50
2024-02-22 05:00:00,1.264058,1.264150,1.263537,1.263629,50
2024-02-22 06:00:00,1.263629,1.263761,1.263208,1.263340,50
2024-02-22 07:00:00,1.263340,1.263447,1.262198,1.262305,50
2024-02-22 08:00:00,1.262305,1.262382,1.261690,1.261767,50
2024-02-22 09:00:00,1.261767,1.262413,1.261558,1.262204,50
2024-02-22 10:00:00,1.262204,1.262511,1.262107,1.262414,50
2024-02-22 11:00:00,1.262414,1.262993,1.262397,1.262976,50
2024-02-22 12:00:00,1.262976,1.263621,1.262854,1.263499,50
2024-02-22 13:00:00,1.263499,1.263760,1.263384,1.263645,50
2024-02-22 14:00:00,1.263645,1.263836,1.263300,1.263490,50
2024-02-22 15:00:00,1.263490,1.263554,1.263109,1.263173,50
2024-02-22 16:00:00,1.263173,1.263685,1.262961,1.263474,50
2024-02-22 17:00:00,1.263474,1.264257,1.263366,1.264150,50
2024-02-22 18:00:00,1.264150,1.264586,1.264097,1.264534,50
2024-02-22 19:00:00,1.264534,1.264671,1.264388,1.264524,50
2024-02-22 20:00:00,1.264524,1.264785,1.264335,1.264596,50
2024-02-22 21:00:00,1.264596,1.265355,1.264427,1.265185,50
2024-02-22 22:00:00,1.265185,1.265635,1.265107,1.265557,50
2024-02-22 23:00:00,1.265557,1.265701,1.264718,1.264862,50
2024-02-23 00:00:00,1.264862,1.265798,1.264820,1.265755,50
2024-02-23 01:00:00,1.265755,1.267665,1.265654,1.267564,50
2024-02-23 02:00:00,1.267564,1.267721,1.266823,1.266980,50
2024-02-23 03:00:00,1.266980,1.267166,1.266086,1.266271,50
2024-02-23 04:00:00,1.266271,1.266328,1.264825,1.264881,50
2024-02-23 05:00:00,1.264881,1.264989,1.264771,1.264879,50
2024-02-23 06:00:00,1.264879,1.265930,1.264837,1.265888,50
2024-02-23 07:00:00,1.265888,1.266620,1.265649,1.266381,50
2024-02-23 08:00:00,1.266381,1.266583,1.265909,1.266111,50
2024-02-23 09:00:00,1.266111,1.266281,1.265990,1.266161,50
2024-02-23 10:00:00,1.266161,1.267376,1.265976,1.267191,50
2024-02-23 11:00:00,1.267191,1.267412,1.265804,1.266025,50
2024-02-23 12:00:00,1.266025,1.267660,1.265858,1.267493,50
2024-02-23 13:00:00,1.267493,1.267541,1.266328,1.266376,50
2024-02-23 14:00:00,1.266376,1.266475,1.265913,1.266012,50
2024-02-23 15:00:00,1.266012,1.266502,1.265850,1.266339,50
2024-02-23 16:00:00,1.266339,1.266937,1.266278,1.266876,50
2024-02-23 17:00:00,1.266876,1.266935,1.266274,1.266333,50
2024-02-23 18:00:00,1.266333,1.267689,1.266286,1.267642,50
2024-02-23 19:00:00,1.267642,1.268516,1.267452,1.268326,50
2024-02-23 20:00:00,1.268326,1.268543,1.266864,1.267081,50
2024-02-23 21:00:00,1.267081,1.267118,1.265579,1.265615,50
2024-02-23 22:00:00,1.265615,1.267329,1.265588,1.267302,50
2024-02-23 23:00:00,1.267302,1.267863,1.267187,1.267748,50
2024-02-26 00:00:00,1.267748,1.267898,1.266648,1.266798,50
2024-02-26 01:00:00,1.266798,1.266946,1.266764,1.266912,50
2024-02-26 02:00:00,1.266912,1.267036,1.266020,1.266144,50
2024-02-26 03:00:00,1.266144,1.266189,1.265963,1.266007,50
2024-02-26 04:00:00,1.266007,1.266277,1.265994,1.266264,50
2024-02-26 05:00:00,1.266264,1.266706,1.266059,1.266501,50
2024-02-26 06:00:00,1.266501,1.266672,1.266068,1.266239,50
2024-02-26 07:00:00,1.266239,1.266863,1.266237,1.266861,50
2024-02-26 08:00:00,1.266861,1.267238,1.266815,1.267191,50
2024-02-26 09:00:00,1.267191,1.267226,1.267108,1.267143,50
2024-02-26 10:00:00,1.267143,1.267912,1.267024,1.267793,50
2024-02-26 11:00:00,1.267793,1.268772,1.267769,1.268748,50
2024-02-26 12:00:00,1.268748,1.268983,1.268640,1.268875,50
2024-02-26 13:00:00,1.268875,1.269064,1.268361,1.268550,50
2024-02-26 14:00:00,1.268550,1.268771,1.268219,1.268441,50
2024-02-26 15:00:00,1.268441,1.268639,1.268204,1.268402,50
2024-02-26 16:00:00,1.268402,1.268966,1.268324,1.268887,50
2024-02-26 17:00:00,1.268887,1.269040,1.268871,1.269024,50
2024-02-26 18:00:00,1.269024,1.269283,1.268989,1.269248,50
2024-02-26 19:00:00,1.269248,1.269601,1.269145,1.269497,50
2024-02-26 20:00:00,1.269497,1.269715,1.268913,1.269131,50
2024-02-26 21:00:00,1.269131,1.269398,1.268910,1.269176,50
2024-02-26 22:00:00,1.269176,1.269634,1.268967,1.269425,50
2024-02-26 23:00:00,1.269425,1.269619,1.267876,1.268070,50
2024-02-27 00:00:00,1.268070,1.269191,1.267862,1.268984,50
2024-02-27 01:00:00,1.268984,1.269049,1.268454,1.268519,50
2024-02-27 02:00:00,1.268519,1.268890,1.268296,1.268668,50
2024-02-27 03:00:00,1.268668,1.269046,1.268496,1.268874,50
2024-02-27 04:00:00,1.268874,1.269308,1.268766,1.269200,50
2024-02-27 05:00:00,1.269200,1.269322,1.268617,1.268740,50
2024-02-27 06:00:00,1.268740,1.269780,1.268737,1.269777,50
2024-02-27 07:00:00,1.269777,1.270424,1.269615,1.270262,50
2024-02-27 08:00:00,1.270262,1.270472,1.268461,1.268671,50
2024-02-27 09:00:00,1.268671,1.269494,1.268477,1.269300,50
2024-02-27 10:00:00,1.269300,1.269473,1.269185,1.269358,50
2024-02-27 11:00:00,1.269358,1.269891,1.269132,1.269665,50
2024-02-27 12:00:00,1.269665,1.270457,1.269461,1.270253,50
2024-02-27 13:00:00,1.270253,1.270376,1.269706,1.269830,50
2024-02-27 14:00:00,1.269830,1.270422,1.269653,1.270245,50
2024-02-27 15:00:00,1.270245,1.270465,1.268812,1.269032,50
2024-02-27 16:00:00,1.269032,1.269069,1.268450,1.268488,50
2024-02-27 17:00:00,1.268488,1.268701,1.267413,1.267627,50
2024-02-27 18:00:00,1.267627,1.267671,1.267245,1.267289,50
2024-02-27 19:00:00,1.267289,1.267361,1.266738,1.266810,50
2024-02-27 20:00:00,1.266810,1.268022,1.266725,1.267938,50
2024-02-27 21:00:00,1.267938,1.268719,1.267738,1.268519,50
2024-02-27 22:00:00,1.268519,1.270011,1.268319,1.269811,50
2024-02-27 23:00:00,1.269811,1.269837,1.269332,1.269358,50
2024-02-28 00:00:00,1.269358,1.269362,1.268810,1.268814,50
2024-02-28 01:00:00,1.268814,1.269464,1.268616,1.269266,50
2024-02-28 02:00:00,1.269266,1.269914,1.269132,1.269781,50
2024-02-28 03:00:00,1.269781,1.270219,1.269586,1.270024,50
2024-02-28 04:00:00,1.270024,1.270184,1.269891,1.270052,50
2024-02-28 05:00:00,1.270052,1.270108,1.268683,1.268738,50
2024-02-28 06:00:00,1.268738,1.268834,1.266947,1.267043,50
2024-02-28 07:00:00,1.267043,1.267082,1.266807,1.266846,50
2024-02-28 08:00:00,1.266846,1.267495,1.266776,1.267425,50
2024-02-28 09:00:00,1.267425,1.267688,1.267301,1.267564,50
2024-02-28 10:00:00,1.267564,1.267655,1.266653,1.266744,50
2024-02-28 11:00:00,1.266744,1.266940,1.266313,1.266509,50
2024-02-28 12:00:00,1.266509,1.267364,1.266477,1.267332,50
2024-02-28 13:00:00,1.267332,1.267522,1.267306,1.267496,50
2024-02-28 14:00:00,1.267496,1.267652,1.266966,1.267123,50
2024-02-28 15:00:00,1.267123,1.267197,1.266225,1.266300,50
2024-02-28 16:00:00,1.266300,1.266675,1.266122,1.266497,50
2024-02-28 17:00:00,1.266497,1.266583,1.266166,1.266251,50
2024-02-28 18:00:00,1.266251,1.267705,1.266159,1.267613,50
2024-02-28 19:00:00,1.267613,1.267896,1.267468,1.267751,50
2024-02-28 20:00:00,1.267751,1.267919,1.267354,1.267522,50
2024-02-28 21:00:00,1.267522,1.268390,1.267337,1.268205,50
2024-02-28 22:00:00,1.268205,1.268234,1.267375,1.267403,50
2024-02-28 23:00:00,1.267403,1.267559,1.266790,1.266945,50
2024-02-29 00:00:00,1.266945,1.267087,1.263931,1.264072,50
2024-02-29 01:00:00,1.264072,1.265337,1.264035,1.265300,50
2024-02-29 02:00:00,1.265300,1.266155,1.265215,1.266071,50
2024-02-29 03:00:00,1.266071,1.266373,1.265372,1.265674,50
2024-02-29 04:00:00,1.265674,1.266727,1.265423,1.266476,50
2024-02-29 05:00:00,1.266476,1.267225,1.266251,1.267000,50
2024-02-29 06:00:00,1.267000,1.267196,1.266292,1.266489,50
2024-02-29 07:00:00,1.266489,1.267072,1.266221,1.266804,50
2024-02-29 08:00:00,1.266804,1.267109,1.266728,1.267033,50
2024-02-29 09:00:00,1.267033,1.267744,1.266753,1.267463,50
2024-02-29 10:00:00,1.267463,1.267490,1.267276,1.267303,50
2024-02-29 11:00:00,1.267303,1.267310,1.266788,1.266796,50
2024-02-29 12:00:00,1.266796,1.267579,1.266562,1.267345,50
2024-02-29 13:00:00,1.267345,1.267894,1.267132,1.267682,50
2024-02-29 14:00:00,1.267682,1.267934,1.266561,1.266813,50
2024-02-29 15:00:00,1.266813,1.267015,1.266368,1.266570,50
2024-02-29 16:00:00,1.266570,1.267005,1.266330,1.266765,50
2024-02-29 17:00:00,1.266765,1.266945,1.265175,1.265355,50
2024-02-29 18:00:00,1.265355,1.265592,1.264134,1.264371,50
2024-02-29 19:00:00,1.264371,1.264598,1.263016,1.263243,50
2024-02-29 20:00:00,1.263243,1.263346,1.263070,1.263173,50
2024-02-29 21:00:00,1.263173,1.263360,1.262755,1.262942,50
2024-02-29 22:00:00,1.262942,1.263105,1.262365,1.262528,50
2024-02-29 23:00:00,1.262528,1.263451,1.262342,1.263264,50
2024-03-01 00:00:00,1.263264,1.264312,1.263101,1.264149,50
2024-03-01 01:00:00,1.264149,1.264208,1.263792,1.263851,50
2024-03-01 02:00:00,1.263851,1.263969,1.262208,1.262325,50
2024-03-01 03:00:00,1.262325,1.263644,1.262267,1.263586,50
2024-03-01 04:00:00,1.263586,1.263609,1.262345,1.262368,50
2024-03-01 05:00:00,1.262368,1.263201,1.262173,1.263006,50
2024-03-01 06:00:00,1.263006,1.263661,1.262987,1.263642,50
2024-03-01 07:00:00,1.263642,1.264277,1.263514,1.264149,50
2024-03-01 08:00:00,1.264149,1.265460,1.263957,1.265268,50
2024-03-01 09:00:00,1.265268,1.265423,1.264352,1.264507,50
2024-03-01 10:00:00,1.264507,1.264781,1.264320,1.264594,50
2024-03-01 11:00:00,1.264594,1.264792,1.263216,1.263414,50
2024-03-01 12:00:00,1.263414,1.264003,1.263388,1.263978,50
2024-03-01 13:00:00,1.263978,1.263987,1.263625,1.263635,50
2024-03-01 14:00:00,1.263635,1.264879,1.263409,1.264653,50
2024-03-01 15:00:00,1.264653,1.264673,1.263508,1.263527,50
2024-03-01 16:00:00,1.263527,1.263736,1.263253,1.263462,50
2024-03-01 17:00:00,1.263462,1.264780,1.263452,1.264769,50
2024-03-01 18:00:00,1.264769,1.264806,1.264670,1.264706,50
2024-03-01 19:00:00,1.264706,1.264764,1.264591,1.264648,50
2024-03-01 20:00:00,1.264648,1.266245,1.264524,1.266121,50
2024-03-01 21:00:00,1.266121,1.266173,1.264151,1.264203,50
2024-03-01 22:00:00,1.264203,1.264326,1.263654,1.263777,50
2024-03-01 23:00:00,1.263777,1.265363,1.263596,1.265182,50
2024-03-04 00:00:00,1.265182,1.265897,1.264882,1.265597,50
2024-03-04 01:00:00,1.265597,1.266040,1.265245,1.265688,50
2024-03-04 02:00:00,1.265688,1.266073,1.264907,1.265292,50
2024-03-04 03:00:00,1.265292,1.265593,1.264992,1.265293,50
2024-03-04 04:00:00,1.265293,1.266884,1.265142,1.266733,50
2024-03-04 05:00:00,1.266733,1.267042,1.264847,1.265156,50
2024-03-04 06:00:00,1.265156,1.265418,1.264484,1.264746,50
2024-03-04 07:00:00,1.264746,1.264957,1.263975,1.264186,50
2024-03-04 08:00:00,1.264186,1.264734,1.263974,1.264523,50
2024-03-04 09:00:00,1.264523,1.265550,1.264123,1.265150,50
2024-03-04 10:00:00,1.265150,1.265718,1.264808,1.265376,50
2024-03-04 11:00:00,1.265376,1.265861,1.265310,1.265795,50
2024-03-04 12:00:00,1.265795,1.266108,1.265309,1.265622,50
2024-03-04 13:00:00,1.265622,1.266661,1.265347,1.266386,50
2024-03-04 14:00:00,1.266386,1.267391,1.266182,1.267187,50
2024-03-04 15:00:00,1.267187,1.267449,1.265668,1.265931,50
2024-03-04 16:00:00,1.265931,1.267747,1.265818,1.267634,50
2024-03-04 17:00:00,1.267634,1.267912,1.267269,1.267547,50
2024-03-04 18:00:00,1.267547,1.268618,1.267204,1.268275,50
2024-03-04 19:00:00,1.268275,1.269600,1.267929,1.269254,50
2024-03-04 20:00:00,1.269254,1.270628,1.268917,1.270291,50
2024-03-04 21:00:00,1.270291,1.271317,1.269889,1.270915,50
2024-03-04 22:00:00,1.270915,1.271258,1.270818,1.271160,50
2024-03-04 23:00:00,1.271160,1.271222,1.270102,1.270164,50
2024-03-05 00:00:00,1.270164,1.270320,1.269263,1.269419,50
2024-03-05 01:00:00,1.269419,1.269523,1.268877,1.268981,50
2024-03-05 02:00:00,1.268981,1.269408,1.268958,1.269385,50
2024-03-05 03:00:00,1.269385,1.269551,1.269060,1.269227,50
2024-03-05 04:00:00,1.269227,1.269888,1.269038,1.269699,50
2024-03-05 05:00:00,1.269699,1.269807,1.268634,1.268742,50
2024-03-05 06:00:00,1.268742,1.269842,1.268547,1.269647,50
2024-03-05 07:00:00,1.269647,1.269721,1.269288,1.269362,50
2024-03-05 08:00:00,1.269362,1.269683,1.269276,1.269596,50
2024-03-05 09:00:00,1.269596,1.269972,1.269559,1.269935,50
2024-03-05 10:00:00,1.269935,1.271002,1.269716,1.270784,50
2024-03-05 11:00:00,1.270784,1.270923,1.270305,1.270444,50
2024-03-05 12:00:00,1.270444,1.271136,1.270399,1.271090,50
2024-03-05 13:00:00,1.271090,1.271615,1.271013,1.271539,50
2024-03-05 14:00:00,1.271539,1.272422,1.271438,1.272322,50
2024-03-05 15:00:00,1.272322,1.272568,1.272309,1.272555,50
2024-03-05 16:00:00,1.272555,1.272664,1.271183,1.271292,50
2024-03-05 17:00:00,1.271292,1.272392,1.271177,1.272276,50
2024-03-05 18:00:00,1.272276,1.272504,1.271188,1.271415,50
2024-03-05 19:00:00,1.271415,1.271497,1.270764,1.270847,50
2024-03-05 20:00:00,1.270847,1.270875,1.270640,1.270669,50
2024-03-05 21:00:00,1.270669,1.271784,1.270473,1.271589,50
2024-03-05 22:00:00,1.271589,1.271629,1.271210,1.271250,50
2024-03-05 23:00:00,1.271250,1.271381,1.271002,1.271133,50
2024-03-06 00:00:00,1.271133,1.271969,1.270993,1.271830,50
2024-03-06 01:00:00,1.271830,1.272012,1.270838,1.271020,50
2024-03-06 02:00:00,1.271020,1.271383,1.269862,1.270225,50
2024-03-06 03:00:00,1.270225,1.271110,1.270008,1.270893,50
2024-03-06 04:00:00,1.270893,1.271114,1.270816,1.271036,50
2024-03-06 05:00:00,1.271036,1.272914,1.270944,1.272822,50
2024-03-06 06:00:00,1.272822,1.272927,1.272791,1.272896,50
2024-03-06 07:00:00,1.272896,1.273152,1.271695,1.271950,50
2024-03-06 08:00:00,1.271950,1.272285,1.271472,1.271807,50
2024-03-06 09:00:00,1.271807,1.271828,1.271744,1.271766,50
2024-03-06 10:00:00,1.271766,1.272137,1.270895,1.271266,50
2024-03-06 11:00:00,1.271266,1.273123,1.270985,1.272841,50
2024-03-06 12:00:00,1.272841,1.273235,1.272767,1.273161,50
2024-03-06 13:00:00,1.273161,1.273377,1.272396,1.272612,50
2024-03-06 14:00:00,1.272612,1.272627,1.271885,1.271900,50
2024-03-06 15:00:00,1.271900,1.271967,1.271030,1.271097,50
2024-03-06 16:00:00,1.271097,1.272058,1.270803,1.271764,50
2024-03-06 17:00:00,1.271764,1.273035,1.271602,1.272873,50
2024-03-06 18:00:00,1.272873,1.273590,1.272675,1.273393,50
2024-03-06 19:00:00,1.273393,1.274423,1.273150,1.274181,50
2024-03-06 20:00:00,1.274181,1.275361,1.273876,1.275056,50
2024-03-06 21:00:00,1.275056,1.275302,1.275044,1.275290,50
2024-03-06 22:00:00,1.275290,1.275663,1.275006,1.275379,50
2024-03-06 23:00:00,1.275379,1.275788,1.275264,1.275673,50
2024-03-07 00:00:00,1.275673,1.276621,1.275375,1.276323,50
2024-03-07 01:00:00,1.276323,1.277435,1.276126,1.277238,50
2024-03-07 02:00:00,1.277238,1.277421,1.276829,1.277012,50
2024-03-07 03:00:00,1.277012,1.277229,1.276289,1.276506,50
2024-03-07 04:00:00,1.276506,1.276779,1.276049,1.276322,50
2024-03-07 05:00:00,1.276322,1.276904,1.276004,1.276586,50
2024-03-07 06:00:00,1.276586,1.276842,1.274633,1.274889,50
2024-03-07 07:00:00,1.274889,1.275150,1.274770,1.275031,50
2024-03-07 08:00:00,1.275031,1.275052,1.274906,1.274927,50
2024-03-07 09:00:00,1.274927,1.275127,1.274727,1.274927,50
2024-03-07 10:00:00,1.274927,1.276149,1.274769,1.275990,50
2024-03-07 11:00:00,1.275990,1.276052,1.275509,1.275570,50
2024-03-07 12:00:00,1.275570,1.275930,1.275300,1.275660,50
2024-03-07 13:00:00,1.275660,1.275971,1.275240,1.275551,50
2024-03-07 14:00:00,1.275551,1.275882,1.275521,1.275852,50
2024-03-07 15:00:00,1.275852,1.276163,1.275678,1.275989,50
2024-03-07 16:00:00,1.275989,1.277331,1.275772,1.277114,50
2024-03-07 17:00:00,1.277114,1.277268,1.276678,1.276833,50
2024-03-07 18:00:00,1.276833,1.277361,1.276759,1.277287,50
2024-03-07 19:00:00,1.277287,1.277456,1.277017,1.277186,50
2024-03-07 20:00:00,1.277186,1.277407,1.277036,1.277258,50
2024-03-07 21:00:00,1.277258,1.278138,1.277196,1.278076,50
2024-03-07 22:00:00,1.278076,1.279841,1.277895,1.279660,50
2024-03-07 23:00:00,1.279660,1.279666,1.279584,1.279591,50
2024-03-08 00:00:00,1.279591,1.280059,1.278984,1.279452,50
2024-03-08 01:00:00,1.279452,1.279477,1.278804,1.278829,50
2024-03-08 02:00:00,1.278829,1.279205,1.278495,1.278871,50
2024-03-08 03:00:00,1.278871,1.280517,1.278641,1.280287,50
2024-03-08 04:00:00,1.280287,1.281258,1.280015,1.280987,50
2024-03-08 05:00:00,1.280987,1.282005,1.280668,1.281686,50
2024-03-08 06:00:00,1.281686,1.283172,1.281377,1.282862,50
2024-03-08 07:00:00,1.282862,1.283074,1.282816,1.283028,50
2024-03-08 08:00:00,1.283028,1.283231,1.282241,1.282445,50
2024-03-08 09:00:00,1.282445,1.282458,1.282403,1.282416,50
2024-03-08 10:00:00,1.282416,1.282671,1.282328,1.282583,50
2024-03-08 11:00:00,1.282583,1.282920,1.281339,1.281675,50
2024-03-08 12:00:00,1.281675,1.282247,1.281211,1.281783,50
2024-03-08 13:00:00,1.281783,1.282026,1.280041,1.280284,50
2024-03-08 14:00:00,1.280284,1.281199,1.280028,1.280943,50
2024-03-08 15:00:00,1.280943,1.281911,1.280801,1.281769,50
2024-03-08 16:00:00,1.281769,1.282233,1.281454,1.281919,50
2024-03-08 17:00:00,1.281919,1.283343,1.281841,1.283265,50
2024-03-08 18:00:00,1.283265,1.284797,1.282937,1.284469,50
2024-03-08 19:00:00,1.284469,1.284690,1.283547,1.283767,50
2024-03-08 20:00:00,1.283767,1.286657,1.283367,1.286257,50
2024-03-08 21:00:00,1.286257,1.286502,1.285723,1.285968,50
2024-03-08 22:00:00,1.285968,1.286527,1.285741,1.286300,50
2024-03-08 23:00:00,1.286300,1.286680,1.284802,1.285182,50
2024-03-11 00:00:00,1.285182,1.286273,1.284979,1.286071,50
2024-03-11 01:00:00,1.286071,1.286177,1.285079,1.285186,50
2024-03-11 02:00:00,1.285186,1.285250,1.284186,1.284251,50
2024-03-11 03:00:00,1.284251,1.285252,1.283915,1.284916,50
2024-03-11 04:00:00,1.284916,1.285029,1.283580,1.283693,50
2024-03-11 05:00:00,1.283693,1.283990,1.281683,1.281980,50
2024-03-11 06:00:00,1.281980,1.282130,1.281842,1.281992,50
2024-03-11 07:00:00,1.281992,1.282249,1.281258,1.281515,50
2024-03-11 08:00:00,1.281515,1.281828,1.280182,1.280495,50
2024-03-11 09:00:00,1.280495,1.280845,1.279500,1.279850,50
2024-03-11 10:00:00,1.279850,1.280785,1.279779,1.280715,50
2024-03-11 11:00:00,1.280715,1.280784,1.280458,1.280527,50
2024-03-11 12:00:00,1.280527,1.280907,1.280260,1.280640,50
2024-03-11 13:00:00,1.280640,1.282296,1.280273,1.281929,50
2024-03-11 14:00:00,1.281929,1.281950,1.281716,1.281737,50
2024-03-11 15:00:00,1.281737,1.282715,1.281491,1.282469,50
2024-03-11 16:00:00,1.282469,1.284153,1.282108,1.283792,50
2024-03-11 17:00:00,1.283792,1.283987,1.282467,1.282662,50
2024-03-11 18:00:00,1.282662,1.282799,1.281591,1.281729,50
2024-03-11 19:00:00,1.281729,1.281841,1.281724,1.281836,50
2024-03-11 20:00:00,1.281836,1.281994,1.280546,1.280704,50
2024-03-11 21:00:00,1.280704,1.281235,1.280424,1.280955,50
2024-03-11 22:00:00,1.280955,1.281099,1.279705,1.279849,50
2024-03-11 23:00:00,1.279849,1.280835,1.279752,1.280738,50
2024-03-12 00:00:00,1.280738,1.280800,1.278849,1.278912,50
2024-03-12 01:00:00,1.278912,1.279894,1.278874,1.279857,50
2024-03-12 02:00:00,1.279857,1.280280,1.279756,1.280180,50
2024-03-12 03:00:00,1.280180,1.280398,1.279298,1.279516,50
2024-03-12 04:00:00,1.279516,1.279564,1.278692,1.278740,50
2024-03-12 05:00:00,1.278740,1.278890,1.278597,1.278746,50
2024-03-12 06:00:00,1.278746,1.279555,1.278565,1.279374,50
2024-03-12 07:00:00,1.279374,1.279442,1.279132,1.279200,50
2024-03-12 08:00:00,1.279200,1.279989,1.279068,1.279858,50
2024-03-12 09:00:00,1.279858,1.280069,1.279512,1.279723,50
2024-03-12 10:00:00,1.279723,1.279903,1.279639,1.279819,50
2024-03-12 11:00:00,1.279819,1.281407,1.279594,1.281182,50
2024-03-12 12:00:00,1.281182,1.281409,1.280016,1.280243,50
2024-03-12 13:00:00,1.280243,1.281474,1.280205,1.281436,50
2024-03-12 14:00:00,1.281436,1.281483,1.279901,1.279948,50
2024-03-12 15:00:00,1.279948,1.280660,1.279735,1.280447,50
2024-03-12 16:00:00,1.280447,1.281627,1.280411,1.281591,50
2024-03-12 17:00:00,1.281591,1.281627,1.279855,1.279890,50
2024-03-12 18:00:00,1.279890,1.280302,1.279876,1.280288,50
2024-03-12 19:00:00,1.280288,1.280415,1.280113,1.280241,50
2024-03-12 20:00:00,1.280241,1.280298,1.279212,1.279269,50
2024-03-12 21:00:00,1.279269,1.279376,1.278962,1.279070,50
2024-03-12 22:00:00,1.279070,1.279159,1.278725,1.278815,50
2024-03-12 23:00:00,1.278815,1.279014,1.278410,1.278609,50
2024-03-13 00:00:00,1.278609,1.278834,1.277224,1.277449,50
2024-03-13 01:00:00,1.277449,1.277586,1.277223,1.277360,50
2024-03-13 02:00:00,1.277360,1.278073,1.277261,1.277974,50
2024-03-13 03:00:00,1.277974,1.278428,1.277780,1.278233,50
2024-03-13 04:00:00,1.278233,1.278906,1.278084,1.278756,50
2024-03-13 05:00:00,1.278756,1.279583,1.278554,1.279381,50
2024-03-13 06:00:00,1.279381,1.279447,1.279147,1.279214,50
2024-03-13 07:00:00,1.279214,1.279313,1.279147,1.279246,50
2024-03-13 08:00:00,1.279246,1.279326,1.279061,1.279140,50
2024-03-13 09:00:00,1.279140,1.279703,1.278969,1.279531,50
2024-03-13 10:00:00,1.279531,1.279743,1.279454,1.279666,50
2024-03-13 11:00:00,1.279666,1.279860,1.279535,1.279728,50
2024-03-13 12:00:00,1.279728,1.280041,1.279501,1.279814,50
2024-03-13 13:00:00,1.279814,1.280226,1.279591,1.280003,50
2024-03-13 14:00:00,1.280003,1.280028,1.279709,1.279734,50
2024-03-13 15:00:00,1.279734,1.279949,1.279676,1.279891,50
2024-03-13 16:00:00,1.279891,1.280076,1.279875,1.280060,50
2024-03-13 17:00:00,1.280060,1.280376,1.279873,1.280189,50
2024-03-13 18:00:00,1.280189,1.280469,1.280107,1.280387,50
2024-03-13 19:00:00,1.280387,1.280795,1.280203,1.280611,50
2024-03-13 20:00:00,1.280611,1.281037,1.280395,1.280821,50
2024-03-13 21:00:00,1.280821,1.280986,1.280496,1.280660,50
2024-03-13 22:00:00,1.280660,1.280938,1.280583,1.280861,50
2024-03-13 23:00:00,1.280861,1.281030,1.279749,1.279918,50
2024-03-14 00:00:00,1.279918,1.280677,1.279561,1.280319,50
2024-03-14 01:00:00,1.280319,1.281044,1.280205,1.280930,50
2024-03-14 02:00:00,1.280930,1.281214,1.280422,1.280706,50
2024-03-14 03:00:00,1.280706,1.281090,1.278875,1.279259,50
2024-03-14 04:00:00,1.279259,1.279492,1.278607,1.278840,50
2024-03-14 05:00:00,1.278840,1.279371,1.278604,1.279134,50
2024-03-14 06:00:00,1.279134,1.279336,1.277981,1.278183,50
2024-03-14 07:00:00,1.278183,1.278194,1.277680,1.277691,50
2024-03-14 08:00:00,1.277691,1.278016,1.276531,1.276856,50
2024-03-14 09:00:00,1.276856,1.277263,1.274801,1.275208,50
2024-03-14 10:00:00,1.275208,1.276263,1.274876,1.275931,50
2024-03-14 11:00:00,1.275931,1.275938,1.275758,1.275764,50
2024-03-14 12:00:00,1.275764,1.275972,1.275189,1.275397,50
2024-03-14 13:00:00,1.275397,1.276623,1.275007,1.276233,50
2024-03-14 14:00:00,1.276233,1.276508,1.274933,1.275209,50
2024-03-14 15:00:00,1.275209,1.276952,1.274981,1.276725,50
2024-03-14 16:00:00,1.276725,1.277101,1.274988,1.275364,50
2024-03-14 17:00:00,1.275364,1.276623,1.275349,1.276608,50
2024-03-14 18:00:00,1.276608,1.279369,1.276382,1.279143,50
2024-03-14 19:00:00,1.279143,1.279487,1.275731,1.276076,50
2024-03-14 20:00:00,1.276076,1.276355,1.274992,1.275271,50
2024-03-14 21:00:00,1.275271,1.275843,1.275018,1.275590,50
2024-03-14 22:00:00,1.275590,1.275803,1.274682,1.274895,50
2024-03-14 23:00:00,1.274895,1.274940,1.274815,1.274860,50
2024-03-15 00:00:00,1.274860,1.276546,1.274697,1.276383,50
2024-03-15 01:00:00,1.276383,1.276578,1.275916,1.276110,50
2024-03-15 02:00:00,1.276110,1.276149,1.275159,1.275198,50
2024-03-15 03:00:00,1.275198,1.275333,1.274436,1.274571,50
2024-03-15 04:00:00,1.274571,1.274738,1.274431,1.274597,50
2024-03-15 05:00:00,1.274597,1.274629,1.274594,1.274627,50
2024-03-15 06:00:00,1.274627,1.274842,1.274574,1.274789,50
2024-03-15 07:00:00,1.274789,1.274813,1.274329,1.274353,50
2024-03-15 08:00:00,1.274353,1.274845,1.274230,1.274722,50
2024-03-15 09:00:00,1.274722,1.275448,1.274569,1.275294,50
2024-03-15 10:00:00,1.275294,1.275401,1.274602,1.274708,50
2024-03-15 11:00:00,1.274708,1.274878,1.273461,1.273631,50
2024-03-15 12:00:00,1.273631,1.274069,1.273495,1.273932,50
2024-03-15 13:00:00,1.273932,1.274112,1.272444,1.272624,50
2024-03-15 14:00:00,1.272624,1.273194,1.272565,1.273135,50
2024-03-15 15:00:00,1.273135,1.273352,1.272853,1.273069,50
2024-03-15 16:00:00,1.273069,1.273484,1.273048,1.273462,50
2024-03-15 17:00:00,1.273462,1.273769,1.273378,1.273684,50
2024-03-15 18:00:00,1.273684,1.273988,1.273676,1.273980,50
2024-03-15 19:00:00,1.273980,1.274937,1.273861,1.274818,50
2024-03-15 20:00:00,1.274818,1.274945,1.274765,1.274892,50
2024-03-15 21:00:00,1.274892,1.275495,1.274765,1.275368,50
2024-03-15 22:00:00,1.275368,1.276165,1.275187,1.275984,50
2024-03-15 23:00:00,1.275984,1.276151,1.274042,1.274210,50
2024-03-18 00:00:00,1.274210,1.275280,1.273999,1.275069,50
2024-03-18 01:00:00,1.275069,1.275069,1.273937,1.273937,50
2024-03-18 02:00:00,1.273937,1.274251,1.273787,1.274101,50
2024-03-18 03:00:00,1.274101,1.274250,1.273684,1.273834,50
2024-03-18 04:00:00,1.273834,1.275170,1.273621,1.274958,50
2024-03-18 05:00:00,1.274958,1.275421,1.274920,1.275383,50
2024-03-18 06:00:00,1.275383,1.275383,1.273455,1.273455,50
2024-03-18 07:00:00,1.273455,1.273562,1.271868,1.271975,50
2024-03-18 08:00:00,1.271975,1.273323,1.271814,1.273162,50
2024-03-18 09:00:00,1.273162,1.273375,1.271973,1.272187,50
2024-03-18 10:00:00,1.272187,1.273180,1.272142,1.273135,50
2024-03-18 11:00:00,1.273135,1.273876,1.273006,1.273747,50
2024-03-18 12:00:00,1.273747,1.273839,1.273249,1.273341,50
2024-03-18 13:00:00,1.273341,1.275273,1.273322,1.275254,50
2024-03-18 14:00:00,1.275254,1.275325,1.274890,1.274961,50
2024-03-18 15:00:00,1.274961,1.275953,1.274773,1.275765,50
2024-03-18 16:00:00,1.275765,1.275906,1.274722,1.274863,50
2024-03-18 17:00:00,1.274863,1.275168,1.274686,1.274991,50
2024-03-18 18:00:00,1.274991,1.275170,1.274591,1.274770,50
2024-03-18 19:00:00,1.274770,1.275693,1.274692,1.275616,50
2024-03-18 20:00:00,1.275616,1.275715,1.274419,1.274518,50
2024-03-18 21:00:00,1.274518,1.274724,1.273825,1.274031,50
2024-03-18 22:00:00,1.274031,1.274124,1.273174,1.273267,50
2024-03-18 23:00:00,1.273267,1.273638,1.273191,1.273561,50
2024-03-19 00:00:00,1.273561,1.273720,1.271493,1.271653,50
2024-03-19 01:00:00,1.271653,1.271841,1.270504,1.270691,50
2024-03-19 02:00:00,1.270691,1.270796,1.270556,1.270660,50
2024-03-19 03:00:00,1.270660,1.271900,1.270549,1.271789,50
2024-03-19 04:00:00,1.271789,1.271956,1.270353,1.270521,50
2024-03-19 05:00:00,1.270521,1.271084,1.270393,1.270956,50
2024-03-19 06:00:00,1.270956,1.271420,1.270842,1.271306,50
2024-03-19 07:00:00,1.271306,1.272209,1.271302,1.272204,50
2024-03-19 08:00:00,1.272204,1.272348,1.270641,1.270784,50
2024-03-19 09:00:00,1.270784,1.271642,1.270677,1.271535,50
2024-03-19 10:00:00,1.271535,1.271755,1.270497,1.270717,50
2024-03-19 11:00:00,1.270717,1.271348,1.270632,1.271263,50
2024-03-19 12:00:00,1.271263,1.271450,1.270376,1.270564,50
2024-03-19 13:00:00,1.270564,1.271145,1.270515,1.271096,50
2024-03-19 14:00:00,1.271096,1.271267,1.270630,1.270800,50
2024-03-19 15:00:00,1.270800,1.274439,1.270695,1.274334,50
2024-03-19 16:00:00,1.274334,1.274408,1.274088,1.274162,50
2024-03-19 17:00:00,1.274162,1.274350,1.273335,1.273523,50
2024-03-19 18:00:00,1.273523,1.274143,1.273469,1.274089,50
2024-03-19 19:00:00,1.274089,1.274189,1.272866,1.272966,50
2024-03-19 20:00:00,1.272966,1.273017,1.272736,1.272786,50
2024-03-19 21:00:00,1.272786,1.272941,1.271449,1.271604,50
2024-03-19 22:00:00,1.271604,1.272301,1.271540,1.272237,50
2024-03-19 23:00:00,1.272237,1.272347,1.271184,1.271294,50
2024-03-20 00:00:00,1.271294,1.271424,1.271164,1.271294,50
2024-03-20 01:00:00,1.271294,1.271368,1.271221,1.271294,50
2024-03-20 02:00:00,1.271294,1.271312,1.271276,1.271294,50
2024-03-20 03:00:00,1.271294,1.271323,1.271265,1.271294,50
2024-03-20 04:00:00,1.271294,1.271512,1.271076,1.271294,50
2024-03-20 05:00:00,1.271294,1.271320,1.271269,1.271294,50
2024-03-20 06:00:00,1.271294,1.271520,1.271068,1.271294,50
2024-03-20 07:00:00,1.271294,1.271518,1.271071,1.271294,50
2024-03-20 08:00:00,1.271294,1.271294,1.271294,1.271294,50
2024-03-20 09:00:00,1.271294,1.271451,1.271137,1.271294,50
2024-03-20 10:00:00,1.271294,1.271295,1.271293,1.271294,50
2024-03-20 11:00:00,1.271294,1.271325,1.271263,1.271294,50
2024-03-20 12:00:00,1.271294,1.271486,1.271102,1.271294,50
2024-03-20 13:00:00,1.271294,1.271452,1.271136,1.271294,50
2024-03-20 14:00:00,1.271294,1.271472,1.271117,1.271294,50
2024-03-20 15:00:00,1.271294,1.271334,1.271254,1.271294,50
2024-03-20 16:00:00,1.271294,1.271345,1.271243,1.271294,50
2024-03-20 17:00:00,1.271294,1.271429,1.271159,1.271294,50
2024-03-20 18:00:00,1.271294,1.271331,1.271258,1.271294,50
2024-03-20 19:00:00,1.271294,1.271348,1.271240,1.271294,50
2024-03-20 20:00:00,1.271294,1.271332,1.271256,1.271294,50
2024-03-20 21:00:00,1.271294,1.271367,1.271221,1.271294,50
2024-03-20 22:00:00,1.271294,1.271465,1.271124,1.271294,50
2024-03-20 23:00:00,1.271294,1.271472,1.271117,1.271294,50
2024-03-21 00:00:00,1.271294,1.271407,1.271100,1.271213,50
2024-03-21 01:00:00,1.271213,1.272037,1.270887,1.271711,50
2024-03-21 02:00:00,1.271711,1.272282,1.271593,1.272164,50
2024-03-21 03:00:00,1.272164,1.272327,1.271632,1.271795,50
2024-03-21 04:00:00,1.271795,1.272039,1.271438,1.271681,50
2024-03-21 05:00:00,1.271681,1.271868,1.271214,1.271401,50
2024-03-21 06:00:00,1.271401,1.271537,1.270629,1.270766,50
2024-03-21 07:00:00,1.270766,1.270860,1.269859,1.269953,50
2024-03-21 08:00:00,1.269953,1.269983,1.269807,1.269837,50
2024-03-21 09:00:00,1.269837,1.269852,1.269098,1.269113,50
2024-03-21 10:00:00,1.269113,1.269321,1.268752,1.268959,50
2024-03-21 11:00:00,1.268959,1.269489,1.268802,1.269332,50
2024-03-21 12:00:00,1.269332,1.270425,1.269122,1.270215,50
2024-03-21 13:00:00,1.270215,1.270710,1.269883,1.270378,50
2024-03-21 14:00:00,1.270378,1.270736,1.269853,1.270211,50
2024-03-21 15:00:00,1.270211,1.270439,1.269783,1.270012,50
2024-03-21 16:00:00,1.270012,1.270575,1.269838,1.270402,50
2024-03-21 17:00:00,1.270402,1.270447,1.270175,1.270220,50
2024-03-21 18:00:00,1.270220,1.270262,1.269568,1.269610,50
2024-03-21 19:00:00,1.269610,1.269962,1.267440,1.267792,50
2024-03-21 20:00:00,1.267792,1.268123,1.266489,1.266821,50
2024-03-21 21:00:00,1.266821,1.267177,1.265720,1.266076,50
2024-03-21 22:00:00,1.266076,1.267683,1.265997,1.267605,50
2024-03-21 23:00:00,1.267605,1.267845,1.266705,1.266945,50
2024-03-22 00:00:00,1.266945,1.267594,1.266559,1.267207,50
2024-03-22 01:00:00,1.267207,1.268501,1.266993,1.268287,50
2024-03-22 02:00:00,1.268287,1.268579,1.265129,1.265422,50
2024-03-22 03:00:00,1.265422,1.265894,1.263298,1.263771,50
2024-03-22 04:00:00,1.263771,1.264164,1.262897,1.263290,50
2024-03-22 05:00:00,1.263290,1.264947,1.263273,1.264930,50
2024-03-22 06:00:00,1.264930,1.266141,1.264431,1.265641,50
2024-03-22 07:00:00,1.265641,1.266122,1.265264,1.265745,50
2024-03-22 08:00:00,1.265745,1.267399,1.265360,1.267014,50
2024-03-22 09:00:00,1.267014,1.267451,1.263407,1.263844,50
2024-03-22 10:00:00,1.263844,1.266736,1.263789,1.266681,50
2024-03-22 11:00:00,1.266681,1.267355,1.266608,1.267282,50
2024-03-22 12:00:00,1.267282,1.268095,1.266868,1.267681,50
2024-03-22 13:00:00,1.267681,1.267682,1.267250,1.267251,50
2024-03-22 14:00:00,1.267251,1.268166,1.266978,1.267892,50
2024-03-22 15:00:00,1.267892,1.268359,1.266753,1.267220,50
2024-03-22 16:00:00,1.267220,1.267581,1.264549,1.264910,50
2024-03-22 17:00:00,1.264910,1.265298,1.263259,1.263647,50
2024-03-22 18:00:00,1.263647,1.263809,1.262705,1.262867,50
2024-03-22 19:00:00,1.262867,1.263226,1.261111,1.261470,50
2024-03-22 20:00:00,1.261470,1.262590,1.261455,1.262576,50
2024-03-22 21:00:00,1.262576,1.265544,1.262303,1.265271,50
2024-03-22 22:00:00,1.265271,1.265473,1.263016,1.263217,50
2024-03-22 23:00:00,1.263217,1.263710,1.259746,1.260239,50
2024-03-25 00:00:00,1.260239,1.262226,1.259876,1.261863,50
2024-03-25 01:00:00,1.261863,1.261941,1.261208,1.261286,50
2024-03-25 02:00:00,1.261286,1.261964,1.261119,1.261796,50
2024-03-25 03:00:00,1.261796,1.261914,1.261384,1.261502,50
2024-03-25 04:00:00,1.261502,1.261951,1.261260,1.261709,50
2024-03-25 05:00:00,1.261709,1.262523,1.261649,1.262463,50
2024-03-25 06:00:00,1.262463,1.263142,1.262252,1.262930,50
2024-03-25 07:00:00,1.262930,1.263063,1.262479,1.262611,50
2024-03-25 08:00:00,1.262611,1.262967,1.262483,1.262838,50
2024-03-25 09:00:00,1.262838,1.262900,1.262314,1.262376,50
2024-03-25 10:00:00,1.262376,1.264395,1.262124,1.264144,50
2024-03-25 11:00:00,1.264144,1.265828,1.264102,1.265787,50
2024-03-25 12:00:00,1.265787,1.265951,1.263939,1.264103,50
2024-03-25 13:00:00,1.264103,1.264627,1.264058,1.264582,50
2024-03-25 14:00:00,1.264582,1.265286,1.264513,1.265217,50
2024-03-25 15:00:00,1.265217,1.265362,1.263847,1.263993,50
2024-03-25 16:00:00,1.263993,1.264305,1.259003,1.259315,50
2024-03-25 17:00:00,1.259315,1.259931,1.259240,1.259856,50
2024-03-25 18:00:00,1.259856,1.260884,1.259599,1.260627,50
2024-03-25 19:00:00,1.260627,1.262046,1.260291,1.261709,50
2024-03-25 20:00:00,1.261709,1.262698,1.261624,1.262613,50
2024-03-25 21:00:00,1.262613,1.265383,1.262577,1.265347,50
2024-03-25 22:00:00,1.265347,1.265596,1.265157,1.265406,50
2024-03-25 23:00:00,1.265406,1.265708,1.264560,1.264862,50
2024-03-26 00:00:00,1.264862,1.264931,1.264608,1.264676,50
2024-03-26 01:00:00,1.264676,1.265099,1.264486,1.264909,50
2024-03-26 02:00:00,1.264909,1.265030,1.264671,1.264793,50
2024-03-26 03:00:00,1.264793,1.265686,1.264744,1.265637,50
2024-03-26 04:00:00,1.265637,1.265751,1.264004,1.264119,50
2024-03-26 05:00:00,1.264119,1.265354,1.264076,1.265311,50
2024-03-26 06:00:00,1.265311,1.265504,1.265166,1.265359,50
2024-03-26 07:00:00,1.265359,1.265909,1.265248,1.265798,50
2024-03-26 08:00:00,1.265798,1.265842,1.264835,1.264879,50
2024-03-26 09:00:00,1.264879,1.264885,1.263301,1.263307,50
2024-03-26 10:00:00,1.263307,1.264027,1.263187,1.263907,50
2024-03-26 11:00:00,1.263907,1.264569,1.263775,1.264436,50
2024-03-26 12:00:00,1.264436,1.265122,1.264368,1.265054,50
2024-03-26 13:00:00,1.265054,1.265508,1.264980,1.265434,50
2024-03-26 14:00:00,1.265434,1.265553,1.264278,1.264397,50
2024-03-26 15:00:00,1.264397,1.264432,1.264189,1.264224,50
2024-03-26 16:00:00,1.264224,1.264299,1.263504,1.263579,50
2024-03-26 17:00:00,1.263579,1.263665,1.263199,1.263286,50
2024-03-26 18:00:00,1.263286,1.263333,1.262427,1.262475,50
2024-03-26 19:00:00,1.262475,1.263818,1.262365,1.263708,50
2024-03-26 20:00:00,1.263708,1.263885,1.261832,1.262009,50
2024-03-26 21:00:00,1.262009,1.263744,1.261818,1.263553,50
2024-03-26 22:00:00,1.263553,1.263611,1.262715,1.262773,50
2024-03-26 23:00:00,1.262773,1.262995,1.262724,1.262945,50
2024-03-27 00:00:00,1.262945,1.263078,1.261101,1.261233,50
2024-03-27 01:00:00,1.261233,1.262123,1.261225,1.262115,50
2024-03-27 02:00:00,1.262115,1.262658,1.262106,1.262649,50
2024-03-27 03:00:00,1.262649,1.263311,1.262428,1.263090,50
2024-03-27 04:00:00,1.263090,1.263301,1.262837,1.263049,50
2024-03-27 05:00:00,1.263049,1.263103,1.261936,1.261990,50
2024-03-27 06:00:00,1.261990,1.262021,1.261100,1.261130,50
2024-03-27 07:00:00,1.261130,1.261317,1.261123,1.261310,50
2024-03-27 08:00:00,1.261310,1.262119,1.261286,1.262095,50
2024-03-27 09:00:00,1.262095,1.263019,1.262060,1.262984,50
2024-03-27 10:00:00,1.262984,1.263755,1.262790,1.263561,50
2024-03-27 11:00:00,1.263561,1.263676,1.262032,1.262147,50
2024-03-27 12:00:00,1.262147,1.262326,1.262015,1.262194,50
2024-03-27 13:00:00,1.262194,1.262222,1.261466,1.261493,50
2024-03-27 14:00:00,1.261493,1.262105,1.261329,1.261941,50
2024-03-27 15:00:00,1.261941,1.262401,1.261762,1.262222,50
2024-03-27 16:00:00,1.262222,1.263107,1.262129,1.263014,50
2024-03-27 17:00:00,1.263014,1.263110,1.262400,1.262496,50
2024-03-27 18:00:00,1.262496,1.262586,1.262210,1.262299,50
2024-03-27 19:00:00,1.262299,1.262446,1.262091,1.262238,50
2024-03-27 20:00:00,1.262238,1.264158,1.262210,1.264130,50
2024-03-27 21:00:00,1.264130,1.264923,1.264127,1.264920,50
2024-03-27 22:00:00,1.264920,1.264962,1.264443,1.264486,50
2024-03-27 23:00:00,1.264486,1.264587,1.263004,1.263105,50
2024-03-28 00:00:00,1.263105,1.263237,1.262618,1.262750,50
2024-03-28 01:00:00,1.262750,1.262808,1.261801,1.261859,50
2024-03-28 02:00:00,1.261859,1.262060,1.261261,1.261461,50
2024-03-28 03:00:00,1.261461,1.261631,1.261200,1.261369,50
2024-03-28 04:00:00,1.261369,1.262238,1.261330,1.262199,50
2024-03-28 05:00:00,1.262199,1.262719,1.262157,1.262677,50
2024-03-28 06:00:00,1.262677,1.262892,1.261757,1.261973,50
2024-03-28 07:00:00,1.261973,1.262622,1.261758,1.262407,50
2024-03-28 08:00:00,1.262407,1.262919,1.262384,1.262896,50
2024-03-28 09:00:00,1.262896,1.263687,1.262707,1.263497,50
2024-03-28 10:00:00,1.263497,1.263519,1.263259,1.263280,50
2024-03-28 11:00:00,1.263280,1.263674,1.263138,1.263531,50
2024-03-28 12:00:00,1.263531,1.263883,1.263314,1.263665,50
2024-03-28 13:00:00,1.263665,1.263666,1.263353,1.263354,50
2024-03-28 14:00:00,1.263354,1.263478,1.262533,1.262657,50
2024-03-28 15:00:00,1.262657,1.262900,1.262592,1.262835,50
2024-03-28 16:00:00,1.262835,1.263518,1.262748,1.263432,50
2024-03-28 17:00:00,1.263432,1.264203,1.263356,1.264128,50
2024-03-28 18:00:00,1.264128,1.264664,1.264097,1.264633,50
2024-03-28 19:00:00,1.264633,1.264711,1.264455,1.264533,50
2024-03-28 20:00:00,1.264533,1.264827,1.264496,1.264791,50
2024-03-28 21:00:00,1.264791,1.265313,1.264638,1.265159,50
2024-03-28 22:00:00,1.265159,1.265239,1.263736,1.263816,50
2024-03-28 23:00:00,1.263816,1.263966,1.263275,1.263424,50
2024-03-29 00:00:00,1.263424,1.263525,1.262366,1.262467,50
2024-03-29 01:00:00,1.262467,1.262690,1.261965,1.262187,50
2024-03-29 02:00:00,1.262187,1.263433,1.262149,1.263394,50
2024-03-29 03:00:00,1.263394,1.263405,1.262751,1.262762,50
2024-03-29 04:00:00,1.262762,1.263170,1.262556,1.262964,50
2024-03-29 05:00:00,1.262964,1.263560,1.262794,1.263390,50
2024-03-29 06:00:00,1.263390,1.263487,1.262368,1.262465,50
2024-03-29 07:00:00,1.262465,1.262602,1.262167,1.262303,50
2024-03-29 08:00:00,1.262303,1.262956,1.262148,1.262801,50
2024-03-29 09:00:00,1.262801,1.264331,1.262578,1.264108,50
2024-03-29 10:00:00,1.264108,1.264245,1.263645,1.263781,50
2024-03-29 11:00:00,1.263781,1.263805,1.262607,1.262631,50
2024-03-29 12:00:00,1.262631,1.262861,1.262491,1.262721,50
2024-03-29 13:00:00,1.262721,1.262841,1.261568,1.261688,50
2024-03-29 14:00:00,1.261688,1.262825,1.261622,1.262759,50
2024-03-29 15:00:00,1.262759,1.262946,1.262537,1.262724,50
2024-03-29 16:00:00,1.262724,1.263246,1.262569,1.263091,50
2024-03-29 17:00:00,1.263091,1.263122,1.263056,1.263087,50
2024-03-29 18:00:00,1.263087,1.263815,1.263038,1.263766,50
2024-03-29 19:00:00,1.263766,1.264866,1.263539,1.264639,50
2024-03-29 20:00:00,1.264639,1.264839,1.264590,1.264790,50
2024-03-29 21:00:00,1.264790,1.265607,1.264662,1.265479,50
2024-03-29 22:00:00,1.265479,1.265669,1.264085,1.264275,50
2024-03-29 23:00:00,1.264275,1.264435,1.263583,1.263743,50
2024-04-01 00:00:00,1.263743,1.263999,1.261866,1.262122,50
2024-04-01 01:00:00,1.262122,1.262535,1.257054,1.257468,50
2024-04-01 02:00:00,1.257468,1.257805,1.257284,1.257620,50
2024-04-01 03:00:00,1.257620,1.258233,1.255135,1.255748,50
2024-04-01 04:00:00,1.255748,1.256980,1.255302,1.256534,50
2024-04-01 05:00:00,1.256534,1.259411,1.255779,1.258656,50
2024-04-01 06:00:00,1.258656,1.258755,1.256354,1.256453,50
2024-04-01 07:00:00,1.256453,1.258932,1.255858,1.258338,50
2024-04-01 08:00:00,1.258338,1.262266,1.258223,1.262152,50
2024-04-01 09:00:00,1.262152,1.262879,1.262148,1.262874,50
2024-04-01 10:00:00,1.262874,1.265624,1.262598,1.265348,50
2024-04-01 11:00:00,1.265348,1.265977,1.264954,1.265582,50
2024-04-01 12:00:00,1.265582,1.266253,1.263371,1.264041,50
2024-04-01 13:00:00,1.264041,1.264627,1.262373,1.262959,50
2024-04-01 14:00:00,1.262959,1.263333,1.259722,1.260096,50
2024-04-01 15:00:00,1.260096,1.263280,1.259353,1.262537,50
2024-04-01 16:00:00,1.262537,1.262814,1.260921,1.261198,50
2024-04-01 17:00:00,1.261198,1.261935,1.259584,1.260321,50
2024-04-01 18:00:00,1.260321,1.260455,1.257597,1.257731,50
2024-04-01 19:00:00,1.257731,1.258045,1.253883,1.254197,50
2024-04-01 20:00:00,1.254197,1.254697,1.254152,1.254652,50
2024-04-01 21:00:00,1.254652,1.254997,1.252364,1.252709,50
2024-04-01 22:00:00,1.252709,1.254282,1.252400,1.253973,50
2024-04-01 23:00:00,1.253973,1.254676,1.253845,1.254548,50
2024-04-02 00:00:00,1.254548,1.254763,1.254142,1.254357,50
2024-04-02 01:00:00,1.254357,1.254568,1.254336,1.254547,50
2024-04-02 02:00:00,1.254547,1.254997,1.254346,1.254796,50
2024-04-02 03:00:00,1.254796,1.255038,1.254791,1.255033,50
2024-04-02 04:00:00,1.255033,1.255114,1.254849,1.254930,50
2024-04-02 05:00:00,1.254930,1.255081,1.254543,1.254694,50
2024-04-02 06:00:00,1.254694,1.254999,1.254670,1.254975,50
2024-04-02 07:00:00,1.254975,1.255615,1.254778,1.255417,50
2024-04-02 08:00:00,1.255417,1.255729,1.255281,1.255594,50
2024-04-02 09:00:00,1.255594,1.255934,1.255505,1.255846,50
2024-04-02 10:00:00,1.255846,1.256572,1.255735,1.256461,50
2024-04-02 11:00:00,1.256461,1.256859,1.256357,1.256755,50
2024-04-02 12:00:00,1.256755,1.256876,1.256751,1.256873,50
2024-04-02 13:00:00,1.256873,1.257077,1.256850,1.257055,50
2024-04-02 14:00:00,1.257055,1.257376,1.256810,1.257131,50
2024-04-02 15:00:00,1.257131,1.257428,1.256928,1.257225,50
2024-04-02 16:00:00,1.257225,1.257455,1.257028,1.257259,50
2024-04-02 17:00:00,1.257259,1.257453,1.257172,1.257367,50
2024-04-02 18:00:00,1.257367,1.257443,1.257294,1.257370,50
2024-04-02 19:00:00,1.257370,1.257756,1.257266,1.257652,50
2024-04-02 20:00:00,1.257652,1.258260,1.257537,1.258145,50
2024-04-02 21:00:00,1.258145,1.258314,1.257774,1.257943,50
2024-04-02 22:00:00,1.257943,1.258022,1.257672,1.257751,50
2024-04-02 23:00:00,1.257751,1.257983,1.257313,1.257545,50
2024-04-03 00:00:00,1.257545,1.261428,1.257115,1.260998,50
2024-04-03 01:00:00,1.260998,1.261477,1.259850,1.260329,50
2024-04-03 02:00:00,1.260329,1.260578,1.259656,1.259905,50
2024-04-03 03:00:00,1.259905,1.260232,1.259892,1.260219,50
2024-04-03 04:00:00,1.260219,1.260379,1.256209,1.256370,50
2024-04-03 05:00:00,1.256370,1.262942,1.256219,1.262792,50
2024-04-03 06:00:00,1.262792,1.262934,1.260469,1.260611,50
2024-04-03 07:00:00,1.260611,1.260883,1.260297,1.260569,50
2024-04-03 08:00:00,1.260569,1.260624,1.259083,1.259138,50
2024-04-03 09:00:00,1.259138,1.261782,1.258826,1.261470,50
2024-04-03 10:00:00,1.261470,1.261866,1.259424,1.259821,50
2024-04-03 11:00:00,1.259821,1.263215,1.259787,1.263181,50
2024-04-03 12:00:00,1.263181,1.263621,1.260903,1.261342,50
2024-04-03 13:00:00,1.261342,1.261500,1.260865,1.261023,50
2024-04-03 14:00:00,1.261023,1.263797,1.260984,1.263757,50
2024-04-03 15:00:00,1.263757,1.264018,1.262679,1.262940,50
2024-04-03 16:00:00,1.262940,1.264220,1.262492,1.263773,50
2024-04-03 17:00:00,1.263773,1.263854,1.258230,1.258311,50
2024-04-03 18:00:00,1.258311,1.259927,1.257844,1.259460,50
2024-04-03 19:00:00,1.259460,1.259568,1.258318,1.258426,50
2024-04-03 20:00:00,1.258426,1.259114,1.258060,1.258749,50
2024-04-03 21:00:00,1.258749,1.258782,1.257571,1.257604,50
2024-04-03 22:00:00,1.257604,1.258125,1.257566,1.258087,50
2024-04-03 23:00:00,1.258087,1.263909,1.257602,1.263424,50
2024-04-04 00:00:00,1.263424,1.265888,1.263303,1.265768,50
2024-04-04 01:00:00,1.265768,1.266586,1.265691,1.266510,50
2024-04-04 02:00:00,1.266510,1.266525,1.264680,1.264695,50
2024-04-04 03:00:00,1.264695,1.264865,1.264084,1.264254,50
2024-04-04 04:00:00,1.264254,1.264400,1.263233,1.263378,50
2024-04-04 05:00:00,1.263378,1.263667,1.262431,1.262720,50
2024-04-04 06:00:00,1.262720,1.263395,1.262514,1.263190,50
2024-04-04 07:00:00,1.263190,1.263796,1.263025,1.263631,50
2024-04-04 08:00:00,1.263631,1.263796,1.262761,1.262926,50
2024-04-04 09:00:00,1.262926,1.263235,1.262767,1.263077,50
2024-04-04 10:00:00,1.263077,1.264946,1.262923,1.264792,50
2024-04-04 11:00:00,1.264792,1.264911,1.263127,1.263246,50
2024-04-04 12:00:00,1.263246,1.263449,1.263074,1.263277,50
2024-04-04 13:00:00,1.263277,1.264314,1.263075,1.264112,50
2024-04-04 14:00:00,1.264112,1.264201,1.263614,1.263703,50
2024-04-04 15:00:00,1.263703,1.265073,1.263481,1.264852,50
2024-04-04 16:00:00,1.264852,1.267707,1.264794,1.267650,50
2024-04-04 17:00:00,1.267650,1.267673,1.267308,1.267332,50
2024-04-04 18:00:00,1.267332,1.267581,1.267014,1.267263,50
2024-04-04 19:00:00,1.267263,1.267421,1.266190,1.266348,50
2024-04-04 20:00:00,1.266348,1.266496,1.265586,1.265734,50
2024-04-04 21:00:00,1.265734,1.265849,1.264914,1.265029,50
2024-04-04 22:00:00,1.265029,1.266834,1.264860,1.266665,50
2024-04-04 23:00:00,1.266665,1.267190,1.266420,1.266945,50
2024-04-05 00:00:00,1.266945,1.267710,1.266917,1.267682,50
2024-04-05 01:00:00,1.267682,1.267950,1.264972,1.265240,50
2024-04-05 02:00:00,1.265240,1.267121,1.264931,1.266813,50
2024-04-05 03:00:00,1.266813,1.266884,1.265645,1.265717,50
2024-04-05 04:00:00,1.265717,1.265854,1.265593,1.265730,50
2024-04-05 05:00:00,1.265730,1.266218,1.265442,1.265930,50
2024-04-05 06:00:00,1.265930,1.266078,1.264911,1.265059,50
2024-04-05 07:00:00,1.265059,1.265520,1.264997,1.265458,50
2024-04-05 08:00:00,1.265458,1.266849,1.265226,1.266617,50
2024-04-05 09:00:00,1.266617,1.266696,1.264888,1.264967,50
2024-04-05 10:00:00,1.264967,1.266278,1.264858,1.266169,50
2024-04-05 11:00:00,1.266169,1.266364,1.264843,1.265037,50
2024-04-05 12:00:00,1.265037,1.265345,1.263382,1.263690,50
2024-04-05 13:00:00,1.263690,1.263801,1.263043,1.263154,50
2024-04-05 14:00:00,1.263154,1.263284,1.262756,1.262885,50
2024-04-05 15:00:00,1.262885,1.263572,1.262582,1.263268,50
2024-04-05 16:00:00,1.263268,1.264691,1.263102,1.264525,50
2024-04-05 17:00:00,1.264525,1.264570,1.264481,1.264526,50
2024-04-05 18:00:00,1.264526,1.264701,1.263212,1.263386,50
2024-04-05 19:00:00,1.263386,1.263922,1.263367,1.263903,50
2024-04-05 20:00:00,1.263903,1.263913,1.263294,1.263303,50
2024-04-05 21:00:00,1.263303,1.263506,1.262325,1.262528,50
2024-04-05 22:00:00,1.262528,1.263743,1.262414,1.263629,50
2024-04-05 23:00:00,1.263629,1.263786,1.263107,1.263264,50
2024-04-08 00:00:00,1.263264,1.265296,1.263054,1.265086,50
2024-04-08 01:00:00,1.265086,1.265146,1.264117,1.264177,50
2024-04-08 02:00:00,1.264177,1.264361,1.263877,1.264061,50
2024-04-08 03:00:00,1.264061,1.265054,1.263979,1.264972,50
2024-04-08 04:00:00,1.264972,1.265338,1.264887,1.265253,50
2024-04-08 05:00:00,1.265253,1.265374,1.263630,1.263752,50
2024-04-08 06:00:00,1.263752,1.264127,1.263577,1.263953,50
2024-04-08 07:00:00,1.263953,1.264103,1.262892,1.263042,50
2024-04-08 08:00:00,1.263042,1.264688,1.262847,1.264492,50
2024-04-08 09:00:00,1.264492,1.265482,1.264284,1.265274,50
2024-04-08 10:00:00,1.265274,1.265463,1.263146,1.263335,50
2024-04-08 11:00:00,1.263335,1.263553,1.262988,1.263206,50
2024-04-08 12:00:00,1.263206,1.263714,1.263124,1.263632,50
2024-04-08 13:00:00,1.263632,1.264563,1.263518,1.264449,50
2024-04-08 14:00:00,1.264449,1.264913,1.264228,1.264693,50
2024-04-08 15:00:00,1.264693,1.264719,1.263838,1.263864,50
2024-04-08 16:00:00,1.263864,1.264372,1.263843,1.264351,50
2024-04-08 17:00:00,1.264351,1.264551,1.263163,1.263363,50
2024-04-08 18:00:00,1.263363,1.263581,1.262537,1.262756,50
2024-04-08 19:00:00,1.262756,1.262876,1.262365,1.262485,50
2024-04-08 20:00:00,1.262485,1.263914,1.262362,1.263792,50
2024-04-08 21:00:00,1.263792,1.264329,1.263788,1.264326,50
2024-04-08 22:00:00,1.264326,1.265104,1.264119,1.264898,50
2024-04-08 23:00:00,1.264898,1.265704,1.264696,1.265502,50
2024-04-09 00:00:00,1.265502,1.266198,1.265280,1.265975,50
2024-04-09 01:00:00,1.265975,1.266134,1.264956,1.265115,50
2024-04-09 02:00:00,1.265115,1.267070,1.264968,1.266923,50
2024-04-09 03:00:00,1.266923,1.268628,1.266742,1.268446,50
2024-04-09 04:00:00,1.268446,1.268530,1.267582,1.267665,50
2024-04-09 05:00:00,1.267665,1.267801,1.267634,1.267770,50
2024-04-09 06:00:00,1.267770,1.267852,1.266055,1.266137,50
2024-04-09 07:00:00,1.266137,1.266300,1.266032,1.266195,50
2024-04-09 08:00:00,1.266195,1.266348,1.264866,1.265019,50
2024-04-09 09:00:00,1.265019,1.265121,1.264542,1.264644,50
2024-04-09 10:00:00,1.264644,1.266086,1.264579,1.266021,50
2024-04-09 11:00:00,1.266021,1.266799,1.265836,1.266614,50
2024-04-09 12:00:00,1.266614,1.266801,1.266459,1.266646,50
2024-04-09 13:00:00,1.266646,1.267665,1.266527,1.267546,50
2024-04-09 14:00:00,1.267546,1.267622,1.267002,1.267078,50
2024-04-09 15:00:00,1.267078,1.267151,1.266987,1.267060,50
2024-04-09 16:00:00,1.267060,1.267078,1.266485,1.266502,50
2024-04-09 17:00:00,1.266502,1.266620,1.264662,1.264780,50
2024-04-09 18:00:00,1.264780,1.265140,1.264704,1.265064,50
2024-04-09 19:00:00,1.265064,1.265168,1.264932,1.265036,50
2024-04-09 20:00:00,1.265036,1.265776,1.264956,1.265696,50
2024-04-09 21:00:00,1.265696,1.265899,1.265523,1.265725,50
2024-04-09 22:00:00,1.265725,1.265778,1.264891,1.264944,50
2024-04-09 23:00:00,1.264944,1.267642,1.264890,1.267588,50
2024-04-10 00:00:00,1.267588,1.267638,1.259016,1.259066,50
2024-04-10 01:00:00,1.259066,1.259367,1.251449,1.251751,50
2024-04-10 02:00:00,1.251751,1.252466,1.251116,1.251832,50
2024-04-10 03:00:00,1.251832,1.254976,1.251554,1.254698,50
2024-04-10 04:00:00,1.254698,1.260881,1.254523,1.260706,50
2024-04-10 05:00:00,1.260706,1.262761,1.259811,1.261866,50
2024-04-10 06:00:00,1.261866,1.268013,1.260865,1.267012,50
2024-04-10 07:00:00,1.267012,1.267892,1.264936,1.265817,50
2024-04-10 08:00:00,1.265817,1.266677,1.265018,1.265879,50
2024-04-10 09:00:00,1.265879,1.270290,1.265662,1.270073,50
2024-04-10 10:00:00,1.270073,1.270110,1.266953,1.266990,50
2024-04-10 11:00:00,1.266990,1.268814,1.266385,1.268209,50
2024-04-10 12:00:00,1.268209,1.270037,1.267846,1.269673,50
2024-04-10 13:00:00,1.269673,1.270210,1.267578,1.268115,50
2024-04-10 14:00:00,1.268115,1.270343,1.268000,1.270227,50
2024-04-10 15:00:00,1.270227,1.271080,1.263279,1.264131,50
2024-04-10 16:00:00,1.264131,1.264747,1.262973,1.263589,50
2024-04-10 17:00:00,1.263589,1.264007,1.260993,1.261411,50
2024-04-10 18:00:00,1.261411,1.266928,1.260806,1.266323,50
2024-04-10 19:00:00,1.266323,1.266945,1.260707,1.261329,50
2024-04-10 20:00:00,1.261329,1.262727,1.261236,1.262634,50
2024-04-10 21:00:00,1.262634,1.263157,1.257224,1.257746,50
2024-04-10 22:00:00,1.257746,1.258353,1.257205,1.257813,50
2024-04-10 23:00:00,1.257813,1.258347,1.253856,1.254390,50
2024-04-11 00:00:00,1.254390,1.254535,1.253670,1.253815,50
2024-04-11 01:00:00,1.253815,1.253899,1.253456,1.253540,50
2024-04-11 02:00:00,1.253540,1.253769,1.253318,1.253547,50
2024-04-11 03:00:00,1.253547,1.254080,1.253329,1.253862,50
2024-04-11 04:00:00,1.253862,1.254063,1.253364,1.253564,50
2024-04-11 05:00:00,1.253564,1.253715,1.252607,1.252757,50
2024-04-11 06:00:00,1.252757,1.253244,1.252565,1.253052,50
2024-04-11 07:00:00,1.253052,1.253152,1.252394,1.252495,50
2024-04-11 08:00:00,1.252495,1.252708,1.252197,1.252411,50
2024-04-11 09:00:00,1.252411,1.254311,1.252274,1.254174,50
2024-04-11 10:00:00,1.254174,1.255919,1.254054,1.255799,50
2024-04-11 11:00:00,1.255799,1.256019,1.255205,1.255425,50
2024-04-11 12:00:00,1.255425,1.255581,1.253881,1.254037,50
2024-04-11 13:00:00,1.254037,1.254247,1.253148,1.253358,50
2024-04-11 14:00:00,1.253358,1.254286,1.253270,1.254199,50
2024-04-11 15:00:00,1.254199,1.254281,1.253147,1.253229,50
2024-04-11 16:00:00,1.253229,1.253428,1.253067,1.253267,50
2024-04-11 17:00:00,1.253267,1.253419,1.252233,1.252385,50
2024-04-11 18:00:00,1.252385,1.252501,1.251962,1.252078,50
2024-04-11 19:00:00,1.252078,1.252102,1.252015,1.252039,50
2024-04-11 20:00:00,1.252039,1.252916,1.251916,1.252794,50
2024-04-11 21:00:00,1.252794,1.253893,1.252608,1.253707,50
2024-04-11 22:00:00,1.253707,1.253846,1.253188,1.253326,50
2024-04-11 23:00:00,1.253326,1.253495,1.253278,1.253447,50
2024-04-12 00:00:00,1.253447,1.253598,1.252297,1.252448,50
2024-04-12 01:00:00,1.252448,1.254128,1.252444,1.254125,50
2024-04-12 02:00:00,1.254125,1.254626,1.253746,1.254247,50
2024-04-12 03:00:00,1.254247,1.254283,1.253582,1.253618,50
2024-04-12 04:00:00,1.253618,1.255021,1.253605,1.255008,50
2024-04-12 05:00:00,1.255008,1.255200,1.253389,1.253581,50
2024-04-12 06:00:00,1.253581,1.253977,1.252291,1.252688,50
2024-04-12 07:00:00,1.252688,1.253300,1.252027,1.252639,50
2024-04-12 08:00:00,1.252639,1.253047,1.250289,1.250697,50
2024-04-12 09:00:00,1.250697,1.250972,1.250575,1.250851,50
2024-04-12 10:00:00,1.250851,1.252329,1.250506,1.251984,50
2024-04-12 11:00:00,1.251984,1.252397,1.250640,1.251053,50
2024-04-12 12:00:00,1.251053,1.251355,1.248723,1.249025,50
2024-04-12 13:00:00,1.249025,1.249490,1.246525,1.246990,50
2024-04-12 14:00:00,1.246990,1.247281,1.246364,1.246656,50
2024-04-12 15:00:00,1.246656,1.247754,1.246480,1.247578,50
2024-04-12 16:00:00,1.247578,1.247732,1.246687,1.246841,50
2024-04-12 17:00:00,1.246841,1.247353,1.246402,1.246913,50
2024-04-12 18:00:00,1.246913,1.247602,1.246807,1.247496,50
2024-04-12 19:00:00,1.247496,1.247932,1.245795,1.246231,50
2024-04-12 20:00:00,1.246231,1.246853,1.244570,1.245192,50
2024-04-12 21:00:00,1.245192,1.246391,1.244962,1.246161,50
2024-04-12 22:00:00,1.246161,1.246800,1.245547,1.246186,50
2024-04-12 23:00:00,1.246186,1.246818,1.245009,1.245640,50
2024-04-15 00:00:00,1.245640,1.246392,1.245552,1.246304,50
2024-04-15 01:00:00,1.246304,1.246398,1.245650,1.245744,50
2024-04-15 02:00:00,1.245744,1.246948,1.245730,1.246934,50
2024-04-15 03:00:00,1.246934,1.246962,1.246412,1.246440,50
2024-04-15 04:00:00,1.246440,1.246559,1.246409,1.246528,50
2024-04-15 05:00:00,1.246528,1.246690,1.245470,1.245632,50
2024-04-15 06:00:00,1.245632,1.245838,1.244409,1.244616,50
2024-04-15 07:00:00,1.244616,1.244795,1.244596,1.244775,50
2024-04-15 08:00:00,1.244775,1.244864,1.244148,1.244236,50
2024-04-15 09:00:00,1.244236,1.244918,1.244056,1.244738,50
2024-04-15 10:00:00,1.244738,1.245330,1.244698,1.245291,50
2024-04-15 11:00:00,1.245291,1.246387,1.245227,1.246324,50
2024-04-15 12:00:00,1.246324,1.246436,1.245783,1.245896,50
2024-04-15 13:00:00,1.245896,1.246539,1.245871,1.246514,50
2024-04-15 14:00:00,1.246514,1.246558,1.245759,1.245803,50
2024-04-15 15:00:00,1.245803,1.245897,1.245290,1.245384,50
2024-04-15 16:00:00,1.245384,1.245496,1.245380,1.245492,50
2024-04-15 17:00:00,1.245492,1.245505,1.245141,1.245154,50
2024-04-15 18:00:00,1.245154,1.245884,1.244949,1.245679,50
2024-04-15 19:00:00,1.245679,1.245865,1.245466,1.245652,50
2024-04-15 20:00:00,1.245652,1.245981,1.245446,1.245775,50
2024-04-15 21:00:00,1.245775,1.246563,1.245641,1.246429,50
2024-04-15 22:00:00,1.246429,1.247772,1.246376,1.247719,50
2024-04-15 23:00:00,1.247719,1.247889,1.246402,1.246572,50
2024-04-16 00:00:00,1.246572,1.246791,1.245920,1.246139,50
2024-04-16 01:00:00,1.246139,1.246328,1.245065,1.245254,50
2024-04-16 02:00:00,1.245254,1.245418,1.244725,1.244889,50
2024-04-16 03:00:00,1.244889,1.244998,1.244847,1.244956,50
2024-04-16 04:00:00,1.244956,1.245126,1.244138,1.244308,50
2024-04-16 05:00:00,1.244308,1.244318,1.244213,1.244222,50
2024-04-16 06:00:00,1.244222,1.244341,1.244115,1.244234,50
2024-04-16 07:00:00,1.244234,1.244471,1.244024,1.244260,50
2024-04-16 08:00:00,1.244260,1.244467,1.243808,1.244015,50
2024-04-16 09:00:00,1.244015,1.244620,1.243872,1.244477,50
2024-04-16 10:00:00,1.244477,1.244603,1.243577,1.243703,50
2024-04-16 11:00:00,1.243703,1.243721,1.243019,1.243037,50
2024-04-16 12:00:00,1.243037,1.243814,1.242886,1.243663,50
2024-04-16 13:00:00,1.243663,1.243978,1.243581,1.243896,50
2024-04-16 14:00:00,1.243896,1.244595,1.243822,1.244521,50
2024-04-16 15:00:00,1.244521,1.244957,1.244463,1.244898,50
2024-04-16 16:00:00,1.244898,1.245603,1.244681,1.245386,50
2024-04-16 17:00:00,1.245386,1.246556,1.245232,1.246402,50
2024-04-16 18:00:00,1.246402,1.246580,1.246361,1.246538,50
2024-04-16 19:00:00,1.246538,1.246643,1.246055,1.246160,50
2024-04-16 20:00:00,1.246160,1.247192,1.246062,1.247093,50
2024-04-16 21:00:00,1.247093,1.247309,1.246885,1.247101,50
2024-04-16 22:00:00,1.247101,1.247209,1.247053,1.247161,50
2024-04-16 23:00:00,1.247161,1.247164,1.243624,1.243626,50
2024-04-17 00:00:00,1.243626,1.243821,1.243523,1.243717,50
2024-04-17 01:00:00,1.243717,1.243932,1.243112,1.243326,50
2024-04-17 02:00:00,1.243326,1.243380,1.242922,1.242976,50
2024-04-17 03:00:00,1.242976,1.243217,1.242815,1.243056,50
2024-04-17 04:00:00,1.243056,1.243077,1.242292,1.242314,50
2024-04-17 05:00:00,1.242314,1.243681,1.242217,1.243584,50
2024-04-17 06:00:00,1.243584,1.244586,1.243375,1.244378,50
2024-04-17 07:00:00,1.244378,1.244520,1.244132,1.244275,50
2024-04-17 08:00:00,1.244275,1.244368,1.243884,1.243977,50
2024-04-17 09:00:00,1.243977,1.244613,1.243799,1.244435,50
2024-04-17 10:00:00,1.244435,1.244863,1.244246,1.244673,50
2024-04-17 11:00:00,1.244673,1.244834,1.244569,1.244730,50
2024-04-17 12:00:00,1.244730,1.245398,1.244693,1.245361,50
2024-04-17 13:00:00,1.245361,1.245539,1.242393,1.242571,50
2024-04-17 14:00:00,1.242571,1.242582,1.242058,1.242070,50
2024-04-17 15:00:00,1.242070,1.242268,1.241899,1.242098,50
2024-04-17 16:00:00,1.242098,1.242983,1.242092,1.242977,50
2024-04-17 17:00:00,1.242977,1.243615,1.242785,1.243423,50
2024-04-17 18:00:00,1.243423,1.243805,1.243275,1.243657,50
2024-04-17 19:00:00,1.243657,1.243873,1.242935,1.243151,50
2024-04-17 20:00:00,1.243151,1.245275,1.242955,1.245079,50
2024-04-17 21:00:00,1.245079,1.245428,1.245064,1.245412,50
2024-04-17 22:00:00,1.245412,1.245570,1.244802,1.244960,50
2024-04-17 23:00:00,1.244960,1.245090,1.244115,1.244245,50
2024-04-18 00:00:00,1.244245,1.244522,1.244207,1.244484,50
2024-04-18 01:00:00,1.244484,1.244663,1.244427,1.244607,50
2024-04-18 02:00:00,1.244607,1.244728,1.244392,1.244513,50
2024-04-18 03:00:00,1.244513,1.244628,1.244102,1.244217,50
2024-04-18 04:00:00,1.244217,1.244352,1.243978,1.244113,50
2024-04-18 05:00:00,1.244113,1.244263,1.243389,1.243539,50
2024-04-18 06:00:00,1.243539,1.245133,1.243443,1.245037,50
2024-04-18 07:00:00,1.245037,1.245487,1.244832,1.245282,50
2024-04-18 08:00:00,1.245282,1.245410,1.245217,1.245345,50
2024-04-18 09:00:00,1.245345,1.245958,1.245230,1.245843,50
2024-04-18 10:00:00,1.245843,1.246735,1.245639,1.246531,50
2024-04-18 11:00:00,1.246531,1.247170,1.246356,1.246994,50
2024-04-18 12:00:00,1.246994,1.247211,1.245338,1.245555,50
2024-04-18 13:00:00,1.245555,1.246011,1.245346,1.245802,50
2024-04-18 14:00:00,1.245802,1.246260,1.245733,1.246191,50
2024-04-18 15:00:00,1.246191,1.246197,1.245974,1.245980,50
2024-04-18 16:00:00,1.245980,1.246543,1.245965,1.246527,50
2024-04-18 17:00:00,1.246527,1.246669,1.246260,1.246401,50
2024-04-18 18:00:00,1.246401,1.246485,1.245605,1.245689,50
2024-04-18 19:00:00,1.245689,1.246625,1.245538,1.246474,50
2024-04-18 20:00:00,1.246474,1.247426,1.246327,1.247279,50
2024-04-18 21:00:00,1.247279,1.247375,1.246236,1.246332,50
2024-04-18 22:00:00,1.246332,1.246491,1.245356,1.245514,50
2024-04-18 23:00:00,1.245514,1.246743,1.245343,1.246572,50
2024-04-19 00:00:00,1.246572,1.247072,1.245849,1.246350,50
2024-04-19 01:00:00,1.246350,1.246968,1.246109,1.246727,50
2024-04-19 02:00:00,1.246727,1.247606,1.246188,1.247067,50
2024-04-19 03:00:00,1.247067,1.247255,1.244551,1.244740,50
2024-04-19 04:00:00,1.244740,1.248071,1.244600,1.247932,50
2024-04-19 05:00:00,1.247932,1.248279,1.245706,1.246053,50
2024-04-19 06:00:00,1.246053,1.246667,1.245536,1.246150,50
2024-04-19 07:00:00,1.246150,1.246488,1.240863,1.241200,50
2024-04-19 08:00:00,1.241200,1.243927,1.240989,1.243716,50
2024-04-19 09:00:00,1.243716,1.244094,1.242997,1.243376,50
2024-04-19 10:00:00,1.243376,1.243465,1.240117,1.240206,50
2024-04-19 11:00:00,1.240206,1.240559,1.240116,1.240469,50
2024-04-19 12:00:00,1.240469,1.241492,1.240182,1.241205,50
2024-04-19 13:00:00,1.241205,1.241638,1.240634,1.241067,50
2024-04-19 14:00:00,1.241067,1.242043,1.240510,1.241487,50
2024-04-19 15:00:00,1.241487,1.242149,1.241447,1.242109,50
2024-04-19 16:00:00,1.242109,1.242276,1.241071,1.241237,50
2024-04-19 17:00:00,1.241237,1.244716,1.241217,1.244695,50
2024-04-19 18:00:00,1.244695,1.244998,1.243043,1.243346,50
2024-04-19 19:00:00,1.243346,1.243842,1.242311,1.242807,50
2024-04-19 20:00:00,1.242807,1.244242,1.242540,1.243976,50
2024-04-19 21:00:00,1.243976,1.244389,1.241003,1.241416,50
2024-04-19 22:00:00,1.241416,1.241746,1.239870,1.240199,50
2024-04-19 23:00:00,1.240199,1.240335,1.239636,1.239772,50
2024-04-22 00:00:00,1.239772,1.241009,1.239667,1.240904,50
2024-04-22 01:00:00,1.240904,1.241123,1.240375,1.240594,50
2024-04-22 02:00:00,1.240594,1.241009,1.239326,1.239742,50
2024-04-22 03:00:00,1.239742,1.239755,1.239362,1.239376,50
2024-04-22 04:00:00,1.239376,1.239980,1.239209,1.239813,50
2024-04-22 05:00:00,1.239813,1.240265,1.238705,1.239156,50
2024-04-22 06:00:00,1.239156,1.239344,1.238937,1.239125,50
2024-04-22 07:00:00,1.239125,1.239491,1.237437,1.237803,50
2024-04-22 08:00:00,1.237803,1.238070,1.237092,1.237360,50
2024-04-22 09:00:00,1.237360,1.237647,1.236707,1.236995,50
2024-04-22 10:00:00,1.236995,1.237078,1.235783,1.235866,50
2024-04-22 11:00:00,1.235866,1.236485,1.235578,1.236198,50
2024-04-22 12:00:00,1.236198,1.236442,1.235906,1.236151,50
2024-04-22 13:00:00,1.236151,1.237029,1.235847,1.236726,50
2024-04-22 14:00:00,1.236726,1.236967,1.235228,1.235469,50
2024-04-22 15:00:00,1.235469,1.235514,1.234966,1.235011,50
2024-04-22 16:00:00,1.235011,1.236686,1.234715,1.236390,50
2024-04-22 17:00:00,1.236390,1.236756,1.235237,1.235603,50
2024-04-22 18:00:00,1.235603,1.237228,1.235215,1.236840,50
2024-04-22 19:00:00,1.236840,1.237249,1.235669,1.236078,50
2024-04-22 20:00:00,1.236078,1.236474,1.234591,1.234987,50
2024-04-22 21:00:00,1.234987,1.235416,1.233595,1.234024,50
2024-04-22 22:00:00,1.234024,1.234203,1.232800,1.232979,50
2024-04-22 23:00:00,1.232979,1.234567,1.232522,1.234111,50
2024-04-23 00:00:00,1.234111,1.243745,1.233749,1.243383,50
2024-04-23 01:00:00,1.243383,1.243813,1.242143,1.242572,50
2024-04-23 02:00:00,1.242572,1.242870,1.237447,1.237746,50
2024-04-23 03:00:00,1.237746,1.238433,1.236213,1.236900,50
2024-04-23 04:00:00,1.236900,1.237807,1.236331,1.237238,50
2024-04-23 05:00:00,1.237238,1.237662,1.235246,1.235670,50
2024-04-23 06:00:00,1.235670,1.238859,1.235519,1.238709,50
2024-04-23 07:00:00,1.238709,1.239587,1.238402,1.239281,50
2024-04-23 08:00:00,1.239281,1.239321,1.237489,1.237529,50
2024-04-23 09:00:00,1.237529,1.238284,1.237324,1.238080,50
2024-04-23 10:00:00,1.238080,1.238478,1.237355,1.237753,50
2024-04-23 11:00:00,1.237753,1.237967,1.234235,1.234449,50
2024-04-23 12:00:00,1.234449,1.234816,1.231872,1.232239,50
2024-04-23 13:00:00,1.232239,1.237905,1.231703,1.237370,50
2024-04-23 14:00:00,1.237370,1.242774,1.236807,1.242212,50
2024-04-23 15:00:00,1.242212,1.242573,1.240781,1.241142,50
2024-04-23 16:00:00,1.241142,1.241218,1.237933,1.238009,50
2024-04-23 17:00:00,1.238009,1.238435,1.237205,1.237630,50
2024-04-23 18:00:00,1.237630,1.238811,1.237239,1.238420,50
2024-04-23 19:00:00,1.238420,1.242211,1.237641,1.241432,50
2024-04-23 20:00:00,1.241432,1.242190,1.239514,1.240272,50
2024-04-23 21:00:00,1.240272,1.244825,1.239665,1.244219,50
2024-04-23 22:00:00,1.244219,1.245619,1.243944,1.245344,50
2024-04-23 23:00:00,1.245344,1.245576,1.243239,1.243472,50
2024-04-24 00:00:00,1.243472,1.243509,1.243435,1.243472,50
2024-04-24 01:00:00,1.243472,1.243543,1.243400,1.243472,50
2024-04-24 02:00:00,1.243472,1.243533,1.243410,1.243472,50
2024-04-24 03:00:00,1.243472,1.243595,1.243349,1.243472,50
2024-04-24 04:00:00,1.243472,1.243680,1.243264,1.243472,50
2024-04-24 05:00:00,1.243472,1.243587,1.243357,1.243472,50
2024-04-24 06:00:00,1.243472,1.243549,1.243395,1.243472,50
2024-04-24 07:00:00,1.243472,1.243550,1.243393,1.243472,50
2024-04-24 08:00:00,1.243472,1.243688,1.243255,1.243472,50
2024-04-24 09:00:00,1.243472,1.243610,1.243333,1.243472,50
2024-04-24 10:00:00,1.243472,1.243473,1.243471,1.243472,50
2024-04-24 11:00:00,1.243472,1.243521,1.243422,1.243472,50
2024-04-24 12:00:00,1.243472,1.243668,1.243276,1.243472,50
2024-04-24 13:00:00,1.243472,1.243567,1.243377,1.243472,50
2024-04-24 14:00:00,1.243472,1.243599,1.243344,1.243472,50
2024-04-24 15:00:00,1.243472,1.243674,1.243269,1.243472,50
2024-04-24 16:00:00,1.243472,1.243501,1.243442,1.243472,50
2024-04-24 17:00:00,1.243472,1.243554,1.243390,1.243472,50
2024-04-24 18:00:00,1.243472,1.243504,1.243439,1.243472,50
2024-04-24 19:00:00,1.243472,1.243500,1.243443,1.243472,50
2024-04-24 20:00:00,1.243472,1.243538,1.243406,1.243472,50
2024-04-24 21:00:00,1.243472,1.243569,1.243374,1.243472,50
2024-04-24 22:00:00,1.243472,1.243525,1.243418,1.243472,50
2024-04-24 23:00:00,1.243472,1.243511,1.243432,1.243472,50
2024-04-25 00:00:00,1.243472,1.245399,1.243225,1.245152,50
2024-04-25 01:00:00,1.245152,1.245395,1.245066,1.245309,50
2024-04-25 02:00:00,1.245309,1.245403,1.244336,1.244430,50
2024-04-25 03:00:00,1.244430,1.244809,1.242920,1.243299,50
2024-04-25 04:00:00,1.243299,1.243400,1.242190,1.242291,50
2024-04-25 05:00:00,1.242291,1.247219,1.242262,1.247190,50
2024-04-25 06:00:00,1.247190,1.247466,1.247172,1.247448,50
2024-04-25 07:00:00,1.247448,1.247634,1.246462,1.246648,50
2024-04-25 08:00:00,1.246648,1.246880,1.245602,1.245835,50
2024-04-25 09:00:00,1.245835,1.247695,1.245747,1.247607,50
2024-04-25 10:00:00,1.247607,1.247886,1.246329,1.246608,50
2024-04-25 11:00:00,1.246608,1.246832,1.246488,1.246711,50
2024-04-25 12:00:00,1.246711,1.246960,1.244448,1.244696,50
2024-04-25 13:00:00,1.244696,1.246051,1.244422,1.245777,50
2024-04-25 14:00:00,1.245777,1.246017,1.245426,1.245667,50
2024-04-25 15:00:00,1.245667,1.245978,1.245264,1.245575,50
2024-04-25 16:00:00,1.245575,1.245777,1.245483,1.245685,50
2024-04-25 17:00:00,1.245685,1.247782,1.245287,1.247385,50
2024-04-25 18:00:00,1.247385,1.248640,1.247213,1.248469,50
2024-04-25 19:00:00,1.248469,1.249032,1.248454,1.249017,50
2024-04-25 20:00:00,1.249017,1.250375,1.248660,1.250018,50
2024-04-25 21:00:00,1.250018,1.250916,1.249658,1.250556,50
2024-04-25 22:00:00,1.250556,1.250608,1.249105,1.249157,50
2024-04-25 23:00:00,1.249157,1.249577,1.248955,1.249375,50
2024-04-26 00:00:00,1.249375,1.249511,1.248437,1.248573,50
2024-04-26 01:00:00,1.248573,1.248636,1.248124,1.248187,50
2024-04-26 02:00:00,1.248187,1.248398,1.248142,1.248354,50
2024-04-26 03:00:00,1.248354,1.248518,1.247388,1.247553,50
2024-04-26 04:00:00,1.247553,1.248746,1.247511,1.248704,50
2024-04-26 05:00:00,1.248704,1.248924,1.247993,1.248214,50
2024-04-26 06:00:00,1.248214,1.248411,1.247640,1.247838,50
2024-04-26 07:00:00,1.247838,1.248319,1.247737,1.248218,50
2024-04-26 08:00:00,1.248218,1.248871,1.248019,1.248672,50
2024-04-26 09:00:00,1.248672,1.249273,1.248517,1.249119,50
2024-04-26 10:00:00,1.249119,1.249170,1.248771,1.248823,50
2024-04-26 11:00:00,1.248823,1.249240,1.248685,1.249102,50
2024-04-26 12:00:00,1.249102,1.249547,1.249013,1.249458,50
2024-04-26 13:00:00,1.249458,1.249928,1.249397,1.249867,50
2024-04-26 14:00:00,1.249867,1.250399,1.249702,1.250233,50
2024-04-26 15:00:00,1.250233,1.250300,1.249515,1.249582,50
2024-04-26 16:00:00,1.249582,1.249778,1.248694,1.248890,50
2024-04-26 17:00:00,1.248890,1.249048,1.248359,1.248517,50
2024-04-26 18:00:00,1.248517,1.248621,1.247672,1.247776,50
2024-04-26 19:00:00,1.247776,1.247994,1.246730,1.246948,50
2024-04-26 20:00:00,1.246948,1.247416,1.246875,1.247342,50
2024-04-26 21:00:00,1.247342,1.247378,1.246891,1.246926,50
2024-04-26 22:00:00,1.246926,1.246978,1.246440,1.246491,50
2024-04-26 23:00:00,1.246491,1.247550,1.246291,1.247349,50
2024-04-29 00:00:00,1.247349,1.248527,1.247278,1.248456,50
2024-04-29 01:00:00,1.248456,1.248525,1.247236,1.247304,50
2024-04-29 02:00:00,1.247304,1.247495,1.246188,1.246379,50
2024-04-29 03:00:00,1.246379,1.247203,1.246270,1.247094,50
2024-04-29 04:00:00,1.247094,1.248497,1.246508,1.247912,50
2024-04-29 05:00:00,1.247912,1.248078,1.247323,1.247489,50
2024-04-29 06:00:00,1.247489,1.247842,1.245399,1.245752,50
2024-04-29 07:00:00,1.245752,1.247590,1.245620,1.247457,50
2024-04-29 08:00:00,1.247457,1.248101,1.246040,1.246684,50
2024-04-29 09:00:00,1.246684,1.246864,1.246419,1.246599,50
2024-04-29 10:00:00,1.246599,1.247101,1.246240,1.246743,50
2024-04-29 11:00:00,1.246743,1.249857,1.246121,1.249235,50
2024-04-29 12:00:00,1.249235,1.249633,1.248357,1.248754,50
2024-04-29 13:00:00,1.248754,1.249429,1.248391,1.249066,50
2024-04-29 14:00:00,1.249066,1.251210,1.249005,1.251149,50
2024-04-29 15:00:00,1.251149,1.251710,1.250809,1.251371,50
2024-04-29 16:00:00,1.251371,1.251566,1.250193,1.250388,50
2024-04-29 17:00:00,1.250388,1.251118,1.250104,1.250834,50
2024-04-29 18:00:00,1.250834,1.252401,1.250423,1.251991,50
2024-04-29 19:00:00,1.251991,1.254180,1.251591,1.253780,50
2024-04-29 20:00:00,1.253780,1.256081,1.253354,1.255655,50
2024-04-29 21:00:00,1.255655,1.257008,1.255385,1.256738,50
2024-04-29 22:00:00,1.256738,1.257081,1.256488,1.256831,50
2024-04-29 23:00:00,1.256831,1.257477,1.254689,1.255335,50
2024-04-30 00:00:00,1.255335,1.255482,1.254322,1.254469,50
2024-04-30 01:00:00,1.254469,1.255062,1.254428,1.255021,50
2024-04-30 02:00:00,1.255021,1.255700,1.254871,1.255550,50
2024-04-30 03:00:00,1.255550,1.255748,1.255475,1.255674,50
2024-04-30 04:00:00,1.255674,1.255973,1.255256,1.255555,50
2024-04-30 05:00:00,1.255555,1.255590,1.255533,1.255568,50
2024-04-30 06:00:00,1.255568,1.255642,1.255176,1.255250,50
2024-04-30 07:00:00,1.255250,1.255753,1.254980,1.255483,50
2024-04-30 08:00:00,1.255483,1.255594,1.255224,1.255335,50
2024-04-30 09:00:00,1.255335,1.256135,1.255320,1.256121,50
2024-04-30 10:00:00,1.256121,1.256271,1.255899,1.256049,50
2024-04-30 11:00:00,1.256049,1.256216,1.254908,1.255075,50
2024-04-30 12:00:00,1.255075,1.255676,1.254955,1.255557,50
2024-04-30 13:00:00,1.255557,1.255806,1.253581,1.253829,50
2024-04-30 14:00:00,1.253829,1.254803,1.253649,1.254623,50
2024-04-30 15:00:00,1.254623,1.254921,1.252961,1.253260,50
2024-04-30 16:00:00,1.253260,1.253521,1.252666,1.252927,50
2024-04-30 17:00:00,1.252927,1.253163,1.251945,1.252181,50
2024-04-30 18:00:00,1.252181,1.252197,1.252066,1.252081,50
2024-04-30 19:00:00,1.252081,1.252177,1.252043,1.252139,50
2024-04-30 20:00:00,1.252139,1.252312,1.251727,1.251900,50
2024-04-30 21:00:00,1.251900,1.252082,1.251580,1.251762,50
2024-04-30 22:00:00,1.251762,1.251859,1.251386,1.251483,50
2024-04-30 23:00:00,1.251483,1.251703,1.251188,1.251408,50
2024-05-01 00:00:00,1.251408,1.251434,1.251038,1.251065,50
2024-05-01 01:00:00,1.251065,1.251255,1.250932,1.251121,50
2024-05-01 02:00:00,1.251121,1.251465,1.250994,1.251337,50
2024-05-01 03:00:00,1.251337,1.251379,1.250360,1.250402,50
2024-05-01 04:00:00,1.250402,1.250582,1.250374,1.250554,50
2024-05-01 05:00:00,1.250554,1.250971,1.250535,1.250952,50
2024-05-01 06:00:00,1.250952,1.251277,1.250769,1.251095,50
2024-05-01 07:00:00,1.251095,1.251152,1.250820,1.250878,50
2024-05-01 08:00:00,1.250878,1.251039,1.250683,1.250845,50
2024-05-01 09:00:00,1.250845,1.251028,1.250434,1.250617,50
2024-05-01 10:00:00,1.250617,1.250760,1.250489,1.250632,50
2024-05-01 11:00:00,1.250632,1.251374,1.250450,1.251192,50
2024-05-01 12:00:00,1.251192,1.251273,1.250806,1.250887,50
2024-05-01 13:00:00,1.250887,1.251961,1.250879,1.251953,50
2024-05-01 14:00:00,1.251953,1.251959,1.251740,1.251746,50
2024-05-01 15:00:00,1.251746,1.251773,1.250673,1.250700,50
2024-05-01 16:00:00,1.250700,1.250774,1.250671,1.250746,50
2024-05-01 17:00:00,1.250746,1.250970,1.250224,1.250448,50
2024-05-01 18:00:00,1.250448,1.250463,1.249784,1.249799,50
2024-05-01 19:00:00,1.249799,1.249980,1.249701,1.249882,50
2024-05-01 20:00:00,1.249882,1.249891,1.249632,1.249642,50
2024-05-01 21:00:00,1.249642,1.249730,1.249578,1.249667,50
2024-05-01 22:00:00,1.249667,1.249762,1.248129,1.248224,50
2024-05-01 23:00:00,1.248224,1.248953,1.248023,1.248751,50
2024-05-02 00:00:00,1.248751,1.248810,1.248657,1.248716,50
2024-05-02 01:00:00,1.248716,1.248905,1.248140,1.248329,50
2024-05-02 02:00:00,1.248329,1.248357,1.247785,1.247812,50
2024-05-02 03:00:00,1.247812,1.248628,1.247594,1.248409,50
2024-05-02 04:00:00,1.248409,1.248545,1.248349,1.248485,50
2024-05-02 05:00:00,1.248485,1.248851,1.248279,1.248646,50
2024-05-02 06:00:00,1.248646,1.248784,1.248541,1.248679,50
2024-05-02 07:00:00,1.248679,1.249276,1.248489,1.249087,50
2024-05-02 08:00:00,1.249087,1.249093,1.248434,1.248441,50
2024-05-02 09:00:00,1.248441,1.248814,1.248394,1.248768,50
2024-05-02 10:00:00,1.248768,1.248893,1.248533,1.248658,50
2024-05-02 11:00:00,1.248658,1.248796,1.248396,1.248534,50
2024-05-02 12:00:00,1.248534,1.248964,1.248362,1.248791,50
2024-05-02 13:00:00,1.248791,1.249517,1.248789,1.249515,50
2024-05-02 14:00:00,1.249515,1.249539,1.249250,1.249274,50
2024-05-02 15:00:00,1.249274,1.249990,1.249204,1.249920,50
2024-05-02 16:00:00,1.249920,1.250877,1.249852,1.250808,50
2024-05-02 17:00:00,1.250808,1.251394,1.250791,1.251377,50
2024-05-02 18:00:00,1.251377,1.251644,1.251297,1.251564,50
2024-05-02 19:00:00,1.251564,1.251751,1.251009,1.251196,50
2024-05-02 20:00:00,1.251196,1.251419,1.250679,1.250902,50
2024-05-02 21:00:00,1.250902,1.251248,1.250811,1.251157,50
2024-05-02 22:00:00,1.251157,1.251204,1.251111,1.251158,50
2024-05-02 23:00:00,1.251158,1.251251,1.250533,1.250625,50
2024-05-03 00:00:00,1.250625,1.252638,1.250538,1.252551,50
2024-05-03 01:00:00,1.252551,1.252764,1.251007,1.251221,50
2024-05-03 02:00:00,1.251221,1.251386,1.250075,1.250240,50
2024-05-03 03:00:00,1.250240,1.250577,1.249409,1.249746,50
2024-05-03 04:00:00,1.249746,1.250272,1.249453,1.249979,50
2024-05-03 05:00:00,1.249979,1.251441,1.249692,1.251154,50
2024-05-03 06:00:00,1.251154,1.251486,1.251005,1.251337,50
2024-05-03 07:00:00,1.251337,1.251393,1.250743,1.250799,50
2024-05-03 08:00:00,1.250799,1.251112,1.250754,1.251068,50
2024-05-03 09:00:00,1.251068,1.252171,1.250715,1.251818,50
2024-05-03 10:00:00,1.251818,1.252081,1.251231,1.251495,50
2024-05-03 11:00:00,1.251495,1.251726,1.251386,1.251618,50
2024-05-03 12:00:00,1.251618,1.251664,1.251076,1.251122,50
2024-05-03 13:00:00,1.251122,1.252893,1.251047,1.252818,50
2024-05-03 14:00:00,1.252818,1.252884,1.252409,1.252475,50
2024-05-03 15:00:00,1.252475,1.253082,1.252362,1.252969,50
2024-05-03 16:00:00,1.252969,1.254798,1.252726,1.254555,50
2024-05-03 17:00:00,1.254555,1.254611,1.253574,1.253630,50
2024-05-03 18:00:00,1.253630,1.255005,1.253300,1.254675,50
2024-05-03 19:00:00,1.254675,1.254904,1.253012,1.253241,50
2024-05-03 20:00:00,1.253241,1.254582,1.253022,1.254362,50
2024-05-03 21:00:00,1.254362,1.256060,1.254200,1.255899,50
2024-05-03 22:00:00,1.255899,1.256042,1.254536,1.254679,50
2024-05-03 23:00:00,1.254679,1.255261,1.254437,1.255020,50
2024-05-06 00:00:00,1.255020,1.255209,1.254564,1.254753,50
2024-05-06 01:00:00,1.254753,1.255061,1.254606,1.254914,50
2024-05-06 02:00:00,1.254914,1.257647,1.254765,1.257499,50
2024-05-06 03:00:00,1.257499,1.257735,1.257413,1.257649,50
2024-05-06 04:00:00,1.257649,1.257700,1.256567,1.256617,50
2024-05-06 05:00:00,1.256617,1.257122,1.256479,1.256983,50
2024-05-06 06:00:00,1.256983,1.257184,1.255252,1.255453,50
2024-05-06 07:00:00,1.255453,1.255634,1.255140,1.255322,50
2024-05-06 08:00:00,1.255322,1.256370,1.255116,1.256164,50
2024-05-06 09:00:00,1.256164,1.257247,1.256022,1.257105,50
2024-05-06 10:00:00,1.257105,1.257365,1.257096,1.257355,50
2024-05-06 11:00:00,1.257355,1.258141,1.257155,1.257941,50
2024-05-06 12:00:00,1.257941,1.258118,1.257390,1.257567,50
2024-05-06 13:00:00,1.257567,1.257622,1.257394,1.257449,50
2024-05-06 14:00:00,1.257449,1.258000,1.257355,1.257906,50
2024-05-06 15:00:00,1.257906,1.258026,1.256472,1.256592,50
2024-05-06 16:00:00,1.256592,1.257524,1.256441,1.257374,50
2024-05-06 17:00:00,1.257374,1.257390,1.257260,1.257276,50
2024-05-06 18:00:00,1.257276,1.257318,1.257068,1.257109,50
2024-05-06 19:00:00,1.257109,1.257177,1.256732,1.256800,50
2024-05-06 20:00:00,1.256800,1.257561,1.256607,1.257368,50
2024-05-06 21:00:00,1.257368,1.258382,1.257156,1.258169,50
2024-05-06 22:00:00,1.258169,1.258264,1.257350,1.257445,50
2024-05-06 23:00:00,1.257445,1.257741,1.257250,1.257545,50
2024-05-07 00:00:00,1.257545,1.257845,1.254175,1.254475,50
2024-05-07 01:00:00,1.254475,1.254906,1.254150,1.254581,50
2024-05-07 02:00:00,1.254581,1.254773,1.253460,1.253652,50
2024-05-07 03:00:00,1.253652,1.253940,1.252339,1.252627,50
2024-05-07 04:00:00,1.252627,1.254131,1.252386,1.253890,50
2024-05-07 05:00:00,1.253890,1.255745,1.253713,1.255568,50
2024-05-07 06:00:00,1.255568,1.256880,1.255323,1.256636,50
2024-05-07 07:00:00,1.256636,1.257014,1.256506,1.256885,50
2024-05-07 08:00:00,1.256885,1.258024,1.256591,1.257730,50
2024-05-07 09:00:00,1.257730,1.258014,1.256256,1.256540,50
2024-05-07 10:00:00,1.256540,1.256794,1.256358,1.256611,50
2024-05-07 11:00:00,1.256611,1.257816,1.256393,1.257598,50
2024-05-07 12:00:00,1.257598,1.257669,1.257013,1.257084,50
2024-05-07 13:00:00,1.257084,1.257721,1.256878,1.257515,50
2024-05-07 14:00:00,1.257515,1.258526,1.257354,1.258365,50
2024-05-07 15:00:00,1.258365,1.258468,1.257554,1.257657,50
2024-05-07 16:00:00,1.257657,1.257846,1.256714,1.256904,50
2024-05-07 17:00:00,1.256904,1.257598,1.256707,1.257401,50
2024-05-07 18:00:00,1.257401,1.257472,1.256382,1.256453,50
2024-05-07 19:00:00,1.256453,1.256485,1.255466,1.255498,50
2024-05-07 20:00:00,1.255498,1.256335,1.255392,1.256229,50
2024-05-07 21:00:00,1.256229,1.256316,1.255351,1.255438,50
2024-05-07 22:00:00,1.255438,1.255512,1.255155,1.255229,50
2024-05-07 23:00:00,1.255229,1.255465,1.253211,1.253447,50
2024-05-08 00:00:00,1.253447,1.253515,1.253413,1.253481,50
2024-05-08 01:00:00,1.253481,1.253726,1.252711,1.252956,50
2024-05-08 02:00:00,1.252956,1.253002,1.251739,1.251785,50
2024-05-08 03:00:00,1.251785,1.251839,1.250770,1.250824,50
2024-05-08 04:00:00,1.250824,1.251353,1.250683,1.251211,50
2024-05-08 05:00:00,1.251211,1.251397,1.250729,1.250915,50
2024-05-08 06:00:00,1.250915,1.251240,1.250705,1.251030,50
2024-05-08 07:00:00,1.251030,1.251737,1.250790,1.251498,50
2024-05-08 08:00:00,1.251498,1.252713,1.251482,1.252697,50
2024-05-08 09:00:00,1.252697,1.253408,1.252486,1.253197,50
2024-05-08 10:00:00,1.253197,1.253427,1.253021,1.253251,50
2024-05-08 11:00:00,1.253251,1.253438,1.252025,1.252212,50
2024-05-08 12:00:00,1.252212,1.252244,1.251323,1.251355,50
2024-05-08 13:00:00,1.251355,1.251576,1.250566,1.250786,50
2024-05-08 14:00:00,1.250786,1.251077,1.250693,1.250983,50
2024-05-08 15:00:00,1.250983,1.251027,1.250595,1.250640,50
2024-05-08 16:00:00,1.250640,1.250670,1.250557,1.250588,50
2024-05-08 17:00:00,1.250588,1.250781,1.250129,1.250323,50
2024-05-08 18:00:00,1.250323,1.250420,1.249588,1.249686,50
2024-05-08 19:00:00,1.249686,1.249981,1.249552,1.249847,50
2024-05-08 20:00:00,1.249847,1.250044,1.249499,1.249695,50
2024-05-08 21:00:00,1.249695,1.250068,1.249653,1.250026,50
2024-05-08 22:00:00,1.250026,1.250499,1.249899,1.250372,50
2024-05-08 23:00:00,1.250372,1.250384,1.250300,1.250313,50
2024-05-09 00:00:00,1.250313,1.250466,1.248362,1.248515,50
2024-05-09 01:00:00,1.248515,1.248889,1.248379,1.248752,50
2024-05-09 02:00:00,1.248752,1.249768,1.248651,1.249666,50
2024-05-09 03:00:00,1.249666,1.249809,1.249546,1.249688,50
2024-05-09 04:00:00,1.249688,1.249858,1.249232,1.249401,50
2024-05-09 05:00:00,1.249401,1.249527,1.249352,1.249478,50
2024-05-09 06:00:00,1.249478,1.249832,1.249298,1.249653,50
2024-05-09 07:00:00,1.249653,1.250790,1.249547,1.250684,50
2024-05-09 08:00:00,1.250684,1.250949,1.250558,1.250824,50
2024-05-09 09:00:00,1.250824,1.250913,1.250795,1.250884,50
2024-05-09 10:00:00,1.250884,1.251070,1.250019,1.250205,50
2024-05-09 11:00:00,1.250205,1.250457,1.250121,1.250373,50
2024-05-09 12:00:00,1.250373,1.250715,1.250249,1.250591,50
2024-05-09 13:00:00,1.250591,1.251419,1.250457,1.251286,50
2024-05-09 14:00:00,1.251286,1.251311,1.251161,1.251186,50
2024-05-09 15:00:00,1.251186,1.251356,1.251044,1.251214,50
2024-05-09 16:00:00,1.251214,1.251853,1.251046,1.251686,50
2024-05-09 17:00:00,1.251686,1.252283,1.251670,1.252266,50
2024-05-09 18:00:00,1.252266,1.252386,1.252070,1.252190,50
2024-05-09 19:00:00,1.252190,1.252224,1.251367,1.251401,50
2024-05-09 20:00:00,1.251401,1.251963,1.251184,1.251746,50
2024-05-09 21:00:00,1.251746,1.251763,1.251124,1.251141,50
2024-05-09 22:00:00,1.251141,1.251481,1.250955,1.251295,50
2024-05-09 23:00:00,1.251295,1.251486,1.250278,1.250469,50
2024-05-10 00:00:00,1.250469,1.252475,1.250453,1.252459,50
2024-05-10 01:00:00,1.252459,1.252517,1.252304,1.252361,50
2024-05-10 02:00:00,1.252361,1.252454,1.251928,1.252021,50
2024-05-10 03:00:00,1.252021,1.252021,1.250910,1.250910,50
2024-05-10 04:00:00,1.250910,1.250998,1.250516,1.250604,50
2024-05-10 05:00:00,1.250604,1.251386,1.250389,1.251171,50
2024-05-10 06:00:00,1.251171,1.251249,1.250453,1.250531,50
2024-05-10 07:00:00,1.250531,1.250714,1.249582,1.249765,50
2024-05-10 08:00:00,1.249765,1.250350,1.249703,1.250289,50
2024-05-10 09:00:00,1.250289,1.252255,1.250224,1.252191,50
2024-05-10 10:00:00,1.252191,1.252252,1.250452,1.250513,50
2024-05-10 11:00:00,1.250513,1.251595,1.250352,1.251435,50
2024-05-10 12:00:00,1.251435,1.252538,1.251414,1.252518,50
2024-05-10 13:00:00,1.252518,1.252727,1.250968,1.251177,50
2024-05-10 14:00:00,1.251177,1.251189,1.251024,1.251037,50
2024-05-10 15:00:00,1.251037,1.251102,1.250025,1.250090,50
2024-05-10 16:00:00,1.250090,1.252225,1.249972,1.252107,50
2024-05-10 17:00:00,1.252107,1.253728,1.251902,1.253523,50
2024-05-10 18:00:00,1.253523,1.253655,1.252346,1.252478,50
2024-05-10 19:00:00,1.252478,1.252485,1.251557,1.251564,50
2024-05-10 20:00:00,1.251564,1.252431,1.251424,1.252291,50
2024-05-10 21:00:00,1.252291,1.252358,1.251507,1.251575,50
2024-05-10 22:00:00,1.251575,1.251623,1.251036,1.251085,50
2024-05-10 23:00:00,1.251085,1.252906,1.250998,1.252819,50
2024-05-13 00:00:00,1.252819,1.254669,1.252644,1.254494,50
2024-05-13 01:00:00,1.254494,1.254733,1.254156,1.254394,50
2024-05-13 02:00:00,1.254394,1.254653,1.253004,1.253264,50
2024-05-13 03:00:00,1.253264,1.253409,1.251981,1.252126,50
2024-05-13 04:00:00,1.252126,1.253380,1.251876,1.253129,50
2024-05-13 05:00:00,1.253129,1.254992,1.252998,1.254861,50
2024-05-13 06:00:00,1.254861,1.255123,1.254406,1.254668,50
2024-05-13 07:00:00,1.254668,1.254717,1.254441,1.254490,50
2024-05-13 08:00:00,1.254490,1.254778,1.254190,1.254478,50
2024-05-13 09:00:00,1.254478,1.256204,1.254197,1.255923,50
2024-05-13 10:00:00,1.255923,1.257238,1.255652,1.256966,50
2024-05-13 11:00:00,1.256966,1.257207,1.256116,1.256357,50
2024-05-13 12:00:00,1.256357,1.256730,1.256345,1.256719,50
2024-05-13 13:00:00,1.256719,1.256838,1.255434,1.255554,50
2024-05-13 14:00:00,1.255554,1.255875,1.255406,1.255727,50
2024-05-13 15:00:00,1.255727,1.255757,1.255257,1.255287,50
2024-05-13 16:00:00,1.255287,1.255353,1.254842,1.254909,50
2024-05-13 17:00:00,1.254909,1.255476,1.254886,1.255454,50
2024-05-13 18:00:00,1.255454,1.255629,1.255217,1.255392,50
2024-05-13 19:00:00,1.255392,1.256532,1.255313,1.256452,50
2024-05-13 20:00:00,1.256452,1.256650,1.255802,1.255999,50
2024-05-13 21:00:00,1.255999,1.257104,1.255793,1.256897,50
2024-05-13 22:00:00,1.256897,1.257137,1.256310,1.256549,50
2024-05-13 23:00:00,1.256549,1.256834,1.255997,1.256281,50
2024-05-14 00:00:00,1.256281,1.256474,1.255639,1.255832,50
2024-05-14 01:00:00,1.255832,1.255968,1.255522,1.255658,50
2024-05-14 02:00:00,1.255658,1.255975,1.255541,1.255858,50
2024-05-14 03:00:00,1.255858,1.256012,1.255777,1.255931,50
2024-05-14 04:00:00,1.255931,1.256405,1.255780,1.256253,50
2024-05-14 05:00:00,1.256253,1.256310,1.256019,1.256077,50
2024-05-14 06:00:00,1.256077,1.256164,1.255796,1.255883,50
2024-05-14 07:00:00,1.255883,1.256194,1.255814,1.256125,50
2024-05-14 08:00:00,1.256125,1.256368,1.256010,1.256253,50
2024-05-14 09:00:00,1.256253,1.256316,1.256086,1.256149,50
2024-05-14 10:00:00,1.256149,1.256373,1.255780,1.256005,50
2024-05-14 11:00:00,1.256005,1.256391,1.255958,1.256344,50
2024-05-14 12:00:00,1.256344,1.256843,1.256281,1.256780,50
2024-05-14 13:00:00,1.256780,1.256861,1.256614,1.256695,50
2024-05-14 14:00:00,1.256695,1.256842,1.256695,1.256842,50
2024-05-14 15:00:00,1.256842,1.256861,1.256486,1.256505,50
2024-05-14 16:00:00,1.256505,1.257178,1.256311,1.256984,50
2024-05-14 17:00:00,1.256984,1.257376,1.256941,1.257333,50
2024-05-14 18:00:00,1.257333,1.257529,1.257224,1.257420,50
2024-05-14 19:00:00,1.257420,1.257986,1.257415,1.257981,50
2024-05-14 20:00:00,1.257981,1.258175,1.257707,1.257901,50
2024-05-14 21:00:00,1.257901,1.259601,1.257735,1.259435,50
2024-05-14 22:00:00,1.259435,1.259536,1.258679,1.258780,50
2024-05-14 23:00:00,1.258780,1.258955,1.258637,1.258812,50
2024-05-15 00:00:00,1.258812,1.262942,1.258412,1.262542,50
2024-05-15 01:00:00,1.262542,1.262980,1.261315,1.261752,50
2024-05-15 02:00:00,1.261752,1.262079,1.261413,1.261740,50
2024-05-15 03:00:00,1.261740,1.261939,1.261599,1.261797,50
2024-05-15 04:00:00,1.261797,1.262433,1.261510,1.262145,50
2024-05-15 05:00:00,1.262145,1.262257,1.259962,1.260074,50
2024-05-15 06:00:00,1.260074,1.260512,1.259539,1.259977,50
2024-05-15 07:00:00,1.259977,1.260180,1.258630,1.258833,50
2024-05-15 08:00:00,1.258833,1.259149,1.257745,1.258060,50
2024-05-15 09:00:00,1.258060,1.258523,1.256946,1.257409,50
2024-05-15 10:00:00,1.257409,1.259354,1.257187,1.259131,50
2024-05-15 11:00:00,1.259131,1.262058,1.259033,1.261960,50
2024-05-15 12:00:00,1.261960,1.262089,1.261204,1.261332,50
2024-05-15 13:00:00,1.261332,1.262451,1.261073,1.262192,50
2024-05-15 14:00:00,1.262192,1.263660,1.261762,1.263230,50
2024-05-15 15:00:00,1.263230,1.265271,1.262748,1.264789,50
2024-05-15 16:00:00,1.264789,1.266793,1.264395,1.266400,50
2024-05-15 17:00:00,1.266400,1.266858,1.265537,1.265995,50
2024-05-15 18:00:00,1.265995,1.267387,1.265832,1.267225,50
2024-05-15 19:00:00,1.267225,1.267274,1.265681,1.265730,50
2024-05-15 20:00:00,1.265730,1.265823,1.264381,1.264474,50
2024-05-15 21:00:00,1.264474,1.264867,1.263834,1.264227,50
2024-05-15 22:00:00,1.264227,1.267128,1.263833,1.266734,50
2024-05-15 23:00:00,1.266734,1.267124,1.265432,1.265823,50
2024-05-16 00:00:00,1.265823,1.266029,1.264918,1.265124,50
2024-05-16 01:00:00,1.265124,1.265551,1.264989,1.265416,50
2024-05-16 02:00:00,1.265416,1.266079,1.265254,1.265917,50
2024-05-16 03:00:00,1.265917,1.266404,1.265810,1.266298,50
2024-05-16 04:00:00,1.266298,1.266694,1.266090,1.266486,50
2024-05-16 05:00:00,1.266486,1.267531,1.266370,1.267415,50
2024-05-16 06:00:00,1.267415,1.267416,1.266609,1.266610,50
2024-05-16 07:00:00,1.266610,1.266818,1.266194,1.266402,50
2024-05-16 08:00:00,1.266402,1.266456,1.265600,1.265654,50
2024-05-16 09:00:00,1.265654,1.267008,1.265435,1.266789,50
2024-05-16 10:00:00,1.266789,1.267236,1.266669,1.267116,50
2024-05-16 11:00:00,1.267116,1.267265,1.266550,1.266699,50
2024-05-16 12:00:00,1.266699,1.267299,1.266543,1.267143,50
2024-05-16 13:00:00,1.267143,1.267238,1.266660,1.266755,50
2024-05-16 14:00:00,1.266755,1.266931,1.265722,1.265898,50
2024-05-16 15:00:00,1.265898,1.266064,1.265349,1.265515,50
2024-05-16 16:00:00,1.265515,1.266928,1.265471,1.266883,50
2024-05-16 17:00:00,1.266883,1.267881,1.266662,1.267659,50
2024-05-16 18:00:00,1.267659,1.267764,1.267324,1.267428,50
2024-05-16 19:00:00,1.267428,1.267823,1.267410,1.267805,50
2024-05-16 20:00:00,1.267805,1.268700,1.267594,1.268489,50
2024-05-16 21:00:00,1.268489,1.268564,1.267952,1.268028,50
2024-05-16 22:00:00,1.268028,1.269094,1.267863,1.268929,50
2024-05-16 23:00:00,1.268929,1.269069,1.268091,1.268231,50
2024-05-17 00:00:00,1.268231,1.268608,1.268059,1.268435,50
2024-05-17 01:00:00,1.268435,1.268730,1.268380,1.268675,50
2024-05-17 02:00:00,1.268675,1.269321,1.268530,1.269176,50
2024-05-17 03:00:00,1.269176,1.269284,1.269118,1.269227,50
2024-05-17 04:00:00,1.269227,1.269412,1.269208,1.269393,50
2024-05-17 05:00:00,1.269393,1.269803,1.269234,1.269644,50
2024-05-17 06:00:00,1.269644,1.269915,1.269568,1.269839,50
2024-05-17 07:00:00,1.269839,1.269931,1.269819,1.269911,50
2024-05-17 08:00:00,1.269911,1.270106,1.269082,1.269277,50
2024-05-17 09:00:00,1.269277,1.270001,1.269128,1.269852,50
2024-05-17 10:00:00,1.269852,1.270160,1.269671,1.269978,50
2024-05-17 11:00:00,1.269978,1.270084,1.269695,1.269801,50
2024-05-17 12:00:00,1.269801,1.270485,1.269596,1.270281,50
2024-05-17 13:00:00,1.270281,1.271264,1.270200,1.271183,50
2024-05-17 14:00:00,1.271183,1.271331,1.270731,1.270879,50
2024-05-17 15:00:00,1.270879,1.271079,1.269709,1.269909,50
2024-05-17 16:00:00,1.269909,1.270152,1.269682,1.269926,50
2024-05-17 17:00:00,1.269926,1.269981,1.269743,1.269798,50
2024-05-17 18:00:00,1.269798,1.270117,1.269652,1.269972,50
2024-05-17 19:00:00,1.269972,1.270760,1.269748,1.270537,50
2024-05-17 20:00:00,1.270537,1.271263,1.270313,1.271039,50
2024-05-17 21:00:00,1.271039,1.271074,1.270494,1.270529,50
2024-05-17 22:00:00,1.270529,1.270665,1.269257,1.269392,50
2024-05-17 23:00:00,1.269392,1.270403,1.269314,1.270325,50
2024-05-20 00:00:00,1.270325,1.270348,1.269742,1.269765,50
2024-05-20 01:00:00,1.269765,1.269840,1.269039,1.269114,50
2024-05-20 02:00:00,1.269114,1.269325,1.268450,1.268661,50
2024-05-20 03:00:00,1.268661,1.269883,1.268525,1.269746,50
2024-05-20 04:00:00,1.269746,1.269945,1.269362,1.269560,50
2024-05-20 05:00:00,1.269560,1.270728,1.269383,1.270551,50
2024-05-20 06:00:00,1.270551,1.270749,1.268721,1.268919,50
2024-05-20 07:00:00,1.268919,1.269844,1.268691,1.269616,50
2024-05-20 08:00:00,1.269616,1.271847,1.269470,1.271701,50
2024-05-20 09:00:00,1.271701,1.272351,1.271687,1.272337,50
2024-05-20 10:00:00,1.272337,1.272495,1.272315,1.272474,50
2024-05-20 11:00:00,1.272474,1.272679,1.271654,1.271859,50
2024-05-20 12:00:00,1.271859,1.271985,1.269900,1.270025,50
2024-05-20 13:00:00,1.270025,1.271537,1.269797,1.271309,50
2024-05-20 14:00:00,1.271309,1.271451,1.270799,1.270941,50
2024-05-20 15:00:00,1.270941,1.272586,1.270713,1.272358,50
2024-05-20 16:00:00,1.272358,1.272450,1.271603,1.271695,50
2024-05-20 17:00:00,1.271695,1.271899,1.271300,1.271504,50
2024-05-20 18:00:00,1.271504,1.271701,1.271292,1.271489,50
2024-05-20 19:00:00,1.271489,1.271796,1.271283,1.271590,50
2024-05-20 20:00:00,1.271590,1.271917,1.271493,1.271821,50
2024-05-20 21:00:00,1.271821,1.271886,1.271141,1.271206,50
2024-05-20 22:00:00,1.271206,1.271364,1.270463,1.270621,50
2024-05-20 23:00:00,1.270621,1.270964,1.270467,1.270810,50
2024-05-21 00:00:00,1.270810,1.270929,1.269498,1.269618,50
2024-05-21 01:00:00,1.269618,1.269671,1.269556,1.269609,50
2024-05-21 02:00:00,1.269609,1.269729,1.269011,1.269131,50
2024-05-21 03:00:00,1.269131,1.270124,1.269093,1.270086,50
2024-05-21 04:00:00,1.270086,1.270193,1.269816,1.269923,50
2024-05-21 05:00:00,1.269923,1.270589,1.269834,1.270500,50
2024-05-21 06:00:00,1.270500,1.270561,1.270068,1.270130,50
2024-05-21 07:00:00,1.270130,1.270441,1.269929,1.270240,50
2024-05-21 08:00:00,1.270240,1.270453,1.269799,1.270011,50
2024-05-21 09:00:00,1.270011,1.271011,1.269875,1.270875,50
2024-05-21 10:00:00,1.270875,1.271055,1.270143,1.270323,50
2024-05-21 11:00:00,1.270323,1.270465,1.268851,1.268993,50
2024-05-21 12:00:00,1.268993,1.269272,1.268820,1.269099,50
2024-05-21 13:00:00,1.269099,1.269366,1.269042,1.269309,50
2024-05-21 14:00:00,1.269309,1.269371,1.269222,1.269285,50
2024-05-21 15:00:00,1.269285,1.270258,1.269214,1.270187,50
2024-05-21 16:00:00,1.270187,1.270394,1.270071,1.270278,50
2024-05-21 17:00:00,1.270278,1.270412,1.270160,1.270294,50
2024-05-21 18:00:00,1.270294,1.271364,1.270085,1.271155,50
2024-05-21 19:00:00,1.271155,1.272680,1.270971,1.272496,50
2024-05-21 20:00:00,1.272496,1.272572,1.271984,1.272061,50
2024-05-21 21:00:00,1.272061,1.272402,1.271975,1.272316,50
2024-05-21 22:00:00,1.272316,1.272653,1.272155,1.272492,50
2024-05-21 23:00:00,1.272492,1.272661,1.270802,1.270971,50
2024-05-22 00:00:00,1.270971,1.271195,1.270164,1.270388,50
2024-05-22 01:00:00,1.270388,1.270577,1.270359,1.270548,50
2024-05-22 02:00:00,1.270548,1.270983,1.270365,1.270799,50
2024-05-22 03:00:00,1.270799,1.271250,1.270661,1.271112,50
2024-05-22 04:00:00,1.271112,1.271565,1.271043,1.271496,50
2024-05-22 05:00:00,1.271496,1.271787,1.271328,1.271620,50
2024-05-22 06:00:00,1.271620,1.272203,1.271530,1.272113,50
2024-05-22 07:00:00,1.272113,1.272169,1.271724,1.271779,50
2024-05-22 08:00:00,1.271779,1.271939,1.271491,1.271651,50
2024-05-22 09:00:00,1.271651,1.272017,1.271488,1.271854,50
2024-05-22 10:00:00,1.271854,1.272045,1.271602,1.271792,50
2024-05-22 11:00:00,1.271792,1.272442,1.271689,1.272338,50
2024-05-22 12:00:00,1.272338,1.273076,1.272200,1.272937,50
2024-05-22 13:00:00,1.272937,1.273137,1.272653,1.272852,50
2024-05-22 14:00:00,1.272852,1.273053,1.272619,1.272820,50
2024-05-22 15:00:00,1.272820,1.273479,1.272763,1.273423,50
2024-05-22 16:00:00,1.273423,1.274266,1.273311,1.274154,50
2024-05-22 17:00:00,1.274154,1.274204,1.274038,1.274088,50
2024-05-22 18:00:00,1.274088,1.274101,1.274011,1.274024,50
2024-05-22 19:00:00,1.274024,1.274501,1.273991,1.274468,50
2024-05-22 20:00:00,1.274468,1.274648,1.274098,1.274277,50
2024-05-22 21:00:00,1.274277,1.274372,1.273916,1.274011,50
2024-05-22 22:00:00,1.274011,1.274126,1.273931,1.274046,50
2024-05-22 23:00:00,1.274046,1.274250,1.273681,1.273885,50
2024-05-23 00:00:00,1.273885,1.274292,1.273717,1.274124,50
2024-05-23 01:00:00,1.274124,1.274640,1.274018,1.274534,50
2024-05-23 02:00:00,1.274534,1.274926,1.274348,1.274740,50
2024-05-23 03:00:00,1.274740,1.274914,1.273630,1.273804,50
2024-05-23 04:00:00,1.273804,1.274753,1.273582,1.274531,50
2024-05-23 05:00:00,1.274531,1.274702,1.274317,1.274488,50
2024-05-23 06:00:00,1.274488,1.274489,1.273163,1.273164,50
2024-05-23 07:00:00,1.273164,1.273508,1.273009,1.273353,50
2024-05-23 08:00:00,1.273353,1.274159,1.273171,1.273978,50
2024-05-23 09:00:00,1.273978,1.274144,1.273215,1.273381,50
2024-05-23 10:00:00,1.273381,1.273448,1.273282,1.273348,50
2024-05-23 11:00:00,1.273348,1.273428,1.272317,1.272397,50
2024-05-23 12:00:00,1.272397,1.272481,1.271761,1.271844,50
2024-05-23 13:00:00,1.271844,1.272457,1.271644,1.272257,50
2024-05-23 14:00:00,1.272257,1.273044,1.272106,1.272893,50
2024-05-23 15:00:00,1.272893,1.273115,1.272523,1.272746,50
2024-05-23 16:00:00,1.272746,1.273497,1.272719,1.273470,50
2024-05-23 17:00:00,1.273470,1.273587,1.272673,1.272789,50
2024-05-23 18:00:00,1.272789,1.273141,1.272593,1.272945,50
2024-05-23 19:00:00,1.272945,1.273253,1.272851,1.273158,50
2024-05-23 20:00:00,1.273158,1.273418,1.272942,1.273202,50
2024-05-23 21:00:00,1.273202,1.273329,1.271891,1.272019,50
2024-05-23 22:00:00,1.272019,1.272143,1.271203,1.271327,50
2024-05-23 23:00:00,1.271327,1.271938,1.271169,1.271779,50
2024-05-24 00:00:00,1.271779,1.272439,1.271653,1.272312,50
2024-05-24 01:00:00,1.272312,1.272752,1.272264,1.272704,50
2024-05-24 02:00:00,1.272704,1.273041,1.272692,1.273029,50
2024-05-24 03:00:00,1.273029,1.273058,1.273007,1.273036,50
2024-05-24 04:00:00,1.273036,1.273265,1.272264,1.272493,50
2024-05-24 05:00:00,1.272493,1.272670,1.271940,1.272116,50
2024-05-24 06:00:00,1.272116,1.272255,1.271709,1.271848,50
2024-05-24 07:00:00,1.271848,1.272180,1.271722,1.272053,50
2024-05-24 08:00:00,1.272053,1.273057,1.271856,1.272860,50
2024-05-24 09:00:00,1.272860,1.272885,1.272100,1.272126,50
2024-05-24 10:00:00,1.272126,1.272306,1.271048,1.271228,50
2024-05-24 11:00:00,1.271228,1.271534,1.271036,1.271342,50
2024-05-24 12:00:00,1.271342,1.271830,1.271273,1.271761,50
2024-05-24 13:00:00,1.271761,1.272810,1.271592,1.272641,50
2024-05-24 14:00:00,1.272641,1.272715,1.272566,1.272640,50
2024-05-24 15:00:00,1.272640,1.272794,1.272019,1.272173,50
2024-05-24 16:00:00,1.272173,1.272781,1.272114,1.272723,50
2024-05-24 17:00:00,1.272723,1.273446,1.272678,1.273400,50
2024-05-24 18:00:00,1.273400,1.274135,1.273172,1.273907,50
2024-05-24 19:00:00,1.273907,1.274513,1.273858,1.274464,50
2024-05-24 20:00:00,1.274464,1.274520,1.274385,1.274440,50
2024-05-24 21:00:00,1.274440,1.274724,1.274380,1.274664,50
2024-05-24 22:00:00,1.274664,1.274781,1.273824,1.273941,50
2024-05-24 23:00:00,1.273941,1.274580,1.273896,1.274535,50
2024-05-28 00:00:00,1.274535,1.274871,1.274071,1.274407,50
2024-05-28 01:00:00,1.274407,1.274542,1.273585,1.273720,50
2024-05-28 02:00:00,1.273720,1.274277,1.273486,1.274043,50
2024-05-28 03:00:00,1.274043,1.276099,1.273798,1.275854,50
2024-05-28 04:00:00,1.275854,1.275997,1.274987,1.275130,50
2024-05-28 05:00:00,1.275130,1.276488,1.274901,1.276259,50
2024-05-28 06:00:00,1.276259,1.276675,1.276062,1.276477,50
2024-05-28 07:00:00,1.276477,1.277081,1.276263,1.276866,50
2024-05-28 08:00:00,1.276866,1.278028,1.276789,1.277951,50
2024-05-28 09:00:00,1.277951,1.278262,1.276909,1.277220,50
2024-05-28 10:00:00,1.277220,1.277453,1.276900,1.277132,50
2024-05-28 11:00:00,1.277132,1.277224,1.276395,1.276487,50
2024-05-28 12:00:00,1.276487,1.276908,1.276148,1.276569,50
2024-05-28 13:00:00,1.276569,1.276598,1.276392,1.276421,50
2024-05-28 14:00:00,1.276421,1.277810,1.276238,1.277628,50
2024-05-28 15:00:00,1.277628,1.277924,1.277528,1.277824,50
2024-05-28 16:00:00,1.277824,1.277981,1.277809,1.277965,50
2024-05-28 17:00:00,1.277965,1.278279,1.277088,1.277401,50
2024-05-28 18:00:00,1.277401,1.277743,1.276747,1.277089,50
2024-05-28 19:00:00,1.277089,1.278857,1.276814,1.278582,50
2024-05-28 20:00:00,1.278582,1.279220,1.278452,1.279090,50
2024-05-28 21:00:00,1.279090,1.279290,1.277834,1.278035,50
2024-05-28 22:00:00,1.278035,1.279379,1.277762,1.279106,50
2024-05-28 23:00:00,1.279106,1.279109,1.278606,1.278609,50
2024-05-29 00:00:00,1.278609,1.279815,1.278575,1.279781,50
2024-05-29 01:00:00,1.279781,1.280025,1.278814,1.279058,50
2024-05-29 02:00:00,1.279058,1.280527,1.278570,1.280039,50
2024-05-29 03:00:00,1.280039,1.280459,1.278863,1.279282,50
2024-05-29 04:00:00,1.279282,1.279694,1.278562,1.278973,50
2024-05-29 05:00:00,1.278973,1.279480,1.278201,1.278708,50
2024-05-29 06:00:00,1.278708,1.278981,1.276380,1.276653,50
2024-05-29 07:00:00,1.276653,1.276905,1.274189,1.274441,50
2024-05-29 08:00:00,1.274441,1.275059,1.274083,1.274700,50
2024-05-29 09:00:00,1.274700,1.274838,1.273890,1.274028,50
2024-05-29 10:00:00,1.274028,1.274490,1.271588,1.272051,50
2024-05-29 11:00:00,1.272051,1.272629,1.271659,1.272237,50
2024-05-29 12:00:00,1.272237,1.273424,1.271777,1.272965,50
2024-05-29 13:00:00,1.272965,1.273491,1.272001,1.272527,50
2024-05-29 14:00:00,1.272527,1.273084,1.269925,1.270481,50
2024-05-29 15:00:00,1.270481,1.271397,1.270246,1.271162,50
2024-05-29 16:00:00,1.271162,1.271332,1.270129,1.270299,50
2024-05-29 17:00:00,1.270299,1.271046,1.270014,1.270761,50
2024-05-29 18:00:00,1.270761,1.270920,1.269866,1.270025,50
2024-05-29 19:00:00,1.270025,1.271562,1.269893,1.271430,50
2024-05-29 20:00:00,1.271430,1.275659,1.271328,1.275558,50
2024-05-29 21:00:00,1.275558,1.276154,1.275193,1.275789,50
2024-05-29 22:00:00,1.275789,1.275845,1.275111,1.275166,50
2024-05-29 23:00:00,1.275166,1.275444,1.271178,1.271456,50
2024-05-30 00:00:00,1.271456,1.271508,1.271060,1.271112,50
2024-05-30 01:00:00,1.271112,1.271687,1.271079,1.271654,50
2024-05-30 02:00:00,1.271654,1.271738,1.270839,1.270923,50
2024-05-30 03:00:00,1.270923,1.272679,1.270733,1.272489,50
2024-05-30 04:00:00,1.272489,1.274045,1.272465,1.274021,50
2024-05-30 05:00:00,1.274021,1.274155,1.272173,1.272308,50
2024-05-30 06:00:00,1.272308,1.273207,1.272094,1.272994,50
2024-05-30 07:00:00,1.272994,1.274530,1.272952,1.274487,50
2024-05-30 08:00:00,1.274487,1.274546,1.272786,1.272845,50
2024-05-30 09:00:00,1.272845,1.272946,1.271966,1.272067,50
2024-05-30 10:00:00,1.272067,1.272103,1.271245,1.271281,50
2024-05-30 11:00:00,1.271281,1.274438,1.271063,1.274219,50
2024-05-30 12:00:00,1.274219,1.274395,1.272623,1.272799,50
2024-05-30 13:00:00,1.272799,1.273684,1.272762,1.273646,50
2024-05-30 14:00:00,1.273646,1.274596,1.273632,1.274581,50
2024-05-30 15:00:00,1.274581,1.274765,1.274159,1.274343,50
2024-05-30 16:00:00,1.274343,1.274507,1.273871,1.274036,50
2024-05-30 17:00:00,1.274036,1.274114,1.272573,1.272651,50
2024-05-30 18:00:00,1.272651,1.272658,1.272339,1.272346,50
2024-05-30 19:00:00,1.272346,1.272361,1.271220,1.271235,50
2024-05-30 20:00:00,1.271235,1.271319,1.271113,1.271197,50
2024-05-30 21:00:00,1.271197,1.273210,1.270978,1.272991,50
2024-05-30 22:00:00,1.272991,1.273113,1.271923,1.272045,50
2024-05-30 23:00:00,1.272045,1.273924,1.272006,1.273885,50
2024-05-31 00:00:00,1.273885,1.275822,1.273778,1.275715,50
2024-05-31 01:00:00,1.275715,1.275809,1.275180,1.275273,50
2024-05-31 02:00:00,1.275273,1.275754,1.275087,1.275568,50
2024-05-31 03:00:00,1.275568,1.275573,1.275451,1.275456,50
2024-05-31 04:00:00,1.275456,1.275461,1.275036,1.275041,50
2024-05-31 05:00:00,1.275041,1.275202,1.274684,1.274844,50
2024-05-31 06:00:00,1.274844,1.274860,1.274825,1.274841,50
2024-05-31 07:00:00,1.274841,1.275013,1.274839,1.275011,50
2024-05-31 08:00:00,1.275011,1.275241,1.274823,1.275053,50
2024-05-31 09:00:00,1.275053,1.275232,1.274347,1.274526,50
2024-05-31 10:00:00,1.274526,1.274589,1.273807,1.273870,50
2024-05-31 11:00:00,1.273870,1.274096,1.273233,1.273459,50
2024-05-31 12:00:00,1.273459,1.273595,1.273340,1.273476,50
2024-05-31 13:00:00,1.273476,1.273478,1.273139,1.273142,50
2024-05-31 14:00:00,1.273142,1.273283,1.272700,1.272841,50
2024-05-31 15:00:00,1.272841,1.272969,1.271766,1.271894,50
2024-05-31 16:00:00,1.271894,1.272182,1.271734,1.272023,50
2024-05-31 17:00:00,1.272023,1.272102,1.271867,1.271947,50
2024-05-31 18:00:00,1.271947,1.272164,1.271824,1.272042,50
2024-05-31 19:00:00,1.272042,1.272239,1.272036,1.272234,50
2024-05-31 20:00:00,1.272234,1.272537,1.272219,1.272522,50
2024-05-31 21:00:00,1.272522,1.272800,1.272340,1.272618,50
2024-05-31 22:00:00,1.272618,1.272796,1.272136,1.272314,50
2024-05-31 23:00:00,1.272314,1.273743,1.272294,1.273723,50
2024-06-03 00:00:00,1.273723,1.273843,1.273507,1.273628,50
2024-06-03 01:00:00,1.273628,1.273825,1.272385,1.272582,50
2024-06-03 02:00:00,1.272582,1.274058,1.272314,1.273789,50
2024-06-03 03:00:00,1.273789,1.275624,1.273620,1.275454,50
2024-06-03 04:00:00,1.275454,1.275588,1.274658,1.274791,50
2024-06-03 05:00:00,1.274791,1.275221,1.273616,1.274047,50
2024-06-03 06:00:00,1.274047,1.275775,1.273936,1.275665,50
2024-06-03 07:00:00,1.275665,1.276096,1.274834,1.275265,50
2024-06-03 08:00:00,1.275265,1.275610,1.275050,1.275395,50
2024-06-03 09:00:00,1.275395,1.275969,1.275210,1.275784,50
2024-06-03 10:00:00,1.275784,1.276131,1.274961,1.275308,50
2024-06-03 11:00:00,1.275308,1.275880,1.275196,1.275768,50
2024-06-03 12:00:00,1.275768,1.276946,1.275332,1.276509,50
2024-06-03 13:00:00,1.276509,1.277546,1.276465,1.277501,50
2024-06-03 14:00:00,1.277501,1.278927,1.277037,1.278463,50
2024-06-03 15:00:00,1.278463,1.281042,1.277989,1.280568,50
2024-06-03 16:00:00,1.280568,1.280887,1.279670,1.279989,50
2024-06-03 17:00:00,1.279989,1.280289,1.279803,1.280102,50
2024-06-03 18:00:00,1.280102,1.280268,1.278788,1.278954,50
2024-06-03 19:00:00,1.278954,1.279325,1.277958,1.278329,50
2024-06-03 20:00:00,1.278329,1.278736,1.276894,1.277300,50
2024-06-03 21:00:00,1.277300,1.279074,1.276914,1.278688,50
2024-06-03 22:00:00,1.278688,1.279038,1.276557,1.276907,50
2024-06-03 23:00:00,1.276907,1.279657,1.276677,1.279427,50
2024-06-04 00:00:00,1.279427,1.280182,1.279358,1.280113,50
2024-06-04 01:00:00,1.280113,1.280258,1.278986,1.279132,50
2024-06-04 02:00:00,1.279132,1.279227,1.278599,1.278695,50
2024-06-04 03:00:00,1.278695,1.278717,1.278625,1.278647,50
2024-06-04 04:00:00,1.278647,1.278866,1.277695,1.277915,50
2024-06-04 05:00:00,1.277915,1.278032,1.277849,1.277966,50
2024-06-04 06:00:00,1.277966,1.278476,1.277771,1.278281,50
2024-06-04 07:00:00,1.278281,1.278392,1.278096,1.278207,50
2024-06-04 08:00:00,1.278207,1.278330,1.277999,1.278123,50
2024-06-04 09:00:00,1.278123,1.278181,1.277931,1.277990,50
2024-06-04 10:00:00,1.277990,1.278060,1.277208,1.277278,50
2024-06-04 11:00:00,1.277278,1.277908,1.277245,1.277875,50
2024-06-04 12:00:00,1.277875,1.277990,1.277854,1.277969,50
2024-06-04 13:00:00,1.277969,1.278304,1.277840,1.278175,50
2024-06-04 14:00:00,1.278175,1.278402,1.277597,1.277823,50
2024-06-04 15:00:00,1.277823,1.277913,1.277209,1.277299,50
2024-06-04 16:00:00,1.277299,1.278078,1.277281,1.278060,50
2024-06-04 17:00:00,1.278060,1.278244,1.277697,1.277882,50
2024-06-04 18:00:00,1.277882,1.278074,1.276826,1.277018,50
2024-06-04 19:00:00,1.277018,1.277390,1.276966,1.277338,50
2024-06-04 20:00:00,1.277338,1.277599,1.277112,1.277374,50
2024-06-04 21:00:00,1.277374,1.277537,1.277185,1.277349,50
2024-06-04 22:00:00,1.277349,1.277386,1.277121,1.277159,50
2024-06-04 23:00:00,1.277159,1.278471,1.277134,1.278445,50
2024-06-05 00:00:00,1.278445,1.278829,1.278320,1.278703,50
2024-06-05 01:00:00,1.278703,1.279271,1.278701,1.279269,50
2024-06-05 02:00:00,1.279269,1.279292,1.278869,1.278892,50
2024-06-05 03:00:00,1.278892,1.279048,1.278447,1.278603,50
2024-06-05 04:00:00,1.278603,1.279243,1.278483,1.279123,50
2024-06-05 05:00:00,1.279123,1.279282,1.278557,1.278716,50
2024-06-05 06:00:00,1.278716,1.278799,1.278658,1.278741,50
2024-06-05 07:00:00,1.278741,1.278849,1.278725,1.278834,50
2024-06-05 08:00:00,1.278834,1.279784,1.278758,1.279708,50
2024-06-05 09:00:00,1.279708,1.279769,1.279204,1.279266,50
2024-06-05 10:00:00,1.279266,1.279666,1.279120,1.279520,50
2024-06-05 11:00:00,1.279520,1.279588,1.278372,1.278440,50
2024-06-05 12:00:00,1.278440,1.278638,1.278177,1.278374,50
2024-06-05 13:00:00,1.278374,1.278483,1.277815,1.277923,50
2024-06-05 14:00:00,1.277923,1.278682,1.277844,1.278603,50
2024-06-05 15:00:00,1.278603,1.278808,1.277828,1.278033,50
2024-06-05 16:00:00,1.278033,1.278190,1.277569,1.277726,50
2024-06-05 17:00:00,1.277726,1.277914,1.276572,1.276760,50
2024-06-05 18:00:00,1.276760,1.276789,1.276711,1.276740,50
2024-06-05 19:00:00,1.276740,1.276790,1.275826,1.275877,50
2024-06-05 20:00:00,1.275877,1.277111,1.275757,1.276992,50
2024-06-05 21:00:00,1.276992,1.277394,1.276936,1.277337,50
2024-06-05 22:00:00,1.277337,1.277463,1.276524,1.276650,50
2024-06-05 23:00:00,1.276650,1.277337,1.276452,1.277139,50
2024-06-06 00:00:00,1.277139,1.277358,1.275738,1.275956,50
2024-06-06 01:00:00,1.275956,1.276599,1.275756,1.276399,50
2024-06-06 02:00:00,1.276399,1.277284,1.276389,1.277275,50
2024-06-06 03:00:00,1.277275,1.277673,1.277210,1.277609,50
2024-06-06 04:00:00,1.277609,1.277786,1.277574,1.277751,50
2024-06-06 05:00:00,1.277751,1.277919,1.277707,1.277875,50
2024-06-06 06:00:00,1.277875,1.278074,1.277788,1.277986,50
2024-06-06 07:00:00,1.277986,1.278301,1.277982,1.278296,50
2024-06-06 08:00:00,1.278296,1.278847,1.278149,1.278699,50
2024-06-06 09:00:00,1.278699,1.279041,1.278553,1.278895,50
2024-06-06 10:00:00,1.278895,1.279045,1.278341,1.278492,50
2024-06-06 11:00:00,1.278492,1.279191,1.278331,1.279030,50
2024-06-06 12:00:00,1.279030,1.279155,1.278487,1.278612,50
2024-06-06 13:00:00,1.278612,1.278713,1.278482,1.278583,50
2024-06-06 14:00:00,1.278583,1.278611,1.278428,1.278455,50
2024-06-06 15:00:00,1.278455,1.279093,1.278302,1.278940,50
2024-06-06 16:00:00,1.278940,1.279099,1.278263,1.278422,50
2024-06-06 17:00:00,1.278422,1.278914,1.278308,1.278800,50
2024-06-06 18:00:00,1.278800,1.278803,1.278589,1.278593,50
2024-06-06 19:00:00,1.278593,1.279070,1.278469,1.278946,50
2024-06-06 20:00:00,1.278946,1.279192,1.278835,1.279080,50
2024-06-06 21:00:00,1.279080,1.279852,1.279020,1.279792,50
2024-06-06 22:00:00,1.279792,1.279948,1.279552,1.279707,50
2024-06-06 23:00:00,1.279707,1.279892,1.278425,1.278609,50
2024-06-07 00:00:00,1.278609,1.279941,1.278448,1.279781,50
2024-06-07 01:00:00,1.279781,1.280269,1.277984,1.278472,50
2024-06-07 02:00:00,1.278472,1.278897,1.277637,1.278062,50
2024-06-07 03:00:00,1.278062,1.278266,1.277941,1.278145,50
2024-06-07 04:00:00,1.278145,1.278528,1.277537,1.277920,50
2024-06-07 05:00:00,1.277920,1.278155,1.276870,1.277105,50
2024-06-07 06:00:00,1.277105,1.277133,1.276769,1.276796,50
2024-06-07 07:00:00,1.276796,1.277189,1.275938,1.276331,50
2024-06-07 08:00:00,1.276331,1.276699,1.276168,1.276536,50
2024-06-07 09:00:00,1.276536,1.276995,1.275285,1.275744,50
2024-06-07 10:00:00,1.275744,1.276201,1.274534,1.274991,50
2024-06-07 11:00:00,1.274991,1.275303,1.274512,1.274824,50
2024-06-07 12:00:00,1.274824,1.275491,1.274580,1.275247,50
2024-06-07 13:00:00,1.275247,1.275668,1.273573,1.273994,50
2024-06-07 14:00:00,1.273994,1.274326,1.271247,1.271579,50
2024-06-07 15:00:00,1.271579,1.272084,1.271323,1.271829,50
2024-06-07 16:00:00,1.271829,1.272340,1.271610,1.272121,50
2024-06-07 17:00:00,1.272121,1.272931,1.272072,1.272882,50
2024-06-07 18:00:00,1.272882,1.273158,1.272427,1.272704,50
2024-06-07 19:00:00,1.272704,1.273451,1.272492,1.273240,50
2024-06-07 20:00:00,1.273240,1.273666,1.272451,1.272877,50
2024-06-07 21:00:00,1.272877,1.273709,1.272856,1.273688,50
2024-06-07 22:00:00,1.273688,1.274631,1.273538,1.274481,50
2024-06-07 23:00:00,1.274481,1.274921,1.272311,1.272750,50
2024-06-10 00:00:00,1.272750,1.272955,1.270879,1.271084,50
2024-06-10 01:00:00,1.271084,1.271554,1.270932,1.271402,50
2024-06-10 02:00:00,1.271402,1.272713,1.271226,1.272537,50
2024-06-10 03:00:00,1.272537,1.272578,1.272071,1.272112,50
2024-06-10 04:00:00,1.272112,1.272266,1.272017,1.272170,50
2024-06-10 05:00:00,1.272170,1.272850,1.272070,1.272749,50
2024-06-10 06:00:00,1.272749,1.273415,1.272602,1.273268,50
2024-06-10 07:00:00,1.273268,1.273537,1.273227,1.273497,50
2024-06-10 08:00:00,1.273497,1.273694,1.271659,1.271856,50
2024-06-10 09:00:00,1.271856,1.272039,1.271187,1.271369,50
2024-06-10 10:00:00,1.271369,1.272473,1.271337,1.272441,50
2024-06-10 11:00:00,1.272441,1.272551,1.271948,1.272059,50
2024-06-10 12:00:00,1.272059,1.272705,1.271879,1.272525,50
2024-06-10 13:00:00,1.272525,1.273133,1.272406,1.273014,50
2024-06-10 14:00:00,1.273014,1.275116,1.272802,1.274903,50
2024-06-10 15:00:00,1.274903,1.275010,1.273032,1.273139,50
2024-06-10 16:00:00,1.273139,1.273313,1.272959,1.273133,50
2024-06-10 17:00:00,1.273133,1.273690,1.273011,1.273568,50
2024-06-10 18:00:00,1.273568,1.273677,1.272967,1.273077,50
2024-06-10 19:00:00,1.273077,1.273094,1.272680,1.272698,50
2024-06-10 20:00:00,1.272698,1.272883,1.272223,1.272408,50
2024-06-10 21:00:00,1.272408,1.273199,1.272359,1.273150,50
2024-06-10 22:00:00,1.273150,1.273454,1.272973,1.273277,50
2024-06-10 23:00:00,1.273277,1.273431,1.273083,1.273237,50
2024-06-11 00:00:00,1.273237,1.273332,1.272692,1.272787,50
2024-06-11 01:00:00,1.272787,1.272954,1.272039,1.272205,50
2024-06-11 02:00:00,1.272205,1.272311,1.272005,1.272111,50
2024-06-11 03:00:00,1.272111,1.272698,1.272063,1.272650,50
2024-06-11 04:00:00,1.272650,1.272719,1.271343,1.271412,50
2024-06-11 05:00:00,1.271412,1.271567,1.270768,1.270923,50
2024-06-11 06:00:00,1.270923,1.272054,1.270699,1.271830,50
2024-06-11 07:00:00,1.271830,1.272223,1.271822,1.272215,50
2024-06-11 08:00:00,1.272215,1.272807,1.272112,1.272704,50
2024-06-11 09:00:00,1.272704,1.272872,1.272418,1.272586,50
2024-06-11 10:00:00,1.272586,1.274038,1.272396,1.273849,50
2024-06-11 11:00:00,1.273849,1.273912,1.273278,1.273341,50
2024-06-11 12:00:00,1.273341,1.273935,1.273213,1.273808,50
2024-06-11 13:00:00,1.273808,1.273987,1.273694,1.273873,50
2024-06-11 14:00:00,1.273873,1.274235,1.273694,1.274057,50
2024-06-11 15:00:00,1.274057,1.274401,1.274006,1.274350,50
2024-06-11 16:00:00,1.274350,1.274505,1.273416,1.273570,50
2024-06-11 17:00:00,1.273570,1.274085,1.273387,1.273902,50
2024-06-11 18:00:00,1.273902,1.274241,1.273728,1.274066,50
2024-06-11 19:00:00,1.274066,1.274964,1.273842,1.274740,50
2024-06-11 20:00:00,1.274740,1.274966,1.273801,1.274027,50
2024-06-11 21:00:00,1.274027,1.274190,1.272646,1.272809,50
2024-06-11 22:00:00,1.272809,1.273239,1.272776,1.273205,50
2024-06-11 23:00:00,1.273205,1.273412,1.272220,1.272427,50
2024-06-12 00:00:00,1.272427,1.281004,1.271673,1.280250,50
2024-06-12 01:00:00,1.280250,1.281430,1.279448,1.280628,50
2024-06-12 02:00:00,1.280628,1.281243,1.276118,1.276733,50
2024-06-12 03:00:00,1.276733,1.277059,1.274293,1.274620,50
2024-06-12 04:00:00,1.274620,1.275512,1.273464,1.274356,50
2024-06-12 05:00:00,1.274356,1.275054,1.271196,1.271895,50
2024-06-12 06:00:00,1.271895,1.272386,1.269549,1.270041,50
2024-06-12 07:00:00,1.270041,1.274966,1.269436,1.274361,50
2024-06-12 08:00:00,1.274361,1.274581,1.270156,1.270376,50
2024-06-12 09:00:00,1.270376,1.272034,1.270210,1.271868,50
2024-06-12 10:00:00,1.271868,1.272147,1.271690,1.271968,50
2024-06-12 11:00:00,1.271968,1.272761,1.270347,1.271139,50
2024-06-12 12:00:00,1.271139,1.275860,1.270583,1.275303,50
2024-06-12 13:00:00,1.275303,1.276221,1.274028,1.274946,50
2024-06-12 14:00:00,1.274946,1.275404,1.274756,1.275215,50
2024-06-12 15:00:00,1.275215,1.275828,1.273700,1.274313,50
2024-06-12 16:00:00,1.274313,1.275867,1.273461,1.275015,50
2024-06-12 17:00:00,1.275015,1.278707,1.274841,1.278532,50
2024-06-12 18:00:00,1.278532,1.279072,1.278483,1.279023,50
2024-06-12 19:00:00,1.279023,1.282078,1.278925,1.281979,50
2024-06-12 20:00:00,1.281979,1.286750,1.281972,1.286743,50
2024-06-12 21:00:00,1.286743,1.287723,1.282754,1.283735,50
2024-06-12 22:00:00,1.283735,1.283761,1.283373,1.283400,50
2024-06-12 23:00:00,1.283400,1.285080,1.282676,1.284357,50
2024-06-13 00:00:00,1.284357,1.284840,1.278821,1.279304,50
2024-06-13 01:00:00,1.279304,1.281208,1.279205,1.281109,50
2024-06-13 02:00:00,1.281109,1.281506,1.280827,1.281224,50
2024-06-13 03:00:00,1.281224,1.282252,1.280871,1.281899,50
2024-06-13 04:00:00,1.281899,1.285218,1.281278,1.284596,50
2024-06-13 05:00:00,1.284596,1.284785,1.282115,1.282304,50
2024-06-13 06:00:00,1.282304,1.282545,1.281803,1.282044,50
2024-06-13 07:00:00,1.282044,1.282606,1.281405,1.281967,50
2024-06-13 08:00:00,1.281967,1.286155,1.281775,1.285963,50
2024-06-13 09:00:00,1.285963,1.286630,1.284326,1.284993,50
2024-06-13 10:00:00,1.284993,1.285123,1.283012,1.283141,50
2024-06-13 11:00:00,1.283141,1.283701,1.281587,1.282147,50
2024-06-13 12:00:00,1.282147,1.282168,1.281137,1.281158,50
2024-06-13 13:00:00,1.281158,1.281708,1.280575,1.281125,50
2024-06-13 14:00:00,1.281125,1.281684,1.280627,1.281186,50
2024-06-13 15:00:00,1.281186,1.281529,1.278695,1.279038,50
2024-06-13 16:00:00,1.279038,1.279217,1.276634,1.276813,50
2024-06-13 17:00:00,1.276813,1.278335,1.276794,1.278316,50
2024-06-13 18:00:00,1.278316,1.278568,1.274981,1.275233,50
2024-06-13 19:00:00,1.275233,1.275692,1.274259,1.274718,50
2024-06-13 20:00:00,1.274718,1.275197,1.274576,1.275055,50
2024-06-13 21:00:00,1.275055,1.276383,1.274829,1.276157,50
2024-06-13 22:00:00,1.276157,1.279283,1.275560,1.278686,50
2024-06-13 23:00:00,1.278686,1.279351,1.275659,1.276324,50
2024-06-14 00:00:00,1.276324,1.278531,1.275672,1.277879,50
2024-06-14 01:00:00,1.277879,1.278362,1.276928,1.277412,50
2024-06-14 02:00:00,1.277412,1.277570,1.276243,1.276401,50
2024-06-14 03:00:00,1.276401,1.276485,1.275069,1.275153,50
2024-06-14 04:00:00,1.275153,1.275624,1.274494,1.274965,50
2024-06-14 05:00:00,1.274965,1.275250,1.272841,1.273126,50
2024-06-14 06:00:00,1.273126,1.273763,1.271495,1.272133,50
2024-06-14 07:00:00,1.272133,1.272760,1.271237,1.271864,50
2024-06-14 08:00:00,1.271864,1.271914,1.271227,1.271277,50
2024-06-14 09:00:00,1.271277,1.272699,1.271144,1.272565,50
2024-06-14 10:00:00,1.272565,1.274025,1.271917,1.273377,50
2024-06-14 11:00:00,1.273377,1.273539,1.271012,1.271175,50
2024-06-14 12:00:00,1.271175,1.272664,1.270558,1.272048,50
2024-06-14 13:00:00,1.272048,1.273560,1.271532,1.273044,50
2024-06-14 14:00:00,1.273044,1.273535,1.272093,1.272584,50
2024-06-14 15:00:00,1.272584,1.272700,1.272453,1.272570,50
2024-06-14 16:00:00,1.272570,1.272751,1.270518,1.270699,50
2024-06-14 17:00:00,1.270699,1.272677,1.270310,1.272288,50
2024-06-14 18:00:00,1.272288,1.272399,1.270841,1.270953,50
2024-06-14 19:00:00,1.270953,1.271594,1.269663,1.270305,50
2024-06-14 20:00:00,1.270305,1.270390,1.269617,1.269702,50
2024-06-14 21:00:00,1.269702,1.270318,1.269005,1.269622,50
2024-06-14 22:00:00,1.269622,1.269809,1.267953,1.268140,50
2024-06-14 23:00:00,1.268140,1.269163,1.267530,1.268553,50
2024-06-17 00:00:00,1.268553,1.268599,1.267197,1.267244,50
2024-06-17 01:00:00,1.267244,1.267309,1.266745,1.266810,50
2024-06-17 02:00:00,1.266810,1.267053,1.266783,1.267025,50
2024-06-17 03:00:00,1.267025,1.267400,1.266880,1.267254,50
2024-06-17 04:00:00,1.267254,1.267386,1.267088,1.267221,50
2024-06-17 05:00:00,1.267221,1.267232,1.267054,1.267065,50
2024-06-17 06:00:00,1.267065,1.267738,1.267062,1.267735,50
2024-06-17 07:00:00,1.267735,1.267867,1.267668,1.267800,50
2024-06-17 08:00:00,1.267800,1.268396,1.267608,1.268204,50
2024-06-17 09:00:00,1.268204,1.268402,1.267773,1.267971,50
2024-06-17 10:00:00,1.267971,1.268319,1.267896,1.268245,50
2024-06-17 11:00:00,1.268245,1.268572,1.268047,1.268374,50
2024-06-17 12:00:00,1.268374,1.269812,1.268241,1.269679,50
2024-06-17 13:00:00,1.269679,1.270146,1.269504,1.269972,50
2024-06-17 14:00:00,1.269972,1.270290,1.269793,1.270112,50
2024-06-17 15:00:00,1.270112,1.270127,1.270106,1.270121,50
2024-06-17 16:00:00,1.270121,1.270229,1.269828,1.269935,50
2024-06-17 17:00:00,1.269935,1.270832,1.269720,1.270617,50
2024-06-17 18:00:00,1.270617,1.270758,1.270125,1.270266,50
2024-06-17 19:00:00,1.270266,1.270296,1.270241,1.270271,50
2024-06-17 20:00:00,1.270271,1.270369,1.269882,1.269980,50
2024-06-17 21:00:00,1.269980,1.270121,1.269093,1.269234,50
2024-06-17 22:00:00,1.269234,1.269448,1.268866,1.269080,50
2024-06-17 23:00:00,1.269080,1.269188,1.268767,1.268875,50
2024-06-18 00:00:00,1.268875,1.269097,1.268009,1.268231,50
2024-06-18 01:00:00,1.268231,1.268543,1.268049,1.268361,50
2024-06-18 02:00:00,1.268361,1.268576,1.268117,1.268332,50
2024-06-18 03:00:00,1.268332,1.268651,1.268214,1.268533,50
2024-06-18 04:00:00,1.268533,1.268688,1.268037,1.268192,50
2024-06-18 05:00:00,1.268192,1.268356,1.267462,1.267626,50
2024-06-18 06:00:00,1.267626,1.268226,1.267419,1.268020,50
2024-06-18 07:00:00,1.268020,1.268317,1.267798,1.268096,50
2024-06-18 08:00:00,1.268096,1.268299,1.267980,1.268183,50
2024-06-18 09:00:00,1.268183,1.268315,1.268049,1.268182,50
2024-06-18 10:00:00,1.268182,1.268287,1.268113,1.268219,50
2024-06-18 11:00:00,1.268219,1.268340,1.267865,1.267986,50
2024-06-18 12:00:00,1.267986,1.268169,1.267567,1.267751,50
2024-06-18 13:00:00,1.267751,1.268339,1.267582,1.268170,50
2024-06-18 14:00:00,1.268170,1.268988,1.268074,1.268892,50
2024-06-18 15:00:00,1.268892,1.269609,1.268887,1.269604,50
2024-06-18 16:00:00,1.269604,1.269760,1.269413,1.269569,50
2024-06-18 17:00:00,1.269569,1.269866,1.269524,1.269821,50
2024-06-18 18:00:00,1.269821,1.270278,1.269641,1.270097,50
2024-06-18 19:00:00,1.270097,1.270359,1.270054,1.270316,50
2024-06-18 20:00:00,1.270316,1.270736,1.270164,1.270584,50
2024-06-18 21:00:00,1.270584,1.271352,1.270432,1.271200,50
2024-06-18 22:00:00,1.271200,1.271327,1.271073,1.271201,50
2024-06-18 23:00:00,1.271201,1.271311,1.269731,1.269841,50
2024-06-20 00:00:00,1.269841,1.269958,1.269026,1.269142,50
2024-06-20 01:00:00,1.269142,1.269346,1.268128,1.268332,50
2024-06-20 02:00:00,1.268332,1.269011,1.268207,1.268886,50
2024-06-20 03:00:00,1.268886,1.268926,1.268223,1.268264,50
2024-06-20 04:00:00,1.268264,1.268334,1.267563,1.267634,50
2024-06-20 05:00:00,1.267634,1.267773,1.267540,1.267680,50
2024-06-20 06:00:00,1.267680,1.268257,1.267568,1.268145,50
2024-06-20 07:00:00,1.268145,1.268190,1.267477,1.267522,50
2024-06-20 08:00:00,1.267522,1.267629,1.266850,1.266956,50
2024-06-20 09:00:00,1.266956,1.267121,1.266394,1.266559,50
2024-06-20 10:00:00,1.266559,1.267909,1.266408,1.267759,50
2024-06-20 11:00:00,1.267759,1.269091,1.267624,1.268956,50
2024-06-20 12:00:00,1.268956,1.270199,1.268941,1.270184,50
2024-06-20 13:00:00,1.270184,1.270459,1.270113,1.270388,50
2024-06-20 14:00:00,1.270388,1.270428,1.269461,1.269500,50
2024-06-20 15:00:00,1.269500,1.269544,1.268543,1.268587,50
2024-06-20 16:00:00,1.268587,1.268627,1.267784,1.267824,50
2024-06-20 17:00:00,1.267824,1.268050,1.267469,1.267695,50
2024-06-20 18:00:00,1.267695,1.267761,1.267229,1.267295,50
2024-06-20 19:00:00,1.267295,1.268428,1.267099,1.268232,50
2024-06-20 20:00:00,1.268232,1.269128,1.268096,1.268992,50
2024-06-20 21:00:00,1.268992,1.269207,1.268839,1.269054,50
2024-06-20 22:00:00,1.269054,1.269503,1.268948,1.269397,50
2024-06-20 23:00:00,1.269397,1.269557,1.266946,1.267106,50
2024-06-21 00:00:00,1.267106,1.267285,1.265572,1.265751,50
2024-06-21 01:00:00,1.265751,1.265890,1.265662,1.265802,50
2024-06-21 02:00:00,1.265802,1.266754,1.265787,1.266739,50
2024-06-21 03:00:00,1.266739,1.266899,1.266410,1.266570,50
2024-06-21 04:00:00,1.266570,1.266685,1.266023,1.266138,50
2024-06-21 05:00:00,1.266138,1.266262,1.265607,1.265731,50
2024-06-21 06:00:00,1.265731,1.267271,1.265713,1.267253,50
2024-06-21 07:00:00,1.267253,1.267714,1.267145,1.267605,50
2024-06-21 08:00:00,1.267605,1.267920,1.267406,1.267721,50
2024-06-21 09:00:00,1.267721,1.267918,1.267139,1.267336,50
2024-06-21 10:00:00,1.267336,1.267448,1.266373,1.266485,50
2024-06-21 11:00:00,1.266485,1.266650,1.266446,1.266611,50
2024-06-21 12:00:00,1.266611,1.266756,1.265699,1.265843,50
2024-06-21 13:00:00,1.265843,1.266051,1.264907,1.265115,50
2024-06-21 14:00:00,1.265115,1.265374,1.264917,1.265177,50
2024-06-21 15:00:00,1.265177,1.265332,1.263772,1.263927,50
2024-06-21 16:00:00,1.263927,1.264404,1.263721,1.264198,50
2024-06-21 17:00:00,1.264198,1.264956,1.264126,1.264884,50
2024-06-21 18:00:00,1.264884,1.264932,1.264442,1.264490,50
2024-06-21 19:00:00,1.264490,1.265079,1.264293,1.264883,50
2024-06-21 20:00:00,1.264883,1.266119,1.264741,1.265977,50
2024-06-21 21:00:00,1.265977,1.266170,1.265956,1.266149,50
2024-06-21 22:00:00,1.266149,1.266174,1.265705,1.265730,50
2024-06-21 23:00:00,1.265730,1.265861,1.264411,1.264542,50
2024-06-24 00:00:00,1.264542,1.264735,1.264518,1.264711,50
2024-06-24 01:00:00,1.264711,1.264860,1.263768,1.263917,50
2024-06-24 02:00:00,1.263917,1.264112,1.263578,1.263772,50
2024-06-24 03:00:00,1.263772,1.265386,1.263749,1.265363,50
2024-06-24 04:00:00,1.265363,1.265960,1.265194,1.265791,50
2024-06-24 05:00:00,1.265791,1.267575,1.265598,1.267383,50
2024-06-24 06:00:00,1.267383,1.268226,1.267102,1.267945,50
2024-06-24 07:00:00,1.267945,1.268021,1.267609,1.267684,50
2024-06-24 08:00:00,1.267684,1.267824,1.267376,1.267516,50
2024-06-24 09:00:00,1.267516,1.267751,1.266331,1.266566,50
2024-06-24 10:00:00,1.266566,1.267001,1.266509,1.266944,50
2024-06-24 11:00:00,1.266944,1.267997,1.266922,1.267975,50
2024-06-24 12:00:00,1.267975,1.268083,1.266718,1.266825,50
2024-06-24 13:00:00,1.266825,1.267710,1.266599,1.267484,50
2024-06-24 14:00:00,1.267484,1.267645,1.267088,1.267249,50
2024-06-24 15:00:00,1.267249,1.267758,1.266960,1.267469,50
2024-06-24 16:00:00,1.267469,1.268622,1.267233,1.268387,50
2024-06-24 17:00:00,1.268387,1.269007,1.268201,1.268820,50
2024-06-24 18:00:00,1.268820,1.269141,1.268200,1.268520,50
2024-06-24 19:00:00,1.268520,1.268859,1.268321,1.268660,50
2024-06-24 20:00:00,1.268660,1.268827,1.268372,1.268539,50
2024-06-24 21:00:00,1.268539,1.269226,1.268474,1.269162,50
2024-06-24 22:00:00,1.269162,1.269447,1.268649,1.268934,50
2024-06-24 23:00:00,1.268934,1.269221,1.268105,1.268392,50
2024-06-25 00:00:00,1.268392,1.268751,1.268276,1.268635,50
2024-06-25 01:00:00,1.268635,1.268724,1.268002,1.268091,50
2024-06-25 02:00:00,1.268091,1.268248,1.267876,1.268034,50
2024-06-25 03:00:00,1.268034,1.268130,1.267659,1.267756,50
2024-06-25 04:00:00,1.267756,1.267942,1.267265,1.267451,50
2024-06-25 05:00:00,1.267451,1.267596,1.266537,1.266681,50
2024-06-25 06:00:00,1.266681,1.266886,1.266552,1.266757,50
2024-06-25 07:00:00,1.266757,1.267422,1.266555,1.267220,50
2024-06-25 08:00:00,1.267220,1.268130,1.267080,1.267990,50
2024-06-25 09:00:00,1.267990,1.268041,1.266853,1.266904,50
2024-06-25 10:00:00,1.266904,1.267049,1.266476,1.266621,50
2024-06-25 11:00:00,1.266621,1.266693,1.266097,1.266168,50
2024-06-25 12:00:00,1.266168,1.266521,1.266100,1.266453,50
2024-06-25 13:00:00,1.266453,1.267218,1.266450,1.267215,50
2024-06-25 14:00:00,1.267215,1.267384,1.266600,1.266769,50
2024-06-25 15:00:00,1.266769,1.266801,1.266276,1.266308,50
2024-06-25 16:00:00,1.266308,1.267205,1.266109,1.267006,50
2024-06-25 17:00:00,1.267006,1.267020,1.266469,1.266483,50
2024-06-25 18:00:00,1.266483,1.267449,1.266277,1.267243,50
2024-06-25 19:00:00,1.267243,1.267420,1.266871,1.267048,50
2024-06-25 20:00:00,1.267048,1.267844,1.266913,1.267709,50
2024-06-25 21:00:00,1.267709,1.267820,1.266487,1.266598,50
2024-06-25 22:00:00,1.266598,1.266683,1.266397,1.266482,50
2024-06-25 23:00:00,1.266482,1.267870,1.266361,1.267748,50
2024-06-26 00:00:00,1.267748,1.267831,1.263888,1.263970,50
2024-06-26 01:00:00,1.263970,1.264735,1.263802,1.264567,50
2024-06-26 02:00:00,1.264567,1.267809,1.264388,1.267631,50
2024-06-26 03:00:00,1.267631,1.269024,1.267412,1.268805,50
2024-06-26 04:00:00,1.268805,1.269166,1.268188,1.268550,50
2024-06-26 05:00:00,1.268550,1.268639,1.265931,1.266021,50
2024-06-26 06:00:00,1.266021,1.266259,1.263160,1.263398,50
2024-06-26 07:00:00,1.263398,1.263744,1.261065,1.261411,50
2024-06-26 08:00:00,1.261411,1.261875,1.261383,1.261848,50
2024-06-26 09:00:00,1.261848,1.264884,1.261751,1.264787,50
2024-06-26 10:00:00,1.264787,1.265161,1.262240,1.262614,50
2024-06-26 11:00:00,1.262614,1.264097,1.262312,1.263795,50
2024-06-26 12:00:00,1.263795,1.265180,1.263659,1.265043,50
2024-06-26 13:00:00,1.265043,1.265628,1.264872,1.265457,50
2024-06-26 14:00:00,1.265457,1.265806,1.261943,1.262292,50
2024-06-26 15:00:00,1.262292,1.262571,1.261686,1.261965,50
2024-06-26 16:00:00,1.261965,1.265035,1.261800,1.264870,50
2024-06-26 17:00:00,1.264870,1.267346,1.264534,1.267010,50
2024-06-26 18:00:00,1.267010,1.267715,1.266981,1.267686,50
2024-06-26 19:00:00,1.267686,1.268256,1.267321,1.267891,50
2024-06-26 20:00:00,1.267891,1.267966,1.266622,1.266697,50
2024-06-26 21:00:00,1.266697,1.266788,1.264630,1.264721,50
2024-06-26 22:00:00,1.264721,1.265147,1.264357,1.264783,50
2024-06-26 23:00:00,1.264783,1.265063,1.262187,1.262467,50
2024-06-27 00:00:00,1.262467,1.263110,1.262287,1.262931,50
2024-06-27 01:00:00,1.262931,1.263087,1.262162,1.262318,50
2024-06-27 02:00:00,1.262318,1.262617,1.262197,1.262495,50
2024-06-27 03:00:00,1.262495,1.262575,1.262176,1.262256,50
2024-06-27 04:00:00,1.262256,1.262287,1.261861,1.261892,50
2024-06-27 05:00:00,1.261892,1.262227,1.261652,1.261987,50
2024-06-27 06:00:00,1.261987,1.262312,1.261965,1.262289,50
2024-06-27 07:00:00,1.262289,1.262842,1.262217,1.262770,50
2024-06-27 08:00:00,1.262770,1.262996,1.262232,1.262459,50
2024-06-27 09:00:00,1.262459,1.263333,1.262439,1.263313,50
2024-06-27 10:00:00,1.263313,1.263982,1.263228,1.263897,50
2024-06-27 11:00:00,1.263897,1.264655,1.263656,1.264414,50
2024-06-27 12:00:00,1.264414,1.264588,1.264246,1.264420,50
2024-06-27 13:00:00,1.264420,1.265314,1.264363,1.265257,50
2024-06-27 14:00:00,1.265257,1.265494,1.265210,1.265447,50
2024-06-27 15:00:00,1.265447,1.265650,1.264784,1.264988,50
2024-06-27 16:00:00,1.264988,1.265280,1.264811,1.265103,50
2024-06-27 17:00:00,1.265103,1.265146,1.264903,1.264946,50
2024-06-27 18:00:00,1.264946,1.265144,1.264664,1.264862,50
2024-06-27 19:00:00,1.264862,1.265928,1.264740,1.265806,50
2024-06-27 20:00:00,1.265806,1.266142,1.265581,1.265917,50
2024-06-27 21:00:00,1.265917,1.266148,1.265287,1.265518,50
2024-06-27 22:00:00,1.265518,1.265674,1.264376,1.264532,50
2024-06-27 23:00:00,1.264532,1.265522,1.264352,1.265342,50
2024-06-28 00:00:00,1.265342,1.265691,1.265241,1.265590,50
2024-06-28 01:00:00,1.265590,1.266093,1.265571,1.266074,50
2024-06-28 02:00:00,1.266074,1.266322,1.265855,1.266104,50
2024-06-28 03:00:00,1.266104,1.266128,1.265991,1.266015,50
2024-06-28 04:00:00,1.266015,1.266057,1.265849,1.265892,50
2024-06-28 05:00:00,1.265892,1.266475,1.265752,1.266335,50
2024-06-28 06:00:00,1.266335,1.266758,1.266176,1.266599,50
2024-06-28 07:00:00,1.266599,1.266820,1.266128,1.266349,50
2024-06-28 08:00:00,1.266349,1.266530,1.265965,1.266146,50
2024-06-28 09:00:00,1.266146,1.266250,1.265177,1.265281,50
2024-06-28 10:00:00,1.265281,1.265443,1.264860,1.265022,50
2024-06-28 11:00:00,1.265022,1.265133,1.264976,1.265087,50
2024-06-28 12:00:00,1.265087,1.265102,1.264793,1.264808,50
2024-06-28 13:00:00,1.264808,1.265015,1.264600,1.264807,50
2024-06-28 14:00:00,1.264807,1.264876,1.264723,1.264792,50
2024-06-28 15:00:00,1.264792,1.264852,1.264465,1.264525,50
2024-06-28 16:00:00,1.264525,1.264744,1.264011,1.264230,50
2024-06-28 17:00:00,1.264230,1.264304,1.263686,1.263760,50
2024-06-28 18:00:00,1.263760,1.263941,1.263159,1.263340,50
2024-06-28 19:00:00,1.263340,1.263425,1.263135,1.263220,50
2024-06-28 20:00:00,1.263220,1.263253,1.262773,1.262806,50
2024-06-28 21:00:00,1.262806,1.262929,1.262725,1.262847,50
2024-06-28 22:00:00,1.262847,1.263176,1.262655,1.262983,50
2024-06-28 23:00:00,1.262983,1.264071,1.262974,1.264063,50
2024-07-01 00:00:00,1.264063,1.264849,1.263859,1.264645,50
2024-07-01 01:00:00,1.264645,1.264831,1.264306,1.264491,50
2024-07-01 02:00:00,1.264491,1.265581,1.264344,1.265433,50
2024-07-01 03:00:00,1.265433,1.265570,1.265008,1.265145,50
2024-07-01 04:00:00,1.265145,1.265292,1.265000,1.265147,50
2024-07-01 05:00:00,1.265147,1.265369,1.264558,1.264780,50
2024-07-01 06:00:00,1.264780,1.264996,1.264126,1.264342,50
2024-07-01 07:00:00,1.264342,1.264363,1.264020,1.264041,50
2024-07-01 08:00:00,1.264041,1.264113,1.262996,1.263067,50
2024-07-01 09:00:00,1.263067,1.263227,1.262485,1.262645,50
2024-07-01 10:00:00,1.262645,1.263888,1.262522,1.263765,50
2024-07-01 11:00:00,1.263765,1.264821,1.263609,1.264665,50
2024-07-01 12:00:00,1.264665,1.264689,1.264314,1.264338,50
2024-07-01 13:00:00,1.264338,1.264358,1.263805,1.263826,50
2024-07-01 14:00:00,1.263826,1.264200,1.263688,1.264062,50
2024-07-01 15:00:00,1.264062,1.264362,1.264042,1.264343,50
2024-07-01 16:00:00,1.264343,1.265409,1.264256,1.265322,50
2024-07-01 17:00:00,1.265322,1.265777,1.265168,1.265623,50
2024-07-01 18:00:00,1.265623,1.265743,1.265124,1.265244,50
2024-07-01 19:00:00,1.265244,1.265532,1.265044,1.265332,50
2024-07-01 20:00:00,1.265332,1.266145,1.265171,1.265984,50
2024-07-01 21:00:00,1.265984,1.266475,1.265949,1.266440,50
2024-07-01 22:00:00,1.266440,1.266547,1.266284,1.266392,50
2024-07-01 23:00:00,1.266392,1.266532,1.264882,1.265022,50
2024-07-02 00:00:00,1.265022,1.267344,1.264891,1.267213,50
2024-07-02 01:00:00,1.267213,1.267802,1.267063,1.267652,50
2024-07-02 02:00:00,1.267652,1.267867,1.267126,1.267341,50
2024-07-02 03:00:00,1.267341,1.267451,1.267191,1.267301,50
2024-07-02 04:00:00,1.267301,1.268441,1.267111,1.268251,50
2024-07-02 05:00:00,1.268251,1.268379,1.268045,1.268173,50
2024-07-02 06:00:00,1.268173,1.268331,1.267063,1.267222,50
2024-07-02 07:00:00,1.267222,1.268528,1.267181,1.268487,50
2024-07-02 08:00:00,1.268487,1.268504,1.266737,1.266755,50
2024-07-02 09:00:00,1.266755,1.267834,1.266534,1.267614,50
2024-07-02 10:00:00,1.267614,1.268179,1.267438,1.268003,50
2024-07-02 11:00:00,1.268003,1.268125,1.266012,1.266135,50
2024-07-02 12:00:00,1.266135,1.266739,1.265897,1.266501,50
2024-07-02 13:00:00,1.266501,1.266618,1.265246,1.265363,50
2024-07-02 14:00:00,1.265363,1.265417,1.265018,1.265071,50
2024-07-02 15:00:00,1.265071,1.267887,1.264893,1.267709,50
2024-07-02 16:00:00,1.267709,1.267942,1.266714,1.266946,50
2024-07-02 17:00:00,1.266946,1.266953,1.265763,1.265770,50
2024-07-02 18:00:00,1.265770,1.267214,1.265693,1.267138,50
2024-07-02 19:00:00,1.267138,1.267337,1.265228,1.265427,50
2024-07-02 20:00:00,1.265427,1.265482,1.265191,1.265246,50
2024-07-02 21:00:00,1.265246,1.265443,1.264248,1.264445,50
2024-07-02 22:00:00,1.264445,1.266134,1.264290,1.265980,50
2024-07-02 23:00:00,1.265980,1.268131,1.265758,1.267909,50
2024-07-03 00:00:00,1.267909,1.268315,1.265756,1.266161,50
2024-07-03 01:00:00,1.266161,1.267450,1.265749,1.267038,50
2024-07-03 02:00:00,1.267038,1.267695,1.267016,1.267673,50
2024-07-03 03:00:00,1.267673,1.269112,1.267166,1.268605,50
2024-07-03 04:00:00,1.268605,1.268839,1.267092,1.267326,50
2024-07-03 05:00:00,1.267326,1.270263,1.267112,1.270050,50
2024-07-03 06:00:00,1.270050,1.271531,1.269383,1.270863,50
2024-07-03 07:00:00,1.270863,1.271299,1.269754,1.270190,50
2024-07-03 08:00:00,1.270190,1.271743,1.269892,1.271444,50
2024-07-03 09:00:00,1.271444,1.275454,1.270781,1.274791,50
2024-07-03 10:00:00,1.274791,1.276251,1.274774,1.276233,50
2024-07-03 11:00:00,1.276233,1.276664,1.274960,1.275391,50
2024-07-03 12:00:00,1.275391,1.276860,1.274907,1.276377,50
2024-07-03 13:00:00,1.276377,1.276719,1.275485,1.275827,50
2024-07-03 14:00:00,1.275827,1.276344,1.274989,1.275506,50
2024-07-03 15:00:00,1.275506,1.275707,1.272316,1.272517,50
2024-07-03 16:00:00,1.272517,1.272935,1.272127,1.272546,50
2024-07-03 17:00:00,1.272546,1.274742,1.272091,1.274286,50
2024-07-03 18:00:00,1.274286,1.274621,1.274224,1.274558,50
2024-07-03 19:00:00,1.274558,1.275891,1.274184,1.275516,50
2024-07-03 20:00:00,1.275516,1.278781,1.275133,1.278398,50
2024-07-03 21:00:00,1.278398,1.278553,1.276621,1.276776,50
2024-07-03 22:00:00,1.276776,1.277306,1.275109,1.275639,50
2024-07-03 23:00:00,1.275639,1.276668,1.275622,1.276650,50
2024-07-05 00:00:00,1.276650,1.277230,1.276393,1.276973,50
2024-07-05 01:00:00,1.276973,1.277305,1.276406,1.276738,50
2024-07-05 02:00:00,1.276738,1.278085,1.276442,1.277789,50
2024-07-05 03:00:00,1.277789,1.277965,1.277075,1.277251,50
2024-07-05 04:00:00,1.277251,1.278087,1.277125,1.277961,50
2024-07-05 05:00:00,1.277961,1.278294,1.277636,1.277969,50
2024-07-05 06:00:00,1.277969,1.278694,1.277697,1.278422,50
2024-07-05 07:00:00,1.278422,1.279261,1.278273,1.279113,50
2024-07-05 08:00:00,1.279113,1.279690,1.278796,1.279373,50
2024-07-05 09:00:00,1.279373,1.280356,1.279192,1.280174,50
2024-07-05 10:00:00,1.280174,1.280509,1.279060,1.279395,50
2024-07-05 11:00:00,1.279395,1.280430,1.279364,1.280399,50
2024-07-05 12:00:00,1.280399,1.280580,1.279325,1.279506,50
2024-07-05 13:00:00,1.279506,1.280390,1.279305,1.280189,50
2024-07-05 14:00:00,1.280189,1.280404,1.279283,1.279499,50
2024-07-05 15:00:00,1.279499,1.279514,1.278675,1.278690,50
2024-07-05 16:00:00,1.278690,1.279580,1.278451,1.279341,50
2024-07-05 17:00:00,1.279341,1.279561,1.279057,1.279277,50
2024-07-05 18:00:00,1.279277,1.279926,1.279115,1.279764,50
2024-07-05 19:00:00,1.279764,1.280763,1.279619,1.280618,50
2024-07-05 20:00:00,1.280618,1.281187,1.280416,1.280984,50
2024-07-05 21:00:00,1.280984,1.281185,1.280124,1.280325,50
2024-07-05 22:00:00,1.280325,1.280724,1.280306,1.280705,50
2024-07-05 23:00:00,1.280705,1.280926,1.280517,1.280738,50
2024-07-08 00:00:00,1.280738,1.280946,1.280238,1.280446,50
2024-07-08 01:00:00,1.280446,1.280499,1.279829,1.279881,50
2024-07-08 02:00:00,1.279881,1.281337,1.279698,1.281154,50
2024-07-08 03:00:00,1.281154,1.281845,1.281005,1.281696,50
2024-07-08 04:00:00,1.281696,1.281723,1.280763,1.280790,50
2024-07-08 05:00:00,1.280790,1.281649,1.280714,1.281573,50
2024-07-08 06:00:00,1.281573,1.282344,1.281368,1.282140,50
2024-07-08 07:00:00,1.282140,1.283621,1.281913,1.283394,50
2024-07-08 08:00:00,1.283394,1.283473,1.282557,1.282636,50
2024-07-08 09:00:00,1.282636,1.282847,1.281569,1.281780,50
2024-07-08 10:00:00,1.281780,1.281899,1.279972,1.280091,50
2024-07-08 11:00:00,1.280091,1.280182,1.279872,1.279963,50
2024-07-08 12:00:00,1.279963,1.280266,1.279809,1.280112,50
2024-07-08 13:00:00,1.280112,1.280861,1.280042,1.280791,50
2024-07-08 14:00:00,1.280791,1.280971,1.280332,1.280512,50
2024-07-08 15:00:00,1.280512,1.281876,1.280329,1.281693,50
2024-07-08 16:00:00,1.281693,1.282014,1.281528,1.281848,50
2024-07-08 17:00:00,1.281848,1.283106,1.281713,1.282970,50
2024-07-08 18:00:00,1.282970,1.283829,1.282872,1.283730,50
2024-07-08 19:00:00,1.283730,1.283943,1.281802,1.282016,50
2024-07-08 20:00:00,1.282016,1.282374,1.282004,1.282363,50
2024-07-08 21:00:00,1.282363,1.282981,1.282299,1.282917,50
2024-07-08 22:00:00,1.282917,1.283053,1.282684,1.282819,50
2024-07-08 23:00:00,1.282819,1.283064,1.282629,1.282874,50
2024-07-09 00:00:00,1.282874,1.283627,1.282672,1.283426,50
2024-07-09 01:00:00,1.283426,1.283480,1.282563,1.282617,50
2024-07-09 02:00:00,1.282617,1.282778,1.281482,1.281642,50
2024-07-09 03:00:00,1.281642,1.281776,1.281255,1.281389,50
2024-07-09 04:00:00,1.281389,1.281623,1.279820,1.280055,50
2024-07-09 05:00:00,1.280055,1.281512,1.279711,1.281168,50
2024-07-09 06:00:00,1.281168,1.281395,1.280840,1.281067,50
2024-07-09 07:00:00,1.281067,1.281451,1.281033,1.281416,50
2024-07-09 08:00:00,1.281416,1.281746,1.281029,1.281358,50
2024-07-09 09:00:00,1.281358,1.281558,1.280690,1.280889,50
2024-07-09 10:00:00,1.280889,1.281376,1.280652,1.281139,50
2024-07-09 11:00:00,1.281139,1.281892,1.280966,1.281720,50
2024-07-09 12:00:00,1.281720,1.281968,1.280297,1.280546,50
2024-07-09 13:00:00,1.280546,1.280825,1.280196,1.280475,50
2024-07-09 14:00:00,1.280475,1.280601,1.278964,1.279091,50
2024-07-09 15:00:00,1.279091,1.279191,1.277954,1.278054,50
2024-07-09 16:00:00,1.278054,1.278236,1.277824,1.278007,50
2024-07-09 17:00:00,1.278007,1.278093,1.277866,1.277952,50
2024-07-09 18:00:00,1.277952,1.279271,1.277666,1.278984,50
2024-07-09 19:00:00,1.278984,1.280615,1.278689,1.280320,50
2024-07-09 20:00:00,1.280320,1.280711,1.280237,1.280628,50
2024-07-09 21:00:00,1.280628,1.280905,1.280472,1.280749,50
2024-07-09 22:00:00,1.280749,1.281160,1.280581,1.280991,50
2024-07-09 23:00:00,1.280991,1.281108,1.278656,1.278772,50
2024-07-10 00:00:00,1.278772,1.280135,1.278641,1.280003,50
2024-07-10 01:00:00,1.280003,1.280105,1.278782,1.278883,50
2024-07-10 02:00:00,1.278883,1.281005,1.278481,1.280602,50
2024-07-10 03:00:00,1.280602,1.280936,1.278855,1.279190,50
2024-07-10 04:00:00,1.279190,1.279328,1.277723,1.277861,50
2024-07-10 05:00:00,1.277861,1.278053,1.277497,1.277689,50
2024-07-10 06:00:00,1.277689,1.278454,1.277558,1.278324,50
2024-07-10 07:00:00,1.278324,1.278769,1.277595,1.278041,50
2024-07-10 08:00:00,1.278041,1.280272,1.277826,1.280057,50
2024-07-10 09:00:00,1.280057,1.281062,1.279748,1.280753,50
2024-07-10 10:00:00,1.280753,1.281124,1.279909,1.280280,50
2024-07-10 11:00:00,1.280280,1.280497,1.279966,1.280183,50
2024-07-10 12:00:00,1.280183,1.280585,1.279979,1.280381,50
2024-07-10 13:00:00,1.280381,1.281223,1.280048,1.280890,50
2024-07-10 14:00:00,1.280890,1.282479,1.280681,1.282271,50
2024-07-10 15:00:00,1.282271,1.282485,1.282154,1.282368,50
2024-07-10 16:00:00,1.282368,1.283375,1.282239,1.283246,50
2024-07-10 17:00:00,1.283246,1.285520,1.283001,1.285275,50
2024-07-10 18:00:00,1.285275,1.285581,1.283508,1.283814,50
2024-07-10 19:00:00,1.283814,1.284129,1.283061,1.283375,50
2024-07-10 20:00:00,1.283375,1.283712,1.283042,1.283378,50
2024-07-10 21:00:00,1.283378,1.283744,1.282682,1.283047,50
2024-07-10 22:00:00,1.283047,1.283598,1.282773,1.283325,50
2024-07-10 23:00:00,1.283325,1.284371,1.283145,1.284192,50
2024-07-11 00:00:00,1.284192,1.289538,1.284128,1.289474,50
2024-07-11 01:00:00,1.289474,1.289980,1.288403,1.288909,50
2024-07-11 02:00:00,1.288909,1.289281,1.282850,1.283222,50
2024-07-11 03:00:00,1.283222,1.283432,1.282422,1.282632,50
2024-07-11 04:00:00,1.282632,1.286703,1.282262,1.286333,50
2024-07-11 05:00:00,1.286333,1.287922,1.286001,1.287590,50
2024-07-11 06:00:00,1.287590,1.290216,1.287561,1.290187,50
2024-07-11 07:00:00,1.290187,1.290819,1.287579,1.288210,50
2024-07-11 08:00:00,1.288210,1.288436,1.284628,1.284854,50
2024-07-11 09:00:00,1.284854,1.285127,1.283595,1.283868,50
2024-07-11 10:00:00,1.283868,1.287519,1.283421,1.287072,50
2024-07-11 11:00:00,1.287072,1.289181,1.286698,1.288807,50
2024-07-11 12:00:00,1.288807,1.289808,1.288192,1.289193,50
2024-07-11 13:00:00,1.289193,1.292855,1.288689,1.292351,50
2024-07-11 14:00:00,1.292351,1.292653,1.290321,1.290623,50
2024-07-11 15:00:00,1.290623,1.291155,1.287820,1.288352,50
2024-07-11 16:00:00,1.288352,1.288862,1.284467,1.284977,50
2024-07-11 17:00:00,1.284977,1.285391,1.283569,1.283983,50
2024-07-11 18:00:00,1.283983,1.290180,1.283761,1.289958,50
2024-07-11 19:00:00,1.289958,1.290171,1.286898,1.287111,50
2024-07-11 20:00:00,1.287111,1.287113,1.285917,1.285919,50
2024-07-11 21:00:00,1.285919,1.286134,1.282847,1.283062,50
2024-07-11 22:00:00,1.283062,1.291094,1.282460,1.290492,50
2024-07-11 23:00:00,1.290492,1.292398,1.290084,1.291990,50
2024-07-12 00:00:00,1.291990,1.292538,1.290133,1.290681,50
2024-07-12 01:00:00,1.290681,1.293221,1.290196,1.292736,50
2024-07-12 02:00:00,1.292736,1.293208,1.292690,1.293162,50
2024-07-12 03:00:00,1.293162,1.296573,1.293013,1.296424,50
2024-07-12 04:00:00,1.296424,1.296798,1.296184,1.296558,50
2024-07-12 05:00:00,1.296558,1.299528,1.296139,1.299109,50
2024-07-12 06:00:00,1.299109,1.299204,1.297598,1.297693,50
2024-07-12 07:00:00,1.297693,1.299785,1.297390,1.299482,50
2024-07-12 08:00:00,1.299482,1.300166,1.299158,1.299841,50
2024-07-12 09:00:00,1.299841,1.299892,1.297317,1.297367,50
2024-07-12 10:00:00,1.297367,1.297620,1.296661,1.296914,50
2024-07-12 11:00:00,1.296914,1.297242,1.296742,1.297070,50
2024-07-12 12:00:00,1.297070,1.297572,1.296355,1.296857,50
2024-07-12 13:00:00,1.296857,1.296989,1.296692,1.296825,50
2024-07-12 14:00:00,1.296825,1.299602,1.296337,1.299115,50
2024-07-12 15:00:00,1.299115,1.299254,1.294804,1.294943,50
2024-07-12 16:00:00,1.294943,1.295152,1.292648,1.292857,50
2024-07-12 17:00:00,1.292857,1.293568,1.292367,1.293078,50
2024-07-12 18:00:00,1.293078,1.294465,1.292678,1.294065,50
2024-07-12 19:00:00,1.294065,1.296849,1.293689,1.296473,50
2024-07-12 20:00:00,1.296473,1.299954,1.296106,1.299587,50
2024-07-12 21:00:00,1.299587,1.299943,1.298637,1.298993,50
2024-07-12 22:00:00,1.298993,1.299295,1.297030,1.297332,50
2024-07-12 23:00:00,1.297332,1.298589,1.297275,1.298533,50
2024-07-15 00:00:00,1.298533,1.298749,1.298316,1.298533,50
2024-07-15 01:00:00,1.298533,1.298635,1.298430,1.298533,50
2024-07-15 02:00:00,1.298533,1.298661,1.298404,1.298533,50
2024-07-15 03:00:00,1.298533,1.298706,1.298359,1.298533,50
2024-07-15 04:00:00,1.298533,1.298707,1.298359,1.298533,50
2024-07-15 05:00:00,1.298533,1.298595,1.298470,1.298533,50
2024-07-15 06:00:00,1.298533,1.298691,1.298374,1.298533,50
2024-07-15 07:00:00,1.298533,1.298714,1.298351,1.298533,50
2024-07-15 08:00:00,1.298533,1.298606,1.298459,1.298533,50
2024-07-15 09:00:00,1.298533,1.298648,1.298418,1.298533,50
2024-07-15 10:00:00,1.298533,1.298567,1.298498,1.298533,50
2024-07-15 11:00:00,1.298533,1.298729,1.298336,1.298533,50
2024-07-15 12:00:00,1.298533,1.298639,1.298426,1.298533,50
2024-07-15 13:00:00,1.298533,1.298582,1.298483,1.298533,50
2024-07-15 14:00:00,1.298533,1.298593,1.298472,1.298533,50
2024-07-15 15:00:00,1.298533,1.298570,1.298495,1.298533,50
2024-07-15 16:00:00,1.298533,1.298731,1.298335,1.298533,50
2024-07-15 17:00:00,1.298533,1.298536,1.298530,1.298533,50
2024-07-15 18:00:00,1.298533,1.298549,1.298516,1.298533,50
2024-07-15 19:00:00,1.298533,1.298601,1.298464,1.298533,50
2024-07-15 20:00:00,1.298533,1.298680,1.298386,1.298533,50
2024-07-15 21:00:00,1.298533,1.298572,1.298494,1.298533,50
2024-07-15 22:00:00,1.298533,1.298763,1.298303,1.298533,50
2024-07-15 23:00:00,1.298533,1.298669,1.298397,1.298533,50
2024-07-16 00:00:00,1.298533,1.299069,1.298447,1.298983,50
2024-07-16 01:00:00,1.298983,1.299168,1.298251,1.298437,50
2024-07-16 02:00:00,1.298437,1.298571,1.297834,1.297968,50
2024-07-16 03:00:00,1.297968,1.298651,1.297817,1.298500,50
2024-07-16 04:00:00,1.298500,1.298703,1.298423,1.298627,50
2024-07-16 05:00:00,1.298627,1.298758,1.297932,1.298063,50
2024-07-16 06:00:00,1.298063,1.298130,1.297960,1.298026,50
2024-07-16 07:00:00,1.298026,1.298135,1.297906,1.298015,50
2024-07-16 08:00:00,1.298015,1.298465,1.297795,1.298245,50
2024-07-16 09:00:00,1.298245,1.298424,1.297856,1.298035,50
2024-07-16 10:00:00,1.298035,1.298052,1.297186,1.297203,50
2024-07-16 11:00:00,1.297203,1.297423,1.296662,1.296882,50
2024-07-16 12:00:00,1.296882,1.297105,1.296350,1.296574,50
2024-07-16 13:00:00,1.296574,1.296751,1.296011,1.296188,50
2024-07-16 14:00:00,1.296188,1.296282,1.295851,1.295944,50
2024-07-16 15:00:00,1.295944,1.296417,1.295778,1.296251,50
2024-07-16 16:00:00,1.296251,1.296647,1.296176,1.296572,50
2024-07-16 17:00:00,1.296572,1.296884,1.296377,1.296688,50
2024-07-16 18:00:00,1.296688,1.296777,1.295808,1.295897,50
2024-07-16 19:00:00,1.295897,1.295968,1.295460,1.295532,50
2024-07-16 20:00:00,1.295532,1.295681,1.295387,1.295536,50
2024-07-16 21:00:00,1.295536,1.295733,1.295092,1.295289,50
2024-07-16 22:00:00,1.295289,1.295688,1.295077,1.295475,50
2024-07-16 23:00:00,1.295475,1.296025,1.295291,1.295840,50
2024-07-17 00:00:00,1.295840,1.297434,1.295712,1.297305,50
2024-07-17 01:00:00,1.297305,1.297497,1.296599,1.296791,50
2024-07-17 02:00:00,1.296791,1.297402,1.296473,1.297083,50
2024-07-17 03:00:00,1.297083,1.297147,1.294992,1.295056,50
2024-07-17 04:00:00,1.295056,1.295339,1.294580,1.294863,50
2024-07-17 05:00:00,1.294863,1.296563,1.294567,1.296267,50
2024-07-17 06:00:00,1.296267,1.297560,1.296009,1.297302,50
2024-07-17 07:00:00,1.297302,1.297351,1.296639,1.296688,50
2024-07-17 08:00:00,1.296688,1.296878,1.295705,1.295895,50
2024-07-17 09:00:00,1.295895,1.296312,1.295743,1.296160,50
2024-07-17 10:00:00,1.296160,1.298546,1.296152,1.298538,50
2024-07-17 11:00:00,1.298538,1.298856,1.297394,1.297712,50
2024-07-17 12:00:00,1.297712,1.300350,1.297399,1.300037,50
2024-07-17 13:00:00,1.300037,1.300278,1.299916,1.300158,50
2024-07-17 14:00:00,1.300158,1.300563,1.298166,1.298572,50
2024-07-17 15:00:00,1.298572,1.298631,1.298568,1.298627,50
2024-07-17 16:00:00,1.298627,1.299404,1.298343,1.299119,50
2024-07-17 17:00:00,1.299119,1.300736,1.298845,1.300462,50
2024-07-17 18:00:00,1.300462,1.300620,1.300039,1.300197,50
2024-07-17 19:00:00,1.300197,1.302046,1.299857,1.301706,50
2024-07-17 20:00:00,1.301706,1.302001,1.301167,1.301463,50
2024-07-17 21:00:00,1.301463,1.301550,1.299775,1.299862,50
2024-07-17 22:00:00,1.299862,1.299889,1.298767,1.298794,50
2024-07-17 23:00:00,1.298794,1.300765,1.298757,1.300728,50
2024-07-18 00:00:00,1.300728,1.301009,1.297866,1.298147,50
2024-07-18 01:00:00,1.298147,1.298298,1.297650,1.297802,50
2024-07-18 02:00:00,1.297802,1.298313,1.297602,1.298114,50
2024-07-18 03:00:00,1.298114,1.298224,1.297072,1.297182,50
2024-07-18 04:00:00,1.297182,1.297302,1.296953,1.297073,50
2024-07-18 05:00:00,1.297073,1.297108,1.296643,1.296678,50
2024-07-18 06:00:00,1.296678,1.298148,1.296640,1.298110,50
2024-07-18 07:00:00,1.298110,1.298854,1.297855,1.298599,50
2024-07-18 08:00:00,1.298599,1.300159,1.298390,1.299951,50
2024-07-18 09:00:00,1.299951,1.301243,1.299751,1.301042,50
2024-07-18 10:00:00,1.301042,1.301043,1.300910,1.300910,50
2024-07-18 11:00:00,1.300910,1.301144,1.299456,1.299690,50
2024-07-18 12:00:00,1.299690,1.299970,1.298636,1.298915,50
2024-07-18 13:00:00,1.298915,1.298969,1.298412,1.298466,50
2024-07-18 14:00:00,1.298466,1.298542,1.297592,1.297668,50
2024-07-18 15:00:00,1.297668,1.297762,1.297005,1.297099,50
2024-07-18 16:00:00,1.297099,1.298979,1.297061,1.298941,50
2024-07-18 17:00:00,1.298941,1.299063,1.297417,1.297539,50
2024-07-18 18:00:00,1.297539,1.297829,1.297463,1.297753,50
2024-07-18 19:00:00,1.297753,1.300074,1.297506,1.299828,50
2024-07-18 20:00:00,1.299828,1.301065,1.299667,1.300904,50
2024-07-18 21:00:00,1.300904,1.301153,1.299889,1.300138,50
2024-07-18 22:00:00,1.300138,1.301454,1.300087,1.301403,50
2024-07-18 23:00:00,1.301403,1.301492,1.297265,1.297353,50
2024-07-19 00:00:00,1.297353,1.297544,1.294358,1.294548,50
2024-07-19 01:00:00,1.294548,1.294884,1.292546,1.292882,50
2024-07-19 02:00:00,1.292882,1.293780,1.292473,1.293371,50
2024-07-19 03:00:00,1.293371,1.295013,1.293059,1.294701,50
2024-07-19 04:00:00,1.294701,1.296623,1.294685,1.296608,50
2024-07-19 05:00:00,1.296608,1.296660,1.296198,1.296251,50
2024-07-19 06:00:00,1.296251,1.298818,1.295826,1.298393,50
2024-07-19 07:00:00,1.298393,1.298762,1.297340,1.297709,50
2024-07-19 08:00:00,1.297709,1.298500,1.297472,1.298263,50
2024-07-19 09:00:00,1.298263,1.298582,1.296151,1.296470,50
2024-07-19 10:00:00,1.296470,1.297253,1.296075,1.296859,50
2024-07-19 11:00:00,1.296859,1.297006,1.296457,1.296604,50
2024-07-19 12:00:00,1.296604,1.297828,1.296489,1.297713,50
2024-07-19 13:00:00,1.297713,1.297922,1.296285,1.296494,50
2024-07-19 14:00:00,1.296494,1.296513,1.295902,1.295921,50
2024-07-19 15:00:00,1.295921,1.296349,1.294814,1.295242,50
2024-07-19 16:00:00,1.295242,1.295389,1.294481,1.294628,50
2024-07-19 17:00:00,1.294628,1.294983,1.293516,1.293871,50
2024-07-19 18:00:00,1.293871,1.294311,1.293604,1.294043,50
2024-07-19 19:00:00,1.294043,1.294420,1.293688,1.294065,50
2024-07-19 20:00:00,1.294065,1.294135,1.292752,1.292823,50
2024-07-19 21:00:00,1.292823,1.292984,1.290956,1.291117,50
2024-07-19 22:00:00,1.291117,1.291348,1.290887,1.291118,50
2024-07-19 23:00:00,1.291118,1.292415,1.290860,1.292157,50
2024-07-22 00:00:00,1.292157,1.292249,1.291704,1.291796,50
2024-07-22 01:00:00,1.291796,1.291842,1.291214,1.291261,50
2024-07-22 02:00:00,1.291261,1.292103,1.291080,1.291922,50
2024-07-22 03:00:00,1.291922,1.292102,1.291530,1.291710,50
2024-07-22 04:00:00,1.291710,1.292260,1.291525,1.292075,50
2024-07-22 05:00:00,1.292075,1.292190,1.291903,1.292018,50
2024-07-22 06:00:00,1.292018,1.292019,1.291962,1.291964,50
2024-07-22 07:00:00,1.291964,1.292946,1.291843,1.292826,50
2024-07-22 08:00:00,1.292826,1.293151,1.292715,1.293040,50
2024-07-22 09:00:00,1.293040,1.293646,1.292988,1.293593,50
2024-07-22 10:00:00,1.293593,1.293760,1.292281,1.292448,50
2024-07-22 11:00:00,1.292448,1.292553,1.291673,1.291778,50
2024-07-22 12:00:00,1.291778,1.291968,1.291474,1.291664,50
2024-07-22 13:00:00,1.291664,1.291716,1.290342,1.290394,50
2024-07-22 14:00:00,1.290394,1.290580,1.289534,1.289719,50
2024-07-22 15:00:00,1.289719,1.290608,1.289687,1.290575,50
2024-07-22 16:00:00,1.290575,1.292147,1.290469,1.292040,50
2024-07-22 17:00:00,1.292040,1.292615,1.292004,1.292579,50
2024-07-22 18:00:00,1.292579,1.292783,1.291497,1.291702,50
2024-07-22 19:00:00,1.291702,1.292381,1.291502,1.292181,50
2024-07-22 20:00:00,1.292181,1.292532,1.292116,1.292466,50
2024-07-22 21:00:00,1.292466,1.292569,1.292160,1.292262,50
2024-07-22 22:00:00,1.292262,1.292374,1.291203,1.291314,50
2024-07-22 23:00:00,1.291314,1.291495,1.290975,1.291156,50
2024-07-23 00:00:00,1.291156,1.292370,1.291059,1.292274,50
2024-07-23 01:00:00,1.292274,1.292376,1.292027,1.292129,50
2024-07-23 02:00:00,1.292129,1.292152,1.291775,1.291797,50
2024-07-23 03:00:00,1.291797,1.291930,1.291227,1.291359,50
2024-07-23 04:00:00,1.291359,1.291570,1.291014,1.291224,50
2024-07-23 05:00:00,1.291224,1.291900,1.291094,1.291770,50
2024-07-23 06:00:00,1.291770,1.293291,1.291705,1.293225,50
2024-07-23 07:00:00,1.293225,1.293457,1.293112,1.293343,50
2024-07-23 08:00:00,1.293343,1.293448,1.291649,1.291754,50
2024-07-23 09:00:00,1.291754,1.291812,1.290901,1.290959,50
2024-07-23 10:00:00,1.290959,1.291160,1.289360,1.289562,50
2024-07-23 11:00:00,1.289562,1.289700,1.289329,1.289468,50
2024-07-23 12:00:00,1.289468,1.290073,1.289313,1.289918,50
2024-07-23 13:00:00,1.289918,1.290343,1.289909,1.290333,50
2024-07-23 14:00:00,1.290333,1.290899,1.290226,1.290791,50
2024-07-23 15:00:00,1.290791,1.290803,1.290557,1.290568,50
2024-07-23 16:00:00,1.290568,1.292107,1.290411,1.291950,50
2024-07-23 17:00:00,1.291950,1.292860,1.291940,1.292849,50
2024-07-23 18:00:00,1.292849,1.293027,1.292290,1.292468,50
2024-07-23 19:00:00,1.292468,1.292564,1.292130,1.292226,50
2024-07-23 20:00:00,1.292226,1.293041,1.292055,1.292870,50
2024-07-23 21:00:00,1.292870,1.293115,1.292753,1.292997,50
2024-07-23 22:00:00,1.292997,1.293491,1.292821,1.293315,50
2024-07-23 23:00:00,1.293315,1.293533,1.291438,1.291656,50
2024-07-24 00:00:00,1.291656,1.291841,1.290095,1.290279,50
2024-07-24 01:00:00,1.290279,1.290359,1.290054,1.290135,50
2024-07-24 02:00:00,1.290135,1.292164,1.289988,1.292018,50
2024-07-24 03:00:00,1.292018,1.292105,1.291746,1.291833,50
2024-07-24 04:00:00,1.291833,1.291966,1.291762,1.291895,50
2024-07-24 05:00:00,1.291895,1.293369,1.291770,1.293244,50
2024-07-24 06:00:00,1.293244,1.294170,1.293085,1.294012,50
2024-07-24 07:00:00,1.294012,1.294218,1.293512,1.293719,50
2024-07-24 08:00:00,1.293719,1.293889,1.292429,1.292599,50
2024-07-24 09:00:00,1.292599,1.292644,1.291990,1.292035,50
2024-07-24 10:00:00,1.292035,1.292179,1.291675,1.291818,50
2024-07-24 11:00:00,1.291818,1.291986,1.290561,1.290729,50
2024-07-24 12:00:00,1.290729,1.291364,1.290520,1.291154,50
2024-07-24 13:00:00,1.291154,1.293122,1.291062,1.293030,50
2024-07-24 14:00:00,1.293030,1.293103,1.292617,1.292690,50
2024-07-24 15:00:00,1.292690,1.292704,1.292337,1.292351,50
2024-07-24 16:00:00,1.292351,1.292428,1.292289,1.292367,50
2024-07-24 17:00:00,1.292367,1.292673,1.292244,1.292551,50
2024-07-24 18:00:00,1.292551,1.292609,1.291976,1.292034,50
2024-07-24 19:00:00,1.292034,1.293567,1.291981,1.293514,50
2024-07-24 20:00:00,1.293514,1.293934,1.293316,1.293736,50
2024-07-24 21:00:00,1.293736,1.293791,1.293175,1.293231,50
2024-07-24 22:00:00,1.293231,1.293566,1.293060,1.293395,50
2024-07-24 23:00:00,1.293395,1.293410,1.292476,1.292491,50
2024-07-25 00:00:00,1.292491,1.292614,1.292387,1.292510,50
2024-07-25 01:00:00,1.292510,1.292719,1.292032,1.292241,50
2024-07-25 02:00:00,1.292241,1.292353,1.289799,1.289911,50
2024-07-25 03:00:00,1.289911,1.291770,1.289908,1.291768,50
2024-07-25 04:00:00,1.291768,1.292960,1.291461,1.292653,50
2024-07-25 05:00:00,1.292653,1.292718,1.291855,1.291920,50
2024-07-25 06:00:00,1.291920,1.291998,1.291766,1.291845,50
2024-07-25 07:00:00,1.291845,1.291901,1.290817,1.290873,50
2024-07-25 08:00:00,1.290873,1.291905,1.290871,1.291902,50
2024-07-25 09:00:00,1.291902,1.292035,1.290098,1.290230,50
2024-07-25 10:00:00,1.290230,1.291374,1.289933,1.291076,50
2024-07-25 11:00:00,1.291076,1.291297,1.290026,1.290247,50
2024-07-25 12:00:00,1.290247,1.290428,1.290032,1.290213,50
2024-07-25 13:00:00,1.290213,1.291411,1.290094,1.291291,50
2024-07-25 14:00:00,1.291291,1.291446,1.288682,1.288837,50
2024-07-25 15:00:00,1.288837,1.288997,1.288731,1.288891,50
2024-07-25 16:00:00,1.288891,1.290965,1.288808,1.290881,50
2024-07-25 17:00:00,1.290881,1.291811,1.290703,1.291633,50
2024-07-25 18:00:00,1.291633,1.291635,1.291294,1.291296,50
2024-07-25 19:00:00,1.291296,1.292562,1.291012,1.292278,50
2024-07-25 20:00:00,1.292278,1.292396,1.290826,1.290944,50
2024-07-25 21:00:00,1.290944,1.291171,1.289984,1.290211,50
2024-07-25 22:00:00,1.290211,1.290540,1.288567,1.288895,50
2024-07-25 23:00:00,1.288895,1.289097,1.288126,1.288328,50
2024-07-26 00:00:00,1.288328,1.289311,1.288280,1.289263,50
2024-07-26 01:00:00,1.289263,1.289379,1.287714,1.287830,50
2024-07-26 02:00:00,1.287830,1.287905,1.287262,1.287337,50
2024-07-26 03:00:00,1.287337,1.287339,1.286242,1.286245,50
2024-07-26 04:00:00,1.286245,1.286549,1.286043,1.286348,50
2024-07-26 05:00:00,1.286348,1.286997,1.286161,1.286811,50
2024-07-26 06:00:00,1.286811,1.286912,1.286181,1.286282,50
2024-07-26 07:00:00,1.286282,1.286677,1.286115,1.286510,50
2024-07-26 08:00:00,1.286510,1.286681,1.285488,1.285659,50
2024-07-26 09:00:00,1.285659,1.286568,1.285506,1.286416,50
2024-07-26 10:00:00,1.286416,1.286600,1.285968,1.286153,50
2024-07-26 11:00:00,1.286153,1.287927,1.286035,1.287808,50
2024-07-26 12:00:00,1.287808,1.288348,1.287732,1.288271,50
2024-07-26 13:00:00,1.288271,1.288352,1.288109,1.288190,50
2024-07-26 14:00:00,1.288190,1.288364,1.286786,1.286960,50
2024-07-26 15:00:00,1.286960,1.286971,1.286943,1.286953,50
2024-07-26 16:00:00,1.286953,1.287116,1.286943,1.287106,50
2024-07-26 17:00:00,1.287106,1.287227,1.286719,1.286840,50
2024-07-26 18:00:00,1.286840,1.286883,1.285420,1.285463,50
2024-07-26 19:00:00,1.285463,1.286085,1.285402,1.286025,50
2024-07-26 20:00:00,1.286025,1.286352,1.285886,1.286213,50
2024-07-26 21:00:00,1.286213,1.286321,1.285914,1.286022,50
2024-07-26 22:00:00,1.286022,1.286181,1.285245,1.285404,50
2024-07-26 23:00:00,1.285404,1.286540,1.285203,1.286339,50
2024-07-29 00:00:00,1.286339,1.287314,1.286199,1.287174,50
2024-07-29 01:00:00,1.287174,1.287271,1.286902,1.286998,50
2024-07-29 02:00:00,1.286998,1.287410,1.286815,1.287227,50
2024-07-29 03:00:00,1.287227,1.287553,1.287062,1.287388,50
2024-07-29 04:00:00,1.287388,1.287785,1.287165,1.287561,50
2024-07-29 05:00:00,1.287561,1.287953,1.287380,1.287771,50
2024-07-29 06:00:00,1.287771,1.287824,1.287610,1.287663,50
2024-07-29 07:00:00,1.287663,1.287896,1.287517,1.287750,50
2024-07-29 08:00:00,1.287750,1.287846,1.287136,1.287232,50
2024-07-29 09:00:00,1.287232,1.287460,1.287142,1.287370,50
2024-07-29 10:00:00,1.287370,1.287425,1.287055,1.287110,50
2024-07-29 11:00:00,1.287110,1.287143,1.286932,1.286966,50
2024-07-29 12:00:00,1.286966,1.287058,1.286412,1.286505,50
2024-07-29 13:00:00,1.286505,1.286766,1.286499,1.286760,50
2024-07-29 14:00:00,1.286760,1.286863,1.286286,1.286389,50
2024-07-29 15:00:00,1.286389,1.286579,1.285301,1.285490,50
2024-07-29 16:00:00,1.285490,1.285653,1.284987,1.285150,50
2024-07-29 17:00:00,1.285150,1.285301,1.284931,1.285081,50
2024-07-29 18:00:00,1.285081,1.285162,1.284730,1.284811,50
2024-07-29 19:00:00,1.284811,1.284840,1.284346,1.284376,50
2024-07-29 20:00:00,1.284376,1.284529,1.284186,1.284339,50
2024-07-29 21:00:00,1.284339,1.284430,1.283825,1.283915,50
2024-07-29 22:00:00,1.283915,1.284380,1.283789,1.284253,50
2024-07-29 23:00:00,1.284253,1.285404,1.284196,1.285347,50
2024-07-30 00:00:00,1.285347,1.285713,1.285150,1.285517,50
2024-07-30 01:00:00,1.285517,1.286163,1.285347,1.285993,50
2024-07-30 02:00:00,1.285993,1.286218,1.285752,1.285977,50
2024-07-30 03:00:00,1.285977,1.286036,1.285976,1.286035,50
2024-07-30 04:00:00,1.286035,1.286116,1.285181,1.285263,50
2024-07-30 05:00:00,1.285263,1.285307,1.284771,1.284816,50
2024-07-30 06:00:00,1.284816,1.285402,1.284632,1.285218,50
2024-07-30 07:00:00,1.285218,1.285376,1.284790,1.284948,50
2024-07-30 08:00:00,1.284948,1.284950,1.283721,1.283723,50
2024-07-30 09:00:00,1.283723,1.283885,1.282402,1.282564,50
2024-07-30 10:00:00,1.282564,1.283637,1.282361,1.283434,50
2024-07-30 11:00:00,1.283434,1.283475,1.283193,1.283234,50
2024-07-30 12:00:00,1.283234,1.283445,1.282832,1.283044,50
2024-07-30 13:00:00,1.283044,1.283078,1.282152,1.282186,50
2024-07-30 14:00:00,1.282186,1.283457,1.281959,1.283230,50
2024-07-30 15:00:00,1.283230,1.283377,1.282776,1.282923,50
2024-07-30 16:00:00,1.282923,1.283017,1.282407,1.282501,50
2024-07-30 17:00:00,1.282501,1.283826,1.282325,1.283651,50
2024-07-30 18:00:00,1.283651,1.284849,1.283427,1.284625,50
2024-07-30 19:00:00,1.284625,1.284709,1.284360,1.284443,50
2024-07-30 20:00:00,1.284443,1.284450,1.282784,1.282791,50
2024-07-30 21:00:00,1.282791,1.285245,1.282787,1.285241,50
2024-07-30 22:00:00,1.285241,1.285362,1.283825,1.283946,50
2024-07-30 23:00:00,1.283946,1.284035,1.282784,1.282874,50
2024-07-31 00:00:00,1.282874,1.283010,1.282394,1.282531,50
2024-07-31 01:00:00,1.282531,1.283719,1.282510,1.283698,50
2024-07-31 02:00:00,1.283698,1.283826,1.281396,1.281524,50
2024-07-31 03:00:00,1.281524,1.283582,1.281347,1.283405,50
2024-07-31 04:00:00,1.283405,1.283497,1.282146,1.282238,50
2024-07-31 05:00:00,1.282238,1.282298,1.281536,1.281596,50
2024-07-31 06:00:00,1.281596,1.283247,1.281414,1.283065,50
2024-07-31 07:00:00,1.283065,1.284151,1.283058,1.284144,50
2024-07-31 08:00:00,1.284144,1.284349,1.281458,1.281663,50
2024-07-31 09:00:00,1.281663,1.282590,1.281551,1.282478,50
2024-07-31 10:00:00,1.282478,1.284812,1.282420,1.284754,50
2024-07-31 11:00:00,1.284754,1.284943,1.283803,1.283992,50
2024-07-31 12:00:00,1.283992,1.284135,1.283897,1.284040,50
2024-07-31 13:00:00,1.284040,1.284830,1.284040,1.284829,50
2024-07-31 14:00:00,1.284829,1.284969,1.284299,1.284439,50
2024-07-31 15:00:00,1.284439,1.284588,1.282445,1.282594,50
2024-07-31 16:00:00,1.282594,1.282616,1.281600,1.281622,50
2024-07-31 17:00:00,1.281622,1.283119,1.281393,1.282889,50
2024-07-31 18:00:00,1.282889,1.282923,1.282864,1.282898,50
2024-07-31 19:00:00,1.282898,1.284698,1.282680,1.284481,50
2024-07-31 20:00:00,1.284481,1.285212,1.284263,1.284994,50
2024-07-31 21:00:00,1.284994,1.285566,1.284804,1.285376,50
2024-07-31 22:00:00,1.285376,1.285459,1.284563,1.284646,50
2024-07-31 23:00:00,1.284646,1.284733,1.283939,1.284027,50
2024-08-01 00:00:00,1.284027,1.284395,1.278323,1.278692,50
2024-08-01 01:00:00,1.278692,1.280652,1.278585,1.280546,50
2024-08-01 02:00:00,1.280546,1.281501,1.280046,1.281002,50
2024-08-01 03:00:00,1.281002,1.281117,1.280164,1.280279,50
2024-08-01 04:00:00,1.280279,1.285514,1.280169,1.285404,50
2024-08-01 05:00:00,1.285404,1.285704,1.283469,1.283769,50
2024-08-01 06:00:00,1.283769,1.284207,1.279309,1.279747,50
2024-08-01 07:00:00,1.279747,1.280154,1.277529,1.277936,50
2024-08-01 08:00:00,1.277936,1.278355,1.277286,1.277705,50
2024-08-01 09:00:00,1.277705,1.277994,1.276724,1.277013,50
2024-08-01 10:00:00,1.277013,1.277498,1.276298,1.276783,50
2024-08-01 11:00:00,1.276783,1.276828,1.275716,1.275762,50
2024-08-01 12:00:00,1.275762,1.276702,1.275386,1.276326,50
2024-08-01 13:00:00,1.276326,1.276929,1.276117,1.276720,50
2024-08-01 14:00:00,1.276720,1.276979,1.276344,1.276604,50
2024-08-01 15:00:00,1.276604,1.277014,1.275575,1.275986,50
2024-08-01 16:00:00,1.275986,1.276233,1.275743,1.275990,50
2024-08-01 17:00:00,1.275990,1.276561,1.275304,1.275875,50
2024-08-01 18:00:00,1.275875,1.276345,1.275381,1.275851,50
2024-08-01 19:00:00,1.275851,1.276274,1.275804,1.276227,50
2024-08-01 20:00:00,1.276227,1.276670,1.276025,1.276469,50
2024-08-01 21:00:00,1.276469,1.278421,1.275898,1.277850,50
2024-08-01 22:00:00,1.277850,1.278199,1.276196,1.276545,50
2024-08-01 23:00:00,1.276545,1.277404,1.276280,1.277139,50
2024-08-02 00:00:00,1.277139,1.277178,1.276784,1.276823,50
2024-08-02 01:00:00,1.276823,1.277085,1.276637,1.276899,50
2024-08-02 02:00:00,1.276899,1.277025,1.276757,1.276882,50
2024-08-02 03:00:00,1.276882,1.277030,1.276562,1.276710,50
2024-08-02 04:00:00,1.276710,1.277622,1.276633,1.277545,50
2024-08-02 05:00:00,1.277545,1.278240,1.277419,1.278114,50
2024-08-02 06:00:00,1.278114,1.278163,1.277953,1.278003,50
2024-08-02 07:00:00,1.278003,1.278229,1.277298,1.277524,50
2024-08-02 08:00:00,1.277524,1.278125,1.277499,1.278101,50
2024-08-02 09:00:00,1.278101,1.279240,1.278024,1.279163,50
2024-08-02 10:00:00,1.279163,1.279750,1.278963,1.279551,50
2024-08-02 11:00:00,1.279551,1.279774,1.279457,1.279680,50
2024-08-02 12:00:00,1.279680,1.279853,1.278872,1.279044,50
2024-08-02 13:00:00,1.279044,1.279756,1.278948,1.279659,50
2024-08-02 14:00:00,1.279659,1.280259,1.279637,1.280237,50
2024-08-02 15:00:00,1.280237,1.280338,1.279722,1.279823,50
2024-08-02 16:00:00,1.279823,1.280092,1.279737,1.280006,50
2024-08-02 17:00:00,1.280006,1.280533,1.279839,1.280366,50
2024-08-02 18:00:00,1.280366,1.280541,1.279722,1.279896,50
2024-08-02 19:00:00,1.279896,1.280060,1.279173,1.279336,50
2024-08-02 20:00:00,1.279336,1.279385,1.278333,1.278381,50
2024-08-02 21:00:00,1.278381,1.278392,1.277952,1.277963,50
2024-08-02 22:00:00,1.277963,1.278278,1.277917,1.278233,50
2024-08-02 23:00:00,1.278233,1.279801,1.278187,1.279754,50
2024-08-05 00:00:00,1.279754,1.280015,1.277554,1.277815,50
2024-08-05 01:00:00,1.277815,1.278989,1.277608,1.278782,50
2024-08-05 02:00:00,1.278782,1.279043,1.278488,1.278749,50
2024-08-05 03:00:00,1.278749,1.278842,1.277953,1.278046,50
2024-08-05 04:00:00,1.278046,1.278227,1.277213,1.277393,50
2024-08-05 05:00:00,1.277393,1.279192,1.277220,1.279019,50
2024-08-05 06:00:00,1.279019,1.279579,1.278799,1.279359,50
2024-08-05 07:00:00,1.279359,1.280465,1.279187,1.280293,50
2024-08-05 08:00:00,1.280293,1.280430,1.280271,1.280408,50
2024-08-05 09:00:00,1.280408,1.280564,1.279040,1.279196,50
2024-08-05 10:00:00,1.279196,1.279911,1.279179,1.279894,50
2024-08-05 11:00:00,1.279894,1.279932,1.279019,1.279057,50
2024-08-05 12:00:00,1.279057,1.279114,1.276274,1.276331,50
2024-08-05 13:00:00,1.276331,1.276587,1.276278,1.276533,50
2024-08-05 14:00:00,1.276533,1.276803,1.275629,1.275899,50
2024-08-05 15:00:00,1.275899,1.275990,1.275829,1.275920,50
2024-08-05 16:00:00,1.275920,1.276014,1.275740,1.275834,50
2024-08-05 17:00:00,1.275834,1.276738,1.275718,1.276623,50
2024-08-05 18:00:00,1.276623,1.277382,1.276435,1.277194,50
2024-08-05 19:00:00,1.277194,1.277929,1.277037,1.277772,50
2024-08-05 20:00:00,1.277772,1.278144,1.277563,1.277934,50
2024-08-05 21:00:00,1.277934,1.278163,1.277110,1.277339,50
2024-08-05 22:00:00,1.277339,1.277638,1.277229,1.277527,50
2024-08-05 23:00:00,1.277527,1.277564,1.276451,1.276487,50
2024-08-06 00:00:00,1.276487,1.277031,1.276476,1.277020,50
2024-08-06 01:00:00,1.277020,1.278285,1.276616,1.277881,50
2024-08-06 02:00:00,1.277881,1.278282,1.277132,1.277534,50
2024-08-06 03:00:00,1.277534,1.277710,1.276762,1.276939,50
2024-08-06 04:00:00,1.276939,1.277037,1.276393,1.276492,50
2024-08-06 05:00:00,1.276492,1.276654,1.275035,1.275197,50
2024-08-06 06:00:00,1.275197,1.275569,1.274193,1.274566,50
2024-08-06 07:00:00,1.274566,1.275635,1.274117,1.275186,50
2024-08-06 08:00:00,1.275186,1.275420,1.274825,1.275059,50
2024-08-06 09:00:00,1.275059,1.275638,1.274523,1.275102,50
2024-08-06 10:00:00,1.275102,1.275572,1.274390,1.274861,50
2024-08-06 11:00:00,1.274861,1.275360,1.273348,1.273847,50
2024-08-06 12:00:00,1.273847,1.274006,1.273029,1.273188,50
2024-08-06 13:00:00,1.273188,1.273748,1.270516,1.271075,50
2024-08-06 14:00:00,1.271075,1.271355,1.269278,1.269558,50
2024-08-06 15:00:00,1.269558,1.270410,1.269355,1.270207,50
2024-08-06 16:00:00,1.270207,1.270810,1.269887,1.270490,50
2024-08-06 17:00:00,1.270490,1.270706,1.270287,1.270502,50
2024-08-06 18:00:00,1.270502,1.270903,1.269971,1.270372,50
2024-08-06 19:00:00,1.270372,1.270835,1.269639,1.270101,50
2024-08-06 20:00:00,1.270101,1.270592,1.267879,1.268370,50
2024-08-06 21:00:00,1.268370,1.268537,1.268241,1.268409,50
2024-08-06 22:00:00,1.268409,1.269147,1.267936,1.268674,50
2024-08-06 23:00:00,1.268674,1.269837,1.268356,1.269519,50
2024-08-07 00:00:00,1.269519,1.269657,1.268603,1.268741,50
2024-08-07 01:00:00,1.268741,1.269757,1.268519,1.269535,50
2024-08-07 02:00:00,1.269535,1.269631,1.269179,1.269275,50
2024-08-07 03:00:00,1.269275,1.269457,1.268726,1.268908,50
2024-08-07 04:00:00,1.268908,1.269063,1.268701,1.268856,50
2024-08-07 05:00:00,1.268856,1.269636,1.268710,1.269490,50
2024-08-07 06:00:00,1.269490,1.269539,1.269213,1.269263,50
2024-08-07 07:00:00,1.269263,1.269441,1.268768,1.268946,50
2024-08-07 08:00:00,1.268946,1.269556,1.268782,1.269392,50
2024-08-07 09:00:00,1.269392,1.269460,1.269253,1.269320,50
2024-08-07 10:00:00,1.269320,1.269818,1.269259,1.269756,50
2024-08-07 11:00:00,1.269756,1.270027,1.269615,1.269885,50
2024-08-07 12:00:00,1.269885,1.270781,1.269661,1.270556,50
2024-08-07 13:00:00,1.270556,1.270692,1.270183,1.270318,50
2024-08-07 14:00:00,1.270318,1.271715,1.270268,1.271664,50
2024-08-07 15:00:00,1.271664,1.271878,1.270683,1.270897,50
2024-08-07 16:00:00,1.270897,1.271521,1.270774,1.271397,50
2024-08-07 17:00:00,1.271397,1.271558,1.270802,1.270962,50
2024-08-07 18:00:00,1.270962,1.271347,1.270885,1.271270,50
2024-08-07 19:00:00,1.271270,1.272625,1.271201,1.272557,50
2024-08-07 20:00:00,1.272557,1.272567,1.272171,1.272181,50
2024-08-07 21:00:00,1.272181,1.272226,1.272171,1.272216,50
2024-08-07 22:00:00,1.272216,1.272263,1.271833,1.271880,50
2024-08-07 23:00:00,1.271880,1.272063,1.271596,1.271779,50
2024-08-08 00:00:00,1.271779,1.272091,1.271657,1.271969,50
2024-08-08 01:00:00,1.271969,1.272175,1.271331,1.271538,50
2024-08-08 02:00:00,1.271538,1.271641,1.270976,1.271079,50
2024-08-08 03:00:00,1.271079,1.271534,1.271043,1.271498,50
2024-08-08 04:00:00,1.271498,1.271630,1.271124,1.271256,50
2024-08-08 05:00:00,1.271256,1.271478,1.270781,1.271002,50
2024-08-08 06:00:00,1.271002,1.272514,1.270893,1.272404,50
2024-08-08 07:00:00,1.272404,1.272629,1.271866,1.272091,50
2024-08-08 08:00:00,1.272091,1.272364,1.271875,1.272149,50
2024-08-08 09:00:00,1.272149,1.272777,1.272059,1.272687,50
2024-08-08 10:00:00,1.272687,1.273208,1.272604,1.273125,50
2024-08-08 11:00:00,1.273125,1.273787,1.272979,1.273641,50
2024-08-08 12:00:00,1.273641,1.273845,1.273533,1.273737,50
2024-08-08 13:00:00,1.273737,1.273866,1.273331,1.273460,50
2024-08-08 14:00:00,1.273460,1.274167,1.273285,1.273991,50
2024-08-08 15:00:00,1.273991,1.274450,1.273795,1.274254,50
2024-08-08 16:00:00,1.274254,1.274386,1.274191,1.274323,50
2024-08-08 17:00:00,1.274323,1.274352,1.274129,1.274158,50
2024-08-08 18:00:00,1.274158,1.274341,1.273707,1.273891,50
2024-08-08 19:00:00,1.273891,1.274285,1.273798,1.274193,50
2024-08-08 20:00:00,1.274193,1.274378,1.273346,1.273532,50
2024-08-08 21:00:00,1.273532,1.274418,1.273513,1.274400,50
2024-08-08 22:00:00,1.274400,1.274959,1.274265,1.274825,50
2024-08-08 23:00:00,1.274825,1.274975,1.273897,1.274048,50
2024-08-09 00:00:00,1.274048,1.274268,1.273223,1.273443,50
2024-08-09 01:00:00,1.273443,1.274471,1.273257,1.274284,50
2024-08-09 02:00:00,1.274284,1.274828,1.274267,1.274811,50
2024-08-09 03:00:00,1.274811,1.274933,1.274461,1.274583,50
2024-08-09 04:00:00,1.274583,1.274934,1.274500,1.274850,50
2024-08-09 05:00:00,1.274850,1.275436,1.274624,1.275209,50
2024-08-09 06:00:00,1.275209,1.275376,1.274793,1.274959,50
2024-08-09 07:00:00,1.274959,1.275620,1.274811,1.275471,50
2024-08-09 08:00:00,1.275471,1.275671,1.275054,1.275254,50
2024-08-09 09:00:00,1.275254,1.275488,1.275208,1.275442,50
2024-08-09 10:00:00,1.275442,1.275625,1.275100,1.275283,50
2024-08-09 11:00:00,1.275283,1.275326,1.275253,1.275296,50
2024-08-09 12:00:00,1.275296,1.275758,1.275194,1.275655,50
2024-08-09 13:00:00,1.275655,1.275813,1.275450,1.275607,50
2024-08-09 14:00:00,1.275607,1.275706,1.275522,1.275621,50
2024-08-09 15:00:00,1.275621,1.275820,1.275255,1.275453,50
2024-08-09 16:00:00,1.275453,1.275525,1.275254,1.275326,50
2024-08-09 17:00:00,1.275326,1.275550,1.274807,1.275031,50
2024-08-09 18:00:00,1.275031,1.275781,1.274843,1.275593,50
2024-08-09 19:00:00,1.275593,1.275828,1.275432,1.275667,50
2024-08-09 20:00:00,1.275667,1.276010,1.275509,1.275852,50
2024-08-09 21:00:00,1.275852,1.276765,1.275672,1.276585,50
2024-08-09 22:00:00,1.276585,1.277114,1.276494,1.277023,50
2024-08-09 23:00:00,1.277023,1.277189,1.276484,1.276650,50
2024-08-12 00:00:00,1.276650,1.276880,1.274993,1.275223,50
2024-08-12 01:00:00,1.275223,1.277175,1.275026,1.276978,50
2024-08-12 02:00:00,1.276978,1.277654,1.276846,1.277522,50
2024-08-12 03:00:00,1.277522,1.277773,1.277456,1.277707,50
2024-08-12 04:00:00,1.277707,1.278427,1.277540,1.278261,50
2024-08-12 05:00:00,1.278261,1.279106,1.278171,1.279016,50
2024-08-12 06:00:00,1.279016,1.279166,1.278550,1.278700,50
2024-08-12 07:00:00,1.278700,1.278752,1.278558,1.278611,50
2024-08-12 08:00:00,1.278611,1.278655,1.278276,1.278320,50
2024-08-12 09:00:00,1.278320,1.278965,1.278266,1.278911,50
2024-08-12 10:00:00,1.278911,1.278973,1.278212,1.278274,50
2024-08-12 11:00:00,1.278274,1.278365,1.277527,1.277618,50
2024-08-12 12:00:00,1.277618,1.278434,1.277474,1.278291,50
2024-08-12 13:00:00,1.278291,1.278363,1.277825,1.277897,50
2024-08-12 14:00:00,1.277897,1.277902,1.277589,1.277594,50
2024-08-12 15:00:00,1.277594,1.277714,1.276819,1.276938,50
2024-08-12 16:00:00,1.276938,1.277580,1.276870,1.277511,50
2024-08-12 17:00:00,1.277511,1.278140,1.277439,1.278068,50
2024-08-12 18:00:00,1.278068,1.278241,1.277198,1.277371,50
2024-08-12 19:00:00,1.277371,1.277596,1.276986,1.277211,50
2024-08-12 20:00:00,1.277211,1.277223,1.277189,1.277201,50
2024-08-12 21:00:00,1.277201,1.277616,1.276987,1.277403,50
2024-08-12 22:00:00,1.277403,1.278137,1.277337,1.278071,50
2024-08-12 23:00:00,1.278071,1.278172,1.277528,1.277629,50
2024-08-13 00:00:00,1.277629,1.278405,1.277289,1.278065,50
2024-08-13 01:00:00,1.278065,1.279134,1.277712,1.278781,50
2024-08-13 02:00:00,1.278781,1.282617,1.278513,1.282349,50
2024-08-13 03:00:00,1.282349,1.284134,1.282138,1.283923,50
2024-08-13 04:00:00,1.283923,1.284053,1.281795,1.281926,50
2024-08-13 05:00:00,1.281926,1.282147,1.281601,1.281823,50
2024-08-13 06:00:00,1.281823,1.281985,1.280669,1.280830,50
2024-08-13 07:00:00,1.280830,1.282563,1.280401,1.282134,50
2024-08-13 08:00:00,1.282134,1.282255,1.281781,1.281902,50
2024-08-13 09:00:00,1.281902,1.282151,1.281531,1.281780,50
2024-08-13 10:00:00,1.281780,1.281796,1.280610,1.280626,50
2024-08-13 11:00:00,1.280626,1.280988,1.280590,1.280953,50
2024-08-13 12:00:00,1.280953,1.281093,1.280463,1.280603,50
2024-08-13 13:00:00,1.280603,1.281017,1.277396,1.277810,50
2024-08-13 14:00:00,1.277810,1.279330,1.277548,1.279069,50
2024-08-13 15:00:00,1.279069,1.279276,1.279016,1.279223,50
2024-08-13 16:00:00,1.279223,1.279322,1.278190,1.278289,50
2024-08-13 17:00:00,1.278289,1.281492,1.278287,1.281491,50
2024-08-13 18:00:00,1.281491,1.281610,1.280757,1.280876,50
2024-08-13 19:00:00,1.280876,1.280911,1.280704,1.280739,50
2024-08-13 20:00:00,1.280739,1.281031,1.279049,1.279341,50
2024-08-13 21:00:00,1.279341,1.279463,1.277326,1.277448,50
2024-08-13 22:00:00,1.277448,1.278191,1.277133,1.277877,50
2024-08-13 23:00:00,1.277877,1.282974,1.277777,1.282874,50
2024-08-14 00:00:00,1.282874,1.283005,1.281804,1.281935,50
2024-08-14 01:00:00,1.281935,1.282328,1.281764,1.282156,50
2024-08-14 02:00:00,1.282156,1.282356,1.282111,1.282311,50
2024-08-14 03:00:00,1.282311,1.283026,1.282089,1.282804,50
2024-08-14 04:00:00,1.282804,1.282934,1.282685,1.282815,50
2024-08-14 05:00:00,1.282815,1.283203,1.282741,1.283128,50
2024-08-14 06:00:00,1.283128,1.284288,1.282939,1.284099,50
2024-08-14 07:00:00,1.284099,1.284243,1.283585,1.283729,50
2024-08-14 08:00:00,1.283729,1.284178,1.283674,1.284123,50
2024-08-14 09:00:00,1.284123,1.284260,1.282950,1.283087,50
2024-08-14 10:00:00,1.283087,1.283215,1.282793,1.282920,50
2024-08-14 11:00:00,1.282920,1.283635,1.282815,1.283529,50
2024-08-14 12:00:00,1.283529,1.284248,1.283320,1.284039,50
2024-08-14 13:00:00,1.284039,1.284628,1.283918,1.284507,50
2024-08-14 14:00:00,1.284507,1.285642,1.284300,1.285435,50
2024-08-14 15:00:00,1.285435,1.285559,1.285112,1.285236,50
2024-08-14 16:00:00,1.285236,1.285258,1.284568,1.284591,50
2024-08-14 17:00:00,1.284591,1.284691,1.284459,1.284559,50
2024-08-14 18:00:00,1.284559,1.284596,1.284536,1.284572,50
2024-08-14 19:00:00,1.284572,1.284700,1.284541,1.284669,50
2024-08-14 20:00:00,1.284669,1.285443,1.284598,1.285373,50
2024-08-14 21:00:00,1.285373,1.285496,1.285247,1.285370,50
2024-08-14 22:00:00,1.285370,1.285826,1.285334,1.285790,50
2024-08-14 23:00:00,1.285790,1.285949,1.284693,1.284852,50
2024-08-15 00:00:00,1.284852,1.286616,1.284769,1.286533,50
2024-08-15 01:00:00,1.286533,1.286756,1.285386,1.285608,50
2024-08-15 02:00:00,1.285608,1.285828,1.285401,1.285621,50
2024-08-15 03:00:00,1.285621,1.286405,1.285417,1.286201,50
2024-08-15 04:00:00,1.286201,1.286409,1.285993,1.286201,50
2024-08-15 05:00:00,1.286201,1.286461,1.285994,1.286254,50
2024-08-15 06:00:00,1.286254,1.286453,1.285409,1.285607,50
2024-08-15 07:00:00,1.285607,1.286222,1.285541,1.286156,50
2024-08-15 08:00:00,1.286156,1.286793,1.286087,1.286724,50
2024-08-15 09:00:00,1.286724,1.287174,1.286722,1.287172,50
2024-08-15 10:00:00,1.287172,1.287216,1.286747,1.286791,50
2024-08-15 11:00:00,1.286791,1.287214,1.286699,1.287122,50
2024-08-15 12:00:00,1.287122,1.287236,1.286907,1.287021,50
2024-08-15 13:00:00,1.287021,1.287224,1.286943,1.287146,50
2024-08-15 14:00:00,1.287146,1.287256,1.286480,1.286589,50
2024-08-15 15:00:00,1.286589,1.286666,1.285430,1.285507,50
2024-08-15 16:00:00,1.285507,1.285541,1.285114,1.285148,50
2024-08-15 17:00:00,1.285148,1.285219,1.283693,1.283764,50
2024-08-15 18:00:00,1.283764,1.283968,1.283462,1.283666,50
2024-08-15 19:00:00,1.283666,1.285397,1.283657,1.285388,50
2024-08-15 20:00:00,1.285388,1.286696,1.285217,1.286525,50
2024-08-15 21:00:00,1.286525,1.287166,1.286484,1.287124,50
2024-08-15 22:00:00,1.287124,1.287594,1.287054,1.287525,50
2024-08-15 23:00:00,1.287525,1.287538,1.286326,1.286339,50
2024-08-16 00:00:00,1.286339,1.289895,1.286090,1.289646,50
2024-08-16 01:00:00,1.289646,1.289770,1.287823,1.287947,50
2024-08-16 02:00:00,1.287947,1.288198,1.286514,1.286765,50
2024-08-16 03:00:00,1.286765,1.287060,1.285977,1.286272,50
2024-08-16 04:00:00,1.286272,1.287760,1.286131,1.287619,50
2024-08-16 05:00:00,1.287619,1.287672,1.287093,1.287146,50
2024-08-16 06:00:00,1.287146,1.287449,1.286511,1.286814,50
2024-08-16 07:00:00,1.286814,1.286973,1.286368,1.286528,50
2024-08-16 08:00:00,1.286528,1.286535,1.285468,1.285476,50
2024-08-16 09:00:00,1.285476,1.286103,1.285408,1.286035,50
2024-08-16 10:00:00,1.286035,1.286478,1.286003,1.286446,50
2024-08-16 11:00:00,1.286446,1.287561,1.286413,1.287528,50
2024-08-16 12:00:00,1.287528,1.287971,1.287257,1.287700,50
2024-08-16 13:00:00,1.287700,1.287974,1.286873,1.287147,50
2024-08-16 14:00:00,1.287147,1.287325,1.286776,1.286953,50
2024-08-16 15:00:00,1.286953,1.287311,1.286825,1.287183,50
2024-08-16 16:00:00,1.287183,1.287277,1.287073,1.287168,50
2024-08-16 17:00:00,1.287168,1.287465,1.286214,1.286512,50
2024-08-16 18:00:00,1.286512,1.287566,1.286191,1.287244,50
2024-08-16 19:00:00,1.287244,1.287764,1.287051,1.287571,50
2024-08-16 20:00:00,1.287571,1.289756,1.287218,1.289403,50
2024-08-16 21:00:00,1.289403,1.289676,1.288624,1.288897,50
2024-08-16 22:00:00,1.288897,1.289442,1.288748,1.289293,50
2024-08-16 23:00:00,1.289293,1.290782,1.289167,1.290656,50
2024-08-19 00:00:00,1.290656,1.291155,1.289868,1.290367,50
2024-08-19 01:00:00,1.290367,1.290892,1.290197,1.290722,50
2024-08-19 02:00:00,1.290722,1.290956,1.289856,1.290090,50
2024-08-19 03:00:00,1.290090,1.292125,1.289550,1.291585,50
2024-08-19 04:00:00,1.291585,1.291701,1.291110,1.291226,50
2024-08-19 05:00:00,1.291226,1.291545,1.291028,1.291347,50
2024-08-19 06:00:00,1.291347,1.291455,1.289038,1.289147,50
2024-08-19 07:00:00,1.289147,1.289706,1.288555,1.289114,50
2024-08-19 08:00:00,1.289114,1.289638,1.288945,1.289468,50
2024-08-19 09:00:00,1.289468,1.293001,1.289075,1.292607,50
2024-08-19 10:00:00,1.292607,1.292913,1.292544,1.292850,50
2024-08-19 11:00:00,1.292850,1.294168,1.292551,1.293869,50
2024-08-19 12:00:00,1.293869,1.294053,1.293714,1.293898,50
2024-08-19 13:00:00,1.293898,1.295440,1.293493,1.295036,50
2024-08-19 14:00:00,1.295036,1.295207,1.294143,1.294314,50
2024-08-19 15:00:00,1.294314,1.298822,1.293775,1.298284,50
2024-08-19 16:00:00,1.298284,1.299237,1.298085,1.299038,50
2024-08-19 17:00:00,1.299038,1.299062,1.298168,1.298192,50
2024-08-19 18:00:00,1.298192,1.300125,1.297973,1.299906,50
2024-08-19 19:00:00,1.299906,1.299992,1.298794,1.298881,50
2024-08-19 20:00:00,1.298881,1.299201,1.298116,1.298437,50
2024-08-19 21:00:00,1.298437,1.299061,1.298328,1.298953,50
2024-08-19 22:00:00,1.298953,1.299395,1.297489,1.297931,50
2024-08-19 23:00:00,1.297931,1.298909,1.297386,1.298364,50
2024-08-20 00:00:00,1.298364,1.298625,1.297784,1.298045,50
2024-08-20 01:00:00,1.298045,1.300052,1.297918,1.299925,50
2024-08-20 02:00:00,1.299925,1.300844,1.299595,1.300514,50
2024-08-20 03:00:00,1.300514,1.300738,1.299873,1.300098,50
2024-08-20 04:00:00,1.300098,1.302287,1.299729,1.301919,50
2024-08-20 05:00:00,1.301919,1.302190,1.299024,1.299295,50
2024-08-20 06:00:00,1.299295,1.301443,1.299243,1.301391,50
2024-08-20 07:00:00,1.301391,1.302604,1.301163,1.302376,50
2024-08-20 08:00:00,1.302376,1.302735,1.302292,1.302650,50
2024-08-20 09:00:00,1.302650,1.303019,1.299715,1.300084,50
2024-08-20 10:00:00,1.300084,1.300847,1.299852,1.300615,50
2024-08-20 11:00:00,1.300615,1.302633,1.300581,1.302599,50
2024-08-20 12:00:00,1.302599,1.302899,1.300545,1.300845,50
2024-08-20 13:00:00,1.300845,1.302471,1.300808,1.302435,50
2024-08-20 14:00:00,1.302435,1.302462,1.301517,1.301544,50
2024-08-20 15:00:00,1.301544,1.301800,1.299661,1.299917,50
2024-08-20 16:00:00,1.299917,1.300394,1.299899,1.300377,50
2024-08-20 17:00:00,1.300377,1.301716,1.300101,1.301440,50
2024-08-20 18:00:00,1.301440,1.301474,1.299465,1.299499,50
2024-08-20 19:00:00,1.299499,1.301139,1.299385,1.301025,50
2024-08-20 20:00:00,1.301025,1.303774,1.300892,1.303641,50
2024-08-20 21:00:00,1.303641,1.303849,1.302922,1.303130,50
2024-08-20 22:00:00,1.303130,1.303340,1.301259,1.301469,50
2024-08-20 23:00:00,1.301469,1.303050,1.301181,1.302762,50
2024-08-21 00:00:00,1.302762,1.305786,1.302423,1.305447,50
2024-08-21 01:00:00,1.305447,1.307551,1.305164,1.307268,50
2024-08-21 02:00:00,1.307268,1.307341,1.306412,1.306486,50
2024-08-21 03:00:00,1.306486,1.306588,1.305672,1.305775,50
2024-08-21 04:00:00,1.305775,1.305970,1.305421,1.305616,50
2024-08-21 05:00:00,1.305616,1.306879,1.305213,1.306476,50
2024-08-21 06:00:00,1.306476,1.306478,1.304918,1.304920,50
2024-08-21 07:00:00,1.304920,1.307566,1.304610,1.307256,50
2024-08-21 08:00:00,1.307256,1.308976,1.306971,1.308690,50
2024-08-21 09:00:00,1.308690,1.308741,1.307989,1.308040,50
2024-08-21 10:00:00,1.308040,1.308291,1.307937,1.308188,50
2024-08-21 11:00:00,1.308188,1.308452,1.305026,1.305290,50
2024-08-21 12:00:00,1.305290,1.306201,1.304997,1.305908,50
2024-08-21 13:00:00,1.305908,1.305964,1.304404,1.304459,50
2024-08-21 14:00:00,1.304459,1.304779,1.303681,1.304001,50
2024-08-21 15:00:00,1.304001,1.304229,1.303708,1.303937,50
2024-08-21 16:00:00,1.303937,1.304029,1.301681,1.301774,50
2024-08-21 17:00:00,1.301774,1.304073,1.301534,1.303833,50
2024-08-21 18:00:00,1.303833,1.304508,1.303567,1.304242,50
2024-08-21 19:00:00,1.304242,1.304480,1.303572,1.303810,50
2024-08-21 20:00:00,1.303810,1.305483,1.303599,1.305272,50
2024-08-21 21:00:00,1.305272,1.306391,1.304930,1.306049,50
2024-08-21 22:00:00,1.306049,1.306383,1.305956,1.306289,50
2024-08-21 23:00:00,1.306289,1.307920,1.306072,1.307702,50
2024-08-22 00:00:00,1.307702,1.308711,1.307595,1.308604,50
2024-08-22 01:00:00,1.308604,1.309266,1.308572,1.309234,50
2024-08-22 02:00:00,1.309234,1.309457,1.309122,1.309345,50
2024-08-22 03:00:00,1.309345,1.309574,1.308922,1.309151,50
2024-08-22 04:00:00,1.309151,1.309441,1.309035,1.309325,50
2024-08-22 05:00:00,1.309325,1.310549,1.309299,1.310523,50
2024-08-22 06:00:00,1.310523,1.310523,1.309951,1.309952,50
2024-08-22 07:00:00,1.309952,1.309992,1.307406,1.307446,50
2024-08-22 08:00:00,1.307446,1.307516,1.306708,1.306778,50
2024-08-22 09:00:00,1.306778,1.307468,1.306618,1.307307,50
2024-08-22 10:00:00,1.307307,1.308460,1.307103,1.308256,50
2024-08-22 11:00:00,1.308256,1.308300,1.306577,1.306621,50
2024-08-22 12:00:00,1.306621,1.306679,1.306612,1.306670,50
2024-08-22 13:00:00,1.306670,1.307843,1.306641,1.307815,50
2024-08-22 14:00:00,1.307815,1.307911,1.306498,1.306594,50
2024-08-22 15:00:00,1.306594,1.307181,1.306552,1.307139,50
2024-08-22 16:00:00,1.307139,1.307514,1.307054,1.307429,50
2024-08-22 17:00:00,1.307429,1.307656,1.307107,1.307334,50
2024-08-22 18:00:00,1.307334,1.308253,1.307302,1.308221,50
2024-08-22 19:00:00,1.308221,1.308349,1.307829,1.307957,50
2024-08-22 20:00:00,1.307957,1.308190,1.307153,1.307386,50
2024-08-22 21:00:00,1.307386,1.308682,1.307375,1.308671,50
2024-08-22 22:00:00,1.308671,1.310054,1.308577,1.309960,50
2024-08-22 23:00:00,1.309960,1.310087,1.309288,1.309415,50
2024-08-23 00:00:00,1.309415,1.309873,1.308136,1.308595,50
2024-08-23 01:00:00,1.308595,1.309204,1.307063,1.307672,50
2024-08-23 02:00:00,1.307672,1.311046,1.307600,1.310974,50
2024-08-23 03:00:00,1.310974,1.319610,1.310808,1.319445,50
2024-08-23 04:00:00,1.319445,1.320943,1.318963,1.320462,50
2024-08-23 05:00:00,1.320462,1.322634,1.319686,1.321857,50
2024-08-23 06:00:00,1.321857,1.322682,1.315520,1.316344,50
2024-08-23 07:00:00,1.316344,1.316483,1.315672,1.315811,50
2024-08-23 08:00:00,1.315811,1.316367,1.314594,1.315151,50
2024-08-23 09:00:00,1.315151,1.315337,1.312129,1.312316,50
2024-08-23 10:00:00,1.312316,1.312548,1.309380,1.309613,50
2024-08-23 11:00:00,1.309613,1.311756,1.309383,1.311526,50
2024-08-23 12:00:00,1.311526,1.314565,1.310832,1.313871,50
2024-08-23 13:00:00,1.313871,1.316100,1.313779,1.316008,50
2024-08-23 14:00:00,1.316008,1.318454,1.315216,1.317662,50
2024-08-23 15:00:00,1.317662,1.318127,1.315215,1.315680,50
2024-08-23 16:00:00,1.315680,1.318456,1.314981,1.317757,50
2024-08-23 17:00:00,1.317757,1.318012,1.315937,1.316193,50
2024-08-23 18:00:00,1.316193,1.316386,1.314436,1.314629,50
2024-08-23 19:00:00,1.314629,1.315334,1.313173,1.313877,50
2024-08-23 20:00:00,1.313877,1.314216,1.311352,1.311692,50
2024-08-23 21:00:00,1.311692,1.312154,1.310918,1.311380,50
2024-08-23 22:00:00,1.311380,1.311765,1.307589,1.307974,50
2024-08-23 23:00:00,1.307974,1.320299,1.307458,1.319784,50
2024-08-26 00:00:00,1.319784,1.321212,1.319724,1.321152,50
2024-08-26 01:00:00,1.321152,1.321351,1.320111,1.320309,50
2024-08-26 02:00:00,1.320309,1.320415,1.318532,1.318637,50
2024-08-26 03:00:00,1.318637,1.318767,1.318243,1.318373,50
2024-08-26 04:00:00,1.318373,1.319088,1.318324,1.319039,50
2024-08-26 05:00:00,1.319039,1.319415,1.318895,1.319271,50
2024-08-26 06:00:00,1.319271,1.319598,1.319098,1.319424,50
2024-08-26 07:00:00,1.319424,1.319625,1.317589,1.317789,50
2024-08-26 08:00:00,1.317789,1.317849,1.317332,1.317391,50
2024-08-26 09:00:00,1.317391,1.317948,1.317177,1.317735,50
2024-08-26 10:00:00,1.317735,1.317936,1.317345,1.317546,50
2024-08-26 11:00:00,1.317546,1.317649,1.317094,1.317197,50
2024-08-26 12:00:00,1.317197,1.318003,1.317025,1.317832,50
2024-08-26 13:00:00,1.317832,1.317906,1.317345,1.317419,50
2024-08-26 14:00:00,1.317419,1.317861,1.317226,1.317668,50
2024-08-26 15:00:00,1.317668,1.317735,1.317498,1.317566,50
2024-08-26 16:00:00,1.317566,1.318736,1.317333,1.318503,50
2024-08-26 17:00:00,1.318503,1.318534,1.317348,1.317378,50
2024-08-26 18:00:00,1.317378,1.317650,1.317291,1.317562,50
2024-08-26 19:00:00,1.317562,1.317641,1.317557,1.317635,50
2024-08-26 20:00:00,1.317635,1.319010,1.317525,1.318900,50
2024-08-26 21:00:00,1.318900,1.319331,1.318840,1.319271,50
2024-08-26 22:00:00,1.319271,1.320521,1.319200,1.320450,50
2024-08-26 23:00:00,1.320450,1.320603,1.318412,1.318565,50
2024-08-27 00:00:00,1.318565,1.318682,1.317471,1.317588,50
2024-08-27 01:00:00,1.317588,1.317676,1.317530,1.317618,50
2024-08-27 02:00:00,1.317618,1.318359,1.317497,1.318238,50
2024-08-27 03:00:00,1.318238,1.318701,1.318155,1.318618,50
2024-08-27 04:00:00,1.318618,1.319315,1.318612,1.319308,50
2024-08-27 05:00:00,1.319308,1.320532,1.318955,1.320178,50
2024-08-27 06:00:00,1.320178,1.320483,1.320045,1.320350,50
2024-08-27 07:00:00,1.320350,1.322005,1.319951,1.321607,50
2024-08-27 08:00:00,1.321607,1.322581,1.321551,1.322525,50
2024-08-27 09:00:00,1.322525,1.324165,1.322288,1.323928,50
2024-08-27 10:00:00,1.323928,1.324267,1.323719,1.324058,50
2024-08-27 11:00:00,1.324058,1.324082,1.323534,1.323558,50
2024-08-27 12:00:00,1.323558,1.324083,1.323205,1.323730,50
2024-08-27 13:00:00,1.323730,1.324626,1.323533,1.324429,50
2024-08-27 14:00:00,1.324429,1.324494,1.323452,1.323518,50
2024-08-27 15:00:00,1.323518,1.323876,1.322271,1.322629,50
2024-08-27 16:00:00,1.322629,1.323853,1.322477,1.323701,50
2024-08-27 17:00:00,1.323701,1.323915,1.323380,1.323594,50
2024-08-27 18:00:00,1.323594,1.323828,1.323007,1.323241,50
2024-08-27 19:00:00,1.323241,1.323620,1.322334,1.322713,50
2024-08-27 20:00:00,1.322713,1.322814,1.321486,1.321587,50
2024-08-27 21:00:00,1.321587,1.324041,1.321386,1.323839,50
2024-08-27 22:00:00,1.323839,1.323860,1.323628,1.323649,50
2024-08-27 23:00:00,1.323649,1.323822,1.323279,1.323452,50
2024-08-28 00:00:00,1.323452,1.323642,1.323025,1.323216,50
2024-08-28 01:00:00,1.323216,1.323375,1.322353,1.322513,50
2024-08-28 02:00:00,1.322513,1.322548,1.322513,1.322548,50
2024-08-28 03:00:00,1.322548,1.322682,1.321206,1.321341,50
2024-08-28 04:00:00,1.321341,1.321555,1.321341,1.321555,50
2024-08-28 05:00:00,1.321555,1.321966,1.321449,1.321859,50
2024-08-28 06:00:00,1.321859,1.321986,1.321735,1.321861,50
2024-08-28 07:00:00,1.321861,1.322058,1.321077,1.321274,50
2024-08-28 08:00:00,1.321274,1.321896,1.321268,1.321890,50
2024-08-28 09:00:00,1.321890,1.322130,1.321711,1.321951,50
2024-08-28 10:00:00,1.321951,1.321956,1.321428,1.321433,50
2024-08-28 11:00:00,1.321433,1.321688,1.321001,1.321256,50
2024-08-28 12:00:00,1.321256,1.321890,1.321239,1.321874,50
2024-08-28 13:00:00,1.321874,1.321952,1.320923,1.321001,50
2024-08-28 14:00:00,1.321001,1.322026,1.320741,1.321766,50
2024-08-28 15:00:00,1.321766,1.322941,1.321495,1.322670,50
2024-08-28 16:00:00,1.322670,1.324125,1.322660,1.324115,50
2024-08-28 17:00:00,1.324115,1.324243,1.323241,1.323368,50
2024-08-28 18:00:00,1.323368,1.323574,1.322846,1.323052,50
2024-08-28 19:00:00,1.323052,1.323827,1.322880,1.323655,50
2024-08-28 20:00:00,1.323655,1.323850,1.321223,1.321418,50
2024-08-28 21:00:00,1.321418,1.321434,1.320304,1.320320,50
2024-08-28 22:00:00,1.320320,1.320504,1.320179,1.320363,50
2024-08-28 23:00:00,1.320363,1.320521,1.319974,1.320132,50
2024-08-29 00:00:00,1.320132,1.320805,1.319924,1.320597,50
2024-08-29 01:00:00,1.320597,1.320689,1.320340,1.320432,50
2024-08-29 02:00:00,1.320432,1.320663,1.319194,1.319425,50
2024-08-29 03:00:00,1.319425,1.319443,1.318305,1.318323,50
2024-08-29 04:00:00,1.318323,1.319201,1.318090,1.318968,50
2024-08-29 05:00:00,1.318968,1.320125,1.318736,1.319892,50
2024-08-29 06:00:00,1.319892,1.320197,1.319863,1.320168,50
2024-08-29 07:00:00,1.320168,1.321256,1.320116,1.321204,50
2024-08-29 08:00:00,1.321204,1.321411,1.320900,1.321107,50
2024-08-29 09:00:00,1.321107,1.321553,1.320881,1.321327,50
2024-08-29 10:00:00,1.321327,1.321515,1.320535,1.320723,50
2024-08-29 11:00:00,1.320723,1.320869,1.320387,1.320533,50
2024-08-29 12:00:00,1.320533,1.320687,1.320391,1.320544,50
2024-08-29 13:00:00,1.320544,1.320897,1.320470,1.320824,50
2024-08-29 14:00:00,1.320824,1.320951,1.320401,1.320528,50
2024-08-29 15:00:00,1.320528,1.320657,1.319607,1.319736,50
2024-08-29 16:00:00,1.319736,1.319933,1.318833,1.319030,50
2024-08-29 17:00:00,1.319030,1.319769,1.318937,1.319676,50
2024-08-29 18:00:00,1.319676,1.320070,1.319641,1.320036,50
2024-08-29 19:00:00,1.320036,1.320194,1.319858,1.320017,50
2024-08-29 20:00:00,1.320017,1.320147,1.318750,1.318880,50
2024-08-29 21:00:00,1.318880,1.318897,1.318466,1.318483,50
2024-08-29 22:00:00,1.318483,1.318490,1.317364,1.317371,50
2024-08-29 23:00:00,1.317371,1.318787,1.317149,1.318565,50
2024-08-30 00:00:00,1.318565,1.318629,1.316157,1.316221,50
2024-08-30 01:00:00,1.316221,1.316969,1.315858,1.316607,50
2024-08-30 02:00:00,1.316607,1.316713,1.315385,1.315490,50
2024-08-30 03:00:00,1.315490,1.315624,1.314856,1.314990,50
2024-08-30 04:00:00,1.314990,1.316389,1.314846,1.316245,50
2024-08-30 05:00:00,1.316245,1.316313,1.315880,1.315947,50
2024-08-30 06:00:00,1.315947,1.315954,1.315896,1.315903,50
2024-08-30 07:00:00,1.315903,1.315942,1.314489,1.314528,50
2024-08-30 08:00:00,1.314528,1.314799,1.312665,1.312936,50
2024-08-30 09:00:00,1.312936,1.313209,1.311851,1.312124,50
2024-08-30 10:00:00,1.312124,1.314434,1.311963,1.314273,50
2024-08-30 11:00:00,1.314273,1.317072,1.314179,1.316978,50
2024-08-30 12:00:00,1.316978,1.317698,1.316615,1.317335,50
2024-08-30 13:00:00,1.317335,1.317775,1.314663,1.315103,50
2024-08-30 14:00:00,1.315103,1.315301,1.313610,1.313807,50
2024-08-30 15:00:00,1.313807,1.317020,1.313610,1.316823,50
2024-08-30 16:00:00,1.316823,1.318049,1.316447,1.317672,50
2024-08-30 17:00:00,1.317672,1.317994,1.316781,1.317103,50
2024-08-30 18:00:00,1.317103,1.317915,1.316940,1.317752,50
2024-08-30 19:00:00,1.317752,1.317832,1.316889,1.316969,50
2024-08-30 20:00:00,1.316969,1.317418,1.315035,1.315483,50
2024-08-30 21:00:00,1.315483,1.315639,1.315004,1.315160,50
2024-08-30 22:00:00,1.315160,1.315501,1.313982,1.314323,50
2024-08-30 23:00:00,1.314323,1.314359,1.313161,1.313198,50
2024-09-03 00:00:00,1.313198,1.313277,1.313135,1.313215,50
2024-09-03 01:00:00,1.313215,1.313759,1.313177,1.313721,50
2024-09-03 02:00:00,1.313721,1.313851,1.313245,1.313375,50
2024-09-03 03:00:00,1.313375,1.313597,1.313179,1.313401,50
2024-09-03 04:00:00,1.313401,1.313675,1.313199,1.313473,50
2024-09-03 05:00:00,1.313473,1.313670,1.313412,1.313608,50
2024-09-03 06:00:00,1.313608,1.313796,1.312821,1.313008,50
2024-09-03 07:00:00,1.313008,1.313267,1.312867,1.313126,50
2024-09-03 08:00:00,1.313126,1.313323,1.312501,1.312698,50
2024-09-03 09:00:00,1.312698,1.312713,1.312198,1.312213,50
2024-09-03 10:00:00,1.312213,1.312384,1.312071,1.312242,50
2024-09-03 11:00:00,1.312242,1.312458,1.311933,1.312149,50
2024-09-03 12:00:00,1.312149,1.312472,1.311910,1.312233,50
2024-09-03 13:00:00,1.312233,1.312249,1.311943,1.311960,50
2024-09-03 14:00:00,1.311960,1.312177,1.311334,1.311551,50
2024-09-03 15:00:00,1.311551,1.311698,1.311062,1.311209,50
2024-09-03 16:00:00,1.311209,1.311324,1.311185,1.311300,50
2024-09-03 17:00:00,1.311300,1.311423,1.311149,1.311271,50
2024-09-03 18:00:00,1.311271,1.311410,1.310985,1.311124,50
2024-09-03 19:00:00,1.311124,1.311185,1.310463,1.310524,50
2024-09-03 20:00:00,1.310524,1.310682,1.310323,1.310480,50
2024-09-03 21:00:00,1.310480,1.310720,1.309942,1.310182,50
2024-09-03 22:00:00,1.310182,1.310273,1.309596,1.309688,50
2024-09-03 23:00:00,1.309688,1.310366,1.309594,1.310273,50
2024-09-04 00:00:00,1.310273,1.315149,1.310044,1.314920,50
2024-09-04 01:00:00,1.314920,1.315208,1.314200,1.314488,50
2024-09-04 02:00:00,1.314488,1.315078,1.314413,1.315003,50
2024-09-04 03:00:00,1.315003,1.315255,1.314221,1.314472,50
2024-09-04 04:00:00,1.314472,1.314550,1.313748,1.313826,50
2024-09-04 05:00:00,1.313826,1.314964,1.313745,1.314882,50
2024-09-04 06:00:00,1.314882,1.314957,1.313610,1.313684,50
2024-09-04 07:00:00,1.313684,1.313821,1.311942,1.312079,50
2024-09-04 08:00:00,1.312079,1.312262,1.309298,1.309480,50
2024-09-04 09:00:00,1.309480,1.311721,1.309209,1.311450,50
2024-09-04 10:00:00,1.311450,1.312424,1.311138,1.312113,50
2024-09-04 11:00:00,1.312113,1.312243,1.310494,1.310624,50
2024-09-04 12:00:00,1.310624,1.312544,1.310606,1.312526,50
2024-09-04 13:00:00,1.312526,1.312714,1.311980,1.312168,50
2024-09-04 14:00:00,1.312168,1.312751,1.311994,1.312578,50
2024-09-04 15:00:00,1.312578,1.314035,1.312514,1.313971,50
2024-09-04 16:00:00,1.313971,1.314092,1.313539,1.313660,50
2024-09-04 17:00:00,1.313660,1.313692,1.313177,1.313209,50
2024-09-04 18:00:00,1.313209,1.313363,1.310969,1.311123,50
2024-09-04 19:00:00,1.311123,1.312395,1.310966,1.312238,50
2024-09-04 20:00:00,1.312238,1.312497,1.311093,1.311353,50
2024-09-04 21:00:00,1.311353,1.312271,1.311278,1.312196,50
2024-09-04 22:00:00,1.312196,1.314974,1.312015,1.314793,50
2024-09-04 23:00:00,1.314793,1.314855,1.314172,1.314233,50
2024-09-05 00:00:00,1.314233,1.314459,1.313384,1.313610,50
2024-09-05 01:00:00,1.313610,1.313774,1.313552,1.313716,50
2024-09-05 02:00:00,1.313716,1.314157,1.313708,1.314149,50
2024-09-05 03:00:00,1.314149,1.314159,1.314127,1.314137,50
2024-09-05 04:00:00,1.314137,1.314834,1.314107,1.314804,50
2024-09-05 05:00:00,1.314804,1.314899,1.314365,1.314460,50
2024-09-05 06:00:00,1.314460,1.314652,1.313900,1.314092,50
2024-09-05 07:00:00,1.314092,1.314583,1.313993,1.314485,50
2024-09-05 08:00:00,1.314485,1.314983,1.314439,1.314937,50
2024-09-05 09:00:00,1.314937,1.315353,1.314757,1.315172,50
2024-09-05 10:00:00,1.315172,1.316229,1.315041,1.316098,50
2024-09-05 11:00:00,1.316098,1.316500,1.315909,1.316312,50
2024-09-05 12:00:00,1.316312,1.317445,1.316199,1.317332,50
2024-09-05 13:00:00,1.317332,1.317364,1.316426,1.316458,50
2024-09-05 14:00:00,1.316458,1.316582,1.315608,1.315733,50
2024-09-05 15:00:00,1.315733,1.316283,1.315619,1.316170,50
2024-09-05 16:00:00,1.316170,1.316247,1.315513,1.315590,50
2024-09-05 17:00:00,1.315590,1.316638,1.315565,1.316613,50
2024-09-05 18:00:00,1.316613,1.317164,1.316602,1.317152,50
2024-09-05 19:00:00,1.317152,1.317289,1.315797,1.315933,50
2024-09-05 20:00:00,1.315933,1.315949,1.315390,1.315407,50
2024-09-05 21:00:00,1.315407,1.315489,1.314704,1.314786,50
2024-09-05 22:00:00,1.314786,1.314796,1.314231,1.314241,50
2024-09-05 23:00:00,1.314241,1.316593,1.314131,1.316482,50
2024-09-06 00:00:00,1.316482,1.316498,1.315599,1.315615,50
2024-09-06 01:00:00,1.315615,1.315679,1.315509,1.315573,50
2024-09-06 02:00:00,1.315573,1.315881,1.315570,1.315878,50
2024-09-06 03:00:00,1.315878,1.316066,1.314821,1.315009,50
2024-09-06 04:00:00,1.315009,1.315200,1.312764,1.312955,50
2024-09-06 05:00:00,1.312955,1.313803,1.312895,1.313743,50
2024-09-06 06:00:00,1.313743,1.314405,1.313682,1.314344,50
2024-09-06 07:00:00,1.314344,1.314442,1.314055,1.314153,50
2024-09-06 08:00:00,1.314153,1.314514,1.314141,1.314502,50
2024-09-06 09:00:00,1.314502,1.314710,1.314292,1.314500,50
2024-09-06 10:00:00,1.314500,1.314500,1.313025,1.313026,50
2024-09-06 11:00:00,1.313026,1.313524,1.312909,1.313408,50
2024-09-06 12:00:00,1.313408,1.313632,1.312864,1.313088,50
2024-09-06 13:00:00,1.313088,1.313578,1.312936,1.313426,50
2024-09-06 14:00:00,1.313426,1.313465,1.313193,1.313232,50
2024-09-06 15:00:00,1.313232,1.314591,1.313011,1.314370,50
2024-09-06 16:00:00,1.314370,1.314995,1.314157,1.314782,50
2024-09-06 17:00:00,1.314782,1.314918,1.314649,1.314785,50
2024-09-06 18:00:00,1.314785,1.315798,1.314572,1.315586,50
2024-09-06 19:00:00,1.315586,1.316412,1.315583,1.316409,50
2024-09-06 20:00:00,1.316409,1.317267,1.316212,1.317070,50
2024-09-06 21:00:00,1.317070,1.317300,1.315879,1.316109,50
2024-09-06 22:00:00,1.316109,1.316264,1.315292,1.315447,50
2024-09-06 23:00:00,1.315447,1.315516,1.313473,1.313543,50
2024-09-09 00:00:00,1.313543,1.313839,1.310936,1.311233,50
2024-09-09 01:00:00,1.311233,1.311432,1.311060,1.311259,50
2024-09-09 02:00:00,1.311259,1.313413,1.311102,1.313257,50
2024-09-09 03:00:00,1.313257,1.313386,1.312669,1.312798,50
2024-09-09 04:00:00,1.312798,1.314994,1.312412,1.314608,50
2024-09-09 05:00:00,1.314608,1.314657,1.312019,1.312068,50
2024-09-09 06:00:00,1.312068,1.312089,1.311264,1.311285,50
2024-09-09 07:00:00,1.311285,1.311503,1.308264,1.308483,50
2024-09-09 08:00:00,1.308483,1.309134,1.308065,1.308716,50
2024-09-09 09:00:00,1.308716,1.311489,1.308388,1.311160,50
2024-09-09 10:00:00,1.311160,1.312759,1.310810,1.312409,50
2024-09-09 11:00:00,1.312409,1.312690,1.309952,1.310233,50
2024-09-09 12:00:00,1.310233,1.311414,1.310151,1.311331,50
2024-09-09 13:00:00,1.311331,1.312940,1.310887,1.312496,50
2024-09-09 14:00:00,1.312496,1.312824,1.312333,1.312661,50
2024-09-09 15:00:00,1.312661,1.313603,1.312254,1.313195,50
2024-09-09 16:00:00,1.313195,1.313640,1.312448,1.312892,50
2024-09-09 17:00:00,1.312892,1.314457,1.312746,1.314311,50
2024-09-09 18:00:00,1.314311,1.314484,1.312246,1.312419,50
2024-09-09 19:00:00,1.312419,1.312771,1.309378,1.309730,50
2024-09-09 20:00:00,1.309730,1.310050,1.307573,1.307894,50
2024-09-09 21:00:00,1.307894,1.310060,1.307526,1.309692,50
2024-09-09 22:00:00,1.309692,1.309711,1.309276,1.309295,50
2024-09-09 23:00:00,1.309295,1.309437,1.308073,1.308216,50
2024-09-10 00:00:00,1.308216,1.308533,1.308049,1.308367,50
2024-09-10 01:00:00,1.308367,1.308857,1.308309,1.308800,50
2024-09-10 02:00:00,1.308800,1.308957,1.308702,1.308860,50
2024-09-10 03:00:00,1.308860,1.308938,1.308607,1.308685,50
2024-09-10 04:00:00,1.308685,1.309160,1.308557,1.309032,50
2024-09-10 05:00:00,1.309032,1.309447,1.308810,1.309224,50
2024-09-10 06:00:00,1.309224,1.309291,1.309205,1.309271,50
2024-09-10 07:00:00,1.309271,1.309431,1.309161,1.309321,50
2024-09-10 08:00:00,1.309321,1.309440,1.309070,1.309188,50
2024-09-10 09:00:00,1.309188,1.309254,1.308852,1.308918,50
2024-09-10 10:00:00,1.308918,1.309090,1.308169,1.308342,50
2024-09-10 11:00:00,1.308342,1.308441,1.307801,1.307901,50
2024-09-10 12:00:00,1.307901,1.308031,1.307660,1.307790,50
2024-09-10 13:00:00,1.307790,1.307893,1.307040,1.307143,50
2024-09-10 14:00:00,1.307143,1.307229,1.306822,1.306908,50
2024-09-10 15:00:00,1.306908,1.306990,1.306626,1.306709,50
2024-09-10 16:00:00,1.306709,1.306773,1.306050,1.306114,50
2024-09-10 17:00:00,1.306114,1.306336,1.305938,1.306160,50
2024-09-10 18:00:00,1.306160,1.306546,1.306068,1.306454,50
2024-09-10 19:00:00,1.306454,1.306535,1.306232,1.306313,50
2024-09-10 20:00:00,1.306313,1.306426,1.306013,1.306126,50
2024-09-10 21:00:00,1.306126,1.306319,1.305449,1.305642,50
2024-09-10 22:00:00,1.305642,1.305663,1.305380,1.305401,50
2024-09-10 23:00:00,1.305401,1.306536,1.305371,1.306506,50
2024-09-11 00:00:00,1.306506,1.307381,1.306381,1.307255,50
2024-09-11 01:00:00,1.307255,1.307482,1.306470,1.306696,50
2024-09-11 02:00:00,1.306696,1.306914,1.306683,1.306901,50
2024-09-11 03:00:00,1.306901,1.307097,1.306885,1.307082,50
2024-09-11 04:00:00,1.307082,1.307181,1.306605,1.306704,50
2024-09-11 05:00:00,1.306704,1.307077,1.306640,1.307013,50
2024-09-11 06:00:00,1.307013,1.307325,1.304206,1.304518,50
2024-09-11 07:00:00,1.304518,1.304796,1.303337,1.303614,50
2024-09-11 08:00:00,1.303614,1.304843,1.303522,1.304750,50
2024-09-11 09:00:00,1.304750,1.304893,1.303494,1.303637,50
2024-09-11 10:00:00,1.303637,1.303665,1.303627,1.303656,50
2024-09-11 11:00:00,1.303656,1.303875,1.303376,1.303596,50
2024-09-11 12:00:00,1.303596,1.303773,1.303047,1.303224,50
2024-09-11 13:00:00,1.303224,1.304546,1.303004,1.304326,50
2024-09-11 14:00:00,1.304326,1.304344,1.302943,1.302961,50
2024-09-11 15:00:00,1.302961,1.303132,1.302647,1.302817,50
2024-09-11 16:00:00,1.302817,1.302983,1.302786,1.302951,50
2024-09-11 17:00:00,1.302951,1.303876,1.302819,1.303743,50
2024-09-11 18:00:00,1.303743,1.304007,1.303170,1.303434,50
2024-09-11 19:00:00,1.303434,1.303711,1.301736,1.302013,50
2024-09-11 20:00:00,1.302013,1.302598,1.301849,1.302434,50
2024-09-11 21:00:00,1.302434,1.303149,1.302129,1.302845,50
2024-09-11 22:00:00,1.302845,1.304552,1.302788,1.304495,50
2024-09-11 23:00:00,1.304495,1.304594,1.302663,1.302762,50
2024-09-12 00:00:00,1.302762,1.303064,1.301403,1.301705,50
2024-09-12 01:00:00,1.301705,1.302692,1.301575,1.302562,50
2024-09-12 02:00:00,1.302562,1.303937,1.302155,1.303530,50
2024-09-12 03:00:00,1.303530,1.304098,1.303242,1.303810,50
2024-09-12 04:00:00,1.303810,1.304935,1.303539,1.304665,50
2024-09-12 05:00:00,1.304665,1.306153,1.304298,1.305787,50
2024-09-12 06:00:00,1.305787,1.307245,1.305759,1.307217,50
2024-09-12 07:00:00,1.307217,1.307664,1.307101,1.307549,50
2024-09-12 08:00:00,1.307549,1.308056,1.307529,1.308036,50
2024-09-12 09:00:00,1.308036,1.308282,1.307884,1.308129,50
2024-09-12 10:00:00,1.308129,1.308494,1.306248,1.306612,50
2024-09-12 11:00:00,1.306612,1.306618,1.305755,1.305761,50
2024-09-12 12:00:00,1.305761,1.305942,1.305020,1.305201,50
2024-09-12 13:00:00,1.305201,1.305253,1.304049,1.304101,50
2024-09-12 14:00:00,1.304101,1.305337,1.304013,1.305249,50
2024-09-12 15:00:00,1.305249,1.306338,1.305182,1.306271,50
2024-09-12 16:00:00,1.306271,1.307047,1.305994,1.306770,50
2024-09-12 17:00:00,1.306770,1.307550,1.306522,1.307302,50
2024-09-12 18:00:00,1.307302,1.307588,1.307286,1.307572,50
2024-09-12 19:00:00,1.307572,1.309116,1.307557,1.309101,50
2024-09-12 20:00:00,1.309101,1.309346,1.308090,1.308335,50
2024-09-12 21:00:00,1.308335,1.308772,1.307939,1.308376,50
2024-09-12 22:00:00,1.308376,1.308694,1.305955,1.306272,50
2024-09-12 23:00:00,1.306272,1.308129,1.306188,1.308044,50
2024-09-13 00:00:00,1.308044,1.308399,1.306487,1.306841,50
2024-09-13 01:00:00,1.306841,1.308449,1.306547,1.308154,50
2024-09-13 02:00:00,1.308154,1.308196,1.307705,1.307747,50
2024-09-13 03:00:00,1.307747,1.309693,1.307351,1.309297,50
2024-09-13 04:00:00,1.309297,1.309475,1.307401,1.307579,50
2024-09-13 05:00:00,1.307579,1.308365,1.307281,1.308066,50
2024-09-13 06:00:00,1.308066,1.309169,1.307851,1.308954,50
2024-09-13 07:00:00,1.308954,1.309251,1.308374,1.308671,50
2024-09-13 08:00:00,1.308671,1.310762,1.308322,1.310414,50
2024-09-13 09:00:00,1.310414,1.311663,1.310300,1.311549,50
2024-09-13 10:00:00,1.311549,1.312078,1.311536,1.312065,50
2024-09-13 11:00:00,1.312065,1.312254,1.311740,1.311929,50
2024-09-13 12:00:00,1.311929,1.312110,1.311718,1.311900,50
2024-09-13 13:00:00,1.311900,1.312853,1.311517,1.312470,50
2024-09-13 14:00:00,1.312470,1.313722,1.312172,1.313424,50
2024-09-13 15:00:00,1.313424,1.313683,1.312992,1.313251,50
2024-09-13 16:00:00,1.313251,1.313652,1.312778,1.313178,50
2024-09-13 17:00:00,1.313178,1.314239,1.312694,1.313755,50
2024-09-13 18:00:00,1.313755,1.313809,1.312411,1.312465,50
2024-09-13 19:00:00,1.312465,1.313803,1.312423,1.313760,50
2024-09-13 20:00:00,1.313760,1.315299,1.313725,1.315264,50
2024-09-13 21:00:00,1.315264,1.315615,1.314176,1.314526,50
2024-09-13 22:00:00,1.314526,1.314989,1.312717,1.313179,50
2024-09-13 23:00:00,1.313179,1.314207,1.313033,1.314060,50
2024-09-16 00:00:00,1.314060,1.316602,1.314016,1.316557,50
2024-09-16 01:00:00,1.316557,1.316800,1.314976,1.315218,50
2024-09-16 02:00:00,1.315218,1.315312,1.314484,1.314578,50
2024-09-16 03:00:00,1.314578,1.315058,1.314425,1.314905,50
2024-09-16 04:00:00,1.314905,1.314986,1.313900,1.313982,50
2024-09-16 05:00:00,1.313982,1.314236,1.312592,1.312846,50
2024-09-16 06:00:00,1.312846,1.313314,1.312611,1.313079,50
2024-09-16 07:00:00,1.313079,1.314045,1.312738,1.313704,50
2024-09-16 08:00:00,1.313704,1.313894,1.313030,1.313221,50
2024-09-16 09:00:00,1.313221,1.315725,1.313003,1.315506,50
2024-09-16 10:00:00,1.315506,1.316478,1.315370,1.316342,50
2024-09-16 11:00:00,1.316342,1.317352,1.315866,1.316876,50
2024-09-16 12:00:00,1.316876,1.317264,1.315550,1.315938,50
2024-09-16 13:00:00,1.315938,1.318470,1.315735,1.318267,50
2024-09-16 14:00:00,1.318267,1.318384,1.318068,1.318185,50
2024-09-16 15:00:00,1.318185,1.319181,1.318020,1.319015,50
2024-09-16 16:00:00,1.319015,1.319477,1.318780,1.319242,50
2024-09-16 17:00:00,1.319242,1.319441,1.319022,1.319221,50
2024-09-16 18:00:00,1.319221,1.319499,1.318155,1.318433,50
2024-09-16 19:00:00,1.318433,1.318837,1.318161,1.318565,50
2024-09-16 20:00:00,1.318565,1.318891,1.318450,1.318776,50
2024-09-16 21:00:00,1.318776,1.319705,1.318351,1.319281,50
2024-09-16 22:00:00,1.319281,1.319602,1.318670,1.318991,50
2024-09-16 23:00:00,1.318991,1.320507,1.318616,1.320132,50
2024-09-17 00:00:00,1.320132,1.320217,1.319414,1.319499,50
2024-09-17 01:00:00,1.319499,1.319700,1.319219,1.319420,50
2024-09-17 02:00:00,1.319420,1.319596,1.318109,1.318284,50
2024-09-17 03:00:00,1.318284,1.319220,1.317994,1.318930,50
2024-09-17 04:00:00,1.318930,1.319120,1.317717,1.317907,50
2024-09-17 05:00:00,1.317907,1.318017,1.317589,1.317700,50
2024-09-17 06:00:00,1.317700,1.317705,1.316172,1.316177,50
2024-09-17 07:00:00,1.316177,1.316402,1.315533,1.315758,50
2024-09-17 08:00:00,1.315758,1.315913,1.315597,1.315752,50
2024-09-17 09:00:00,1.315752,1.317467,1.315539,1.317253,50
2024-09-17 10:00:00,1.317253,1.317437,1.317234,1.317417,50
2024-09-17 11:00:00,1.317417,1.318548,1.317403,1.318534,50
2024-09-17 12:00:00,1.318534,1.319412,1.318432,1.319310,50
2024-09-17 13:00:00,1.319310,1.319684,1.319178,1.319552,50
2024-09-17 14:00:00,1.319552,1.320457,1.319532,1.320438,50
2024-09-17 15:00:00,1.320438,1.320600,1.320323,1.320485,50
2024-09-17 16:00:00,1.320485,1.320726,1.319974,1.320216,50
2024-09-17 17:00:00,1.320216,1.321087,1.319990,1.320862,50
2024-09-17 18:00:00,1.320862,1.321063,1.320008,1.320209,50
2024-09-17 19:00:00,1.320209,1.320335,1.319700,1.319826,50
2024-09-17 20:00:00,1.319826,1.320130,1.318572,1.318876,50
2024-09-17 21:00:00,1.318876,1.319162,1.318102,1.318388,50
2024-09-17 22:00:00,1.318388,1.318546,1.317220,1.317378,50
2024-09-17 23:00:00,1.317378,1.317554,1.316306,1.316482,50
2024-09-18 00:00:00,1.316482,1.316714,1.315835,1.316067,50
2024-09-18 01:00:00,1.316067,1.316086,1.315859,1.315879,50
2024-09-18 02:00:00,1.315879,1.315912,1.315754,1.315787,50
2024-09-18 03:00:00,1.315787,1.316190,1.315597,1.315999,50
2024-09-18 04:00:00,1.315999,1.317704,1.315865,1.317570,50
2024-09-18 05:00:00,1.317570,1.318108,1.317475,1.318013,50
2024-09-18 06:00:00,1.318013,1.318280,1.317344,1.317611,50
2024-09-18 07:00:00,1.317611,1.317686,1.317208,1.317283,50
2024-09-18 08:00:00,1.317283,1.317678,1.317033,1.317428,50
2024-09-18 09:00:00,1.317428,1.318262,1.317424,1.318258,50
2024-09-18 10:00:00,1.318258,1.318886,1.318121,1.318749,50
2024-09-18 11:00:00,1.318749,1.319389,1.318555,1.319195,50
2024-09-18 12:00:00,1.319195,1.319486,1.319121,1.319413,50
2024-09-18 13:00:00,1.319413,1.319841,1.319190,1.319618,50
2024-09-18 14:00:00,1.319618,1.319726,1.319487,1.319594,50
2024-09-18 15:00:00,1.319594,1.320591,1.319566,1.320563,50
2024-09-18 16:00:00,1.320563,1.320847,1.320369,1.320653,50
2024-09-18 17:00:00,1.320653,1.320778,1.319485,1.319611,50
2024-09-18 18:00:00,1.319611,1.319892,1.319592,1.319874,50
2024-09-18 19:00:00,1.319874,1.320076,1.318765,1.318968,50
2024-09-18 20:00:00,1.318968,1.319158,1.317826,1.318017,50
2024-09-18 21:00:00,1.318017,1.318550,1.317978,1.318511,50
2024-09-18 22:00:00,1.318511,1.319598,1.318401,1.319488,50
2024-09-18 23:00:00,1.319488,1.320104,1.319342,1.319958,50
2024-09-19 00:00:00,1.319958,1.320203,1.319240,1.319485,50
2024-09-19 01:00:00,1.319485,1.320620,1.318886,1.320021,50
2024-09-19 02:00:00,1.320021,1.320372,1.319179,1.319530,50
2024-09-19 03:00:00,1.319530,1.319931,1.319000,1.319401,50
2024-09-19 04:00:00,1.319401,1.319553,1.319233,1.319384,50
2024-09-19 05:00:00,1.319384,1.319636,1.318580,1.318832,50
2024-09-19 06:00:00,1.318832,1.319655,1.318823,1.319645,50
2024-09-19 07:00:00,1.319645,1.321607,1.319030,1.320992,50
2024-09-19 08:00:00,1.320992,1.321524,1.320527,1.321060,50
2024-09-19 09:00:00,1.321060,1.322462,1.320758,1.322161,50
2024-09-19 10:00:00,1.322161,1.322618,1.321513,1.321971,50
2024-09-19 11:00:00,1.321971,1.323099,1.321851,1.322980,50
2024-09-19 12:00:00,1.322980,1.324809,1.322420,1.324249,50
2024-09-19 13:00:00,1.324249,1.324485,1.323117,1.323353,50
2024-09-19 14:00:00,1.323353,1.326804,1.322701,1.326152,50
2024-09-19 15:00:00,1.326152,1.327166,1.325902,1.326916,50
2024-09-19 16:00:00,1.326916,1.328176,1.326791,1.328051,50
2024-09-19 17:00:00,1.328051,1.328594,1.325508,1.326052,50
2024-09-19 18:00:00,1.326052,1.328688,1.326012,1.328649,50
2024-09-19 19:00:00,1.328649,1.329542,1.328485,1.329378,50
2024-09-19 20:00:00,1.329378,1.329742,1.326808,1.327171,50
2024-09-19 21:00:00,1.327171,1.328563,1.326621,1.328013,50
2024-09-19 22:00:00,1.328013,1.328284,1.327236,1.327507,50
2024-09-19 23:00:00,1.327507,1.327980,1.327372,1.327845,50
2024-09-20 00:00:00,1.327845,1.328018,1.327720,1.327893,50
2024-09-20 01:00:00,1.327893,1.328036,1.327030,1.327174,50
2024-09-20 02:00:00,1.327174,1.327885,1.326965,1.327676,50
2024-09-20 03:00:00,1.327676,1.327766,1.327533,1.327623,50
2024-09-20 04:00:00,1.327623,1.328796,1.327612,1.328785,50
2024-09-20 05:00:00,1.328785,1.328860,1.327727,1.327802,50
2024-09-20 06:00:00,1.327802,1.327990,1.327181,1.327369,50
2024-09-20 07:00:00,1.327369,1.328228,1.327317,1.328176,50
2024-09-20 08:00:00,1.328176,1.328684,1.328094,1.328602,50
2024-09-20 09:00:00,1.328602,1.328970,1.328490,1.328858,50
2024-09-20 10:00:00,1.328858,1.329950,1.328777,1.329869,50
2024-09-20 11:00:00,1.329869,1.330335,1.329632,1.330097,50
2024-09-20 12:00:00,1.330097,1.330323,1.329822,1.330048,50
2024-09-20 13:00:00,1.330048,1.330253,1.329344,1.329549,50
2024-09-20 14:00:00,1.329549,1.329581,1.329467,1.329499,50
2024-09-20 15:00:00,1.329499,1.329553,1.329024,1.329078,50
2024-09-20 16:00:00,1.329078,1.329209,1.328664,1.328796,50
2024-09-20 17:00:00,1.328796,1.328817,1.328544,1.328565,50
2024-09-20 18:00:00,1.328565,1.329459,1.328428,1.329322,50
2024-09-20 19:00:00,1.329322,1.330277,1.329193,1.330149,50
2024-09-20 20:00:00,1.330149,1.331056,1.330096,1.331003,50
2024-09-20 21:00:00,1.331003,1.331385,1.330784,1.331166,50
2024-09-20 22:00:00,1.331166,1.331384,1.330364,1.330582,50
2024-09-20 23:00:00,1.330582,1.330798,1.330279,1.330495,50
2024-09-23 00:00:00,1.330495,1.330869,1.329540,1.329914,50
2024-09-23 01:00:00,1.329914,1.330644,1.329829,1.330560,50
2024-09-23 02:00:00,1.330560,1.331199,1.330555,1.331194,50
2024-09-23 03:00:00,1.331194,1.332830,1.330896,1.332532,50
2024-09-23 04:00:00,1.332532,1.332876,1.331984,1.332328,50
2024-09-23 05:00:00,1.332328,1.333096,1.332148,1.332916,50
2024-09-23 06:00:00,1.332916,1.333056,1.332237,1.332377,50
2024-09-23 07:00:00,1.332377,1.334070,1.332114,1.333807,50
2024-09-23 08:00:00,1.333807,1.334887,1.333700,1.334781,50
2024-09-23 09:00:00,1.334781,1.335461,1.334644,1.335324,50
2024-09-23 10:00:00,1.335324,1.335557,1.335273,1.335506,50
2024-09-23 11:00:00,1.335506,1.335598,1.334907,1.334998,50
2024-09-23 12:00:00,1.334998,1.335615,1.334646,1.335263,50
2024-09-23 13:00:00,1.335263,1.335864,1.335047,1.335648,50
2024-09-23 14:00:00,1.335648,1.335657,1.335187,1.335196,50
2024-09-23 15:00:00,1.335196,1.336374,1.334860,1.336037,50
2024-09-23 16:00:00,1.336037,1.336167,1.334902,1.335032,50
2024-09-23 17:00:00,1.335032,1.335288,1.334081,1.334337,50
2024-09-23 18:00:00,1.334337,1.334710,1.333456,1.333829,50
2024-09-23 19:00:00,1.333829,1.334003,1.333180,1.333354,50
2024-09-23 20:00:00,1.333354,1.333806,1.333349,1.333801,50
2024-09-23 21:00:00,1.333801,1.334953,1.333782,1.334933,50
2024-09-23 22:00:00,1.334933,1.335073,1.334870,1.335009,50
2024-09-23 23:00:00,1.335009,1.335223,1.334900,1.335113,50
2024-09-24 00:00:00,1.335113,1.336841,1.334999,1.336727,50
2024-09-24 01:00:00,1.336727,1.336919,1.335589,1.335781,50
2024-09-24 02:00:00,1.335781,1.335781,1.335406,1.335406,50
2024-09-24 03:00:00,1.335406,1.335504,1.335023,1.335122,50
2024-09-24 04:00:00,1.335122,1.335665,1.334898,1.335441,50
2024-09-24 05:00:00,1.335441,1.335459,1.335285,1.335302,50
2024-09-24 06:00:00,1.335302,1.335517,1.335095,1.335310,50
2024-09-24 07:00:00,1.335310,1.335478,1.334458,1.334626,50
2024-09-24 08:00:00,1.334626,1.335025,1.334407,1.334805,50
2024-09-24 09:00:00,1.334805,1.334948,1.334214,1.334357,50
2024-09-24 10:00:00,1.334357,1.335057,1.334211,1.334911,50
2024-09-24 11:00:00,1.334911,1.335099,1.334440,1.334629,50
2024-09-24 12:00:00,1.334629,1.334639,1.334476,1.334487,50
2024-09-24 13:00:00,1.334487,1.334891,1.334430,1.334834,50
2024-09-24 14:00:00,1.334834,1.335961,1.334619,1.335745,50
2024-09-24 15:00:00,1.335745,1.336514,1.335526,1.336295,50
2024-09-24 16:00:00,1.336295,1.336607,1.336205,1.336517,50
2024-09-24 17:00:00,1.336517,1.336956,1.336413,1.336852,50
2024-09-24 18:00:00,1.336852,1.336867,1.336647,1.336662,50
2024-09-24 19:00:00,1.336662,1.337752,1.336450,1.337540,50
2024-09-24 20:00:00,1.337540,1.337832,1.337437,1.337729,50
2024-09-24 21:00:00,1.337729,1.338608,1.337490,1.338370,50
2024-09-24 22:00:00,1.338370,1.338529,1.338199,1.338358,50
2024-09-24 23:00:00,1.338358,1.338573,1.337399,1.337614,50
2024-09-25 00:00:00,1.337614,1.337642,1.334923,1.334951,50
2024-09-25 01:00:00,1.334951,1.334973,1.333937,1.333959,50
2024-09-25 02:00:00,1.333959,1.334255,1.332821,1.333118,50
2024-09-25 03:00:00,1.333118,1.334155,1.332882,1.333919,50
2024-09-25 04:00:00,1.333919,1.334907,1.333693,1.334681,50
2024-09-25 05:00:00,1.334681,1.334967,1.334563,1.334849,50
2024-09-25 06:00:00,1.334849,1.335547,1.334786,1.335485,50
2024-09-25 07:00:00,1.335485,1.335742,1.334592,1.334849,50
2024-09-25 08:00:00,1.334849,1.336722,1.334698,1.336571,50
2024-09-25 09:00:00,1.336571,1.336803,1.336135,1.336367,50
2024-09-25 10:00:00,1.336367,1.337014,1.336283,1.336930,50
2024-09-25 11:00:00,1.336930,1.337921,1.336853,1.337844,50
2024-09-25 12:00:00,1.337844,1.338591,1.337568,1.338315,50
2024-09-25 13:00:00,1.338315,1.338622,1.336583,1.336890,50
2024-09-25 14:00:00,1.336890,1.338548,1.336636,1.338295,50
2024-09-25 15:00:00,1.338295,1.338612,1.338047,1.338363,50
2024-09-25 16:00:00,1.338363,1.338593,1.337149,1.337379,50
2024-09-25 17:00:00,1.337379,1.337433,1.336275,1.336329,50
2024-09-25 18:00:00,1.336329,1.337499,1.336237,1.337407,50
2024-09-25 19:00:00,1.337407,1.337551,1.336009,1.336153,50
2024-09-25 20:00:00,1.336153,1.336404,1.335133,1.335384,50
2024-09-25 21:00:00,1.335384,1.335385,1.334572,1.334573,50
2024-09-25 22:00:00,1.334573,1.334708,1.334040,1.334176,50
2024-09-25 23:00:00,1.334176,1.334235,1.333808,1.333867,50
2024-09-26 00:00:00,1.333867,1.333869,1.333212,1.333214,50
2024-09-26 01:00:00,1.333214,1.334148,1.332926,1.333860,50
2024-09-26 02:00:00,1.333860,1.339525,1.333479,1.339143,50
2024-09-26 03:00:00,1.339143,1.339883,1.335994,1.336733,50
2024-09-26 04:00:00,1.336733,1.336791,1.333711,1.333769,50
2024-09-26 05:00:00,1.333769,1.338803,1.333621,1.338656,50
2024-09-26 06:00:00,1.338656,1.344841,1.338428,1.344614,50
2024-09-26 07:00:00,1.344614,1.345078,1.341095,1.341559,50
2024-09-26 08:00:00,1.341559,1.341576,1.338945,1.338961,50
2024-09-26 09:00:00,1.338961,1.339142,1.337904,1.338085,50
2024-09-26 10:00:00,1.338085,1.338097,1.332064,1.332076,50
2024-09-26 11:00:00,1.332076,1.334704,1.331425,1.334054,50
2024-09-26 12:00:00,1.334054,1.334769,1.333254,1.333970,50
2024-09-26 13:00:00,1.333970,1.336565,1.333288,1.335883,50
2024-09-26 14:00:00,1.335883,1.336620,1.334504,1.335242,50
2024-09-26 15:00:00,1.335242,1.335709,1.333854,1.334322,50
2024-09-26 16:00:00,1.334322,1.334328,1.333008,1.333015,50
2024-09-26 17:00:00,1.333015,1.341509,1.332881,1.341375,50
2024-09-26 18:00:00,1.341375,1.341947,1.337602,1.338174,50
2024-09-26 19:00:00,1.338174,1.342204,1.337896,1.341926,50
2024-09-26 20:00:00,1.341926,1.342141,1.340239,1.340454,50
2024-09-26 21:00:00,1.340454,1.341756,1.340421,1.341723,50
2024-09-26 22:00:00,1.341723,1.341750,1.338693,1.338720,50
2024-09-26 23:00:00,1.338720,1.342925,1.338617,1.342823,50
2024-09-27 00:00:00,1.342823,1.342976,1.341550,1.341704,50
2024-09-27 01:00:00,1.341704,1.342374,1.341616,1.342286,50
2024-09-27 02:00:00,1.342286,1.343513,1.342200,1.343426,50
2024-09-27 03:00:00,1.343426,1.343437,1.343228,1.343238,50
2024-09-27 04:00:00,1.343238,1.343341,1.342233,1.342336,50
2024-09-27 05:00:00,1.342336,1.343772,1.342070,1.343506,50
2024-09-27 06:00:00,1.343506,1.343572,1.342828,1.342894,50
2024-09-27 07:00:00,1.342894,1.343481,1.342740,1.343327,50
2024-09-27 08:00:00,1.343327,1.343388,1.343227,1.343288,50
2024-09-27 09:00:00,1.343288,1.343550,1.341217,1.341479,50
2024-09-27 10:00:00,1.341479,1.342198,1.341217,1.341935,50
2024-09-27 11:00:00,1.341935,1.342180,1.340906,1.341151,50
2024-09-27 12:00:00,1.341151,1.341248,1.340142,1.340240,50
2024-09-27 13:00:00,1.340240,1.340805,1.339967,1.340532,50
2024-09-27 14:00:00,1.340532,1.341064,1.340290,1.340823,50
2024-09-27 15:00:00,1.340823,1.341066,1.340527,1.340771,50
2024-09-27 16:00:00,1.340771,1.340977,1.339784,1.339990,50
2024-09-27 17:00:00,1.339990,1.340050,1.338661,1.338722,50
2024-09-27 18:00:00,1.338722,1.339009,1.338701,1.338987,50
2024-09-27 19:00:00,1.338987,1.339350,1.338866,1.339228,50
2024-09-27 20:00:00,1.339228,1.340626,1.338944,1.340342,50
2024-09-27 21:00:00,1.340342,1.342210,1.340091,1.341960,50
2024-09-27 22:00:00,1.341960,1.343029,1.341684,1.342753,50
2024-09-27 23:00:00,1.342753,1.342772,1.339387,1.339405,50
2024-09-30 00:00:00,1.339405,1.339530,1.338224,1.338348,50
2024-09-30 01:00:00,1.338348,1.338585,1.338119,1.338356,50
2024-09-30 02:00:00,1.338356,1.338596,1.338307,1.338547,50
2024-09-30 03:00:00,1.338547,1.338766,1.337957,1.338175,50
2024-09-30 04:00:00,1.338175,1.338362,1.337652,1.337838,50
2024-09-30 05:00:00,1.337838,1.338035,1.337468,1.337665,50
2024-09-30 06:00:00,1.337665,1.338139,1.337498,1.337972,50
2024-09-30 07:00:00,1.337972,1.338607,1.337822,1.338457,50
2024-09-30 08:00:00,1.338457,1.338544,1.338400,1.338487,50
2024-09-30 09:00:00,1.338487,1.339233,1.338361,1.339107,50
2024-09-30 10:00:00,1.339107,1.339418,1.338890,1.339201,50
2024-09-30 11:00:00,1.339201,1.339868,1.339119,1.339787,50
2024-09-30 12:00:00,1.339787,1.340608,1.339698,1.340518,50
2024-09-30 13:00:00,1.340518,1.341082,1.340295,1.340858,50
2024-09-30 14:00:00,1.340858,1.341080,1.340431,1.340654,50
2024-09-30 15:00:00,1.340654,1.340969,1.340628,1.340943,50
2024-09-30 16:00:00,1.340943,1.341296,1.340745,1.341099,50
2024-09-30 17:00:00,1.341099,1.341377,1.340892,1.341170,50
2024-09-30 18:00:00,1.341170,1.341916,1.340939,1.341684,50
2024-09-30 19:00:00,1.341684,1.341829,1.341098,1.341243,50
2024-09-30 20:00:00,1.341243,1.341419,1.340550,1.340726,50
2024-09-30 21:00:00,1.340726,1.340909,1.340237,1.340420,50
2024-09-30 22:00:00,1.340420,1.340663,1.340407,1.340650,50
2024-09-30 23:00:00,1.340650,1.340727,1.339867,1.339944,50
2024-10-01 00:00:00,1.339944,1.340839,1.337679,1.338575,50
2024-10-01 01:00:00,1.338575,1.342322,1.338330,1.342077,50
2024-10-01 02:00:00,1.342077,1.343013,1.337680,1.338616,50
2024-10-01 03:00:00,1.338616,1.342860,1.338049,1.342293,50
2024-10-01 04:00:00,1.342293,1.343161,1.338447,1.339315,50
2024-10-01 05:00:00,1.339315,1.340246,1.337795,1.338726,50
2024-10-01 06:00:00,1.338726,1.339626,1.337128,1.338029,50
2024-10-01 07:00:00,1.338029,1.338319,1.336644,1.336934,50
2024-10-01 08:00:00,1.336934,1.337827,1.333779,1.334672,50
2024-10-01 09:00:00,1.334672,1.335644,1.331747,1.332719,50
2024-10-01 10:00:00,1.332719,1.333065,1.331160,1.331506,50
2024-10-01 11:00:00,1.331506,1.332871,1.331327,1.332693,50
2024-10-01 12:00:00,1.332693,1.340538,1.332383,1.340228,50
2024-10-01 13:00:00,1.340228,1.341186,1.338936,1.339895,50
2024-10-01 14:00:00,1.339895,1.339981,1.338076,1.338162,50
2024-10-01 15:00:00,1.338162,1.338566,1.337903,1.338307,50
2024-10-01 16:00:00,1.338307,1.338993,1.337556,1.338243,50
2024-10-01 17:00:00,1.338243,1.338743,1.334159,1.334660,50
2024-10-01 18:00:00,1.334660,1.335004,1.330707,1.331051,50
2024-10-01 19:00:00,1.331051,1.331831,1.328805,1.329584,50
2024-10-01 20:00:00,1.329584,1.329830,1.328673,1.328919,50
2024-10-01 21:00:00,1.328919,1.328979,1.325789,1.325848,50
2024-10-01 22:00:00,1.325848,1.328282,1.325252,1.327686,50
2024-10-01 23:00:00,1.327686,1.328207,1.327676,1.328198,50
2024-10-02 00:00:00,1.328198,1.328422,1.327513,1.327738,50
2024-10-02 01:00:00,1.327738,1.328842,1.327578,1.328683,50
2024-10-02 02:00:00,1.328683,1.328857,1.327648,1.327822,50
2024-10-02 03:00:00,1.327822,1.328171,1.327620,1.327970,50
2024-10-02 04:00:00,1.327970,1.328171,1.327829,1.328030,50
2024-10-02 05:00:00,1.328030,1.328263,1.326573,1.326806,50
2024-10-02 06:00:00,1.326806,1.327650,1.326663,1.327506,50
2024-10-02 07:00:00,1.327506,1.328285,1.327356,1.328135,50
2024-10-02 08:00:00,1.328135,1.329714,1.328081,1.329660,50
2024-10-02 09:00:00,1.329660,1.329840,1.329439,1.329619,50
2024-10-02 10:00:00,1.329619,1.329727,1.326643,1.326751,50
2024-10-02 11:00:00,1.326751,1.327499,1.326665,1.327413,50
2024-10-02 12:00:00,1.327413,1.328204,1.327237,1.328028,50
2024-10-02 13:00:00,1.328028,1.328815,1.327824,1.328611,50
2024-10-02 14:00:00,1.328611,1.328639,1.327463,1.327491,50
2024-10-02 15:00:00,1.327491,1.328032,1.327468,1.328009,50
2024-10-02 16:00:00,1.328009,1.329338,1.327954,1.329283,50
2024-10-02 17:00:00,1.329283,1.329433,1.328559,1.328709,50
2024-10-02 18:00:00,1.328709,1.328918,1.327987,1.328195,50
2024-10-02 19:00:00,1.328195,1.328346,1.327335,1.327485,50
2024-10-02 20:00:00,1.327485,1.327527,1.327397,1.327439,50
2024-10-02 21:00:00,1.327439,1.327630,1.326892,1.327084,50
2024-10-02 22:00:00,1.327084,1.327310,1.325631,1.325857,50
2024-10-02 23:00:00,1.325857,1.327166,1.325831,1.327140,50
2024-10-03 00:00:00,1.327140,1.328160,1.323771,1.324791,50
2024-10-03 01:00:00,1.324791,1.325741,1.319048,1.319998,50
2024-10-03 02:00:00,1.319998,1.321244,1.313140,1.314385,50
2024-10-03 03:00:00,1.314385,1.314587,1.308141,1.308342,50
2024-10-03 04:00:00,1.308342,1.319807,1.307904,1.319368,50
2024-10-03 05:00:00,1.319368,1.321294,1.318865,1.320791,50
2024-10-03 06:00:00,1.320791,1.321849,1.317622,1.318681,50
2024-10-03 07:00:00,1.318681,1.319301,1.315452,1.316072,50
2024-10-03 08:00:00,1.316072,1.316419,1.315032,1.315379,50
2024-10-03 09:00:00,1.315379,1.320193,1.314651,1.319465,50
2024-10-03 10:00:00,1.319465,1.322116,1.318614,1.321265,50
2024-10-03 11:00:00,1.321265,1.321842,1.318464,1.319042,50
2024-10-03 12:00:00,1.319042,1.319396,1.315355,1.315710,50
2024-10-03 13:00:00,1.315710,1.318770,1.315157,1.318218,50
2024-10-03 14:00:00,1.318218,1.319270,1.312746,1.313799,50
2024-10-03 15:00:00,1.313799,1.314449,1.312190,1.312840,50
2024-10-03 16:00:00,1.312840,1.313689,1.308490,1.309338,50
2024-10-03 17:00:00,1.309338,1.313041,1.308063,1.311767,50
2024-10-03 18:00:00,1.311767,1.311898,1.309150,1.309281,50
2024-10-03 19:00:00,1.309281,1.312460,1.308827,1.312006,50
2024-10-03 20:00:00,1.312006,1.316040,1.311103,1.315137,50
2024-10-03 21:00:00,1.315137,1.320024,1.315023,1.319910,50
2024-10-03 22:00:00,1.319910,1.330685,1.319498,1.330273,50
2024-10-03 23:00:00,1.330273,1.331167,1.310582,1.311475,50
2024-10-04 00:00:00,1.311475,1.312987,1.311277,1.312789,50
2024-10-04 01:00:00,1.312789,1.312905,1.312162,1.312278,50
2024-10-04 02:00:00,1.312278,1.312505,1.309878,1.310105,50
2024-10-04 03:00:00,1.310105,1.310203,1.309523,1.309621,50
2024-10-04 04:00:00,1.309621,1.310070,1.309528,1.309977,50
2024-10-04 05:00:00,1.309977,1.311247,1.309888,1.311157,50
2024-10-04 06:00:00,1.311157,1.311200,1.310445,1.310488,50
2024-10-04 07:00:00,1.310488,1.310558,1.309948,1.310018,50
2024-10-04 08:00:00,1.310018,1.310137,1.309938,1.310058,50
2024-10-04 09:00:00,1.310058,1.310181,1.309370,1.309494,50
2024-10-04 10:00:00,1.309494,1.310094,1.309468,1.310068,50
2024-10-04 11:00:00,1.310068,1.311496,1.309991,1.311419,50
2024-10-04 12:00:00,1.311419,1.312168,1.311297,1.312046,50
2024-10-04 13:00:00,1.312046,1.312070,1.309786,1.309810,50
2024-10-04 14:00:00,1.309810,1.309924,1.309189,1.309302,50
2024-10-04 15:00:00,1.309302,1.309363,1.309019,1.309080,50
2024-10-04 16:00:00,1.309080,1.309450,1.308980,1.309349,50
2024-10-04 17:00:00,1.309349,1.310032,1.309304,1.309986,50
2024-10-04 18:00:00,1.309986,1.311312,1.309881,1.311207,50
2024-10-04 19:00:00,1.311207,1.311743,1.311074,1.311611,50
2024-10-04 20:00:00,1.311611,1.312198,1.311417,1.312004,50
2024-10-04 21:00:00,1.312004,1.312159,1.309862,1.310017,50
2024-10-04 22:00:00,1.310017,1.310042,1.309115,1.309139,50
2024-10-04 23:00:00,1.309139,1.310634,1.309121,1.310616,50
2024-10-07 00:00:00,1.310616,1.310780,1.309971,1.310135,50
2024-10-07 01:00:00,1.310135,1.310326,1.309072,1.309264,50
2024-10-07 02:00:00,1.309264,1.310470,1.309088,1.310294,50
2024-10-07 03:00:00,1.310294,1.311419,1.310167,1.311292,50
2024-10-07 04:00:00,1.311292,1.311336,1.310342,1.310386,50
2024-10-07 05:00:00,1.310386,1.310621,1.309120,1.309356,50
2024-10-07 06:00:00,1.309356,1.309870,1.309304,1.309818,50
2024-10-07 07:00:00,1.309818,1.309926,1.309516,1.309624,50
2024-10-07 08:00:00,1.309624,1.309716,1.309089,1.309181,50
2024-10-07 09:00:00,1.309181,1.309398,1.308617,1.308835,50
2024-10-07 10:00:00,1.308835,1.309410,1.308741,1.309316,50
2024-10-07 11:00:00,1.309316,1.309506,1.308310,1.308500,50
2024-10-07 12:00:00,1.308500,1.309141,1.308449,1.309090,50
2024-10-07 13:00:00,1.309090,1.309206,1.308601,1.308717,50
2024-10-07 14:00:00,1.308717,1.308904,1.307445,1.307632,50
2024-10-07 15:00:00,1.307632,1.308180,1.307598,1.308146,50
2024-10-07 16:00:00,1.308146,1.308682,1.307915,1.308452,50
2024-10-07 17:00:00,1.308452,1.308665,1.307764,1.307977,50
2024-10-07 18:00:00,1.307977,1.308159,1.307830,1.308012,50
2024-10-07 19:00:00,1.308012,1.308139,1.307241,1.307368,50
2024-10-07 20:00:00,1.307368,1.307770,1.307217,1.307619,50
2024-10-07 21:00:00,1.307619,1.308212,1.307519,1.308112,50
2024-10-07 22:00:00,1.308112,1.309060,1.307908,1.308856,50
2024-10-07 23:00:00,1.308856,1.309014,1.307886,1.308044,50
2024-10-08 00:00:00,1.308044,1.308068,1.306657,1.306680,50
2024-10-08 01:00:00,1.306680,1.309417,1.306521,1.309258,50
2024-10-08 02:00:00,1.309258,1.309900,1.309081,1.309722,50
2024-10-08 03:00:00,1.309722,1.309800,1.308838,1.308917,50
2024-10-08 04:00:00,1.308917,1.308927,1.308592,1.308602,50
2024-10-08 05:00:00,1.308602,1.310061,1.308598,1.310057,50
2024-10-08 06:00:00,1.310057,1.310564,1.309882,1.310388,50
2024-10-08 07:00:00,1.310388,1.310839,1.310157,1.310608,50
2024-10-08 08:00:00,1.310608,1.310754,1.308818,1.308964,50
2024-10-08 09:00:00,1.308964,1.309138,1.308774,1.308948,50
2024-10-08 10:00:00,1.308948,1.309120,1.308569,1.308740,50
2024-10-08 11:00:00,1.308740,1.309181,1.308737,1.309178,50
2024-10-08 12:00:00,1.309178,1.309330,1.308834,1.308987,50
2024-10-08 13:00:00,1.308987,1.309081,1.308068,1.308163,50
2024-10-08 14:00:00,1.308163,1.308367,1.308128,1.308332,50
2024-10-08 15:00:00,1.308332,1.308551,1.307866,1.308085,50
2024-10-08 16:00:00,1.308085,1.308152,1.307619,1.307687,50
2024-10-08 17:00:00,1.307687,1.307698,1.307167,1.307178,50
2024-10-08 18:00:00,1.307178,1.308233,1.307059,1.308113,50
2024-10-08 19:00:00,1.308113,1.308582,1.307935,1.308403,50
2024-10-08 20:00:00,1.308403,1.308498,1.307814,1.307908,50
2024-10-08 21:00:00,1.307908,1.308106,1.306560,1.306758,50
2024-10-08 22:00:00,1.306758,1.306957,1.306613,1.306812,50
2024-10-08 23:00:00,1.306812,1.309321,1.306735,1.309243,50
2024-10-09 00:00:00,1.309243,1.309259,1.308618,1.308634,50
2024-10-09 01:00:00,1.308634,1.308682,1.308454,1.308502,50
2024-10-09 02:00:00,1.308502,1.308631,1.308362,1.308491,50
2024-10-09 03:00:00,1.308491,1.308574,1.307588,1.307671,50
2024-10-09 04:00:00,1.307671,1.308697,1.307493,1.308518,50
2024-10-09 05:00:00,1.308518,1.308598,1.307654,1.307734,50
2024-10-09 06:00:00,1.307734,1.307805,1.307042,1.307113,50
2024-10-09 07:00:00,1.307113,1.307454,1.307013,1.307355,50
2024-10-09 08:00:00,1.307355,1.307536,1.306955,1.307136,50
2024-10-09 09:00:00,1.307136,1.307685,1.306978,1.307527,50
2024-10-09 10:00:00,1.307527,1.308438,1.307431,1.308342,50
2024-10-09 11:00:00,1.308342,1.309234,1.308143,1.309035,50
2024-10-09 12:00:00,1.309035,1.309981,1.309012,1.309958,50
2024-10-09 13:00:00,1.309958,1.310014,1.309602,1.309659,50
2024-10-09 14:00:00,1.309659,1.310624,1.309640,1.310606,50
2024-10-09 15:00:00,1.310606,1.310640,1.309433,1.309467,50
2024-10-09 16:00:00,1.309467,1.309630,1.308240,1.308402,50
2024-10-09 17:00:00,1.308402,1.308584,1.306613,1.306795,50
2024-10-09 18:00:00,1.306795,1.307699,1.306780,1.307684,50
2024-10-09 19:00:00,1.307684,1.307782,1.306983,1.307081,50
2024-10-09 20:00:00,1.307081,1.307797,1.306940,1.307656,50
2024-10-09 21:00:00,1.307656,1.308000,1.307503,1.307847,50
2024-10-09 22:00:00,1.307847,1.307938,1.307666,1.307757,50
2024-10-09 23:00:00,1.307757,1.308213,1.307589,1.308044,50
2024-10-10 00:00:00,1.308044,1.308133,1.307608,1.307696,50
2024-10-10 01:00:00,1.307696,1.308740,1.307560,1.308603,50
2024-10-10 02:00:00,1.308603,1.308648,1.307455,1.307500,50
2024-10-10 03:00:00,1.307500,1.307709,1.307294,1.307502,50
2024-10-10 04:00:00,1.307502,1.307589,1.307361,1.307447,50
2024-10-10 05:00:00,1.307447,1.307904,1.307405,1.307862,50
2024-10-10 06:00:00,1.307862,1.307990,1.307696,1.307823,50
2024-10-10 07:00:00,1.307823,1.307933,1.307413,1.307523,50
2024-10-10 08:00:00,1.307523,1.307610,1.306821,1.306909,50
2024-10-10 09:00:00,1.306909,1.307230,1.306895,1.307216,50
2024-10-10 10:00:00,1.307216,1.308793,1.307059,1.308637,50
2024-10-10 11:00:00,1.308637,1.308765,1.308433,1.308560,50
2024-10-10 12:00:00,1.308560,1.308622,1.308371,1.308432,50
2024-10-10 13:00:00,1.308432,1.308478,1.306099,1.306145,50
2024-10-10 14:00:00,1.306145,1.306196,1.304670,1.304721,50
2024-10-10 15:00:00,1.304721,1.305372,1.304575,1.305227,50
2024-10-10 16:00:00,1.305227,1.305428,1.304716,1.304916,50
2024-10-10 17:00:00,1.304916,1.305831,1.304761,1.305675,50
2024-10-10 18:00:00,1.305675,1.306711,1.305644,1.306679,50
2024-10-10 19:00:00,1.306679,1.306762,1.305949,1.306032,50
2024-10-10 20:00:00,1.306032,1.306439,1.305811,1.306218,50
2024-10-10 21:00:00,1.306218,1.306358,1.305772,1.305912,50
2024-10-10 22:00:00,1.305912,1.306114,1.305792,1.305994,50
2024-10-10 23:00:00,1.305994,1.306086,1.305220,1.305313,50
2024-10-11 00:00:00,1.305313,1.305392,1.304126,1.304205,50
2024-10-11 01:00:00,1.304205,1.305511,1.304162,1.305468,50
2024-10-11 02:00:00,1.305468,1.305854,1.305450,1.305835,50
2024-10-11 03:00:00,1.305835,1.306033,1.305833,1.306031,50
2024-10-11 04:00:00,1.306031,1.306212,1.305831,1.306012,50
2024-10-11 05:00:00,1.306012,1.306746,1.305802,1.306537,50
2024-10-11 06:00:00,1.306537,1.306758,1.306159,1.306380,50
2024-10-11 07:00:00,1.306380,1.307018,1.306211,1.306848,50
2024-10-11 08:00:00,1.306848,1.307921,1.306640,1.307713,50
2024-10-11 09:00:00,1.307713,1.308267,1.307572,1.308126,50
2024-10-11 10:00:00,1.308126,1.308239,1.307532,1.307644,50
2024-10-11 11:00:00,1.307644,1.307867,1.307366,1.307589,50
2024-10-11 12:00:00,1.307589,1.308082,1.307459,1.307952,50
2024-10-11 13:00:00,1.307952,1.307994,1.307641,1.307682,50
2024-10-11 14:00:00,1.307682,1.307817,1.307368,1.307503,50
2024-10-11 15:00:00,1.307503,1.307808,1.307297,1.307603,50
2024-10-11 16:00:00,1.307603,1.308220,1.307425,1.308043,50
2024-10-11 17:00:00,1.308043,1.308167,1.307770,1.307894,50
2024-10-11 18:00:00,1.307894,1.308067,1.307541,1.307714,50
2024-10-11 19:00:00,1.307714,1.307779,1.307448,1.307513,50
2024-10-11 20:00:00,1.307513,1.307673,1.306953,1.307113,50
2024-10-11 21:00:00,1.307113,1.307589,1.306969,1.307445,50
2024-10-11 22:00:00,1.307445,1.307460,1.306970,1.306984,50
2024-10-11 23:00:00,1.306984,1.307241,1.306762,1.307019,50
2024-10-15 00:00:00,1.307019,1.307046,1.306581,1.306608,50
2024-10-15 01:00:00,1.306608,1.307618,1.306490,1.307501,50
2024-10-15 02:00:00,1.307501,1.307536,1.307380,1.307415,50
2024-10-15 03:00:00,1.307415,1.307602,1.305734,1.305921,50
2024-10-15 04:00:00,1.305921,1.306335,1.305913,1.306327,50
2024-10-15 05:00:00,1.306327,1.306509,1.305472,1.305655,50
2024-10-15 06:00:00,1.305655,1.306028,1.305435,1.305808,50
2024-10-15 07:00:00,1.305808,1.306784,1.305585,1.306561,50
2024-10-15 08:00:00,1.306561,1.306671,1.305587,1.305696,50
2024-10-15 09:00:00,1.305696,1.306186,1.305506,1.305996,50
2024-10-15 10:00:00,1.305996,1.306152,1.305955,1.306111,50
2024-10-15 11:00:00,1.306111,1.306337,1.305767,1.305993,50
2024-10-15 12:00:00,1.305993,1.306222,1.305737,1.305967,50
2024-10-15 13:00:00,1.305967,1.306708,1.305798,1.306539,50
2024-10-15 14:00:00,1.306539,1.307960,1.306311,1.307732,50
2024-10-15 15:00:00,1.307732,1.307879,1.307252,1.307399,50
2024-10-15 16:00:00,1.307399,1.309618,1.307170,1.309389,50
2024-10-15 17:00:00,1.309389,1.309480,1.308876,1.308967,50
2024-10-15 18:00:00,1.308967,1.309599,1.308948,1.309579,50
2024-10-15 19:00:00,1.309579,1.309628,1.309050,1.309098,50
2024-10-15 20:00:00,1.309098,1.309302,1.308735,1.308939,50
2024-10-15 21:00:00,1.308939,1.309137,1.308620,1.308818,50
2024-10-15 22:00:00,1.308818,1.308909,1.307935,1.308026,50
2024-10-15 23:00:00,1.308026,1.308384,1.307858,1.308216,50
2024-10-16 00:00:00,1.308216,1.308335,1.307218,1.307337,50
2024-10-16 01:00:00,1.307337,1.307744,1.306978,1.307385,50
2024-10-16 02:00:00,1.307385,1.310463,1.306770,1.309848,50
2024-10-16 03:00:00,1.309848,1.310254,1.306135,1.306541,50
2024-10-16 04:00:00,1.306541,1.307291,1.306236,1.306987,50
2024-10-16 05:00:00,1.306987,1.308368,1.306917,1.308299,50
2024-10-16 06:00:00,1.308299,1.308385,1.304803,1.304889,50
2024-10-16 07:00:00,1.304889,1.308012,1.304719,1.307842,50
2024-10-16 08:00:00,1.307842,1.308497,1.304031,1.304686,50
2024-10-16 09:00:00,1.304686,1.305203,1.303340,1.303857,50
2024-10-16 10:00:00,1.303857,1.304634,1.303741,1.304517,50
2024-10-16 11:00:00,1.304517,1.304550,1.303857,1.303890,50
2024-10-16 12:00:00,1.303890,1.305927,1.303223,1.305260,50
2024-10-16 13:00:00,1.305260,1.305923,1.301640,1.302303,50
2024-10-16 14:00:00,1.302303,1.302667,1.300390,1.300755,50
2024-10-16 15:00:00,1.300755,1.300942,1.299316,1.299503,50
2024-10-16 16:00:00,1.299503,1.300495,1.299136,1.300128,50
2024-10-16 17:00:00,1.300128,1.302267,1.299513,1.301653,50
2024-10-16 18:00:00,1.301653,1.301826,1.299405,1.299577,50
2024-10-16 19:00:00,1.299577,1.302204,1.299039,1.301666,50
2024-10-16 20:00:00,1.301666,1.302433,1.301326,1.302093,50
2024-10-16 21:00:00,1.302093,1.302929,1.301717,1.302553,50
2024-10-16 22:00:00,1.302553,1.303196,1.299088,1.299731,50
2024-10-16 23:00:00,1.299731,1.300060,1.299723,1.300052,50
2024-10-17 00:00:00,1.300052,1.300219,1.299085,1.299251,50
2024-10-17 01:00:00,1.299251,1.299457,1.298760,1.298966,50
2024-10-17 02:00:00,1.298966,1.298997,1.298827,1.298859,50
2024-10-17 03:00:00,1.298859,1.299052,1.298385,1.298579,50
2024-10-17 04:00:00,1.298579,1.298792,1.298312,1.298525,50
2024-10-17 05:00:00,1.298525,1.298584,1.298508,1.298567,50
2024-10-17 06:00:00,1.298567,1.298619,1.298387,1.298439,50
2024-10-17 07:00:00,1.298439,1.299087,1.298315,1.298963,50
2024-10-17 08:00:00,1.298963,1.299064,1.298772,1.298872,50
2024-10-17 09:00:00,1.298872,1.299081,1.298647,1.298856,50
2024-10-17 10:00:00,1.298856,1.299566,1.298840,1.299551,50
2024-10-17 11:00:00,1.299551,1.299816,1.299547,1.299812,50
2024-10-17 12:00:00,1.299812,1.300504,1.299613,1.300304,50
2024-10-17 13:00:00,1.300304,1.300467,1.299872,1.300035,50
2024-10-17 14:00:00,1.300035,1.300147,1.299400,1.299512,50
2024-10-17 15:00:00,1.299512,1.300496,1.299443,1.300427,50
2024-10-17 16:00:00,1.300427,1.300762,1.300301,1.300636,50
2024-10-17 17:00:00,1.300636,1.301109,1.300426,1.300899,50
2024-10-17 18:00:00,1.300899,1.301072,1.300717,1.300891,50
2024-10-17 19:00:00,1.300891,1.301473,1.300778,1.301360,50
2024-10-17 20:00:00,1.301360,1.302044,1.301326,1.302011,50
2024-10-17 21:00:00,1.302011,1.302090,1.301822,1.301901,50
2024-10-17 22:00:00,1.301901,1.302450,1.301792,1.302341,50
2024-10-17 23:00:00,1.302341,1.302514,1.300556,1.300728,50
2024-10-18 00:00:00,1.300728,1.300886,1.299935,1.300092,50
2024-10-18 01:00:00,1.300092,1.300131,1.299922,1.299960,50
2024-10-18 02:00:00,1.299960,1.300010,1.299660,1.299709,50
2024-10-18 03:00:00,1.299709,1.300614,1.299493,1.300398,50
2024-10-18 04:00:00,1.300398,1.300619,1.300086,1.300307,50
2024-10-18 05:00:00,1.300307,1.300324,1.300056,1.300072,50
2024-10-18 06:00:00,1.300072,1.300113,1.300049,1.300090,50
2024-10-18 07:00:00,1.300090,1.300853,1.299996,1.300759,50
2024-10-18 08:00:00,1.300759,1.301719,1.300718,1.301679,50
2024-10-18 09:00:00,1.301679,1.302666,1.301506,1.302494,50
2024-10-18 10:00:00,1.302494,1.302871,1.302471,1.302849,50
2024-10-18 11:00:00,1.302849,1.303014,1.302790,1.302955,50
2024-10-18 12:00:00,1.302955,1.303168,1.302796,1.303010,50
2024-10-18 13:00:00,1.303010,1.303113,1.302807,1.302910,50
2024-10-18 14:00:00,1.302910,1.303064,1.302602,1.302756,50
2024-10-18 15:00:00,1.302756,1.303242,1.302690,1.303177,50
2024-10-18 16:00:00,1.303177,1.303628,1.302971,1.303422,50
2024-10-18 17:00:00,1.303422,1.303611,1.303255,1.303444,50
2024-10-18 18:00:00,1.303444,1.303548,1.302939,1.303043,50
2024-10-18 19:00:00,1.303043,1.303412,1.302889,1.303258,50
2024-10-18 20:00:00,1.303258,1.303401,1.302452,1.302595,50
2024-10-18 21:00:00,1.302595,1.302708,1.302235,1.302348,50
2024-10-18 22:00:00,1.302348,1.302577,1.302107,1.302336,50
2024-10-18 23:00:00,1.302336,1.302522,1.302066,1.302253,50
2024-10-21 00:00:00,1.302253,1.302557,1.301788,1.302092,50
2024-10-21 01:00:00,1.302092,1.302368,1.300441,1.300716,50
2024-10-21 02:00:00,1.300716,1.301330,1.300365,1.300978,50
2024-10-21 03:00:00,1.300978,1.301241,1.299367,1.299631,50
2024-10-21 04:00:00,1.299631,1.300194,1.299495,1.300058,50
2024-10-21 05:00:00,1.300058,1.300341,1.298265,1.298548,50
2024-10-21 06:00:00,1.298548,1.299031,1.298256,1.298739,50
2024-10-21 07:00:00,1.298739,1.299096,1.298629,1.298985,50
2024-10-21 08:00:00,1.298985,1.299072,1.297258,1.297346,50
2024-10-21 09:00:00,1.297346,1.297842,1.297280,1.297776,50
2024-10-21 10:00:00,1.297776,1.298701,1.297750,1.298676,50
2024-10-21 11:00:00,1.298676,1.298935,1.297800,1.298059,50
2024-10-21 12:00:00,1.298059,1.298670,1.297705,1.298316,50
2024-10-21 13:00:00,1.298316,1.300039,1.298030,1.299753,50
2024-10-21 14:00:00,1.299753,1.299959,1.298288,1.298494,50
2024-10-21 15:00:00,1.298494,1.300758,1.298172,1.300436,50
2024-10-21 16:00:00,1.300436,1.300579,1.299684,1.299827,50
2024-10-21 17:00:00,1.299827,1.300233,1.299694,1.300101,50
2024-10-21 18:00:00,1.300101,1.300103,1.299388,1.299391,50
2024-10-21 19:00:00,1.299391,1.299451,1.299241,1.299301,50
2024-10-21 20:00:00,1.299301,1.299542,1.298716,1.298957,50
2024-10-21 21:00:00,1.298957,1.299106,1.297354,1.297502,50
2024-10-21 22:00:00,1.297502,1.297846,1.296838,1.297182,50
2024-10-21 23:00:00,1.297182,1.298031,1.297178,1.298027,50
2024-10-22 00:00:00,1.298027,1.298216,1.296077,1.296266,50
2024-10-22 01:00:00,1.296266,1.297376,1.296159,1.297268,50
2024-10-22 02:00:00,1.297268,1.298146,1.297056,1.297934,50
2024-10-22 03:00:00,1.297934,1.297956,1.297313,1.297335,50
2024-10-22 04:00:00,1.297335,1.297530,1.297219,1.297414,50
2024-10-22 05:00:00,1.297414,1.297442,1.296758,1.296785,50
2024-10-22 06:00:00,1.296785,1.298292,1.296606,1.298113,50
2024-10-22 07:00:00,1.298113,1.298525,1.297911,1.298323,50
2024-10-22 08:00:00,1.298323,1.298444,1.297948,1.298070,50
2024-10-22 09:00:00,1.298070,1.299122,1.297894,1.298946,50
2024-10-22 10:00:00,1.298946,1.298955,1.298475,1.298484,50
2024-10-22 11:00:00,1.298484,1.298652,1.298443,1.298611,50
2024-10-22 12:00:00,1.298611,1.298632,1.297046,1.297067,50
2024-10-22 13:00:00,1.297067,1.297211,1.296965,1.297109,50
2024-10-22 14:00:00,1.297109,1.297258,1.296680,1.296828,50
2024-10-22 15:00:00,1.296828,1.297391,1.296619,1.297182,50
2024-10-22 16:00:00,1.297182,1.298259,1.297099,1.298176,50
2024-10-22 17:00:00,1.298176,1.299254,1.298056,1.299134,50
2024-10-22 18:00:00,1.299134,1.299300,1.298076,1.298242,50
2024-10-22 19:00:00,1.298242,1.299444,1.298182,1.299383,50
2024-10-22 20:00:00,1.299383,1.299499,1.298138,1.298254,50
2024-10-22 21:00:00,1.298254,1.298322,1.297971,1.298038,50
2024-10-22 22:00:00,1.298038,1.298127,1.296570,1.296658,50
2024-10-22 23:00:00,1.296658,1.296987,1.296519,1.296849,50
2024-10-23 00:00:00,1.296849,1.297517,1.296758,1.297425,50
2024-10-23 01:00:00,1.297425,1.297475,1.297277,1.297327,50
2024-10-23 02:00:00,1.297327,1.297521,1.296441,1.296636,50
2024-10-23 03:00:00,1.296636,1.297039,1.296476,1.296879,50
2024-10-23 04:00:00,1.296879,1.296910,1.296819,1.296850,50
2024-10-23 05:00:00,1.296850,1.296892,1.296208,1.296250,50
2024-10-23 06:00:00,1.296250,1.296256,1.295394,1.295400,50
2024-10-23 07:00:00,1.295400,1.295859,1.295297,1.295756,50
2024-10-23 08:00:00,1.295756,1.295914,1.295130,1.295288,50
2024-10-23 09:00:00,1.295288,1.295794,1.295175,1.295681,50
2024-10-23 10:00:00,1.295681,1.296192,1.295635,1.296146,50
2024-10-23 11:00:00,1.296146,1.297672,1.296005,1.297531,50
2024-10-23 12:00:00,1.297531,1.297701,1.296528,1.296698,50
2024-10-23 13:00:00,1.296698,1.296702,1.295887,1.295891,50
2024-10-23 14:00:00,1.295891,1.295925,1.294494,1.294528,50
2024-10-23 15:00:00,1.294528,1.295533,1.294439,1.295444,50
2024-10-23 16:00:00,1.295444,1.295538,1.295083,1.295177,50
2024-10-23 17:00:00,1.295177,1.295302,1.294736,1.294861,50
2024-10-23 18:00:00,1.294861,1.294998,1.294162,1.294299,50
2024-10-23 19:00:00,1.294299,1.294712,1.294214,1.294627,50
2024-10-23 20:00:00,1.294627,1.294947,1.294489,1.294809,50
2024-10-23 21:00:00,1.294809,1.294925,1.293783,1.293899,50
2024-10-23 22:00:00,1.293899,1.294195,1.293885,1.294180,50
2024-10-23 23:00:00,1.294180,1.294368,1.294143,1.294331,50
2024-10-24 00:00:00,1.294331,1.294382,1.294014,1.294065,50
2024-10-24 01:00:00,1.294065,1.294431,1.293879,1.294245,50
2024-10-24 02:00:00,1.294245,1.294591,1.294117,1.294462,50
2024-10-24 03:00:00,1.294462,1.294589,1.294329,1.294455,50
2024-10-24 04:00:00,1.294455,1.294655,1.294385,1.294585,50
2024-10-24 05:00:00,1.294585,1.294647,1.294378,1.294441,50
2024-10-24 06:00:00,1.294441,1.294894,1.294283,1.294737,50
2024-10-24 07:00:00,1.294737,1.295090,1.294726,1.295079,50
2024-10-24 08:00:00,1.295079,1.295152,1.294481,1.294553,50
2024-10-24 09:00:00,1.294553,1.294977,1.294434,1.294857,50
2024-10-24 10:00:00,1.294857,1.295105,1.294655,1.294902,50
2024-10-24 11:00:00,1.294902,1.295355,1.294883,1.295336,50
2024-10-24 12:00:00,1.295336,1.296238,1.295314,1.296217,50
2024-10-24 13:00:00,1.296217,1.296703,1.296136,1.296622,50
2024-10-24 14:00:00,1.296622,1.297490,1.296414,1.297282,50
2024-10-24 15:00:00,1.297282,1.297305,1.296572,1.296595,50
2024-10-24 16:00:00,1.296595,1.296777,1.296012,1.296194,50
2024-10-24 17:00:00,1.296194,1.296525,1.295982,1.296313,50
2024-10-24 18:00:00,1.296313,1.296502,1.296180,1.296369,50
2024-10-24 19:00:00,1.296369,1.296715,1.296302,1.296649,50
2024-10-24 20:00:00,1.296649,1.296872,1.295665,1.295888,50
2024-10-24 21:00:00,1.295888,1.296260,1.295784,1.296155,50
2024-10-24 22:00:00,1.296155,1.296186,1.295442,1.295473,50
2024-10-24 23:00:00,1.295473,1.296551,1.295266,1.296344,50
2024-10-25 00:00:00,1.296344,1.296489,1.295601,1.295746,50
2024-10-25 01:00:00,1.295746,1.297947,1.295569,1.297770,50
2024-10-25 02:00:00,1.297770,1.298003,1.297396,1.297629,50
2024-10-25 03:00:00,1.297629,1.297677,1.297031,1.297079,50
2024-10-25 04:00:00,1.297079,1.297209,1.296118,1.296247,50
2024-10-25 05:00:00,1.296247,1.296286,1.295275,1.295314,50
2024-10-25 06:00:00,1.295314,1.296676,1.295303,1.296665,50
2024-10-25 07:00:00,1.296665,1.297241,1.296626,1.297201,50
2024-10-25 08:00:00,1.297201,1.297711,1.297128,1.297637,50
2024-10-25 09:00:00,1.297637,1.298491,1.297472,1.298326,50
2024-10-25 10:00:00,1.298326,1.299262,1.298112,1.299048,50
2024-10-25 11:00:00,1.299048,1.299137,1.297080,1.297169,50
2024-10-25 12:00:00,1.297169,1.297496,1.297004,1.297330,50
2024-10-25 13:00:00,1.297330,1.297522,1.297246,1.297437,50
2024-10-25 14:00:00,1.297437,1.297756,1.297384,1.297702,50
2024-10-25 15:00:00,1.297702,1.297753,1.297035,1.297086,50
2024-10-25 16:00:00,1.297086,1.297965,1.296879,1.297758,50
2024-10-25 17:00:00,1.297758,1.297810,1.297360,1.297411,50
2024-10-25 18:00:00,1.297411,1.297546,1.296723,1.296858,50
2024-10-25 19:00:00,1.296858,1.297074,1.296535,1.296752,50
2024-10-25 20:00:00,1.296752,1.297962,1.296657,1.297867,50
2024-10-25 21:00:00,1.297867,1.298027,1.297705,1.297865,50
2024-10-25 22:00:00,1.297865,1.299129,1.297658,1.298922,50
2024-10-25 23:00:00,1.298922,1.299020,1.297761,1.297859,50
2024-10-28 00:00:00,1.297859,1.297985,1.296253,1.296379,50
2024-10-28 01:00:00,1.296379,1.297414,1.296225,1.297260,50
2024-10-28 02:00:00,1.297260,1.297442,1.297010,1.297193,50
2024-10-28 03:00:00,1.297193,1.298174,1.296985,1.297966,50
2024-10-28 04:00:00,1.297966,1.298116,1.297727,1.297877,50
2024-10-28 05:00:00,1.297877,1.298435,1.297752,1.298309,50
2024-10-28 06:00:00,1.298309,1.298439,1.297139,1.297269,50
2024-10-28 07:00:00,1.297269,1.298647,1.297144,1.298522,50
2024-10-28 08:00:00,1.298522,1.299268,1.298416,1.299163,50
2024-10-28 09:00:00,1.299163,1.300047,1.299000,1.299884,50
2024-10-28 10:00:00,1.299884,1.299950,1.299151,1.299218,50
2024-10-28 11:00:00,1.299218,1.299224,1.298196,1.298202,50
2024-10-28 12:00:00,1.298202,1.298245,1.296641,1.296683,50
2024-10-28 13:00:00,1.296683,1.298244,1.296634,1.298195,50
2024-10-28 14:00:00,1.298195,1.298725,1.298157,1.298687,50
2024-10-28 15:00:00,1.298687,1.298735,1.298363,1.298412,50
2024-10-28 16:00:00,1.298412,1.298446,1.298073,1.298107,50
2024-10-28 17:00:00,1.298107,1.298975,1.298089,1.298957,50
2024-10-28 18:00:00,1.298957,1.300065,1.298782,1.299890,50
2024-10-28 19:00:00,1.299890,1.299990,1.299400,1.299501,50
2024-10-28 20:00:00,1.299501,1.299502,1.298378,1.298379,50
2024-10-28 21:00:00,1.298379,1.298439,1.297573,1.297633,50
2024-10-28 22:00:00,1.297633,1.297753,1.297035,1.297155,50
2024-10-28 23:00:00,1.297155,1.298052,1.297130,1.298027,50
2024-10-29 00:00:00,1.298027,1.300733,1.298007,1.300712,50
2024-10-29 01:00:00,1.300712,1.300729,1.300510,1.300527,50
2024-10-29 02:00:00,1.300527,1.300545,1.300471,1.300488,50
2024-10-29 03:00:00,1.300488,1.300555,1.299475,1.299541,50
2024-10-29 04:00:00,1.299541,1.299631,1.299339,1.299430,50
2024-10-29 05:00:00,1.299430,1.299488,1.298926,1.298984,50
2024-10-29 06:00:00,1.298984,1.299114,1.298686,1.298815,50
2024-10-29 07:00:00,1.298815,1.299187,1.298692,1.299065,50
2024-10-29 08:00:00,1.299065,1.300204,1.298897,1.300036,50
2024-10-29 09:00:00,1.300036,1.300656,1.299806,1.300425,50
2024-10-29 10:00:00,1.300425,1.300534,1.300397,1.300506,50
2024-10-29 11:00:00,1.300506,1.300589,1.300199,1.300282,50
2024-10-29 12:00:00,1.300282,1.300486,1.299152,1.299356,50
2024-10-29 13:00:00,1.299356,1.299382,1.298864,1.298890,50
2024-10-29 14:00:00,1.298890,1.299117,1.298887,1.299114,50
2024-10-29 15:00:00,1.299114,1.299296,1.298794,1.298976,50
2024-10-29 16:00:00,1.298976,1.299061,1.297751,1.297836,50
2024-10-29 17:00:00,1.297836,1.297853,1.297564,1.297580,50
2024-10-29 18:00:00,1.297580,1.297594,1.297329,1.297342,50
2024-10-29 19:00:00,1.297342,1.299250,1.297118,1.299026,50
2024-10-29 20:00:00,1.299026,1.299937,1.298870,1.299782,50
2024-10-29 21:00:00,1.299782,1.300494,1.299743,1.300455,50
2024-10-29 22:00:00,1.300455,1.301141,1.300231,1.300916,50
2024-10-29 23:00:00,1.300916,1.301040,1.300435,1.300559,50
2024-10-30 00:00:00,1.300559,1.300665,1.299712,1.299817,50
2024-10-30 01:00:00,1.299817,1.300037,1.299701,1.299921,50
2024-10-30 02:00:00,1.299921,1.300062,1.299374,1.299514,50
2024-10-30 03:00:00,1.299514,1.300255,1.299509,1.300250,50
2024-10-30 04:00:00,1.300250,1.301193,1.300053,1.300997,50
2024-10-30 05:00:00,1.300997,1.301195,1.300433,1.300631,50
2024-10-30 06:00:00,1.300631,1.301105,1.300450,1.300924,50
2024-10-30 07:00:00,1.300924,1.301559,1.300819,1.301455,50
2024-10-30 08:00:00,1.301455,1.302988,1.301278,1.302811,50
2024-10-30 09:00:00,1.302811,1.302972,1.302689,1.302850,50
2024-10-30 10:00:00,1.302850,1.302949,1.301912,1.302011,50
2024-10-30 11:00:00,1.302011,1.302242,1.301785,1.302016,50
2024-10-30 12:00:00,1.302016,1.302067,1.300688,1.300739,50
2024-10-30 13:00:00,1.300739,1.300778,1.300531,1.300570,50
2024-10-30 14:00:00,1.300570,1.301181,1.300459,1.301070,50
2024-10-30 15:00:00,1.301070,1.301089,1.300656,1.300675,50
2024-10-30 16:00:00,1.300675,1.300883,1.300657,1.300866,50
2024-10-30 17:00:00,1.300866,1.300948,1.300473,1.300555,50
2024-10-30 18:00:00,1.300555,1.301491,1.300348,1.301284,50
2024-10-30 19:00:00,1.301284,1.301437,1.300169,1.300321,50
2024-10-30 20:00:00,1.300321,1.300662,1.300284,1.300625,50
2024-10-30 21:00:00,1.300625,1.300863,1.300427,1.300665,50
2024-10-30 22:00:00,1.300665,1.301222,1.300444,1.301001,50
2024-10-30 23:00:00,1.301001,1.301435,1.300802,1.301236,50
2024-10-31 00:00:00,1.301236,1.304994,1.300468,1.304226,50
2024-10-31 01:00:00,1.304226,1.305046,1.303528,1.304348,50
2024-10-31 02:00:00,1.304348,1.305275,1.301002,1.301929,50
2024-10-31 03:00:00,1.301929,1.302110,1.299544,1.299724,50
2024-10-31 04:00:00,1.299724,1.300840,1.297080,1.298196,50
2024-10-31 05:00:00,1.298196,1.298709,1.296703,1.297216,50
2024-10-31 06:00:00,1.297216,1.297917,1.296596,1.297297,50
2024-10-31 07:00:00,1.297297,1.297619,1.296953,1.297275,50
2024-10-31 08:00:00,1.297275,1.298508,1.295062,1.296295,50
2024-10-31 09:00:00,1.296295,1.296798,1.292140,1.292643,50
2024-10-31 10:00:00,1.292643,1.293729,1.289657,1.290742,50
2024-10-31 11:00:00,1.290742,1.290769,1.285794,1.285821,50
2024-10-31 12:00:00,1.285821,1.286337,1.282829,1.283345,50
2024-10-31 13:00:00,1.283345,1.283488,1.282423,1.282566,50
2024-10-31 14:00:00,1.282566,1.285885,1.281262,1.284581,50
2024-10-31 15:00:00,1.284581,1.284705,1.283948,1.284072,50
2024-10-31 16:00:00,1.284072,1.286920,1.283005,1.285854,50
2024-10-31 17:00:00,1.285854,1.286418,1.282563,1.283126,50
2024-10-31 18:00:00,1.283126,1.283944,1.282730,1.283547,50
2024-10-31 19:00:00,1.283547,1.285289,1.282361,1.284103,50
2024-10-31 20:00:00,1.284103,1.286335,1.283283,1.285515,50
2024-10-31 21:00:00,1.285515,1.287220,1.284435,1.286140,50
2024-10-31 22:00:00,1.286140,1.288346,1.285434,1.287640,50
2024-10-31 23:00:00,1.287640,1.288534,1.284784,1.285678,50
2024-11-01 00:00:00,1.285678,1.285829,1.285398,1.285550,50
2024-11-01 01:00:00,1.285550,1.287571,1.285336,1.287357,50
2024-11-01 02:00:00,1.287357,1.288202,1.286953,1.287798,50
2024-11-01 03:00:00,1.287798,1.290268,1.286966,1.289437,50
2024-11-01 04:00:00,1.289437,1.289593,1.288227,1.288383,50
2024-11-01 05:00:00,1.288383,1.288502,1.286871,1.286990,50
2024-11-01 06:00:00,1.286990,1.287741,1.284950,1.285700,50
2024-11-01 07:00:00,1.285700,1.286012,1.284775,1.285087,50
2024-11-01 08:00:00,1.285087,1.285783,1.282949,1.283645,50
2024-11-01 09:00:00,1.283645,1.286950,1.283228,1.286532,50
2024-11-01 10:00:00,1.286532,1.289770,1.285751,1.288988,50
2024-11-01 11:00:00,1.288988,1.289694,1.288444,1.289150,50
2024-11-01 12:00:00,1.289150,1.292161,1.288498,1.291509,50
2024-11-01 13:00:00,1.291509,1.294155,1.290915,1.293560,50
2024-11-01 14:00:00,1.293560,1.294316,1.291733,1.292489,50
2024-11-01 15:00:00,1.292489,1.293801,1.292371,1.293683,50
2024-11-01 16:00:00,1.293683,1.294551,1.293314,1.294182,50
2024-11-01 17:00:00,1.294182,1.295866,1.294125,1.295809,50
2024-11-01 18:00:00,1.295809,1.296519,1.292228,1.292937,50
2024-11-01 19:00:00,1.292937,1.295449,1.292813,1.295325,50
2024-11-01 20:00:00,1.295325,1.297936,1.295262,1.297873,50
2024-11-01 21:00:00,1.297873,1.298576,1.296887,1.297590,50
2024-11-01 22:00:00,1.297590,1.297684,1.294101,1.294196,50
2024-11-01 23:00:00,1.294196,1.296094,1.293942,1.295840,50
2024-11-04 00:00:00,1.295840,1.296473,1.295776,1.296408,50
2024-11-04 01:00:00,1.296408,1.296593,1.295324,1.295509,50
2024-11-04 02:00:00,1.295509,1.295658,1.295198,1.295347,50
2024-11-04 03:00:00,1.295347,1.295463,1.295323,1.295439,50
2024-11-04 04:00:00,1.295439,1.295565,1.294887,1.295013,50
2024-11-04 05:00:00,1.295013,1.295396,1.294822,1.295205,50
2024-11-04 06:00:00,1.295205,1.295321,1.295202,1.295318,50
2024-11-04 07:00:00,1.295318,1.295321,1.294582,1.294585,50
2024-11-04 08:00:00,1.294585,1.294749,1.294350,1.294514,50
2024-11-04 09:00:00,1.294514,1.294662,1.294472,1.294620,50
2024-11-04 10:00:00,1.294620,1.294647,1.294441,1.294468,50
2024-11-04 11:00:00,1.294468,1.294475,1.294195,1.294202,50
2024-11-04 12:00:00,1.294202,1.294637,1.293997,1.294432,50
2024-11-04 13:00:00,1.294432,1.294638,1.293813,1.294020,50
2024-11-04 14:00:00,1.294020,1.294468,1.293829,1.294278,50
2024-11-04 15:00:00,1.294278,1.294978,1.294111,1.294811,50
2024-11-04 16:00:00,1.294811,1.294993,1.294198,1.294379,50
2024-11-04 17:00:00,1.294379,1.294550,1.294247,1.294418,50
2024-11-04 18:00:00,1.294418,1.294590,1.294147,1.294320,50
2024-11-04 19:00:00,1.294320,1.294542,1.293325,1.293548,50
2024-11-04 20:00:00,1.293548,1.293716,1.292893,1.293061,50
2024-11-04 21:00:00,1.293061,1.293199,1.292974,1.293113,50
2024-11-04 22:00:00,1.293113,1.294019,1.292978,1.293885,50
2024-11-04 23:00:00,1.293885,1.294269,1.293779,1.294163,50
2024-11-05 00:00:00,1.294163,1.294468,1.292376,1.292681,50
2024-11-05 01:00:00,1.292681,1.297894,1.292225,1.297437,50
2024-11-05 02:00:00,1.297437,1.302487,1.296850,1.301900,50
2024-11-05 03:00:00,1.301900,1.303608,1.301349,1.303057,50
2024-11-05 04:00:00,1.303057,1.303067,1.299721,1.299730,50
2024-11-05 05:00:00,1.299730,1.301921,1.299449,1.301640,50
2024-11-05 06:00:00,1.301640,1.301891,1.298859,1.299110,50
2024-11-05 07:00:00,1.299110,1.299664,1.298304,1.298858,50
2024-11-05 08:00:00,1.298858,1.299931,1.298666,1.299739,50
2024-11-05 09:00:00,1.299739,1.300042,1.294176,1.294479,50
2024-11-05 10:00:00,1.294479,1.294503,1.293301,1.293325,50
2024-11-05 11:00:00,1.293325,1.296508,1.293082,1.296265,50
2024-11-05 12:00:00,1.296265,1.298961,1.295657,1.298353,50
2024-11-05 13:00:00,1.298353,1.299089,1.297839,1.298576,50
2024-11-05 14:00:00,1.298576,1.298744,1.298521,1.298689,50
2024-11-05 15:00:00,1.298689,1.301469,1.298165,1.300945,50
2024-11-05 16:00:00,1.300945,1.301195,1.299723,1.299973,50
2024-11-05 17:00:00,1.299973,1.300578,1.298216,1.298821,50
2024-11-05 18:00:00,1.298821,1.299085,1.296320,1.296584,50
2024-11-05 19:00:00,1.296584,1.298739,1.296103,1.298258,50
2024-11-05 20:00:00,1.298258,1.298266,1.294863,1.294872,50
2024-11-05 21:00:00,1.294872,1.297697,1.294817,1.297643,50
2024-11-05 22:00:00,1.297643,1.298626,1.297036,1.298019,50
2024-11-05 23:00:00,1.298019,1.301959,1.297636,1.301575,50
2024-11-06 00:00:00,1.301575,1.301593,1.299835,1.299853,50
2024-11-06 01:00:00,1.299853,1.304618,1.299194,1.303958,50
2024-11-06 02:00:00,1.303958,1.304824,1.301320,1.302186,50
2024-11-06 03:00:00,1.302186,1.303339,1.301190,1.302343,50
2024-11-06 04:00:00,1.302343,1.302766,1.301326,1.301749,50
2024-11-06 05:00:00,1.301749,1.302180,1.299559,1.299990,50
2024-11-06 06:00:00,1.299990,1.300634,1.297796,1.298440,50
2024-11-06 07:00:00,1.298440,1.299013,1.294938,1.295511,50
2024-11-06 08:00:00,1.295511,1.296585,1.294739,1.295813,50
2024-11-06 09:00:00,1.295813,1.296384,1.294399,1.294971,50
2024-11-06 10:00:00,1.294971,1.295038,1.292791,1.292858,50
2024-11-06 11:00:00,1.292858,1.293605,1.289224,1.289971,50
2024-11-06 12:00:00,1.289971,1.293458,1.289116,1.292603,50
2024-11-06 13:00:00,1.292603,1.293505,1.289925,1.290827,50
2024-11-06 14:00:00,1.290827,1.291675,1.286732,1.287579,50
2024-11-06 15:00:00,1.287579,1.289607,1.287346,1.289373,50
2024-11-06 16:00:00,1.289373,1.291367,1.288957,1.290950,50
2024-11-06 17:00:00,1.290950,1.291056,1.287167,1.287273,50
2024-11-06 18:00:00,1.287273,1.289484,1.287101,1.289311,50
2024-11-06 19:00:00,1.289311,1.292955,1.288446,1.292091,50
2024-11-06 20:00:00,1.292091,1.294248,1.291586,1.293744,50
2024-11-06 21:00:00,1.293744,1.296469,1.292897,1.295623,50
2024-11-06 22:00:00,1.295623,1.296796,1.294863,1.296036,50
2024-11-06 23:00:00,1.296036,1.296950,1.288743,1.289657,50
2024-11-07 00:00:00,1.289657,1.293884,1.289537,1.293764,50
2024-11-07 01:00:00,1.293764,1.294297,1.290860,1.291394,50
2024-11-07 02:00:00,1.291394,1.292041,1.288162,1.288810,50
2024-11-07 03:00:00,1.288810,1.288898,1.288376,1.288464,50
2024-11-07 04:00:00,1.288464,1.289163,1.287508,1.288207,50
2024-11-07 05:00:00,1.288207,1.294334,1.288082,1.294208,50
2024-11-07 06:00:00,1.294208,1.298853,1.293914,1.298559,50
2024-11-07 07:00:00,1.298559,1.298966,1.294814,1.295220,50
2024-11-07 08:00:00,1.295220,1.297242,1.295084,1.297105,50
2024-11-07 09:00:00,1.297105,1.297288,1.291016,1.291199,50
2024-11-07 10:00:00,1.291199,1.295006,1.291064,1.294870,50
2024-11-07 11:00:00,1.294870,1.295905,1.294224,1.295259,50
2024-11-07 12:00:00,1.295259,1.298268,1.295227,1.298236,50
2024-11-07 13:00:00,1.298236,1.298673,1.296763,1.297200,50
2024-11-07 14:00:00,1.297200,1.299142,1.296690,1.298633,50
2024-11-07 15:00:00,1.298633,1.300501,1.298439,1.300308,50
2024-11-07 16:00:00,1.300308,1.300696,1.296349,1.296737,50
2024-11-07 17:00:00,1.296737,1.297428,1.295200,1.295890,50
2024-11-07 18:00:00,1.295890,1.296384,1.295565,1.296059,50
2024-11-07 19:00:00,1.296059,1.296568,1.290725,1.291234,50
2024-11-07 20:00:00,1.291234,1.293528,1.290704,1.292998,50
2024-11-07 21:00:00,1.292998,1.293212,1.292513,1.292728,50
2024-11-07 22:00:00,1.292728,1.294828,1.291993,1.294094,50
2024-11-07 23:00:00,1.294094,1.298832,1.293795,1.298533,50
2024-11-08 00:00:00,1.298533,1.298739,1.297189,1.297395,50
2024-11-08 01:00:00,1.297395,1.297489,1.296999,1.297093,50
2024-11-08 02:00:00,1.297093,1.297298,1.296360,1.296564,50
2024-11-08 03:00:00,1.296564,1.297904,1.296183,1.297523,50
2024-11-08 04:00:00,1.297523,1.300416,1.297248,1.300141,50
2024-11-08 05:00:00,1.300141,1.300341,1.299417,1.299617,50
2024-11-08 06:00:00,1.299617,1.300180,1.296796,1.297359,50
2024-11-08 07:00:00,1.297359,1.297547,1.295416,1.295604,50
2024-11-08 08:00:00,1.295604,1.295662,1.294868,1.294927,50
2024-11-08 09:00:00,1.294927,1.295017,1.293897,1.293987,50
2024-11-08 10:00:00,1.293987,1.294429,1.293352,1.293794,50
2024-11-08 11:00:00,1.293794,1.293825,1.289784,1.289815,50
2024-11-08 12:00:00,1.289815,1.294433,1.289472,1.294090,50
2024-11-08 13:00:00,1.294090,1.294709,1.293986,1.294605,50
2024-11-08 14:00:00,1.294605,1.294924,1.292792,1.293111,50
2024-11-08 15:00:00,1.293111,1.294151,1.293011,1.294050,50
2024-11-08 16:00:00,1.294050,1.294695,1.290455,1.291100,50
2024-11-08 17:00:00,1.291100,1.291552,1.289405,1.289857,50
2024-11-08 18:00:00,1.289857,1.291081,1.289471,1.290694,50
2024-11-08 19:00:00,1.290694,1.291120,1.289863,1.290289,50
2024-11-08 20:00:00,1.290289,1.290749,1.288419,1.288880,50
2024-11-08 21:00:00,1.288880,1.290159,1.288796,1.290075,50
2024-11-08 22:00:00,1.290075,1.290583,1.289350,1.289857,50
2024-11-08 23:00:00,1.289857,1.290837,1.289509,1.290489,50
2024-11-12 00:00:00,1.290489,1.290866,1.289800,1.290178,50
2024-11-12 01:00:00,1.290178,1.291413,1.288842,1.290078,50
2024-11-12 02:00:00,1.290078,1.293193,1.288655,1.291770,50
2024-11-12 03:00:00,1.291770,1.291973,1.289603,1.289806,50
2024-11-12 04:00:00,1.289806,1.292190,1.289197,1.291582,50
2024-11-12 05:00:00,1.291582,1.294838,1.290401,1.293657,50
2024-11-12 06:00:00,1.293657,1.294944,1.292653,1.293940,50
2024-11-12 07:00:00,1.293940,1.295369,1.287196,1.288626,50
2024-11-12 08:00:00,1.288626,1.289605,1.287706,1.288686,50
2024-11-12 09:00:00,1.288686,1.292421,1.287601,1.291336,50
2024-11-12 10:00:00,1.291336,1.291844,1.285070,1.285577,50
2024-11-12 11:00:00,1.285577,1.286659,1.280187,1.281268,50
2024-11-12 12:00:00,1.281268,1.282679,1.281114,1.282524,50
2024-11-12 13:00:00,1.282524,1.282684,1.282237,1.282397,50
2024-11-12 14:00:00,1.282397,1.283788,1.280198,1.281588,50
2024-11-12 15:00:00,1.281588,1.283781,1.280960,1.283152,50
2024-11-12 16:00:00,1.283152,1.283342,1.281769,1.281959,50
2024-11-12 17:00:00,1.281959,1.283838,1.281191,1.283070,50
2024-11-12 18:00:00,1.283070,1.284061,1.275997,1.276988,50
2024-11-12 19:00:00,1.276988,1.278009,1.276019,1.277039,50
2024-11-12 20:00:00,1.277039,1.277971,1.275557,1.276488,50
2024-11-12 21:00:00,1.276488,1.277352,1.274516,1.275380,50
2024-11-12 22:00:00,1.275380,1.276492,1.272802,1.273914,50
2024-11-12 23:00:00,1.273914,1.275335,1.271816,1.273237,50
2024-11-13 00:00:00,1.273237,1.273390,1.273110,1.273264,50
2024-11-13 01:00:00,1.273264,1.273274,1.272712,1.272722,50
2024-11-13 02:00:00,1.272722,1.272863,1.272589,1.272729,50
2024-11-13 03:00:00,1.272729,1.272917,1.271711,1.271899,50
2024-11-13 04:00:00,1.271899,1.272091,1.271509,1.271701,50
2024-11-13 05:00:00,1.271701,1.273095,1.271590,1.272983,50
2024-11-13 06:00:00,1.272983,1.273158,1.272464,1.272638,50
2024-11-13 07:00:00,1.272638,1.273685,1.272464,1.273511,50
2024-11-13 08:00:00,1.273511,1.273633,1.272535,1.272657,50
2024-11-13 09:00:00,1.272657,1.272835,1.272643,1.272820,50
2024-11-13 10:00:00,1.272820,1.273112,1.272703,1.272995,50
2024-11-13 11:00:00,1.272995,1.273138,1.272491,1.272633,50
2024-11-13 12:00:00,1.272633,1.272806,1.272124,1.272296,50
2024-11-13 13:00:00,1.272296,1.272451,1.271791,1.271945,50
2024-11-13 14:00:00,1.271945,1.272167,1.271402,1.271625,50
2024-11-13 15:00:00,1.271625,1.271661,1.270971,1.271007,50
2024-11-13 16:00:00,1.271007,1.271016,1.270589,1.270599,50
2024-11-13 17:00:00,1.270599,1.270612,1.270365,1.270379,50
2024-11-13 18:00:00,1.270379,1.270417,1.270159,1.270197,50
2024-11-13 19:00:00,1.270197,1.271059,1.270068,1.270930,50
2024-11-13 20:00:00,1.270930,1.271142,1.270530,1.270742,50
2024-11-13 21:00:00,1.270742,1.270824,1.270655,1.270737,50
2024-11-13 22:00:00,1.270737,1.270913,1.270649,1.270824,50
2024-11-13 23:00:00,1.270824,1.271130,1.270665,1.270971,50
2024-11-14 00:00:00,1.270971,1.271530,1.270867,1.271426,50
2024-11-14 01:00:00,1.271426,1.271747,1.271393,1.271715,50
2024-11-14 02:00:00,1.271715,1.272338,1.271625,1.272249,50
2024-11-14 03:00:00,1.272249,1.272403,1.271412,1.271566,50
2024-11-14 04:00:00,1.271566,1.272801,1.271345,1.272580,50
2024-11-14 05:00:00,1.272580,1.272873,1.272422,1.272715,50
2024-11-14 06:00:00,1.272715,1.272920,1.271264,1.271468,50
2024-11-14 07:00:00,1.271468,1.271552,1.271134,1.271218,50
2024-11-14 08:00:00,1.271218,1.271482,1.271103,1.271368,50
2024-11-14 09:00:00,1.271368,1.271374,1.270983,1.270989,50
2024-11-14 10:00:00,1.270989,1.271282,1.270815,1.271108,50
2024-11-14 11:00:00,1.271108,1.271390,1.270967,1.271249,50
2024-11-14 12:00:00,1.271249,1.271429,1.270404,1.270583,50
2024-11-14 13:00:00,1.270583,1.270614,1.270411,1.270442,50
2024-11-14 14:00:00,1.270442,1.270619,1.269592,1.269769,50
2024-11-14 15:00:00,1.269769,1.269816,1.269394,1.269442,50
2024-11-14 16:00:00,1.269442,1.269991,1.269353,1.269903,50
2024-11-14 17:00:00,1.269903,1.270026,1.269673,1.269796,50
2024-11-14 18:00:00,1.269796,1.270022,1.269362,1.269587,50
2024-11-14 19:00:00,1.269587,1.269802,1.268688,1.268904,50
2024-11-14 20:00:00,1.268904,1.269665,1.268785,1.269547,50
2024-11-14 21:00:00,1.269547,1.269585,1.269546,1.269585,50
2024-11-14 22:00:00,1.269585,1.269927,1.269365,1.269706,50
2024-11-14 23:00:00,1.269706,1.270751,1.269603,1.270648,50
2024-11-15 00:00:00,1.270648,1.270840,1.264658,1.264851,50
2024-11-15 01:00:00,1.264851,1.265349,1.264713,1.265212,50
2024-11-15 02:00:00,1.265212,1.265830,1.265053,1.265670,50
2024-11-15 03:00:00,1.265670,1.266059,1.263332,1.263721,50
2024-11-15 04:00:00,1.263721,1.264320,1.262569,1.263169,50
2024-11-15 05:00:00,1.263169,1.263627,1.261874,1.262332,50
2024-11-15 06:00:00,1.262332,1.262728,1.261009,1.261405,50
2024-11-15 07:00:00,1.261405,1.263845,1.260883,1.263324,50
2024-11-15 08:00:00,1.263324,1.263927,1.262935,1.263539,50
2024-11-15 09:00:00,1.263539,1.263789,1.263339,1.263589,50
2024-11-15 10:00:00,1.263589,1.263969,1.263524,1.263904,50
2024-11-15 11:00:00,1.263904,1.267460,1.263882,1.267438,50
2024-11-15 12:00:00,1.267438,1.267820,1.266843,1.267225,50
2024-11-15 13:00:00,1.267225,1.269244,1.266765,1.268784,50
2024-11-15 14:00:00,1.268784,1.269016,1.267377,1.267609,50
2024-11-15 15:00:00,1.267609,1.269579,1.267113,1.269083,50
2024-11-15 16:00:00,1.269083,1.272568,1.268630,1.272115,50
2024-11-15 17:00:00,1.272115,1.272387,1.271870,1.272141,50
2024-11-15 18:00:00,1.272141,1.272673,1.271656,1.272189,50
2024-11-15 19:00:00,1.272189,1.272661,1.269146,1.269618,50
2024-11-15 20:00:00,1.269618,1.269802,1.268585,1.268769,50
2024-11-15 21:00:00,1.268769,1.269088,1.265635,1.265955,50
2024-11-15 22:00:00,1.265955,1.266565,1.265409,1.266019,50
2024-11-15 23:00:00,1.266019,1.266091,1.262873,1.262945,50
2024-11-18 00:00:00,1.262945,1.265898,1.262787,1.265740,50
2024-11-18 01:00:00,1.265740,1.265903,1.265365,1.265528,50
2024-11-18 02:00:00,1.265528,1.265711,1.265508,1.265691,50
2024-11-18 03:00:00,1.265691,1.265804,1.264288,1.264401,50
2024-11-18 04:00:00,1.264401,1.264506,1.263098,1.263202,50
2024-11-18 05:00:00,1.263202,1.263724,1.262934,1.263456,50
2024-11-18 06:00:00,1.263456,1.263647,1.262945,1.263136,50
2024-11-18 07:00:00,1.263136,1.263282,1.262465,1.262611,50
2024-11-18 08:00:00,1.262611,1.262675,1.262422,1.262485,50
2024-11-18 09:00:00,1.262485,1.263065,1.262446,1.263026,50
2024-11-18 10:00:00,1.263026,1.263084,1.262183,1.262241,50
2024-11-18 11:00:00,1.262241,1.262975,1.262224,1.262958,50
2024-11-18 12:00:00,1.262958,1.263055,1.262609,1.262707,50
2024-11-18 13:00:00,1.262707,1.264597,1.262656,1.264546,50
2024-11-18 14:00:00,1.264546,1.264642,1.263249,1.263345,50
2024-11-18 15:00:00,1.263345,1.263530,1.263153,1.263338,50
2024-11-18 16:00:00,1.263338,1.263533,1.262384,1.262578,50
2024-11-18 17:00:00,1.262578,1.262815,1.262364,1.262600,50
2024-11-18 18:00:00,1.262600,1.264186,1.262526,1.264112,50
2024-11-18 19:00:00,1.264112,1.264306,1.263131,1.263325,50
2024-11-18 20:00:00,1.263325,1.264357,1.263102,1.264135,50
2024-11-18 21:00:00,1.264135,1.264584,1.264050,1.264499,50
2024-11-18 22:00:00,1.264499,1.266353,1.264273,1.266127,50
2024-11-18 23:00:00,1.266127,1.266751,1.265840,1.266464,50
2024-11-19 00:00:00,1.266464,1.266485,1.264624,1.264644,50
2024-11-19 01:00:00,1.264644,1.266302,1.264576,1.266234,50
2024-11-19 02:00:00,1.266234,1.267547,1.266105,1.267419,50
2024-11-19 03:00:00,1.267419,1.267613,1.267035,1.267228,50
2024-11-19 04:00:00,1.267228,1.267826,1.267018,1.267616,50
2024-11-19 05:00:00,1.267616,1.268600,1.267441,1.268425,50
2024-11-19 06:00:00,1.268425,1.268442,1.268077,1.268094,50
2024-11-19 07:00:00,1.268094,1.268209,1.267557,1.267672,50
2024-11-19 08:00:00,1.267672,1.268602,1.267513,1.268444,50
2024-11-19 09:00:00,1.268444,1.268518,1.268067,1.268141,50
2024-11-19 10:00:00,1.268141,1.268213,1.267620,1.267693,50
2024-11-19 11:00:00,1.267693,1.267761,1.267528,1.267596,50
2024-11-19 12:00:00,1.267596,1.267807,1.266664,1.266875,50
2024-11-19 13:00:00,1.266875,1.267774,1.266868,1.267767,50
2024-11-19 14:00:00,1.267767,1.267790,1.267344,1.267368,50
2024-11-19 15:00:00,1.267368,1.267577,1.267323,1.267532,50
2024-11-19 16:00:00,1.267532,1.267937,1.267449,1.267855,50
2024-11-19 17:00:00,1.267855,1.268039,1.267552,1.267736,50
2024-11-19 18:00:00,1.267736,1.267887,1.267714,1.267865,50
2024-11-19 19:00:00,1.267865,1.267982,1.266894,1.267010,50
2024-11-19 20:00:00,1.267010,1.267197,1.265966,1.266153,50
2024-11-19 21:00:00,1.266153,1.266285,1.265976,1.266109,50
2024-11-19 22:00:00,1.266109,1.266262,1.265047,1.265201,50
2024-11-19 23:00:00,1.265201,1.266737,1.265088,1.266624,50
2024-11-20 00:00:00,1.266624,1.266857,1.266437,1.266669,50
2024-11-20 01:00:00,1.266669,1.266742,1.266602,1.266675,50
2024-11-20 02:00:00,1.266675,1.266777,1.265908,1.266009,50
2024-11-20 03:00:00,1.266009,1.266215,1.265559,1.265765,50
2024-11-20 04:00:00,1.265765,1.267053,1.265647,1.266936,50
2024-11-20 05:00:00,1.266936,1.267045,1.265962,1.266071,50
2024-11-20 06:00:00,1.266071,1.266124,1.264875,1.264928,50
2024-11-20 07:00:00,1.264928,1.265528,1.264803,1.265404,50
2024-11-20 08:00:00,1.265404,1.265422,1.264378,1.264397,50
2024-11-20 09:00:00,1.264397,1.264419,1.264146,1.264168,50
2024-11-20 10:00:00,1.264168,1.264281,1.264131,1.264243,50
2024-11-20 11:00:00,1.264243,1.264882,1.264062,1.264701,50
2024-11-20 12:00:00,1.264701,1.264975,1.264534,1.264808,50
2024-11-20 13:00:00,1.264808,1.264836,1.263331,1.263359,50
2024-11-20 14:00:00,1.263359,1.264169,1.263166,1.263976,50
2024-11-20 15:00:00,1.263976,1.264200,1.263969,1.264193,50
2024-11-20 16:00:00,1.264193,1.264445,1.264023,1.264276,50
2024-11-20 17:00:00,1.264276,1.264602,1.264073,1.264399,50
2024-11-20 18:00:00,1.264399,1.264754,1.264235,1.264590,50
2024-11-20 19:00:00,1.264590,1.265317,1.264582,1.265309,50
2024-11-20 20:00:00,1.265309,1.265477,1.264955,1.265122,50
2024-11-20 21:00:00,1.265122,1.266391,1.265098,1.266367,50
2024-11-20 22:00:00,1.266367,1.266454,1.265886,1.265973,50
2024-11-20 23:00:00,1.265973,1.266199,1.263677,1.263903,50
2024-11-21 00:00:00,1.263903,1.264934,1.263897,1.264928,50
2024-11-21 01:00:00,1.264928,1.265098,1.264435,1.264606,50
2024-11-21 02:00:00,1.264606,1.265104,1.264455,1.264953,50
2024-11-21 03:00:00,1.264953,1.265017,1.263428,1.263492,50
2024-11-21 04:00:00,1.263492,1.263687,1.263023,1.263217,50
2024-11-21 05:00:00,1.263217,1.263308,1.262601,1.262692,50
2024-11-21 06:00:00,1.262692,1.263252,1.262256,1.262816,50
2024-11-21 07:00:00,1.262816,1.262977,1.261801,1.261962,50
2024-11-21 08:00:00,1.261962,1.262146,1.261786,1.261970,50
2024-11-21 09:00:00,1.261970,1.261982,1.261808,1.261820,50
2024-11-21 10:00:00,1.261820,1.262229,1.261819,1.262228,50
2024-11-21 11:00:00,1.262228,1.263191,1.261968,1.262931,50
2024-11-21 12:00:00,1.262931,1.263344,1.259714,1.260127,50
2024-11-21 13:00:00,1.260127,1.260868,1.259852,1.260593,50
2024-11-21 14:00:00,1.260593,1.262171,1.260257,1.261835,50
2024-11-21 15:00:00,1.261835,1.261848,1.259762,1.259775,50
2024-11-21 16:00:00,1.259775,1.259902,1.258512,1.258639,50
2024-11-21 17:00:00,1.258639,1.260097,1.258305,1.259762,50
2024-11-21 18:00:00,1.259762,1.259766,1.259662,1.259666,50
2024-11-21 19:00:00,1.259666,1.259747,1.258667,1.258748,50
2024-11-21 20:00:00,1.258748,1.259997,1.258556,1.259805,50
2024-11-21 21:00:00,1.259805,1.259855,1.258954,1.259004,50
2024-11-21 22:00:00,1.259004,1.259344,1.257264,1.257603,50
2024-11-21 23:00:00,1.257603,1.258758,1.257499,1.258653,50
2024-11-22 00:00:00,1.258653,1.260527,1.258198,1.260071,50
2024-11-22 01:00:00,1.260071,1.260089,1.256933,1.256951,50
2024-11-22 02:00:00,1.256951,1.257314,1.255886,1.256249,50
2024-11-22 03:00:00,1.256249,1.256257,1.255924,1.255932,50
2024-11-22 04:00:00,1.255932,1.256157,1.253054,1.253279,50
2024-11-22 05:00:00,1.253279,1.254263,1.252818,1.253802,50
2024-11-22 06:00:00,1.253802,1.253826,1.251563,1.251586,50
2024-11-22 07:00:00,1.251586,1.252102,1.249631,1.250147,50
2024-11-22 08:00:00,1.250147,1.250315,1.249992,1.250160,50
2024-11-22 09:00:00,1.250160,1.251447,1.249945,1.251231,50
2024-11-22 10:00:00,1.251231,1.251568,1.249997,1.250334,50
2024-11-22 11:00:00,1.250334,1.251267,1.250072,1.251004,50
2024-11-22 12:00:00,1.251004,1.252505,1.250971,1.252472,50
2024-11-22 13:00:00,1.252472,1.254374,1.252222,1.254123,50
2024-11-22 14:00:00,1.254123,1.254165,1.253756,1.253797,50
2024-11-22 15:00:00,1.253797,1.254204,1.253211,1.253618,50
2024-11-22 16:00:00,1.253618,1.254263,1.253139,1.253783,50
2024-11-22 17:00:00,1.253783,1.253807,1.253081,1.253105,50
2024-11-22 18:00:00,1.253105,1.253219,1.252375,1.252489,50
2024-11-22 19:00:00,1.252489,1.252599,1.251087,1.251197,50
2024-11-22 20:00:00,1.251197,1.251816,1.251036,1.251655,50
2024-11-22 21:00:00,1.251655,1.253813,1.251241,1.253400,50
2024-11-22 22:00:00,1.253400,1.254331,1.252874,1.253805,50
2024-11-22 23:00:00,1.253805,1.254194,1.251176,1.251564,50
2024-11-25 00:00:00,1.251564,1.253077,1.251249,1.252762,50
2024-11-25 01:00:00,1.252762,1.252909,1.252231,1.252378,50
2024-11-25 02:00:00,1.252378,1.252522,1.252325,1.252468,50
2024-11-25 03:00:00,1.252468,1.252605,1.251731,1.251868,50
2024-11-25 04:00:00,1.251868,1.252161,1.251419,1.251712,50
2024-11-25 05:00:00,1.251712,1.251937,1.250586,1.250810,50
2024-11-25 06:00:00,1.250810,1.251284,1.250504,1.250978,50
2024-11-25 07:00:00,1.250978,1.251819,1.250701,1.251542,50
2024-11-25 08:00:00,1.251542,1.252378,1.251501,1.252337,50
2024-11-25 09:00:00,1.252337,1.252397,1.252123,1.252183,50
2024-11-25 10:00:00,1.252183,1.253320,1.251870,1.253008,50
2024-11-25 11:00:00,1.253008,1.253992,1.252735,1.253719,50
2024-11-25 12:00:00,1.253719,1.253883,1.253213,1.253376,50
2024-11-25 13:00:00,1.253376,1.253433,1.252974,1.253031,50
2024-11-25 14:00:00,1.253031,1.253208,1.251986,1.252162,50
2024-11-25 15:00:00,1.252162,1.252834,1.252052,1.252723,50
2024-11-25 16:00:00,1.252723,1.253185,1.252660,1.253122,50
2024-11-25 17:00:00,1.253122,1.253212,1.252422,1.252512,50
2024-11-25 18:00:00,1.252512,1.252976,1.252317,1.252781,50
2024-11-25 19:00:00,1.252781,1.254364,1.252488,1.254071,50
2024-11-25 20:00:00,1.254071,1.255211,1.253841,1.254981,50
2024-11-25 21:00:00,1.254981,1.255247,1.253537,1.253803,50
2024-11-25 22:00:00,1.253803,1.254991,1.253790,1.254979,50
2024-11-25 23:00:00,1.254979,1.255456,1.254858,1.255335,50
2024-11-26 00:00:00,1.255335,1.255531,1.254966,1.255161,50
2024-11-26 01:00:00,1.255161,1.255490,1.254996,1.255325,50
2024-11-26 02:00:00,1.255325,1.255371,1.254929,1.254975,50
2024-11-26 03:00:00,1.254975,1.255862,1.254972,1.255859,50
2024-11-26 04:00:00,1.255859,1.256059,1.255510,1.255710,50
2024-11-26 05:00:00,1.255710,1.256410,1.255571,1.256271,50
2024-11-26 06:00:00,1.256271,1.256783,1.256231,1.256743,50
2024-11-26 07:00:00,1.256743,1.257004,1.256641,1.256902,50
2024-11-26 08:00:00,1.256902,1.257040,1.256069,1.256206,50
2024-11-26 09:00:00,1.256206,1.256414,1.255850,1.256057,50
2024-11-26 10:00:00,1.256057,1.256171,1.255434,1.255548,50
2024-11-26 11:00:00,1.255548,1.255908,1.255496,1.255856,50
2024-11-26 12:00:00,1.255856,1.256060,1.255830,1.256034,50
2024-11-26 13:00:00,1.256034,1.256225,1.255038,1.255229,50
2024-11-26 14:00:00,1.255229,1.255631,1.255054,1.255457,50
2024-11-26 15:00:00,1.255457,1.255540,1.254536,1.254619,50
2024-11-26 16:00:00,1.254619,1.254761,1.253411,1.253554,50
2024-11-26 17:00:00,1.253554,1.253908,1.253382,1.253736,50
2024-11-26 18:00:00,1.253736,1.253927,1.253401,1.253592,50
2024-11-26 19:00:00,1.253592,1.253773,1.253387,1.253569,50
2024-11-26 20:00:00,1.253569,1.253737,1.253195,1.253363,50
2024-11-26 21:00:00,1.253363,1.253531,1.252970,1.253138,50
2024-11-26 22:00:00,1.253138,1.253433,1.253070,1.253366,50
2024-11-26 23:00:00,1.253366,1.254824,1.253246,1.254705,50
2024-11-27 00:00:00,1.254705,1.256308,1.253975,1.255577,50
2024-11-27 01:00:00,1.255577,1.258601,1.255434,1.258458,50
2024-11-27 02:00:00,1.258458,1.258795,1.254559,1.254896,50
2024-11-27 03:00:00,1.254896,1.255225,1.254707,1.255036,50
2024-11-27 04:00:00,1.255036,1.257744,1.254749,1.257458,50
2024-11-27 05:00:00,1.257458,1.257910,1.253730,1.254182,50
2024-11-27 06:00:00,1.254182,1.254651,1.254135,1.254604,50
2024-11-27 07:00:00,1.254604,1.255931,1.254207,1.255534,50
2024-11-27 08:00:00,1.255534,1.255659,1.253681,1.253806,50
2024-11-27 09:00:00,1.253806,1.254649,1.251253,1.252096,50
2024-11-27 10:00:00,1.252096,1.253547,1.251738,1.253189,50
2024-11-27 11:00:00,1.253189,1.254833,1.252489,1.254133,50
2024-11-27 12:00:00,1.254133,1.256362,1.253090,1.255319,50
2024-11-27 13:00:00,1.255319,1.256990,1.255079,1.256750,50
2024-11-27 14:00:00,1.256750,1.257059,1.256595,1.256904,50
2024-11-27 15:00:00,1.256904,1.258778,1.256028,1.257902,50
2024-11-27 16:00:00,1.257902,1.258028,1.257258,1.257385,50
2024-11-27 17:00:00,1.257385,1.257954,1.253546,1.254115,50
2024-11-27 18:00:00,1.254115,1.262698,1.253473,1.262056,50
2024-11-27 19:00:00,1.262056,1.262277,1.261463,1.261683,50
2024-11-27 20:00:00,1.261683,1.262107,1.254664,1.255088,50
2024-11-27 21:00:00,1.255088,1.259741,1.254284,1.258937,50
2024-11-27 22:00:00,1.258937,1.264133,1.258911,1.264106,50
2024-11-27 23:00:00,1.264106,1.268668,1.263187,1.267748,50
2024-11-29 00:00:00,1.267748,1.267769,1.267120,1.267141,50
2024-11-29 01:00:00,1.267141,1.268026,1.266972,1.267857,50
2024-11-29 02:00:00,1.267857,1.268387,1.267839,1.268370,50
2024-11-29 03:00:00,1.268370,1.268920,1.268162,1.268712,50
2024-11-29 04:00:00,1.268712,1.268751,1.268403,1.268442,50
2024-11-29 05:00:00,1.268442,1.268586,1.267152,1.267296,50
2024-11-29 06:00:00,1.267296,1.267518,1.266907,1.267129,50
2024-11-29 07:00:00,1.267129,1.267184,1.266834,1.266890,50
2024-11-29 08:00:00,1.266890,1.268092,1.266700,1.267903,50
2024-11-29 09:00:00,1.267903,1.268107,1.267656,1.267861,50
2024-11-29 10:00:00,1.267861,1.267867,1.267841,1.267847,50
2024-11-29 11:00:00,1.267847,1.268492,1.267706,1.268351,50
2024-11-29 12:00:00,1.268351,1.268353,1.267916,1.267918,50
2024-11-29 13:00:00,1.267918,1.267996,1.267567,1.267645,50
2024-11-29 14:00:00,1.267645,1.267948,1.267504,1.267807,50
2024-11-29 15:00:00,1.267807,1.268313,1.267713,1.268219,50
2024-11-29 16:00:00,1.268219,1.269161,1.268030,1.268972,50
2024-11-29 17:00:00,1.268972,1.268976,1.268388,1.268392,50
2024-11-29 18:00:00,1.268392,1.268564,1.268134,1.268306,50
2024-11-29 19:00:00,1.268306,1.269365,1.268127,1.269185,50
2024-11-29 20:00:00,1.269185,1.269995,1.269078,1.269888,50
2024-11-29 21:00:00,1.269888,1.270574,1.269789,1.270475,50
2024-11-29 22:00:00,1.270475,1.270706,1.270468,1.270700,50
2024-11-29 23:00:00,1.270700,1.270840,1.269701,1.269841,50
2024-12-02 00:00:00,1.269841,1.271349,1.269521,1.271029,50
2024-12-02 01:00:00,1.271029,1.271450,1.269922,1.270343,50
2024-12-02 02:00:00,1.270343,1.270701,1.270023,1.270380,50
2024-12-02 03:00:00,1.270380,1.270385,1.269713,1.269718,50
2024-12-02 04:00:00,1.269718,1.270114,1.268749,1.269144,50
2024-12-02 05:00:00,1.269144,1.269152,1.268949,1.268957,50
2024-12-02 06:00:00,1.268957,1.269295,1.268376,1.268715,50
2024-12-02 07:00:00,1.268715,1.268952,1.267895,1.268133,50
2024-12-02 08:00:00,1.268133,1.269853,1.267729,1.269449,50
2024-12-02 09:00:00,1.269449,1.270388,1.269392,1.270331,50
2024-12-02 10:00:00,1.270331,1.270500,1.268923,1.269092,50
2024-12-02 11:00:00,1.269092,1.269505,1.267624,1.268036,50
2024-12-02 12:00:00,1.268036,1.268704,1.267680,1.268347,50
2024-12-02 13:00:00,1.268347,1.268455,1.267286,1.267394,50
2024-12-02 14:00:00,1.267394,1.267524,1.267057,1.267187,50
2024-12-02 15:00:00,1.267187,1.267475,1.266171,1.266459,50
2024-12-02 16:00:00,1.266459,1.266715,1.265307,1.265562,50
2024-12-02 17:00:00,1.265562,1.265906,1.264061,1.264404,50
2024-12-02 18:00:00,1.264404,1.264605,1.263350,1.263550,50
2024-12-02 19:00:00,1.263550,1.264403,1.263324,1.264177,50
2024-12-02 20:00:00,1.264177,1.264246,1.263827,1.263895,50
2024-12-02 21:00:00,1.263895,1.264194,1.263397,1.263695,50
2024-12-02 22:00:00,1.263695,1.263936,1.262484,1.262724,50
2024-12-02 23:00:00,1.262724,1.263945,1.262682,1.263903,50
2024-12-03 00:00:00,1.263903,1.263989,1.263458,1.263544,50
2024-12-03 01:00:00,1.263544,1.264298,1.263308,1.264063,50
2024-12-03 02:00:00,1.264063,1.264312,1.263323,1.263572,50
2024-12-03 03:00:00,1.263572,1.263848,1.263426,1.263702,50
2024-12-03 04:00:00,1.263702,1.263768,1.263068,1.263134,50
2024-12-03 05:00:00,1.263134,1.264071,1.262924,1.263862,50
2024-12-03 06:00:00,1.263862,1.264349,1.263731,1.264219,50
2024-12-03 07:00:00,1.264219,1.264805,1.264051,1.264638,50
2024-12-03 08:00:00,1.264638,1.264943,1.263623,1.263929,50
2024-12-03 09:00:00,1.263929,1.263998,1.263809,1.263878,50
2024-12-03 10:00:00,1.263878,1.264546,1.263747,1.264414,50
2024-12-03 11:00:00,1.264414,1.264520,1.264226,1.264332,50
2024-12-03 12:00:00,1.264332,1.264495,1.263761,1.263923,50
2024-12-03 13:00:00,1.263923,1.265348,1.263654,1.265079,50
2024-12-03 14:00:00,1.265079,1.265117,1.265000,1.265038,50
2024-12-03 15:00:00,1.265038,1.265204,1.264211,1.264377,50
2024-12-03 16:00:00,1.264377,1.265501,1.264122,1.265246,50
2024-12-03 17:00:00,1.265246,1.266374,1.264966,1.266093,50
2024-12-03 18:00:00,1.266093,1.267648,1.265865,1.267419,50
2024-12-03 19:00:00,1.267419,1.267743,1.267249,1.267572,50
2024-12-03 20:00:00,1.267572,1.268586,1.267393,1.268407,50
2024-12-03 21:00:00,1.268407,1.268436,1.268406,1.268435,50
2024-12-03 22:00:00,1.268435,1.268496,1.268111,1.268172,50
2024-12-03 23:00:00,1.268172,1.268190,1.267731,1.267748,50
2024-12-04 00:00:00,1.267748,1.267951,1.267440,1.267642,50
2024-12-04 01:00:00,1.267642,1.267864,1.266850,1.267072,50
2024-12-04 02:00:00,1.267072,1.267416,1.267063,1.267408,50
2024-12-04 03:00:00,1.267408,1.268430,1.267265,1.268287,50
2024-12-04 04:00:00,1.268287,1.268680,1.268193,1.268586,50
2024-12-04 05:00:00,1.268586,1.268638,1.268329,1.268381,50
2024-12-04 06:00:00,1.268381,1.268517,1.268208,1.268344,50
2024-12-04 07:00:00,1.268344,1.268396,1.267956,1.268007,50
2024-12-04 08:00:00,1.268007,1.268163,1.267454,1.267609,50
2024-12-04 09:00:00,1.267609,1.268574,1.267331,1.268295,50
2024-12-04 10:00:00,1.268295,1.268649,1.268289,1.268642,50
2024-12-04 11:00:00,1.268642,1.269034,1.268547,1.268938,50
2024-12-04 12:00:00,1.268938,1.270777,1.268691,1.270530,50
2024-12-04 13:00:00,1.270530,1.270737,1.270294,1.270501,50
2024-12-04 14:00:00,1.270501,1.270644,1.269821,1.269964,50
2024-12-04 15:00:00,1.269964,1.271208,1.269707,1.270952,50
2024-12-04 16:00:00,1.270952,1.271236,1.270061,1.270345,50
2024-12-04 17:00:00,1.270345,1.271904,1.270250,1.271809,50
2024-12-04 18:00:00,1.271809,1.271969,1.270812,1.270972,50
2024-12-04 19:00:00,1.270972,1.271226,1.270612,1.270865,50
2024-12-04 20:00:00,1.270865,1.272070,1.270603,1.271808,50
2024-12-04 21:00:00,1.271808,1.271897,1.271355,1.271444,50
2024-12-04 22:00:00,1.271444,1.271556,1.270509,1.270621,50
2024-12-04 23:00:00,1.270621,1.271286,1.270468,1.271133,50
2024-12-05 00:00:00,1.271133,1.271353,1.270109,1.270330,50
2024-12-05 01:00:00,1.270330,1.271687,1.270003,1.271360,50
2024-12-05 02:00:00,1.271360,1.272638,1.271291,1.272569,50
2024-12-05 03:00:00,1.272569,1.273270,1.272334,1.273035,50
2024-12-05 04:00:00,1.273035,1.274027,1.272712,1.273705,50
2024-12-05 05:00:00,1.273705,1.274230,1.273419,1.273944,50
2024-12-05 06:00:00,1.273944,1.274738,1.273941,1.274735,50
2024-12-05 07:00:00,1.274735,1.275772,1.274568,1.275606,50
2024-12-05 08:00:00,1.275606,1.275846,1.275107,1.275348,50
2024-12-05 09:00:00,1.275348,1.275405,1.274682,1.274739,50
2024-12-05 10:00:00,1.274739,1.274968,1.273961,1.274190,50
2024-12-05 11:00:00,1.274190,1.274542,1.273681,1.274033,50
2024-12-05 12:00:00,1.274033,1.274262,1.273360,1.273589,50
2024-12-05 13:00:00,1.273589,1.273939,1.272952,1.273301,50
2024-12-05 14:00:00,1.273301,1.274246,1.273239,1.274184,50
2024-12-05 15:00:00,1.274184,1.275720,1.274020,1.275556,50
2024-12-05 16:00:00,1.275556,1.276268,1.275478,1.276191,50
2024-12-05 17:00:00,1.276191,1.276409,1.275288,1.275507,50
2024-12-05 18:00:00,1.275507,1.275786,1.274988,1.275268,50
2024-12-05 19:00:00,1.275268,1.275404,1.275232,1.275369,50
2024-12-05 20:00:00,1.275369,1.275421,1.274203,1.274255,50
2024-12-05 21:00:00,1.274255,1.274604,1.273282,1.273630,50
2024-12-05 22:00:00,1.273630,1.273720,1.272253,1.272342,50
2024-12-05 23:00:00,1.272342,1.275505,1.272185,1.275348,50
2024-12-06 00:00:00,1.275348,1.276634,1.275300,1.276586,50
2024-12-06 01:00:00,1.276586,1.276678,1.275230,1.275323,50
2024-12-06 02:00:00,1.275323,1.275513,1.275209,1.275399,50
2024-12-06 03:00:00,1.275399,1.275921,1.275324,1.275846,50
2024-12-06 04:00:00,1.275846,1.275894,1.275754,1.275802,50
2024-12-06 05:00:00,1.275802,1.276022,1.275363,1.275583,50
2024-12-06 06:00:00,1.275583,1.275623,1.275194,1.275234,50
2024-12-06 07:00:00,1.275234,1.275287,1.275108,1.275161,50
2024-12-06 08:00:00,1.275161,1.275311,1.274335,1.274484,50
2024-12-06 09:00:00,1.274484,1.274493,1.273470,1.273479,50
2024-12-06 10:00:00,1.273479,1.273842,1.273255,1.273619,50
2024-12-06 11:00:00,1.273619,1.273629,1.273607,1.273616,50
2024-12-06 12:00:00,1.273616,1.273794,1.273116,1.273294,50
2024-12-06 13:00:00,1.273294,1.273474,1.272863,1.273043,50
2024-12-06 14:00:00,1.273043,1.273089,1.272903,1.272948,50
2024-12-06 15:00:00,1.272948,1.273173,1.272847,1.273072,50
2024-12-06 16:00:00,1.273072,1.273116,1.272952,1.272997,50
2024-12-06 17:00:00,1.272997,1.273718,1.272962,1.273684,50
2024-12-06 18:00:00,1.273684,1.273897,1.273520,1.273733,50
2024-12-06 19:00:00,1.273733,1.273745,1.273430,1.273442,50
2024-12-06 20:00:00,1.273442,1.273945,1.273280,1.273784,50
2024-12-06 21:00:00,1.273784,1.273985,1.273567,1.273768,50
2024-12-06 22:00:00,1.273768,1.273808,1.273128,1.273168,50
2024-12-06 23:00:00,1.273168,1.274410,1.273130,1.274372,50
2024-12-09 00:00:00,1.274372,1.276433,1.274066,1.276127,50
2024-12-09 01:00:00,1.276127,1.276187,1.275798,1.275858,50
2024-12-09 02:00:00,1.275858,1.276537,1.275597,1.276276,50
2024-12-09 03:00:00,1.276276,1.276580,1.275667,1.275971,50
2024-12-09 04:00:00,1.275971,1.276914,1.275850,1.276794,50
2024-12-09 05:00:00,1.276794,1.276897,1.275015,1.275118,50
2024-12-09 06:00:00,1.275118,1.275192,1.273882,1.273957,50
2024-12-09 07:00:00,1.273957,1.275293,1.273695,1.275032,50
2024-12-09 08:00:00,1.275032,1.275061,1.273561,1.273590,50
2024-12-09 09:00:00,1.273590,1.274059,1.273480,1.273948,50
2024-12-09 10:00:00,1.273948,1.274199,1.273819,1.274070,50
2024-12-09 11:00:00,1.274070,1.274166,1.273867,1.273964,50
2024-12-09 12:00:00,1.273964,1.275139,1.273645,1.274820,50
2024-12-09 13:00:00,1.274820,1.275085,1.274303,1.274568,50
2024-12-09 14:00:00,1.274568,1.274809,1.274122,1.274363,50
2024-12-09 15:00:00,1.274363,1.276432,1.274254,1.276323,50
2024-12-09 16:00:00,1.276323,1.276755,1.276066,1.276498,50
2024-12-09 17:00:00,1.276498,1.276731,1.275627,1.275860,50
2024-12-09 18:00:00,1.275860,1.278070,1.275629,1.277838,50
2024-12-09 19:00:00,1.277838,1.278049,1.277255,1.277466,50
2024-12-09 20:00:00,1.277466,1.279364,1.277165,1.279064,50
2024-12-09 21:00:00,1.279064,1.279269,1.278395,1.278600,50
2024-12-09 22:00:00,1.278600,1.279275,1.278306,1.278981,50
2024-12-09 23:00:00,1.278981,1.279157,1.278106,1.278282,50
2024-12-10 00:00:00,1.278282,1.279119,1.278135,1.278973,50
2024-12-10 01:00:00,1.278973,1.279183,1.277407,1.277617,50
2024-12-10 02:00:00,1.277617,1.277839,1.276049,1.276270,50
2024-12-10 03:00:00,1.276270,1.276452,1.276147,1.276330,50
2024-12-10 04:00:00,1.276330,1.276362,1.275395,1.275427,50
2024-12-10 05:00:00,1.275427,1.276881,1.275291,1.276745,50
2024-12-10 06:00:00,1.276745,1.277033,1.276672,1.276961,50
2024-12-10 07:00:00,1.276961,1.276992,1.276701,1.276732,50
2024-12-10 08:00:00,1.276732,1.276940,1.275862,1.276070,50
2024-12-10 09:00:00,1.276070,1.276125,1.275713,1.275768,50
2024-12-10 10:00:00,1.275768,1.276733,1.275661,1.276626,50
2024-12-10 11:00:00,1.276626,1.276828,1.276594,1.276796,50
2024-12-10 12:00:00,1.276796,1.277543,1.276625,1.277373,50
2024-12-10 13:00:00,1.277373,1.278775,1.277210,1.278613,50
2024-12-10 14:00:00,1.278613,1.278623,1.278129,1.278139,50
2024-12-10 15:00:00,1.278139,1.278251,1.277986,1.278099,50
2024-12-10 16:00:00,1.278099,1.278136,1.276812,1.276850,50
2024-12-10 17:00:00,1.276850,1.276897,1.276486,1.276534,50
2024-12-10 18:00:00,1.276534,1.276638,1.275059,1.275164,50
2024-12-10 19:00:00,1.275164,1.275387,1.274922,1.275145,50
2024-12-10 20:00:00,1.275145,1.275629,1.275118,1.275602,50
2024-12-10 21:00:00,1.275602,1.276580,1.275401,1.276378,50
2024-12-10 22:00:00,1.276378,1.276429,1.276215,1.276266,50
2024-12-10 23:00:00,1.276266,1.276383,1.275719,1.275836,50
2024-12-11 00:00:00,1.275836,1.275862,1.274821,1.274847,50
2024-12-11 01:00:00,1.274847,1.274906,1.274107,1.274165,50
2024-12-11 02:00:00,1.274165,1.274790,1.274146,1.274770,50
2024-12-11 03:00:00,1.274770,1.274938,1.274714,1.274881,50
2024-12-11 04:00:00,1.274881,1.274963,1.274119,1.274201,50
2024-12-11 05:00:00,1.274201,1.274455,1.274152,1.274406,50
2024-12-11 06:00:00,1.274406,1.274581,1.274105,1.274280,50
2024-12-11 07:00:00,1.274280,1.275952,1.274169,1.275840,50
2024-12-11 08:00:00,1.275840,1.276685,1.275789,1.276633,50
2024-12-11 09:00:00,1.276633,1.277120,1.276455,1.276942,50
2024-12-11 10:00:00,1.276942,1.277721,1.276889,1.277668,50
2024-12-11 11:00:00,1.277668,1.277842,1.277137,1.277310,50
2024-12-11 12:00:00,1.277310,1.277394,1.276763,1.276846,50
2024-12-11 13:00:00,1.276846,1.276940,1.276492,1.276586,50
2024-12-11 14:00:00,1.276586,1.277239,1.276515,1.277167,50
2024-12-11 15:00:00,1.277167,1.278132,1.277030,1.277994,50
2024-12-11 16:00:00,1.277994,1.278129,1.276790,1.276924,50
2024-12-11 17:00:00,1.276924,1.277884,1.276754,1.277715,50
2024-12-11 18:00:00,1.277715,1.277860,1.276601,1.276747,50
2024-12-11 19:00:00,1.276747,1.276838,1.276203,1.276294,50
2024-12-11 20:00:00,1.276294,1.276462,1.276109,1.276277,50
2024-12-11 21:00:00,1.276277,1.276652,1.276135,1.276510,50
2024-12-11 22:00:00,1.276510,1.276705,1.276007,1.276202,50
2024-12-11 23:00:00,1.276202,1.276410,1.276117,1.276324,50
2024-12-12 00:00:00,1.276324,1.276699,1.273451,1.273826,50
2024-12-12 01:00:00,1.273826,1.275087,1.273570,1.274832,50
2024-12-12 02:00:00,1.274832,1.275486,1.274647,1.275301,50
2024-12-12 03:00:00,1.275301,1.276310,1.274940,1.275948,50
2024-12-12 04:00:00,1.275948,1.276219,1.274847,1.275118,50
2024-12-12 05:00:00,1.275118,1.276491,1.274967,1.276341,50
2024-12-12 06:00:00,1.276341,1.276937,1.276150,1.276747,50
2024-12-12 07:00:00,1.276747,1.277105,1.276657,1.277015,50
2024-12-12 08:00:00,1.277015,1.277329,1.276429,1.276744,50
2024-12-12 09:00:00,1.276744,1.277115,1.273958,1.274330,50
2024-12-12 10:00:00,1.274330,1.277046,1.274326,1.277042,50
2024-12-12 11:00:00,1.277042,1.277524,1.276815,1.277298,50
2024-12-12 12:00:00,1.277298,1.277596,1.276431,1.276730,50
2024-12-12 13:00:00,1.276730,1.276937,1.276116,1.276323,50
2024-12-12 14:00:00,1.276323,1.276335,1.275071,1.275083,50
2024-12-12 15:00:00,1.275083,1.275183,1.273475,1.273575,50
2024-12-12 16:00:00,1.273575,1.274443,1.273372,1.274240,50
2024-12-12 17:00:00,1.274240,1.274294,1.273782,1.273836,50
2024-12-12 18:00:00,1.273836,1.273843,1.272368,1.272374,50
2024-12-12 19:00:00,1.272374,1.272432,1.271496,1.271553,50
2024-12-12 20:00:00,1.271553,1.271575,1.270461,1.270482,50
2024-12-12 21:00:00,1.270482,1.271983,1.270256,1.271757,50
2024-12-12 22:00:00,1.271757,1.273435,1.271505,1.273184,50
2024-12-12 23:00:00,1.273184,1.273324,1.271316,1.271456,50
2024-12-13 00:00:00,1.271456,1.273447,1.271167,1.273158,50
2024-12-13 01:00:00,1.273158,1.273368,1.272850,1.273060,50
2024-12-13 02:00:00,1.273060,1.273309,1.272258,1.272507,50
2024-12-13 03:00:00,1.272507,1.272669,1.270982,1.271144,50
2024-12-13 04:00:00,1.271144,1.273279,1.270939,1.273074,50
2024-12-13 05:00:00,1.273074,1.273697,1.270262,1.270886,50
2024-12-13 06:00:00,1.270886,1.270991,1.270731,1.270836,50
2024-12-13 07:00:00,1.270836,1.270870,1.270666,1.270699,50
2024-12-13 08:00:00,1.270699,1.271334,1.267723,1.268357,50
2024-12-13 09:00:00,1.268357,1.270231,1.268007,1.269880,50
2024-12-13 10:00:00,1.269880,1.270024,1.268376,1.268520,50
2024-12-13 11:00:00,1.268520,1.268697,1.265179,1.265357,50
2024-12-13 12:00:00,1.265357,1.266010,1.263244,1.263898,50
2024-12-13 13:00:00,1.263898,1.264197,1.262474,1.262774,50
2024-12-13 14:00:00,1.262774,1.263218,1.260799,1.261243,50
2024-12-13 15:00:00,1.261243,1.263204,1.261155,1.263116,50
2024-12-13 16:00:00,1.263116,1.264966,1.262630,1.264480,50
2024-12-13 17:00:00,1.264480,1.264912,1.263497,1.263928,50
2024-12-13 18:00:00,1.263928,1.266814,1.263890,1.266776,50
2024-12-13 19:00:00,1.266776,1.266957,1.264297,1.264478,50
2024-12-13 20:00:00,1.264478,1.265186,1.262635,1.263343,50
2024-12-13 21:00:00,1.263343,1.265418,1.263247,1.265322,50
2024-12-13 22:00:00,1.265322,1.265933,1.264124,1.264735,50
2024-12-13 23:00:00,1.264735,1.265350,1.262330,1.262945,50
2024-12-16 00:00:00,1.262945,1.263235,1.261437,1.261727,50
2024-12-16 01:00:00,1.261727,1.264470,1.261420,1.264163,50
2024-12-16 02:00:00,1.264163,1.264538,1.263362,1.263737,50
2024-12-16 03:00:00,1.263737,1.264275,1.263367,1.263905,50
2024-12-16 04:00:00,1.263905,1.264020,1.263522,1.263636,50
2024-12-16 05:00:00,1.263636,1.265093,1.263564,1.265021,50
2024-12-16 06:00:00,1.265021,1.265075,1.264053,1.264106,50
2024-12-16 07:00:00,1.264106,1.266602,1.263806,1.266302,50
2024-12-16 08:00:00,1.266302,1.266391,1.265864,1.265954,50
2024-12-16 09:00:00,1.265954,1.266184,1.265520,1.265750,50
2024-12-16 10:00:00,1.265750,1.265870,1.264279,1.264399,50
2024-12-16 11:00:00,1.264399,1.265288,1.264032,1.264921,50
2024-12-16 12:00:00,1.264921,1.265318,1.262541,1.262938,50
2024-12-16 13:00:00,1.262938,1.263760,1.262879,1.263701,50
2024-12-16 14:00:00,1.263701,1.264528,1.263190,1.264016,50
2024-12-16 15:00:00,1.264016,1.266319,1.263753,1.266055,50
2024-12-16 16:00:00,1.266055,1.266755,1.265570,1.266270,50
2024-12-16 17:00:00,1.266270,1.267143,1.265865,1.266738,50
2024-12-16 18:00:00,1.266738,1.267689,1.266465,1.267417,50
2024-12-16 19:00:00,1.267417,1.268013,1.267329,1.267925,50
2024-12-16 20:00:00,1.267925,1.269339,1.267500,1.268914,50
2024-12-16 21:00:00,1.268914,1.270073,1.268780,1.269938,50
2024-12-16 22:00:00,1.269938,1.270693,1.269499,1.270254,50
2024-12-16 23:00:00,1.270254,1.270368,1.268921,1.269036,50
2024-12-17 00:00:00,1.269036,1.270066,1.268839,1.269870,50
2024-12-17 01:00:00,1.269870,1.270012,1.268899,1.269042,50
2024-12-17 02:00:00,1.269042,1.269194,1.268334,1.268487,50
2024-12-17 03:00:00,1.268487,1.270115,1.268275,1.269904,50
2024-12-17 04:00:00,1.269904,1.271782,1.269771,1.271649,50
2024-12-17 05:00:00,1.271649,1.271844,1.270840,1.271036,50
2024-12-17 06:00:00,1.271036,1.271166,1.270963,1.271093,50
2024-12-17 07:00:00,1.271093,1.271316,1.270631,1.270854,50
2024-12-17 08:00:00,1.270854,1.270932,1.269718,1.269796,50
2024-12-17 09:00:00,1.269796,1.270671,1.269745,1.270620,50
2024-12-17 10:00:00,1.270620,1.271833,1.270414,1.271627,50
2024-12-17 11:00:00,1.271627,1.271977,1.271584,1.271935,50
2024-12-17 12:00:00,1.271935,1.272108,1.271471,1.271644,50
2024-12-17 13:00:00,1.271644,1.271827,1.271046,1.271229,50
2024-12-17 14:00:00,1.271229,1.272086,1.271028,1.271885,50
2024-12-17 15:00:00,1.271885,1.271914,1.271481,1.271509,50
2024-12-17 16:00:00,1.271509,1.271660,1.271048,1.271198,50
2024-12-17 17:00:00,1.271198,1.272498,1.271028,1.272328,50
2024-12-17 18:00:00,1.272328,1.272533,1.271932,1.272137,50
2024-12-17 19:00:00,1.272137,1.272396,1.272058,1.272316,50
2024-12-17 20:00:00,1.272316,1.272534,1.270822,1.271039,50
2024-12-17 21:00:00,1.271039,1.271640,1.271039,1.271640,50
2024-12-17 22:00:00,1.271640,1.271747,1.269850,1.269957,50
2024-12-17 23:00:00,1.269957,1.271879,1.269856,1.271779,50
2024-12-18 00:00:00,1.271779,1.272362,1.271770,1.272354,50
2024-12-18 01:00:00,1.272354,1.272549,1.270908,1.271104,50
2024-12-18 02:00:00,1.271104,1.271308,1.270245,1.270449,50
2024-12-18 03:00:00,1.270449,1.271071,1.270399,1.271021,50
2024-12-18 04:00:00,1.271021,1.271105,1.270496,1.270581,50
2024-12-18 05:00:00,1.270581,1.270792,1.270377,1.270588,50
2024-12-18 06:00:00,1.270588,1.270793,1.269882,1.270087,50
2024-12-18 07:00:00,1.270087,1.270255,1.269651,1.269819,50
2024-12-18 08:00:00,1.269819,1.270110,1.269741,1.270031,50
2024-12-18 09:00:00,1.270031,1.270785,1.269993,1.270748,50
2024-12-18 10:00:00,1.270748,1.270965,1.270385,1.270602,50
2024-12-18 11:00:00,1.270602,1.270780,1.269323,1.269502,50
2024-12-18 12:00:00,1.269502,1.269609,1.269041,1.269148,50
2024-12-18 13:00:00,1.269148,1.269298,1.268676,1.268825,50
2024-12-18 14:00:00,1.268825,1.269554,1.268610,1.269339,50
2024-12-18 15:00:00,1.269339,1.270882,1.269178,1.270720,50
2024-12-18 16:00:00,1.270720,1.270739,1.270508,1.270527,50
2024-12-18 17:00:00,1.270527,1.270622,1.269997,1.270092,50
2024-12-18 18:00:00,1.270092,1.270209,1.269899,1.270017,50
2024-12-18 19:00:00,1.270017,1.270818,1.269829,1.270630,50
2024-12-18 20:00:00,1.270630,1.270843,1.270259,1.270472,50
2024-12-18 21:00:00,1.270472,1.270715,1.270397,1.270640,50
2024-12-18 22:00:00,1.270640,1.270881,1.270529,1.270770,50
2024-12-18 23:00:00,1.270770,1.270814,1.269635,1.269680,50
2024-12-19 00:00:00,1.269680,1.270060,1.269174,1.269554,50
2024-12-19 01:00:00,1.269554,1.269980,1.268818,1.269245,50
2024-12-19 02:00:00,1.269245,1.269359,1.264651,1.264764,50
2024-12-19 03:00:00,1.264764,1.268813,1.264245,1.268294,50
2024-12-19 04:00:00,1.268294,1.270797,1.267247,1.269750,50
2024-12-19 05:00:00,1.269750,1.270095,1.268084,1.268429,50
2024-12-19 06:00:00,1.268429,1.268735,1.261841,1.262147,50
2024-12-19 07:00:00,1.262147,1.262160,1.255503,1.255516,50
2024-12-19 08:00:00,1.255516,1.256729,1.251017,1.252230,50
2024-12-19 09:00:00,1.252230,1.253064,1.251789,1.252622,50
2024-12-19 10:00:00,1.252622,1.253334,1.250864,1.251575,50
2024-12-19 11:00:00,1.251575,1.252407,1.250314,1.251146,50
2024-12-19 12:00:00,1.251146,1.252314,1.248467,1.249635,50
2024-12-19 13:00:00,1.249635,1.253122,1.249040,1.252527,50
2024-12-19 14:00:00,1.252527,1.255079,1.252441,1.254993,50
2024-12-19 15:00:00,1.254993,1.256562,1.254762,1.256331,50
2024-12-19 16:00:00,1.256331,1.256708,1.255159,1.255535,50
2024-12-19 17:00:00,1.255535,1.256744,1.255255,1.256464,50
2024-12-19 18:00:00,1.256464,1.258745,1.256323,1.258603,50
2024-12-19 19:00:00,1.258603,1.258942,1.257102,1.257441,50
2024-12-19 20:00:00,1.257441,1.257826,1.254900,1.255285,50
2024-12-19 21:00:00,1.255285,1.255744,1.252816,1.253274,50
2024-12-19 22:00:00,1.253274,1.258765,1.252166,1.257657,50
2024-12-19 23:00:00,1.257657,1.258505,1.252127,1.252976,50
2024-12-20 00:00:00,1.252976,1.257307,1.252691,1.257023,50
2024-12-20 01:00:00,1.257023,1.257759,1.256975,1.257712,50
2024-12-20 02:00:00,1.257712,1.258043,1.256664,1.256995,50
2024-12-20 03:00:00,1.256995,1.258770,1.256895,1.258670,50
2024-12-20 04:00:00,1.258670,1.259002,1.256551,1.256883,50
2024-12-20 05:00:00,1.256883,1.257868,1.256831,1.257817,50
2024-12-20 06:00:00,1.257817,1.258141,1.256220,1.256544,50
2024-12-20 07:00:00,1.256544,1.257356,1.256075,1.256887,50
2024-12-20 08:00:00,1.256887,1.258771,1.256508,1.258392,50
2024-12-20 09:00:00,1.258392,1.258602,1.256344,1.256555,50
2024-12-20 10:00:00,1.256555,1.256933,1.255786,1.256165,50
2024-12-20 11:00:00,1.256165,1.256170,1.253573,1.253578,50
2024-12-20 12:00:00,1.253578,1.254313,1.253239,1.253974,50
2024-12-20 13:00:00,1.253974,1.254278,1.251537,1.251840,50
2024-12-20 14:00:00,1.251840,1.254238,1.251493,1.253891,50
2024-12-20 15:00:00,1.253891,1.254659,1.253660,1.254428,50
2024-12-20 16:00:00,1.254428,1.257285,1.254200,1.257056,50
2024-12-20 17:00:00,1.257056,1.257084,1.256619,1.256646,50
2024-12-20 18:00:00,1.256646,1.257287,1.256209,1.256850,50
2024-12-20 19:00:00,1.256850,1.257313,1.255366,1.255829,50
2024-12-20 20:00:00,1.255829,1.256015,1.255370,1.255555,50
2024-12-20 21:00:00,1.255555,1.256502,1.255282,1.256229,50
2024-12-20 22:00:00,1.256229,1.260154,1.255864,1.259789,50
2024-12-20 23:00:00,1.259789,1.260062,1.258380,1.258653,50
2024-12-23 00:00:00,1.258653,1.258856,1.253250,1.253452,50
2024-12-23 01:00:00,1.253452,1.253781,1.252662,1.252990,50
2024-12-23 02:00:00,1.252990,1.253360,1.252114,1.252484,50
2024-12-23 03:00:00,1.252484,1.252665,1.252286,1.252466,50
2024-12-23 04:00:00,1.252466,1.253421,1.252304,1.253259,50
2024-12-23 05:00:00,1.253259,1.254062,1.252897,1.253700,50
2024-12-23 06:00:00,1.253700,1.255409,1.253328,1.255037,50
2024-12-23 07:00:00,1.255037,1.255495,1.254269,1.254728,50
2024-12-23 08:00:00,1.254728,1.257370,1.254288,1.256930,50
2024-12-23 09:00:00,1.256930,1.257125,1.256026,1.256221,50
2024-12-23 10:00:00,1.256221,1.256585,1.255576,1.255940,50
2024-12-23 11:00:00,1.255940,1.258468,1.255583,1.258110,50
2024-12-23 12:00:00,1.258110,1.258836,1.257887,1.258613,50
2024-12-23 13:00:00,1.258613,1.260204,1.258198,1.259789,50
2024-12-23 14:00:00,1.259789,1.260213,1.257348,1.257773,50
2024-12-23 15:00:00,1.257773,1.258159,1.256001,1.256388,50
2024-12-23 16:00:00,1.256388,1.256802,1.256108,1.256523,50
2024-12-23 17:00:00,1.256523,1.256742,1.256312,1.256531,50
2024-12-23 18:00:00,1.256531,1.256763,1.254250,1.254482,50
2024-12-23 19:00:00,1.254482,1.254715,1.253000,1.253233,50
2024-12-23 20:00:00,1.253233,1.253897,1.252873,1.253537,50
2024-12-23 21:00:00,1.253537,1.253607,1.252618,1.252688,50
2024-12-23 22:00:00,1.252688,1.252946,1.252034,1.252293,50
2024-12-23 23:00:00,1.252293,1.253321,1.251948,1.252976,50
2024-12-24 00:00:00,1.252976,1.254625,1.252781,1.254430,50
2024-12-24 01:00:00,1.254430,1.254722,1.254312,1.254604,50
2024-12-24 02:00:00,1.254604,1.254719,1.254023,1.254138,50
2024-12-24 03:00:00,1.254138,1.254145,1.253364,1.253372,50
2024-12-24 04:00:00,1.253372,1.253998,1.253220,1.253846,50
2024-12-24 05:00:00,1.253846,1.253856,1.253795,1.253805,50
2024-12-24 06:00:00,1.253805,1.254764,1.253709,1.254669,50
2024-12-24 07:00:00,1.254669,1.254774,1.253811,1.253916,50
2024-12-24 08:00:00,1.253916,1.254415,1.253781,1.254280,50
2024-12-24 09:00:00,1.254280,1.254433,1.253362,1.253514,50
2024-12-24 10:00:00,1.253514,1.253627,1.252056,1.252168,50
2024-12-24 11:00:00,1.252168,1.252235,1.251410,1.251477,50
2024-12-24 12:00:00,1.251477,1.251483,1.251354,1.251360,50
2024-12-24 13:00:00,1.251360,1.251400,1.250978,1.251018,50
2024-12-24 14:00:00,1.251018,1.251308,1.250961,1.251251,50
2024-12-24 15:00:00,1.251251,1.252159,1.251164,1.252071,50
2024-12-24 16:00:00,1.252071,1.252363,1.251848,1.252140,50
2024-12-24 17:00:00,1.252140,1.252389,1.252076,1.252325,50
2024-12-24 18:00:00,1.252325,1.252770,1.252277,1.252723,50
2024-12-24 19:00:00,1.252723,1.252926,1.252303,1.252507,50
2024-12-24 20:00:00,1.252507,1.252617,1.252353,1.252464,50
2024-12-24 21:00:00,1.252464,1.252593,1.251851,1.251980,50
2024-12-24 22:00:00,1.251980,1.252741,1.251844,1.252605,50
2024-12-24 23:00:00,1.252605,1.252941,1.252483,1.252819,50
2024-12-26 00:00:00,1.252819,1.254480,1.252722,1.254383,50
2024-12-26 01:00:00,1.254383,1.254405,1.253698,1.253720,50
2024-12-26 02:00:00,1.253720,1.253912,1.253474,1.253666,50
2024-12-26 03:00:00,1.253666,1.253674,1.253468,1.253477,50
2024-12-26 04:00:00,1.253477,1.253997,1.253363,1.253884,50
2024-12-26 05:00:00,1.253884,1.254008,1.253145,1.253270,50
2024-12-26 06:00:00,1.253270,1.253449,1.252834,1.253013,50
2024-12-26 07:00:00,1.253013,1.253124,1.252675,1.252786,50
2024-12-26 08:00:00,1.252786,1.253007,1.252677,1.252898,50
2024-12-26 09:00:00,1.252898,1.253166,1.252731,1.252998,50
2024-12-26 10:00:00,1.252998,1.253008,1.252571,1.252581,50
2024-12-26 11:00:00,1.252581,1.252599,1.251416,1.251434,50
2024-12-26 12:00:00,1.251434,1.252541,1.251254,1.252361,50
2024-12-26 13:00:00,1.252361,1.252922,1.252252,1.252813,50
2024-12-26 14:00:00,1.252813,1.252940,1.252052,1.252178,50
2024-12-26 15:00:00,1.252178,1.252256,1.251642,1.251721,50
2024-12-26 16:00:00,1.251721,1.251881,1.251488,1.251648,50
2024-12-26 17:00:00,1.251648,1.252065,1.251516,1.251933,50
2024-12-26 18:00:00,1.251933,1.252000,1.250560,1.250627,50
2024-12-26 19:00:00,1.250627,1.251127,1.250411,1.250912,50
2024-12-26 20:00:00,1.250912,1.251052,1.250575,1.250715,50
2024-12-26 21:00:00,1.250715,1.251279,1.250585,1.251149,50
2024-12-26 22:00:00,1.251149,1.251374,1.251110,1.251334,50
2024-12-26 23:00:00,1.251334,1.252219,1.251307,1.252191,50
2024-12-27 00:00:00,1.252191,1.253162,1.251885,1.252856,50
2024-12-27 01:00:00,1.252856,1.253084,1.252457,1.252685,50
2024-12-27 02:00:00,1.252685,1.252993,1.252485,1.252793,50
2024-12-27 03:00:00,1.252793,1.252894,1.252451,1.252553,50
2024-12-27 04:00:00,1.252553,1.253100,1.252229,1.252777,50
2024-12-27 05:00:00,1.252777,1.258031,1.252665,1.257920,50
2024-12-27 06:00:00,1.257920,1.258163,1.255610,1.255854,50
2024-12-27 07:00:00,1.255854,1.257432,1.255803,1.257381,50
2024-12-27 08:00:00,1.257381,1.257855,1.257190,1.257664,50
2024-12-27 09:00:00,1.257664,1.257704,1.257607,1.257647,50
2024-12-27 10:00:00,1.257647,1.258505,1.257378,1.258237,50
2024-12-27 11:00:00,1.258237,1.258238,1.257216,1.257218,50
2024-12-27 12:00:00,1.257218,1.257434,1.255475,1.255691,50
2024-12-27 13:00:00,1.255691,1.256028,1.252272,1.252609,50
2024-12-27 14:00:00,1.252609,1.254309,1.252204,1.253904,50
2024-12-27 15:00:00,1.253904,1.253928,1.252938,1.252962,50
2024-12-27 16:00:00,1.252962,1.253203,1.250943,1.251184,50
2024-12-27 17:00:00,1.251184,1.251522,1.251071,1.251410,50
2024-12-27 18:00:00,1.251410,1.253122,1.251392,1.253104,50
2024-12-27 19:00:00,1.253104,1.253827,1.252899,1.253621,50
2024-12-27 20:00:00,1.253621,1.253976,1.252082,1.252437,50
2024-12-27 21:00:00,1.252437,1.255981,1.252160,1.255704,50
2024-12-27 22:00:00,1.255704,1.257205,1.255292,1.256793,50
2024-12-27 23:00:00,1.256793,1.257586,1.256437,1.257229,50
2024-12-30 00:00:00,1.257229,1.258297,1.257094,1.258161,50
2024-12-30 01:00:00,1.258161,1.258570,1.257797,1.258205,50
2024-12-30 02:00:00,1.258205,1.258607,1.256405,1.256807,50
2024-12-30 03:00:00,1.256807,1.256983,1.256624,1.256800,50
2024-12-30 04:00:00,1.256800,1.256889,1.256251,1.256339,50
2024-12-30 05:00:00,1.256339,1.256730,1.254732,1.255122,50
2024-12-30 06:00:00,1.255122,1.255215,1.255116,1.255209,50
2024-12-30 07:00:00,1.255209,1.256286,1.254949,1.256026,50
2024-12-30 08:00:00,1.256026,1.256346,1.254839,1.255160,50
2024-12-30 09:00:00,1.255160,1.255323,1.254599,1.254763,50
2024-12-30 10:00:00,1.254763,1.255303,1.254613,1.255152,50
2024-12-30 11:00:00,1.255152,1.255482,1.254739,1.255068,50
2024-12-30 12:00:00,1.255068,1.255446,1.253558,1.253935,50
2024-12-30 13:00:00,1.253935,1.253961,1.253815,1.253841,50
2024-12-30 14:00:00,1.253841,1.254853,1.253517,1.254530,50
2024-12-30 15:00:00,1.254530,1.254609,1.254063,1.254142,50
2024-12-30 16:00:00,1.254142,1.254443,1.253120,1.253421,50
2024-12-30 17:00:00,1.253421,1.253552,1.251241,1.251372,50
2024-12-30 18:00:00,1.251372,1.252229,1.251133,1.251990,50
2024-12-30 19:00:00,1.251990,1.252786,1.251756,1.252551,50
2024-12-30 20:00:00,1.252551,1.252678,1.252462,1.252588,50
2024-12-30 21:00:00,1.252588,1.252766,1.252348,1.252526,50
2024-12-30 22:00:00,1.252526,1.253565,1.252372,1.253411,50
2024-12-30 23:00:00,1.253411,1.253702,1.252058,1.252348,50
2024-12-31 00:00:00,1.252348,1.253265,1.252155,1.253072,50
2024-12-31 01:00:00,1.253072,1.253301,1.253021,1.253250,50
2024-12-31 02:00:00,1.253250,1.253297,1.252299,1.252346,50
2024-12-31 03:00:00,1.252346,1.252744,1.252225,1.252623,50
2024-12-31 04:00:00,1.252623,1.253637,1.252611,1.253626,50
2024-12-31 05:00:00,1.253626,1.253684,1.253071,1.253129,50
2024-12-31 06:00:00,1.253129,1.253274,1.252257,1.252402,50
2024-12-31 07:00:00,1.252402,1.252454,1.251053,1.251105,50
2024-12-31 08:00:00,1.251105,1.251689,1.250956,1.251540,50
2024-12-31 09:00:00,1.251540,1.251740,1.250974,1.251173,50
2024-12-31 10:00:00,1.251173,1.251869,1.251053,1.251749,50
2024-12-31 11:00:00,1.251749,1.251859,1.250495,1.250606,50
2024-12-31 12:00:00,1.250606,1.250672,1.250342,1.250408,50
2024-12-31 13:00:00,1.250408,1.250473,1.250248,1.250313,50
2024-12-31 14:00:00,1.250313,1.251102,1.250138,1.250927,50
2024-12-31 15:00:00,1.250927,1.252283,1.250831,1.252186,50
2024-12-31 16:00:00,1.252186,1.252411,1.251025,1.251249,50
2024-12-31 17:00:00,1.251249,1.251383,1.250868,1.251002,50
2024-12-31 18:00:00,1.251002,1.251214,1.250380,1.250592,50
2024-12-31 19:00:00,1.250592,1.251427,1.250371,1.251205,50
2024-12-31 20:00:00,1.251205,1.252644,1.251107,1.252545,50
2024-12-31 21:00:00,1.252545,1.252764,1.251729,1.251947,50
2024-12-31 22:00:00,1.251947,1.252715,1.251743,1.252511,50
2024-12-31 23:00:00,1.252511,1.252588,1.251957,1.252035,50
