date,open,high,low,close,volume
2022-12-15 00:00:00,0.732654,0.732654,0.732654,0.732654,50
2022-12-15 01:00:00,0.732654,0.732654,0.732654,0.732654,50
2022-12-15 02:00:00,0.732654,0.732654,0.732654,0.732654,50
2022-12-15 03:00:00,0.732654,0.732654,0.732654,0.732654,50
2022-12-15 04:00:00,0.732654,0.732654,0.732654,0.732654,50
2022-12-15 05:00:00,0.732654,0.732654,0.732654,0.732654,50
2022-12-15 06:00:00,0.732654,0.732654,0.732654,0.732654,50
2022-12-15 07:00:00,0.732654,0.732654,0.732654,0.732654,50
2022-12-15 08:00:00,0.732654,0.732654,0.732654,0.732654,50
2022-12-15 09:00:00,0.732654,0.732654,0.732654,0.732654,50
2022-12-15 10:00:00,0.732654,0.732654,0.732654,0.732654,50
2022-12-15 11:00:00,0.732654,0.732654,0.732654,0.732654,50
2022-12-15 12:00:00,0.732654,0.732654,0.732654,0.732654,50
2022-12-15 13:00:00,0.732654,0.732654,0.732654,0.732654,50
2022-12-15 14:00:00,0.732654,0.732654,0.732654,0.732654,50
2022-12-15 15:00:00,0.732654,0.732654,0.732654,0.732654,50
2022-12-15 16:00:00,0.732654,0.732654,0.732654,0.732654,50
2022-12-15 17:00:00,0.732654,0.732654,0.732654,0.732654,50
2022-12-15 18:00:00,0.732654,0.732654,0.732654,0.732654,50
2022-12-15 19:00:00,0.732654,0.732654,0.732654,0.732654,50
2022-12-15 20:00:00,0.732654,0.732654,0.732654,0.732654,50
2022-12-15 21:00:00,0.732654,0.732654,0.732654,0.732654,50
2022-12-15 22:00:00,0.732654,0.732654,0.732654,0.732654,50
2022-12-15 23:00:00,0.732654,0.732654,0.732654,0.732654,50
2022-12-16 00:00:00,0.732654,0.733209,0.732539,0.733093,50
2022-12-16 01:00:00,0.733093,0.733272,0.732562,0.732741,50
2022-12-16 02:00:00,0.732741,0.732747,0.732525,0.732532,50
2022-12-16 03:00:00,0.732532,0.732849,0.732460,0.732778,50
2022-12-16 04:00:00,0.732778,0.732866,0.732671,0.732758,50
2022-12-16 05:00:00,0.732758,0.732927,0.732465,0.732634,50
2022-12-16 06:00:00,0.732634,0.732669,0.732548,0.732583,50
2022-12-16 07:00:00,0.732583,0.732630,0.732489,0.732537,50
2022-12-16 08:00:00,0.732537,0.732582,0.732146,0.732192,50
2022-12-16 09:00:00,0.732192,0.732201,0.731665,0.731674,50
2022-12-16 10:00:00,0.731674,0.731798,0.730755,0.730879,50
2022-12-16 11:00:00,0.730879,0.731082,0.730729,0.730932,50
2022-12-16 12:00:00,0.730932,0.731393,0.730851,0.731313,50
2022-12-16 13:00:00,0.731313,0.731320,0.730941,0.730948,50
2022-12-16 14:00:00,0.730948,0.731245,0.730816,0.731114,50
2022-12-16 15:00:00,0.731114,0.731679,0.730978,0.731543,50
2022-12-16 16:00:00,0.731543,0.731663,0.730533,0.730653,50
2022-12-16 17:00:00,0.730653,0.730714,0.730150,0.730211,50
2022-12-16 18:00:00,0.730211,0.730551,0.730058,0.730398,50
2022-12-16 19:00:00,0.730398,0.730683,0.730281,0.730567,50
2022-12-16 20:00:00,0.730567,0.730676,0.730250,0.730358,50
2022-12-16 21:00:00,0.730358,0.730458,0.730160,0.730260,50
2022-12-16 22:00:00,0.730260,0.730303,0.729978,0.730021,50
2022-12-16 23:00:00,0.730021,0.730544,0.729937,0.730460,50
2022-12-19 00:00:00,0.730460,0.730642,0.729722,0.729903,50
2022-12-19 01:00:00,0.729903,0.730664,0.729678,0.730439,50
2022-12-19 02:00:00,0.730439,0.730831,0.730417,0.730809,50
2022-12-19 03:00:00,0.730809,0.731039,0.730788,0.731018,50
2022-12-19 04:00:00,0.731018,0.731257,0.730842,0.731081,50
2022-12-19 05:00:00,0.731081,0.731186,0.731007,0.731111,50
2022-12-19 06:00:00,0.731111,0.731202,0.730971,0.731062,50
2022-12-19 07:00:00,0.731062,0.731496,0.730857,0.731291,50
2022-12-19 08:00:00,0.731291,0.731465,0.730828,0.731002,50
2022-12-19 09:00:00,0.731002,0.731872,0.730847,0.731718,50
2022-12-19 10:00:00,0.731718,0.732560,0.731515,0.732357,50
2022-12-19 11:00:00,0.732357,0.732675,0.732186,0.732503,50
2022-12-19 12:00:00,0.732503,0.733245,0.732314,0.733055,50
2022-12-19 13:00:00,0.733055,0.733833,0.732905,0.733682,50
2022-12-19 14:00:00,0.733682,0.733821,0.733517,0.733656,50
2022-12-19 15:00:00,0.733656,0.733670,0.733320,0.733334,50
2022-12-19 16:00:00,0.733334,0.733978,0.733121,0.733765,50
2022-12-19 17:00:00,0.733765,0.733978,0.732943,0.733156,50
2022-12-19 18:00:00,0.733156,0.733666,0.733074,0.733584,50
2022-12-19 19:00:00,0.733584,0.733949,0.733438,0.733802,50
2022-12-19 20:00:00,0.733802,0.733806,0.733473,0.733477,50
2022-12-19 21:00:00,0.733477,0.733594,0.732349,0.732466,50
2022-12-19 22:00:00,0.732466,0.732780,0.732320,0.732634,50
2022-12-19 23:00:00,0.732634,0.733314,0.732565,0.733245,50
2022-12-20 00:00:00,0.733245,0.734433,0.733146,0.734334,50
2022-12-20 01:00:00,0.734334,0.734406,0.734072,0.734144,50
2022-12-20 02:00:00,0.734144,0.734159,0.733641,0.733656,50
2022-12-20 03:00:00,0.733656,0.733686,0.733322,0.733352,50
2022-12-20 04:00:00,0.733352,0.733466,0.733285,0.733399,50
2022-12-20 05:00:00,0.733399,0.733848,0.733296,0.733745,50
2022-12-20 06:00:00,0.733745,0.733781,0.733100,0.733136,50
2022-12-20 07:00:00,0.733136,0.733151,0.732769,0.732784,50
2022-12-20 08:00:00,0.732784,0.732938,0.732737,0.732891,50
2022-12-20 09:00:00,0.732891,0.732922,0.732882,0.732913,50
2022-12-20 10:00:00,0.732913,0.732957,0.732638,0.732682,50
2022-12-20 11:00:00,0.732682,0.733287,0.732567,0.733172,50
2022-12-20 12:00:00,0.733172,0.733282,0.733147,0.733258,50
2022-12-20 13:00:00,0.733258,0.733298,0.733088,0.733128,50
2022-12-20 14:00:00,0.733128,0.733541,0.733026,0.733439,50
2022-12-20 15:00:00,0.733439,0.733465,0.733240,0.733266,50
2022-12-20 16:00:00,0.733266,0.733946,0.733251,0.733930,50
2022-12-20 17:00:00,0.733930,0.733963,0.733762,0.733795,50
2022-12-20 18:00:00,0.733795,0.734532,0.733714,0.734451,50
2022-12-20 19:00:00,0.734451,0.734979,0.734357,0.734885,50
2022-12-20 20:00:00,0.734885,0.734975,0.734628,0.734717,50
2022-12-20 21:00:00,0.734717,0.734748,0.734709,0.734740,50
2022-12-20 22:00:00,0.734740,0.734777,0.734590,0.734628,50
2022-12-20 23:00:00,0.734628,0.734643,0.734307,0.734322,50
2022-12-21 00:00:00,0.734322,0.735019,0.734243,0.734940,50
2022-12-21 01:00:00,0.734940,0.735013,0.734485,0.734558,50
2022-12-21 02:00:00,0.734558,0.735053,0.734458,0.734952,50
2022-12-21 03:00:00,0.734952,0.734984,0.734803,0.734834,50
2022-12-21 04:00:00,0.734834,0.735392,0.734723,0.735281,50
2022-12-21 05:00:00,0.735281,0.735436,0.735160,0.735316,50
2022-12-21 06:00:00,0.735316,0.735320,0.734859,0.734864,50
2022-12-21 07:00:00,0.734864,0.734908,0.734701,0.734745,50
2022-12-21 08:00:00,0.734745,0.734793,0.734491,0.734539,50
2022-12-21 09:00:00,0.734539,0.734590,0.734458,0.734508,50
2022-12-21 10:00:00,0.734508,0.734680,0.734437,0.734609,50
2022-12-21 11:00:00,0.734609,0.734642,0.733417,0.733451,50
2022-12-21 12:00:00,0.733451,0.734096,0.733365,0.734010,50
2022-12-21 13:00:00,0.734010,0.734127,0.733829,0.733945,50
2022-12-21 14:00:00,0.733945,0.734068,0.732991,0.733113,50
2022-12-21 15:00:00,0.733113,0.733700,0.733002,0.733588,50
2022-12-21 16:00:00,0.733588,0.733912,0.733559,0.733883,50
2022-12-21 17:00:00,0.733883,0.734115,0.733785,0.734017,50
2022-12-21 18:00:00,0.734017,0.734537,0.733915,0.734435,50
2022-12-21 19:00:00,0.734435,0.734576,0.734355,0.734496,50
2022-12-21 20:00:00,0.734496,0.734586,0.734295,0.734384,50
2022-12-21 21:00:00,0.734384,0.734452,0.734346,0.734414,50
2022-12-21 22:00:00,0.734414,0.734997,0.734312,0.734895,50
2022-12-21 23:00:00,0.734895,0.734927,0.734075,0.734107,50
2022-12-22 00:00:00,0.734107,0.734154,0.733968,0.734015,50
2022-12-22 01:00:00,0.734015,0.734111,0.733968,0.734064,50
2022-12-22 02:00:00,0.734064,0.734244,0.733946,0.734126,50
2022-12-22 03:00:00,0.734126,0.734418,0.734088,0.734380,50
2022-12-22 04:00:00,0.734380,0.734470,0.734103,0.734193,50
2022-12-22 05:00:00,0.734193,0.734400,0.734062,0.734269,50
2022-12-22 06:00:00,0.734269,0.734349,0.734175,0.734255,50
2022-12-22 07:00:00,0.734255,0.734480,0.734216,0.734440,50
2022-12-22 08:00:00,0.734440,0.734459,0.733810,0.733829,50
2022-12-22 09:00:00,0.733829,0.734052,0.733737,0.733961,50
2022-12-22 10:00:00,0.733961,0.733986,0.733589,0.733614,50
2022-12-22 11:00:00,0.733614,0.733670,0.733280,0.733336,50
2022-12-22 12:00:00,0.733336,0.733450,0.733149,0.733263,50
2022-12-22 13:00:00,0.733263,0.733372,0.732793,0.732903,50
2022-12-22 14:00:00,0.732903,0.732941,0.732759,0.732798,50
2022-12-22 15:00:00,0.732798,0.732993,0.732746,0.732942,50
2022-12-22 16:00:00,0.732942,0.732982,0.732876,0.732917,50
2022-12-22 17:00:00,0.732917,0.732958,0.732759,0.732800,50
2022-12-22 18:00:00,0.732800,0.732869,0.732398,0.732468,50
2022-12-22 19:00:00,0.732468,0.732484,0.732311,0.732328,50
2022-12-22 20:00:00,0.732328,0.732344,0.732228,0.732244,50
2022-12-22 21:00:00,0.732244,0.732264,0.732086,0.732106,50
2022-12-22 22:00:00,0.732106,0.732234,0.732060,0.732188,50
2022-12-22 23:00:00,0.732188,0.732515,0.732113,0.732440,50
2022-12-23 00:00:00,0.732440,0.732625,0.732153,0.732338,50
2022-12-23 01:00:00,0.732338,0.732809,0.732141,0.732611,50
2022-12-23 02:00:00,0.732611,0.733650,0.732406,0.733444,50
2022-12-23 03:00:00,0.733444,0.734411,0.733172,0.734139,50
2022-12-23 04:00:00,0.734139,0.734200,0.733870,0.733931,50
2022-12-23 05:00:00,0.733931,0.734162,0.733687,0.733917,50
2022-12-23 06:00:00,0.733917,0.734957,0.733897,0.734937,50
2022-12-23 07:00:00,0.734937,0.735309,0.734861,0.735232,50
2022-12-23 08:00:00,0.735232,0.736011,0.735054,0.735832,50
2022-12-23 09:00:00,0.735832,0.736804,0.735737,0.736709,50
2022-12-23 10:00:00,0.736709,0.736855,0.736035,0.736181,50
2022-12-23 11:00:00,0.736181,0.736247,0.735549,0.735615,50
2022-12-23 12:00:00,0.735615,0.736239,0.735539,0.736162,50
2022-12-23 13:00:00,0.736162,0.736293,0.735334,0.735465,50
2022-12-23 14:00:00,0.735465,0.735647,0.734691,0.734874,50
2022-12-23 15:00:00,0.734874,0.735082,0.734375,0.734582,50
2022-12-23 16:00:00,0.734582,0.734734,0.734432,0.734584,50
2022-12-23 17:00:00,0.734584,0.735053,0.734471,0.734939,50
2022-12-23 18:00:00,0.734939,0.735228,0.734090,0.734379,50
2022-12-23 19:00:00,0.734379,0.734904,0.734147,0.734672,50
2022-12-23 20:00:00,0.734672,0.734908,0.734508,0.734745,50
2022-12-23 21:00:00,0.734745,0.734907,0.734073,0.734235,50
2022-12-23 22:00:00,0.734235,0.734280,0.732929,0.732974,50
2022-12-23 23:00:00,0.732974,0.736057,0.732914,0.735998,50
2022-12-27 00:00:00,0.735998,0.737984,0.735696,0.737682,50
2022-12-27 01:00:00,0.737682,0.737935,0.737438,0.737691,50
2022-12-27 02:00:00,0.737691,0.737854,0.737178,0.737341,50
2022-12-27 03:00:00,0.737341,0.737428,0.736849,0.736935,50
2022-12-27 04:00:00,0.736935,0.737036,0.734992,0.735093,50
2022-12-27 05:00:00,0.735093,0.735756,0.734740,0.735403,50
2022-12-27 06:00:00,0.735403,0.736195,0.735137,0.735929,50
2022-12-27 07:00:00,0.735929,0.736284,0.735889,0.736244,50
2022-12-27 08:00:00,0.736244,0.736590,0.735765,0.736111,50
2022-12-27 09:00:00,0.736111,0.736214,0.735742,0.735845,50
2022-12-27 10:00:00,0.735845,0.736861,0.735582,0.736598,50
2022-12-27 11:00:00,0.736598,0.737873,0.736424,0.737698,50
2022-12-27 12:00:00,0.737698,0.738434,0.737596,0.738331,50
2022-12-27 13:00:00,0.738331,0.738411,0.738170,0.738250,50
2022-12-27 14:00:00,0.738250,0.739205,0.738030,0.738985,50
2022-12-27 15:00:00,0.738985,0.741001,0.738829,0.740845,50
2022-12-27 16:00:00,0.740845,0.741082,0.740118,0.740355,50
2022-12-27 17:00:00,0.740355,0.741528,0.740091,0.741263,50
2022-12-27 18:00:00,0.741263,0.741575,0.740111,0.740422,50
2022-12-27 19:00:00,0.740422,0.740747,0.739432,0.739756,50
2022-12-27 20:00:00,0.739756,0.741664,0.739519,0.741426,50
2022-12-27 21:00:00,0.741426,0.741793,0.740072,0.740439,50
2022-12-27 22:00:00,0.740439,0.740628,0.739760,0.739948,50
2022-12-27 23:00:00,0.739948,0.740859,0.739611,0.740521,50
2022-12-28 00:00:00,0.740521,0.741538,0.740380,0.741397,50
2022-12-28 01:00:00,0.741397,0.741699,0.740119,0.740422,50
2022-12-28 02:00:00,0.740422,0.740778,0.739260,0.739616,50
2022-12-28 03:00:00,0.739616,0.739909,0.738021,0.738314,50
2022-12-28 04:00:00,0.738314,0.738388,0.738118,0.738192,50
2022-12-28 05:00:00,0.738192,0.738484,0.736862,0.737154,50
2022-12-28 06:00:00,0.737154,0.737323,0.736244,0.736413,50
2022-12-28 07:00:00,0.736413,0.737105,0.736091,0.736783,50
2022-12-28 08:00:00,0.736783,0.736963,0.735295,0.735475,50
2022-12-28 09:00:00,0.735475,0.736092,0.735127,0.735743,50
2022-12-28 10:00:00,0.735743,0.737228,0.735364,0.736849,50
2022-12-28 11:00:00,0.736849,0.737511,0.736532,0.737194,50
2022-12-28 12:00:00,0.737194,0.738180,0.736877,0.737862,50
2022-12-28 13:00:00,0.737862,0.738578,0.737547,0.738263,50
2022-12-28 14:00:00,0.738263,0.738491,0.737197,0.737425,50
2022-12-28 15:00:00,0.737425,0.737509,0.737358,0.737442,50
2022-12-28 16:00:00,0.737442,0.737821,0.735460,0.735840,50
2022-12-28 17:00:00,0.735840,0.736181,0.735661,0.736003,50
2022-12-28 18:00:00,0.736003,0.736009,0.735371,0.735377,50
2022-12-28 19:00:00,0.735377,0.735544,0.735097,0.735265,50
2022-12-28 20:00:00,0.735265,0.736920,0.735105,0.736760,50
2022-12-28 21:00:00,0.736760,0.736837,0.736472,0.736550,50
2022-12-28 22:00:00,0.736550,0.736919,0.735680,0.736050,50
2022-12-28 23:00:00,0.736050,0.736093,0.735900,0.735943,50
2022-12-29 00:00:00,0.735943,0.736551,0.735772,0.736380,50
2022-12-29 01:00:00,0.736380,0.736561,0.736168,0.736350,50
2022-12-29 02:00:00,0.736350,0.736460,0.736124,0.736235,50
2022-12-29 03:00:00,0.736235,0.736363,0.735358,0.735487,50
2022-12-29 04:00:00,0.735487,0.736283,0.735318,0.736115,50
2022-12-29 05:00:00,0.736115,0.736219,0.735770,0.735874,50
2022-12-29 06:00:00,0.735874,0.736240,0.735847,0.736212,50
2022-12-29 07:00:00,0.736212,0.736312,0.735924,0.736024,50
2022-12-29 08:00:00,0.736024,0.736805,0.735923,0.736703,50
2022-12-29 09:00:00,0.736703,0.736738,0.736646,0.736681,50
2022-12-29 10:00:00,0.736681,0.736946,0.736663,0.736929,50
2022-12-29 11:00:00,0.736929,0.737519,0.736893,0.737484,50
2022-12-29 12:00:00,0.737484,0.737617,0.737231,0.737365,50
2022-12-29 13:00:00,0.737365,0.737521,0.737082,0.737238,50
2022-12-29 14:00:00,0.737238,0.737363,0.737037,0.737163,50
2022-12-29 15:00:00,0.737163,0.737309,0.737081,0.737227,50
2022-12-29 16:00:00,0.737227,0.737598,0.737222,0.737592,50
2022-12-29 17:00:00,0.737592,0.737764,0.737592,0.737763,50
2022-12-29 18:00:00,0.737763,0.737952,0.737637,0.737827,50
2022-12-29 19:00:00,0.737827,0.738454,0.737725,0.738352,50
2022-12-29 20:00:00,0.738352,0.738560,0.738265,0.738473,50
2022-12-29 21:00:00,0.738473,0.738506,0.737765,0.737798,50
2022-12-29 22:00:00,0.737798,0.738705,0.737775,0.738682,50
2022-12-29 23:00:00,0.738682,0.738716,0.738191,0.738225,50
2022-12-30 00:00:00,0.738225,0.738356,0.738029,0.738160,50
2022-12-30 01:00:00,0.738160,0.738766,0.738152,0.738759,50
2022-12-30 02:00:00,0.738759,0.739441,0.738722,0.739404,50
2022-12-30 03:00:00,0.739404,0.739416,0.739211,0.739223,50
2022-12-30 04:00:00,0.739223,0.739313,0.738658,0.738748,50
2022-12-30 05:00:00,0.738748,0.739001,0.738693,0.738946,50
2022-12-30 06:00:00,0.738946,0.739074,0.738888,0.739016,50
2022-12-30 07:00:00,0.739016,0.739731,0.738983,0.739698,50
2022-12-30 08:00:00,0.739698,0.739802,0.739522,0.739625,50
2022-12-30 09:00:00,0.739625,0.739817,0.739524,0.739716,50
2022-12-30 10:00:00,0.739716,0.739775,0.738953,0.739012,50
2022-12-30 11:00:00,0.739012,0.739122,0.737638,0.737748,50
2022-12-30 12:00:00,0.737748,0.737785,0.737717,0.737755,50
2022-12-30 13:00:00,0.737755,0.738131,0.737709,0.738085,50
2022-12-30 14:00:00,0.738085,0.738224,0.737957,0.738097,50
2022-12-30 15:00:00,0.738097,0.738386,0.738067,0.738355,50
2022-12-30 16:00:00,0.738355,0.738667,0.738336,0.738648,50
2022-12-30 17:00:00,0.738648,0.738652,0.738291,0.738295,50
2022-12-30 18:00:00,0.738295,0.738385,0.738175,0.738265,50
2022-12-30 19:00:00,0.738265,0.738374,0.737926,0.738035,50
2022-12-30 20:00:00,0.738035,0.738654,0.738028,0.738647,50
2022-12-30 21:00:00,0.738647,0.738740,0.738584,0.738676,50
2022-12-30 22:00:00,0.738676,0.738989,0.738623,0.738936,50
2022-12-30 23:00:00,0.738936,0.739033,0.738892,0.738989,50
2023-01-03 00:00:00,0.738989,0.739252,0.736266,0.736528,50
2023-01-03 01:00:00,0.736528,0.737379,0.735990,0.736840,50
2023-01-03 02:00:00,0.736840,0.738265,0.736615,0.738039,50
2023-01-03 03:00:00,0.738039,0.738488,0.738032,0.738481,50
2023-01-03 04:00:00,0.738481,0.738640,0.737268,0.737428,50
2023-01-03 05:00:00,0.737428,0.737843,0.737290,0.737705,50
2023-01-03 06:00:00,0.737705,0.739097,0.737693,0.739085,50
2023-01-03 07:00:00,0.739085,0.739620,0.738067,0.738603,50
2023-01-03 08:00:00,0.738603,0.740857,0.738163,0.740417,50
2023-01-03 09:00:00,0.740417,0.740499,0.738676,0.738757,50
2023-01-03 10:00:00,0.738757,0.738903,0.737321,0.737467,50
2023-01-03 11:00:00,0.737467,0.739289,0.736879,0.738701,50
2023-01-03 12:00:00,0.738701,0.739121,0.735122,0.735542,50
2023-01-03 13:00:00,0.735542,0.735810,0.734118,0.734386,50
2023-01-03 14:00:00,0.734386,0.736159,0.734039,0.735812,50
2023-01-03 15:00:00,0.735812,0.736854,0.735223,0.736265,50
2023-01-03 16:00:00,0.736265,0.737700,0.736122,0.737557,50
2023-01-03 17:00:00,0.737557,0.738286,0.737178,0.737907,50
2023-01-03 18:00:00,0.737907,0.737917,0.737092,0.737101,50
2023-01-03 19:00:00,0.737101,0.737767,0.736811,0.737476,50
2023-01-03 20:00:00,0.737476,0.737617,0.734556,0.734697,50
2023-01-03 21:00:00,0.734697,0.734901,0.731043,0.731247,50
2023-01-03 22:00:00,0.731247,0.731545,0.731011,0.731309,50
2023-01-03 23:00:00,0.731309,0.732106,0.731053,0.731850,50
2023-01-04 00:00:00,0.731850,0.735982,0.731809,0.735941,50
2023-01-04 01:00:00,0.735941,0.736123,0.734006,0.734188,50
2023-01-04 02:00:00,0.734188,0.734581,0.732518,0.732912,50
2023-01-04 03:00:00,0.732912,0.733497,0.730579,0.731164,50
2023-01-04 04:00:00,0.731164,0.731317,0.729831,0.729984,50
2023-01-04 05:00:00,0.729984,0.732413,0.729385,0.731813,50
2023-01-04 06:00:00,0.731813,0.732528,0.731492,0.732206,50
2023-01-04 07:00:00,0.732206,0.732446,0.730807,0.731046,50
2023-01-04 08:00:00,0.731046,0.732297,0.730396,0.731647,50
2023-01-04 09:00:00,0.731647,0.735111,0.731563,0.735027,50
2023-01-04 10:00:00,0.735027,0.736625,0.734295,0.735894,50
2023-01-04 11:00:00,0.735894,0.737558,0.735650,0.737314,50
2023-01-04 12:00:00,0.737314,0.738640,0.737031,0.738357,50
2023-01-04 13:00:00,0.738357,0.738516,0.737312,0.737471,50
2023-01-04 14:00:00,0.737471,0.738111,0.737104,0.737744,50
2023-01-04 15:00:00,0.737744,0.739799,0.737084,0.739139,50
2023-01-04 16:00:00,0.739139,0.741173,0.738966,0.741000,50
2023-01-04 17:00:00,0.741000,0.741842,0.740566,0.741408,50
2023-01-04 18:00:00,0.741408,0.742017,0.741063,0.741672,50
2023-01-04 19:00:00,0.741672,0.742199,0.741435,0.741962,50
2023-01-04 20:00:00,0.741962,0.742064,0.741602,0.741704,50
2023-01-04 21:00:00,0.741704,0.742251,0.739059,0.739606,50
2023-01-04 22:00:00,0.739606,0.742262,0.739281,0.741937,50
2023-01-04 23:00:00,0.741937,0.742305,0.740812,0.741180,50
2023-01-05 00:00:00,0.741180,0.742307,0.741003,0.742130,50
2023-01-05 01:00:00,0.742130,0.742414,0.741634,0.741918,50
2023-01-05 02:00:00,0.741918,0.741968,0.740936,0.740986,50
2023-01-05 03:00:00,0.740986,0.741409,0.740719,0.741142,50
2023-01-05 04:00:00,0.741142,0.741424,0.741116,0.741399,50
2023-01-05 05:00:00,0.741399,0.741484,0.739010,0.739095,50
2023-01-05 06:00:00,0.739095,0.739365,0.738334,0.738604,50
2023-01-05 07:00:00,0.738604,0.738947,0.738528,0.738872,50
2023-01-05 08:00:00,0.738872,0.738926,0.738614,0.738667,50
2023-01-05 09:00:00,0.738667,0.739071,0.738469,0.738872,50
2023-01-05 10:00:00,0.738872,0.739128,0.737114,0.737369,50
2023-01-05 11:00:00,0.737369,0.737372,0.735479,0.735482,50
2023-01-05 12:00:00,0.735482,0.736095,0.735212,0.735826,50
2023-01-05 13:00:00,0.735826,0.737310,0.735593,0.737077,50
2023-01-05 14:00:00,0.737077,0.737510,0.737077,0.737509,50
2023-01-05 15:00:00,0.737509,0.739461,0.737283,0.739235,50
2023-01-05 16:00:00,0.739235,0.739235,0.738521,0.738522,50
2023-01-05 17:00:00,0.738522,0.738743,0.738034,0.738255,50
2023-01-05 18:00:00,0.738255,0.738939,0.738012,0.738696,50
2023-01-05 19:00:00,0.738696,0.738935,0.738542,0.738781,50
2023-01-05 20:00:00,0.738781,0.739330,0.738638,0.739187,50
2023-01-05 21:00:00,0.739187,0.739503,0.738583,0.738899,50
2023-01-05 22:00:00,0.738899,0.738977,0.738081,0.738158,50
2023-01-05 23:00:00,0.738158,0.738343,0.736246,0.736431,50
2023-01-06 00:00:00,0.736431,0.739920,0.736341,0.739829,50
2023-01-06 01:00:00,0.739829,0.740172,0.739030,0.739372,50
2023-01-06 02:00:00,0.739372,0.739621,0.737595,0.737844,50
2023-01-06 03:00:00,0.737844,0.738290,0.737215,0.737660,50
2023-01-06 04:00:00,0.737660,0.738004,0.736285,0.736629,50
2023-01-06 05:00:00,0.736629,0.736994,0.736416,0.736780,50
2023-01-06 06:00:00,0.736780,0.737083,0.734738,0.735041,50
2023-01-06 07:00:00,0.735041,0.735451,0.734912,0.735322,50
2023-01-06 08:00:00,0.735322,0.735896,0.734566,0.735140,50
2023-01-06 09:00:00,0.735140,0.735802,0.734640,0.735303,50
2023-01-06 10:00:00,0.735303,0.735668,0.735072,0.735437,50
2023-01-06 11:00:00,0.735437,0.737058,0.735310,0.736931,50
2023-01-06 12:00:00,0.736931,0.738167,0.736670,0.737906,50
2023-01-06 13:00:00,0.737906,0.739037,0.737534,0.738664,50
2023-01-06 14:00:00,0.738664,0.738925,0.736573,0.736833,50
2023-01-06 15:00:00,0.736833,0.737647,0.736284,0.737098,50
2023-01-06 16:00:00,0.737098,0.737419,0.737068,0.737390,50
2023-01-06 17:00:00,0.737390,0.739503,0.737190,0.739303,50
2023-01-06 18:00:00,0.739303,0.741903,0.739002,0.741601,50
2023-01-06 19:00:00,0.741601,0.742329,0.741575,0.742302,50
2023-01-06 20:00:00,0.742302,0.743870,0.742030,0.743598,50
2023-01-06 21:00:00,0.743598,0.745109,0.743263,0.744774,50
2023-01-06 22:00:00,0.744774,0.744952,0.743481,0.743659,50
2023-01-06 23:00:00,0.743659,0.744239,0.742803,0.743384,50
2023-01-09 00:00:00,0.743384,0.743708,0.742953,0.743277,50
2023-01-09 01:00:00,0.743277,0.743831,0.743161,0.743715,50
2023-01-09 02:00:00,0.743715,0.745996,0.743487,0.745767,50
2023-01-09 03:00:00,0.745767,0.748657,0.745496,0.748386,50
2023-01-09 04:00:00,0.748386,0.748670,0.746623,0.746907,50
2023-01-09 05:00:00,0.746907,0.747248,0.746179,0.746520,50
2023-01-09 06:00:00,0.746520,0.747271,0.746461,0.747212,50
2023-01-09 07:00:00,0.747212,0.747379,0.746136,0.746303,50
2023-01-09 08:00:00,0.746303,0.746352,0.743724,0.743772,50
2023-01-09 09:00:00,0.743772,0.746510,0.743504,0.746242,50
2023-01-09 10:00:00,0.746242,0.746327,0.745682,0.745767,50
2023-01-09 11:00:00,0.745767,0.747221,0.745668,0.747123,50
2023-01-09 12:00:00,0.747123,0.747216,0.746577,0.746671,50
2023-01-09 13:00:00,0.746671,0.747410,0.746402,0.747141,50
2023-01-09 14:00:00,0.747141,0.748900,0.746962,0.748721,50
2023-01-09 15:00:00,0.748721,0.749031,0.748307,0.748617,50
2023-01-09 16:00:00,0.748617,0.748837,0.746801,0.747022,50
2023-01-09 17:00:00,0.747022,0.747241,0.746020,0.746240,50
2023-01-09 18:00:00,0.746240,0.747437,0.745989,0.747187,50
2023-01-09 19:00:00,0.747187,0.747311,0.746135,0.746259,50
2023-01-09 20:00:00,0.746259,0.746408,0.744482,0.744632,50
2023-01-09 21:00:00,0.744632,0.744739,0.743346,0.743453,50
2023-01-09 22:00:00,0.743453,0.743529,0.743143,0.743219,50
2023-01-09 23:00:00,0.743219,0.748169,0.742881,0.747831,50
2023-01-10 00:00:00,0.747831,0.748045,0.745056,0.745269,50
2023-01-10 01:00:00,0.745269,0.747655,0.745108,0.747494,50
2023-01-10 02:00:00,0.747494,0.747967,0.747218,0.747692,50
2023-01-10 03:00:00,0.747692,0.747764,0.747549,0.747622,50
2023-01-10 04:00:00,0.747622,0.748536,0.747596,0.748510,50
2023-01-10 05:00:00,0.748510,0.748675,0.747072,0.747237,50
2023-01-10 06:00:00,0.747237,0.747478,0.746936,0.747177,50
2023-01-10 07:00:00,0.747177,0.747362,0.746863,0.747048,50
2023-01-10 08:00:00,0.747048,0.747528,0.747018,0.747498,50
2023-01-10 09:00:00,0.747498,0.747595,0.746563,0.746660,50
2023-01-10 10:00:00,0.746660,0.747116,0.746623,0.747080,50
2023-01-10 11:00:00,0.747080,0.747195,0.745836,0.745951,50
2023-01-10 12:00:00,0.745951,0.746284,0.745729,0.746062,50
2023-01-10 13:00:00,0.746062,0.746191,0.744381,0.744510,50
2023-01-10 14:00:00,0.744510,0.744663,0.743603,0.743756,50
2023-01-10 15:00:00,0.743756,0.745029,0.743692,0.744964,50
2023-01-10 16:00:00,0.744964,0.747118,0.744817,0.746971,50
2023-01-10 17:00:00,0.746971,0.747253,0.746290,0.746572,50
2023-01-10 18:00:00,0.746572,0.747062,0.746458,0.746948,50
2023-01-10 19:00:00,0.746948,0.747035,0.746614,0.746701,50
2023-01-10 20:00:00,0.746701,0.746898,0.745315,0.745512,50
2023-01-10 21:00:00,0.745512,0.745765,0.743823,0.744076,50
2023-01-10 22:00:00,0.744076,0.744092,0.743961,0.743977,50
2023-01-10 23:00:00,0.743977,0.744618,0.743795,0.744435,50
2023-01-11 00:00:00,0.744435,0.744450,0.743608,0.743623,50
2023-01-11 01:00:00,0.743623,0.743985,0.743582,0.743944,50
2023-01-11 02:00:00,0.743944,0.743947,0.743895,0.743898,50
2023-01-11 03:00:00,0.743898,0.744447,0.743822,0.744371,50
2023-01-11 04:00:00,0.744371,0.744410,0.744101,0.744140,50
2023-01-11 05:00:00,0.744140,0.744221,0.744108,0.744189,50
2023-01-11 06:00:00,0.744189,0.744595,0.744152,0.744559,50
2023-01-11 07:00:00,0.744559,0.744685,0.744152,0.744278,50
2023-01-11 08:00:00,0.744278,0.744542,0.744261,0.744524,50
2023-01-11 09:00:00,0.744524,0.744645,0.744104,0.744225,50
2023-01-11 10:00:00,0.744225,0.744449,0.744104,0.744328,50
2023-01-11 11:00:00,0.744328,0.744594,0.744300,0.744567,50
2023-01-11 12:00:00,0.744567,0.744709,0.744456,0.744598,50
2023-01-11 13:00:00,0.744598,0.745088,0.744572,0.745062,50
2023-01-11 14:00:00,0.745062,0.745612,0.744975,0.745525,50
2023-01-11 15:00:00,0.745525,0.745568,0.745509,0.745552,50
2023-01-11 16:00:00,0.745552,0.745706,0.745509,0.745664,50
2023-01-11 17:00:00,0.745664,0.745924,0.745597,0.745858,50
2023-01-11 18:00:00,0.745858,0.745908,0.745536,0.745586,50
2023-01-11 19:00:00,0.745586,0.745697,0.745191,0.745302,50
2023-01-11 20:00:00,0.745302,0.745389,0.744882,0.744969,50
2023-01-11 21:00:00,0.744969,0.744973,0.744938,0.744943,50
2023-01-11 22:00:00,0.744943,0.745018,0.744567,0.744642,50
2023-01-11 23:00:00,0.744642,0.745058,0.744630,0.745045,50
2023-01-12 00:00:00,0.745045,0.746159,0.744924,0.746037,50
2023-01-12 01:00:00,0.746037,0.746221,0.745888,0.746072,50
2023-01-12 02:00:00,0.746072,0.746448,0.745948,0.746324,50
2023-01-12 03:00:00,0.746324,0.746359,0.745650,0.745685,50
2023-01-12 04:00:00,0.745685,0.745825,0.745030,0.745170,50
2023-01-12 05:00:00,0.745170,0.746301,0.745119,0.746250,50
2023-01-12 06:00:00,0.746250,0.746331,0.745437,0.745517,50
2023-01-12 07:00:00,0.745517,0.745606,0.745491,0.745581,50
2023-01-12 08:00:00,0.745581,0.745592,0.744994,0.745005,50
2023-01-12 09:00:00,0.745005,0.745465,0.744933,0.745393,50
2023-01-12 10:00:00,0.745393,0.745941,0.745390,0.745938,50
2023-01-12 11:00:00,0.745938,0.746977,0.745862,0.746902,50
2023-01-12 12:00:00,0.746902,0.748019,0.746735,0.747852,50
2023-01-12 13:00:00,0.747852,0.748048,0.746906,0.747102,50
2023-01-12 14:00:00,0.747102,0.747185,0.746546,0.746629,50
2023-01-12 15:00:00,0.746629,0.746650,0.746074,0.746096,50
2023-01-12 16:00:00,0.746096,0.746164,0.745630,0.745698,50
2023-01-12 17:00:00,0.745698,0.745887,0.745685,0.745874,50
2023-01-12 18:00:00,0.745874,0.745917,0.745744,0.745787,50
2023-01-12 19:00:00,0.745787,0.745909,0.745019,0.745141,50
2023-01-12 20:00:00,0.745141,0.745262,0.744457,0.744578,50
2023-01-12 21:00:00,0.744578,0.746697,0.744572,0.746691,50
2023-01-12 22:00:00,0.746691,0.746786,0.745428,0.745524,50
2023-01-12 23:00:00,0.745524,0.747467,0.745441,0.747384,50
2023-01-13 00:00:00,0.747384,0.747529,0.746930,0.747074,50
2023-01-13 01:00:00,0.747074,0.747212,0.747027,0.747164,50
2023-01-13 02:00:00,0.747164,0.747217,0.746869,0.746922,50
2023-01-13 03:00:00,0.746922,0.747039,0.746851,0.746967,50
2023-01-13 04:00:00,0.746967,0.747809,0.746821,0.747663,50
2023-01-13 05:00:00,0.747663,0.747711,0.747459,0.747506,50
2023-01-13 06:00:00,0.747506,0.747797,0.747462,0.747752,50
2023-01-13 07:00:00,0.747752,0.747818,0.747373,0.747439,50
2023-01-13 08:00:00,0.747439,0.747545,0.746883,0.746990,50
2023-01-13 09:00:00,0.746990,0.747033,0.746224,0.746267,50
2023-01-13 10:00:00,0.746267,0.746294,0.746037,0.746064,50
2023-01-13 11:00:00,0.746064,0.746195,0.745951,0.746082,50
2023-01-13 12:00:00,0.746082,0.746171,0.745723,0.745812,50
2023-01-13 13:00:00,0.745812,0.745902,0.745460,0.745550,50
2023-01-13 14:00:00,0.745550,0.746123,0.745547,0.746121,50
2023-01-13 15:00:00,0.746121,0.746227,0.746083,0.746189,50
2023-01-13 16:00:00,0.746189,0.746450,0.746173,0.746434,50
2023-01-13 17:00:00,0.746434,0.746490,0.746006,0.746062,50
2023-01-13 18:00:00,0.746062,0.746202,0.745799,0.745939,50
2023-01-13 19:00:00,0.745939,0.746092,0.745592,0.745744,50
2023-01-13 20:00:00,0.745744,0.745875,0.745245,0.745376,50
2023-01-13 21:00:00,0.745376,0.745433,0.745121,0.745178,50
2023-01-13 22:00:00,0.745178,0.745691,0.745090,0.745603,50
2023-01-13 23:00:00,0.745603,0.745742,0.745407,0.745545,50
2023-01-17 00:00:00,0.745545,0.745611,0.745112,0.745178,50
2023-01-17 01:00:00,0.745178,0.745336,0.745079,0.745237,50
2023-01-17 02:00:00,0.745237,0.745517,0.745162,0.745442,50
2023-01-17 03:00:00,0.745442,0.745474,0.745279,0.745311,50
2023-01-17 04:00:00,0.745311,0.745750,0.745172,0.745612,50
2023-01-17 05:00:00,0.745612,0.745800,0.745606,0.745795,50
2023-01-17 06:00:00,0.745795,0.745974,0.745742,0.745921,50
2023-01-17 07:00:00,0.745921,0.746037,0.745871,0.745986,50
2023-01-17 08:00:00,0.745986,0.746402,0.745837,0.746252,50
2023-01-17 09:00:00,0.746252,0.746404,0.746234,0.746386,50
2023-01-17 10:00:00,0.746386,0.746635,0.746297,0.746546,50
2023-01-17 11:00:00,0.746546,0.746691,0.746157,0.746302,50
2023-01-17 12:00:00,0.746302,0.746467,0.746208,0.746373,50
2023-01-17 13:00:00,0.746373,0.746919,0.746230,0.746775,50
2023-01-17 14:00:00,0.746775,0.746967,0.746715,0.746906,50
2023-01-17 15:00:00,0.746906,0.746974,0.746702,0.746770,50
2023-01-17 16:00:00,0.746770,0.746827,0.746665,0.746722,50
2023-01-17 17:00:00,0.746722,0.747093,0.746665,0.747036,50
2023-01-17 18:00:00,0.747036,0.747551,0.746982,0.747497,50
2023-01-17 19:00:00,0.747497,0.747508,0.747406,0.747417,50
2023-01-17 20:00:00,0.747417,0.747809,0.747265,0.747657,50
2023-01-17 21:00:00,0.747657,0.747771,0.747309,0.747422,50
2023-01-17 22:00:00,0.747422,0.747568,0.747317,0.747463,50
2023-01-17 23:00:00,0.747463,0.747545,0.747302,0.747384,50
2023-01-18 00:00:00,0.747384,0.747436,0.746743,0.746794,50
2023-01-18 01:00:00,0.746794,0.747007,0.746426,0.746639,50
2023-01-18 02:00:00,0.746639,0.748209,0.746437,0.748007,50
2023-01-18 03:00:00,0.748007,0.748111,0.746960,0.747064,50
2023-01-18 04:00:00,0.747064,0.747119,0.744838,0.744893,50
2023-01-18 05:00:00,0.744893,0.745088,0.744469,0.744664,50
2023-01-18 06:00:00,0.744664,0.745184,0.744520,0.745040,50
2023-01-18 07:00:00,0.745040,0.746408,0.744947,0.746314,50
2023-01-18 08:00:00,0.746314,0.746394,0.746072,0.746152,50
2023-01-18 09:00:00,0.746152,0.746714,0.746057,0.746619,50
2023-01-18 10:00:00,0.746619,0.746747,0.746039,0.746166,50
2023-01-18 11:00:00,0.746166,0.747186,0.746119,0.747139,50
2023-01-18 12:00:00,0.747139,0.747139,0.746257,0.746258,50
2023-01-18 13:00:00,0.746258,0.746380,0.744967,0.745089,50
2023-01-18 14:00:00,0.745089,0.746238,0.745033,0.746182,50
2023-01-18 15:00:00,0.746182,0.746197,0.745734,0.745749,50
2023-01-18 16:00:00,0.745749,0.745822,0.744717,0.744790,50
2023-01-18 17:00:00,0.744790,0.744966,0.744059,0.744235,50
2023-01-18 18:00:00,0.744235,0.744452,0.743752,0.743969,50
2023-01-18 19:00:00,0.743969,0.743977,0.743953,0.743960,50
2023-01-18 20:00:00,0.743960,0.744171,0.743573,0.743784,50
2023-01-18 21:00:00,0.743784,0.743863,0.743567,0.743646,50
2023-01-18 22:00:00,0.743646,0.744307,0.743422,0.744083,50
2023-01-18 23:00:00,0.744083,0.744501,0.743851,0.744269,50
2023-01-19 00:00:00,0.744269,0.744373,0.744207,0.744311,50
2023-01-19 01:00:00,0.744311,0.744803,0.744063,0.744555,50
2023-01-19 02:00:00,0.744555,0.745080,0.744385,0.744909,50
2023-01-19 03:00:00,0.744909,0.745016,0.744280,0.744387,50
2023-01-19 04:00:00,0.744387,0.744515,0.743534,0.743662,50
2023-01-19 05:00:00,0.743662,0.743850,0.743342,0.743530,50
2023-01-19 06:00:00,0.743530,0.743734,0.742886,0.743090,50
2023-01-19 07:00:00,0.743090,0.744004,0.742880,0.743794,50
2023-01-19 08:00:00,0.743794,0.744066,0.743704,0.743976,50
2023-01-19 09:00:00,0.743976,0.744236,0.743584,0.743844,50
2023-01-19 10:00:00,0.743844,0.744049,0.743217,0.743422,50
2023-01-19 11:00:00,0.743422,0.743494,0.743179,0.743252,50
2023-01-19 12:00:00,0.743252,0.743298,0.742752,0.742798,50
2023-01-19 13:00:00,0.742798,0.742913,0.742009,0.742124,50
2023-01-19 14:00:00,0.742124,0.742467,0.742054,0.742397,50
2023-01-19 15:00:00,0.742397,0.742714,0.742161,0.742478,50
2023-01-19 16:00:00,0.742478,0.742480,0.741345,0.741347,50
2023-01-19 17:00:00,0.741347,0.741567,0.740924,0.741144,50
2023-01-19 18:00:00,0.741144,0.741507,0.741101,0.741463,50
2023-01-19 19:00:00,0.741463,0.741681,0.740212,0.740430,50
2023-01-19 20:00:00,0.740430,0.740898,0.740314,0.740781,50
2023-01-19 21:00:00,0.740781,0.741226,0.740746,0.741190,50
2023-01-19 22:00:00,0.741190,0.741455,0.740435,0.740699,50
2023-01-19 23:00:00,0.740699,0.741183,0.740587,0.741070,50
2023-01-20 00:00:00,0.741070,0.743447,0.740813,0.743190,50
2023-01-20 01:00:00,0.743190,0.743442,0.742541,0.742793,50
2023-01-20 02:00:00,0.742793,0.743147,0.742417,0.742771,50
2023-01-20 03:00:00,0.742771,0.742845,0.741763,0.741837,50
2023-01-20 04:00:00,0.741837,0.742018,0.741722,0.741903,50
2023-01-20 05:00:00,0.741903,0.742077,0.740034,0.740208,50
2023-01-20 06:00:00,0.740208,0.741626,0.740098,0.741515,50
2023-01-20 07:00:00,0.741515,0.742144,0.741409,0.742039,50
2023-01-20 08:00:00,0.742039,0.742111,0.741071,0.741144,50
2023-01-20 09:00:00,0.741144,0.741922,0.740810,0.741588,50
2023-01-20 10:00:00,0.741588,0.742379,0.741237,0.742028,50
2023-01-20 11:00:00,0.742028,0.742345,0.741623,0.741940,50
2023-01-20 12:00:00,0.741940,0.742227,0.741583,0.741870,50
2023-01-20 13:00:00,0.741870,0.742336,0.741723,0.742189,50
2023-01-20 14:00:00,0.742189,0.742641,0.742076,0.742529,50
2023-01-20 15:00:00,0.742529,0.742675,0.741989,0.742135,50
2023-01-20 16:00:00,0.742135,0.742271,0.742129,0.742265,50
2023-01-20 17:00:00,0.742265,0.743253,0.742222,0.743210,50
2023-01-20 18:00:00,0.743210,0.744445,0.743039,0.744274,50
2023-01-20 19:00:00,0.744274,0.744457,0.744124,0.744307,50
2023-01-20 20:00:00,0.744307,0.744543,0.742735,0.742971,50
2023-01-20 21:00:00,0.742971,0.745201,0.742768,0.744998,50
2023-01-20 22:00:00,0.744998,0.746276,0.744962,0.746240,50
2023-01-20 23:00:00,0.746240,0.746547,0.745072,0.745379,50
2023-01-23 00:00:00,0.745379,0.745890,0.745323,0.745835,50
2023-01-23 01:00:00,0.745835,0.746249,0.745834,0.746248,50
2023-01-23 02:00:00,0.746248,0.746939,0.746103,0.746794,50
2023-01-23 03:00:00,0.746794,0.746908,0.746583,0.746697,50
2023-01-23 04:00:00,0.746697,0.747352,0.746576,0.747231,50
2023-01-23 05:00:00,0.747231,0.747328,0.746941,0.747038,50
2023-01-23 06:00:00,0.747038,0.747186,0.746023,0.746171,50
2023-01-23 07:00:00,0.746171,0.746229,0.745282,0.745340,50
2023-01-23 08:00:00,0.745340,0.745390,0.745334,0.745383,50
2023-01-23 09:00:00,0.745383,0.745583,0.745330,0.745529,50
2023-01-23 10:00:00,0.745529,0.745658,0.745464,0.745593,50
2023-01-23 11:00:00,0.745593,0.745842,0.745472,0.745721,50
2023-01-23 12:00:00,0.745721,0.745721,0.745466,0.745466,50
2023-01-23 13:00:00,0.745466,0.745696,0.745338,0.745568,50
2023-01-23 14:00:00,0.745568,0.745999,0.745516,0.745947,50
2023-01-23 15:00:00,0.745947,0.746210,0.745943,0.746206,50
2023-01-23 16:00:00,0.746206,0.746297,0.745219,0.745309,50
2023-01-23 17:00:00,0.745309,0.746086,0.745179,0.745955,50
2023-01-23 18:00:00,0.745955,0.746819,0.745864,0.746728,50
2023-01-23 19:00:00,0.746728,0.746900,0.746618,0.746790,50
2023-01-23 20:00:00,0.746790,0.747583,0.746724,0.747517,50
2023-01-23 21:00:00,0.747517,0.747577,0.746979,0.747038,50
2023-01-23 22:00:00,0.747038,0.747206,0.747034,0.747202,50
2023-01-23 23:00:00,0.747202,0.747333,0.747030,0.747161,50
2023-01-24 00:00:00,0.747161,0.747218,0.746445,0.746502,50
2023-01-24 01:00:00,0.746502,0.747415,0.746430,0.747343,50
2023-01-24 02:00:00,0.747343,0.747426,0.747272,0.747355,50
2023-01-24 03:00:00,0.747355,0.748224,0.747261,0.748129,50
2023-01-24 04:00:00,0.748129,0.748250,0.747651,0.747772,50
2023-01-24 05:00:00,0.747772,0.747902,0.747342,0.747472,50
2023-01-24 06:00:00,0.747472,0.747805,0.747393,0.747725,50
2023-01-24 07:00:00,0.747725,0.747810,0.747525,0.747610,50
2023-01-24 08:00:00,0.747610,0.747689,0.747328,0.747407,50
2023-01-24 09:00:00,0.747407,0.747697,0.747361,0.747651,50
2023-01-24 10:00:00,0.747651,0.747756,0.747215,0.747320,50
2023-01-24 11:00:00,0.747320,0.747392,0.747303,0.747375,50
2023-01-24 12:00:00,0.747375,0.748078,0.747249,0.747952,50
2023-01-24 13:00:00,0.747952,0.748218,0.747888,0.748154,50
2023-01-24 14:00:00,0.748154,0.748255,0.748032,0.748134,50
2023-01-24 15:00:00,0.748134,0.748328,0.748040,0.748235,50
2023-01-24 16:00:00,0.748235,0.748263,0.748224,0.748252,50
2023-01-24 17:00:00,0.748252,0.748476,0.748195,0.748419,50
2023-01-24 18:00:00,0.748419,0.748557,0.748368,0.748505,50
2023-01-24 19:00:00,0.748505,0.748522,0.748358,0.748374,50
2023-01-24 20:00:00,0.748374,0.748658,0.748274,0.748558,50
2023-01-24 21:00:00,0.748558,0.748758,0.748502,0.748702,50
2023-01-24 22:00:00,0.748702,0.748791,0.748458,0.748547,50
2023-01-24 23:00:00,0.748547,0.748553,0.747993,0.747999,50
2023-01-25 00:00:00,0.747999,0.748149,0.746688,0.746838,50
2023-01-25 01:00:00,0.746838,0.747006,0.746430,0.746599,50
2023-01-25 02:00:00,0.746599,0.747015,0.746577,0.746994,50
2023-01-25 03:00:00,0.746994,0.747762,0.746914,0.747682,50
2023-01-25 04:00:00,0.747682,0.747810,0.746945,0.747074,50
2023-01-25 05:00:00,0.747074,0.748227,0.747060,0.748214,50
2023-01-25 06:00:00,0.748214,0.748670,0.748034,0.748490,50
2023-01-25 07:00:00,0.748490,0.748639,0.747208,0.747357,50
2023-01-25 08:00:00,0.747357,0.747434,0.746342,0.746418,50
2023-01-25 09:00:00,0.746418,0.746986,0.746410,0.746977,50
2023-01-25 10:00:00,0.746977,0.746997,0.745958,0.745977,50
2023-01-25 11:00:00,0.745977,0.745984,0.745524,0.745530,50
2023-01-25 12:00:00,0.745530,0.745581,0.745162,0.745214,50
2023-01-25 13:00:00,0.745214,0.745924,0.745163,0.745873,50
2023-01-25 14:00:00,0.745873,0.745904,0.745286,0.745317,50
2023-01-25 15:00:00,0.745317,0.745635,0.745218,0.745536,50
2023-01-25 16:00:00,0.745536,0.745701,0.744903,0.745068,50
2023-01-25 17:00:00,0.745068,0.745589,0.744924,0.745445,50
2023-01-25 18:00:00,0.745445,0.745769,0.745314,0.745638,50
2023-01-25 19:00:00,0.745638,0.746087,0.745446,0.745895,50
2023-01-25 20:00:00,0.745895,0.746002,0.745459,0.745566,50
2023-01-25 21:00:00,0.745566,0.746404,0.745559,0.746397,50
2023-01-25 22:00:00,0.746397,0.746414,0.745862,0.745879,50
2023-01-25 23:00:00,0.745879,0.745905,0.745520,0.745545,50
2023-01-26 00:00:00,0.745545,0.745582,0.745089,0.745126,50
2023-01-26 01:00:00,0.745126,0.745867,0.744881,0.745622,50
2023-01-26 02:00:00,0.745622,0.746481,0.745353,0.746212,50
2023-01-26 03:00:00,0.746212,0.746464,0.745805,0.746057,50
2023-01-26 04:00:00,0.746057,0.746098,0.745368,0.745409,50
2023-01-26 05:00:00,0.745409,0.745713,0.745125,0.745429,50
2023-01-26 06:00:00,0.745429,0.746194,0.745359,0.746125,50
2023-01-26 07:00:00,0.746125,0.747753,0.745881,0.747509,50
2023-01-26 08:00:00,0.747509,0.748020,0.747266,0.747777,50
2023-01-26 09:00:00,0.747777,0.749146,0.747617,0.748987,50
2023-01-26 10:00:00,0.748987,0.750131,0.748757,0.749902,50
2023-01-26 11:00:00,0.749902,0.750138,0.748807,0.749043,50
2023-01-26 12:00:00,0.749043,0.749287,0.747843,0.748087,50
2023-01-26 13:00:00,0.748087,0.748181,0.747533,0.747627,50
2023-01-26 14:00:00,0.747627,0.748255,0.747334,0.747962,50
2023-01-26 15:00:00,0.747962,0.748151,0.745779,0.745968,50
2023-01-26 16:00:00,0.745968,0.746558,0.745859,0.746450,50
2023-01-26 17:00:00,0.746450,0.746487,0.746241,0.746278,50
2023-01-26 18:00:00,0.746278,0.746534,0.745011,0.745267,50
2023-01-26 19:00:00,0.745267,0.745567,0.744766,0.745066,50
2023-01-26 20:00:00,0.745066,0.745332,0.744553,0.744819,50
2023-01-26 21:00:00,0.744819,0.745044,0.744618,0.744843,50
2023-01-26 22:00:00,0.744843,0.746891,0.744621,0.746668,50
2023-01-26 23:00:00,0.746668,0.749296,0.746548,0.749176,50
2023-01-27 00:00:00,0.749176,0.749328,0.748641,0.748793,50
2023-01-27 01:00:00,0.748793,0.749300,0.748636,0.749143,50
2023-01-27 02:00:00,0.749143,0.750050,0.749036,0.749943,50
2023-01-27 03:00:00,0.749943,0.750026,0.749903,0.749986,50
2023-01-27 04:00:00,0.749986,0.750468,0.749962,0.750444,50
2023-01-27 05:00:00,0.750444,0.750484,0.749464,0.749503,50
2023-01-27 06:00:00,0.749503,0.749622,0.749369,0.749488,50
2023-01-27 07:00:00,0.749488,0.749757,0.749405,0.749674,50
2023-01-27 08:00:00,0.749674,0.749896,0.749627,0.749848,50
2023-01-27 09:00:00,0.749848,0.749913,0.749845,0.749910,50
2023-01-27 10:00:00,0.749910,0.750393,0.749854,0.750337,50
2023-01-27 11:00:00,0.750337,0.750465,0.750274,0.750402,50
2023-01-27 12:00:00,0.750402,0.750413,0.750047,0.750058,50
2023-01-27 13:00:00,0.750058,0.750485,0.750018,0.750445,50
2023-01-27 14:00:00,0.750445,0.750510,0.750397,0.750462,50
2023-01-27 15:00:00,0.750462,0.750529,0.750135,0.750202,50
2023-01-27 16:00:00,0.750202,0.750411,0.750123,0.750332,50
2023-01-27 17:00:00,0.750332,0.750648,0.750241,0.750557,50
2023-01-27 18:00:00,0.750557,0.751093,0.750421,0.750957,50
2023-01-27 19:00:00,0.750957,0.751081,0.750909,0.751034,50
2023-01-27 20:00:00,0.751034,0.751108,0.751018,0.751093,50
2023-01-27 21:00:00,0.751093,0.751290,0.751044,0.751241,50
2023-01-27 22:00:00,0.751241,0.751506,0.751206,0.751472,50
2023-01-27 23:00:00,0.751472,0.751564,0.750997,0.751089,50
2023-01-30 00:00:00,0.751089,0.751148,0.751020,0.751079,50
2023-01-30 01:00:00,0.751079,0.751281,0.751042,0.751243,50
2023-01-30 02:00:00,0.751243,0.751639,0.751098,0.751494,50
2023-01-30 03:00:00,0.751494,0.751602,0.751369,0.751477,50
2023-01-30 04:00:00,0.751477,0.751537,0.751163,0.751222,50
2023-01-30 05:00:00,0.751222,0.751307,0.751065,0.751150,50
2023-01-30 06:00:00,0.751150,0.751181,0.751091,0.751123,50
2023-01-30 07:00:00,0.751123,0.751283,0.750547,0.750707,50
2023-01-30 08:00:00,0.750707,0.750861,0.749945,0.750099,50
2023-01-30 09:00:00,0.750099,0.750196,0.749567,0.749664,50
2023-01-30 10:00:00,0.749664,0.749690,0.749565,0.749591,50
2023-01-30 11:00:00,0.749591,0.749753,0.749189,0.749352,50
2023-01-30 12:00:00,0.749352,0.749388,0.749033,0.749069,50
2023-01-30 13:00:00,0.749069,0.749344,0.749060,0.749335,50
2023-01-30 14:00:00,0.749335,0.749406,0.749194,0.749266,50
2023-01-30 15:00:00,0.749266,0.749330,0.749021,0.749085,50
2023-01-30 16:00:00,0.749085,0.749337,0.748940,0.749193,50
2023-01-30 17:00:00,0.749193,0.749217,0.748890,0.748915,50
2023-01-30 18:00:00,0.748915,0.748943,0.748905,0.748932,50
2023-01-30 19:00:00,0.748932,0.749007,0.748739,0.748814,50
2023-01-30 20:00:00,0.748814,0.748821,0.748786,0.748793,50
2023-01-30 21:00:00,0.748793,0.748953,0.748680,0.748840,50
2023-01-30 22:00:00,0.748840,0.748923,0.748576,0.748659,50
2023-01-30 23:00:00,0.748659,0.749212,0.748510,0.749064,50
2023-01-31 00:00:00,0.749064,0.749183,0.748665,0.748785,50
2023-01-31 01:00:00,0.748785,0.748913,0.748288,0.748416,50
2023-01-31 02:00:00,0.748416,0.748772,0.748385,0.748741,50
2023-01-31 03:00:00,0.748741,0.748909,0.748712,0.748880,50
2023-01-31 04:00:00,0.748880,0.749302,0.748771,0.749194,50
2023-01-31 05:00:00,0.749194,0.749421,0.749157,0.749384,50
2023-01-31 06:00:00,0.749384,0.749634,0.749347,0.749596,50
2023-01-31 07:00:00,0.749596,0.749627,0.749590,0.749620,50
2023-01-31 08:00:00,0.749620,0.749723,0.749330,0.749433,50
2023-01-31 09:00:00,0.749433,0.749465,0.749245,0.749277,50
2023-01-31 10:00:00,0.749277,0.749300,0.749241,0.749263,50
2023-01-31 11:00:00,0.749263,0.749417,0.749181,0.749334,50
2023-01-31 12:00:00,0.749334,0.749545,0.749323,0.749534,50
2023-01-31 13:00:00,0.749534,0.749640,0.749161,0.749267,50
2023-01-31 14:00:00,0.749267,0.749598,0.749256,0.749587,50
2023-01-31 15:00:00,0.749587,0.749829,0.749456,0.749698,50
2023-01-31 16:00:00,0.749698,0.749716,0.749220,0.749238,50
2023-01-31 17:00:00,0.749238,0.749847,0.749219,0.749828,50
2023-01-31 18:00:00,0.749828,0.750085,0.749766,0.750022,50
2023-01-31 19:00:00,0.750022,0.750215,0.749919,0.750112,50
2023-01-31 20:00:00,0.750112,0.750178,0.749604,0.749669,50
2023-01-31 21:00:00,0.749669,0.750207,0.749574,0.750112,50
2023-01-31 22:00:00,0.750112,0.750699,0.750079,0.750666,50
2023-01-31 23:00:00,0.750666,0.750782,0.749903,0.750019,50
2023-02-01 00:00:00,0.750019,0.750783,0.750019,0.750783,50
2023-02-01 01:00:00,0.750783,0.751212,0.750650,0.751079,50
2023-02-01 02:00:00,0.751079,0.751195,0.750841,0.750957,50
2023-02-01 03:00:00,0.750957,0.751082,0.750726,0.750851,50
2023-02-01 04:00:00,0.750851,0.751164,0.750775,0.751087,50
2023-02-01 05:00:00,0.751087,0.751187,0.750381,0.750481,50
2023-02-01 06:00:00,0.750481,0.750577,0.750113,0.750209,50
2023-02-01 07:00:00,0.750209,0.750374,0.750164,0.750329,50
2023-02-01 08:00:00,0.750329,0.750661,0.750327,0.750658,50
2023-02-01 09:00:00,0.750658,0.750752,0.750439,0.750532,50
2023-02-01 10:00:00,0.750532,0.750661,0.750095,0.750224,50
2023-02-01 11:00:00,0.750224,0.750397,0.750210,0.750383,50
2023-02-01 12:00:00,0.750383,0.750623,0.750290,0.750529,50
2023-02-01 13:00:00,0.750529,0.750596,0.750115,0.750182,50
2023-02-01 14:00:00,0.750182,0.750235,0.749745,0.749798,50
2023-02-01 15:00:00,0.749798,0.749893,0.749697,0.749791,50
2023-02-01 16:00:00,0.749791,0.749872,0.749297,0.749378,50
2023-02-01 17:00:00,0.749378,0.749483,0.748847,0.748952,50
2023-02-01 18:00:00,0.748952,0.749742,0.748894,0.749684,50
2023-02-01 19:00:00,0.749684,0.749746,0.749323,0.749386,50
2023-02-01 20:00:00,0.749386,0.749691,0.749301,0.749607,50
2023-02-01 21:00:00,0.749607,0.749638,0.749455,0.749485,50
2023-02-01 22:00:00,0.749485,0.749609,0.748714,0.748838,50
2023-02-01 23:00:00,0.748838,0.749914,0.748830,0.749906,50
2023-02-02 00:00:00,0.749906,0.750223,0.749815,0.750132,50
2023-02-02 01:00:00,0.750132,0.750293,0.750114,0.750276,50
2023-02-02 02:00:00,0.750276,0.751125,0.750157,0.751007,50
2023-02-02 03:00:00,0.751007,0.751244,0.750966,0.751203,50
2023-02-02 04:00:00,0.751203,0.751332,0.750767,0.750897,50
2023-02-02 05:00:00,0.750897,0.750920,0.750289,0.750311,50
2023-02-02 06:00:00,0.750311,0.750374,0.749598,0.749661,50
2023-02-02 07:00:00,0.749661,0.749815,0.749619,0.749773,50
2023-02-02 08:00:00,0.749773,0.750358,0.749690,0.750275,50
2023-02-02 09:00:00,0.750275,0.750283,0.749810,0.749818,50
2023-02-02 10:00:00,0.749818,0.749826,0.749279,0.749287,50
2023-02-02 11:00:00,0.749287,0.750107,0.749243,0.750063,50
2023-02-02 12:00:00,0.750063,0.750071,0.749980,0.749987,50
2023-02-02 13:00:00,0.749987,0.750266,0.749877,0.750156,50
2023-02-02 14:00:00,0.750156,0.750172,0.750136,0.750152,50
2023-02-02 15:00:00,0.750152,0.750712,0.750111,0.750671,50
2023-02-02 16:00:00,0.750671,0.751005,0.750600,0.750935,50
2023-02-02 17:00:00,0.750935,0.750950,0.750605,0.750621,50
2023-02-02 18:00:00,0.750621,0.750750,0.750308,0.750436,50
2023-02-02 19:00:00,0.750436,0.750476,0.750100,0.750139,50
2023-02-02 20:00:00,0.750139,0.751407,0.750063,0.751331,50
2023-02-02 21:00:00,0.751331,0.751568,0.751302,0.751539,50
2023-02-02 22:00:00,0.751539,0.751573,0.751061,0.751095,50
2023-02-02 23:00:00,0.751095,0.751180,0.750835,0.750920,50
2023-02-03 00:00:00,0.750920,0.750957,0.749250,0.749287,50
2023-02-03 01:00:00,0.749287,0.750696,0.749054,0.750463,50
2023-02-03 02:00:00,0.750463,0.750915,0.750182,0.750634,50
2023-02-03 03:00:00,0.750634,0.751195,0.750602,0.751163,50
2023-02-03 04:00:00,0.751163,0.751424,0.750477,0.750739,50
2023-02-03 05:00:00,0.750739,0.751228,0.750489,0.750978,50
2023-02-03 06:00:00,0.750978,0.751017,0.750537,0.750576,50
2023-02-03 07:00:00,0.750576,0.752047,0.750308,0.751779,50
2023-02-03 08:00:00,0.751779,0.751818,0.751465,0.751504,50
2023-02-03 09:00:00,0.751504,0.751529,0.751497,0.751522,50
2023-02-03 10:00:00,0.751522,0.752089,0.751227,0.751794,50
2023-02-03 11:00:00,0.751794,0.752125,0.751074,0.751405,50
2023-02-03 12:00:00,0.751405,0.751645,0.751221,0.751462,50
2023-02-03 13:00:00,0.751462,0.751817,0.750879,0.751235,50
2023-02-03 14:00:00,0.751235,0.751455,0.750537,0.750757,50
2023-02-03 15:00:00,0.750757,0.751081,0.749690,0.750014,50
2023-02-03 16:00:00,0.750014,0.750177,0.748393,0.748557,50
2023-02-03 17:00:00,0.748557,0.748717,0.747240,0.747400,50
2023-02-03 18:00:00,0.747400,0.747741,0.747033,0.747374,50
2023-02-03 19:00:00,0.747374,0.747583,0.746574,0.746783,50
2023-02-03 20:00:00,0.746783,0.746957,0.746378,0.746553,50
2023-02-03 21:00:00,0.746553,0.746941,0.746228,0.746617,50
2023-02-03 22:00:00,0.746617,0.746892,0.745881,0.746157,50
2023-02-03 23:00:00,0.746157,0.746833,0.745871,0.746547,50
2023-02-06 00:00:00,0.746547,0.746758,0.746505,0.746716,50
2023-02-06 01:00:00,0.746716,0.747087,0.746698,0.747069,50
2023-02-06 02:00:00,0.747069,0.747113,0.746979,0.747023,50
2023-02-06 03:00:00,0.747023,0.747146,0.746126,0.746249,50
2023-02-06 04:00:00,0.746249,0.746345,0.745797,0.745893,50
2023-02-06 05:00:00,0.745893,0.746048,0.745425,0.745580,50
2023-02-06 06:00:00,0.745580,0.746132,0.745563,0.746115,50
2023-02-06 07:00:00,0.746115,0.746503,0.745931,0.746319,50
2023-02-06 08:00:00,0.746319,0.746534,0.745744,0.745960,50
2023-02-06 09:00:00,0.745960,0.746122,0.745332,0.745494,50
2023-02-06 10:00:00,0.745494,0.746470,0.745331,0.746307,50
2023-02-06 11:00:00,0.746307,0.746497,0.746121,0.746311,50
2023-02-06 12:00:00,0.746311,0.746331,0.745260,0.745281,50
2023-02-06 13:00:00,0.745281,0.745382,0.744995,0.745096,50
2023-02-06 14:00:00,0.745096,0.745113,0.744722,0.744740,50
2023-02-06 15:00:00,0.744740,0.744911,0.743894,0.744066,50
2023-02-06 16:00:00,0.744066,0.744974,0.743948,0.744856,50
2023-02-06 17:00:00,0.744856,0.744915,0.744832,0.744892,50
2023-02-06 18:00:00,0.744892,0.744989,0.744644,0.744742,50
2023-02-06 19:00:00,0.744742,0.744912,0.744237,0.744408,50
2023-02-06 20:00:00,0.744408,0.744529,0.743670,0.743791,50
2023-02-06 21:00:00,0.743791,0.743817,0.743388,0.743415,50
2023-02-06 22:00:00,0.743415,0.743895,0.743209,0.743690,50
2023-02-06 23:00:00,0.743690,0.743949,0.743678,0.743937,50
2023-02-07 00:00:00,0.743937,0.743986,0.743052,0.743100,50
2023-02-07 01:00:00,0.743100,0.743128,0.742860,0.742887,50
2023-02-07 02:00:00,0.742887,0.743644,0.742874,0.743630,50
2023-02-07 03:00:00,0.743630,0.743650,0.743229,0.743248,50
2023-02-07 04:00:00,0.743248,0.743287,0.743184,0.743223,50
2023-02-07 05:00:00,0.743223,0.743847,0.743143,0.743768,50
2023-02-07 06:00:00,0.743768,0.744169,0.743650,0.744052,50
2023-02-07 07:00:00,0.744052,0.744149,0.744018,0.744114,50
2023-02-07 08:00:00,0.744114,0.744239,0.743474,0.743599,50
2023-02-07 09:00:00,0.743599,0.743621,0.742854,0.742876,50
2023-02-07 10:00:00,0.742876,0.743243,0.742809,0.743176,50
2023-02-07 11:00:00,0.743176,0.744014,0.743076,0.743914,50
2023-02-07 12:00:00,0.743914,0.744035,0.743324,0.743445,50
2023-02-07 13:00:00,0.743445,0.744014,0.743323,0.743892,50
2023-02-07 14:00:00,0.743892,0.744211,0.743764,0.744083,50
2023-02-07 15:00:00,0.744083,0.744094,0.743745,0.743756,50
2023-02-07 16:00:00,0.743756,0.744119,0.743640,0.744003,50
2023-02-07 17:00:00,0.744003,0.744486,0.744003,0.744486,50
2023-02-07 18:00:00,0.744486,0.745070,0.744425,0.745008,50
2023-02-07 19:00:00,0.745008,0.745057,0.744886,0.744935,50
2023-02-07 20:00:00,0.744935,0.745166,0.744877,0.745108,50
2023-02-07 21:00:00,0.745108,0.745120,0.744828,0.744840,50
2023-02-07 22:00:00,0.744840,0.744920,0.744785,0.744866,50
2023-02-07 23:00:00,0.744866,0.744956,0.743957,0.744048,50
2023-02-08 00:00:00,0.744048,0.744056,0.743363,0.743371,50
2023-02-08 01:00:00,0.743371,0.743596,0.743358,0.743583,50
2023-02-08 02:00:00,0.743583,0.743712,0.743568,0.743696,50
2023-02-08 03:00:00,0.743696,0.743906,0.743671,0.743882,50
2023-02-08 04:00:00,0.743882,0.743918,0.743786,0.743822,50
2023-02-08 05:00:00,0.743822,0.743852,0.743636,0.743665,50
2023-02-08 06:00:00,0.743665,0.743759,0.743457,0.743551,50
2023-02-08 07:00:00,0.743551,0.743769,0.743488,0.743707,50
2023-02-08 08:00:00,0.743707,0.744062,0.743683,0.744038,50
2023-02-08 09:00:00,0.744038,0.744042,0.743980,0.743984,50
2023-02-08 10:00:00,0.743984,0.744073,0.743788,0.743877,50
2023-02-08 11:00:00,0.743877,0.744227,0.743803,0.744153,50
2023-02-08 12:00:00,0.744153,0.744408,0.744029,0.744283,50
2023-02-08 13:00:00,0.744283,0.744303,0.744020,0.744039,50
2023-02-08 14:00:00,0.744039,0.744184,0.744012,0.744156,50
2023-02-08 15:00:00,0.744156,0.744282,0.743773,0.743898,50
2023-02-08 16:00:00,0.743898,0.743935,0.743824,0.743860,50
2023-02-08 17:00:00,0.743860,0.744607,0.743736,0.744483,50
2023-02-08 18:00:00,0.744483,0.745233,0.744349,0.745099,50
2023-02-08 19:00:00,0.745099,0.745333,0.745028,0.745262,50
2023-02-08 20:00:00,0.745262,0.745358,0.744932,0.745029,50
2023-02-08 21:00:00,0.745029,0.745463,0.745007,0.745442,50
2023-02-08 22:00:00,0.745442,0.745554,0.745217,0.745329,50
2023-02-08 23:00:00,0.745329,0.745412,0.744519,0.744602,50
2023-02-09 00:00:00,0.744602,0.744636,0.744523,0.744558,50
2023-02-09 01:00:00,0.744558,0.745033,0.744547,0.745022,50
2023-02-09 02:00:00,0.745022,0.745036,0.744762,0.744776,50
2023-02-09 03:00:00,0.744776,0.744778,0.743860,0.743862,50
2023-02-09 04:00:00,0.743862,0.743863,0.743547,0.743548,50
2023-02-09 05:00:00,0.743548,0.743957,0.743477,0.743887,50
2023-02-09 06:00:00,0.743887,0.743927,0.743512,0.743552,50
2023-02-09 07:00:00,0.743552,0.743937,0.743503,0.743888,50
2023-02-09 08:00:00,0.743888,0.744606,0.743810,0.744528,50
2023-02-09 09:00:00,0.744528,0.744571,0.743498,0.743540,50
2023-02-09 10:00:00,0.743540,0.744437,0.743441,0.744337,50
2023-02-09 11:00:00,0.744337,0.744370,0.743920,0.743953,50
2023-02-09 12:00:00,0.743953,0.744282,0.743886,0.744216,50
2023-02-09 13:00:00,0.744216,0.744359,0.744166,0.744309,50
2023-02-09 14:00:00,0.744309,0.744863,0.744210,0.744764,50
2023-02-09 15:00:00,0.744764,0.744824,0.744543,0.744603,50
2023-02-09 16:00:00,0.744603,0.744962,0.744566,0.744924,50
2023-02-09 17:00:00,0.744924,0.745461,0.744800,0.745337,50
2023-02-09 18:00:00,0.745337,0.745691,0.745232,0.745587,50
2023-02-09 19:00:00,0.745587,0.745633,0.745433,0.745479,50
2023-02-09 20:00:00,0.745479,0.745570,0.745249,0.745339,50
2023-02-09 21:00:00,0.745339,0.745591,0.745272,0.745524,50
2023-02-09 22:00:00,0.745524,0.745780,0.745518,0.745774,50
2023-02-09 23:00:00,0.745774,0.745803,0.744684,0.744713,50
2023-02-10 00:00:00,0.744713,0.744849,0.744641,0.744778,50
2023-02-10 01:00:00,0.744778,0.745058,0.744527,0.744808,50
2023-02-10 02:00:00,0.744808,0.745546,0.744733,0.745472,50
2023-02-10 03:00:00,0.745472,0.745861,0.745335,0.745725,50
2023-02-10 04:00:00,0.745725,0.745895,0.745340,0.745509,50
2023-02-10 05:00:00,0.745509,0.746169,0.745217,0.745877,50
2023-02-10 06:00:00,0.745877,0.747270,0.745654,0.747048,50
2023-02-10 07:00:00,0.747048,0.747303,0.746414,0.746669,50
2023-02-10 08:00:00,0.746669,0.748018,0.746563,0.747912,50
2023-02-10 09:00:00,0.747912,0.749000,0.747806,0.748894,50
2023-02-10 10:00:00,0.748894,0.749324,0.748629,0.749059,50
2023-02-10 11:00:00,0.749059,0.749237,0.748213,0.748391,50
2023-02-10 12:00:00,0.748391,0.748742,0.748173,0.748523,50
2023-02-10 13:00:00,0.748523,0.748553,0.748127,0.748157,50
2023-02-10 14:00:00,0.748157,0.748175,0.747359,0.747378,50
2023-02-10 15:00:00,0.747378,0.747508,0.746850,0.746980,50
2023-02-10 16:00:00,0.746980,0.747357,0.746886,0.747263,50
2023-02-10 17:00:00,0.747263,0.747344,0.746269,0.746350,50
2023-02-10 18:00:00,0.746350,0.746599,0.743835,0.744083,50
2023-02-10 19:00:00,0.744083,0.744928,0.743803,0.744648,50
2023-02-10 20:00:00,0.744648,0.744716,0.744464,0.744532,50
2023-02-10 21:00:00,0.744532,0.745199,0.744502,0.745168,50
2023-02-10 22:00:00,0.745168,0.746379,0.745111,0.746322,50
2023-02-10 23:00:00,0.746322,0.748391,0.746265,0.748335,50
2023-02-13 00:00:00,0.748335,0.748408,0.747940,0.748012,50
2023-02-13 01:00:00,0.748012,0.748088,0.747556,0.747632,50
2023-02-13 02:00:00,0.747632,0.748823,0.747535,0.748727,50
2023-02-13 03:00:00,0.748727,0.748821,0.748667,0.748762,50
2023-02-13 04:00:00,0.748762,0.748814,0.748431,0.748482,50
2023-02-13 05:00:00,0.748482,0.749250,0.748395,0.749163,50
2023-02-13 06:00:00,0.749163,0.749389,0.749041,0.749266,50
2023-02-13 07:00:00,0.749266,0.749576,0.749177,0.749487,50
2023-02-13 08:00:00,0.749487,0.749490,0.749103,0.749107,50
2023-02-13 09:00:00,0.749107,0.749378,0.749067,0.749337,50
2023-02-13 10:00:00,0.749337,0.749633,0.749208,0.749503,50
2023-02-13 11:00:00,0.749503,0.749728,0.749373,0.749598,50
2023-02-13 12:00:00,0.749598,0.749919,0.749558,0.749879,50
2023-02-13 13:00:00,0.749879,0.749908,0.749101,0.749130,50
2023-02-13 14:00:00,0.749130,0.749131,0.749004,0.749005,50
2023-02-13 15:00:00,0.749005,0.749022,0.748865,0.748881,50
2023-02-13 16:00:00,0.748881,0.749068,0.748872,0.749058,50
2023-02-13 17:00:00,0.749058,0.749190,0.748582,0.748715,50
2023-02-13 18:00:00,0.748715,0.749321,0.748587,0.749194,50
2023-02-13 19:00:00,0.749194,0.749239,0.749122,0.749167,50
2023-02-13 20:00:00,0.749167,0.749171,0.749153,0.749157,50
2023-02-13 21:00:00,0.749157,0.749280,0.749011,0.749135,50
2023-02-13 22:00:00,0.749135,0.749439,0.749051,0.749356,50
2023-02-13 23:00:00,0.749356,0.749477,0.749054,0.749176,50
2023-02-14 00:00:00,0.749176,0.749791,0.749151,0.749766,50
2023-02-14 01:00:00,0.749766,0.749891,0.749626,0.749751,50
2023-02-14 02:00:00,0.749751,0.749794,0.749459,0.749502,50
2023-02-14 03:00:00,0.749502,0.749563,0.749285,0.749346,50
2023-02-14 04:00:00,0.749346,0.749473,0.748804,0.748931,50
2023-02-14 05:00:00,0.748931,0.749011,0.748718,0.748798,50
2023-02-14 06:00:00,0.748798,0.748841,0.748658,0.748702,50
2023-02-14 07:00:00,0.748702,0.748733,0.748430,0.748461,50
2023-02-14 08:00:00,0.748461,0.748584,0.748297,0.748419,50
2023-02-14 09:00:00,0.748419,0.748608,0.748323,0.748511,50
2023-02-14 10:00:00,0.748511,0.748596,0.748281,0.748366,50
2023-02-14 11:00:00,0.748366,0.748440,0.748082,0.748156,50
2023-02-14 12:00:00,0.748156,0.748280,0.747903,0.748027,50
2023-02-14 13:00:00,0.748027,0.748361,0.748010,0.748344,50
2023-02-14 14:00:00,0.748344,0.748848,0.748294,0.748798,50
2023-02-14 15:00:00,0.748798,0.749369,0.748689,0.749260,50
2023-02-14 16:00:00,0.749260,0.749348,0.749130,0.749218,50
2023-02-14 17:00:00,0.749218,0.749302,0.748810,0.748893,50
2023-02-14 18:00:00,0.748893,0.748982,0.748543,0.748631,50
2023-02-14 19:00:00,0.748631,0.748695,0.748113,0.748176,50
2023-02-14 20:00:00,0.748176,0.748252,0.747599,0.747674,50
2023-02-14 21:00:00,0.747674,0.747732,0.747553,0.747611,50
2023-02-14 22:00:00,0.747611,0.747968,0.747483,0.747841,50
2023-02-14 23:00:00,0.747841,0.748148,0.747804,0.748111,50
2023-02-15 00:00:00,0.748111,0.748511,0.748001,0.748401,50
2023-02-15 01:00:00,0.748401,0.748487,0.747556,0.747641,50
2023-02-15 02:00:00,0.747641,0.747674,0.747639,0.747672,50
2023-02-15 03:00:00,0.747672,0.747712,0.747640,0.747680,50
2023-02-15 04:00:00,0.747680,0.748049,0.747613,0.747982,50
2023-02-15 05:00:00,0.747982,0.748028,0.747922,0.747969,50
2023-02-15 06:00:00,0.747969,0.748121,0.747951,0.748103,50
2023-02-15 07:00:00,0.748103,0.748507,0.748083,0.748488,50
2023-02-15 08:00:00,0.748488,0.748604,0.747832,0.747949,50
2023-02-15 09:00:00,0.747949,0.748036,0.747683,0.747769,50
2023-02-15 10:00:00,0.747769,0.747844,0.747361,0.747435,50
2023-02-15 11:00:00,0.747435,0.747439,0.747159,0.747164,50
2023-02-15 12:00:00,0.747164,0.747296,0.747042,0.747174,50
2023-02-15 13:00:00,0.747174,0.747332,0.746751,0.746909,50
2023-02-15 14:00:00,0.746909,0.747025,0.746095,0.746211,50
2023-02-15 15:00:00,0.746211,0.746432,0.746134,0.746355,50
2023-02-15 16:00:00,0.746355,0.746469,0.746172,0.746285,50
2023-02-15 17:00:00,0.746285,0.746386,0.745733,0.745833,50
2023-02-15 18:00:00,0.745833,0.746415,0.745812,0.746393,50
2023-02-15 19:00:00,0.746393,0.747050,0.746306,0.746962,50
2023-02-15 20:00:00,0.746962,0.747661,0.746864,0.747563,50
2023-02-15 21:00:00,0.747563,0.747764,0.747533,0.747734,50
2023-02-15 22:00:00,0.747734,0.748015,0.747691,0.747973,50
2023-02-15 23:00:00,0.747973,0.748024,0.746162,0.746213,50
2023-02-16 00:00:00,0.746213,0.746364,0.744085,0.744236,50
2023-02-16 01:00:00,0.744236,0.744831,0.744184,0.744779,50
2023-02-16 02:00:00,0.744779,0.745581,0.744682,0.745484,50
2023-02-16 03:00:00,0.745484,0.746268,0.745264,0.746047,50
2023-02-16 04:00:00,0.746047,0.746294,0.745966,0.746213,50
2023-02-16 05:00:00,0.746213,0.746684,0.746175,0.746646,50
2023-02-16 06:00:00,0.746646,0.746857,0.746557,0.746768,50
2023-02-16 07:00:00,0.746768,0.746801,0.745831,0.745865,50
2023-02-16 08:00:00,0.745865,0.746058,0.745125,0.745318,50
2023-02-16 09:00:00,0.745318,0.745474,0.744851,0.745008,50
2023-02-16 10:00:00,0.745008,0.745061,0.744173,0.744227,50
2023-02-16 11:00:00,0.744227,0.744446,0.743825,0.744045,50
2023-02-16 12:00:00,0.744045,0.744252,0.743939,0.744145,50
2023-02-16 13:00:00,0.744145,0.744843,0.744067,0.744766,50
2023-02-16 14:00:00,0.744766,0.744972,0.744186,0.744392,50
2023-02-16 15:00:00,0.744392,0.744430,0.744080,0.744117,50
2023-02-16 16:00:00,0.744117,0.744178,0.744017,0.744078,50
2023-02-16 17:00:00,0.744078,0.744193,0.743981,0.744096,50
2023-02-16 18:00:00,0.744096,0.744297,0.743490,0.743691,50
2023-02-16 19:00:00,0.743691,0.743775,0.743439,0.743523,50
2023-02-16 20:00:00,0.743523,0.743653,0.743063,0.743192,50
2023-02-16 21:00:00,0.743192,0.743231,0.742845,0.742884,50
2023-02-16 22:00:00,0.742884,0.743496,0.742827,0.743438,50
2023-02-16 23:00:00,0.743438,0.743523,0.743354,0.743439,50
2023-02-17 00:00:00,0.743439,0.743488,0.743038,0.743086,50
2023-02-17 01:00:00,0.743086,0.743242,0.743007,0.743162,50
2023-02-17 02:00:00,0.743162,0.743319,0.742862,0.743020,50
2023-02-17 03:00:00,0.743020,0.743333,0.742937,0.743251,50
2023-02-17 04:00:00,0.743251,0.743322,0.743062,0.743133,50
2023-02-17 05:00:00,0.743133,0.743260,0.742997,0.743124,50
2023-02-17 06:00:00,0.743124,0.743677,0.743009,0.743562,50
2023-02-17 07:00:00,0.743562,0.743603,0.743529,0.743569,50
2023-02-17 08:00:00,0.743569,0.743709,0.743180,0.743321,50
2023-02-17 09:00:00,0.743321,0.743968,0.743189,0.743836,50
2023-02-17 10:00:00,0.743836,0.743879,0.743298,0.743341,50
2023-02-17 11:00:00,0.743341,0.743428,0.742882,0.742969,50
2023-02-17 12:00:00,0.742969,0.743077,0.742388,0.742496,50
2023-02-17 13:00:00,0.742496,0.742557,0.742110,0.742171,50
2023-02-17 14:00:00,0.742171,0.742680,0.742059,0.742567,50
2023-02-17 15:00:00,0.742567,0.742670,0.742365,0.742467,50
2023-02-17 16:00:00,0.742467,0.742539,0.742382,0.742454,50
2023-02-17 17:00:00,0.742454,0.742795,0.742325,0.742666,50
2023-02-17 18:00:00,0.742666,0.742693,0.742042,0.742070,50
2023-02-17 19:00:00,0.742070,0.742187,0.741707,0.741824,50
2023-02-17 20:00:00,0.741824,0.741955,0.741575,0.741706,50
2023-02-17 21:00:00,0.741706,0.741817,0.741370,0.741482,50
2023-02-17 22:00:00,0.741482,0.741632,0.741064,0.741214,50
2023-02-17 23:00:00,0.741214,0.741588,0.741081,0.741455,50
2023-02-21 00:00:00,0.741455,0.741534,0.741289,0.741368,50
2023-02-21 01:00:00,0.741368,0.741642,0.741281,0.741555,50
2023-02-21 02:00:00,0.741555,0.741905,0.741447,0.741797,50
2023-02-21 03:00:00,0.741797,0.741840,0.741368,0.741412,50
2023-02-21 04:00:00,0.741412,0.741499,0.741261,0.741348,50
2023-02-21 05:00:00,0.741348,0.741801,0.741218,0.741671,50
2023-02-21 06:00:00,0.741671,0.741798,0.741232,0.741359,50
2023-02-21 07:00:00,0.741359,0.741386,0.741244,0.741272,50
2023-02-21 08:00:00,0.741272,0.741318,0.741179,0.741225,50
2023-02-21 09:00:00,0.741225,0.741251,0.741019,0.741045,50
2023-02-21 10:00:00,0.741045,0.741125,0.740775,0.740854,50
2023-02-21 11:00:00,0.740854,0.741139,0.740790,0.741075,50
2023-02-21 12:00:00,0.741075,0.741172,0.740998,0.741096,50
2023-02-21 13:00:00,0.741096,0.741135,0.740366,0.740405,50
2023-02-21 14:00:00,0.740405,0.740529,0.739520,0.739644,50
2023-02-21 15:00:00,0.739644,0.739658,0.739563,0.739577,50
2023-02-21 16:00:00,0.739577,0.740200,0.739445,0.740068,50
2023-02-21 17:00:00,0.740068,0.740408,0.739957,0.740297,50
2023-02-21 18:00:00,0.740297,0.740398,0.740196,0.740297,50
2023-02-21 19:00:00,0.740297,0.740614,0.740213,0.740530,50
2023-02-21 20:00:00,0.740530,0.740658,0.740262,0.740390,50
2023-02-21 21:00:00,0.740390,0.740453,0.740275,0.740338,50
2023-02-21 22:00:00,0.740338,0.740754,0.740211,0.740627,50
2023-02-21 23:00:00,0.740627,0.740753,0.739793,0.739919,50
2023-02-22 00:00:00,0.739919,0.740089,0.739796,0.739967,50
2023-02-22 01:00:00,0.739967,0.740098,0.739727,0.739858,50
2023-02-22 02:00:00,0.739858,0.739988,0.739410,0.739540,50
2023-02-22 03:00:00,0.739540,0.739850,0.739454,0.739764,50
2023-02-22 04:00:00,0.739764,0.740314,0.739637,0.740187,50
2023-02-22 05:00:00,0.740187,0.740363,0.740083,0.740259,50
2023-02-22 06:00:00,0.740259,0.740262,0.740001,0.740005,50
2023-02-22 07:00:00,0.740005,0.740410,0.739939,0.740343,50
2023-02-22 08:00:00,0.740343,0.740394,0.739726,0.739776,50
2023-02-22 09:00:00,0.739776,0.739827,0.739077,0.739128,50
2023-02-22 10:00:00,0.739128,0.739195,0.738952,0.739019,50
2023-02-22 11:00:00,0.739019,0.739084,0.738847,0.738912,50
2023-02-22 12:00:00,0.738912,0.738963,0.738729,0.738780,50
2023-02-22 13:00:00,0.738780,0.738798,0.738509,0.738527,50
2023-02-22 14:00:00,0.738527,0.738658,0.738470,0.738601,50
2023-02-22 15:00:00,0.738601,0.738775,0.738559,0.738734,50
2023-02-22 16:00:00,0.738734,0.738847,0.738461,0.738574,50
2023-02-22 17:00:00,0.738574,0.738577,0.738306,0.738308,50
2023-02-22 18:00:00,0.738308,0.738326,0.738228,0.738245,50
2023-02-22 19:00:00,0.738245,0.738394,0.738172,0.738320,50
2023-02-22 20:00:00,0.738320,0.738331,0.738138,0.738149,50
2023-02-22 21:00:00,0.738149,0.738307,0.738111,0.738269,50
2023-02-22 22:00:00,0.738269,0.738363,0.738034,0.738128,50
2023-02-22 23:00:00,0.738128,0.738682,0.737998,0.738552,50
2023-02-23 00:00:00,0.738552,0.738684,0.738412,0.738543,50
2023-02-23 01:00:00,0.738543,0.738544,0.738330,0.738331,50
2023-02-23 02:00:00,0.738331,0.738449,0.738038,0.738156,50
2023-02-23 03:00:00,0.738156,0.738178,0.738137,0.738158,50
2023-02-23 04:00:00,0.738158,0.738188,0.738020,0.738050,50
2023-02-23 05:00:00,0.738050,0.738207,0.738037,0.738195,50
2023-02-23 06:00:00,0.738195,0.738825,0.738149,0.738780,50
2023-02-23 07:00:00,0.738780,0.738885,0.738334,0.738439,50
2023-02-23 08:00:00,0.738439,0.738633,0.738393,0.738587,50
2023-02-23 09:00:00,0.738587,0.738661,0.738054,0.738129,50
2023-02-23 10:00:00,0.738129,0.738224,0.737473,0.737569,50
2023-02-23 11:00:00,0.737569,0.737680,0.737166,0.737277,50
2023-02-23 12:00:00,0.737277,0.737378,0.737203,0.737304,50
2023-02-23 13:00:00,0.737304,0.737375,0.737227,0.737298,50
2023-02-23 14:00:00,0.737298,0.737351,0.737029,0.737082,50
2023-02-23 15:00:00,0.737082,0.737182,0.736702,0.736802,50
2023-02-23 16:00:00,0.736802,0.736865,0.736649,0.736712,50
2023-02-23 17:00:00,0.736712,0.737237,0.736583,0.737108,50
2023-02-23 18:00:00,0.737108,0.737231,0.736848,0.736971,50
2023-02-23 19:00:00,0.736971,0.737032,0.736933,0.736993,50
2023-02-23 20:00:00,0.736993,0.737237,0.736863,0.737106,50
2023-02-23 21:00:00,0.737106,0.737229,0.736914,0.737037,50
2023-02-23 22:00:00,0.737037,0.737111,0.736692,0.736766,50
2023-02-23 23:00:00,0.736766,0.737202,0.736647,0.737083,50
2023-02-24 00:00:00,0.737083,0.737581,0.736966,0.737464,50
2023-02-24 01:00:00,0.737464,0.737850,0.737249,0.737635,50
2023-02-24 02:00:00,0.737635,0.737684,0.737296,0.737345,50
2023-02-24 03:00:00,0.737345,0.737369,0.736869,0.736893,50
2023-02-24 04:00:00,0.736893,0.736991,0.736543,0.736642,50
2023-02-24 05:00:00,0.736642,0.736644,0.736357,0.736359,50
2023-02-24 06:00:00,0.736359,0.736378,0.735534,0.735553,50
2023-02-24 07:00:00,0.735553,0.735959,0.735402,0.735808,50
2023-02-24 08:00:00,0.735808,0.736167,0.735579,0.735939,50
2023-02-24 09:00:00,0.735939,0.736164,0.735425,0.735651,50
2023-02-24 10:00:00,0.735651,0.735838,0.735440,0.735628,50
2023-02-24 11:00:00,0.735628,0.735886,0.735527,0.735785,50
2023-02-24 12:00:00,0.735785,0.735966,0.735590,0.735771,50
2023-02-24 13:00:00,0.735771,0.735943,0.735484,0.735655,50
2023-02-24 14:00:00,0.735655,0.735833,0.735049,0.735227,50
2023-02-24 15:00:00,0.735227,0.735337,0.734219,0.734330,50
2023-02-24 16:00:00,0.734330,0.734726,0.734156,0.734552,50
2023-02-24 17:00:00,0.734552,0.734631,0.734155,0.734233,50
2023-02-24 18:00:00,0.734233,0.734374,0.734169,0.734311,50
2023-02-24 19:00:00,0.734311,0.734351,0.734070,0.734111,50
2023-02-24 20:00:00,0.734111,0.734229,0.734025,0.734143,50
2023-02-24 21:00:00,0.734143,0.734244,0.733788,0.733890,50
2023-02-24 22:00:00,0.733890,0.733964,0.733777,0.733852,50
2023-02-24 23:00:00,0.733852,0.734525,0.733649,0.734322,50
2023-02-27 00:00:00,0.734322,0.734516,0.734252,0.734446,50
2023-02-27 01:00:00,0.734446,0.734593,0.734163,0.734310,50
2023-02-27 02:00:00,0.734310,0.734573,0.734153,0.734416,50
2023-02-27 03:00:00,0.734416,0.734830,0.734242,0.734656,50
2023-02-27 04:00:00,0.734656,0.734794,0.733708,0.733846,50
2023-02-27 05:00:00,0.733846,0.734200,0.733760,0.734114,50
2023-02-27 06:00:00,0.734114,0.734205,0.734046,0.734137,50
2023-02-27 07:00:00,0.734137,0.734709,0.734061,0.734632,50
2023-02-27 08:00:00,0.734632,0.734706,0.734403,0.734478,50
2023-02-27 09:00:00,0.734478,0.734948,0.734301,0.734771,50
2023-02-27 10:00:00,0.734771,0.735275,0.734605,0.735110,50
2023-02-27 11:00:00,0.735110,0.735410,0.735067,0.735367,50
2023-02-27 12:00:00,0.735367,0.736561,0.735314,0.736508,50
2023-02-27 13:00:00,0.736508,0.736516,0.736430,0.736439,50
2023-02-27 14:00:00,0.736439,0.736625,0.736098,0.736284,50
2023-02-27 15:00:00,0.736284,0.736296,0.735546,0.735558,50
2023-02-27 16:00:00,0.735558,0.735636,0.735460,0.735538,50
2023-02-27 17:00:00,0.735538,0.735763,0.735501,0.735727,50
2023-02-27 18:00:00,0.735727,0.735766,0.735205,0.735244,50
2023-02-27 19:00:00,0.735244,0.735454,0.735056,0.735266,50
2023-02-27 20:00:00,0.735266,0.735715,0.735179,0.735628,50
2023-02-27 21:00:00,0.735628,0.735856,0.735501,0.735729,50
2023-02-27 22:00:00,0.735729,0.736948,0.735563,0.736782,50
2023-02-27 23:00:00,0.736782,0.736887,0.736598,0.736703,50
2023-02-28 00:00:00,0.736703,0.736972,0.736554,0.736823,50
2023-02-28 01:00:00,0.736823,0.737140,0.736687,0.737004,50
2023-02-28 02:00:00,0.737004,0.737132,0.736509,0.736637,50
2023-02-28 03:00:00,0.736637,0.736819,0.736316,0.736497,50
2023-02-28 04:00:00,0.736497,0.736889,0.736346,0.736738,50
2023-02-28 05:00:00,0.736738,0.736751,0.735996,0.736009,50
2023-02-28 06:00:00,0.736009,0.736078,0.735690,0.735759,50
2023-02-28 07:00:00,0.735759,0.735766,0.735280,0.735287,50
2023-02-28 08:00:00,0.735287,0.735460,0.734813,0.734987,50
2023-02-28 09:00:00,0.734987,0.735118,0.734713,0.734845,50
2023-02-28 10:00:00,0.734845,0.735401,0.734803,0.735359,50
2023-02-28 11:00:00,0.735359,0.735393,0.734496,0.734530,50
2023-02-28 12:00:00,0.734530,0.734574,0.734115,0.734158,50
2023-02-28 13:00:00,0.734158,0.734274,0.733860,0.733976,50
2023-02-28 14:00:00,0.733976,0.734608,0.733884,0.734516,50
2023-02-28 15:00:00,0.734516,0.734740,0.734514,0.734738,50
2023-02-28 16:00:00,0.734738,0.734863,0.734352,0.734477,50
2023-02-28 17:00:00,0.734477,0.734531,0.734099,0.734153,50
2023-02-28 18:00:00,0.734153,0.734405,0.734098,0.734350,50
2023-02-28 19:00:00,0.734350,0.734874,0.734160,0.734684,50
2023-02-28 20:00:00,0.734684,0.734856,0.734376,0.734549,50
2023-02-28 21:00:00,0.734549,0.734716,0.734276,0.734443,50
2023-02-28 22:00:00,0.734443,0.734613,0.733862,0.734032,50
2023-02-28 23:00:00,0.734032,0.734539,0.733923,0.734430,50
2023-03-01 00:00:00,0.734430,0.734458,0.734035,0.734064,50
2023-03-01 01:00:00,0.734064,0.734425,0.733962,0.734323,50
2023-03-01 02:00:00,0.734323,0.734809,0.734201,0.734687,50
2023-03-01 03:00:00,0.734687,0.734855,0.734678,0.734846,50
2023-03-01 04:00:00,0.734846,0.734869,0.734523,0.734545,50
2023-03-01 05:00:00,0.734545,0.734667,0.734163,0.734284,50
2023-03-01 06:00:00,0.734284,0.734298,0.734169,0.734183,50
2023-03-01 07:00:00,0.734183,0.734194,0.733981,0.733992,50
2023-03-01 08:00:00,0.733992,0.734110,0.733815,0.733933,50
2023-03-01 09:00:00,0.733933,0.733971,0.733803,0.733840,50
2023-03-01 10:00:00,0.733840,0.734044,0.733838,0.734042,50
2023-03-01 11:00:00,0.734042,0.734188,0.733967,0.734112,50
2023-03-01 12:00:00,0.734112,0.734431,0.734087,0.734406,50
2023-03-01 13:00:00,0.734406,0.734739,0.734355,0.734688,50
2023-03-01 14:00:00,0.734688,0.734731,0.734128,0.734171,50
2023-03-01 15:00:00,0.734171,0.734622,0.734063,0.734514,50
2023-03-01 16:00:00,0.734514,0.734639,0.734309,0.734434,50
2023-03-01 17:00:00,0.734434,0.735171,0.734307,0.735044,50
2023-03-01 18:00:00,0.735044,0.735109,0.734966,0.735031,50
2023-03-01 19:00:00,0.735031,0.736169,0.734908,0.736046,50
2023-03-01 20:00:00,0.736046,0.736137,0.735702,0.735793,50
2023-03-01 21:00:00,0.735793,0.735871,0.735720,0.735798,50
2023-03-01 22:00:00,0.735798,0.735985,0.735713,0.735899,50
2023-03-01 23:00:00,0.735899,0.735986,0.735369,0.735456,50
2023-03-02 00:00:00,0.735456,0.735548,0.734608,0.734700,50
2023-03-02 01:00:00,0.734700,0.734736,0.734612,0.734649,50
2023-03-02 02:00:00,0.734649,0.734659,0.734571,0.734581,50
2023-03-02 03:00:00,0.734581,0.734985,0.734532,0.734935,50
2023-03-02 04:00:00,0.734935,0.735436,0.734831,0.735332,50
2023-03-02 05:00:00,0.735332,0.735420,0.735286,0.735374,50
2023-03-02 06:00:00,0.735374,0.735789,0.735302,0.735717,50
2023-03-02 07:00:00,0.735717,0.735819,0.735508,0.735610,50
2023-03-02 08:00:00,0.735610,0.736081,0.735574,0.736045,50
2023-03-02 09:00:00,0.736045,0.736159,0.735185,0.735300,50
2023-03-02 10:00:00,0.735300,0.735360,0.735295,0.735355,50
2023-03-02 11:00:00,0.735355,0.735421,0.735295,0.735362,50
2023-03-02 12:00:00,0.735362,0.735394,0.734537,0.734569,50
2023-03-02 13:00:00,0.734569,0.734929,0.734547,0.734906,50
2023-03-02 14:00:00,0.734906,0.735025,0.734205,0.734324,50
2023-03-02 15:00:00,0.734324,0.734517,0.734302,0.734495,50
2023-03-02 16:00:00,0.734495,0.734598,0.734343,0.734446,50
2023-03-02 17:00:00,0.734446,0.734509,0.734293,0.734356,50
2023-03-02 18:00:00,0.734356,0.734481,0.733755,0.733880,50
2023-03-02 19:00:00,0.733880,0.734100,0.733762,0.733983,50
2023-03-02 20:00:00,0.733983,0.734082,0.733981,0.734080,50
2023-03-02 21:00:00,0.734080,0.734358,0.733954,0.734232,50
2023-03-02 22:00:00,0.734232,0.734306,0.734017,0.734090,50
2023-03-02 23:00:00,0.734090,0.734526,0.733994,0.734430,50
2023-03-03 00:00:00,0.734430,0.734509,0.733908,0.733986,50
2023-03-03 01:00:00,0.733986,0.734054,0.733449,0.733517,50
2023-03-03 02:00:00,0.733517,0.734026,0.733496,0.734005,50
2023-03-03 03:00:00,0.734005,0.734102,0.733898,0.733996,50
2023-03-03 04:00:00,0.733996,0.734275,0.733905,0.734185,50
2023-03-03 05:00:00,0.734185,0.734300,0.733988,0.734104,50
2023-03-03 06:00:00,0.734104,0.734166,0.733827,0.733889,50
2023-03-03 07:00:00,0.733889,0.733899,0.733887,0.733897,50
2023-03-03 08:00:00,0.733897,0.734110,0.733848,0.734061,50
2023-03-03 09:00:00,0.734061,0.734145,0.733991,0.734075,50
2023-03-03 10:00:00,0.734075,0.734153,0.733954,0.734032,50
2023-03-03 11:00:00,0.734032,0.734325,0.733992,0.734286,50
2023-03-03 12:00:00,0.734286,0.734335,0.733799,0.733848,50
2023-03-03 13:00:00,0.733848,0.733905,0.733592,0.733648,50
2023-03-03 14:00:00,0.733648,0.733960,0.733529,0.733841,50
2023-03-03 15:00:00,0.733841,0.734391,0.733825,0.734374,50
2023-03-03 16:00:00,0.734374,0.734392,0.733945,0.733962,50
2023-03-03 17:00:00,0.733962,0.734584,0.733838,0.734460,50
2023-03-03 18:00:00,0.734460,0.734535,0.734214,0.734288,50
2023-03-03 19:00:00,0.734288,0.734438,0.734287,0.734436,50
2023-03-03 20:00:00,0.734436,0.734854,0.734408,0.734826,50
2023-03-03 21:00:00,0.734826,0.735773,0.734774,0.735721,50
2023-03-03 22:00:00,0.735721,0.735789,0.735267,0.735336,50
2023-03-03 23:00:00,0.735336,0.735445,0.734698,0.734808,50
2023-03-06 00:00:00,0.734808,0.734876,0.733830,0.733898,50
2023-03-06 01:00:00,0.733898,0.734376,0.733894,0.734372,50
2023-03-06 02:00:00,0.734372,0.734380,0.734203,0.734211,50
2023-03-06 03:00:00,0.734211,0.734392,0.734153,0.734334,50
2023-03-06 04:00:00,0.734334,0.734652,0.734225,0.734543,50
2023-03-06 05:00:00,0.734543,0.734592,0.734034,0.734083,50
2023-03-06 06:00:00,0.734083,0.734213,0.733933,0.734063,50
2023-03-06 07:00:00,0.734063,0.734141,0.733926,0.734004,50
2023-03-06 08:00:00,0.734004,0.734019,0.733771,0.733786,50
2023-03-06 09:00:00,0.733786,0.734003,0.733713,0.733930,50
2023-03-06 10:00:00,0.733930,0.734059,0.733791,0.733921,50
2023-03-06 11:00:00,0.733921,0.734233,0.733881,0.734193,50
2023-03-06 12:00:00,0.734193,0.734303,0.734026,0.734136,50
2023-03-06 13:00:00,0.734136,0.734572,0.734049,0.734486,50
2023-03-06 14:00:00,0.734486,0.734910,0.734452,0.734877,50
2023-03-06 15:00:00,0.734877,0.735011,0.734771,0.734905,50
2023-03-06 16:00:00,0.734905,0.735272,0.734879,0.735246,50
2023-03-06 17:00:00,0.735246,0.735304,0.735148,0.735206,50
2023-03-06 18:00:00,0.735206,0.735307,0.734915,0.735016,50
2023-03-06 19:00:00,0.735016,0.735439,0.735010,0.735433,50
2023-03-06 20:00:00,0.735433,0.735548,0.734945,0.735060,50
2023-03-06 21:00:00,0.735060,0.735645,0.735013,0.735597,50
2023-03-06 22:00:00,0.735597,0.736077,0.735512,0.735991,50
2023-03-06 23:00:00,0.735991,0.736077,0.734884,0.734970,50
2023-03-07 00:00:00,0.734970,0.735407,0.728354,0.728791,50
2023-03-07 01:00:00,0.728791,0.734774,0.728727,0.734710,50
2023-03-07 02:00:00,0.734710,0.734748,0.729949,0.729986,50
2023-03-07 03:00:00,0.729986,0.735212,0.729676,0.734901,50
2023-03-07 04:00:00,0.734901,0.736891,0.734371,0.736361,50
2023-03-07 05:00:00,0.736361,0.736724,0.731339,0.731702,50
2023-03-07 06:00:00,0.731702,0.732136,0.730333,0.730767,50
2023-03-07 07:00:00,0.730767,0.731032,0.730154,0.730418,50
2023-03-07 08:00:00,0.730418,0.736047,0.729847,0.735475,50
2023-03-07 09:00:00,0.735475,0.735615,0.731008,0.731148,50
2023-03-07 10:00:00,0.731148,0.731161,0.730262,0.730274,50
2023-03-07 11:00:00,0.730274,0.731569,0.729933,0.731229,50
2023-03-07 12:00:00,0.731229,0.731525,0.726519,0.726815,50
2023-03-07 13:00:00,0.726815,0.728669,0.726700,0.728554,50
2023-03-07 14:00:00,0.728554,0.729643,0.728507,0.729597,50
2023-03-07 15:00:00,0.729597,0.729943,0.727141,0.727488,50
2023-03-07 16:00:00,0.727488,0.727630,0.726564,0.726706,50
2023-03-07 17:00:00,0.726706,0.728988,0.726624,0.728906,50
2023-03-07 18:00:00,0.728906,0.729478,0.726634,0.727206,50
2023-03-07 19:00:00,0.727206,0.728812,0.726636,0.728242,50
2023-03-07 20:00:00,0.728242,0.729854,0.728151,0.729763,50
2023-03-07 21:00:00,0.729763,0.729768,0.727992,0.727997,50
2023-03-07 22:00:00,0.727997,0.728428,0.726494,0.726925,50
2023-03-07 23:00:00,0.726925,0.728290,0.726650,0.728014,50
2023-03-08 00:00:00,0.728014,0.728129,0.726804,0.726919,50
2023-03-08 01:00:00,0.726919,0.727985,0.726833,0.727899,50
2023-03-08 02:00:00,0.727899,0.728021,0.727640,0.727761,50
2023-03-08 03:00:00,0.727761,0.728119,0.727588,0.727946,50
2023-03-08 04:00:00,0.727946,0.728003,0.726834,0.726891,50
2023-03-08 05:00:00,0.726891,0.727179,0.726782,0.727069,50
2023-03-08 06:00:00,0.727069,0.727096,0.726938,0.726964,50
2023-03-08 07:00:00,0.726964,0.727079,0.726631,0.726746,50
2023-03-08 08:00:00,0.726746,0.726893,0.726162,0.726309,50
2023-03-08 09:00:00,0.726309,0.726405,0.726222,0.726317,50
2023-03-08 10:00:00,0.726317,0.728144,0.726296,0.728122,50
2023-03-08 11:00:00,0.728122,0.728709,0.727935,0.728521,50
2023-03-08 12:00:00,0.728521,0.728685,0.728181,0.728345,50
2023-03-08 13:00:00,0.728345,0.728521,0.727567,0.727743,50
2023-03-08 14:00:00,0.727743,0.727967,0.727709,0.727934,50
2023-03-08 15:00:00,0.727934,0.728146,0.726564,0.726777,50
2023-03-08 16:00:00,0.726777,0.727532,0.726672,0.727427,50
2023-03-08 17:00:00,0.727427,0.727496,0.727389,0.727458,50
2023-03-08 18:00:00,0.727458,0.727521,0.727326,0.727389,50
2023-03-08 19:00:00,0.727389,0.727598,0.727373,0.727581,50
2023-03-08 20:00:00,0.727581,0.727753,0.727371,0.727543,50
2023-03-08 21:00:00,0.727543,0.727745,0.726012,0.726213,50
2023-03-08 22:00:00,0.726213,0.726407,0.724778,0.724972,50
2023-03-08 23:00:00,0.724972,0.725631,0.724820,0.725479,50
2023-03-09 00:00:00,0.725479,0.725580,0.724945,0.725047,50
2023-03-09 01:00:00,0.725047,0.725108,0.724861,0.724922,50
2023-03-09 02:00:00,0.724922,0.724974,0.724762,0.724814,50
2023-03-09 03:00:00,0.724814,0.724849,0.724555,0.724590,50
2023-03-09 04:00:00,0.724590,0.724591,0.724573,0.724574,50
2023-03-09 05:00:00,0.724574,0.724851,0.724548,0.724824,50
2023-03-09 06:00:00,0.724824,0.725325,0.724695,0.725195,50
2023-03-09 07:00:00,0.725195,0.725265,0.724790,0.724860,50
2023-03-09 08:00:00,0.724860,0.725675,0.724800,0.725615,50
2023-03-09 09:00:00,0.725615,0.725919,0.725497,0.725802,50
2023-03-09 10:00:00,0.725802,0.726225,0.725722,0.726146,50
2023-03-09 11:00:00,0.726146,0.726273,0.725995,0.726122,50
2023-03-09 12:00:00,0.726122,0.726344,0.726076,0.726297,50
2023-03-09 13:00:00,0.726297,0.726475,0.726269,0.726447,50
2023-03-09 14:00:00,0.726447,0.726568,0.726067,0.726187,50
2023-03-09 15:00:00,0.726187,0.726392,0.726166,0.726371,50
2023-03-09 16:00:00,0.726371,0.726855,0.726268,0.726752,50
2023-03-09 17:00:00,0.726752,0.726830,0.726351,0.726429,50
2023-03-09 18:00:00,0.726429,0.726558,0.726022,0.726150,50
2023-03-09 19:00:00,0.726150,0.726273,0.725631,0.725754,50
2023-03-09 20:00:00,0.725754,0.725840,0.725492,0.725578,50
2023-03-09 21:00:00,0.725578,0.725825,0.725573,0.725821,50
2023-03-09 22:00:00,0.725821,0.725824,0.725436,0.725439,50
2023-03-09 23:00:00,0.725439,0.725909,0.725377,0.725847,50
2023-03-10 00:00:00,0.725847,0.725920,0.725480,0.725552,50
2023-03-10 01:00:00,0.725552,0.725670,0.725195,0.725313,50
2023-03-10 02:00:00,0.725313,0.725419,0.725150,0.725257,50
2023-03-10 03:00:00,0.725257,0.725703,0.725236,0.725682,50
2023-03-10 04:00:00,0.725682,0.725800,0.725598,0.725716,50
2023-03-10 05:00:00,0.725716,0.726023,0.725699,0.726007,50
2023-03-10 06:00:00,0.726007,0.726007,0.725901,0.725902,50
2023-03-10 07:00:00,0.725902,0.726276,0.725850,0.726224,50
2023-03-10 08:00:00,0.726224,0.726325,0.725858,0.725959,50
2023-03-10 09:00:00,0.725959,0.726032,0.725739,0.725812,50
2023-03-10 10:00:00,0.725812,0.725838,0.725178,0.725203,50
2023-03-10 11:00:00,0.725203,0.725312,0.724904,0.725014,50
2023-03-10 12:00:00,0.725014,0.725133,0.724660,0.724779,50
2023-03-10 13:00:00,0.724779,0.724891,0.724748,0.724860,50
2023-03-10 14:00:00,0.724860,0.725090,0.724802,0.725031,50
2023-03-10 15:00:00,0.725031,0.725114,0.724511,0.724595,50
2023-03-10 16:00:00,0.724595,0.724712,0.724428,0.724545,50
2023-03-10 17:00:00,0.724545,0.724562,0.724364,0.724381,50
2023-03-10 18:00:00,0.724381,0.724453,0.724213,0.724285,50
2023-03-10 19:00:00,0.724285,0.724412,0.723925,0.724051,50
2023-03-10 20:00:00,0.724051,0.724625,0.723971,0.724545,50
2023-03-10 21:00:00,0.724545,0.725142,0.724452,0.725048,50
2023-03-10 22:00:00,0.725048,0.725149,0.724780,0.724881,50
2023-03-10 23:00:00,0.724881,0.724947,0.724362,0.724428,50
2023-03-13 00:00:00,0.724428,0.724485,0.723417,0.723475,50
2023-03-13 01:00:00,0.723475,0.723903,0.722761,0.723189,50
2023-03-13 02:00:00,0.723189,0.725517,0.722835,0.725163,50
2023-03-13 03:00:00,0.725163,0.725509,0.724379,0.724725,50
2023-03-13 04:00:00,0.724725,0.725184,0.722979,0.723438,50
2023-03-13 05:00:00,0.723438,0.723913,0.723233,0.723708,50
2023-03-13 06:00:00,0.723708,0.724044,0.723510,0.723847,50
2023-03-13 07:00:00,0.723847,0.724682,0.723627,0.724462,50
2023-03-13 08:00:00,0.724462,0.724673,0.723924,0.724134,50
2023-03-13 09:00:00,0.724134,0.725811,0.723786,0.725463,50
2023-03-13 10:00:00,0.725463,0.726023,0.725460,0.726020,50
2023-03-13 11:00:00,0.726020,0.728575,0.725778,0.728334,50
2023-03-13 12:00:00,0.728334,0.729142,0.728055,0.728864,50
2023-03-13 13:00:00,0.728864,0.729295,0.728684,0.729115,50
2023-03-13 14:00:00,0.729115,0.730430,0.729104,0.730419,50
2023-03-13 15:00:00,0.730419,0.731601,0.730052,0.731234,50
2023-03-13 16:00:00,0.731234,0.731239,0.730551,0.730556,50
2023-03-13 17:00:00,0.730556,0.731604,0.730263,0.731311,50
2023-03-13 18:00:00,0.731311,0.731390,0.730643,0.730723,50
2023-03-13 19:00:00,0.730723,0.731877,0.730705,0.731859,50
2023-03-13 20:00:00,0.731859,0.731953,0.731259,0.731353,50
2023-03-13 21:00:00,0.731353,0.731736,0.731319,0.731702,50
2023-03-13 22:00:00,0.731702,0.731780,0.730931,0.731009,50
2023-03-13 23:00:00,0.731009,0.731366,0.730264,0.730620,50
2023-03-14 00:00:00,0.730620,0.730639,0.730242,0.730261,50
2023-03-14 01:00:00,0.730261,0.730939,0.730179,0.730857,50
2023-03-14 02:00:00,0.730857,0.731351,0.730774,0.731268,50
2023-03-14 03:00:00,0.731268,0.732099,0.731179,0.732011,50
2023-03-14 04:00:00,0.732011,0.732043,0.731566,0.731598,50
2023-03-14 05:00:00,0.731598,0.731610,0.731254,0.731266,50
2023-03-14 06:00:00,0.731266,0.731310,0.730709,0.730752,50
2023-03-14 07:00:00,0.730752,0.730843,0.730195,0.730285,50
2023-03-14 08:00:00,0.730285,0.730988,0.730218,0.730921,50
2023-03-14 09:00:00,0.730921,0.731197,0.730823,0.731098,50
2023-03-14 10:00:00,0.731098,0.731155,0.730566,0.730623,50
2023-03-14 11:00:00,0.730623,0.730676,0.730126,0.730179,50
2023-03-14 12:00:00,0.730179,0.730935,0.730059,0.730815,50
2023-03-14 13:00:00,0.730815,0.730837,0.730191,0.730213,50
2023-03-14 14:00:00,0.730213,0.730241,0.729910,0.729937,50
2023-03-14 15:00:00,0.729937,0.730284,0.729860,0.730206,50
2023-03-14 16:00:00,0.730206,0.730969,0.730123,0.730886,50
2023-03-14 17:00:00,0.730886,0.731649,0.730829,0.731592,50
2023-03-14 18:00:00,0.731592,0.731665,0.731246,0.731319,50
2023-03-14 19:00:00,0.731319,0.731377,0.730577,0.730635,50
2023-03-14 20:00:00,0.730635,0.730723,0.729955,0.730043,50
2023-03-14 21:00:00,0.730043,0.730387,0.729926,0.730270,50
2023-03-14 22:00:00,0.730270,0.730494,0.730161,0.730385,50
2023-03-14 23:00:00,0.730385,0.731292,0.730301,0.731208,50
2023-03-15 00:00:00,0.731208,0.731435,0.726300,0.726527,50
2023-03-15 01:00:00,0.726527,0.727181,0.726097,0.726750,50
2023-03-15 02:00:00,0.726750,0.727552,0.726437,0.727239,50
2023-03-15 03:00:00,0.727239,0.730169,0.726786,0.729717,50
2023-03-15 04:00:00,0.729717,0.729853,0.729443,0.729579,50
2023-03-15 05:00:00,0.729579,0.729781,0.728765,0.728967,50
2023-03-15 06:00:00,0.728967,0.729919,0.728650,0.729601,50
2023-03-15 07:00:00,0.729601,0.730597,0.729083,0.730079,50
2023-03-15 08:00:00,0.730079,0.732850,0.729741,0.732512,50
2023-03-15 09:00:00,0.732512,0.732771,0.730030,0.730290,50
2023-03-15 10:00:00,0.730290,0.730427,0.729608,0.729745,50
2023-03-15 11:00:00,0.729745,0.730464,0.729591,0.730310,50
2023-03-15 12:00:00,0.730310,0.730428,0.729230,0.729348,50
2023-03-15 13:00:00,0.729348,0.729888,0.728263,0.728803,50
2023-03-15 14:00:00,0.728803,0.729289,0.728154,0.728640,50
2023-03-15 15:00:00,0.728640,0.729436,0.728150,0.728946,50
2023-03-15 16:00:00,0.728946,0.729235,0.728542,0.728831,50
2023-03-15 17:00:00,0.728831,0.729219,0.727714,0.728102,50
2023-03-15 18:00:00,0.728102,0.728264,0.726633,0.726795,50
2023-03-15 19:00:00,0.726795,0.727059,0.725188,0.725452,50
2023-03-15 20:00:00,0.725452,0.725531,0.724735,0.724814,50
2023-03-15 21:00:00,0.724814,0.725044,0.723157,0.723387,50
2023-03-15 22:00:00,0.723387,0.723782,0.723248,0.723643,50
2023-03-15 23:00:00,0.723643,0.724745,0.723588,0.724690,50
2023-03-16 00:00:00,0.724690,0.725074,0.724660,0.725044,50
2023-03-16 01:00:00,0.725044,0.725139,0.724764,0.724860,50
2023-03-16 02:00:00,0.724860,0.724877,0.724813,0.724830,50
2023-03-16 03:00:00,0.724830,0.724930,0.724469,0.724570,50
2023-03-16 04:00:00,0.724570,0.724704,0.724155,0.724290,50
2023-03-16 05:00:00,0.724290,0.724933,0.724151,0.724794,50
2023-03-16 06:00:00,0.724794,0.724860,0.724752,0.724817,50
2023-03-16 07:00:00,0.724817,0.724887,0.724685,0.724755,50
2023-03-16 08:00:00,0.724755,0.725297,0.724599,0.725142,50
2023-03-16 09:00:00,0.725142,0.725873,0.725083,0.725814,50
2023-03-16 10:00:00,0.725814,0.726374,0.725647,0.726207,50
2023-03-16 11:00:00,0.726207,0.726602,0.726174,0.726569,50
2023-03-16 12:00:00,0.726569,0.726710,0.726174,0.726315,50
2023-03-16 13:00:00,0.726315,0.726785,0.726309,0.726778,50
2023-03-16 14:00:00,0.726778,0.727204,0.726666,0.727092,50
2023-03-16 15:00:00,0.727092,0.727227,0.726588,0.726723,50
2023-03-16 16:00:00,0.726723,0.726815,0.726381,0.726473,50
2023-03-16 17:00:00,0.726473,0.726783,0.726367,0.726677,50
2023-03-16 18:00:00,0.726677,0.726831,0.726151,0.726305,50
2023-03-16 19:00:00,0.726305,0.726472,0.725782,0.725949,50
2023-03-16 20:00:00,0.725949,0.725979,0.725574,0.725604,50
2023-03-16 21:00:00,0.725604,0.725912,0.725516,0.725824,50
2023-03-16 22:00:00,0.725824,0.725831,0.725542,0.725549,50
2023-03-16 23:00:00,0.725549,0.726755,0.725485,0.726691,50
2023-03-17 00:00:00,0.726691,0.727040,0.726623,0.726972,50
2023-03-17 01:00:00,0.726972,0.727005,0.726695,0.726728,50
2023-03-17 02:00:00,0.726728,0.727086,0.726606,0.726964,50
2023-03-17 03:00:00,0.726964,0.727095,0.725929,0.726060,50
2023-03-17 04:00:00,0.726060,0.726141,0.725730,0.725812,50
2023-03-17 05:00:00,0.725812,0.726428,0.725797,0.726413,50
2023-03-17 06:00:00,0.726413,0.726520,0.726190,0.726297,50
2023-03-17 07:00:00,0.726297,0.726593,0.726197,0.726493,50
2023-03-17 08:00:00,0.726493,0.726608,0.726011,0.726126,50
2023-03-17 09:00:00,0.726126,0.726771,0.725998,0.726643,50
2023-03-17 10:00:00,0.726643,0.727105,0.726515,0.726978,50
2023-03-17 11:00:00,0.726978,0.727520,0.726881,0.727424,50
2023-03-17 12:00:00,0.727424,0.727475,0.727235,0.727286,50
2023-03-17 13:00:00,0.727286,0.727542,0.727217,0.727472,50
2023-03-17 14:00:00,0.727472,0.727538,0.727066,0.727132,50
2023-03-17 15:00:00,0.727132,0.727391,0.727033,0.727292,50
2023-03-17 16:00:00,0.727292,0.727374,0.726450,0.726532,50
2023-03-17 17:00:00,0.726532,0.726833,0.726424,0.726725,50
2023-03-17 18:00:00,0.726725,0.727032,0.726658,0.726965,50
2023-03-17 19:00:00,0.726965,0.727042,0.726756,0.726834,50
2023-03-17 20:00:00,0.726834,0.727481,0.726708,0.727355,50
2023-03-17 21:00:00,0.727355,0.727459,0.727212,0.727315,50
2023-03-17 22:00:00,0.727315,0.728115,0.727193,0.727993,50
2023-03-17 23:00:00,0.727993,0.728085,0.727023,0.727114,50
2023-03-20 00:00:00,0.727114,0.728600,0.726984,0.728470,50
2023-03-20 01:00:00,0.728470,0.728481,0.726391,0.726402,50
2023-03-20 02:00:00,0.726402,0.728978,0.726182,0.728757,50
2023-03-20 03:00:00,0.728757,0.729038,0.728727,0.729008,50
2023-03-20 04:00:00,0.729008,0.729210,0.728954,0.729156,50
2023-03-20 05:00:00,0.729156,0.729379,0.728625,0.728847,50
2023-03-20 06:00:00,0.728847,0.729607,0.728715,0.729475,50
2023-03-20 07:00:00,0.729475,0.729640,0.727617,0.727782,50
2023-03-20 08:00:00,0.727782,0.728978,0.727600,0.728796,50
2023-03-20 09:00:00,0.728796,0.731425,0.728647,0.731276,50
2023-03-20 10:00:00,0.731276,0.731403,0.730422,0.730549,50
2023-03-20 11:00:00,0.730549,0.731431,0.730503,0.731386,50
2023-03-20 12:00:00,0.731386,0.731428,0.730462,0.730504,50
2023-03-20 13:00:00,0.730504,0.730565,0.729177,0.729238,50
2023-03-20 14:00:00,0.729238,0.729311,0.729147,0.729220,50
2023-03-20 15:00:00,0.729220,0.729316,0.728317,0.728413,50
2023-03-20 16:00:00,0.728413,0.728680,0.727608,0.727874,50
2023-03-20 17:00:00,0.727874,0.727992,0.727811,0.727929,50
2023-03-20 18:00:00,0.727929,0.727968,0.727710,0.727749,50
2023-03-20 19:00:00,0.727749,0.728974,0.727669,0.728893,50
2023-03-20 20:00:00,0.728893,0.729761,0.728854,0.729722,50
2023-03-20 21:00:00,0.729722,0.730391,0.729474,0.730143,50
2023-03-20 22:00:00,0.730143,0.730679,0.729858,0.730394,50
2023-03-20 23:00:00,0.730394,0.730903,0.730165,0.730674,50
2023-03-21 00:00:00,0.730674,0.731180,0.730642,0.731149,50
2023-03-21 01:00:00,0.731149,0.731204,0.730440,0.730496,50
2023-03-21 02:00:00,0.730496,0.730546,0.729733,0.729783,50
2023-03-21 03:00:00,0.729783,0.729995,0.729696,0.729908,50
2023-03-21 04:00:00,0.729908,0.730507,0.729732,0.730331,50
2023-03-21 05:00:00,0.730331,0.730379,0.730236,0.730284,50
2023-03-21 06:00:00,0.730284,0.730410,0.728989,0.729116,50
2023-03-21 07:00:00,0.729116,0.729198,0.727664,0.727747,50
2023-03-21 08:00:00,0.727747,0.727807,0.727677,0.727737,50
2023-03-21 09:00:00,0.727737,0.728170,0.727675,0.728109,50
2023-03-21 10:00:00,0.728109,0.728910,0.727949,0.728750,50
2023-03-21 11:00:00,0.728750,0.729355,0.728576,0.729182,50
2023-03-21 12:00:00,0.729182,0.729333,0.728698,0.728849,50
2023-03-21 13:00:00,0.728849,0.729253,0.728666,0.729070,50
2023-03-21 14:00:00,0.729070,0.729343,0.728920,0.729193,50
2023-03-21 15:00:00,0.729193,0.729254,0.728839,0.728901,50
2023-03-21 16:00:00,0.728901,0.729890,0.728853,0.729842,50
2023-03-21 17:00:00,0.729842,0.730555,0.729725,0.730439,50
2023-03-21 18:00:00,0.730439,0.730590,0.730313,0.730465,50
2023-03-21 19:00:00,0.730465,0.730896,0.730303,0.730735,50
2023-03-21 20:00:00,0.730735,0.731058,0.730549,0.730872,50
2023-03-21 21:00:00,0.730872,0.731036,0.730566,0.730730,50
2023-03-21 22:00:00,0.730730,0.730930,0.730223,0.730424,50
2023-03-21 23:00:00,0.730424,0.730562,0.728087,0.728226,50
2023-03-22 00:00:00,0.728226,0.728285,0.727596,0.727655,50
2023-03-22 01:00:00,0.727655,0.727975,0.727609,0.727930,50
2023-03-22 02:00:00,0.727930,0.728172,0.727835,0.728077,50
2023-03-22 03:00:00,0.728077,0.728207,0.727810,0.727939,50
2023-03-22 04:00:00,0.727939,0.728063,0.727793,0.727917,50
2023-03-22 05:00:00,0.727917,0.728076,0.727890,0.728050,50
2023-03-22 06:00:00,0.728050,0.728274,0.727950,0.728174,50
2023-03-22 07:00:00,0.728174,0.728308,0.728110,0.728244,50
2023-03-22 08:00:00,0.728244,0.728492,0.728114,0.728363,50
2023-03-22 09:00:00,0.728363,0.728873,0.728235,0.728746,50
2023-03-22 10:00:00,0.728746,0.728858,0.728682,0.728794,50
2023-03-22 11:00:00,0.728794,0.729036,0.728676,0.728918,50
2023-03-22 12:00:00,0.728918,0.729444,0.728802,0.729328,50
2023-03-22 13:00:00,0.729328,0.729343,0.729114,0.729128,50
2023-03-22 14:00:00,0.729128,0.729326,0.729075,0.729273,50
2023-03-22 15:00:00,0.729273,0.729506,0.729149,0.729381,50
2023-03-22 16:00:00,0.729381,0.729615,0.729351,0.729585,50
2023-03-22 17:00:00,0.729585,0.729642,0.729512,0.729570,50
2023-03-22 18:00:00,0.729570,0.729652,0.729269,0.729352,50
2023-03-22 19:00:00,0.729352,0.729398,0.729080,0.729126,50
2023-03-22 20:00:00,0.729126,0.729229,0.728982,0.729085,50
2023-03-22 21:00:00,0.729085,0.729109,0.729006,0.729030,50
2023-03-22 22:00:00,0.729030,0.729108,0.728888,0.728966,50
2023-03-22 23:00:00,0.728966,0.729038,0.728684,0.728757,50
2023-03-23 00:00:00,0.728757,0.731360,0.728473,0.731077,50
2023-03-23 01:00:00,0.731077,0.732027,0.730827,0.731777,50
2023-03-23 02:00:00,0.731777,0.731968,0.731302,0.731493,50
2023-03-23 03:00:00,0.731493,0.731620,0.731278,0.731406,50
2023-03-23 04:00:00,0.731406,0.731527,0.729679,0.729801,50
2023-03-23 05:00:00,0.729801,0.729845,0.729735,0.729779,50
2023-03-23 06:00:00,0.729779,0.729790,0.729053,0.729065,50
2023-03-23 07:00:00,0.729065,0.729342,0.728491,0.728768,50
2023-03-23 08:00:00,0.728768,0.729056,0.728655,0.728942,50
2023-03-23 09:00:00,0.728942,0.729054,0.728154,0.728266,50
2023-03-23 10:00:00,0.728266,0.728404,0.727935,0.728074,50
2023-03-23 11:00:00,0.728074,0.729559,0.727792,0.729277,50
2023-03-23 12:00:00,0.729277,0.730207,0.729015,0.729945,50
2023-03-23 13:00:00,0.729945,0.731309,0.729747,0.731112,50
2023-03-23 14:00:00,0.731112,0.731939,0.730887,0.731714,50
2023-03-23 15:00:00,0.731714,0.731865,0.731022,0.731173,50
2023-03-23 16:00:00,0.731173,0.731359,0.730751,0.730938,50
2023-03-23 17:00:00,0.730938,0.731166,0.730685,0.730913,50
2023-03-23 18:00:00,0.730913,0.731616,0.730723,0.731426,50
2023-03-23 19:00:00,0.731426,0.732421,0.731412,0.732407,50
2023-03-23 20:00:00,0.732407,0.732540,0.732154,0.732287,50
2023-03-23 21:00:00,0.732287,0.732455,0.731229,0.731397,50
2023-03-23 22:00:00,0.731397,0.732261,0.731204,0.732069,50
2023-03-23 23:00:00,0.732069,0.732439,0.731801,0.732172,50
2023-03-24 00:00:00,0.732172,0.732536,0.729287,0.729652,50
2023-03-24 01:00:00,0.729652,0.729867,0.727709,0.727924,50
2023-03-24 02:00:00,0.727924,0.729707,0.727498,0.729281,50
2023-03-24 03:00:00,0.729281,0.729740,0.726541,0.727000,50
2023-03-24 04:00:00,0.727000,0.727415,0.725573,0.725988,50
2023-03-24 05:00:00,0.725988,0.726147,0.725896,0.726056,50
2023-03-24 06:00:00,0.726056,0.726249,0.725622,0.725815,50
2023-03-24 07:00:00,0.725815,0.725921,0.725661,0.725768,50
2023-03-24 08:00:00,0.725768,0.725980,0.725354,0.725566,50
2023-03-24 09:00:00,0.725566,0.726058,0.725165,0.725657,50
2023-03-24 10:00:00,0.725657,0.727910,0.725425,0.727678,50
2023-03-24 11:00:00,0.727678,0.729705,0.727523,0.729550,50
2023-03-24 12:00:00,0.729550,0.733366,0.729473,0.733289,50
2023-03-24 13:00:00,0.733289,0.733355,0.730651,0.730717,50
2023-03-24 14:00:00,0.730717,0.731103,0.726816,0.727202,50
2023-03-24 15:00:00,0.727202,0.727649,0.725527,0.725974,50
2023-03-24 16:00:00,0.725974,0.726391,0.725140,0.725557,50
2023-03-24 17:00:00,0.725557,0.725692,0.725555,0.725690,50
2023-03-24 18:00:00,0.725690,0.725816,0.725460,0.725585,50
2023-03-24 19:00:00,0.725585,0.725651,0.725438,0.725504,50
2023-03-24 20:00:00,0.725504,0.725721,0.725251,0.725469,50
2023-03-24 21:00:00,0.725469,0.725609,0.725374,0.725514,50
2023-03-24 22:00:00,0.725514,0.727089,0.725286,0.726860,50
2023-03-24 23:00:00,0.726860,0.727072,0.726374,0.726586,50
2023-03-27 00:00:00,0.726586,0.728833,0.726287,0.728534,50
2023-03-27 01:00:00,0.728534,0.729909,0.728273,0.729648,50
2023-03-27 02:00:00,0.729648,0.729685,0.727626,0.727663,50
2023-03-27 03:00:00,0.727663,0.728446,0.727629,0.728412,50
2023-03-27 04:00:00,0.728412,0.730588,0.728254,0.730431,50
2023-03-27 05:00:00,0.730431,0.730504,0.728842,0.728916,50
2023-03-27 06:00:00,0.728916,0.728997,0.728257,0.728339,50
2023-03-27 07:00:00,0.728339,0.728665,0.726971,0.727297,50
2023-03-27 08:00:00,0.727297,0.728775,0.726974,0.728452,50
2023-03-27 09:00:00,0.728452,0.728458,0.727826,0.727832,50
2023-03-27 10:00:00,0.727832,0.728743,0.727825,0.728736,50
2023-03-27 11:00:00,0.728736,0.730610,0.728520,0.730394,50
2023-03-27 12:00:00,0.730394,0.731817,0.730069,0.731491,50
2023-03-27 13:00:00,0.731491,0.731796,0.730201,0.730506,50
2023-03-27 14:00:00,0.730506,0.730744,0.729739,0.729977,50
2023-03-27 15:00:00,0.729977,0.730231,0.726888,0.727142,50
2023-03-27 16:00:00,0.727142,0.727308,0.725602,0.725768,50
2023-03-27 17:00:00,0.725768,0.726901,0.725600,0.726732,50
2023-03-27 18:00:00,0.726732,0.727027,0.725916,0.726211,50
2023-03-27 19:00:00,0.726211,0.727727,0.726174,0.727690,50
2023-03-27 20:00:00,0.727690,0.727924,0.727368,0.727602,50
2023-03-27 21:00:00,0.727602,0.729188,0.727355,0.728941,50
2023-03-27 22:00:00,0.728941,0.730688,0.728887,0.730634,50
2023-03-27 23:00:00,0.730634,0.730938,0.730370,0.730674,50
2023-03-28 00:00:00,0.730674,0.732208,0.730575,0.732110,50
2023-03-28 01:00:00,0.732110,0.732317,0.731639,0.731846,50
2023-03-28 02:00:00,0.731846,0.733871,0.731556,0.733580,50
2023-03-28 03:00:00,0.733580,0.735432,0.733394,0.735246,50
2023-03-28 04:00:00,0.735246,0.735538,0.732818,0.733110,50
2023-03-28 05:00:00,0.733110,0.734866,0.732853,0.734609,50
2023-03-28 06:00:00,0.734609,0.734629,0.734010,0.734030,50
2023-03-28 07:00:00,0.734030,0.734109,0.733016,0.733095,50
2023-03-28 08:00:00,0.733095,0.734794,0.732883,0.734582,50
2023-03-28 09:00:00,0.734582,0.734736,0.733992,0.734145,50
2023-03-28 10:00:00,0.734145,0.734146,0.731726,0.731728,50
2023-03-28 11:00:00,0.731728,0.732556,0.731465,0.732293,50
2023-03-28 12:00:00,0.732293,0.733905,0.732085,0.733697,50
2023-03-28 13:00:00,0.733697,0.733836,0.733273,0.733412,50
2023-03-28 14:00:00,0.733412,0.733579,0.732948,0.733115,50
2023-03-28 15:00:00,0.733115,0.733169,0.731017,0.731071,50
2023-03-28 16:00:00,0.731071,0.731247,0.730096,0.730272,50
2023-03-28 17:00:00,0.730272,0.730731,0.730227,0.730686,50
2023-03-28 18:00:00,0.730686,0.732218,0.730473,0.732005,50
2023-03-28 19:00:00,0.732005,0.732307,0.731293,0.731594,50
2023-03-28 20:00:00,0.731594,0.732562,0.731525,0.732492,50
2023-03-28 21:00:00,0.732492,0.733325,0.732408,0.733240,50
2023-03-28 22:00:00,0.733240,0.733424,0.730960,0.731144,50
2023-03-28 23:00:00,0.731144,0.734764,0.730863,0.734484,50
2023-03-29 00:00:00,0.734484,0.734514,0.734319,0.734349,50
2023-03-29 01:00:00,0.734349,0.734423,0.734106,0.734180,50
2023-03-29 02:00:00,0.734180,0.734245,0.734130,0.734195,50
2023-03-29 03:00:00,0.734195,0.734312,0.734160,0.734277,50
2023-03-29 04:00:00,0.734277,0.734712,0.734152,0.734587,50
2023-03-29 05:00:00,0.734587,0.734694,0.734580,0.734687,50
2023-03-29 06:00:00,0.734687,0.734720,0.734019,0.734051,50
2023-03-29 07:00:00,0.734051,0.734764,0.733922,0.734635,50
2023-03-29 08:00:00,0.734635,0.734988,0.734473,0.734825,50
2023-03-29 09:00:00,0.734825,0.734880,0.734206,0.734261,50
2023-03-29 10:00:00,0.734261,0.734774,0.734106,0.734619,50
2023-03-29 11:00:00,0.734619,0.734770,0.734456,0.734608,50
2023-03-29 12:00:00,0.734608,0.735039,0.734580,0.735011,50
2023-03-29 13:00:00,0.735011,0.735177,0.734664,0.734831,50
2023-03-29 14:00:00,0.734831,0.735926,0.734800,0.735896,50
2023-03-29 15:00:00,0.735896,0.735981,0.735589,0.735674,50
2023-03-29 16:00:00,0.735674,0.735705,0.735659,0.735689,50
2023-03-29 17:00:00,0.735689,0.735829,0.735672,0.735812,50
2023-03-29 18:00:00,0.735812,0.736628,0.735691,0.736507,50
2023-03-29 19:00:00,0.736507,0.736660,0.735427,0.735580,50
2023-03-29 20:00:00,0.735580,0.735600,0.735518,0.735539,50
2023-03-29 21:00:00,0.735539,0.736200,0.735479,0.736140,50
2023-03-29 22:00:00,0.736140,0.736658,0.736029,0.736547,50
2023-03-29 23:00:00,0.736547,0.736756,0.736439,0.736648,50
2023-03-30 00:00:00,0.736648,0.737805,0.736485,0.737642,50
2023-03-30 01:00:00,0.737642,0.737753,0.737156,0.737267,50
2023-03-30 02:00:00,0.737267,0.737619,0.737226,0.737578,50
2023-03-30 03:00:00,0.737578,0.738282,0.737409,0.738113,50
2023-03-30 04:00:00,0.738113,0.738597,0.737968,0.738453,50
2023-03-30 05:00:00,0.738453,0.738944,0.738299,0.738790,50
2023-03-30 06:00:00,0.738790,0.738850,0.737497,0.737557,50
2023-03-30 07:00:00,0.737557,0.737760,0.737503,0.737706,50
2023-03-30 08:00:00,0.737706,0.737962,0.737532,0.737788,50
2023-03-30 09:00:00,0.737788,0.737953,0.737334,0.737499,50
2023-03-30 10:00:00,0.737499,0.737517,0.736563,0.736580,50
2023-03-30 11:00:00,0.736580,0.738101,0.736566,0.738087,50
2023-03-30 12:00:00,0.738087,0.738317,0.738063,0.738293,50
2023-03-30 13:00:00,0.738293,0.738411,0.737840,0.737958,50
2023-03-30 14:00:00,0.737958,0.738003,0.736179,0.736224,50
2023-03-30 15:00:00,0.736224,0.736498,0.736194,0.736468,50
2023-03-30 16:00:00,0.736468,0.736949,0.736375,0.736856,50
2023-03-30 17:00:00,0.736856,0.737028,0.736591,0.736763,50
2023-03-30 18:00:00,0.736763,0.736848,0.736655,0.736740,50
2023-03-30 19:00:00,0.736740,0.738956,0.736726,0.738941,50
2023-03-30 20:00:00,0.738941,0.739220,0.738917,0.739195,50
2023-03-30 21:00:00,0.739195,0.739249,0.738385,0.738438,50
2023-03-30 22:00:00,0.738438,0.738498,0.737441,0.737501,50
2023-03-30 23:00:00,0.737501,0.738808,0.737463,0.738771,50
2023-03-31 00:00:00,0.738771,0.738875,0.738048,0.738152,50
2023-03-31 01:00:00,0.738152,0.738462,0.738068,0.738378,50
2023-03-31 02:00:00,0.738378,0.738485,0.738065,0.738171,50
2023-03-31 03:00:00,0.738171,0.738228,0.737935,0.737992,50
2023-03-31 04:00:00,0.737992,0.738087,0.737867,0.737962,50
2023-03-31 05:00:00,0.737962,0.739141,0.737892,0.739071,50
2023-03-31 06:00:00,0.739071,0.739152,0.738145,0.738226,50
2023-03-31 07:00:00,0.738226,0.738401,0.738097,0.738272,50
2023-03-31 08:00:00,0.738272,0.738936,0.738153,0.738817,50
2023-03-31 09:00:00,0.738817,0.739572,0.738722,0.739477,50
2023-03-31 10:00:00,0.739477,0.740260,0.739398,0.740180,50
2023-03-31 11:00:00,0.740180,0.740211,0.740073,0.740104,50
2023-03-31 12:00:00,0.740104,0.740216,0.739890,0.740002,50
2023-03-31 13:00:00,0.740002,0.740057,0.739819,0.739873,50
2023-03-31 14:00:00,0.739873,0.739923,0.739140,0.739189,50
2023-03-31 15:00:00,0.739189,0.740047,0.739074,0.739933,50
2023-03-31 16:00:00,0.739933,0.739996,0.738969,0.739033,50
2023-03-31 17:00:00,0.739033,0.739328,0.738940,0.739235,50
2023-03-31 18:00:00,0.739235,0.739548,0.739210,0.739523,50
2023-03-31 19:00:00,0.739523,0.739799,0.739423,0.739699,50
2023-03-31 20:00:00,0.739699,0.739826,0.739103,0.739230,50
2023-03-31 21:00:00,0.739230,0.739817,0.739149,0.739736,50
2023-03-31 22:00:00,0.739736,0.739848,0.738963,0.739076,50
2023-03-31 23:00:00,0.739076,0.739448,0.739000,0.739372,50
2023-04-03 00:00:00,0.739372,0.739576,0.738176,0.738381,50
2023-04-03 01:00:00,0.738381,0.739255,0.738348,0.739222,50
2023-04-03 02:00:00,0.739222,0.739430,0.739029,0.739238,50
2023-04-03 03:00:00,0.739238,0.739414,0.739151,0.739327,50
2023-04-03 04:00:00,0.739327,0.740181,0.739159,0.740012,50
2023-04-03 05:00:00,0.740012,0.741020,0.739902,0.740910,50
2023-04-03 06:00:00,0.740910,0.741994,0.740615,0.741699,50
2023-04-03 07:00:00,0.741699,0.741855,0.741447,0.741603,50
2023-04-03 08:00:00,0.741603,0.741771,0.741417,0.741585,50
2023-04-03 09:00:00,0.741585,0.741761,0.740702,0.740878,50
2023-04-03 10:00:00,0.740878,0.742338,0.740615,0.742075,50
2023-04-03 11:00:00,0.742075,0.742934,0.741910,0.742770,50
2023-04-03 12:00:00,0.742770,0.743767,0.742453,0.743451,50
2023-04-03 13:00:00,0.743451,0.744078,0.743159,0.743787,50
2023-04-03 14:00:00,0.743787,0.744393,0.743646,0.744252,50
2023-04-03 15:00:00,0.744252,0.744490,0.742942,0.743180,50
2023-04-03 16:00:00,0.743180,0.743547,0.742916,0.743283,50
2023-04-03 17:00:00,0.743283,0.743292,0.743061,0.743070,50
2023-04-03 18:00:00,0.743070,0.744028,0.742899,0.743857,50
2023-04-03 19:00:00,0.743857,0.744260,0.743738,0.744141,50
2023-04-03 20:00:00,0.744141,0.744290,0.743639,0.743788,50
2023-04-03 21:00:00,0.743788,0.744614,0.743619,0.744445,50
2023-04-03 22:00:00,0.744445,0.745111,0.744045,0.744712,50
2023-04-03 23:00:00,0.744712,0.745024,0.744013,0.744325,50
2023-04-04 00:00:00,0.744325,0.744450,0.743466,0.743591,50
2023-04-04 01:00:00,0.743591,0.743925,0.743473,0.743806,50
2023-04-04 02:00:00,0.743806,0.743829,0.743612,0.743636,50
2023-04-04 03:00:00,0.743636,0.743775,0.743621,0.743760,50
2023-04-04 04:00:00,0.743760,0.743881,0.743489,0.743610,50
2023-04-04 05:00:00,0.743610,0.743793,0.743527,0.743710,50
2023-04-04 06:00:00,0.743710,0.743713,0.743250,0.743253,50
2023-04-04 07:00:00,0.743253,0.743281,0.743145,0.743174,50
2023-04-04 08:00:00,0.743174,0.743218,0.742748,0.742793,50
2023-04-04 09:00:00,0.742793,0.743380,0.742738,0.743325,50
2023-04-04 10:00:00,0.743325,0.744318,0.743290,0.744283,50
2023-04-04 11:00:00,0.744283,0.744519,0.744242,0.744478,50
2023-04-04 12:00:00,0.744478,0.744552,0.744206,0.744280,50
2023-04-04 13:00:00,0.744280,0.744489,0.744158,0.744367,50
2023-04-04 14:00:00,0.744367,0.744461,0.743988,0.744082,50
2023-04-04 15:00:00,0.744082,0.744455,0.743957,0.744329,50
2023-04-04 16:00:00,0.744329,0.744890,0.744329,0.744889,50
2023-04-04 17:00:00,0.744889,0.744952,0.744851,0.744914,50
2023-04-04 18:00:00,0.744914,0.745033,0.744486,0.744606,50
2023-04-04 19:00:00,0.744606,0.744685,0.744156,0.744235,50
2023-04-04 20:00:00,0.744235,0.744279,0.743680,0.743724,50
2023-04-04 21:00:00,0.743724,0.743759,0.743100,0.743135,50
2023-04-04 22:00:00,0.743135,0.743248,0.742571,0.742684,50
2023-04-04 23:00:00,0.742684,0.743407,0.742551,0.743273,50
2023-04-05 00:00:00,0.743273,0.743282,0.742590,0.742599,50
2023-04-05 01:00:00,0.742599,0.742966,0.742489,0.742856,50
2023-04-05 02:00:00,0.742856,0.742942,0.742448,0.742534,50
2023-04-05 03:00:00,0.742534,0.742651,0.742186,0.742304,50
2023-04-05 04:00:00,0.742304,0.742406,0.742161,0.742263,50
2023-04-05 05:00:00,0.742263,0.742677,0.742202,0.742616,50
2023-04-05 06:00:00,0.742616,0.742628,0.742174,0.742186,50
2023-04-05 07:00:00,0.742186,0.742587,0.742161,0.742561,50
2023-04-05 08:00:00,0.742561,0.743246,0.742447,0.743132,50
2023-04-05 09:00:00,0.743132,0.743249,0.743042,0.743160,50
2023-04-05 10:00:00,0.743160,0.743616,0.743160,0.743616,50
2023-04-05 11:00:00,0.743616,0.743932,0.743513,0.743828,50
2023-04-05 12:00:00,0.743828,0.743839,0.743573,0.743583,50
2023-04-05 13:00:00,0.743583,0.744170,0.743582,0.744169,50
2023-04-05 14:00:00,0.744169,0.744334,0.744048,0.744213,50
2023-04-05 15:00:00,0.744213,0.744340,0.744091,0.744217,50
2023-04-05 16:00:00,0.744217,0.744265,0.744113,0.744161,50
2023-04-05 17:00:00,0.744161,0.744267,0.743840,0.743946,50
2023-04-05 18:00:00,0.743946,0.743975,0.743156,0.743185,50
2023-04-05 19:00:00,0.743185,0.743938,0.743161,0.743914,50
2023-04-05 20:00:00,0.743914,0.744521,0.743810,0.744416,50
2023-04-05 21:00:00,0.744416,0.744453,0.743891,0.743928,50
2023-04-05 22:00:00,0.743928,0.743939,0.743172,0.743183,50
2023-04-05 23:00:00,0.743183,0.743445,0.743067,0.743329,50
2023-04-06 00:00:00,0.743329,0.743971,0.743259,0.743902,50
2023-04-06 01:00:00,0.743902,0.743967,0.743654,0.743720,50
2023-04-06 02:00:00,0.743720,0.743946,0.743665,0.743891,50
2023-04-06 03:00:00,0.743891,0.743905,0.743099,0.743114,50
2023-04-06 04:00:00,0.743114,0.743949,0.743082,0.743918,50
2023-04-06 05:00:00,0.743918,0.744048,0.743676,0.743806,50
2023-04-06 06:00:00,0.743806,0.743857,0.743517,0.743568,50
2023-04-06 07:00:00,0.743568,0.743746,0.743496,0.743675,50
2023-04-06 08:00:00,0.743675,0.743800,0.742089,0.742214,50
2023-04-06 09:00:00,0.742214,0.742996,0.742134,0.742916,50
2023-04-06 10:00:00,0.742916,0.743424,0.742892,0.743399,50
2023-04-06 11:00:00,0.743399,0.743408,0.743362,0.743370,50
2023-04-06 12:00:00,0.743370,0.743558,0.743348,0.743535,50
2023-04-06 13:00:00,0.743535,0.743550,0.743114,0.743129,50
2023-04-06 14:00:00,0.743129,0.743153,0.742550,0.742574,50
2023-04-06 15:00:00,0.742574,0.742595,0.742236,0.742258,50
2023-04-06 16:00:00,0.742258,0.742301,0.742190,0.742233,50
2023-04-06 17:00:00,0.742233,0.742957,0.742171,0.742895,50
2023-04-06 18:00:00,0.742895,0.742946,0.742739,0.742791,50
2023-04-06 19:00:00,0.742791,0.742840,0.741814,0.741863,50
2023-04-06 20:00:00,0.741863,0.741933,0.741622,0.741691,50
2023-04-06 21:00:00,0.741691,0.741995,0.741660,0.741965,50
2023-04-06 22:00:00,0.741965,0.743499,0.741836,0.743370,50
2023-04-06 23:00:00,0.743370,0.743402,0.742249,0.742280,50
2023-04-07 00:00:00,0.742280,0.742298,0.741578,0.741596,50
2023-04-07 01:00:00,0.741596,0.741789,0.741432,0.741625,50
2023-04-07 02:00:00,0.741625,0.741710,0.740897,0.740982,50
2023-04-07 03:00:00,0.740982,0.741251,0.740910,0.741178,50
2023-04-07 04:00:00,0.741178,0.742281,0.741026,0.742129,50
2023-04-07 05:00:00,0.742129,0.742861,0.741999,0.742731,50
2023-04-07 06:00:00,0.742731,0.742813,0.741941,0.742023,50
2023-04-07 07:00:00,0.742023,0.742096,0.741495,0.741568,50
2023-04-07 08:00:00,0.741568,0.741670,0.741404,0.741507,50
2023-04-07 09:00:00,0.741507,0.741665,0.740994,0.741152,50
2023-04-07 10:00:00,0.741152,0.741622,0.741018,0.741488,50
2023-04-07 11:00:00,0.741488,0.741504,0.740772,0.740788,50
2023-04-07 12:00:00,0.740788,0.740794,0.740093,0.740099,50
2023-04-07 13:00:00,0.740099,0.740433,0.740031,0.740365,50
2023-04-07 14:00:00,0.740365,0.740520,0.740310,0.740466,50
2023-04-07 15:00:00,0.740466,0.740613,0.740092,0.740240,50
2023-04-07 16:00:00,0.740240,0.740430,0.740125,0.740315,50
2023-04-07 17:00:00,0.740315,0.740341,0.739967,0.739993,50
2023-04-07 18:00:00,0.739993,0.740635,0.739913,0.740556,50
2023-04-07 19:00:00,0.740556,0.740673,0.740446,0.740564,50
2023-04-07 20:00:00,0.740564,0.740654,0.740231,0.740322,50
2023-04-07 21:00:00,0.740322,0.740371,0.740059,0.740107,50
2023-04-07 22:00:00,0.740107,0.740238,0.739447,0.739578,50
2023-04-07 23:00:00,0.739578,0.740081,0.739525,0.740028,50
2023-04-10 00:00:00,0.740028,0.740505,0.739904,0.740380,50
2023-04-10 01:00:00,0.740380,0.740648,0.740294,0.740562,50
2023-04-10 02:00:00,0.740562,0.740633,0.740024,0.740095,50
2023-04-10 03:00:00,0.740095,0.740469,0.740070,0.740445,50
2023-04-10 04:00:00,0.740445,0.740487,0.740161,0.740204,50
2023-04-10 05:00:00,0.740204,0.740259,0.739938,0.739993,50
2023-04-10 06:00:00,0.739993,0.740212,0.739973,0.740193,50
2023-04-10 07:00:00,0.740193,0.740237,0.740066,0.740111,50
2023-04-10 08:00:00,0.740111,0.740320,0.740062,0.740271,50
2023-04-10 09:00:00,0.740271,0.740369,0.739949,0.740046,50
2023-04-10 10:00:00,0.740046,0.740167,0.739615,0.739736,50
2023-04-10 11:00:00,0.739736,0.739737,0.739116,0.739117,50
2023-04-10 12:00:00,0.739117,0.739260,0.739099,0.739242,50
2023-04-10 13:00:00,0.739242,0.739356,0.738793,0.738906,50
2023-04-10 14:00:00,0.738906,0.738928,0.738905,0.738926,50
2023-04-10 15:00:00,0.738926,0.738961,0.738837,0.738872,50
2023-04-10 16:00:00,0.738872,0.738946,0.738327,0.738402,50
2023-04-10 17:00:00,0.738402,0.738699,0.738331,0.738628,50
2023-04-10 18:00:00,0.738628,0.738662,0.738599,0.738634,50
2023-04-10 19:00:00,0.738634,0.738734,0.738245,0.738346,50
2023-04-10 20:00:00,0.738346,0.738472,0.738251,0.738377,50
2023-04-10 21:00:00,0.738377,0.738618,0.738376,0.738618,50
2023-04-10 22:00:00,0.738618,0.738712,0.738405,0.738500,50
2023-04-10 23:00:00,0.738500,0.738930,0.738450,0.738880,50
2023-04-11 00:00:00,0.738880,0.739499,0.738860,0.739479,50
2023-04-11 01:00:00,0.739479,0.739701,0.739330,0.739553,50
2023-04-11 02:00:00,0.739553,0.740332,0.739430,0.740209,50
2023-04-11 03:00:00,0.740209,0.740279,0.738218,0.738288,50
2023-04-11 04:00:00,0.738288,0.738708,0.738056,0.738477,50
2023-04-11 05:00:00,0.738477,0.740108,0.738322,0.739953,50
2023-04-11 06:00:00,0.739953,0.741705,0.739819,0.741571,50
2023-04-11 07:00:00,0.741571,0.741785,0.740921,0.741135,50
2023-04-11 08:00:00,0.741135,0.741353,0.741036,0.741255,50
2023-04-11 09:00:00,0.741255,0.742675,0.741012,0.742432,50
2023-04-11 10:00:00,0.742432,0.742602,0.741502,0.741672,50
2023-04-11 11:00:00,0.741672,0.741767,0.740981,0.741076,50
2023-04-11 12:00:00,0.741076,0.741189,0.739855,0.739969,50
2023-04-11 13:00:00,0.739969,0.740418,0.739728,0.740177,50
2023-04-11 14:00:00,0.740177,0.741224,0.740026,0.741073,50
2023-04-11 15:00:00,0.741073,0.741076,0.740212,0.740215,50
2023-04-11 16:00:00,0.740215,0.740427,0.739510,0.739722,50
2023-04-11 17:00:00,0.739722,0.739825,0.739007,0.739110,50
2023-04-11 18:00:00,0.739110,0.739185,0.738853,0.738928,50
2023-04-11 19:00:00,0.738928,0.740025,0.738808,0.739905,50
2023-04-11 20:00:00,0.739905,0.741759,0.739854,0.741708,50
2023-04-11 21:00:00,0.741708,0.741874,0.739995,0.740161,50
2023-04-11 22:00:00,0.740161,0.741272,0.740007,0.741118,50
2023-04-11 23:00:00,0.741118,0.741954,0.741003,0.741840,50
2023-04-12 00:00:00,0.741840,0.742775,0.741837,0.742772,50
2023-04-12 01:00:00,0.742772,0.742987,0.742645,0.742860,50
2023-04-12 02:00:00,0.742860,0.742940,0.742524,0.742604,50
2023-04-12 03:00:00,0.742604,0.742810,0.742567,0.742773,50
2023-04-12 04:00:00,0.742773,0.743035,0.742657,0.742919,50
2023-04-12 05:00:00,0.742919,0.743026,0.742708,0.742815,50
2023-04-12 06:00:00,0.742815,0.742862,0.742204,0.742252,50
2023-04-12 07:00:00,0.742252,0.742363,0.742010,0.742122,50
2023-04-12 08:00:00,0.742122,0.742377,0.742093,0.742348,50
2023-04-12 09:00:00,0.742348,0.742433,0.741960,0.742045,50
2023-04-12 10:00:00,0.742045,0.742118,0.741670,0.741743,50
2023-04-12 11:00:00,0.741743,0.742350,0.741631,0.742237,50
2023-04-12 12:00:00,0.742237,0.742282,0.742193,0.742238,50
2023-04-12 13:00:00,0.742238,0.742331,0.742183,0.742276,50
2023-04-12 14:00:00,0.742276,0.742382,0.741915,0.742022,50
2023-04-12 15:00:00,0.742022,0.742201,0.741951,0.742129,50
2023-04-12 16:00:00,0.742129,0.742225,0.741834,0.741929,50
2023-04-12 17:00:00,0.741929,0.742018,0.741700,0.741789,50
2023-04-12 18:00:00,0.741789,0.741881,0.741416,0.741509,50
2023-04-12 19:00:00,0.741509,0.742274,0.741385,0.742151,50
2023-04-12 20:00:00,0.742151,0.742453,0.742083,0.742386,50
2023-04-12 21:00:00,0.742386,0.742479,0.742134,0.742227,50
2023-04-12 22:00:00,0.742227,0.742991,0.742175,0.742939,50
2023-04-12 23:00:00,0.742939,0.743499,0.742935,0.743494,50
2023-04-13 00:00:00,0.743494,0.743749,0.742858,0.743113,50
2023-04-13 01:00:00,0.743113,0.743441,0.742583,0.742912,50
2023-04-13 02:00:00,0.742912,0.744153,0.742421,0.743663,50
2023-04-13 03:00:00,0.743663,0.745243,0.743607,0.745187,50
2023-04-13 04:00:00,0.745187,0.745469,0.743908,0.744190,50
2023-04-13 05:00:00,0.744190,0.745008,0.743953,0.744770,50
2023-04-13 06:00:00,0.744770,0.745538,0.744388,0.745156,50
2023-04-13 07:00:00,0.745156,0.745535,0.744855,0.745234,50
2023-04-13 08:00:00,0.745234,0.746637,0.745013,0.746416,50
2023-04-13 09:00:00,0.746416,0.746482,0.746110,0.746175,50
2023-04-13 10:00:00,0.746175,0.747177,0.745911,0.746912,50
2023-04-13 11:00:00,0.746912,0.747406,0.746520,0.747014,50
2023-04-13 12:00:00,0.747014,0.747484,0.746121,0.746591,50
2023-04-13 13:00:00,0.746591,0.747030,0.746365,0.746804,50
2023-04-13 14:00:00,0.746804,0.747519,0.746550,0.747265,50
2023-04-13 15:00:00,0.747265,0.748003,0.746867,0.747605,50
2023-04-13 16:00:00,0.747605,0.748096,0.747383,0.747874,50
2023-04-13 17:00:00,0.747874,0.748408,0.747674,0.748208,50
2023-04-13 18:00:00,0.748208,0.748978,0.747842,0.748613,50
2023-04-13 19:00:00,0.748613,0.749051,0.747709,0.748147,50
2023-04-13 20:00:00,0.748147,0.748529,0.747579,0.747961,50
2023-04-13 21:00:00,0.747961,0.749059,0.747499,0.748597,50
2023-04-13 22:00:00,0.748597,0.749793,0.748511,0.749708,50
2023-04-13 23:00:00,0.749708,0.749971,0.749137,0.749400,50
2023-04-14 00:00:00,0.749400,0.749820,0.749330,0.749749,50
2023-04-14 01:00:00,0.749749,0.749896,0.749352,0.749499,50
2023-04-14 02:00:00,0.749499,0.749785,0.749394,0.749680,50
2023-04-14 03:00:00,0.749680,0.749807,0.749080,0.749207,50
2023-04-14 04:00:00,0.749207,0.749236,0.749133,0.749162,50
2023-04-14 05:00:00,0.749162,0.749188,0.748581,0.748607,50
2023-04-14 06:00:00,0.748607,0.748616,0.747953,0.747962,50
2023-04-14 07:00:00,0.747962,0.748091,0.747317,0.747446,50
2023-04-14 08:00:00,0.747446,0.748482,0.747348,0.748385,50
2023-04-14 09:00:00,0.748385,0.748424,0.748370,0.748410,50
2023-04-14 10:00:00,0.748410,0.748886,0.748333,0.748809,50
2023-04-14 11:00:00,0.748809,0.749481,0.748723,0.749395,50
2023-04-14 12:00:00,0.749395,0.749872,0.749316,0.749793,50
2023-04-14 13:00:00,0.749793,0.749895,0.748937,0.749040,50
2023-04-14 14:00:00,0.749040,0.749204,0.748880,0.749044,50
2023-04-14 15:00:00,0.749044,0.749106,0.748484,0.748545,50
2023-04-14 16:00:00,0.748545,0.748651,0.748056,0.748162,50
2023-04-14 17:00:00,0.748162,0.748312,0.748036,0.748186,50
2023-04-14 18:00:00,0.748186,0.748323,0.747716,0.747854,50
2023-04-14 19:00:00,0.747854,0.747944,0.747783,0.747874,50
2023-04-14 20:00:00,0.747874,0.748393,0.747785,0.748304,50
2023-04-14 21:00:00,0.748304,0.748425,0.747965,0.748086,50
2023-04-14 22:00:00,0.748086,0.748194,0.747397,0.747505,50
2023-04-14 23:00:00,0.747505,0.747631,0.747314,0.747440,50
2023-04-17 00:00:00,0.747440,0.747570,0.747386,0.747516,50
2023-04-17 01:00:00,0.747516,0.747549,0.747300,0.747332,50
2023-04-17 02:00:00,0.747332,0.747389,0.746836,0.746893,50
2023-04-17 03:00:00,0.746893,0.747050,0.746860,0.747017,50
2023-04-17 04:00:00,0.747017,0.747071,0.746609,0.746664,50
2023-04-17 05:00:00,0.746664,0.746826,0.746564,0.746727,50
2023-04-17 06:00:00,0.746727,0.746823,0.746724,0.746820,50
2023-04-17 07:00:00,0.746820,0.747079,0.746703,0.746961,50
2023-04-17 08:00:00,0.746961,0.747049,0.746778,0.746866,50
2023-04-17 09:00:00,0.746866,0.746952,0.746683,0.746769,50
2023-04-17 10:00:00,0.746769,0.746789,0.746571,0.746592,50
2023-04-17 11:00:00,0.746592,0.746677,0.746154,0.746239,50
2023-04-17 12:00:00,0.746239,0.746240,0.745898,0.745899,50
2023-04-17 13:00:00,0.745899,0.746393,0.745823,0.746317,50
2023-04-17 14:00:00,0.746317,0.746367,0.746019,0.746069,50
2023-04-17 15:00:00,0.746069,0.746408,0.745945,0.746284,50
2023-04-17 16:00:00,0.746284,0.746408,0.746272,0.746396,50
2023-04-17 17:00:00,0.746396,0.746462,0.745985,0.746052,50
2023-04-17 18:00:00,0.746052,0.746128,0.745956,0.746033,50
2023-04-17 19:00:00,0.746033,0.746162,0.745902,0.746031,50
2023-04-17 20:00:00,0.746031,0.746092,0.745786,0.745846,50
2023-04-17 21:00:00,0.745846,0.745901,0.745597,0.745652,50
2023-04-17 22:00:00,0.745652,0.745924,0.745582,0.745854,50
2023-04-17 23:00:00,0.745854,0.746208,0.745748,0.746102,50
2023-04-18 00:00:00,0.746102,0.746197,0.745803,0.745899,50
2023-04-18 01:00:00,0.745899,0.746076,0.745849,0.746026,50
2023-04-18 02:00:00,0.746026,0.746077,0.745838,0.745888,50
2023-04-18 03:00:00,0.745888,0.745926,0.745792,0.745830,50
2023-04-18 04:00:00,0.745830,0.746666,0.745762,0.746598,50
2023-04-18 05:00:00,0.746598,0.746779,0.746564,0.746744,50
2023-04-18 06:00:00,0.746744,0.746757,0.746498,0.746511,50
2023-04-18 07:00:00,0.746511,0.746713,0.746461,0.746663,50
2023-04-18 08:00:00,0.746663,0.746671,0.746276,0.746284,50
2023-04-18 09:00:00,0.746284,0.746380,0.745518,0.745614,50
2023-04-18 10:00:00,0.745614,0.745642,0.745288,0.745316,50
2023-04-18 11:00:00,0.745316,0.746107,0.745278,0.746069,50
2023-04-18 12:00:00,0.746069,0.746127,0.745689,0.745747,50
2023-04-18 13:00:00,0.745747,0.746619,0.745650,0.746522,50
2023-04-18 14:00:00,0.746522,0.746635,0.746364,0.746476,50
2023-04-18 15:00:00,0.746476,0.746587,0.746201,0.746313,50
2023-04-18 16:00:00,0.746313,0.746485,0.746279,0.746452,50
2023-04-18 17:00:00,0.746452,0.746561,0.746268,0.746378,50
2023-04-18 18:00:00,0.746378,0.746875,0.746254,0.746751,50
2023-04-18 19:00:00,0.746751,0.747064,0.746674,0.746988,50
2023-04-18 20:00:00,0.746988,0.747182,0.746861,0.747056,50
2023-04-18 21:00:00,0.747056,0.747143,0.746959,0.747045,50
2023-04-18 22:00:00,0.747045,0.747589,0.747013,0.747556,50
2023-04-18 23:00:00,0.747556,0.747586,0.746740,0.746770,50
2023-04-19 00:00:00,0.746770,0.747572,0.746668,0.747470,50
2023-04-19 01:00:00,0.747470,0.747669,0.746953,0.747152,50
2023-04-19 02:00:00,0.747152,0.747400,0.746279,0.746526,50
2023-04-19 03:00:00,0.746526,0.746584,0.746423,0.746481,50
2023-04-19 04:00:00,0.746481,0.747313,0.746315,0.747147,50
2023-04-19 05:00:00,0.747147,0.747270,0.747146,0.747269,50
2023-04-19 06:00:00,0.747269,0.747434,0.746527,0.746692,50
2023-04-19 07:00:00,0.746692,0.746712,0.745995,0.746015,50
2023-04-19 08:00:00,0.746015,0.746184,0.744943,0.745112,50
2023-04-19 09:00:00,0.745112,0.745190,0.743446,0.743524,50
2023-04-19 10:00:00,0.743524,0.743748,0.742899,0.743123,50
2023-04-19 11:00:00,0.743123,0.743234,0.742869,0.742980,50
2023-04-19 12:00:00,0.742980,0.743921,0.742763,0.743704,50
2023-04-19 13:00:00,0.743704,0.744491,0.743538,0.744324,50
2023-04-19 14:00:00,0.744324,0.744424,0.742474,0.742574,50
2023-04-19 15:00:00,0.742574,0.744629,0.742339,0.744394,50
2023-04-19 16:00:00,0.744394,0.744512,0.744019,0.744137,50
2023-04-19 17:00:00,0.744137,0.744179,0.742883,0.742924,50
2023-04-19 18:00:00,0.742924,0.743513,0.742922,0.743510,50
2023-04-19 19:00:00,0.743510,0.744646,0.743379,0.744514,50
2023-04-19 20:00:00,0.744514,0.746531,0.744433,0.746451,50
2023-04-19 21:00:00,0.746451,0.746544,0.745260,0.745353,50
2023-04-19 22:00:00,0.745353,0.745590,0.744656,0.744894,50
2023-04-19 23:00:00,0.744894,0.745119,0.743048,0.743273,50
2023-04-20 00:00:00,0.743273,0.743509,0.743148,0.743384,50
2023-04-20 01:00:00,0.743384,0.743440,0.743047,0.743104,50
2023-04-20 02:00:00,0.743104,0.743136,0.742983,0.743015,50
2023-04-20 03:00:00,0.743015,0.743680,0.742992,0.743657,50
2023-04-20 04:00:00,0.743657,0.744263,0.743644,0.744250,50
2023-04-20 05:00:00,0.744250,0.744315,0.743684,0.743749,50
2023-04-20 06:00:00,0.743749,0.743756,0.743552,0.743559,50
2023-04-20 07:00:00,0.743559,0.743642,0.743272,0.743355,50
2023-04-20 08:00:00,0.743355,0.743463,0.743311,0.743420,50
2023-04-20 09:00:00,0.743420,0.743439,0.743263,0.743282,50
2023-04-20 10:00:00,0.743282,0.743347,0.743057,0.743121,50
2023-04-20 11:00:00,0.743121,0.743204,0.742988,0.743071,50
2023-04-20 12:00:00,0.743071,0.743278,0.742957,0.743165,50
2023-04-20 13:00:00,0.743165,0.743178,0.742760,0.742773,50
2023-04-20 14:00:00,0.742773,0.742874,0.742706,0.742807,50
2023-04-20 15:00:00,0.742807,0.742826,0.742621,0.742640,50
2023-04-20 16:00:00,0.742640,0.742762,0.742449,0.742571,50
2023-04-20 17:00:00,0.742571,0.742592,0.742000,0.742021,50
2023-04-20 18:00:00,0.742021,0.742177,0.741961,0.742118,50
2023-04-20 19:00:00,0.742118,0.742312,0.742033,0.742227,50
2023-04-20 20:00:00,0.742227,0.742541,0.742127,0.742441,50
2023-04-20 21:00:00,0.742441,0.742600,0.742395,0.742554,50
2023-04-20 22:00:00,0.742554,0.742673,0.742417,0.742537,50
2023-04-20 23:00:00,0.742537,0.743046,0.742487,0.742997,50
2023-04-21 00:00:00,0.742997,0.743248,0.741012,0.741263,50
2023-04-21 01:00:00,0.741263,0.741712,0.740924,0.741373,50
2023-04-21 02:00:00,0.741373,0.741625,0.741237,0.741489,50
2023-04-21 03:00:00,0.741489,0.743718,0.741259,0.743489,50
2023-04-21 04:00:00,0.743489,0.743821,0.743299,0.743631,50
2023-04-21 05:00:00,0.743631,0.744010,0.743442,0.743821,50
2023-04-21 06:00:00,0.743821,0.744007,0.743571,0.743757,50
2023-04-21 07:00:00,0.743757,0.744049,0.742445,0.742737,50
2023-04-21 08:00:00,0.742737,0.743056,0.740798,0.741116,50
2023-04-21 09:00:00,0.741116,0.741680,0.740794,0.741358,50
2023-04-21 10:00:00,0.741358,0.743043,0.741314,0.742998,50
2023-04-21 11:00:00,0.742998,0.743596,0.742703,0.743300,50
2023-04-21 12:00:00,0.743300,0.743340,0.741920,0.741960,50
2023-04-21 13:00:00,0.741960,0.742013,0.740864,0.740918,50
2023-04-21 14:00:00,0.740918,0.741406,0.740866,0.741354,50
2023-04-21 15:00:00,0.741354,0.742013,0.741324,0.741983,50
2023-04-21 16:00:00,0.741983,0.742868,0.741831,0.742716,50
2023-04-21 17:00:00,0.742716,0.742751,0.741783,0.741819,50
2023-04-21 18:00:00,0.741819,0.741970,0.740634,0.740785,50
2023-04-21 19:00:00,0.740785,0.741384,0.740477,0.741077,50
2023-04-21 20:00:00,0.741077,0.741219,0.738927,0.739069,50
2023-04-21 21:00:00,0.739069,0.739097,0.738692,0.738719,50
2023-04-21 22:00:00,0.738719,0.738981,0.737794,0.738056,50
2023-04-21 23:00:00,0.738056,0.739061,0.737876,0.738880,50
2023-04-24 00:00:00,0.738880,0.738978,0.738415,0.738513,50
2023-04-24 01:00:00,0.738513,0.739052,0.738512,0.739051,50
2023-04-24 02:00:00,0.739051,0.739409,0.738933,0.739291,50
2023-04-24 03:00:00,0.739291,0.739504,0.739225,0.739438,50
2023-04-24 04:00:00,0.739438,0.739496,0.738818,0.738876,50
2023-04-24 05:00:00,0.738876,0.739350,0.738864,0.739338,50
2023-04-24 06:00:00,0.739338,0.739359,0.739052,0.739073,50
2023-04-24 07:00:00,0.739073,0.739457,0.739064,0.739448,50
2023-04-24 08:00:00,0.739448,0.739630,0.739436,0.739618,50
2023-04-24 09:00:00,0.739618,0.739847,0.739513,0.739742,50
2023-04-24 10:00:00,0.739742,0.739792,0.739556,0.739605,50
2023-04-24 11:00:00,0.739605,0.739709,0.739089,0.739193,50
2023-04-24 12:00:00,0.739193,0.739323,0.738993,0.739124,50
2023-04-24 13:00:00,0.739124,0.739207,0.738678,0.738761,50
2023-04-24 14:00:00,0.738761,0.738788,0.738505,0.738532,50
2023-04-24 15:00:00,0.738532,0.738569,0.738511,0.738548,50
2023-04-24 16:00:00,0.738548,0.738695,0.738420,0.738566,50
2023-04-24 17:00:00,0.738566,0.738741,0.738501,0.738675,50
2023-04-24 18:00:00,0.738675,0.738905,0.738631,0.738861,50
2023-04-24 19:00:00,0.738861,0.739314,0.738734,0.739187,50
2023-04-24 20:00:00,0.739187,0.739209,0.738694,0.738717,50
2023-04-24 21:00:00,0.738717,0.738834,0.738295,0.738411,50
2023-04-24 22:00:00,0.738411,0.738413,0.738017,0.738019,50
2023-04-24 23:00:00,0.738019,0.738447,0.737961,0.738389,50
2023-04-25 00:00:00,0.738389,0.739603,0.738085,0.739299,50
2023-04-25 01:00:00,0.739299,0.739445,0.738813,0.738959,50
2023-04-25 02:00:00,0.738959,0.739325,0.737508,0.737873,50
2023-04-25 03:00:00,0.737873,0.739026,0.737533,0.738685,50
2023-04-25 04:00:00,0.738685,0.739194,0.738610,0.739119,50
2023-04-25 05:00:00,0.739119,0.739423,0.737660,0.737964,50
2023-04-25 06:00:00,0.737964,0.738174,0.736593,0.736802,50
2023-04-25 07:00:00,0.736802,0.737345,0.736571,0.737114,50
2023-04-25 08:00:00,0.737114,0.737420,0.735063,0.735370,50
2023-04-25 09:00:00,0.735370,0.735627,0.734838,0.735095,50
2023-04-25 10:00:00,0.735095,0.735418,0.734839,0.735163,50
2023-04-25 11:00:00,0.735163,0.735500,0.733702,0.734040,50
2023-04-25 12:00:00,0.734040,0.734098,0.733590,0.733648,50
2023-04-25 13:00:00,0.733648,0.733674,0.732901,0.732927,50
2023-04-25 14:00:00,0.732927,0.733815,0.732817,0.733705,50
2023-04-25 15:00:00,0.733705,0.733843,0.733011,0.733148,50
2023-04-25 16:00:00,0.733148,0.733198,0.732957,0.733007,50
2023-04-25 17:00:00,0.733007,0.734223,0.732991,0.734207,50
2023-04-25 18:00:00,0.734207,0.734391,0.733401,0.733586,50
2023-04-25 19:00:00,0.733586,0.735028,0.733257,0.734700,50
2023-04-25 20:00:00,0.734700,0.735561,0.734402,0.735264,50
2023-04-25 21:00:00,0.735264,0.735969,0.735089,0.735795,50
2023-04-25 22:00:00,0.735795,0.736128,0.735287,0.735620,50
2023-04-25 23:00:00,0.735620,0.735846,0.733612,0.733837,50
2023-04-26 00:00:00,0.733837,0.734034,0.733799,0.733996,50
2023-04-26 01:00:00,0.733996,0.734072,0.733898,0.733974,50
2023-04-26 02:00:00,0.733974,0.733991,0.733852,0.733869,50
2023-04-26 03:00:00,0.733869,0.734766,0.733853,0.734751,50
2023-04-26 04:00:00,0.734751,0.735168,0.734658,0.735075,50
2023-04-26 05:00:00,0.735075,0.735086,0.734543,0.734554,50
2023-04-26 06:00:00,0.734554,0.735243,0.734424,0.735112,50
2023-04-26 07:00:00,0.735112,0.735675,0.735078,0.735642,50
2023-04-26 08:00:00,0.735642,0.735758,0.734757,0.734873,50
2023-04-26 09:00:00,0.734873,0.735249,0.734745,0.735122,50
2023-04-26 10:00:00,0.735122,0.735131,0.734605,0.734615,50
2023-04-26 11:00:00,0.734615,0.735181,0.734562,0.735128,50
2023-04-26 12:00:00,0.735128,0.735229,0.735063,0.735163,50
2023-04-26 13:00:00,0.735163,0.735194,0.734733,0.734763,50
2023-04-26 14:00:00,0.734763,0.734797,0.734152,0.734185,50
2023-04-26 15:00:00,0.734185,0.734237,0.734109,0.734161,50
2023-04-26 16:00:00,0.734161,0.734224,0.733880,0.733943,50
2023-04-26 17:00:00,0.733943,0.733978,0.733571,0.733606,50
2023-04-26 18:00:00,0.733606,0.733687,0.733492,0.733572,50
2023-04-26 19:00:00,0.733572,0.733644,0.733453,0.733525,50
2023-04-26 20:00:00,0.733525,0.733597,0.733402,0.733475,50
2023-04-26 21:00:00,0.733475,0.733909,0.733470,0.733904,50
2023-04-26 22:00:00,0.733904,0.734631,0.733784,0.734511,50
2023-04-26 23:00:00,0.734511,0.735292,0.734458,0.735240,50
2023-04-27 00:00:00,0.735240,0.735356,0.734282,0.734398,50
2023-04-27 01:00:00,0.734398,0.734552,0.734276,0.734430,50
2023-04-27 02:00:00,0.734430,0.735545,0.734379,0.735495,50
2023-04-27 03:00:00,0.735495,0.735589,0.735292,0.735387,50
2023-04-27 04:00:00,0.735387,0.735508,0.735242,0.735364,50
2023-04-27 05:00:00,0.735364,0.735486,0.734318,0.734439,50
2023-04-27 06:00:00,0.734439,0.735341,0.734352,0.735253,50
2023-04-27 07:00:00,0.735253,0.735480,0.735165,0.735392,50
2023-04-27 08:00:00,0.735392,0.735782,0.735374,0.735763,50
2023-04-27 09:00:00,0.735763,0.736183,0.735653,0.736072,50
2023-04-27 10:00:00,0.736072,0.736168,0.735608,0.735704,50
2023-04-27 11:00:00,0.735704,0.735795,0.735635,0.735726,50
2023-04-27 12:00:00,0.735726,0.735839,0.735098,0.735211,50
2023-04-27 13:00:00,0.735211,0.735319,0.734950,0.735059,50
2023-04-27 14:00:00,0.735059,0.735578,0.734933,0.735452,50
2023-04-27 15:00:00,0.735452,0.735625,0.735356,0.735528,50
2023-04-27 16:00:00,0.735528,0.735595,0.734606,0.734672,50
2023-04-27 17:00:00,0.734672,0.734748,0.734509,0.734585,50
2023-04-27 18:00:00,0.734585,0.734591,0.734518,0.734525,50
2023-04-27 19:00:00,0.734525,0.734577,0.734087,0.734139,50
2023-04-27 20:00:00,0.734139,0.734841,0.734106,0.734809,50
2023-04-27 21:00:00,0.734809,0.734827,0.734343,0.734361,50
2023-04-27 22:00:00,0.734361,0.734374,0.734208,0.734221,50
2023-04-27 23:00:00,0.734221,0.734806,0.734115,0.734700,50
2023-04-28 00:00:00,0.734700,0.736433,0.734604,0.736338,50
2023-04-28 01:00:00,0.736338,0.736430,0.735393,0.735485,50
2023-04-28 02:00:00,0.735485,0.735547,0.734735,0.734797,50
2023-04-28 03:00:00,0.734797,0.735024,0.734180,0.734407,50
2023-04-28 04:00:00,0.734407,0.734815,0.734147,0.734555,50
2023-04-28 05:00:00,0.734555,0.734615,0.734186,0.734245,50
2023-04-28 06:00:00,0.734245,0.734438,0.733867,0.734060,50
2023-04-28 07:00:00,0.734060,0.735142,0.733867,0.734949,50
2023-04-28 08:00:00,0.734949,0.735698,0.734763,0.735511,50
2023-04-28 09:00:00,0.735511,0.736425,0.735406,0.736320,50
2023-04-28 10:00:00,0.736320,0.736352,0.735434,0.735465,50
2023-04-28 11:00:00,0.735465,0.736678,0.735272,0.736485,50
2023-04-28 12:00:00,0.736485,0.736612,0.736175,0.736302,50
2023-04-28 13:00:00,0.736302,0.737755,0.736188,0.737641,50
2023-04-28 14:00:00,0.737641,0.738390,0.737428,0.738176,50
2023-04-28 15:00:00,0.738176,0.738219,0.737893,0.737937,50
2023-04-28 16:00:00,0.737937,0.738001,0.737863,0.737928,50
2023-04-28 17:00:00,0.737928,0.738192,0.737846,0.738110,50
2023-04-28 18:00:00,0.738110,0.738377,0.737730,0.737997,50
2023-04-28 19:00:00,0.737997,0.738668,0.737867,0.738538,50
2023-04-28 20:00:00,0.738538,0.738679,0.736426,0.736568,50
2023-04-28 21:00:00,0.736568,0.736782,0.736078,0.736292,50
2023-04-28 22:00:00,0.736292,0.736381,0.735891,0.735980,50
2023-04-28 23:00:00,0.735980,0.737920,0.735958,0.737898,50
2023-05-01 00:00:00,0.737898,0.737922,0.737701,0.737725,50
2023-05-01 01:00:00,0.737725,0.737843,0.737439,0.737557,50
2023-05-01 02:00:00,0.737557,0.737684,0.736963,0.737090,50
2023-05-01 03:00:00,0.737090,0.737367,0.737022,0.737299,50
2023-05-01 04:00:00,0.737299,0.737326,0.737126,0.737153,50
2023-05-01 05:00:00,0.737153,0.737264,0.737119,0.737230,50
2023-05-01 06:00:00,0.737230,0.737346,0.737053,0.737169,50
2023-05-01 07:00:00,0.737169,0.737258,0.737010,0.737099,50
2023-05-01 08:00:00,0.737099,0.737667,0.737000,0.737568,50
2023-05-01 09:00:00,0.737568,0.737676,0.737446,0.737554,50
2023-05-01 10:00:00,0.737554,0.737776,0.737519,0.737741,50
2023-05-01 11:00:00,0.737741,0.737890,0.737656,0.737805,50
2023-05-01 12:00:00,0.737805,0.738330,0.737796,0.738322,50
2023-05-01 13:00:00,0.738322,0.738393,0.738143,0.738215,50
2023-05-01 14:00:00,0.738215,0.738287,0.737919,0.737991,50
2023-05-01 15:00:00,0.737991,0.737994,0.737778,0.737781,50
2023-05-01 16:00:00,0.737781,0.738068,0.737711,0.737998,50
2023-05-01 17:00:00,0.737998,0.738084,0.737435,0.737521,50
2023-05-01 18:00:00,0.737521,0.738012,0.737489,0.737980,50
2023-05-01 19:00:00,0.737980,0.738248,0.737935,0.738203,50
2023-05-01 20:00:00,0.738203,0.738300,0.738076,0.738173,50
2023-05-01 21:00:00,0.738173,0.738803,0.738052,0.738682,50
2023-05-01 22:00:00,0.738682,0.739223,0.738663,0.739203,50
2023-05-01 23:00:00,0.739203,0.739204,0.738497,0.738498,50
2023-05-02 00:00:00,0.738498,0.738623,0.737993,0.738118,50
2023-05-02 01:00:00,0.738118,0.738122,0.737474,0.737478,50
2023-05-02 02:00:00,0.737478,0.737634,0.736295,0.736452,50
2023-05-02 03:00:00,0.736452,0.736541,0.736426,0.736515,50
2023-05-02 04:00:00,0.736515,0.738184,0.736375,0.738044,50
2023-05-02 05:00:00,0.738044,0.738244,0.735706,0.735905,50
2023-05-02 06:00:00,0.735905,0.735983,0.734451,0.734529,50
2023-05-02 07:00:00,0.734529,0.735765,0.734295,0.735531,50
2023-05-02 08:00:00,0.735531,0.735901,0.732535,0.732905,50
2023-05-02 09:00:00,0.732905,0.733760,0.732692,0.733547,50
2023-05-02 10:00:00,0.733547,0.734518,0.733332,0.734302,50
2023-05-02 11:00:00,0.734302,0.734700,0.734026,0.734424,50
2023-05-02 12:00:00,0.734424,0.735974,0.734409,0.735959,50
2023-05-02 13:00:00,0.735959,0.736266,0.734895,0.735203,50
2023-05-02 14:00:00,0.735203,0.735241,0.734843,0.734881,50
2023-05-02 15:00:00,0.734881,0.735084,0.734675,0.734877,50
2023-05-02 16:00:00,0.734877,0.735194,0.733790,0.734106,50
2023-05-02 17:00:00,0.734106,0.734234,0.734105,0.734232,50
2023-05-02 18:00:00,0.734232,0.734514,0.733253,0.733534,50
2023-05-02 19:00:00,0.733534,0.734407,0.733202,0.734075,50
2023-05-02 20:00:00,0.734075,0.734171,0.733227,0.733323,50
2023-05-02 21:00:00,0.733323,0.736378,0.732969,0.736024,50
2023-05-02 22:00:00,0.736024,0.736393,0.733186,0.733555,50
2023-05-02 23:00:00,0.733555,0.733890,0.733502,0.733837,50
2023-05-03 00:00:00,0.733837,0.733871,0.733332,0.733366,50
2023-05-03 01:00:00,0.733366,0.733888,0.733311,0.733833,50
2023-05-03 02:00:00,0.733833,0.733850,0.733715,0.733733,50
2023-05-03 03:00:00,0.733733,0.733864,0.733308,0.733439,50
2023-05-03 04:00:00,0.733439,0.733714,0.733386,0.733662,50
2023-05-03 05:00:00,0.733662,0.733731,0.733331,0.733401,50
2023-05-03 06:00:00,0.733401,0.733794,0.733306,0.733699,50
2023-05-03 07:00:00,0.733699,0.734160,0.733629,0.734090,50
2023-05-03 08:00:00,0.734090,0.734168,0.733620,0.733699,50
2023-05-03 09:00:00,0.733699,0.734417,0.733589,0.734307,50
2023-05-03 10:00:00,0.734307,0.735492,0.734212,0.735398,50
2023-05-03 11:00:00,0.735398,0.735515,0.734877,0.734994,50
2023-05-03 12:00:00,0.734994,0.735098,0.734723,0.734827,50
2023-05-03 13:00:00,0.734827,0.734913,0.734242,0.734327,50
2023-05-03 14:00:00,0.734327,0.734867,0.734261,0.734801,50
2023-05-03 15:00:00,0.734801,0.734802,0.734482,0.734483,50
2023-05-03 16:00:00,0.734483,0.734788,0.734394,0.734698,50
2023-05-03 17:00:00,0.734698,0.735007,0.734632,0.734941,50
2023-05-03 18:00:00,0.734941,0.735041,0.734909,0.735009,50
2023-05-03 19:00:00,0.735009,0.735024,0.734930,0.734946,50
2023-05-03 20:00:00,0.734946,0.735029,0.734582,0.734666,50
2023-05-03 21:00:00,0.734666,0.734743,0.734252,0.734329,50
2023-05-03 22:00:00,0.734329,0.734356,0.734328,0.734355,50
2023-05-03 23:00:00,0.734355,0.734823,0.734286,0.734754,50
2023-05-04 00:00:00,0.734754,0.734851,0.734230,0.734327,50
2023-05-04 01:00:00,0.734327,0.734338,0.734309,0.734321,50
2023-05-04 02:00:00,0.734321,0.735223,0.734301,0.735203,50
2023-05-04 03:00:00,0.735203,0.735469,0.735157,0.735423,50
2023-05-04 04:00:00,0.735423,0.735597,0.734661,0.734835,50
2023-05-04 05:00:00,0.734835,0.735247,0.734654,0.735066,50
2023-05-04 06:00:00,0.735066,0.735070,0.735066,0.735070,50
2023-05-04 07:00:00,0.735070,0.735697,0.734988,0.735615,50
2023-05-04 08:00:00,0.735615,0.736656,0.735474,0.736515,50
2023-05-04 09:00:00,0.736515,0.736671,0.736506,0.736662,50
2023-05-04 10:00:00,0.736662,0.736768,0.736534,0.736639,50
2023-05-04 11:00:00,0.736639,0.737056,0.736627,0.737044,50
2023-05-04 12:00:00,0.737044,0.737158,0.736713,0.736827,50
2023-05-04 13:00:00,0.736827,0.737054,0.736719,0.736946,50
2023-05-04 14:00:00,0.736946,0.737081,0.736419,0.736553,50
2023-05-04 15:00:00,0.736553,0.737384,0.736480,0.737310,50
2023-05-04 16:00:00,0.737310,0.737423,0.737240,0.737353,50
2023-05-04 17:00:00,0.737353,0.737460,0.736934,0.737041,50
2023-05-04 18:00:00,0.737041,0.737241,0.736989,0.737189,50
2023-05-04 19:00:00,0.737189,0.737284,0.736609,0.736703,50
2023-05-04 20:00:00,0.736703,0.736853,0.736582,0.736732,50
2023-05-04 21:00:00,0.736732,0.736780,0.736619,0.736667,50
2023-05-04 22:00:00,0.736667,0.736803,0.736186,0.736322,50
2023-05-04 23:00:00,0.736322,0.737084,0.736158,0.736920,50
2023-05-05 00:00:00,0.736920,0.737817,0.736819,0.737716,50
2023-05-05 01:00:00,0.737716,0.738321,0.736128,0.736733,50
2023-05-05 02:00:00,0.736733,0.737192,0.735992,0.736451,50
2023-05-05 03:00:00,0.736451,0.739767,0.735930,0.739245,50
2023-05-05 04:00:00,0.739245,0.743606,0.738832,0.743193,50
2023-05-05 05:00:00,0.743193,0.745167,0.742732,0.744706,50
2023-05-05 06:00:00,0.744706,0.747343,0.744039,0.746677,50
2023-05-05 07:00:00,0.746677,0.747433,0.746115,0.746870,50
2023-05-05 08:00:00,0.746870,0.747202,0.744953,0.745285,50
2023-05-05 09:00:00,0.745285,0.745434,0.740061,0.740211,50
2023-05-05 10:00:00,0.740211,0.740380,0.735092,0.735261,50
2023-05-05 11:00:00,0.735261,0.739494,0.735161,0.739394,50
2023-05-05 12:00:00,0.739394,0.741170,0.739037,0.740813,50
2023-05-05 13:00:00,0.740813,0.740868,0.739625,0.739681,50
2023-05-05 14:00:00,0.739681,0.741837,0.739334,0.741490,50
2023-05-05 15:00:00,0.741490,0.746720,0.741390,0.746620,50
2023-05-05 16:00:00,0.746620,0.747202,0.743707,0.744290,50
2023-05-05 17:00:00,0.744290,0.744552,0.738447,0.738709,50
2023-05-05 18:00:00,0.738709,0.742282,0.738130,0.741703,50
2023-05-05 19:00:00,0.741703,0.743500,0.741099,0.742895,50
2023-05-05 20:00:00,0.742895,0.743492,0.739848,0.740444,50
2023-05-05 21:00:00,0.740444,0.742978,0.739772,0.742306,50
2023-05-05 22:00:00,0.742306,0.742636,0.740966,0.741296,50
2023-05-05 23:00:00,0.741296,0.745685,0.740822,0.745212,50
2023-05-08 00:00:00,0.745212,0.748748,0.745163,0.748699,50
2023-05-08 01:00:00,0.748699,0.748948,0.748415,0.748664,50
2023-05-08 02:00:00,0.748664,0.749075,0.748428,0.748840,50
2023-05-08 03:00:00,0.748840,0.749062,0.747821,0.748044,50
2023-05-08 04:00:00,0.748044,0.748240,0.747823,0.748020,50
2023-05-08 05:00:00,0.748020,0.748183,0.747788,0.747951,50
2023-05-08 06:00:00,0.747951,0.748109,0.747600,0.747758,50
2023-05-08 07:00:00,0.747758,0.749618,0.747570,0.749430,50
2023-05-08 08:00:00,0.749430,0.749559,0.748174,0.748303,50
2023-05-08 09:00:00,0.748303,0.748332,0.745867,0.745897,50
2023-05-08 10:00:00,0.745897,0.745981,0.745057,0.745141,50
2023-05-08 11:00:00,0.745141,0.745705,0.745045,0.745609,50
2023-05-08 12:00:00,0.745609,0.745794,0.744376,0.744560,50
2023-05-08 13:00:00,0.744560,0.746305,0.744311,0.746056,50
2023-05-08 14:00:00,0.746056,0.746484,0.745919,0.746346,50
2023-05-08 15:00:00,0.746346,0.746464,0.745547,0.745665,50
2023-05-08 16:00:00,0.745665,0.745771,0.745432,0.745538,50
2023-05-08 17:00:00,0.745538,0.745708,0.744339,0.744509,50
2023-05-08 18:00:00,0.744509,0.744998,0.744306,0.744795,50
2023-05-08 19:00:00,0.744795,0.746814,0.744640,0.746659,50
2023-05-08 20:00:00,0.746659,0.746738,0.746541,0.746619,50
2023-05-08 21:00:00,0.746619,0.748411,0.746374,0.748165,50
2023-05-08 22:00:00,0.748165,0.748178,0.748079,0.748093,50
2023-05-08 23:00:00,0.748093,0.748820,0.747999,0.748727,50
2023-05-09 00:00:00,0.748727,0.748728,0.748006,0.748007,50
2023-05-09 01:00:00,0.748007,0.748409,0.747918,0.748320,50
2023-05-09 02:00:00,0.748320,0.748961,0.748159,0.748800,50
2023-05-09 03:00:00,0.748800,0.748849,0.748712,0.748761,50
2023-05-09 04:00:00,0.748761,0.749361,0.748608,0.749208,50
2023-05-09 05:00:00,0.749208,0.749386,0.748375,0.748553,50
2023-05-09 06:00:00,0.748553,0.748737,0.748384,0.748568,50
2023-05-09 07:00:00,0.748568,0.748627,0.748319,0.748378,50
2023-05-09 08:00:00,0.748378,0.748433,0.748072,0.748127,50
2023-05-09 09:00:00,0.748127,0.748197,0.747586,0.747657,50
2023-05-09 10:00:00,0.747657,0.747663,0.747300,0.747306,50
2023-05-09 11:00:00,0.747306,0.747691,0.747302,0.747687,50
2023-05-09 12:00:00,0.747687,0.747734,0.747332,0.747380,50
2023-05-09 13:00:00,0.747380,0.747418,0.747266,0.747304,50
2023-05-09 14:00:00,0.747304,0.747452,0.746861,0.747010,50
2023-05-09 15:00:00,0.747010,0.747077,0.746730,0.746798,50
2023-05-09 16:00:00,0.746798,0.747241,0.746786,0.747229,50
2023-05-09 17:00:00,0.747229,0.747291,0.746371,0.746432,50
2023-05-09 18:00:00,0.746432,0.747223,0.746407,0.747198,50
2023-05-09 19:00:00,0.747198,0.747203,0.747115,0.747119,50
2023-05-09 20:00:00,0.747119,0.747240,0.746927,0.747048,50
2023-05-09 21:00:00,0.747048,0.747295,0.746999,0.747246,50
2023-05-09 22:00:00,0.747246,0.747300,0.746532,0.746586,50
2023-05-09 23:00:00,0.746586,0.746625,0.746286,0.746324,50
2023-05-10 00:00:00,0.746324,0.746357,0.746298,0.746330,50
2023-05-10 01:00:00,0.746330,0.746729,0.746245,0.746644,50
2023-05-10 02:00:00,0.746644,0.746758,0.746331,0.746445,50
2023-05-10 03:00:00,0.746445,0.746526,0.746306,0.746386,50
2023-05-10 04:00:00,0.746386,0.746491,0.746266,0.746370,50
2023-05-10 05:00:00,0.746370,0.746463,0.745808,0.745900,50
2023-05-10 06:00:00,0.745900,0.746346,0.745832,0.746277,50
2023-05-10 07:00:00,0.746277,0.746405,0.746137,0.746265,50
2023-05-10 08:00:00,0.746265,0.746370,0.746132,0.746236,50
2023-05-10 09:00:00,0.746236,0.746697,0.746159,0.746620,50
2023-05-10 10:00:00,0.746620,0.746667,0.746500,0.746548,50
2023-05-10 11:00:00,0.746548,0.746695,0.746512,0.746659,50
2023-05-10 12:00:00,0.746659,0.747356,0.746534,0.747230,50
2023-05-10 13:00:00,0.747230,0.747784,0.747133,0.747687,50
2023-05-10 14:00:00,0.747687,0.747826,0.747641,0.747780,50
2023-05-10 15:00:00,0.747780,0.747906,0.747762,0.747888,50
2023-05-10 16:00:00,0.747888,0.747956,0.747315,0.747383,50
2023-05-10 17:00:00,0.747383,0.747967,0.747373,0.747957,50
2023-05-10 18:00:00,0.747957,0.748053,0.747943,0.748039,50
2023-05-10 19:00:00,0.748039,0.748098,0.747667,0.747726,50
2023-05-10 20:00:00,0.747726,0.747844,0.747723,0.747841,50
2023-05-10 21:00:00,0.747841,0.747953,0.747673,0.747785,50
2023-05-10 22:00:00,0.747785,0.748003,0.747763,0.747982,50
2023-05-10 23:00:00,0.747982,0.748109,0.747592,0.747719,50
2023-05-11 00:00:00,0.747719,0.747951,0.741153,0.741385,50
2023-05-11 01:00:00,0.741385,0.742345,0.741000,0.741959,50
2023-05-11 02:00:00,0.741959,0.744536,0.741858,0.744434,50
2023-05-11 03:00:00,0.744434,0.744526,0.743445,0.743537,50
2023-05-11 04:00:00,0.743537,0.744007,0.743329,0.743799,50
2023-05-11 05:00:00,0.743799,0.744226,0.742710,0.743138,50
2023-05-11 06:00:00,0.743138,0.743274,0.741165,0.741301,50
2023-05-11 07:00:00,0.741301,0.742862,0.740910,0.742471,50
2023-05-11 08:00:00,0.742471,0.742679,0.741406,0.741613,50
2023-05-11 09:00:00,0.741613,0.741830,0.741585,0.741801,50
2023-05-11 10:00:00,0.741801,0.741944,0.740059,0.740202,50
2023-05-11 11:00:00,0.740202,0.741370,0.739918,0.741086,50
2023-05-11 12:00:00,0.741086,0.744317,0.740962,0.744194,50
2023-05-11 13:00:00,0.744194,0.744305,0.742549,0.742661,50
2023-05-11 14:00:00,0.742661,0.743126,0.742086,0.742551,50
2023-05-11 15:00:00,0.742551,0.745530,0.742289,0.745268,50
2023-05-11 16:00:00,0.745268,0.745435,0.745003,0.745169,50
2023-05-11 17:00:00,0.745169,0.747058,0.744959,0.746847,50
2023-05-11 18:00:00,0.746847,0.748284,0.746743,0.748180,50
2023-05-11 19:00:00,0.748180,0.749312,0.747840,0.748972,50
2023-05-11 20:00:00,0.748972,0.749171,0.746872,0.747071,50
2023-05-11 21:00:00,0.747071,0.747299,0.745000,0.745229,50
2023-05-11 22:00:00,0.745229,0.745308,0.742833,0.742912,50
2023-05-11 23:00:00,0.742912,0.743146,0.741221,0.741455,50
2023-05-12 00:00:00,0.741455,0.741673,0.740562,0.740780,50
2023-05-12 01:00:00,0.740780,0.742023,0.740570,0.741814,50
2023-05-12 02:00:00,0.741814,0.742056,0.741533,0.741775,50
2023-05-12 03:00:00,0.741775,0.741939,0.741636,0.741799,50
2023-05-12 04:00:00,0.741799,0.741849,0.741067,0.741116,50
2023-05-12 05:00:00,0.741116,0.741223,0.740904,0.741011,50
2023-05-12 06:00:00,0.741011,0.741159,0.740535,0.740683,50
2023-05-12 07:00:00,0.740683,0.741946,0.740572,0.741834,50
2023-05-12 08:00:00,0.741834,0.741966,0.740203,0.740335,50
2023-05-12 09:00:00,0.740335,0.741188,0.740259,0.741112,50
2023-05-12 10:00:00,0.741112,0.742211,0.740937,0.742035,50
2023-05-12 11:00:00,0.742035,0.742119,0.741773,0.741857,50
2023-05-12 12:00:00,0.741857,0.742022,0.740566,0.740731,50
2023-05-12 13:00:00,0.740731,0.740766,0.739737,0.739772,50
2023-05-12 14:00:00,0.739772,0.739843,0.739063,0.739135,50
2023-05-12 15:00:00,0.739135,0.739188,0.738830,0.738883,50
2023-05-12 16:00:00,0.738883,0.739945,0.738828,0.739890,50
2023-05-12 17:00:00,0.739890,0.740032,0.739381,0.739523,50
2023-05-12 18:00:00,0.739523,0.739874,0.739307,0.739658,50
2023-05-12 19:00:00,0.739658,0.739802,0.738735,0.738878,50
2023-05-12 20:00:00,0.738878,0.739006,0.738480,0.738608,50
2023-05-12 21:00:00,0.738608,0.738794,0.737787,0.737972,50
2023-05-12 22:00:00,0.737972,0.738285,0.737875,0.738189,50
2023-05-12 23:00:00,0.738189,0.738608,0.738133,0.738552,50
2023-05-15 00:00:00,0.738552,0.741673,0.738398,0.741519,50
2023-05-15 01:00:00,0.741519,0.742383,0.741460,0.742325,50
2023-05-15 02:00:00,0.742325,0.742601,0.742089,0.742365,50
2023-05-15 03:00:00,0.742365,0.742469,0.741978,0.742082,50
2023-05-15 04:00:00,0.742082,0.742255,0.740388,0.740562,50
2023-05-15 05:00:00,0.740562,0.740682,0.739803,0.739923,50
2023-05-15 06:00:00,0.739923,0.740190,0.739533,0.739799,50
2023-05-15 07:00:00,0.739799,0.740213,0.739563,0.739977,50
2023-05-15 08:00:00,0.739977,0.740891,0.739845,0.740759,50
2023-05-15 09:00:00,0.740759,0.741005,0.740387,0.740633,50
2023-05-15 10:00:00,0.740633,0.741058,0.740542,0.740967,50
2023-05-15 11:00:00,0.740967,0.741143,0.739636,0.739812,50
2023-05-15 12:00:00,0.739812,0.739841,0.737888,0.737917,50
2023-05-15 13:00:00,0.737917,0.738903,0.737872,0.738858,50
2023-05-15 14:00:00,0.738858,0.739180,0.738811,0.739133,50
2023-05-15 15:00:00,0.739133,0.739253,0.738902,0.739022,50
2023-05-15 16:00:00,0.739022,0.740754,0.738926,0.740658,50
2023-05-15 17:00:00,0.740658,0.741097,0.740623,0.741062,50
2023-05-15 18:00:00,0.741062,0.741294,0.740643,0.740876,50
2023-05-15 19:00:00,0.740876,0.741056,0.740764,0.740944,50
2023-05-15 20:00:00,0.740944,0.742131,0.740938,0.742124,50
2023-05-15 21:00:00,0.742124,0.742331,0.741535,0.741741,50
2023-05-15 22:00:00,0.741741,0.741936,0.741628,0.741822,50
2023-05-15 23:00:00,0.741822,0.741842,0.741710,0.741730,50
2023-05-16 00:00:00,0.741730,0.741797,0.741546,0.741613,50
2023-05-16 01:00:00,0.741613,0.741802,0.741573,0.741761,50
2023-05-16 02:00:00,0.741761,0.741793,0.741300,0.741332,50
2023-05-16 03:00:00,0.741332,0.741587,0.741231,0.741487,50
2023-05-16 04:00:00,0.741487,0.742077,0.741462,0.742052,50
2023-05-16 05:00:00,0.742052,0.742163,0.741751,0.741862,50
2023-05-16 06:00:00,0.741862,0.742027,0.741761,0.741926,50
2023-05-16 07:00:00,0.741926,0.742744,0.741872,0.742689,50
2023-05-16 08:00:00,0.742689,0.742788,0.742379,0.742478,50
2023-05-16 09:00:00,0.742478,0.742848,0.742409,0.742779,50
2023-05-16 10:00:00,0.742779,0.742810,0.742372,0.742404,50
2023-05-16 11:00:00,0.742404,0.743022,0.742348,0.742966,50
2023-05-16 12:00:00,0.742966,0.743152,0.742938,0.743123,50
2023-05-16 13:00:00,0.743123,0.743135,0.743076,0.743088,50
2023-05-16 14:00:00,0.743088,0.743453,0.743067,0.743432,50
2023-05-16 15:00:00,0.743432,0.743512,0.743162,0.743242,50
2023-05-16 16:00:00,0.743242,0.743570,0.743234,0.743561,50
2023-05-16 17:00:00,0.743561,0.743638,0.742970,0.743046,50
2023-05-16 18:00:00,0.743046,0.743154,0.742842,0.742950,50
2023-05-16 19:00:00,0.742950,0.743075,0.742527,0.742652,50
2023-05-16 20:00:00,0.742652,0.742698,0.741935,0.741981,50
2023-05-16 21:00:00,0.741981,0.742100,0.741589,0.741708,50
2023-05-16 22:00:00,0.741708,0.741737,0.741499,0.741529,50
2023-05-16 23:00:00,0.741529,0.743280,0.741411,0.743163,50
2023-05-17 00:00:00,0.743163,0.743231,0.743086,0.743154,50
2023-05-17 01:00:00,0.743154,0.743548,0.743022,0.743416,50
2023-05-17 02:00:00,0.743416,0.743637,0.743284,0.743505,50
2023-05-17 03:00:00,0.743505,0.743563,0.743430,0.743488,50
2023-05-17 04:00:00,0.743488,0.743545,0.743047,0.743104,50
2023-05-17 05:00:00,0.743104,0.743228,0.742176,0.742300,50
2023-05-17 06:00:00,0.742300,0.742362,0.742205,0.742267,50
2023-05-17 07:00:00,0.742267,0.742434,0.742250,0.742417,50
2023-05-17 08:00:00,0.742417,0.742486,0.742218,0.742287,50
2023-05-17 09:00:00,0.742287,0.742406,0.742170,0.742289,50
2023-05-17 10:00:00,0.742289,0.742361,0.742206,0.742278,50
2023-05-17 11:00:00,0.742278,0.742920,0.742235,0.742876,50
2023-05-17 12:00:00,0.742876,0.742970,0.742512,0.742605,50
2023-05-17 13:00:00,0.742605,0.742681,0.742109,0.742184,50
2023-05-17 14:00:00,0.742184,0.742217,0.741867,0.741900,50
2023-05-17 15:00:00,0.741900,0.742156,0.741813,0.742069,50
2023-05-17 16:00:00,0.742069,0.742452,0.741977,0.742360,50
2023-05-17 17:00:00,0.742360,0.742504,0.742239,0.742383,50
2023-05-17 18:00:00,0.742383,0.742483,0.742253,0.742354,50
2023-05-17 19:00:00,0.742354,0.742391,0.742244,0.742281,50
2023-05-17 20:00:00,0.742281,0.742665,0.742219,0.742604,50
2023-05-17 21:00:00,0.742604,0.742729,0.741756,0.741881,50
2023-05-17 22:00:00,0.741881,0.742009,0.741407,0.741535,50
2023-05-17 23:00:00,0.741535,0.741711,0.741499,0.741675,50
2023-05-18 00:00:00,0.741675,0.741723,0.741500,0.741548,50
2023-05-18 01:00:00,0.741548,0.741617,0.741266,0.741336,50
2023-05-18 02:00:00,0.741336,0.741412,0.741119,0.741196,50
2023-05-18 03:00:00,0.741196,0.741218,0.741008,0.741030,50
2023-05-18 04:00:00,0.741030,0.741119,0.740661,0.740751,50
2023-05-18 05:00:00,0.740751,0.741599,0.740705,0.741553,50
2023-05-18 06:00:00,0.741553,0.741818,0.741473,0.741739,50
2023-05-18 07:00:00,0.741739,0.741795,0.741547,0.741604,50
2023-05-18 08:00:00,0.741604,0.741642,0.741423,0.741461,50
2023-05-18 09:00:00,0.741461,0.741875,0.741439,0.741853,50
2023-05-18 10:00:00,0.741853,0.741867,0.741423,0.741437,50
2023-05-18 11:00:00,0.741437,0.741533,0.740858,0.740953,50
2023-05-18 12:00:00,0.740953,0.740991,0.740555,0.740592,50
2023-05-18 13:00:00,0.740592,0.740676,0.739958,0.740042,50
2023-05-18 14:00:00,0.740042,0.741807,0.740010,0.741775,50
2023-05-18 15:00:00,0.741775,0.741887,0.741370,0.741482,50
2023-05-18 16:00:00,0.741482,0.742364,0.741382,0.742264,50
2023-05-18 17:00:00,0.742264,0.742269,0.741770,0.741776,50
2023-05-18 18:00:00,0.741776,0.741881,0.741350,0.741456,50
2023-05-18 19:00:00,0.741456,0.741516,0.740975,0.741035,50
2023-05-18 20:00:00,0.741035,0.742253,0.740910,0.742128,50
2023-05-18 21:00:00,0.742128,0.742227,0.740719,0.740818,50
2023-05-18 22:00:00,0.740818,0.740845,0.740641,0.740667,50
2023-05-18 23:00:00,0.740667,0.740786,0.740512,0.740631,50
2023-05-19 00:00:00,0.740631,0.740925,0.740555,0.740850,50
2023-05-19 01:00:00,0.740850,0.741604,0.740822,0.741577,50
2023-05-19 02:00:00,0.741577,0.741613,0.741417,0.741453,50
2023-05-19 03:00:00,0.741453,0.741536,0.741069,0.741152,50
2023-05-19 04:00:00,0.741152,0.741444,0.741086,0.741378,50
2023-05-19 05:00:00,0.741378,0.741450,0.741275,0.741347,50
2023-05-19 06:00:00,0.741347,0.741420,0.740743,0.740817,50
2023-05-19 07:00:00,0.740817,0.740931,0.740358,0.740472,50
2023-05-19 08:00:00,0.740472,0.740789,0.740468,0.740785,50
2023-05-19 09:00:00,0.740785,0.740900,0.740125,0.740240,50
2023-05-19 10:00:00,0.740240,0.740326,0.739779,0.739865,50
2023-05-19 11:00:00,0.739865,0.740169,0.739737,0.740041,50
2023-05-19 12:00:00,0.740041,0.740063,0.740018,0.740040,50
2023-05-19 13:00:00,0.740040,0.740169,0.740036,0.740165,50
2023-05-19 14:00:00,0.740165,0.740204,0.740029,0.740069,50
2023-05-19 15:00:00,0.740069,0.740282,0.740042,0.740255,50
2023-05-19 16:00:00,0.740255,0.740330,0.739965,0.740039,50
2023-05-19 17:00:00,0.740039,0.740466,0.740000,0.740427,50
2023-05-19 18:00:00,0.740427,0.740429,0.739877,0.739879,50
2023-05-19 19:00:00,0.739879,0.740100,0.739843,0.740064,50
2023-05-19 20:00:00,0.740064,0.740389,0.739938,0.740263,50
2023-05-19 21:00:00,0.740263,0.740389,0.740113,0.740239,50
2023-05-19 22:00:00,0.740239,0.740328,0.739505,0.739594,50
2023-05-19 23:00:00,0.739594,0.740341,0.739555,0.740302,50
2023-05-22 00:00:00,0.740302,0.740340,0.740264,0.740302,50
2023-05-22 01:00:00,0.740302,0.740400,0.740204,0.740302,50
2023-05-22 02:00:00,0.740302,0.740325,0.740279,0.740302,50
2023-05-22 03:00:00,0.740302,0.740397,0.740207,0.740302,50
2023-05-22 04:00:00,0.740302,0.740434,0.740170,0.740302,50
2023-05-22 05:00:00,0.740302,0.740391,0.740213,0.740302,50
2023-05-22 06:00:00,0.740302,0.740331,0.740273,0.740302,50
2023-05-22 07:00:00,0.740302,0.740316,0.740288,0.740302,50
2023-05-22 08:00:00,0.740302,0.740405,0.740199,0.740302,50
2023-05-22 09:00:00,0.740302,0.740369,0.740235,0.740302,50
2023-05-22 10:00:00,0.740302,0.740371,0.740233,0.740302,50
2023-05-22 11:00:00,0.740302,0.740355,0.740249,0.740302,50
2023-05-22 12:00:00,0.740302,0.740391,0.740213,0.740302,50
2023-05-22 13:00:00,0.740302,0.740403,0.740201,0.740302,50
2023-05-22 14:00:00,0.740302,0.740368,0.740236,0.740302,50
2023-05-22 15:00:00,0.740302,0.740328,0.740276,0.740302,50
2023-05-22 16:00:00,0.740302,0.740403,0.740201,0.740302,50
2023-05-22 17:00:00,0.740302,0.740431,0.740173,0.740302,50
2023-05-22 18:00:00,0.740302,0.740432,0.740172,0.740302,50
2023-05-22 19:00:00,0.740302,0.740332,0.740272,0.740302,50
2023-05-22 20:00:00,0.740302,0.740317,0.740288,0.740302,50
2023-05-22 21:00:00,0.740302,0.740432,0.740172,0.740302,50
2023-05-22 22:00:00,0.740302,0.740413,0.740191,0.740302,50
2023-05-22 23:00:00,0.740302,0.740385,0.740219,0.740302,50
2023-05-23 00:00:00,0.740302,0.740393,0.739999,0.740090,50
2023-05-23 01:00:00,0.740090,0.740148,0.739993,0.740052,50
2023-05-23 02:00:00,0.740052,0.740602,0.739942,0.740493,50
2023-05-23 03:00:00,0.740493,0.741195,0.740368,0.741070,50
2023-05-23 04:00:00,0.741070,0.741196,0.741058,0.741184,50
2023-05-23 05:00:00,0.741184,0.741201,0.740804,0.740820,50
2023-05-23 06:00:00,0.740820,0.741143,0.740812,0.741134,50
2023-05-23 07:00:00,0.741134,0.741159,0.740892,0.740916,50
2023-05-23 08:00:00,0.740916,0.741428,0.740858,0.741370,50
2023-05-23 09:00:00,0.741370,0.741492,0.741324,0.741445,50
2023-05-23 10:00:00,0.741445,0.741471,0.740986,0.741012,50
2023-05-23 11:00:00,0.741012,0.741126,0.740571,0.740685,50
2023-05-23 12:00:00,0.740685,0.740734,0.740656,0.740704,50
2023-05-23 13:00:00,0.740704,0.741556,0.740599,0.741451,50
2023-05-23 14:00:00,0.741451,0.741476,0.741388,0.741413,50
2023-05-23 15:00:00,0.741413,0.741513,0.741089,0.741189,50
2023-05-23 16:00:00,0.741189,0.741251,0.741059,0.741122,50
2023-05-23 17:00:00,0.741122,0.741208,0.741015,0.741102,50
2023-05-23 18:00:00,0.741102,0.741192,0.740861,0.740952,50
2023-05-23 19:00:00,0.740952,0.741424,0.740909,0.741382,50
2023-05-23 20:00:00,0.741382,0.741468,0.741188,0.741274,50
2023-05-23 21:00:00,0.741274,0.741533,0.741231,0.741491,50
2023-05-23 22:00:00,0.741491,0.742172,0.741364,0.742046,50
2023-05-23 23:00:00,0.742046,0.742076,0.741534,0.741565,50
2023-05-24 00:00:00,0.741565,0.741730,0.737325,0.737490,50
2023-05-24 01:00:00,0.737490,0.737890,0.737061,0.737461,50
2023-05-24 02:00:00,0.737461,0.737602,0.737099,0.737241,50
2023-05-24 03:00:00,0.737241,0.740959,0.737070,0.740788,50
2023-05-24 04:00:00,0.740788,0.743167,0.740320,0.742700,50
2023-05-24 05:00:00,0.742700,0.742897,0.741029,0.741227,50
2023-05-24 06:00:00,0.741227,0.741541,0.738044,0.738358,50
2023-05-24 07:00:00,0.738358,0.738657,0.736088,0.736387,50
2023-05-24 08:00:00,0.736387,0.740188,0.736307,0.740109,50
2023-05-24 09:00:00,0.740109,0.740380,0.739254,0.739525,50
2023-05-24 10:00:00,0.739525,0.740637,0.739249,0.740361,50
2023-05-24 11:00:00,0.740361,0.740669,0.738033,0.738341,50
2023-05-24 12:00:00,0.738341,0.738555,0.737065,0.737278,50
2023-05-24 13:00:00,0.737278,0.740009,0.736978,0.739708,50
2023-05-24 14:00:00,0.739708,0.742364,0.739629,0.742285,50
2023-05-24 15:00:00,0.742285,0.742693,0.740002,0.740410,50
2023-05-24 16:00:00,0.740410,0.742214,0.740327,0.742131,50
2023-05-24 17:00:00,0.742131,0.742409,0.738992,0.739271,50
2023-05-24 18:00:00,0.739271,0.739623,0.736588,0.736941,50
2023-05-24 19:00:00,0.736941,0.738454,0.736679,0.738192,50
2023-05-24 20:00:00,0.738192,0.738655,0.735355,0.735818,50
2023-05-24 21:00:00,0.735818,0.735873,0.734705,0.734761,50
2023-05-24 22:00:00,0.734761,0.735101,0.734414,0.734754,50
2023-05-24 23:00:00,0.734754,0.736110,0.734533,0.735889,50
2023-05-25 00:00:00,0.735889,0.735964,0.735144,0.735219,50
2023-05-25 01:00:00,0.735219,0.736555,0.735061,0.736397,50
2023-05-25 02:00:00,0.736397,0.736419,0.735645,0.735668,50
2023-05-25 03:00:00,0.735668,0.736511,0.735548,0.736392,50
2023-05-25 04:00:00,0.736392,0.736495,0.736236,0.736339,50
2023-05-25 05:00:00,0.736339,0.736367,0.736331,0.736359,50
2023-05-25 06:00:00,0.736359,0.736468,0.735335,0.735444,50
2023-05-25 07:00:00,0.735444,0.735894,0.735281,0.735731,50
2023-05-25 08:00:00,0.735731,0.735907,0.734849,0.735025,50
2023-05-25 09:00:00,0.735025,0.735389,0.735013,0.735377,50
2023-05-25 10:00:00,0.735377,0.735446,0.735160,0.735229,50
2023-05-25 11:00:00,0.735229,0.735347,0.735026,0.735144,50
2023-05-25 12:00:00,0.735144,0.735279,0.735060,0.735196,50
2023-05-25 13:00:00,0.735196,0.735218,0.734585,0.734607,50
2023-05-25 14:00:00,0.734607,0.734717,0.734564,0.734674,50
2023-05-25 15:00:00,0.734674,0.734783,0.734384,0.734493,50
2023-05-25 16:00:00,0.734493,0.734699,0.733772,0.733979,50
2023-05-25 17:00:00,0.733979,0.734560,0.733837,0.734418,50
2023-05-25 18:00:00,0.734418,0.734575,0.734125,0.734282,50
2023-05-25 19:00:00,0.734282,0.734443,0.733527,0.733688,50
2023-05-25 20:00:00,0.733688,0.733863,0.733167,0.733341,50
2023-05-25 21:00:00,0.733341,0.733420,0.733022,0.733101,50
2023-05-25 22:00:00,0.733101,0.733312,0.732635,0.732846,50
2023-05-25 23:00:00,0.732846,0.733404,0.732794,0.733353,50
2023-05-26 00:00:00,0.733353,0.733380,0.733129,0.733156,50
2023-05-26 01:00:00,0.733156,0.733450,0.733089,0.733382,50
2023-05-26 02:00:00,0.733382,0.733466,0.732464,0.732548,50
2023-05-26 03:00:00,0.732548,0.733222,0.732532,0.733206,50
2023-05-26 04:00:00,0.733206,0.733263,0.733088,0.733145,50
2023-05-26 05:00:00,0.733145,0.733639,0.733034,0.733527,50
2023-05-26 06:00:00,0.733527,0.734269,0.733451,0.734192,50
2023-05-26 07:00:00,0.734192,0.734463,0.734071,0.734342,50
2023-05-26 08:00:00,0.734342,0.734644,0.734304,0.734606,50
2023-05-26 09:00:00,0.734606,0.734834,0.734522,0.734750,50
2023-05-26 10:00:00,0.734750,0.734809,0.734345,0.734404,50
2023-05-26 11:00:00,0.734404,0.734410,0.733489,0.733496,50
2023-05-26 12:00:00,0.733496,0.733578,0.733339,0.733421,50
2023-05-26 13:00:00,0.733421,0.733485,0.733325,0.733390,50
2023-05-26 14:00:00,0.733390,0.733624,0.733386,0.733620,50
2023-05-26 15:00:00,0.733620,0.733679,0.733601,0.733660,50
2023-05-26 16:00:00,0.733660,0.733730,0.733549,0.733619,50
2023-05-26 17:00:00,0.733619,0.733737,0.732973,0.733091,50
2023-05-26 18:00:00,0.733091,0.733121,0.733005,0.733035,50
2023-05-26 19:00:00,0.733035,0.733529,0.732991,0.733485,50
2023-05-26 20:00:00,0.733485,0.733549,0.732936,0.733000,50
2023-05-26 21:00:00,0.733000,0.733164,0.732950,0.733114,50
2023-05-26 22:00:00,0.733114,0.733543,0.733000,0.733430,50
2023-05-26 23:00:00,0.733430,0.734006,0.733369,0.733945,50
2023-05-30 00:00:00,0.733945,0.733966,0.733578,0.733599,50
2023-05-30 01:00:00,0.733599,0.733788,0.733470,0.733659,50
2023-05-30 02:00:00,0.733659,0.733796,0.733528,0.733665,50
2023-05-30 03:00:00,0.733665,0.734050,0.733628,0.734013,50
2023-05-30 04:00:00,0.734013,0.734056,0.734007,0.734050,50
2023-05-30 05:00:00,0.734050,0.734275,0.734039,0.734264,50
2023-05-30 06:00:00,0.734264,0.734461,0.734241,0.734438,50
2023-05-30 07:00:00,0.734438,0.734547,0.734230,0.734339,50
2023-05-30 08:00:00,0.734339,0.734378,0.733966,0.734005,50
2023-05-30 09:00:00,0.734005,0.734024,0.733852,0.733871,50
2023-05-30 10:00:00,0.733871,0.734131,0.733751,0.734011,50
2023-05-30 11:00:00,0.734011,0.734101,0.733853,0.733943,50
2023-05-30 12:00:00,0.733943,0.734222,0.733929,0.734207,50
2023-05-30 13:00:00,0.734207,0.734514,0.734198,0.734505,50
2023-05-30 14:00:00,0.734505,0.734902,0.734470,0.734867,50
2023-05-30 15:00:00,0.734867,0.735068,0.734750,0.734950,50
2023-05-30 16:00:00,0.734950,0.735081,0.734820,0.734951,50
2023-05-30 17:00:00,0.734951,0.735052,0.734826,0.734926,50
2023-05-30 18:00:00,0.734926,0.734995,0.734369,0.734438,50
2023-05-30 19:00:00,0.734438,0.734463,0.734167,0.734192,50
2023-05-30 20:00:00,0.734192,0.734755,0.734144,0.734707,50
2023-05-30 21:00:00,0.734707,0.735204,0.734614,0.735111,50
2023-05-30 22:00:00,0.735111,0.735920,0.734983,0.735793,50
2023-05-30 23:00:00,0.735793,0.735906,0.735560,0.735673,50
2023-05-31 00:00:00,0.735673,0.735796,0.734721,0.734844,50
2023-05-31 01:00:00,0.734844,0.734920,0.734628,0.734704,50
2023-05-31 02:00:00,0.734704,0.735063,0.734626,0.734985,50
2023-05-31 03:00:00,0.734985,0.735046,0.734953,0.735014,50
2023-05-31 04:00:00,0.735014,0.735196,0.734898,0.735079,50
2023-05-31 05:00:00,0.735079,0.735751,0.734964,0.735636,50
2023-05-31 06:00:00,0.735636,0.735934,0.735519,0.735818,50
2023-05-31 07:00:00,0.735818,0.736051,0.735702,0.735935,50
2023-05-31 08:00:00,0.735935,0.736096,0.735889,0.736051,50
2023-05-31 09:00:00,0.736051,0.736257,0.735935,0.736141,50
2023-05-31 10:00:00,0.736141,0.736214,0.735849,0.735922,50
2023-05-31 11:00:00,0.735922,0.735990,0.735279,0.735347,50
2023-05-31 12:00:00,0.735347,0.735351,0.735112,0.735116,50
2023-05-31 13:00:00,0.735116,0.735321,0.735097,0.735303,50
2023-05-31 14:00:00,0.735303,0.735397,0.735073,0.735168,50
2023-05-31 15:00:00,0.735168,0.735741,0.735039,0.735611,50
2023-05-31 16:00:00,0.735611,0.735990,0.735510,0.735888,50
2023-05-31 17:00:00,0.735888,0.736195,0.735788,0.736095,50
2023-05-31 18:00:00,0.736095,0.736482,0.736000,0.736387,50
2023-05-31 19:00:00,0.736387,0.736930,0.736369,0.736912,50
2023-05-31 20:00:00,0.736912,0.736995,0.736533,0.736616,50
2023-05-31 21:00:00,0.736616,0.736665,0.736175,0.736224,50
2023-05-31 22:00:00,0.736224,0.736348,0.735967,0.736090,50
2023-05-31 23:00:00,0.736090,0.736183,0.735850,0.735943,50
2023-06-01 00:00:00,0.735943,0.736627,0.735865,0.736549,50
2023-06-01 01:00:00,0.736549,0.742220,0.735954,0.741626,50
2023-06-01 02:00:00,0.741626,0.741682,0.740849,0.740905,50
2023-06-01 03:00:00,0.740905,0.741859,0.740267,0.741220,50
2023-06-01 04:00:00,0.741220,0.743850,0.741126,0.743755,50
2023-06-01 05:00:00,0.743755,0.744156,0.741928,0.742328,50
2023-06-01 06:00:00,0.742328,0.744001,0.741805,0.743478,50
2023-06-01 07:00:00,0.743478,0.744072,0.740779,0.741373,50
2023-06-01 08:00:00,0.741373,0.742240,0.740898,0.741765,50
2023-06-01 09:00:00,0.741765,0.742596,0.741412,0.742243,50
2023-06-01 10:00:00,0.742243,0.742463,0.740392,0.740613,50
2023-06-01 11:00:00,0.740613,0.740987,0.738825,0.739200,50
2023-06-01 12:00:00,0.739200,0.739803,0.737931,0.738535,50
2023-06-01 13:00:00,0.738535,0.738745,0.738123,0.738333,50
2023-06-01 14:00:00,0.738333,0.740629,0.738158,0.740455,50
2023-06-01 15:00:00,0.740455,0.742545,0.739986,0.742076,50
2023-06-01 16:00:00,0.742076,0.743101,0.741479,0.742504,50
2023-06-01 17:00:00,0.742504,0.742940,0.742156,0.742593,50
2023-06-01 18:00:00,0.742593,0.743457,0.742116,0.742980,50
2023-06-01 19:00:00,0.742980,0.743505,0.742874,0.743399,50
2023-06-01 20:00:00,0.743399,0.744255,0.742938,0.743795,50
2023-06-01 21:00:00,0.743795,0.744643,0.743553,0.744401,50
2023-06-01 22:00:00,0.744401,0.746103,0.743900,0.745602,50
2023-06-01 23:00:00,0.745602,0.745909,0.743686,0.743992,50
2023-06-02 00:00:00,0.743992,0.744091,0.742860,0.742959,50
2023-06-02 01:00:00,0.742959,0.743349,0.742931,0.743322,50
2023-06-02 02:00:00,0.743322,0.743380,0.743291,0.743349,50
2023-06-02 03:00:00,0.743349,0.744176,0.743277,0.744105,50
2023-06-02 04:00:00,0.744105,0.744217,0.743935,0.744048,50
2023-06-02 05:00:00,0.744048,0.744127,0.743912,0.743992,50
2023-06-02 06:00:00,0.743992,0.744002,0.743897,0.743908,50
2023-06-02 07:00:00,0.743908,0.743931,0.743509,0.743532,50
2023-06-02 08:00:00,0.743532,0.744178,0.743460,0.744106,50
2023-06-02 09:00:00,0.744106,0.744315,0.744024,0.744234,50
2023-06-02 10:00:00,0.744234,0.744321,0.744224,0.744311,50
2023-06-02 11:00:00,0.744311,0.744753,0.744264,0.744707,50
2023-06-02 12:00:00,0.744707,0.744715,0.744542,0.744550,50
2023-06-02 13:00:00,0.744550,0.745214,0.744447,0.745110,50
2023-06-02 14:00:00,0.745110,0.745201,0.744983,0.745073,50
2023-06-02 15:00:00,0.745073,0.745286,0.744943,0.745156,50
2023-06-02 16:00:00,0.745156,0.745194,0.744879,0.744917,50
2023-06-02 17:00:00,0.744917,0.744977,0.744728,0.744788,50
2023-06-02 18:00:00,0.744788,0.744789,0.744227,0.744228,50
2023-06-02 19:00:00,0.744228,0.744317,0.744148,0.744238,50
2023-06-02 20:00:00,0.744238,0.744766,0.744210,0.744738,50
2023-06-02 21:00:00,0.744738,0.745154,0.744644,0.745060,50
2023-06-02 22:00:00,0.745060,0.745147,0.744718,0.744805,50
2023-06-02 23:00:00,0.744805,0.744870,0.744093,0.744158,50
2023-06-05 00:00:00,0.744158,0.744432,0.744034,0.744308,50
2023-06-05 01:00:00,0.744308,0.744332,0.744089,0.744113,50
2023-06-05 02:00:00,0.744113,0.744212,0.743829,0.743928,50
2023-06-05 03:00:00,0.743928,0.744018,0.743477,0.743567,50
2023-06-05 04:00:00,0.743567,0.743667,0.743557,0.743657,50
2023-06-05 05:00:00,0.743657,0.744037,0.743637,0.744017,50
2023-06-05 06:00:00,0.744017,0.744619,0.743961,0.744564,50
2023-06-05 07:00:00,0.744564,0.744742,0.744522,0.744700,50
2023-06-05 08:00:00,0.744700,0.744812,0.744608,0.744719,50
2023-06-05 09:00:00,0.744719,0.745063,0.744719,0.745062,50
2023-06-05 10:00:00,0.745062,0.745170,0.744984,0.745091,50
2023-06-05 11:00:00,0.745091,0.745141,0.744892,0.744942,50
2023-06-05 12:00:00,0.744942,0.745069,0.744722,0.744850,50
2023-06-05 13:00:00,0.744850,0.744922,0.744749,0.744821,50
2023-06-05 14:00:00,0.744821,0.745242,0.744719,0.745140,50
2023-06-05 15:00:00,0.745140,0.745246,0.744857,0.744963,50
2023-06-05 16:00:00,0.744963,0.745596,0.744885,0.745518,50
2023-06-05 17:00:00,0.745518,0.745546,0.745326,0.745354,50
2023-06-05 18:00:00,0.745354,0.745361,0.745086,0.745093,50
2023-06-05 19:00:00,0.745093,0.745886,0.745009,0.745803,50
2023-06-05 20:00:00,0.745803,0.745877,0.745301,0.745375,50
2023-06-05 21:00:00,0.745375,0.745572,0.745350,0.745547,50
2023-06-05 22:00:00,0.745547,0.745618,0.745054,0.745126,50
2023-06-05 23:00:00,0.745126,0.745292,0.745045,0.745212,50
2023-06-06 00:00:00,0.745212,0.745397,0.745158,0.745343,50
2023-06-06 01:00:00,0.745343,0.745423,0.745315,0.745395,50
2023-06-06 02:00:00,0.745395,0.745441,0.745250,0.745297,50
2023-06-06 03:00:00,0.745297,0.745390,0.744444,0.744538,50
2023-06-06 04:00:00,0.744538,0.744876,0.744466,0.744804,50
2023-06-06 05:00:00,0.744804,0.745169,0.744748,0.745113,50
2023-06-06 06:00:00,0.745113,0.745173,0.745039,0.745098,50
2023-06-06 07:00:00,0.745098,0.745762,0.744989,0.745653,50
2023-06-06 08:00:00,0.745653,0.745675,0.745320,0.745343,50
2023-06-06 09:00:00,0.745343,0.745667,0.745291,0.745616,50
2023-06-06 10:00:00,0.745616,0.745720,0.744975,0.745080,50
2023-06-06 11:00:00,0.745080,0.745168,0.744820,0.744909,50
2023-06-06 12:00:00,0.744909,0.745408,0.744903,0.745402,50
2023-06-06 13:00:00,0.745402,0.745438,0.745299,0.745335,50
2023-06-06 14:00:00,0.745335,0.745460,0.744848,0.744974,50
2023-06-06 15:00:00,0.744974,0.745054,0.744710,0.744791,50
2023-06-06 16:00:00,0.744791,0.744820,0.744573,0.744603,50
2023-06-06 17:00:00,0.744603,0.745411,0.744524,0.745332,50
2023-06-06 18:00:00,0.745332,0.745445,0.744917,0.745030,50
2023-06-06 19:00:00,0.745030,0.745701,0.744901,0.745573,50
2023-06-06 20:00:00,0.745573,0.746711,0.745467,0.746605,50
2023-06-06 21:00:00,0.746605,0.746891,0.746489,0.746776,50
2023-06-06 22:00:00,0.746776,0.746844,0.746042,0.746111,50
2023-06-06 23:00:00,0.746111,0.746179,0.746033,0.746102,50
2023-06-07 00:00:00,0.746102,0.747116,0.745964,0.746978,50
2023-06-07 01:00:00,0.746978,0.747469,0.746883,0.747375,50
2023-06-07 02:00:00,0.747375,0.747658,0.747196,0.747480,50
2023-06-07 03:00:00,0.747480,0.747955,0.747363,0.747838,50
2023-06-07 04:00:00,0.747838,0.747922,0.746991,0.747075,50
2023-06-07 05:00:00,0.747075,0.747125,0.747027,0.747078,50
2023-06-07 06:00:00,0.747078,0.747646,0.746972,0.747541,50
2023-06-07 07:00:00,0.747541,0.747717,0.747340,0.747516,50
2023-06-07 08:00:00,0.747516,0.747592,0.747099,0.747174,50
2023-06-07 09:00:00,0.747174,0.747402,0.747035,0.747263,50
2023-06-07 10:00:00,0.747263,0.747309,0.746789,0.746835,50
2023-06-07 11:00:00,0.746835,0.747114,0.746785,0.747064,50
2023-06-07 12:00:00,0.747064,0.747268,0.747029,0.747233,50
2023-06-07 13:00:00,0.747233,0.747386,0.746971,0.747125,50
2023-06-07 14:00:00,0.747125,0.747254,0.746282,0.746411,50
2023-06-07 15:00:00,0.746411,0.746477,0.745975,0.746041,50
2023-06-07 16:00:00,0.746041,0.746256,0.745880,0.746096,50
2023-06-07 17:00:00,0.746096,0.746223,0.745528,0.745655,50
2023-06-07 18:00:00,0.745655,0.746144,0.745538,0.746027,50
2023-06-07 19:00:00,0.746027,0.746523,0.746022,0.746518,50
2023-06-07 20:00:00,0.746518,0.747789,0.746370,0.747641,50
2023-06-07 21:00:00,0.747641,0.747821,0.747412,0.747591,50
2023-06-07 22:00:00,0.747591,0.748787,0.747585,0.748782,50
2023-06-07 23:00:00,0.748782,0.748824,0.748293,0.748335,50
2023-06-08 00:00:00,0.748335,0.748344,0.748115,0.748124,50
2023-06-08 01:00:00,0.748124,0.748315,0.748040,0.748230,50
2023-06-08 02:00:00,0.748230,0.748672,0.748165,0.748607,50
2023-06-08 03:00:00,0.748607,0.748870,0.748563,0.748827,50
2023-06-08 04:00:00,0.748827,0.748955,0.748455,0.748582,50
2023-06-08 05:00:00,0.748582,0.748800,0.748549,0.748767,50
2023-06-08 06:00:00,0.748767,0.749058,0.748689,0.748981,50
2023-06-08 07:00:00,0.748981,0.748984,0.748693,0.748696,50
2023-06-08 08:00:00,0.748696,0.748815,0.748424,0.748544,50
2023-06-08 09:00:00,0.748544,0.748613,0.748297,0.748366,50
2023-06-08 10:00:00,0.748366,0.748475,0.748125,0.748234,50
2023-06-08 11:00:00,0.748234,0.748345,0.748073,0.748184,50
2023-06-08 12:00:00,0.748184,0.748282,0.747517,0.747615,50
2023-06-08 13:00:00,0.747615,0.747625,0.746834,0.746844,50
2023-06-08 14:00:00,0.746844,0.746933,0.746822,0.746911,50
2023-06-08 15:00:00,0.746911,0.747580,0.746895,0.747564,50
2023-06-08 16:00:00,0.747564,0.747595,0.747116,0.747147,50
2023-06-08 17:00:00,0.747147,0.747281,0.746805,0.746939,50
2023-06-08 18:00:00,0.746939,0.747283,0.746830,0.747174,50
2023-06-08 19:00:00,0.747174,0.747504,0.747040,0.747370,50
2023-06-08 20:00:00,0.747370,0.747423,0.747067,0.747120,50
2023-06-08 21:00:00,0.747120,0.747213,0.746646,0.746738,50
2023-06-08 22:00:00,0.746738,0.746926,0.746665,0.746852,50
2023-06-08 23:00:00,0.746852,0.747518,0.746718,0.747384,50
2023-06-09 00:00:00,0.747384,0.747548,0.747224,0.747388,50
2023-06-09 01:00:00,0.747388,0.747780,0.747290,0.747682,50
2023-06-09 02:00:00,0.747682,0.748460,0.747546,0.748325,50
2023-06-09 03:00:00,0.748325,0.748504,0.747909,0.748087,50
2023-06-09 04:00:00,0.748087,0.748166,0.747761,0.747840,50
2023-06-09 05:00:00,0.747840,0.747862,0.747627,0.747649,50
2023-06-09 06:00:00,0.747649,0.747810,0.747440,0.747602,50
2023-06-09 07:00:00,0.747602,0.747679,0.747553,0.747630,50
2023-06-09 08:00:00,0.747630,0.747926,0.747594,0.747890,50
2023-06-09 09:00:00,0.747890,0.748053,0.747427,0.747590,50
2023-06-09 10:00:00,0.747590,0.747899,0.747582,0.747892,50
2023-06-09 11:00:00,0.747892,0.748013,0.747328,0.747449,50
2023-06-09 12:00:00,0.747449,0.748007,0.747408,0.747966,50
2023-06-09 13:00:00,0.747966,0.748407,0.747956,0.748396,50
2023-06-09 14:00:00,0.748396,0.749458,0.748244,0.749306,50
2023-06-09 15:00:00,0.749306,0.749332,0.748949,0.748975,50
2023-06-09 16:00:00,0.748975,0.749212,0.748906,0.749144,50
2023-06-09 17:00:00,0.749144,0.749154,0.748883,0.748893,50
2023-06-09 18:00:00,0.748893,0.749419,0.748869,0.749394,50
2023-06-09 19:00:00,0.749394,0.749828,0.749271,0.749704,50
2023-06-09 20:00:00,0.749704,0.749903,0.749576,0.749774,50
2023-06-09 21:00:00,0.749774,0.749836,0.749216,0.749277,50
2023-06-09 22:00:00,0.749277,0.749970,0.749133,0.749826,50
2023-06-09 23:00:00,0.749826,0.749935,0.749403,0.749513,50
2023-06-12 00:00:00,0.749513,0.749613,0.748311,0.748410,50
2023-06-12 01:00:00,0.748410,0.748454,0.748210,0.748254,50
2023-06-12 02:00:00,0.748254,0.748279,0.748053,0.748078,50
2023-06-12 03:00:00,0.748078,0.748267,0.748032,0.748221,50
2023-06-12 04:00:00,0.748221,0.748358,0.748047,0.748185,50
2023-06-12 05:00:00,0.748185,0.748338,0.747675,0.747828,50
2023-06-12 06:00:00,0.747828,0.747859,0.747129,0.747160,50
2023-06-12 07:00:00,0.747160,0.747838,0.747010,0.747689,50
2023-06-12 08:00:00,0.747689,0.748054,0.747589,0.747953,50
2023-06-12 09:00:00,0.747953,0.747988,0.747315,0.747350,50
2023-06-12 10:00:00,0.747350,0.747412,0.747201,0.747262,50
2023-06-12 11:00:00,0.747262,0.747656,0.747238,0.747631,50
2023-06-12 12:00:00,0.747631,0.748166,0.747566,0.748101,50
2023-06-12 13:00:00,0.748101,0.749046,0.748082,0.749027,50
2023-06-12 14:00:00,0.749027,0.749118,0.748182,0.748273,50
2023-06-12 15:00:00,0.748273,0.748422,0.747361,0.747510,50
2023-06-12 16:00:00,0.747510,0.747517,0.747323,0.747329,50
2023-06-12 17:00:00,0.747329,0.747399,0.747300,0.747370,50
2023-06-12 18:00:00,0.747370,0.748038,0.747334,0.748002,50
2023-06-12 19:00:00,0.748002,0.748033,0.747672,0.747703,50
2023-06-12 20:00:00,0.747703,0.747933,0.747654,0.747883,50
2023-06-12 21:00:00,0.747883,0.748157,0.747808,0.748081,50
2023-06-12 22:00:00,0.748081,0.748807,0.747992,0.748717,50
2023-06-12 23:00:00,0.748717,0.748810,0.747459,0.747552,50
2023-06-13 00:00:00,0.747552,0.747640,0.746957,0.747045,50
2023-06-13 01:00:00,0.747045,0.748115,0.746769,0.747839,50
2023-06-13 02:00:00,0.747839,0.748191,0.746969,0.747320,50
2023-06-13 03:00:00,0.747320,0.747925,0.746968,0.747572,50
2023-06-13 04:00:00,0.747572,0.748634,0.747554,0.748616,50
2023-06-13 05:00:00,0.748616,0.749211,0.748255,0.748850,50
2023-06-13 06:00:00,0.748850,0.749452,0.748750,0.749352,50
2023-06-13 07:00:00,0.749352,0.749683,0.748829,0.749160,50
2023-06-13 08:00:00,0.749160,0.749881,0.748916,0.749638,50
2023-06-13 09:00:00,0.749638,0.749698,0.748137,0.748197,50
2023-06-13 10:00:00,0.748197,0.748496,0.747827,0.748127,50
2023-06-13 11:00:00,0.748127,0.748389,0.747105,0.747368,50
2023-06-13 12:00:00,0.747368,0.748573,0.747139,0.748345,50
2023-06-13 13:00:00,0.748345,0.749389,0.747975,0.749020,50
2023-06-13 14:00:00,0.749020,0.749338,0.748674,0.748992,50
2023-06-13 15:00:00,0.748992,0.749056,0.748952,0.749016,50
2023-06-13 16:00:00,0.749016,0.749644,0.748831,0.749460,50
2023-06-13 17:00:00,0.749460,0.750286,0.749368,0.750194,50
2023-06-13 18:00:00,0.750194,0.750586,0.749982,0.750374,50
2023-06-13 19:00:00,0.750374,0.751240,0.750372,0.751238,50
2023-06-13 20:00:00,0.751238,0.751954,0.750905,0.751621,50
2023-06-13 21:00:00,0.751621,0.752340,0.751503,0.752222,50
2023-06-13 22:00:00,0.752222,0.752572,0.751751,0.752100,50
2023-06-13 23:00:00,0.752100,0.752351,0.751742,0.751993,50
2023-06-14 00:00:00,0.751993,0.752986,0.751863,0.752856,50
2023-06-14 01:00:00,0.752856,0.753024,0.752844,0.753011,50
2023-06-14 02:00:00,0.753011,0.753097,0.752079,0.752165,50
2023-06-14 03:00:00,0.752165,0.752648,0.752117,0.752599,50
2023-06-14 04:00:00,0.752599,0.752754,0.752513,0.752667,50
2023-06-14 05:00:00,0.752667,0.752785,0.751971,0.752089,50
2023-06-14 06:00:00,0.752089,0.752302,0.752044,0.752258,50
2023-06-14 07:00:00,0.752258,0.752307,0.751801,0.751851,50
2023-06-14 08:00:00,0.751851,0.752360,0.751791,0.752300,50
2023-06-14 09:00:00,0.752300,0.752410,0.751966,0.752077,50
2023-06-14 10:00:00,0.752077,0.752164,0.751201,0.751288,50
2023-06-14 11:00:00,0.751288,0.751342,0.751265,0.751319,50
2023-06-14 12:00:00,0.751319,0.751887,0.751284,0.751853,50
2023-06-14 13:00:00,0.751853,0.752095,0.751812,0.752054,50
2023-06-14 14:00:00,0.752054,0.752372,0.751994,0.752312,50
2023-06-14 15:00:00,0.752312,0.752612,0.752182,0.752482,50
2023-06-14 16:00:00,0.752482,0.752588,0.752404,0.752510,50
2023-06-14 17:00:00,0.752510,0.752597,0.752304,0.752391,50
2023-06-14 18:00:00,0.752391,0.752402,0.752084,0.752095,50
2023-06-14 19:00:00,0.752095,0.752180,0.751970,0.752055,50
2023-06-14 20:00:00,0.752055,0.752851,0.751948,0.752744,50
2023-06-14 21:00:00,0.752744,0.753202,0.752651,0.753109,50
2023-06-14 22:00:00,0.753109,0.753597,0.753050,0.753538,50
2023-06-14 23:00:00,0.753538,0.753663,0.752717,0.752842,50
2023-06-15 00:00:00,0.752842,0.755031,0.752808,0.754997,50
2023-06-15 01:00:00,0.754997,0.755086,0.754190,0.754280,50
2023-06-15 02:00:00,0.754280,0.754449,0.753804,0.753974,50
2023-06-15 03:00:00,0.753974,0.754266,0.753970,0.754262,50
2023-06-15 04:00:00,0.754262,0.754791,0.754170,0.754698,50
2023-06-15 05:00:00,0.754698,0.755866,0.754637,0.755804,50
2023-06-15 06:00:00,0.755804,0.755837,0.754772,0.754805,50
2023-06-15 07:00:00,0.754805,0.754894,0.754637,0.754726,50
2023-06-15 08:00:00,0.754726,0.754817,0.753665,0.753756,50
2023-06-15 09:00:00,0.753756,0.753873,0.752844,0.752962,50
2023-06-15 10:00:00,0.752962,0.753083,0.752699,0.752820,50
2023-06-15 11:00:00,0.752820,0.752967,0.752421,0.752567,50
2023-06-15 12:00:00,0.752567,0.753213,0.752377,0.753024,50
2023-06-15 13:00:00,0.753024,0.753078,0.752555,0.752610,50
2023-06-15 14:00:00,0.752610,0.752706,0.752223,0.752319,50
2023-06-15 15:00:00,0.752319,0.752852,0.752219,0.752753,50
2023-06-15 16:00:00,0.752753,0.753311,0.752734,0.753292,50
2023-06-15 17:00:00,0.753292,0.753506,0.752883,0.753096,50
2023-06-15 18:00:00,0.753096,0.755157,0.753017,0.755078,50
2023-06-15 19:00:00,0.755078,0.755220,0.754596,0.754738,50
2023-06-15 20:00:00,0.754738,0.754764,0.754709,0.754735,50
2023-06-15 21:00:00,0.754735,0.754907,0.754705,0.754877,50
2023-06-15 22:00:00,0.754877,0.755277,0.754701,0.755102,50
2023-06-15 23:00:00,0.755102,0.755674,0.754887,0.755458,50
2023-06-16 00:00:00,0.755458,0.755812,0.755381,0.755734,50
2023-06-16 01:00:00,0.755734,0.755886,0.754814,0.754966,50
2023-06-16 02:00:00,0.754966,0.755317,0.754879,0.755230,50
2023-06-16 03:00:00,0.755230,0.755368,0.755187,0.755326,50
2023-06-16 04:00:00,0.755326,0.755451,0.755075,0.755200,50
2023-06-16 05:00:00,0.755200,0.755765,0.755124,0.755689,50
2023-06-16 06:00:00,0.755689,0.755729,0.755646,0.755685,50
2023-06-16 07:00:00,0.755685,0.756148,0.755660,0.756122,50
2023-06-16 08:00:00,0.756122,0.757245,0.755949,0.757073,50
2023-06-16 09:00:00,0.757073,0.757503,0.757063,0.757493,50
2023-06-16 10:00:00,0.757493,0.757926,0.757292,0.757726,50
2023-06-16 11:00:00,0.757726,0.758054,0.757574,0.757901,50
2023-06-16 12:00:00,0.757901,0.758183,0.757749,0.758031,50
2023-06-16 13:00:00,0.758031,0.758585,0.757858,0.758413,50
2023-06-16 14:00:00,0.758413,0.758476,0.757727,0.757790,50
2023-06-16 15:00:00,0.757790,0.757867,0.756953,0.757031,50
2023-06-16 16:00:00,0.757031,0.757144,0.756793,0.756906,50
2023-06-16 17:00:00,0.756906,0.757066,0.756293,0.756454,50
2023-06-16 18:00:00,0.756454,0.756475,0.755353,0.755374,50
2023-06-16 19:00:00,0.755374,0.755474,0.754956,0.755055,50
2023-06-16 20:00:00,0.755055,0.755561,0.755033,0.755539,50
2023-06-16 21:00:00,0.755539,0.755931,0.755388,0.755780,50
2023-06-16 22:00:00,0.755780,0.756468,0.755742,0.756430,50
2023-06-16 23:00:00,0.756430,0.758109,0.756241,0.757920,50
2023-06-20 00:00:00,0.757920,0.758035,0.756394,0.756509,50
2023-06-20 01:00:00,0.756509,0.757931,0.756372,0.757795,50
2023-06-20 02:00:00,0.757795,0.758387,0.757651,0.758244,50
2023-06-20 03:00:00,0.758244,0.758604,0.758155,0.758515,50
2023-06-20 04:00:00,0.758515,0.758525,0.758483,0.758492,50
2023-06-20 05:00:00,0.758492,0.758625,0.757886,0.758018,50
2023-06-20 06:00:00,0.758018,0.758022,0.757238,0.757241,50
2023-06-20 07:00:00,0.757241,0.757340,0.756399,0.756498,50
2023-06-20 08:00:00,0.756498,0.756515,0.755177,0.755194,50
2023-06-20 09:00:00,0.755194,0.755279,0.754985,0.755070,50
2023-06-20 10:00:00,0.755070,0.755550,0.754826,0.755306,50
2023-06-20 11:00:00,0.755306,0.755327,0.754621,0.754641,50
2023-06-20 12:00:00,0.754641,0.755596,0.754466,0.755421,50
2023-06-20 13:00:00,0.755421,0.755554,0.755375,0.755508,50
2023-06-20 14:00:00,0.755508,0.755586,0.754315,0.754394,50
2023-06-20 15:00:00,0.754394,0.754529,0.754214,0.754350,50
2023-06-20 16:00:00,0.754350,0.754747,0.754314,0.754712,50
2023-06-20 17:00:00,0.754712,0.754795,0.754535,0.754618,50
2023-06-20 18:00:00,0.754618,0.755083,0.754519,0.754984,50
2023-06-20 19:00:00,0.754984,0.755025,0.754858,0.754900,50
2023-06-20 20:00:00,0.754900,0.755126,0.754654,0.754881,50
2023-06-20 21:00:00,0.754881,0.754953,0.754771,0.754844,50
2023-06-20 22:00:00,0.754844,0.755066,0.754718,0.754940,50
2023-06-20 23:00:00,0.754940,0.755091,0.754793,0.754945,50
2023-06-21 00:00:00,0.754945,0.757818,0.754758,0.757631,50
2023-06-21 01:00:00,0.757631,0.757904,0.756234,0.756508,50
2023-06-21 02:00:00,0.756508,0.757203,0.756256,0.756951,50
2023-06-21 03:00:00,0.756951,0.757181,0.756674,0.756903,50
2023-06-21 04:00:00,0.756903,0.757057,0.755079,0.755232,50
2023-06-21 05:00:00,0.755232,0.755441,0.753969,0.754177,50
2023-06-21 06:00:00,0.754177,0.754830,0.754010,0.754662,50
2023-06-21 07:00:00,0.754662,0.754957,0.754115,0.754409,50
2023-06-21 08:00:00,0.754409,0.755329,0.754269,0.755189,50
2023-06-21 09:00:00,0.755189,0.755372,0.754986,0.755168,50
2023-06-21 10:00:00,0.755168,0.755527,0.755032,0.755390,50
2023-06-21 11:00:00,0.755390,0.755871,0.755339,0.755820,50
2023-06-21 12:00:00,0.755820,0.757444,0.755749,0.757372,50
2023-06-21 13:00:00,0.757372,0.757530,0.756341,0.756500,50
2023-06-21 14:00:00,0.756500,0.758296,0.756381,0.758177,50
2023-06-21 15:00:00,0.758177,0.758197,0.757927,0.757947,50
2023-06-21 16:00:00,0.757947,0.758227,0.757781,0.758061,50
2023-06-21 17:00:00,0.758061,0.758380,0.756506,0.756825,50
2023-06-21 18:00:00,0.756825,0.757231,0.756565,0.756972,50
2023-06-21 19:00:00,0.756972,0.757464,0.756875,0.757367,50
2023-06-21 20:00:00,0.757367,0.758600,0.757196,0.758428,50
2023-06-21 21:00:00,0.758428,0.758995,0.758293,0.758860,50
2023-06-21 22:00:00,0.758860,0.759716,0.758695,0.759551,50
2023-06-21 23:00:00,0.759551,0.759683,0.758651,0.758783,50
2023-06-22 00:00:00,0.758783,0.758954,0.758649,0.758820,50
2023-06-22 01:00:00,0.758820,0.758878,0.758488,0.758546,50
2023-06-22 02:00:00,0.758546,0.758608,0.758014,0.758076,50
2023-06-22 03:00:00,0.758076,0.758802,0.758010,0.758737,50
2023-06-22 04:00:00,0.758737,0.758781,0.758202,0.758246,50
2023-06-22 05:00:00,0.758246,0.758494,0.758246,0.758494,50
2023-06-22 06:00:00,0.758494,0.759696,0.758440,0.759642,50
2023-06-22 07:00:00,0.759642,0.759646,0.759210,0.759214,50
2023-06-22 08:00:00,0.759214,0.759958,0.759160,0.759903,50
2023-06-22 09:00:00,0.759903,0.760342,0.759803,0.760241,50
2023-06-22 10:00:00,0.760241,0.760299,0.759193,0.759251,50
2023-06-22 11:00:00,0.759251,0.759314,0.758869,0.758933,50
2023-06-22 12:00:00,0.758933,0.759257,0.758805,0.759129,50
2023-06-22 13:00:00,0.759129,0.759232,0.759127,0.759230,50
2023-06-22 14:00:00,0.759230,0.760400,0.759184,0.760355,50
2023-06-22 15:00:00,0.760355,0.760373,0.759780,0.759798,50
2023-06-22 16:00:00,0.759798,0.759860,0.759502,0.759564,50
2023-06-22 17:00:00,0.759564,0.759615,0.759249,0.759300,50
2023-06-22 18:00:00,0.759300,0.759785,0.759242,0.759727,50
2023-06-22 19:00:00,0.759727,0.759829,0.759464,0.759565,50
2023-06-22 20:00:00,0.759565,0.759692,0.758819,0.758945,50
2023-06-22 21:00:00,0.758945,0.759058,0.758228,0.758341,50
2023-06-22 22:00:00,0.758341,0.758654,0.758215,0.758529,50
2023-06-22 23:00:00,0.758529,0.759682,0.758494,0.759648,50
2023-06-23 00:00:00,0.759648,0.759695,0.758885,0.758933,50
2023-06-23 01:00:00,0.758933,0.758975,0.758236,0.758279,50
2023-06-23 02:00:00,0.758279,0.758337,0.758084,0.758142,50
2023-06-23 03:00:00,0.758142,0.758916,0.758141,0.758915,50
2023-06-23 04:00:00,0.758915,0.759480,0.758819,0.759385,50
2023-06-23 05:00:00,0.759385,0.759480,0.759314,0.759410,50
2023-06-23 06:00:00,0.759410,0.759422,0.759069,0.759082,50
2023-06-23 07:00:00,0.759082,0.759493,0.759052,0.759464,50
2023-06-23 08:00:00,0.759464,0.759677,0.759358,0.759572,50
2023-06-23 09:00:00,0.759572,0.760049,0.759539,0.760016,50
2023-06-23 10:00:00,0.760016,0.760150,0.759075,0.759209,50
2023-06-23 11:00:00,0.759209,0.759272,0.759116,0.759179,50
2023-06-23 12:00:00,0.759179,0.759260,0.758568,0.758649,50
2023-06-23 13:00:00,0.758649,0.758904,0.758507,0.758762,50
2023-06-23 14:00:00,0.758762,0.759112,0.758654,0.759004,50
2023-06-23 15:00:00,0.759004,0.759297,0.758962,0.759255,50
2023-06-23 16:00:00,0.759255,0.759300,0.758983,0.759028,50
2023-06-23 17:00:00,0.759028,0.759145,0.758299,0.758415,50
2023-06-23 18:00:00,0.758415,0.758527,0.758308,0.758419,50
2023-06-23 19:00:00,0.758419,0.758527,0.758343,0.758451,50
2023-06-23 20:00:00,0.758451,0.758524,0.757959,0.758032,50
2023-06-23 21:00:00,0.758032,0.758130,0.758016,0.758114,50
2023-06-23 22:00:00,0.758114,0.758168,0.757665,0.757718,50
2023-06-23 23:00:00,0.757718,0.757915,0.757609,0.757805,50
2023-06-26 00:00:00,0.757805,0.760564,0.757638,0.760397,50
2023-06-26 01:00:00,0.760397,0.760413,0.759810,0.759825,50
2023-06-26 02:00:00,0.759825,0.760503,0.759671,0.760349,50
2023-06-26 03:00:00,0.760349,0.760632,0.760147,0.760430,50
2023-06-26 04:00:00,0.760430,0.760505,0.760421,0.760495,50
2023-06-26 05:00:00,0.760495,0.760973,0.760437,0.760914,50
2023-06-26 06:00:00,0.760914,0.761377,0.760871,0.761334,50
2023-06-26 07:00:00,0.761334,0.761444,0.760902,0.761012,50
2023-06-26 08:00:00,0.761012,0.761057,0.760657,0.760702,50
2023-06-26 09:00:00,0.760702,0.760825,0.760124,0.760247,50
2023-06-26 10:00:00,0.760247,0.760257,0.759469,0.759478,50
2023-06-26 11:00:00,0.759478,0.759705,0.758907,0.759133,50
2023-06-26 12:00:00,0.759133,0.759248,0.758786,0.758901,50
2023-06-26 13:00:00,0.758901,0.759002,0.758107,0.758209,50
2023-06-26 14:00:00,0.758209,0.758441,0.757721,0.757953,50
2023-06-26 15:00:00,0.757953,0.758012,0.757159,0.757217,50
2023-06-26 16:00:00,0.757217,0.758275,0.757071,0.758128,50
2023-06-26 17:00:00,0.758128,0.758414,0.757939,0.758224,50
2023-06-26 18:00:00,0.758224,0.758798,0.758156,0.758730,50
2023-06-26 19:00:00,0.758730,0.759355,0.758563,0.759188,50
2023-06-26 20:00:00,0.759188,0.759982,0.758949,0.759742,50
2023-06-26 21:00:00,0.759742,0.760062,0.759651,0.759971,50
2023-06-26 22:00:00,0.759971,0.760195,0.759700,0.759924,50
2023-06-26 23:00:00,0.759924,0.760887,0.759782,0.760746,50
2023-06-27 00:00:00,0.760746,0.761100,0.760677,0.761032,50
2023-06-27 01:00:00,0.761032,0.761189,0.760896,0.761054,50
2023-06-27 02:00:00,0.761054,0.761070,0.760721,0.760737,50
2023-06-27 03:00:00,0.760737,0.760820,0.760497,0.760580,50
2023-06-27 04:00:00,0.760580,0.760586,0.759974,0.759979,50
2023-06-27 05:00:00,0.759979,0.760030,0.759918,0.759969,50
2023-06-27 06:00:00,0.759969,0.759974,0.759900,0.759905,50
2023-06-27 07:00:00,0.759905,0.759933,0.759833,0.759861,50
2023-06-27 08:00:00,0.759861,0.759968,0.759529,0.759635,50
2023-06-27 09:00:00,0.759635,0.759750,0.759503,0.759618,50
2023-06-27 10:00:00,0.759618,0.759698,0.759562,0.759642,50
2023-06-27 11:00:00,0.759642,0.759749,0.759380,0.759486,50
2023-06-27 12:00:00,0.759486,0.759533,0.759435,0.759481,50
2023-06-27 13:00:00,0.759481,0.759548,0.759290,0.759357,50
2023-06-27 14:00:00,0.759357,0.759627,0.759237,0.759507,50
2023-06-27 15:00:00,0.759507,0.759642,0.759177,0.759311,50
2023-06-27 16:00:00,0.759311,0.759426,0.759123,0.759237,50
2023-06-27 17:00:00,0.759237,0.759518,0.759172,0.759452,50
2023-06-27 18:00:00,0.759452,0.759493,0.759214,0.759254,50
2023-06-27 19:00:00,0.759254,0.759275,0.759157,0.759179,50
2023-06-27 20:00:00,0.759179,0.759334,0.759038,0.759194,50
2023-06-27 21:00:00,0.759194,0.759225,0.758896,0.758927,50
2023-06-27 22:00:00,0.758927,0.759000,0.758594,0.758667,50
2023-06-27 23:00:00,0.758667,0.759106,0.758574,0.759013,50
2023-06-28 00:00:00,0.759013,0.759311,0.758243,0.758541,50
2023-06-28 01:00:00,0.758541,0.758642,0.758191,0.758292,50
2023-06-28 02:00:00,0.758292,0.758454,0.758066,0.758228,50
2023-06-28 03:00:00,0.758228,0.758346,0.757735,0.757852,50
2023-06-28 04:00:00,0.757852,0.758046,0.756777,0.756970,50
2023-06-28 05:00:00,0.756970,0.757798,0.756825,0.757653,50
2023-06-28 06:00:00,0.757653,0.758380,0.757639,0.758366,50
2023-06-28 07:00:00,0.758366,0.759190,0.758275,0.759099,50
2023-06-28 08:00:00,0.759099,0.759256,0.757217,0.757373,50
2023-06-28 09:00:00,0.757373,0.757396,0.756108,0.756131,50
2023-06-28 10:00:00,0.756131,0.757180,0.755801,0.756851,50
2023-06-28 11:00:00,0.756851,0.756894,0.754959,0.755003,50
2023-06-28 12:00:00,0.755003,0.755290,0.754981,0.755268,50
2023-06-28 13:00:00,0.755268,0.755466,0.754455,0.754653,50
2023-06-28 14:00:00,0.754653,0.754783,0.753844,0.753974,50
2023-06-28 15:00:00,0.753974,0.754885,0.753793,0.754703,50
2023-06-28 16:00:00,0.754703,0.754811,0.753818,0.753926,50
2023-06-28 17:00:00,0.753926,0.754529,0.753742,0.754345,50
2023-06-28 18:00:00,0.754345,0.754554,0.754143,0.754352,50
2023-06-28 19:00:00,0.754352,0.754729,0.754115,0.754492,50
2023-06-28 20:00:00,0.754492,0.755148,0.754380,0.755036,50
2023-06-28 21:00:00,0.755036,0.755113,0.754785,0.754862,50
2023-06-28 22:00:00,0.754862,0.755431,0.754808,0.755378,50
2023-06-28 23:00:00,0.755378,0.755409,0.754742,0.754774,50
2023-06-29 00:00:00,0.754774,0.754872,0.753629,0.753727,50
2023-06-29 01:00:00,0.753727,0.753816,0.753717,0.753806,50
2023-06-29 02:00:00,0.753806,0.754381,0.753690,0.754264,50
2023-06-29 03:00:00,0.754264,0.754603,0.754187,0.754526,50
2023-06-29 04:00:00,0.754526,0.754557,0.754459,0.754490,50
2023-06-29 05:00:00,0.754490,0.754682,0.754392,0.754584,50
2023-06-29 06:00:00,0.754584,0.754605,0.754255,0.754276,50
2023-06-29 07:00:00,0.754276,0.754899,0.754218,0.754840,50
2023-06-29 08:00:00,0.754840,0.755365,0.754830,0.755354,50
2023-06-29 09:00:00,0.755354,0.755791,0.755262,0.755699,50
2023-06-29 10:00:00,0.755699,0.755823,0.755345,0.755470,50
2023-06-29 11:00:00,0.755470,0.756019,0.755421,0.755970,50
2023-06-29 12:00:00,0.755970,0.756098,0.755864,0.755992,50
2023-06-29 13:00:00,0.755992,0.756039,0.755800,0.755848,50
2023-06-29 14:00:00,0.755848,0.755895,0.755356,0.755403,50
2023-06-29 15:00:00,0.755403,0.755451,0.754927,0.754974,50
2023-06-29 16:00:00,0.754974,0.755177,0.754879,0.755081,50
2023-06-29 17:00:00,0.755081,0.755381,0.755079,0.755379,50
2023-06-29 18:00:00,0.755379,0.755725,0.755304,0.755650,50
2023-06-29 19:00:00,0.755650,0.755713,0.755412,0.755476,50
2023-06-29 20:00:00,0.755476,0.755556,0.755025,0.755105,50
2023-06-29 21:00:00,0.755105,0.755166,0.755076,0.755136,50
2023-06-29 22:00:00,0.755136,0.755181,0.754958,0.755003,50
2023-06-29 23:00:00,0.755003,0.755095,0.754853,0.754945,50
2023-06-30 00:00:00,0.754945,0.756040,0.754857,0.755952,50
2023-06-30 01:00:00,0.755952,0.755954,0.755655,0.755657,50
2023-06-30 02:00:00,0.755657,0.756168,0.755564,0.756075,50
2023-06-30 03:00:00,0.756075,0.756150,0.755667,0.755742,50
2023-06-30 04:00:00,0.755742,0.755823,0.755671,0.755753,50
2023-06-30 05:00:00,0.755753,0.755787,0.755382,0.755417,50
2023-06-30 06:00:00,0.755417,0.755497,0.755201,0.755281,50
2023-06-30 07:00:00,0.755281,0.755410,0.754081,0.754211,50
2023-06-30 08:00:00,0.754211,0.754615,0.754161,0.754566,50
2023-06-30 09:00:00,0.754566,0.755403,0.754551,0.755389,50
2023-06-30 10:00:00,0.755389,0.755665,0.755270,0.755546,50
2023-06-30 11:00:00,0.755546,0.755575,0.755290,0.755320,50
2023-06-30 12:00:00,0.755320,0.755507,0.755306,0.755493,50
2023-06-30 13:00:00,0.755493,0.756584,0.755387,0.756478,50
2023-06-30 14:00:00,0.756478,0.756568,0.755556,0.755647,50
2023-06-30 15:00:00,0.755647,0.755862,0.755530,0.755746,50
2023-06-30 16:00:00,0.755746,0.756082,0.755628,0.755964,50
2023-06-30 17:00:00,0.755964,0.756397,0.755913,0.756346,50
2023-06-30 18:00:00,0.756346,0.756417,0.756140,0.756211,50
2023-06-30 19:00:00,0.756211,0.756352,0.756193,0.756334,50
2023-06-30 20:00:00,0.756334,0.756430,0.755900,0.755997,50
2023-06-30 21:00:00,0.755997,0.756079,0.755403,0.755485,50
2023-06-30 22:00:00,0.755485,0.755822,0.755368,0.755704,50
2023-06-30 23:00:00,0.755704,0.755872,0.755575,0.755744,50
2023-07-03 00:00:00,0.755744,0.755838,0.755070,0.755163,50
2023-07-03 01:00:00,0.755163,0.755439,0.755156,0.755432,50
2023-07-03 02:00:00,0.755432,0.755527,0.755227,0.755322,50
2023-07-03 03:00:00,0.755322,0.755613,0.755247,0.755538,50
2023-07-03 04:00:00,0.755538,0.756291,0.755535,0.756288,50
2023-07-03 05:00:00,0.756288,0.756480,0.756175,0.756367,50
2023-07-03 06:00:00,0.756367,0.756377,0.755146,0.755157,50
2023-07-03 07:00:00,0.755157,0.755232,0.754705,0.754780,50
2023-07-03 08:00:00,0.754780,0.754887,0.754190,0.754297,50
2023-07-03 09:00:00,0.754297,0.754509,0.754168,0.754379,50
2023-07-03 10:00:00,0.754379,0.754929,0.754367,0.754917,50
2023-07-03 11:00:00,0.754917,0.755230,0.754840,0.755153,50
2023-07-03 12:00:00,0.755153,0.756252,0.755129,0.756228,50
2023-07-03 13:00:00,0.756228,0.756594,0.756197,0.756562,50
2023-07-03 14:00:00,0.756562,0.756582,0.755548,0.755568,50
2023-07-03 15:00:00,0.755568,0.755655,0.754438,0.754525,50
2023-07-03 16:00:00,0.754525,0.755409,0.754401,0.755285,50
2023-07-03 17:00:00,0.755285,0.755885,0.755214,0.755815,50
2023-07-03 18:00:00,0.755815,0.755901,0.755498,0.755585,50
2023-07-03 19:00:00,0.755585,0.755668,0.755107,0.755189,50
2023-07-03 20:00:00,0.755189,0.755639,0.755136,0.755586,50
2023-07-03 21:00:00,0.755586,0.755655,0.754400,0.754469,50
2023-07-03 22:00:00,0.754469,0.754530,0.754382,0.754443,50
2023-07-03 23:00:00,0.754443,0.755199,0.754360,0.755116,50
2023-07-05 00:00:00,0.755116,0.755184,0.754104,0.754173,50
2023-07-05 01:00:00,0.754173,0.754249,0.753426,0.753503,50
2023-07-05 02:00:00,0.753503,0.753774,0.753444,0.753716,50
2023-07-05 03:00:00,0.753716,0.753953,0.753675,0.753912,50
2023-07-05 04:00:00,0.753912,0.754351,0.753901,0.754340,50
2023-07-05 05:00:00,0.754340,0.754405,0.754291,0.754356,50
2023-07-05 06:00:00,0.754356,0.754386,0.754047,0.754077,50
2023-07-05 07:00:00,0.754077,0.754124,0.753964,0.754011,50
2023-07-05 08:00:00,0.754011,0.754298,0.753902,0.754189,50
2023-07-05 09:00:00,0.754189,0.754533,0.754094,0.754438,50
2023-07-05 10:00:00,0.754438,0.754470,0.754129,0.754161,50
2023-07-05 11:00:00,0.754161,0.754293,0.753797,0.753929,50
2023-07-05 12:00:00,0.753929,0.754470,0.753925,0.754466,50
2023-07-05 13:00:00,0.754466,0.754560,0.754015,0.754108,50
2023-07-05 14:00:00,0.754108,0.754755,0.754017,0.754664,50
2023-07-05 15:00:00,0.754664,0.755573,0.754540,0.755450,50
2023-07-05 16:00:00,0.755450,0.755503,0.755021,0.755075,50
2023-07-05 17:00:00,0.755075,0.755104,0.754696,0.754724,50
2023-07-05 18:00:00,0.754724,0.754775,0.754633,0.754684,50
2023-07-05 19:00:00,0.754684,0.754922,0.754642,0.754880,50
2023-07-05 20:00:00,0.754880,0.754923,0.754061,0.754104,50
2023-07-05 21:00:00,0.754104,0.754169,0.753888,0.753954,50
2023-07-05 22:00:00,0.753954,0.754076,0.753067,0.753189,50
2023-07-05 23:00:00,0.753189,0.753645,0.753067,0.753523,50
2023-07-06 00:00:00,0.753523,0.753994,0.753235,0.753706,50
2023-07-06 01:00:00,0.753706,0.754237,0.753421,0.753952,50
2023-07-06 02:00:00,0.753952,0.754595,0.753805,0.754448,50
2023-07-06 03:00:00,0.754448,0.754490,0.753565,0.753607,50
2023-07-06 04:00:00,0.753607,0.753777,0.753107,0.753277,50
2023-07-06 05:00:00,0.753277,0.753663,0.752027,0.752413,50
2023-07-06 06:00:00,0.752413,0.753073,0.752331,0.752991,50
2023-07-06 07:00:00,0.752991,0.753040,0.751924,0.751973,50
2023-07-06 08:00:00,0.751973,0.752361,0.751597,0.751984,50
2023-07-06 09:00:00,0.751984,0.753138,0.751637,0.752791,50
2023-07-06 10:00:00,0.752791,0.752847,0.752699,0.752755,50
2023-07-06 11:00:00,0.752755,0.753023,0.752253,0.752520,50
2023-07-06 12:00:00,0.752520,0.752906,0.750388,0.750774,50
2023-07-06 13:00:00,0.750774,0.751731,0.750385,0.751342,50
2023-07-06 14:00:00,0.751342,0.752242,0.751017,0.751917,50
2023-07-06 15:00:00,0.751917,0.752186,0.750990,0.751259,50
2023-07-06 16:00:00,0.751259,0.751306,0.750279,0.750325,50
2023-07-06 17:00:00,0.750325,0.751221,0.749938,0.750834,50
2023-07-06 18:00:00,0.750834,0.752229,0.750622,0.752017,50
2023-07-06 19:00:00,0.752017,0.752053,0.751045,0.751081,50
2023-07-06 20:00:00,0.751081,0.751294,0.750984,0.751197,50
2023-07-06 21:00:00,0.751197,0.751485,0.750208,0.750496,50
2023-07-06 22:00:00,0.750496,0.750658,0.748271,0.748433,50
2023-07-06 23:00:00,0.748433,0.749000,0.748328,0.748895,50
2023-07-07 00:00:00,0.748895,0.751191,0.748746,0.751041,50
2023-07-07 01:00:00,0.751041,0.751083,0.750800,0.750842,50
2023-07-07 02:00:00,0.750842,0.751016,0.749918,0.750092,50
2023-07-07 03:00:00,0.750092,0.750706,0.749881,0.750495,50
2023-07-07 04:00:00,0.750495,0.751060,0.750273,0.750838,50
2023-07-07 05:00:00,0.750838,0.750892,0.749209,0.749263,50
2023-07-07 06:00:00,0.749263,0.749525,0.749139,0.749401,50
2023-07-07 07:00:00,0.749401,0.749653,0.747866,0.748117,50
2023-07-07 08:00:00,0.748117,0.750503,0.747817,0.750202,50
2023-07-07 09:00:00,0.750202,0.750358,0.749554,0.749710,50
2023-07-07 10:00:00,0.749710,0.749992,0.748898,0.749180,50
2023-07-07 11:00:00,0.749180,0.749341,0.748668,0.748828,50
2023-07-07 12:00:00,0.748828,0.748971,0.748673,0.748815,50
2023-07-07 13:00:00,0.748815,0.749233,0.748618,0.749036,50
2023-07-07 14:00:00,0.749036,0.749303,0.748916,0.749183,50
2023-07-07 15:00:00,0.749183,0.749656,0.749100,0.749573,50
2023-07-07 16:00:00,0.749573,0.751206,0.749278,0.750911,50
2023-07-07 17:00:00,0.750911,0.751785,0.750671,0.751546,50
2023-07-07 18:00:00,0.751546,0.751774,0.750965,0.751193,50
2023-07-07 19:00:00,0.751193,0.751331,0.750500,0.750638,50
2023-07-07 20:00:00,0.750638,0.751657,0.750489,0.751509,50
2023-07-07 21:00:00,0.751509,0.752991,0.751443,0.752925,50
2023-07-07 22:00:00,0.752925,0.753003,0.752811,0.752888,50
2023-07-07 23:00:00,0.752888,0.752897,0.752776,0.752785,50
2023-07-10 00:00:00,0.752785,0.752896,0.752642,0.752752,50
2023-07-10 01:00:00,0.752752,0.752835,0.752410,0.752493,50
2023-07-10 02:00:00,0.752493,0.752537,0.752237,0.752281,50
2023-07-10 03:00:00,0.752281,0.752395,0.752165,0.752279,50
2023-07-10 04:00:00,0.752279,0.752334,0.752138,0.752192,50
2023-07-10 05:00:00,0.752192,0.752302,0.751631,0.751741,50
2023-07-10 06:00:00,0.751741,0.751944,0.751646,0.751850,50
2023-07-10 07:00:00,0.751850,0.751903,0.751810,0.751863,50
2023-07-10 08:00:00,0.751863,0.752260,0.751789,0.752186,50
2023-07-10 09:00:00,0.752186,0.752735,0.752056,0.752605,50
2023-07-10 10:00:00,0.752605,0.752717,0.752180,0.752291,50
2023-07-10 11:00:00,0.752291,0.752377,0.752053,0.752138,50
2023-07-10 12:00:00,0.752138,0.752396,0.752082,0.752340,50
2023-07-10 13:00:00,0.752340,0.752962,0.752330,0.752952,50
2023-07-10 14:00:00,0.752952,0.752988,0.752310,0.752346,50
2023-07-10 15:00:00,0.752346,0.752774,0.752253,0.752681,50
2023-07-10 16:00:00,0.752681,0.752730,0.752556,0.752605,50
2023-07-10 17:00:00,0.752605,0.752723,0.752479,0.752597,50
2023-07-10 18:00:00,0.752597,0.752843,0.752554,0.752800,50
2023-07-10 19:00:00,0.752800,0.753166,0.752689,0.753055,50
2023-07-10 20:00:00,0.753055,0.753230,0.752961,0.753136,50
2023-07-10 21:00:00,0.753136,0.753684,0.753126,0.753675,50
2023-07-10 22:00:00,0.753675,0.754115,0.753559,0.754000,50
2023-07-10 23:00:00,0.754000,0.754031,0.752925,0.752955,50
2023-07-11 00:00:00,0.752955,0.753004,0.752725,0.752773,50
2023-07-11 01:00:00,0.752773,0.753081,0.752625,0.752932,50
2023-07-11 02:00:00,0.752932,0.753358,0.752812,0.753239,50
2023-07-11 03:00:00,0.753239,0.753329,0.753007,0.753098,50
2023-07-11 04:00:00,0.753098,0.753110,0.752889,0.752901,50
2023-07-11 05:00:00,0.752901,0.753287,0.752857,0.753243,50
2023-07-11 06:00:00,0.753243,0.753672,0.753239,0.753667,50
2023-07-11 07:00:00,0.753667,0.753785,0.753252,0.753369,50
2023-07-11 08:00:00,0.753369,0.753492,0.752882,0.753004,50
2023-07-11 09:00:00,0.753004,0.753129,0.752543,0.752667,50
2023-07-11 10:00:00,0.752667,0.752883,0.752614,0.752830,50
2023-07-11 11:00:00,0.752830,0.752910,0.752511,0.752592,50
2023-07-11 12:00:00,0.752592,0.752933,0.752509,0.752851,50
2023-07-11 13:00:00,0.752851,0.752969,0.752745,0.752863,50
2023-07-11 14:00:00,0.752863,0.752964,0.752659,0.752759,50
2023-07-11 15:00:00,0.752759,0.752988,0.752706,0.752935,50
2023-07-11 16:00:00,0.752935,0.753326,0.752823,0.753213,50
2023-07-11 17:00:00,0.753213,0.753440,0.753112,0.753339,50
2023-07-11 18:00:00,0.753339,0.753661,0.753228,0.753550,50
2023-07-11 19:00:00,0.753550,0.753882,0.753533,0.753865,50
2023-07-11 20:00:00,0.753865,0.754403,0.753767,0.754306,50
2023-07-11 21:00:00,0.754306,0.754759,0.754188,0.754641,50
2023-07-11 22:00:00,0.754641,0.755005,0.754610,0.754974,50
2023-07-11 23:00:00,0.754974,0.755075,0.754672,0.754774,50
2023-07-12 00:00:00,0.754774,0.754816,0.754016,0.754058,50
2023-07-12 01:00:00,0.754058,0.754922,0.753995,0.754859,50
2023-07-12 02:00:00,0.754859,0.755028,0.754322,0.754490,50
2023-07-12 03:00:00,0.754490,0.754505,0.753958,0.753972,50
2023-07-12 04:00:00,0.753972,0.754825,0.753836,0.754689,50
2023-07-12 05:00:00,0.754689,0.755423,0.754427,0.755161,50
2023-07-12 06:00:00,0.755161,0.755211,0.755144,0.755194,50
2023-07-12 07:00:00,0.755194,0.755517,0.754848,0.755171,50
2023-07-12 08:00:00,0.755171,0.756844,0.754952,0.756625,50
2023-07-12 09:00:00,0.756625,0.757476,0.756594,0.757445,50
2023-07-12 10:00:00,0.757445,0.757718,0.756834,0.757107,50
2023-07-12 11:00:00,0.757107,0.757903,0.756800,0.757597,50
2023-07-12 12:00:00,0.757597,0.757728,0.757320,0.757450,50
2023-07-12 13:00:00,0.757450,0.757605,0.757395,0.757550,50
2023-07-12 14:00:00,0.757550,0.758117,0.757320,0.757888,50
2023-07-12 15:00:00,0.757888,0.758471,0.757698,0.758281,50
2023-07-12 16:00:00,0.758281,0.758422,0.757762,0.757903,50
2023-07-12 17:00:00,0.757903,0.758428,0.757830,0.758355,50
2023-07-12 18:00:00,0.758355,0.759234,0.758122,0.759001,50
2023-07-12 19:00:00,0.759001,0.759757,0.758829,0.759585,50
2023-07-12 20:00:00,0.759585,0.759728,0.759049,0.759192,50
2023-07-12 21:00:00,0.759192,0.759278,0.758214,0.758300,50
2023-07-12 22:00:00,0.758300,0.758981,0.758196,0.758877,50
2023-07-12 23:00:00,0.758877,0.759205,0.758455,0.758783,50
2023-07-13 00:00:00,0.758783,0.761027,0.758722,0.760965,50
2023-07-13 01:00:00,0.760965,0.760975,0.760167,0.760177,50
2023-07-13 02:00:00,0.760177,0.761326,0.759977,0.761127,50
2023-07-13 03:00:00,0.761127,0.761676,0.760873,0.761422,50
2023-07-13 04:00:00,0.761422,0.761561,0.760211,0.760350,50
2023-07-13 05:00:00,0.760350,0.760600,0.759231,0.759482,50
2023-07-13 06:00:00,0.759482,0.759732,0.758640,0.758890,50
2023-07-13 07:00:00,0.758890,0.759198,0.758695,0.759003,50
2023-07-13 08:00:00,0.759003,0.759280,0.758972,0.759249,50
2023-07-13 09:00:00,0.759249,0.759502,0.758600,0.758852,50
2023-07-13 10:00:00,0.758852,0.759535,0.758748,0.759430,50
2023-07-13 11:00:00,0.759430,0.759678,0.758371,0.758619,50
2023-07-13 12:00:00,0.758619,0.759810,0.758416,0.759607,50
2023-07-13 13:00:00,0.759607,0.759830,0.759196,0.759419,50
2023-07-13 14:00:00,0.759419,0.759673,0.758993,0.759248,50
2023-07-13 15:00:00,0.759248,0.760498,0.759174,0.760424,50
2023-07-13 16:00:00,0.760424,0.761533,0.760167,0.761276,50
2023-07-13 17:00:00,0.761276,0.761479,0.761155,0.761359,50
2023-07-13 18:00:00,0.761359,0.761569,0.759079,0.759289,50
2023-07-13 19:00:00,0.759289,0.759537,0.757922,0.758170,50
2023-07-13 20:00:00,0.758170,0.758720,0.758041,0.758590,50
2023-07-13 21:00:00,0.758590,0.761339,0.758391,0.761139,50
2023-07-13 22:00:00,0.761139,0.762577,0.761007,0.762445,50
2023-07-13 23:00:00,0.762445,0.762587,0.761705,0.761847,50
2023-07-14 00:00:00,0.761847,0.762341,0.761622,0.762116,50
2023-07-14 01:00:00,0.762116,0.762176,0.761430,0.761490,50
2023-07-14 02:00:00,0.761490,0.762562,0.761171,0.762243,50
2023-07-14 03:00:00,0.762243,0.762990,0.762000,0.762747,50
2023-07-14 04:00:00,0.762747,0.763015,0.761585,0.761853,50
2023-07-14 05:00:00,0.761853,0.762216,0.761352,0.761715,50
2023-07-14 06:00:00,0.761715,0.761898,0.761504,0.761686,50
2023-07-14 07:00:00,0.761686,0.761904,0.760352,0.760571,50
2023-07-14 08:00:00,0.760571,0.760936,0.759059,0.759425,50
2023-07-14 09:00:00,0.759425,0.759634,0.759285,0.759494,50
2023-07-14 10:00:00,0.759494,0.759728,0.758879,0.759113,50
2023-07-14 11:00:00,0.759113,0.759222,0.758363,0.758473,50
2023-07-14 12:00:00,0.758473,0.758505,0.758323,0.758355,50
2023-07-14 13:00:00,0.758355,0.758404,0.757706,0.757756,50
2023-07-14 14:00:00,0.757756,0.758053,0.757486,0.757783,50
2023-07-14 15:00:00,0.757783,0.758133,0.756096,0.756446,50
2023-07-14 16:00:00,0.756446,0.756801,0.756251,0.756605,50
2023-07-14 17:00:00,0.756605,0.757626,0.756566,0.757587,50
2023-07-14 18:00:00,0.757587,0.759169,0.757478,0.759061,50
2023-07-14 19:00:00,0.759061,0.759219,0.758401,0.758560,50
2023-07-14 20:00:00,0.758560,0.758873,0.757306,0.757619,50
2023-07-14 21:00:00,0.757619,0.758265,0.757351,0.757997,50
2023-07-14 22:00:00,0.757997,0.758987,0.757682,0.758672,50
2023-07-14 23:00:00,0.758672,0.758733,0.757285,0.757346,50
2023-07-17 00:00:00,0.757346,0.757513,0.757221,0.757387,50
2023-07-17 01:00:00,0.757387,0.757415,0.756961,0.756990,50
2023-07-17 02:00:00,0.756990,0.757125,0.756939,0.757074,50
2023-07-17 03:00:00,0.757074,0.757626,0.756989,0.757540,50
2023-07-17 04:00:00,0.757540,0.757604,0.757494,0.757558,50
2023-07-17 05:00:00,0.757558,0.757993,0.757448,0.757884,50
2023-07-17 06:00:00,0.757884,0.757901,0.757509,0.757526,50
2023-07-17 07:00:00,0.757526,0.757849,0.757492,0.757815,50
2023-07-17 08:00:00,0.757815,0.757929,0.757517,0.757630,50
2023-07-17 09:00:00,0.757630,0.758328,0.757510,0.758207,50
2023-07-17 10:00:00,0.758207,0.758581,0.758089,0.758463,50
2023-07-17 11:00:00,0.758463,0.758709,0.758423,0.758669,50
2023-07-17 12:00:00,0.758669,0.758793,0.758496,0.758621,50
2023-07-17 13:00:00,0.758621,0.758758,0.758247,0.758384,50
2023-07-17 14:00:00,0.758384,0.758623,0.758272,0.758511,50
2023-07-17 15:00:00,0.758511,0.758714,0.758416,0.758619,50
2023-07-17 16:00:00,0.758619,0.758721,0.758595,0.758697,50
2023-07-17 17:00:00,0.758697,0.758738,0.758487,0.758529,50
2023-07-17 18:00:00,0.758529,0.758687,0.758437,0.758596,50
2023-07-17 19:00:00,0.758596,0.758937,0.758487,0.758829,50
2023-07-17 20:00:00,0.758829,0.759116,0.758759,0.759047,50
2023-07-17 21:00:00,0.759047,0.759147,0.758760,0.758861,50
2023-07-17 22:00:00,0.758861,0.759081,0.758796,0.759017,50
2023-07-17 23:00:00,0.759017,0.759133,0.759012,0.759129,50
2023-07-18 00:00:00,0.759129,0.760280,0.759058,0.760209,50
2023-07-18 01:00:00,0.760209,0.760297,0.760020,0.760108,50
2023-07-18 02:00:00,0.760108,0.760154,0.759597,0.759644,50
2023-07-18 03:00:00,0.759644,0.759656,0.759048,0.759060,50
2023-07-18 04:00:00,0.759060,0.759158,0.758032,0.758130,50
2023-07-18 05:00:00,0.758130,0.758443,0.758058,0.758371,50
2023-07-18 06:00:00,0.758371,0.759260,0.758361,0.759250,50
2023-07-18 07:00:00,0.759250,0.759416,0.759243,0.759409,50
2023-07-18 08:00:00,0.759409,0.759811,0.759361,0.759763,50
2023-07-18 09:00:00,0.759763,0.760051,0.759648,0.759936,50
2023-07-18 10:00:00,0.759936,0.760108,0.759912,0.760083,50
2023-07-18 11:00:00,0.760083,0.760097,0.759491,0.759504,50
2023-07-18 12:00:00,0.759504,0.759630,0.758750,0.758876,50
2023-07-18 13:00:00,0.758876,0.758912,0.758382,0.758418,50
2023-07-18 14:00:00,0.758418,0.758819,0.758403,0.758804,50
2023-07-18 15:00:00,0.758804,0.758875,0.758622,0.758693,50
2023-07-18 16:00:00,0.758693,0.759558,0.758632,0.759497,50
2023-07-18 17:00:00,0.759497,0.759616,0.758762,0.758880,50
2023-07-18 18:00:00,0.758880,0.758892,0.758742,0.758754,50
2023-07-18 19:00:00,0.758754,0.758812,0.757875,0.757932,50
2023-07-18 20:00:00,0.757932,0.759073,0.757843,0.758984,50
2023-07-18 21:00:00,0.758984,0.759029,0.758453,0.758497,50
2023-07-18 22:00:00,0.758497,0.758700,0.758389,0.758591,50
2023-07-18 23:00:00,0.758591,0.759093,0.758512,0.759013,50
2023-07-19 00:00:00,0.759013,0.759091,0.758765,0.758843,50
2023-07-19 01:00:00,0.758843,0.759146,0.758768,0.759071,50
2023-07-19 02:00:00,0.759071,0.759305,0.758999,0.759233,50
2023-07-19 03:00:00,0.759233,0.759279,0.759059,0.759105,50
2023-07-19 04:00:00,0.759105,0.759193,0.758275,0.758364,50
2023-07-19 05:00:00,0.758364,0.758544,0.758312,0.758492,50
2023-07-19 06:00:00,0.758492,0.758924,0.758412,0.758844,50
2023-07-19 07:00:00,0.758844,0.759414,0.758791,0.759360,50
2023-07-19 08:00:00,0.759360,0.759726,0.759239,0.759605,50
2023-07-19 09:00:00,0.759605,0.759722,0.758606,0.758722,50
2023-07-19 10:00:00,0.758722,0.759467,0.758644,0.759389,50
2023-07-19 11:00:00,0.759389,0.759696,0.759325,0.759632,50
2023-07-19 12:00:00,0.759632,0.760136,0.759585,0.760089,50
2023-07-19 13:00:00,0.760089,0.760336,0.760056,0.760303,50
2023-07-19 14:00:00,0.760303,0.760397,0.760097,0.760191,50
2023-07-19 15:00:00,0.760191,0.760228,0.759869,0.759906,50
2023-07-19 16:00:00,0.759906,0.760505,0.759870,0.760469,50
2023-07-19 17:00:00,0.760469,0.760670,0.760442,0.760644,50
2023-07-19 18:00:00,0.760644,0.760653,0.760627,0.760636,50
2023-07-19 19:00:00,0.760636,0.760772,0.760292,0.760428,50
2023-07-19 20:00:00,0.760428,0.760443,0.760204,0.760219,50
2023-07-19 21:00:00,0.760219,0.760304,0.759569,0.759654,50
2023-07-19 22:00:00,0.759654,0.759682,0.759024,0.759051,50
2023-07-19 23:00:00,0.759051,0.760101,0.758944,0.759994,50
2023-07-20 00:00:00,0.759994,0.760545,0.759889,0.760440,50
2023-07-20 01:00:00,0.760440,0.760549,0.759832,0.759941,50
2023-07-20 02:00:00,0.759941,0.760268,0.759849,0.760176,50
2023-07-20 03:00:00,0.760176,0.760297,0.759810,0.759930,50
2023-07-20 04:00:00,0.759930,0.760138,0.759899,0.760107,50
2023-07-20 05:00:00,0.760107,0.760421,0.760021,0.760335,50
2023-07-20 06:00:00,0.760335,0.760470,0.759993,0.760127,50
2023-07-20 07:00:00,0.760127,0.760193,0.759812,0.759878,50
2023-07-20 08:00:00,0.759878,0.759912,0.759387,0.759421,50
2023-07-20 09:00:00,0.759421,0.759476,0.758962,0.759017,50
2023-07-20 10:00:00,0.759017,0.759072,0.758736,0.758792,50
2023-07-20 11:00:00,0.758792,0.759008,0.758727,0.758943,50
2023-07-20 12:00:00,0.758943,0.759053,0.758523,0.758633,50
2023-07-20 13:00:00,0.758633,0.758976,0.758626,0.758969,50
2023-07-20 14:00:00,0.758969,0.758979,0.758584,0.758595,50
2023-07-20 15:00:00,0.758595,0.758626,0.758181,0.758212,50
2023-07-20 16:00:00,0.758212,0.758575,0.758186,0.758549,50
2023-07-20 17:00:00,0.758549,0.758639,0.758509,0.758600,50
2023-07-20 18:00:00,0.758600,0.758809,0.758575,0.758785,50
2023-07-20 19:00:00,0.758785,0.758808,0.758219,0.758242,50
2023-07-20 20:00:00,0.758242,0.758333,0.758073,0.758164,50
2023-07-20 21:00:00,0.758164,0.758555,0.758033,0.758424,50
2023-07-20 22:00:00,0.758424,0.758553,0.758332,0.758461,50
2023-07-20 23:00:00,0.758461,0.758703,0.758368,0.758610,50
2023-07-21 00:00:00,0.758610,0.758800,0.758572,0.758762,50
2023-07-21 01:00:00,0.758762,0.759039,0.758735,0.759012,50
2023-07-21 02:00:00,0.759012,0.759073,0.757979,0.758040,50
2023-07-21 03:00:00,0.758040,0.758284,0.758002,0.758246,50
2023-07-21 04:00:00,0.758246,0.758314,0.757957,0.758026,50
2023-07-21 05:00:00,0.758026,0.758522,0.757906,0.758403,50
2023-07-21 06:00:00,0.758403,0.758527,0.758112,0.758237,50
2023-07-21 07:00:00,0.758237,0.758354,0.757757,0.757874,50
2023-07-21 08:00:00,0.757874,0.758025,0.757865,0.758017,50
2023-07-21 09:00:00,0.758017,0.758117,0.756853,0.756954,50
2023-07-21 10:00:00,0.756954,0.757139,0.756869,0.757055,50
2023-07-21 11:00:00,0.757055,0.757307,0.757033,0.757285,50
2023-07-21 12:00:00,0.757285,0.757395,0.756481,0.756590,50
2023-07-21 13:00:00,0.756590,0.756872,0.756516,0.756799,50
2023-07-21 14:00:00,0.756799,0.757189,0.756704,0.757094,50
2023-07-21 15:00:00,0.757094,0.757204,0.756750,0.756860,50
2023-07-21 16:00:00,0.756860,0.756866,0.756714,0.756720,50
2023-07-21 17:00:00,0.756720,0.757418,0.756647,0.757346,50
2023-07-21 18:00:00,0.757346,0.757442,0.756696,0.756792,50
2023-07-21 19:00:00,0.756792,0.756909,0.756082,0.756200,50
2023-07-21 20:00:00,0.756200,0.756452,0.756123,0.756375,50
2023-07-21 21:00:00,0.756375,0.757736,0.756286,0.757647,50
2023-07-21 22:00:00,0.757647,0.757885,0.757603,0.757841,50
2023-07-21 23:00:00,0.757841,0.757930,0.756513,0.756601,50
2023-07-24 00:00:00,0.756601,0.759206,0.756314,0.758920,50
2023-07-24 01:00:00,0.758920,0.759050,0.758285,0.758416,50
2023-07-24 02:00:00,0.758416,0.758806,0.758168,0.758559,50
2023-07-24 03:00:00,0.758559,0.758757,0.756673,0.756870,50
2023-07-24 04:00:00,0.756870,0.757155,0.755866,0.756151,50
2023-07-24 05:00:00,0.756151,0.756328,0.755700,0.755877,50
2023-07-24 06:00:00,0.755877,0.756116,0.755718,0.755957,50
2023-07-24 07:00:00,0.755957,0.756523,0.755930,0.756495,50
2023-07-24 08:00:00,0.756495,0.757367,0.756329,0.757201,50
2023-07-24 09:00:00,0.757201,0.757302,0.756734,0.756836,50
2023-07-24 10:00:00,0.756836,0.758566,0.756579,0.758309,50
2023-07-24 11:00:00,0.758309,0.758462,0.758123,0.758276,50
2023-07-24 12:00:00,0.758276,0.758615,0.758051,0.758390,50
2023-07-24 13:00:00,0.758390,0.758867,0.758343,0.758820,50
2023-07-24 14:00:00,0.758820,0.759499,0.758563,0.759242,50
2023-07-24 15:00:00,0.759242,0.759328,0.758528,0.758614,50
2023-07-24 16:00:00,0.758614,0.758639,0.758481,0.758507,50
2023-07-24 17:00:00,0.758507,0.759321,0.758247,0.759062,50
2023-07-24 18:00:00,0.759062,0.759105,0.758278,0.758322,50
2023-07-24 19:00:00,0.758322,0.759612,0.758124,0.759414,50
2023-07-24 20:00:00,0.759414,0.759775,0.759172,0.759533,50
2023-07-24 21:00:00,0.759533,0.760770,0.759330,0.760566,50
2023-07-24 22:00:00,0.760566,0.760718,0.760390,0.760542,50
2023-07-24 23:00:00,0.760542,0.760814,0.759953,0.760225,50
2023-07-25 00:00:00,0.760225,0.760329,0.759743,0.759846,50
2023-07-25 01:00:00,0.759846,0.759944,0.759654,0.759752,50
2023-07-25 02:00:00,0.759752,0.759931,0.759729,0.759909,50
2023-07-25 03:00:00,0.759909,0.760259,0.759782,0.760131,50
2023-07-25 04:00:00,0.760131,0.760196,0.760062,0.760126,50
2023-07-25 05:00:00,0.760126,0.760770,0.759998,0.760642,50
2023-07-25 06:00:00,0.760642,0.760738,0.760503,0.760598,50
2023-07-25 07:00:00,0.760598,0.760611,0.759993,0.760005,50
2023-07-25 08:00:00,0.760005,0.760140,0.759053,0.759188,50
2023-07-25 09:00:00,0.759188,0.759277,0.758860,0.758949,50
2023-07-25 10:00:00,0.758949,0.759022,0.758601,0.758674,50
2023-07-25 11:00:00,0.758674,0.759003,0.758621,0.758951,50
2023-07-25 12:00:00,0.758951,0.759007,0.758615,0.758671,50
2023-07-25 13:00:00,0.758671,0.758738,0.758300,0.758366,50
2023-07-25 14:00:00,0.758366,0.758717,0.758289,0.758640,50
2023-07-25 15:00:00,0.758640,0.758934,0.758618,0.758913,50
2023-07-25 16:00:00,0.758913,0.759035,0.758815,0.758938,50
2023-07-25 17:00:00,0.758938,0.759155,0.758847,0.759064,50
2023-07-25 18:00:00,0.759064,0.759105,0.758880,0.758921,50
2023-07-25 19:00:00,0.758921,0.759018,0.758765,0.758862,50
2023-07-25 20:00:00,0.758862,0.758910,0.758681,0.758729,50
2023-07-25 21:00:00,0.758729,0.759007,0.758627,0.758905,50
2023-07-25 22:00:00,0.758905,0.759142,0.758830,0.759067,50
2023-07-25 23:00:00,0.759067,0.759086,0.758764,0.758783,50
2023-07-26 00:00:00,0.758783,0.758793,0.758424,0.758435,50
2023-07-26 01:00:00,0.758435,0.758556,0.758257,0.758379,50
2023-07-26 02:00:00,0.758379,0.758667,0.758249,0.758536,50
2023-07-26 03:00:00,0.758536,0.759173,0.758376,0.759013,50
2023-07-26 04:00:00,0.759013,0.759256,0.758988,0.759231,50
2023-07-26 05:00:00,0.759231,0.759329,0.758874,0.758972,50
2023-07-26 06:00:00,0.758972,0.759050,0.758562,0.758639,50
2023-07-26 07:00:00,0.758639,0.758767,0.758101,0.758229,50
2023-07-26 08:00:00,0.758229,0.758347,0.757716,0.757834,50
2023-07-26 09:00:00,0.757834,0.757902,0.757407,0.757474,50
2023-07-26 10:00:00,0.757474,0.757789,0.757312,0.757627,50
2023-07-26 11:00:00,0.757627,0.757744,0.757316,0.757434,50
2023-07-26 12:00:00,0.757434,0.757513,0.756619,0.756698,50
2023-07-26 13:00:00,0.756698,0.756814,0.756348,0.756464,50
2023-07-26 14:00:00,0.756464,0.756606,0.756354,0.756497,50
2023-07-26 15:00:00,0.756497,0.756676,0.756133,0.756311,50
2023-07-26 16:00:00,0.756311,0.756676,0.756154,0.756519,50
2023-07-26 17:00:00,0.756519,0.756557,0.756349,0.756387,50
2023-07-26 18:00:00,0.756387,0.757182,0.756202,0.756997,50
2023-07-26 19:00:00,0.756997,0.757563,0.756850,0.757416,50
2023-07-26 20:00:00,0.757416,0.757422,0.756633,0.756639,50
2023-07-26 21:00:00,0.756639,0.756761,0.756404,0.756526,50
2023-07-26 22:00:00,0.756526,0.756829,0.756470,0.756773,50
2023-07-26 23:00:00,0.756773,0.756857,0.756460,0.756544,50
2023-07-27 00:00:00,0.756544,0.756552,0.756423,0.756431,50
2023-07-27 01:00:00,0.756431,0.756974,0.756346,0.756889,50
2023-07-27 02:00:00,0.756889,0.757089,0.756837,0.757037,50
2023-07-27 03:00:00,0.757037,0.757677,0.757021,0.757661,50
2023-07-27 04:00:00,0.757661,0.757797,0.757430,0.757565,50
2023-07-27 05:00:00,0.757565,0.757603,0.757161,0.757199,50
2023-07-27 06:00:00,0.757199,0.757695,0.757090,0.757586,50
2023-07-27 07:00:00,0.757586,0.758191,0.757500,0.758105,50
2023-07-27 08:00:00,0.758105,0.758228,0.757734,0.757857,50
2023-07-27 09:00:00,0.757857,0.758443,0.757783,0.758369,50
2023-07-27 10:00:00,0.758369,0.758395,0.758180,0.758205,50
2023-07-27 11:00:00,0.758205,0.758295,0.757875,0.757965,50
2023-07-27 12:00:00,0.757965,0.758067,0.757709,0.757811,50
2023-07-27 13:00:00,0.757811,0.757893,0.757606,0.757688,50
2023-07-27 14:00:00,0.757688,0.757807,0.757669,0.757788,50
2023-07-27 15:00:00,0.757788,0.757869,0.757436,0.757517,50
2023-07-27 16:00:00,0.757517,0.757646,0.757066,0.757196,50
2023-07-27 17:00:00,0.757196,0.757605,0.757131,0.757540,50
2023-07-27 18:00:00,0.757540,0.757657,0.756891,0.757008,50
2023-07-27 19:00:00,0.757008,0.757100,0.756689,0.756781,50
2023-07-27 20:00:00,0.756781,0.757221,0.756720,0.757160,50
2023-07-27 21:00:00,0.757160,0.757402,0.757087,0.757329,50
2023-07-27 22:00:00,0.757329,0.757566,0.757319,0.757556,50
2023-07-27 23:00:00,0.757556,0.758029,0.757447,0.757920,50
2023-07-28 00:00:00,0.757920,0.757949,0.756489,0.756517,50
2023-07-28 01:00:00,0.756517,0.756637,0.756322,0.756442,50
2023-07-28 02:00:00,0.756442,0.756884,0.756363,0.756805,50
2023-07-28 03:00:00,0.756805,0.756985,0.756675,0.756854,50
2023-07-28 04:00:00,0.756854,0.757451,0.756814,0.757411,50
2023-07-28 05:00:00,0.757411,0.758035,0.757292,0.757917,50
2023-07-28 06:00:00,0.757917,0.758062,0.756486,0.756631,50
2023-07-28 07:00:00,0.756631,0.757097,0.756529,0.756995,50
2023-07-28 08:00:00,0.756995,0.758185,0.756874,0.758064,50
2023-07-28 09:00:00,0.758064,0.758193,0.757626,0.757755,50
2023-07-28 10:00:00,0.757755,0.758102,0.757701,0.758048,50
2023-07-28 11:00:00,0.758048,0.758091,0.757204,0.757246,50
2023-07-28 12:00:00,0.757246,0.757717,0.757143,0.757614,50
2023-07-28 13:00:00,0.757614,0.758332,0.757558,0.758276,50
2023-07-28 14:00:00,0.758276,0.758322,0.757564,0.757611,50
2023-07-28 15:00:00,0.757611,0.757716,0.757548,0.757653,50
2023-07-28 16:00:00,0.757653,0.757741,0.756839,0.756926,50
2023-07-28 17:00:00,0.756926,0.757011,0.756599,0.756684,50
2023-07-28 18:00:00,0.756684,0.756819,0.755654,0.755788,50
2023-07-28 19:00:00,0.755788,0.756039,0.755645,0.755896,50
2023-07-28 20:00:00,0.755896,0.756013,0.755798,0.755915,50
2023-07-28 21:00:00,0.755915,0.756451,0.755799,0.756335,50
2023-07-28 22:00:00,0.756335,0.756875,0.756223,0.756763,50
2023-07-28 23:00:00,0.756763,0.756790,0.756117,0.756144,50
2023-07-31 00:00:00,0.756144,0.756493,0.756011,0.756360,50
2023-07-31 01:00:00,0.756360,0.756730,0.756325,0.756694,50
2023-07-31 02:00:00,0.756694,0.757646,0.756605,0.757557,50
2023-07-31 03:00:00,0.757557,0.758449,0.757300,0.758192,50
2023-07-31 04:00:00,0.758192,0.758311,0.757861,0.757979,50
2023-07-31 05:00:00,0.757979,0.758226,0.757762,0.758009,50
2023-07-31 06:00:00,0.758009,0.758081,0.757761,0.757833,50
2023-07-31 07:00:00,0.757833,0.758801,0.757533,0.758501,50
2023-07-31 08:00:00,0.758501,0.759579,0.758439,0.759517,50
2023-07-31 09:00:00,0.759517,0.759534,0.758828,0.758845,50
2023-07-31 10:00:00,0.758845,0.759658,0.758772,0.759585,50
2023-07-31 11:00:00,0.759585,0.760009,0.759308,0.759732,50
2023-07-31 12:00:00,0.759732,0.760743,0.759614,0.760625,50
2023-07-31 13:00:00,0.760625,0.760816,0.759803,0.759993,50
2023-07-31 14:00:00,0.759993,0.760146,0.759532,0.759685,50
2023-07-31 15:00:00,0.759685,0.760280,0.759580,0.760175,50
2023-07-31 16:00:00,0.760175,0.760317,0.759814,0.759956,50
2023-07-31 17:00:00,0.759956,0.760062,0.759645,0.759751,50
2023-07-31 18:00:00,0.759751,0.760063,0.758592,0.758905,50
2023-07-31 19:00:00,0.758905,0.759177,0.756882,0.757154,50
2023-07-31 20:00:00,0.757154,0.757428,0.756607,0.756880,50
2023-07-31 21:00:00,0.756880,0.757065,0.756111,0.756296,50
2023-07-31 22:00:00,0.756296,0.756900,0.756055,0.756658,50
2023-07-31 23:00:00,0.756658,0.759891,0.756646,0.759878,50
2023-08-01 00:00:00,0.759878,0.760115,0.755534,0.755770,50
2023-08-01 01:00:00,0.755770,0.757059,0.755652,0.756942,50
2023-08-01 02:00:00,0.756942,0.757445,0.756064,0.756567,50
2023-08-01 03:00:00,0.756567,0.758956,0.756385,0.758773,50
2023-08-01 04:00:00,0.758773,0.761453,0.758279,0.760959,50
2023-08-01 05:00:00,0.760959,0.761724,0.760355,0.761120,50
2023-08-01 06:00:00,0.761120,0.761518,0.760103,0.760501,50
2023-08-01 07:00:00,0.760501,0.761694,0.760161,0.761354,50
2023-08-01 08:00:00,0.761354,0.761820,0.758701,0.759168,50
2023-08-01 09:00:00,0.759168,0.759512,0.757741,0.758086,50
2023-08-01 10:00:00,0.758086,0.758614,0.756327,0.756855,50
2023-08-01 11:00:00,0.756855,0.758615,0.756292,0.758052,50
2023-08-01 12:00:00,0.758052,0.758826,0.757786,0.758561,50
2023-08-01 13:00:00,0.758561,0.758917,0.756079,0.756434,50
2023-08-01 14:00:00,0.756434,0.756495,0.755349,0.755409,50
2023-08-01 15:00:00,0.755409,0.755788,0.755079,0.755458,50
2023-08-01 16:00:00,0.755458,0.755810,0.753200,0.753552,50
2023-08-01 17:00:00,0.753552,0.754188,0.752970,0.753606,50
2023-08-01 18:00:00,0.753606,0.754805,0.753133,0.754332,50
2023-08-01 19:00:00,0.754332,0.754340,0.753343,0.753352,50
2023-08-01 20:00:00,0.753352,0.753826,0.751236,0.751709,50
2023-08-01 21:00:00,0.751709,0.753408,0.751599,0.753298,50
2023-08-01 22:00:00,0.753298,0.753750,0.750574,0.751027,50
2023-08-01 23:00:00,0.751027,0.753121,0.750408,0.752502,50
2023-08-02 00:00:00,0.752502,0.752651,0.752474,0.752624,50
2023-08-02 01:00:00,0.752624,0.752729,0.752405,0.752510,50
2023-08-02 02:00:00,0.752510,0.752778,0.752326,0.752594,50
2023-08-02 03:00:00,0.752594,0.752996,0.752512,0.752915,50
2023-08-02 04:00:00,0.752915,0.753090,0.752440,0.752615,50
2023-08-02 05:00:00,0.752615,0.753001,0.752591,0.752977,50
2023-08-02 06:00:00,0.752977,0.753025,0.752288,0.752336,50
2023-08-02 07:00:00,0.752336,0.752480,0.752146,0.752290,50
2023-08-02 08:00:00,0.752290,0.752457,0.752069,0.752236,50
2023-08-02 09:00:00,0.752236,0.752406,0.751973,0.752143,50
2023-08-02 10:00:00,0.752143,0.752290,0.752112,0.752259,50
2023-08-02 11:00:00,0.752259,0.752375,0.751492,0.751607,50
2023-08-02 12:00:00,0.751607,0.751658,0.751147,0.751197,50
2023-08-02 13:00:00,0.751197,0.751357,0.749946,0.750106,50
2023-08-02 14:00:00,0.750106,0.750516,0.749982,0.750392,50
2023-08-02 15:00:00,0.750392,0.750539,0.749366,0.749513,50
2023-08-02 16:00:00,0.749513,0.749843,0.749346,0.749676,50
2023-08-02 17:00:00,0.749676,0.749886,0.749244,0.749455,50
2023-08-02 18:00:00,0.749455,0.750384,0.749355,0.750284,50
2023-08-02 19:00:00,0.750284,0.750496,0.749710,0.749923,50
2023-08-02 20:00:00,0.749923,0.750835,0.749861,0.750773,50
2023-08-02 21:00:00,0.750773,0.750961,0.750515,0.750704,50
2023-08-02 22:00:00,0.750704,0.750726,0.750445,0.750468,50
2023-08-02 23:00:00,0.750468,0.750620,0.749810,0.749963,50
2023-08-03 00:00:00,0.749963,0.750599,0.749958,0.750595,50
2023-08-03 01:00:00,0.750595,0.750769,0.750517,0.750691,50
2023-08-03 02:00:00,0.750691,0.750917,0.750681,0.750906,50
2023-08-03 03:00:00,0.750906,0.750998,0.750820,0.750911,50
2023-08-03 04:00:00,0.750911,0.750973,0.750856,0.750918,50
2023-08-03 05:00:00,0.750918,0.750991,0.750439,0.750512,50
2023-08-03 06:00:00,0.750512,0.750615,0.749975,0.750078,50
2023-08-03 07:00:00,0.750078,0.750266,0.749972,0.750161,50
2023-08-03 08:00:00,0.750161,0.750253,0.749565,0.749657,50
2023-08-03 09:00:00,0.749657,0.749857,0.749618,0.749817,50
2023-08-03 10:00:00,0.749817,0.749830,0.749693,0.749706,50
2023-08-03 11:00:00,0.749706,0.749785,0.749535,0.749613,50
2023-08-03 12:00:00,0.749613,0.749686,0.749267,0.749339,50
2023-08-03 13:00:00,0.749339,0.749459,0.749096,0.749217,50
2023-08-03 14:00:00,0.749217,0.749335,0.748918,0.749037,50
2023-08-03 15:00:00,0.749037,0.749063,0.748971,0.748996,50
2023-08-03 16:00:00,0.748996,0.749052,0.748883,0.748939,50
2023-08-03 17:00:00,0.748939,0.749035,0.748682,0.748778,50
2023-08-03 18:00:00,0.748778,0.748835,0.748662,0.748718,50
2023-08-03 19:00:00,0.748718,0.749035,0.748588,0.748904,50
2023-08-03 20:00:00,0.748904,0.748906,0.748885,0.748887,50
2023-08-03 21:00:00,0.748887,0.749108,0.748831,0.749052,50
2023-08-03 22:00:00,0.749052,0.749174,0.748939,0.749060,50
2023-08-03 23:00:00,0.749060,0.749753,0.748932,0.749625,50
2023-08-04 00:00:00,0.749625,0.749689,0.748521,0.748585,50
2023-08-04 01:00:00,0.748585,0.749040,0.748469,0.748923,50
2023-08-04 02:00:00,0.748923,0.749092,0.748887,0.749056,50
2023-08-04 03:00:00,0.749056,0.749062,0.748965,0.748971,50
2023-08-04 04:00:00,0.748971,0.749369,0.748850,0.749248,50
2023-08-04 05:00:00,0.749248,0.749924,0.749131,0.749807,50
2023-08-04 06:00:00,0.749807,0.750325,0.749703,0.750221,50
2023-08-04 07:00:00,0.750221,0.750226,0.750014,0.750019,50
2023-08-04 08:00:00,0.750019,0.750054,0.749702,0.749737,50
2023-08-04 09:00:00,0.749737,0.749761,0.749648,0.749672,50
2023-08-04 10:00:00,0.749672,0.749795,0.749466,0.749589,50
2023-08-04 11:00:00,0.749589,0.749606,0.749309,0.749326,50
2023-08-04 12:00:00,0.749326,0.749699,0.749309,0.749682,50
2023-08-04 13:00:00,0.749682,0.750011,0.749652,0.749981,50
2023-08-04 14:00:00,0.749981,0.750559,0.749874,0.750452,50
2023-08-04 15:00:00,0.750452,0.750548,0.750426,0.750521,50
2023-08-04 16:00:00,0.750521,0.750711,0.750388,0.750578,50
2023-08-04 17:00:00,0.750578,0.750620,0.750427,0.750469,50
2023-08-04 18:00:00,0.750469,0.750922,0.750381,0.750834,50
2023-08-04 19:00:00,0.750834,0.750860,0.750726,0.750752,50
2023-08-04 20:00:00,0.750752,0.750809,0.750713,0.750769,50
2023-08-04 21:00:00,0.750769,0.750948,0.750652,0.750832,50
2023-08-04 22:00:00,0.750832,0.750966,0.750695,0.750830,50
2023-08-04 23:00:00,0.750830,0.750863,0.749761,0.749794,50
2023-08-07 00:00:00,0.749794,0.749914,0.749751,0.749871,50
2023-08-07 01:00:00,0.749871,0.750216,0.749841,0.750186,50
2023-08-07 02:00:00,0.750186,0.750189,0.750014,0.750016,50
2023-08-07 03:00:00,0.750016,0.750155,0.749754,0.749892,50
2023-08-07 04:00:00,0.749892,0.750030,0.749830,0.749968,50
2023-08-07 05:00:00,0.749968,0.750067,0.749468,0.749567,50
2023-08-07 06:00:00,0.749567,0.749843,0.749487,0.749764,50
2023-08-07 07:00:00,0.749764,0.749907,0.749251,0.749395,50
2023-08-07 08:00:00,0.749395,0.749406,0.749296,0.749307,50
2023-08-07 09:00:00,0.749307,0.749412,0.748685,0.748790,50
2023-08-07 10:00:00,0.748790,0.748927,0.748577,0.748714,50
2023-08-07 11:00:00,0.748714,0.748874,0.748667,0.748827,50
2023-08-07 12:00:00,0.748827,0.749020,0.748756,0.748949,50
2023-08-07 13:00:00,0.748949,0.749004,0.748802,0.748858,50
2023-08-07 14:00:00,0.748858,0.748911,0.747929,0.747982,50
2023-08-07 15:00:00,0.747982,0.748138,0.747500,0.747656,50
2023-08-07 16:00:00,0.747656,0.747694,0.747479,0.747517,50
2023-08-07 17:00:00,0.747517,0.747829,0.747395,0.747707,50
2023-08-07 18:00:00,0.747707,0.747715,0.747549,0.747557,50
2023-08-07 19:00:00,0.747557,0.747823,0.747428,0.747694,50
2023-08-07 20:00:00,0.747694,0.747707,0.747680,0.747694,50
2023-08-07 21:00:00,0.747694,0.747824,0.747309,0.747439,50
2023-08-07 22:00:00,0.747439,0.747815,0.747428,0.747804,50
2023-08-07 23:00:00,0.747804,0.747867,0.747768,0.747831,50
2023-08-08 00:00:00,0.747831,0.748151,0.746564,0.746883,50
2023-08-08 01:00:00,0.746883,0.746935,0.746597,0.746648,50
2023-08-08 02:00:00,0.746648,0.747273,0.746449,0.747074,50
2023-08-08 03:00:00,0.747074,0.747601,0.746794,0.747321,50
2023-08-08 04:00:00,0.747321,0.748159,0.747308,0.748146,50
2023-08-08 05:00:00,0.748146,0.748507,0.747691,0.748052,50
2023-08-08 06:00:00,0.748052,0.748448,0.747835,0.748231,50
2023-08-08 07:00:00,0.748231,0.748914,0.748060,0.748743,50
2023-08-08 08:00:00,0.748743,0.748898,0.748237,0.748392,50
2023-08-08 09:00:00,0.748392,0.748810,0.748046,0.748465,50
2023-08-08 10:00:00,0.748465,0.748668,0.747003,0.747206,50
2023-08-08 11:00:00,0.747206,0.747374,0.746466,0.746634,50
2023-08-08 12:00:00,0.746634,0.746999,0.744448,0.744813,50
2023-08-08 13:00:00,0.744813,0.745066,0.744743,0.744996,50
2023-08-08 14:00:00,0.744996,0.745174,0.744581,0.744759,50
2023-08-08 15:00:00,0.744759,0.745584,0.744404,0.745229,50
2023-08-08 16:00:00,0.745229,0.745550,0.744663,0.744984,50
2023-08-08 17:00:00,0.744984,0.745282,0.743959,0.744257,50
2023-08-08 18:00:00,0.744257,0.744583,0.743885,0.744212,50
2023-08-08 19:00:00,0.744212,0.744268,0.743596,0.743652,50
2023-08-08 20:00:00,0.743652,0.744210,0.743394,0.743952,50
2023-08-08 21:00:00,0.743952,0.744146,0.742918,0.743111,50
2023-08-08 22:00:00,0.743111,0.744235,0.742729,0.743853,50
2023-08-08 23:00:00,0.743853,0.744226,0.742900,0.743273,50
2023-08-09 00:00:00,0.743273,0.743387,0.742617,0.742731,50
2023-08-09 01:00:00,0.742731,0.742919,0.742690,0.742878,50
2023-08-09 02:00:00,0.742878,0.742968,0.742526,0.742616,50
2023-08-09 03:00:00,0.742616,0.742688,0.742484,0.742556,50
2023-08-09 04:00:00,0.742556,0.742727,0.742462,0.742633,50
2023-08-09 05:00:00,0.742633,0.742767,0.742356,0.742489,50
2023-08-09 06:00:00,0.742489,0.742835,0.742417,0.742763,50
2023-08-09 07:00:00,0.742763,0.742812,0.742672,0.742721,50
2023-08-09 08:00:00,0.742721,0.743090,0.742657,0.743026,50
2023-08-09 09:00:00,0.743026,0.743340,0.742931,0.743244,50
2023-08-09 10:00:00,0.743244,0.743461,0.743111,0.743328,50
2023-08-09 11:00:00,0.743328,0.744070,0.743196,0.743938,50
2023-08-09 12:00:00,0.743938,0.743979,0.743835,0.743876,50
2023-08-09 13:00:00,0.743876,0.743888,0.743722,0.743734,50
2023-08-09 14:00:00,0.743734,0.744058,0.743608,0.743931,50
2023-08-09 15:00:00,0.743931,0.743959,0.743857,0.743884,50
2023-08-09 16:00:00,0.743884,0.744000,0.743793,0.743909,50
2023-08-09 17:00:00,0.743909,0.743928,0.743882,0.743901,50
2023-08-09 18:00:00,0.743901,0.743969,0.743739,0.743806,50
2023-08-09 19:00:00,0.743806,0.744210,0.743709,0.744113,50
2023-08-09 20:00:00,0.744113,0.744241,0.743950,0.744078,50
2023-08-09 21:00:00,0.744078,0.744330,0.744030,0.744282,50
2023-08-09 22:00:00,0.744282,0.744588,0.744225,0.744531,50
2023-08-09 23:00:00,0.744531,0.744639,0.743829,0.743937,50
2023-08-10 00:00:00,0.743937,0.744755,0.743756,0.744574,50
2023-08-10 01:00:00,0.744574,0.744707,0.744397,0.744530,50
2023-08-10 02:00:00,0.744530,0.744815,0.744403,0.744688,50
2023-08-10 03:00:00,0.744688,0.746609,0.744590,0.746512,50
2023-08-10 04:00:00,0.746512,0.746548,0.744456,0.744493,50
2023-08-10 05:00:00,0.744493,0.746039,0.744490,0.746036,50
2023-08-10 06:00:00,0.746036,0.746143,0.745633,0.745740,50
2023-08-10 07:00:00,0.745740,0.745897,0.744908,0.745064,50
2023-08-10 08:00:00,0.745064,0.746619,0.744875,0.746430,50
2023-08-10 09:00:00,0.746430,0.746686,0.746412,0.746668,50
2023-08-10 10:00:00,0.746668,0.746681,0.746098,0.746110,50
2023-08-10 11:00:00,0.746110,0.746123,0.744634,0.744647,50
2023-08-10 12:00:00,0.744647,0.744892,0.744618,0.744863,50
2023-08-10 13:00:00,0.744863,0.745007,0.743338,0.743482,50
2023-08-10 14:00:00,0.743482,0.744094,0.743353,0.743965,50
2023-08-10 15:00:00,0.743965,0.744744,0.743810,0.744589,50
2023-08-10 16:00:00,0.744589,0.745942,0.744515,0.745868,50
2023-08-10 17:00:00,0.745868,0.745901,0.745176,0.745208,50
2023-08-10 18:00:00,0.745208,0.746139,0.745042,0.745973,50
2023-08-10 19:00:00,0.745973,0.746431,0.745783,0.746241,50
2023-08-10 20:00:00,0.746241,0.746264,0.745402,0.745425,50
2023-08-10 21:00:00,0.745425,0.745768,0.745413,0.745756,50
2023-08-10 22:00:00,0.745756,0.745957,0.745736,0.745936,50
2023-08-10 23:00:00,0.745936,0.746274,0.745875,0.746213,50
2023-08-11 00:00:00,0.746213,0.746682,0.746058,0.746527,50
2023-08-11 01:00:00,0.746527,0.746595,0.746484,0.746552,50
2023-08-11 02:00:00,0.746552,0.746662,0.746248,0.746358,50
2023-08-11 03:00:00,0.746358,0.746634,0.746337,0.746613,50
2023-08-11 04:00:00,0.746613,0.746662,0.746202,0.746251,50
2023-08-11 05:00:00,0.746251,0.746312,0.745619,0.745680,50
2023-08-11 06:00:00,0.745680,0.746154,0.745603,0.746077,50
2023-08-11 07:00:00,0.746077,0.746183,0.745400,0.745506,50
2023-08-11 08:00:00,0.745506,0.745568,0.745353,0.745414,50
2023-08-11 09:00:00,0.745414,0.745604,0.745353,0.745543,50
2023-08-11 10:00:00,0.745543,0.745866,0.745411,0.745734,50
2023-08-11 11:00:00,0.745734,0.745796,0.745461,0.745523,50
2023-08-11 12:00:00,0.745523,0.746111,0.745407,0.745994,50
2023-08-11 13:00:00,0.745994,0.746120,0.744937,0.745062,50
2023-08-11 14:00:00,0.745062,0.745214,0.744777,0.744929,50
2023-08-11 15:00:00,0.744929,0.744967,0.744460,0.744498,50
2023-08-11 16:00:00,0.744498,0.744540,0.744363,0.744405,50
2023-08-11 17:00:00,0.744405,0.744532,0.744039,0.744166,50
2023-08-11 18:00:00,0.744166,0.744214,0.744014,0.744061,50
2023-08-11 19:00:00,0.744061,0.744146,0.743895,0.743980,50
2023-08-11 20:00:00,0.743980,0.744032,0.743761,0.743814,50
2023-08-11 21:00:00,0.743814,0.744635,0.743661,0.744481,50
2023-08-11 22:00:00,0.744481,0.744984,0.744398,0.744901,50
2023-08-11 23:00:00,0.744901,0.744934,0.744180,0.744214,50
2023-08-14 00:00:00,0.744214,0.744975,0.744180,0.744942,50
2023-08-14 01:00:00,0.744942,0.745054,0.744189,0.744301,50
2023-08-14 02:00:00,0.744301,0.744366,0.743608,0.743673,50
2023-08-14 03:00:00,0.743673,0.743784,0.743333,0.743443,50
2023-08-14 04:00:00,0.743443,0.743577,0.743323,0.743457,50
2023-08-14 05:00:00,0.743457,0.743553,0.742878,0.742975,50
2023-08-14 06:00:00,0.742975,0.743062,0.742751,0.742838,50
2023-08-14 07:00:00,0.742838,0.743184,0.742746,0.743092,50
2023-08-14 08:00:00,0.743092,0.743531,0.743071,0.743510,50
2023-08-14 09:00:00,0.743510,0.744494,0.743413,0.744397,50
2023-08-14 10:00:00,0.744397,0.744753,0.744272,0.744628,50
2023-08-14 11:00:00,0.744628,0.744971,0.744539,0.744883,50
2023-08-14 12:00:00,0.744883,0.744971,0.744236,0.744325,50
2023-08-14 13:00:00,0.744325,0.744435,0.743077,0.743187,50
2023-08-14 14:00:00,0.743187,0.743494,0.743109,0.743416,50
2023-08-14 15:00:00,0.743416,0.743543,0.742584,0.742711,50
2023-08-14 16:00:00,0.742711,0.743028,0.742597,0.742913,50
2023-08-14 17:00:00,0.742913,0.742988,0.742909,0.742984,50
2023-08-14 18:00:00,0.742984,0.743368,0.742884,0.743268,50
2023-08-14 19:00:00,0.743268,0.743339,0.742971,0.743042,50
2023-08-14 20:00:00,0.743042,0.743327,0.742956,0.743242,50
2023-08-14 21:00:00,0.743242,0.743467,0.743194,0.743419,50
2023-08-14 22:00:00,0.743419,0.744005,0.743293,0.743880,50
2023-08-14 23:00:00,0.743880,0.743912,0.743406,0.743439,50
2023-08-15 00:00:00,0.743439,0.743773,0.743360,0.743693,50
2023-08-15 01:00:00,0.743693,0.743699,0.743658,0.743664,50
2023-08-15 02:00:00,0.743664,0.743987,0.743650,0.743973,50
2023-08-15 03:00:00,0.743973,0.744075,0.743803,0.743905,50
2023-08-15 04:00:00,0.743905,0.743922,0.743735,0.743752,50
2023-08-15 05:00:00,0.743752,0.743804,0.743508,0.743561,50
2023-08-15 06:00:00,0.743561,0.743653,0.743064,0.743156,50
2023-08-15 07:00:00,0.743156,0.743689,0.743080,0.743612,50
2023-08-15 08:00:00,0.743612,0.744015,0.743515,0.743918,50
2023-08-15 09:00:00,0.743918,0.743919,0.743770,0.743771,50
2023-08-15 10:00:00,0.743771,0.743885,0.743699,0.743813,50
2023-08-15 11:00:00,0.743813,0.743989,0.743777,0.743952,50
2023-08-15 12:00:00,0.743952,0.744043,0.743522,0.743613,50
2023-08-15 13:00:00,0.743613,0.743666,0.743579,0.743632,50
2023-08-15 14:00:00,0.743632,0.743955,0.743512,0.743836,50
2023-08-15 15:00:00,0.743836,0.743918,0.743790,0.743872,50
2023-08-15 16:00:00,0.743872,0.743901,0.743332,0.743361,50
2023-08-15 17:00:00,0.743361,0.743435,0.743061,0.743135,50
2023-08-15 18:00:00,0.743135,0.743152,0.742758,0.742775,50
2023-08-15 19:00:00,0.742775,0.742883,0.742141,0.742248,50
2023-08-15 20:00:00,0.742248,0.742254,0.742203,0.742209,50
2023-08-15 21:00:00,0.742209,0.742483,0.742131,0.742405,50
2023-08-15 22:00:00,0.742405,0.742503,0.742151,0.742249,50
2023-08-15 23:00:00,0.742249,0.742323,0.742206,0.742280,50
2023-08-16 00:00:00,0.742280,0.742507,0.742110,0.742336,50
2023-08-16 01:00:00,0.742336,0.742396,0.741656,0.741716,50
2023-08-16 02:00:00,0.741716,0.741871,0.741652,0.741807,50
2023-08-16 03:00:00,0.741807,0.742433,0.741806,0.742432,50
2023-08-16 04:00:00,0.742432,0.742563,0.742240,0.742371,50
2023-08-16 05:00:00,0.742371,0.742473,0.742160,0.742262,50
2023-08-16 06:00:00,0.742262,0.742436,0.742132,0.742306,50
2023-08-16 07:00:00,0.742306,0.742309,0.742132,0.742135,50
2023-08-16 08:00:00,0.742135,0.742139,0.741623,0.741627,50
2023-08-16 09:00:00,0.741627,0.741777,0.740898,0.741048,50
2023-08-16 10:00:00,0.741048,0.742301,0.740990,0.742243,50
2023-08-16 11:00:00,0.742243,0.742443,0.741924,0.742124,50
2023-08-16 12:00:00,0.742124,0.742261,0.741812,0.741949,50
2023-08-16 13:00:00,0.741949,0.741984,0.741741,0.741776,50
2023-08-16 14:00:00,0.741776,0.741938,0.741179,0.741341,50
2023-08-16 15:00:00,0.741341,0.741499,0.740719,0.740877,50
2023-08-16 16:00:00,0.740877,0.740987,0.740083,0.740194,50
2023-08-16 17:00:00,0.740194,0.740388,0.739186,0.739381,50
2023-08-16 18:00:00,0.739381,0.741512,0.739198,0.741329,50
2023-08-16 19:00:00,0.741329,0.742608,0.741170,0.742449,50
2023-08-16 20:00:00,0.742449,0.742932,0.742281,0.742764,50
2023-08-16 21:00:00,0.742764,0.742906,0.741106,0.741249,50
2023-08-16 22:00:00,0.741249,0.741886,0.741137,0.741774,50
2023-08-16 23:00:00,0.741774,0.741846,0.739792,0.739864,50
2023-08-17 00:00:00,0.739864,0.740454,0.739792,0.740382,50
2023-08-17 01:00:00,0.740382,0.740502,0.740096,0.740216,50
2023-08-17 02:00:00,0.740216,0.740757,0.740199,0.740740,50
2023-08-17 03:00:00,0.740740,0.740841,0.740707,0.740809,50
2023-08-17 04:00:00,0.740809,0.740939,0.740429,0.740559,50
2023-08-17 05:00:00,0.740559,0.740654,0.740191,0.740286,50
2023-08-17 06:00:00,0.740286,0.740502,0.740201,0.740417,50
2023-08-17 07:00:00,0.740417,0.740487,0.740155,0.740225,50
2023-08-17 08:00:00,0.740225,0.740350,0.740216,0.740341,50
2023-08-17 09:00:00,0.740341,0.740392,0.739925,0.739976,50
2023-08-17 10:00:00,0.739976,0.740274,0.739948,0.740246,50
2023-08-17 11:00:00,0.740246,0.740574,0.740212,0.740541,50
2023-08-17 12:00:00,0.740541,0.740604,0.740090,0.740153,50
2023-08-17 13:00:00,0.740153,0.740167,0.739871,0.739885,50
2023-08-17 14:00:00,0.739885,0.740177,0.739776,0.740068,50
2023-08-17 15:00:00,0.740068,0.740087,0.739722,0.739741,50
2023-08-17 16:00:00,0.739741,0.739741,0.739287,0.739288,50
2023-08-17 17:00:00,0.739288,0.739355,0.738849,0.738917,50
2023-08-17 18:00:00,0.738917,0.739019,0.738881,0.738984,50
2023-08-17 19:00:00,0.738984,0.739150,0.738954,0.739121,50
2023-08-17 20:00:00,0.739121,0.739218,0.738808,0.738905,50
2023-08-17 21:00:00,0.738905,0.738989,0.738506,0.738590,50
2023-08-17 22:00:00,0.738590,0.739098,0.738477,0.738985,50
2023-08-17 23:00:00,0.738985,0.739665,0.738856,0.739536,50
2023-08-18 00:00:00,0.739536,0.740014,0.739439,0.739917,50
2023-08-18 01:00:00,0.739917,0.739943,0.739441,0.739467,50
2023-08-18 02:00:00,0.739467,0.739582,0.739377,0.739492,50
2023-08-18 03:00:00,0.739492,0.739596,0.739476,0.739580,50
2023-08-18 04:00:00,0.739580,0.739827,0.739475,0.739722,50
2023-08-18 05:00:00,0.739722,0.739907,0.739592,0.739777,50
2023-08-18 06:00:00,0.739777,0.739927,0.739159,0.739309,50
2023-08-18 07:00:00,0.739309,0.739450,0.739031,0.739171,50
2023-08-18 08:00:00,0.739171,0.739266,0.738761,0.738856,50
2023-08-18 09:00:00,0.738856,0.739033,0.738704,0.738882,50
2023-08-18 10:00:00,0.738882,0.739084,0.738770,0.738972,50
2023-08-18 11:00:00,0.738972,0.739186,0.738866,0.739080,50
2023-08-18 12:00:00,0.739080,0.739089,0.738890,0.738899,50
2023-08-18 13:00:00,0.738899,0.738906,0.738776,0.738783,50
2023-08-18 14:00:00,0.738783,0.738824,0.738334,0.738375,50
2023-08-18 15:00:00,0.738375,0.738519,0.738041,0.738184,50
2023-08-18 16:00:00,0.738184,0.738329,0.737884,0.738028,50
2023-08-18 17:00:00,0.738028,0.738160,0.737649,0.737781,50
2023-08-18 18:00:00,0.737781,0.737859,0.737541,0.737619,50
2023-08-18 19:00:00,0.737619,0.737650,0.737531,0.737562,50
2023-08-18 20:00:00,0.737562,0.737791,0.737502,0.737731,50
2023-08-18 21:00:00,0.737731,0.737882,0.737319,0.737470,50
2023-08-18 22:00:00,0.737470,0.737599,0.737431,0.737561,50
2023-08-18 23:00:00,0.737561,0.737767,0.737420,0.737626,50
2023-08-21 00:00:00,0.737626,0.737674,0.737245,0.737292,50
2023-08-21 01:00:00,0.737292,0.737342,0.736987,0.737037,50
2023-08-21 02:00:00,0.737037,0.737041,0.736592,0.736596,50
2023-08-21 03:00:00,0.736596,0.736664,0.736473,0.736541,50
2023-08-21 04:00:00,0.736541,0.737031,0.736417,0.736907,50
2023-08-21 05:00:00,0.736907,0.736944,0.736894,0.736932,50
2023-08-21 06:00:00,0.736932,0.737331,0.736838,0.737238,50
2023-08-21 07:00:00,0.737238,0.737328,0.736714,0.736804,50
2023-08-21 08:00:00,0.736804,0.736931,0.736601,0.736728,50
2023-08-21 09:00:00,0.736728,0.736762,0.736323,0.736357,50
2023-08-21 10:00:00,0.736357,0.736884,0.736276,0.736803,50
2023-08-21 11:00:00,0.736803,0.736965,0.736793,0.736955,50
2023-08-21 12:00:00,0.736955,0.736974,0.736718,0.736737,50
2023-08-21 13:00:00,0.736737,0.737586,0.736655,0.737504,50
2023-08-21 14:00:00,0.737504,0.737787,0.737479,0.737762,50
2023-08-21 15:00:00,0.737762,0.738347,0.737746,0.738331,50
2023-08-21 16:00:00,0.738331,0.738676,0.738224,0.738569,50
2023-08-21 17:00:00,0.738569,0.738649,0.737705,0.737785,50
2023-08-21 18:00:00,0.737785,0.737912,0.737697,0.737825,50
2023-08-21 19:00:00,0.737825,0.738304,0.737759,0.738238,50
2023-08-21 20:00:00,0.738238,0.738354,0.737983,0.738099,50
2023-08-21 21:00:00,0.738099,0.738181,0.737523,0.737604,50
2023-08-21 22:00:00,0.737604,0.737889,0.737549,0.737834,50
2023-08-21 23:00:00,0.737834,0.737966,0.737167,0.737300,50
2023-08-22 00:00:00,0.737300,0.737792,0.737216,0.737708,50
2023-08-22 01:00:00,0.737708,0.737836,0.737615,0.737743,50
2023-08-22 02:00:00,0.737743,0.737993,0.737627,0.737876,50
2023-08-22 03:00:00,0.737876,0.737902,0.737434,0.737460,50
2023-08-22 04:00:00,0.737460,0.737748,0.737403,0.737691,50
2023-08-22 05:00:00,0.737691,0.737817,0.737475,0.737602,50
2023-08-22 06:00:00,0.737602,0.737662,0.737310,0.737371,50
2023-08-22 07:00:00,0.737371,0.737372,0.737305,0.737307,50
2023-08-22 08:00:00,0.737307,0.737317,0.736618,0.736628,50
2023-08-22 09:00:00,0.736628,0.737098,0.736561,0.737031,50
2023-08-22 10:00:00,0.737031,0.737182,0.737003,0.737154,50
2023-08-22 11:00:00,0.737154,0.737459,0.737099,0.737405,50
2023-08-22 12:00:00,0.737405,0.738069,0.737345,0.738010,50
2023-08-22 13:00:00,0.738010,0.738207,0.738006,0.738203,50
2023-08-22 14:00:00,0.738203,0.738219,0.738157,0.738172,50
2023-08-22 15:00:00,0.738172,0.738408,0.738046,0.738281,50
2023-08-22 16:00:00,0.738281,0.738364,0.737558,0.737641,50
2023-08-22 17:00:00,0.737641,0.737763,0.737561,0.737683,50
2023-08-22 18:00:00,0.737683,0.738279,0.737626,0.738222,50
2023-08-22 19:00:00,0.738222,0.738776,0.738108,0.738662,50
2023-08-22 20:00:00,0.738662,0.738739,0.738400,0.738477,50
2023-08-22 21:00:00,0.738477,0.738595,0.738289,0.738407,50
2023-08-22 22:00:00,0.738407,0.738568,0.738399,0.738560,50
2023-08-22 23:00:00,0.738560,0.738610,0.738121,0.738171,50
2023-08-23 00:00:00,0.738171,0.738214,0.737863,0.737907,50
2023-08-23 01:00:00,0.737907,0.738115,0.737899,0.738107,50
2023-08-23 02:00:00,0.738107,0.738404,0.738029,0.738326,50
2023-08-23 03:00:00,0.738326,0.738504,0.738305,0.738484,50
2023-08-23 04:00:00,0.738484,0.738606,0.738442,0.738564,50
2023-08-23 05:00:00,0.738564,0.738618,0.738558,0.738612,50
2023-08-23 06:00:00,0.738612,0.738643,0.738232,0.738262,50
2023-08-23 07:00:00,0.738262,0.738708,0.738162,0.738607,50
2023-08-23 08:00:00,0.738607,0.738806,0.738573,0.738772,50
2023-08-23 09:00:00,0.738772,0.738894,0.738241,0.738363,50
2023-08-23 10:00:00,0.738363,0.738501,0.738341,0.738479,50
2023-08-23 11:00:00,0.738479,0.738555,0.738178,0.738254,50
2023-08-23 12:00:00,0.738254,0.738681,0.738252,0.738680,50
2023-08-23 13:00:00,0.738680,0.739170,0.738588,0.739078,50
2023-08-23 14:00:00,0.739078,0.739367,0.738946,0.739235,50
2023-08-23 15:00:00,0.739235,0.739310,0.738846,0.738922,50
2023-08-23 16:00:00,0.738922,0.739202,0.738845,0.739124,50
2023-08-23 17:00:00,0.739124,0.739482,0.739057,0.739415,50
2023-08-23 18:00:00,0.739415,0.739482,0.739088,0.739155,50
2023-08-23 19:00:00,0.739155,0.739225,0.738870,0.738940,50
2023-08-23 20:00:00,0.738940,0.739012,0.738473,0.738544,50
2023-08-23 21:00:00,0.738544,0.738900,0.738439,0.738794,50
2023-08-23 22:00:00,0.738794,0.738949,0.738790,0.738945,50
2023-08-23 23:00:00,0.738945,0.739047,0.738341,0.738443,50
2023-08-24 00:00:00,0.738443,0.739047,0.738401,0.739005,50
2023-08-24 01:00:00,0.739005,0.739034,0.738737,0.738765,50
2023-08-24 02:00:00,0.738765,0.738886,0.738581,0.738702,50
2023-08-24 03:00:00,0.738702,0.738827,0.738340,0.738465,50
2023-08-24 04:00:00,0.738465,0.738553,0.738175,0.738262,50
2023-08-24 05:00:00,0.738262,0.738513,0.738208,0.738459,50
2023-08-24 06:00:00,0.738459,0.738542,0.738345,0.738428,50
2023-08-24 07:00:00,0.738428,0.739019,0.738310,0.738901,50
2023-08-24 08:00:00,0.738901,0.738929,0.738483,0.738512,50
2023-08-24 09:00:00,0.738512,0.738620,0.738302,0.738410,50
2023-08-24 10:00:00,0.738410,0.738512,0.737906,0.738008,50
2023-08-24 11:00:00,0.738008,0.738149,0.737959,0.738100,50
2023-08-24 12:00:00,0.738100,0.738151,0.737991,0.738042,50
2023-08-24 13:00:00,0.738042,0.738096,0.738001,0.738055,50
2023-08-24 14:00:00,0.738055,0.738077,0.737871,0.737893,50
2023-08-24 15:00:00,0.737893,0.737974,0.737304,0.737385,50
2023-08-24 16:00:00,0.737385,0.737458,0.737054,0.737126,50
2023-08-24 17:00:00,0.737126,0.737138,0.736903,0.736915,50
2023-08-24 18:00:00,0.736915,0.736983,0.736725,0.736793,50
2023-08-24 19:00:00,0.736793,0.736947,0.736757,0.736911,50
2023-08-24 20:00:00,0.736911,0.736948,0.736801,0.736838,50
2023-08-24 21:00:00,0.736838,0.737239,0.736731,0.737132,50
2023-08-24 22:00:00,0.737132,0.737241,0.737129,0.737239,50
2023-08-24 23:00:00,0.737239,0.737375,0.737218,0.737354,50
2023-08-25 00:00:00,0.737354,0.737494,0.736959,0.737099,50
2023-08-25 01:00:00,0.737099,0.737499,0.736940,0.737340,50
2023-08-25 02:00:00,0.737340,0.737631,0.737059,0.737350,50
2023-08-25 03:00:00,0.737350,0.737599,0.736091,0.736340,50
2023-08-25 04:00:00,0.736340,0.737084,0.736166,0.736910,50
2023-08-25 05:00:00,0.736910,0.737104,0.735830,0.736024,50
2023-08-25 06:00:00,0.736024,0.737161,0.735910,0.737047,50
2023-08-25 07:00:00,0.737047,0.737215,0.734842,0.735010,50
2023-08-25 08:00:00,0.735010,0.736770,0.734814,0.736574,50
2023-08-25 09:00:00,0.736574,0.736693,0.735645,0.735764,50
2023-08-25 10:00:00,0.735764,0.736199,0.735530,0.735965,50
2023-08-25 11:00:00,0.735965,0.736861,0.735964,0.736861,50
2023-08-25 12:00:00,0.736861,0.737149,0.734487,0.734776,50
2023-08-25 13:00:00,0.734776,0.735004,0.733370,0.733599,50
2023-08-25 14:00:00,0.733599,0.733765,0.733559,0.733726,50
2023-08-25 15:00:00,0.733726,0.733735,0.733189,0.733198,50
2023-08-25 16:00:00,0.733198,0.735728,0.733107,0.735636,50
2023-08-25 17:00:00,0.735636,0.736749,0.735498,0.736611,50
2023-08-25 18:00:00,0.736611,0.736751,0.736130,0.736271,50
2023-08-25 19:00:00,0.736271,0.736762,0.736160,0.736651,50
2023-08-25 20:00:00,0.736651,0.736894,0.736432,0.736675,50
2023-08-25 21:00:00,0.736675,0.736853,0.735397,0.735575,50
2023-08-25 22:00:00,0.735575,0.735831,0.734771,0.735028,50
2023-08-25 23:00:00,0.735028,0.735232,0.733687,0.733891,50
2023-08-28 00:00:00,0.733891,0.733926,0.733532,0.733567,50
2023-08-28 01:00:00,0.733567,0.733820,0.733443,0.733695,50
2023-08-28 02:00:00,0.733695,0.734012,0.733625,0.733942,50
2023-08-28 03:00:00,0.733942,0.734059,0.733741,0.733858,50
2023-08-28 04:00:00,0.733858,0.734051,0.733833,0.734027,50
2023-08-28 05:00:00,0.734027,0.734736,0.733910,0.734620,50
2023-08-28 06:00:00,0.734620,0.735188,0.734489,0.735058,50
2023-08-28 07:00:00,0.735058,0.735233,0.735022,0.735197,50
2023-08-28 08:00:00,0.735197,0.735293,0.734992,0.735088,50
2023-08-28 09:00:00,0.735088,0.735350,0.734977,0.735239,50
2023-08-28 10:00:00,0.735239,0.735367,0.735008,0.735136,50
2023-08-28 11:00:00,0.735136,0.735403,0.735055,0.735322,50
2023-08-28 12:00:00,0.735322,0.735397,0.734885,0.734960,50
2023-08-28 13:00:00,0.734960,0.735066,0.734464,0.734569,50
2023-08-28 14:00:00,0.734569,0.734628,0.734334,0.734393,50
2023-08-28 15:00:00,0.734393,0.734444,0.734385,0.734436,50
2023-08-28 16:00:00,0.734436,0.734464,0.734411,0.734439,50
2023-08-28 17:00:00,0.734439,0.734765,0.734434,0.734760,50
2023-08-28 18:00:00,0.734760,0.735057,0.734744,0.735040,50
2023-08-28 19:00:00,0.735040,0.735478,0.734954,0.735391,50
2023-08-28 20:00:00,0.735391,0.735719,0.735278,0.735606,50
2023-08-28 21:00:00,0.735606,0.735884,0.735556,0.735834,50
2023-08-28 22:00:00,0.735834,0.735840,0.735564,0.735569,50
2023-08-28 23:00:00,0.735569,0.735591,0.735489,0.735510,50
2023-08-29 00:00:00,0.735510,0.735607,0.734767,0.734864,50
2023-08-29 01:00:00,0.734864,0.734913,0.734547,0.734596,50
2023-08-29 02:00:00,0.734596,0.735114,0.734553,0.735071,50
2023-08-29 03:00:00,0.735071,0.735301,0.734963,0.735193,50
2023-08-29 04:00:00,0.735193,0.735398,0.735191,0.735396,50
2023-08-29 05:00:00,0.735396,0.735654,0.735292,0.735550,50
2023-08-29 06:00:00,0.735550,0.735620,0.735019,0.735089,50
2023-08-29 07:00:00,0.735089,0.735904,0.735004,0.735818,50
2023-08-29 08:00:00,0.735818,0.736036,0.735703,0.735921,50
2023-08-29 09:00:00,0.735921,0.735963,0.735906,0.735948,50
2023-08-29 10:00:00,0.735948,0.736054,0.735900,0.736007,50
2023-08-29 11:00:00,0.736007,0.736055,0.735669,0.735717,50
2023-08-29 12:00:00,0.735717,0.735844,0.735705,0.735832,50
2023-08-29 13:00:00,0.735832,0.736093,0.735706,0.735966,50
2023-08-29 14:00:00,0.735966,0.736245,0.735956,0.736235,50
2023-08-29 15:00:00,0.736235,0.736364,0.736175,0.736304,50
2023-08-29 16:00:00,0.736304,0.736886,0.736222,0.736804,50
2023-08-29 17:00:00,0.736804,0.736889,0.736465,0.736551,50
2023-08-29 18:00:00,0.736551,0.736762,0.736454,0.736665,50
2023-08-29 19:00:00,0.736665,0.736711,0.736582,0.736629,50
2023-08-29 20:00:00,0.736629,0.736650,0.736467,0.736488,50
2023-08-29 21:00:00,0.736488,0.736504,0.736453,0.736469,50
2023-08-29 22:00:00,0.736469,0.736556,0.736171,0.736258,50
2023-08-29 23:00:00,0.736258,0.736388,0.735760,0.735889,50
2023-08-30 00:00:00,0.735889,0.735999,0.735048,0.735157,50
2023-08-30 01:00:00,0.735157,0.736110,0.734905,0.735858,50
2023-08-30 02:00:00,0.735858,0.735886,0.735829,0.735857,50
2023-08-30 03:00:00,0.735857,0.736055,0.734886,0.735083,50
2023-08-30 04:00:00,0.735083,0.736216,0.734862,0.735995,50
2023-08-30 05:00:00,0.735995,0.736174,0.735171,0.735350,50
2023-08-30 06:00:00,0.735350,0.735588,0.735288,0.735526,50
2023-08-30 07:00:00,0.735526,0.736244,0.735491,0.736209,50
2023-08-30 08:00:00,0.736209,0.736211,0.735439,0.735442,50
2023-08-30 09:00:00,0.735442,0.736323,0.735141,0.736022,50
2023-08-30 10:00:00,0.736022,0.736775,0.735744,0.736497,50
2023-08-30 11:00:00,0.736497,0.736632,0.735947,0.736081,50
2023-08-30 12:00:00,0.736081,0.737434,0.735955,0.737308,50
2023-08-30 13:00:00,0.737308,0.738236,0.737101,0.738029,50
2023-08-30 14:00:00,0.738029,0.738195,0.737459,0.737625,50
2023-08-30 15:00:00,0.737625,0.737719,0.736083,0.736177,50
2023-08-30 16:00:00,0.736177,0.737196,0.735962,0.736981,50
2023-08-30 17:00:00,0.736981,0.737250,0.736853,0.737122,50
2023-08-30 18:00:00,0.737122,0.737545,0.736866,0.737289,50
2023-08-30 19:00:00,0.737289,0.737491,0.736718,0.736919,50
2023-08-30 20:00:00,0.736919,0.737012,0.736448,0.736541,50
2023-08-30 21:00:00,0.736541,0.740077,0.736366,0.739903,50
2023-08-30 22:00:00,0.739903,0.740241,0.739704,0.740042,50
2023-08-30 23:00:00,0.740042,0.740219,0.739742,0.739919,50
2023-08-31 00:00:00,0.739919,0.740452,0.739831,0.740364,50
2023-08-31 01:00:00,0.740364,0.740379,0.740128,0.740142,50
2023-08-31 02:00:00,0.740142,0.740452,0.740011,0.740321,50
2023-08-31 03:00:00,0.740321,0.740426,0.739303,0.739408,50
2023-08-31 04:00:00,0.739408,0.739523,0.739195,0.739309,50
2023-08-31 05:00:00,0.739309,0.739401,0.738375,0.738467,50
2023-08-31 06:00:00,0.738467,0.738921,0.738347,0.738802,50
2023-08-31 07:00:00,0.738802,0.738871,0.738300,0.738369,50
2023-08-31 08:00:00,0.738369,0.738434,0.738357,0.738422,50
2023-08-31 09:00:00,0.738422,0.738636,0.738383,0.738597,50
2023-08-31 10:00:00,0.738597,0.738633,0.738119,0.738155,50
2023-08-31 11:00:00,0.738155,0.738830,0.738025,0.738700,50
2023-08-31 12:00:00,0.738700,0.738743,0.738672,0.738714,50
2023-08-31 13:00:00,0.738714,0.738720,0.738395,0.738400,50
2023-08-31 14:00:00,0.738400,0.739430,0.738282,0.739311,50
2023-08-31 15:00:00,0.739311,0.739418,0.739176,0.739283,50
2023-08-31 16:00:00,0.739283,0.739362,0.739013,0.739092,50
2023-08-31 17:00:00,0.739092,0.739241,0.739041,0.739191,50
2023-08-31 18:00:00,0.739191,0.739894,0.739166,0.739869,50
2023-08-31 19:00:00,0.739869,0.739939,0.738847,0.738916,50
2023-08-31 20:00:00,0.738916,0.739135,0.738814,0.739033,50
2023-08-31 21:00:00,0.739033,0.739142,0.738095,0.738204,50
2023-08-31 22:00:00,0.738204,0.738792,0.738195,0.738782,50
2023-08-31 23:00:00,0.738782,0.738850,0.738539,0.738607,50
2023-09-01 00:00:00,0.738607,0.738882,0.738477,0.738752,50
2023-09-01 01:00:00,0.738752,0.739140,0.738652,0.739041,50
2023-09-01 02:00:00,0.739041,0.739092,0.739024,0.739075,50
2023-09-01 03:00:00,0.739075,0.739138,0.738920,0.738983,50
2023-09-01 04:00:00,0.738983,0.739018,0.738837,0.738872,50
2023-09-01 05:00:00,0.738872,0.739018,0.738076,0.738223,50
2023-09-01 06:00:00,0.738223,0.738530,0.738063,0.738370,50
2023-09-01 07:00:00,0.738370,0.738493,0.738191,0.738313,50
2023-09-01 08:00:00,0.738313,0.738416,0.737275,0.737377,50
2023-09-01 09:00:00,0.737377,0.737554,0.737104,0.737282,50
2023-09-01 10:00:00,0.737282,0.737403,0.736741,0.736862,50
2023-09-01 11:00:00,0.736862,0.736901,0.736622,0.736661,50
2023-09-01 12:00:00,0.736661,0.737221,0.736483,0.737043,50
2023-09-01 13:00:00,0.737043,0.737201,0.736921,0.737080,50
2023-09-01 14:00:00,0.737080,0.737254,0.736905,0.737079,50
2023-09-01 15:00:00,0.737079,0.737152,0.736645,0.736717,50
2023-09-01 16:00:00,0.736717,0.737225,0.736609,0.737118,50
2023-09-01 17:00:00,0.737118,0.737244,0.736829,0.736955,50
2023-09-01 18:00:00,0.736955,0.737061,0.736152,0.736258,50
2023-09-01 19:00:00,0.736258,0.736781,0.736243,0.736765,50
2023-09-01 20:00:00,0.736765,0.736804,0.736430,0.736469,50
2023-09-01 21:00:00,0.736469,0.736539,0.736275,0.736345,50
2023-09-01 22:00:00,0.736345,0.736349,0.735869,0.735873,50
2023-09-01 23:00:00,0.735873,0.736275,0.735867,0.736269,50
2023-09-05 00:00:00,0.736269,0.736640,0.736161,0.736533,50
2023-09-05 01:00:00,0.736533,0.736770,0.736457,0.736695,50
2023-09-05 02:00:00,0.736695,0.736731,0.736492,0.736529,50
2023-09-05 03:00:00,0.736529,0.736687,0.736504,0.736663,50
2023-09-05 04:00:00,0.736663,0.736770,0.736297,0.736404,50
2023-09-05 05:00:00,0.736404,0.736419,0.736384,0.736400,50
2023-09-05 06:00:00,0.736400,0.736542,0.736292,0.736434,50
2023-09-05 07:00:00,0.736434,0.736499,0.736159,0.736223,50
2023-09-05 08:00:00,0.736223,0.736230,0.736063,0.736070,50
2023-09-05 09:00:00,0.736070,0.736116,0.735766,0.735813,50
2023-09-05 10:00:00,0.735813,0.735885,0.735418,0.735490,50
2023-09-05 11:00:00,0.735490,0.735593,0.735075,0.735179,50
2023-09-05 12:00:00,0.735179,0.735229,0.734924,0.734974,50
2023-09-05 13:00:00,0.734974,0.735067,0.734561,0.734654,50
2023-09-05 14:00:00,0.734654,0.734886,0.734543,0.734774,50
2023-09-05 15:00:00,0.734774,0.734956,0.734701,0.734882,50
2023-09-05 16:00:00,0.734882,0.734902,0.734752,0.734772,50
2023-09-05 17:00:00,0.734772,0.734946,0.734733,0.734907,50
2023-09-05 18:00:00,0.734907,0.735242,0.734808,0.735143,50
2023-09-05 19:00:00,0.735143,0.735318,0.735077,0.735252,50
2023-09-05 20:00:00,0.735252,0.735328,0.735140,0.735216,50
2023-09-05 21:00:00,0.735216,0.735331,0.734632,0.734747,50
2023-09-05 22:00:00,0.734747,0.734807,0.734429,0.734490,50
2023-09-05 23:00:00,0.734490,0.735038,0.734368,0.734916,50
2023-09-06 00:00:00,0.734916,0.735136,0.734742,0.734962,50
2023-09-06 01:00:00,0.734962,0.735105,0.734653,0.734796,50
2023-09-06 02:00:00,0.734796,0.734816,0.734061,0.734080,50
2023-09-06 03:00:00,0.734080,0.734284,0.733503,0.733707,50
2023-09-06 04:00:00,0.733707,0.733882,0.733434,0.733610,50
2023-09-06 05:00:00,0.733610,0.733621,0.732923,0.732935,50
2023-09-06 06:00:00,0.732935,0.733022,0.732137,0.732224,50
2023-09-06 07:00:00,0.732224,0.732585,0.732205,0.732566,50
2023-09-06 08:00:00,0.732566,0.732764,0.731802,0.732000,50
2023-09-06 09:00:00,0.732000,0.732096,0.731816,0.731911,50
2023-09-06 10:00:00,0.731911,0.732325,0.731787,0.732200,50
2023-09-06 11:00:00,0.732200,0.732390,0.732093,0.732282,50
2023-09-06 12:00:00,0.732282,0.732485,0.731786,0.731989,50
2023-09-06 13:00:00,0.731989,0.732771,0.731806,0.732589,50
2023-09-06 14:00:00,0.732589,0.733075,0.732507,0.732994,50
2023-09-06 15:00:00,0.732994,0.733111,0.732341,0.732457,50
2023-09-06 16:00:00,0.732457,0.732661,0.732256,0.732459,50
2023-09-06 17:00:00,0.732459,0.732611,0.731664,0.731816,50
2023-09-06 18:00:00,0.731816,0.732230,0.731656,0.732070,50
2023-09-06 19:00:00,0.732070,0.733268,0.731868,0.733066,50
2023-09-06 20:00:00,0.733066,0.733368,0.732985,0.733287,50
2023-09-06 21:00:00,0.733287,0.734843,0.733132,0.734687,50
2023-09-06 22:00:00,0.734687,0.735529,0.734591,0.735433,50
2023-09-06 23:00:00,0.735433,0.735483,0.732282,0.732332,50
2023-09-07 00:00:00,0.732332,0.732734,0.732315,0.732717,50
2023-09-07 01:00:00,0.732717,0.732799,0.732339,0.732421,50
2023-09-07 02:00:00,0.732421,0.732500,0.732212,0.732291,50
2023-09-07 03:00:00,0.732291,0.732332,0.731321,0.731362,50
2023-09-07 04:00:00,0.731362,0.731469,0.731173,0.731280,50
2023-09-07 05:00:00,0.731280,0.731368,0.730932,0.731020,50
2023-09-07 06:00:00,0.731020,0.731679,0.730889,0.731548,50
2023-09-07 07:00:00,0.731548,0.731615,0.730999,0.731067,50
2023-09-07 08:00:00,0.731067,0.731215,0.730952,0.731101,50
2023-09-07 09:00:00,0.731101,0.731182,0.731063,0.731144,50
2023-09-07 10:00:00,0.731144,0.731190,0.731137,0.731182,50
2023-09-07 11:00:00,0.731182,0.731289,0.731160,0.731266,50
2023-09-07 12:00:00,0.731266,0.731395,0.730961,0.731089,50
2023-09-07 13:00:00,0.731089,0.731133,0.730575,0.730620,50
2023-09-07 14:00:00,0.730620,0.730915,0.730597,0.730892,50
2023-09-07 15:00:00,0.730892,0.730982,0.730694,0.730784,50
2023-09-07 16:00:00,0.730784,0.730863,0.730657,0.730735,50
2023-09-07 17:00:00,0.730735,0.730958,0.730697,0.730920,50
2023-09-07 18:00:00,0.730920,0.731483,0.730812,0.731375,50
2023-09-07 19:00:00,0.731375,0.731487,0.731226,0.731338,50
2023-09-07 20:00:00,0.731338,0.731529,0.731239,0.731430,50
2023-09-07 21:00:00,0.731430,0.731634,0.731332,0.731537,50
2023-09-07 22:00:00,0.731537,0.731770,0.731449,0.731682,50
2023-09-07 23:00:00,0.731682,0.731732,0.731051,0.731101,50
2023-09-08 00:00:00,0.731101,0.731486,0.731094,0.731479,50
2023-09-08 01:00:00,0.731479,0.731714,0.731374,0.731610,50
2023-09-08 02:00:00,0.731610,0.731754,0.730620,0.730765,50
2023-09-08 03:00:00,0.730765,0.730768,0.730486,0.730489,50
2023-09-08 04:00:00,0.730489,0.731189,0.730391,0.731091,50
2023-09-08 05:00:00,0.731091,0.731384,0.730994,0.731287,50
2023-09-08 06:00:00,0.731287,0.732094,0.731092,0.731899,50
2023-09-08 07:00:00,0.731899,0.732037,0.731532,0.731670,50
2023-09-08 08:00:00,0.731670,0.733116,0.731424,0.732870,50
2023-09-08 09:00:00,0.732870,0.733077,0.732386,0.732593,50
2023-09-08 10:00:00,0.732593,0.733599,0.732374,0.733380,50
2023-09-08 11:00:00,0.733380,0.733575,0.732869,0.733065,50
2023-09-08 12:00:00,0.733065,0.733197,0.732768,0.732901,50
2023-09-08 13:00:00,0.732901,0.733168,0.732870,0.733137,50
2023-09-08 14:00:00,0.733137,0.733254,0.732528,0.732645,50
2023-09-08 15:00:00,0.732645,0.733345,0.732593,0.733293,50
2023-09-08 16:00:00,0.733293,0.733705,0.733270,0.733682,50
2023-09-08 17:00:00,0.733682,0.734621,0.733483,0.734421,50
2023-09-08 18:00:00,0.734421,0.734627,0.733815,0.734022,50
2023-09-08 19:00:00,0.734022,0.735009,0.733785,0.734772,50
2023-09-08 20:00:00,0.734772,0.734847,0.734368,0.734443,50
2023-09-08 21:00:00,0.734443,0.734649,0.734401,0.734608,50
2023-09-08 22:00:00,0.734608,0.734652,0.733647,0.733692,50
2023-09-08 23:00:00,0.733692,0.734378,0.733474,0.734160,50
2023-09-11 00:00:00,0.734160,0.734408,0.734158,0.734405,50
2023-09-11 01:00:00,0.734405,0.734962,0.734271,0.734828,50
2023-09-11 02:00:00,0.734828,0.734853,0.734741,0.734766,50
2023-09-11 03:00:00,0.734766,0.734768,0.734617,0.734619,50
2023-09-11 04:00:00,0.734619,0.735041,0.734448,0.734870,50
2023-09-11 05:00:00,0.734870,0.734950,0.734200,0.734280,50
2023-09-11 06:00:00,0.734280,0.734321,0.733687,0.733728,50
2023-09-11 07:00:00,0.733728,0.734198,0.733602,0.734071,50
2023-09-11 08:00:00,0.734071,0.734088,0.733948,0.733965,50
2023-09-11 09:00:00,0.733965,0.734696,0.733801,0.734532,50
2023-09-11 10:00:00,0.734532,0.734802,0.734519,0.734788,50
2023-09-11 11:00:00,0.734788,0.735056,0.734644,0.734912,50
2023-09-11 12:00:00,0.734912,0.735473,0.734814,0.735375,50
2023-09-11 13:00:00,0.735375,0.735393,0.734947,0.734966,50
2023-09-11 14:00:00,0.734966,0.735809,0.734816,0.735659,50
2023-09-11 15:00:00,0.735659,0.735844,0.735610,0.735795,50
2023-09-11 16:00:00,0.735795,0.735886,0.735428,0.735519,50
2023-09-11 17:00:00,0.735519,0.736021,0.735346,0.735848,50
2023-09-11 18:00:00,0.735848,0.735951,0.735754,0.735857,50
2023-09-11 19:00:00,0.735857,0.736688,0.735763,0.736595,50
2023-09-11 20:00:00,0.736595,0.736667,0.736277,0.736349,50
2023-09-11 21:00:00,0.736349,0.736413,0.736138,0.736202,50
2023-09-11 22:00:00,0.736202,0.736814,0.736024,0.736635,50
2023-09-11 23:00:00,0.736635,0.736659,0.736299,0.736323,50
2023-09-12 00:00:00,0.736323,0.737346,0.736247,0.737271,50
2023-09-12 01:00:00,0.737271,0.737354,0.736938,0.737022,50
2023-09-12 02:00:00,0.737022,0.737186,0.736902,0.737066,50
2023-09-12 03:00:00,0.737066,0.737376,0.736991,0.737300,50
2023-09-12 04:00:00,0.737300,0.737370,0.736478,0.736547,50
2023-09-12 05:00:00,0.736547,0.736765,0.736489,0.736707,50
2023-09-12 06:00:00,0.736707,0.736815,0.736478,0.736586,50
2023-09-12 07:00:00,0.736586,0.736683,0.736143,0.736240,50
2023-09-12 08:00:00,0.736240,0.736523,0.736136,0.736420,50
2023-09-12 09:00:00,0.736420,0.736465,0.736322,0.736367,50
2023-09-12 10:00:00,0.736367,0.736631,0.736334,0.736597,50
2023-09-12 11:00:00,0.736597,0.736652,0.735922,0.735977,50
2023-09-12 12:00:00,0.735977,0.736727,0.735944,0.736694,50
2023-09-12 13:00:00,0.736694,0.736740,0.736518,0.736564,50
2023-09-12 14:00:00,0.736564,0.736794,0.736528,0.736759,50
2023-09-12 15:00:00,0.736759,0.736975,0.736750,0.736966,50
2023-09-12 16:00:00,0.736966,0.738008,0.736954,0.737997,50
2023-09-12 17:00:00,0.737997,0.738032,0.737498,0.737534,50
2023-09-12 18:00:00,0.737534,0.738235,0.737464,0.738164,50
2023-09-12 19:00:00,0.738164,0.738279,0.738011,0.738125,50
2023-09-12 20:00:00,0.738125,0.738238,0.737607,0.737720,50
2023-09-12 21:00:00,0.737720,0.738307,0.737603,0.738190,50
2023-09-12 22:00:00,0.738190,0.738240,0.737958,0.738008,50
2023-09-12 23:00:00,0.738008,0.738008,0.737843,0.737844,50
2023-09-13 00:00:00,0.737844,0.737884,0.737375,0.737415,50
2023-09-13 01:00:00,0.737415,0.737554,0.737301,0.737440,50
2023-09-13 02:00:00,0.737440,0.737804,0.737410,0.737774,50
2023-09-13 03:00:00,0.737774,0.737961,0.737655,0.737842,50
2023-09-13 04:00:00,0.737842,0.737892,0.737625,0.737675,50
2023-09-13 05:00:00,0.737675,0.738094,0.737581,0.738000,50
2023-09-13 06:00:00,0.738000,0.738388,0.737937,0.738324,50
2023-09-13 07:00:00,0.738324,0.738682,0.738250,0.738607,50
2023-09-13 08:00:00,0.738607,0.738846,0.738529,0.738767,50
2023-09-13 09:00:00,0.738767,0.738826,0.738702,0.738761,50
2023-09-13 10:00:00,0.738761,0.739238,0.738630,0.739106,50
2023-09-13 11:00:00,0.739106,0.739149,0.739080,0.739122,50
2023-09-13 12:00:00,0.739122,0.739240,0.738910,0.739028,50
2023-09-13 13:00:00,0.739028,0.739230,0.738896,0.739099,50
2023-09-13 14:00:00,0.739099,0.739149,0.738743,0.738793,50
2023-09-13 15:00:00,0.738793,0.738936,0.738671,0.738814,50
2023-09-13 16:00:00,0.738814,0.738844,0.738795,0.738826,50
2023-09-13 17:00:00,0.738826,0.738897,0.738691,0.738763,50
2023-09-13 18:00:00,0.738763,0.738818,0.738673,0.738728,50
2023-09-13 19:00:00,0.738728,0.738867,0.738600,0.738739,50
2023-09-13 20:00:00,0.738739,0.738870,0.738626,0.738757,50
2023-09-13 21:00:00,0.738757,0.739158,0.738686,0.739086,50
2023-09-13 22:00:00,0.739086,0.739394,0.739003,0.739311,50
2023-09-13 23:00:00,0.739311,0.739345,0.738901,0.738934,50
2023-09-14 00:00:00,0.738934,0.739011,0.738703,0.738780,50
2023-09-14 01:00:00,0.738780,0.739116,0.738742,0.739078,50
2023-09-14 02:00:00,0.739078,0.739083,0.738366,0.738371,50
2023-09-14 03:00:00,0.738371,0.738784,0.738242,0.738655,50
2023-09-14 04:00:00,0.738655,0.739220,0.738613,0.739178,50
2023-09-14 05:00:00,0.739178,0.739397,0.739082,0.739301,50
2023-09-14 06:00:00,0.739301,0.739369,0.739192,0.739259,50
2023-09-14 07:00:00,0.739259,0.739720,0.739219,0.739680,50
2023-09-14 08:00:00,0.739680,0.739710,0.739026,0.739056,50
2023-09-14 09:00:00,0.739056,0.739523,0.738996,0.739463,50
2023-09-14 10:00:00,0.739463,0.739584,0.738985,0.739106,50
2023-09-14 11:00:00,0.739106,0.739557,0.739022,0.739472,50
2023-09-14 12:00:00,0.739472,0.739527,0.739333,0.739388,50
2023-09-14 13:00:00,0.739388,0.740512,0.739330,0.740454,50
2023-09-14 14:00:00,0.740454,0.740563,0.739787,0.739896,50
2023-09-14 15:00:00,0.739896,0.740009,0.739779,0.739892,50
2023-09-14 16:00:00,0.739892,0.739893,0.739856,0.739856,50
2023-09-14 17:00:00,0.739856,0.739965,0.739819,0.739927,50
2023-09-14 18:00:00,0.739927,0.740018,0.739793,0.739883,50
2023-09-14 19:00:00,0.739883,0.740215,0.739863,0.740196,50
2023-09-14 20:00:00,0.740196,0.740252,0.739973,0.740030,50
2023-09-14 21:00:00,0.740030,0.740233,0.739921,0.740124,50
2023-09-14 22:00:00,0.740124,0.740700,0.740015,0.740591,50
2023-09-14 23:00:00,0.740591,0.740701,0.739918,0.740028,50
2023-09-15 00:00:00,0.740028,0.740578,0.740026,0.740575,50
2023-09-15 01:00:00,0.740575,0.740682,0.739493,0.739600,50
2023-09-15 02:00:00,0.739600,0.740145,0.739476,0.740021,50
2023-09-15 03:00:00,0.740021,0.740113,0.739072,0.739164,50
2023-09-15 04:00:00,0.739164,0.739977,0.739156,0.739969,50
2023-09-15 05:00:00,0.739969,0.740029,0.739900,0.739960,50
2023-09-15 06:00:00,0.739960,0.740399,0.739828,0.740267,50
2023-09-15 07:00:00,0.740267,0.740274,0.740094,0.740101,50
2023-09-15 08:00:00,0.740101,0.740298,0.740010,0.740207,50
2023-09-15 09:00:00,0.740207,0.740277,0.739520,0.739591,50
2023-09-15 10:00:00,0.739591,0.739697,0.739294,0.739399,50
2023-09-15 11:00:00,0.739399,0.739987,0.739308,0.739895,50
2023-09-15 12:00:00,0.739895,0.739941,0.739307,0.739353,50
2023-09-15 13:00:00,0.739353,0.740429,0.739305,0.740381,50
2023-09-15 14:00:00,0.740381,0.740453,0.740348,0.740420,50
2023-09-15 15:00:00,0.740420,0.740436,0.740003,0.740020,50
2023-09-15 16:00:00,0.740020,0.740130,0.739773,0.739883,50
2023-09-15 17:00:00,0.739883,0.739950,0.739611,0.739679,50
2023-09-15 18:00:00,0.739679,0.740502,0.739560,0.740384,50
2023-09-15 19:00:00,0.740384,0.741125,0.740300,0.741042,50
2023-09-15 20:00:00,0.741042,0.741338,0.741040,0.741337,50
2023-09-15 21:00:00,0.741337,0.741421,0.740922,0.741007,50
2023-09-15 22:00:00,0.741007,0.741049,0.740895,0.740937,50
2023-09-15 23:00:00,0.740937,0.740987,0.740471,0.740521,50
2023-09-18 00:00:00,0.740521,0.741728,0.740498,0.741705,50
2023-09-18 01:00:00,0.741705,0.741767,0.741439,0.741501,50
2023-09-18 02:00:00,0.741501,0.741549,0.740965,0.741013,50
2023-09-18 03:00:00,0.741013,0.741140,0.740614,0.740742,50
2023-09-18 04:00:00,0.740742,0.740795,0.740721,0.740774,50
2023-09-18 05:00:00,0.740774,0.740848,0.740472,0.740546,50
2023-09-18 06:00:00,0.740546,0.740580,0.740236,0.740270,50
2023-09-18 07:00:00,0.740270,0.740403,0.740243,0.740375,50
2023-09-18 08:00:00,0.740375,0.740652,0.740243,0.740520,50
2023-09-18 09:00:00,0.740520,0.740625,0.740414,0.740520,50
2023-09-18 10:00:00,0.740520,0.740555,0.740518,0.740554,50
2023-09-18 11:00:00,0.740554,0.740556,0.740285,0.740288,50
2023-09-18 12:00:00,0.740288,0.740332,0.740059,0.740104,50
2023-09-18 13:00:00,0.740104,0.740131,0.739985,0.740013,50
2023-09-18 14:00:00,0.740013,0.740611,0.739898,0.740496,50
2023-09-18 15:00:00,0.740496,0.740500,0.740319,0.740324,50
2023-09-18 16:00:00,0.740324,0.740473,0.740274,0.740424,50
2023-09-18 17:00:00,0.740424,0.740642,0.740349,0.740567,50
2023-09-18 18:00:00,0.740567,0.741197,0.740551,0.741181,50
2023-09-18 19:00:00,0.741181,0.741802,0.741117,0.741738,50
2023-09-18 20:00:00,0.741738,0.741947,0.741673,0.741882,50
2023-09-18 21:00:00,0.741882,0.742281,0.741839,0.742238,50
2023-09-18 22:00:00,0.742238,0.742346,0.742028,0.742136,50
2023-09-18 23:00:00,0.742136,0.742193,0.741673,0.741730,50
2023-09-19 00:00:00,0.741730,0.741963,0.741265,0.741499,50
2023-09-19 01:00:00,0.741499,0.742354,0.741380,0.742236,50
2023-09-19 02:00:00,0.742236,0.743429,0.742061,0.743255,50
2023-09-19 03:00:00,0.743255,0.743515,0.743157,0.743417,50
2023-09-19 04:00:00,0.743417,0.743813,0.743409,0.743805,50
2023-09-19 05:00:00,0.743805,0.743979,0.743592,0.743766,50
2023-09-19 06:00:00,0.743766,0.743779,0.743526,0.743539,50
2023-09-19 07:00:00,0.743539,0.743949,0.743524,0.743934,50
2023-09-19 08:00:00,0.743934,0.744433,0.743753,0.744252,50
2023-09-19 09:00:00,0.744252,0.745160,0.744202,0.745109,50
2023-09-19 10:00:00,0.745109,0.745193,0.744259,0.744342,50
2023-09-19 11:00:00,0.744342,0.744418,0.743864,0.743940,50
2023-09-19 12:00:00,0.743940,0.744062,0.742926,0.743049,50
2023-09-19 13:00:00,0.743049,0.743286,0.742926,0.743163,50
2023-09-19 14:00:00,0.743163,0.743194,0.743065,0.743096,50
2023-09-19 15:00:00,0.743096,0.743102,0.742624,0.742630,50
2023-09-19 16:00:00,0.742630,0.743227,0.742434,0.743031,50
2023-09-19 17:00:00,0.743031,0.743059,0.742956,0.742984,50
2023-09-19 18:00:00,0.742984,0.743066,0.742697,0.742779,50
2023-09-19 19:00:00,0.742779,0.743403,0.742589,0.743212,50
2023-09-19 20:00:00,0.743212,0.743559,0.743188,0.743535,50
2023-09-19 21:00:00,0.743535,0.743608,0.743516,0.743589,50
2023-09-19 22:00:00,0.743589,0.744076,0.743504,0.743990,50
2023-09-19 23:00:00,0.743990,0.744639,0.743898,0.744546,50
2023-09-20 00:00:00,0.744546,0.744962,0.744446,0.744861,50
2023-09-20 01:00:00,0.744861,0.744894,0.744158,0.744191,50
2023-09-20 02:00:00,0.744191,0.744222,0.743592,0.743623,50
2023-09-20 03:00:00,0.743623,0.744442,0.743508,0.744328,50
2023-09-20 04:00:00,0.744328,0.744867,0.744245,0.744785,50
2023-09-20 05:00:00,0.744785,0.744912,0.744673,0.744800,50
2023-09-20 06:00:00,0.744800,0.744858,0.743930,0.743987,50
2023-09-20 07:00:00,0.743987,0.744665,0.743860,0.744538,50
2023-09-20 08:00:00,0.744538,0.744576,0.744138,0.744177,50
2023-09-20 09:00:00,0.744177,0.744381,0.744045,0.744250,50
2023-09-20 10:00:00,0.744250,0.745147,0.744172,0.745069,50
2023-09-20 11:00:00,0.745069,0.745156,0.744941,0.745028,50
2023-09-20 12:00:00,0.745028,0.745186,0.744908,0.745066,50
2023-09-20 13:00:00,0.745066,0.745149,0.744587,0.744670,50
2023-09-20 14:00:00,0.744670,0.744870,0.744629,0.744829,50
2023-09-20 15:00:00,0.744829,0.745274,0.744747,0.745192,50
2023-09-20 16:00:00,0.745192,0.745439,0.745192,0.745439,50
2023-09-20 17:00:00,0.745439,0.745486,0.745183,0.745231,50
2023-09-20 18:00:00,0.745231,0.745367,0.745110,0.745247,50
2023-09-20 19:00:00,0.745247,0.745261,0.745159,0.745173,50
2023-09-20 20:00:00,0.745173,0.745409,0.745076,0.745313,50
2023-09-20 21:00:00,0.745313,0.745390,0.745103,0.745180,50
2023-09-20 22:00:00,0.745180,0.745376,0.745160,0.745356,50
2023-09-20 23:00:00,0.745356,0.745363,0.744928,0.744934,50
2023-09-21 00:00:00,0.744934,0.745619,0.744912,0.745597,50
2023-09-21 01:00:00,0.745597,0.745623,0.744972,0.744998,50
2023-09-21 02:00:00,0.744998,0.745234,0.744527,0.744763,50
2023-09-21 03:00:00,0.744763,0.744878,0.744592,0.744707,50
2023-09-21 04:00:00,0.744707,0.744811,0.743358,0.743463,50
2023-09-21 05:00:00,0.743463,0.743556,0.743195,0.743289,50
2023-09-21 06:00:00,0.743289,0.743384,0.742990,0.743085,50
2023-09-21 07:00:00,0.743085,0.743154,0.742943,0.743012,50
2023-09-21 08:00:00,0.743012,0.743020,0.742821,0.742829,50
2023-09-21 09:00:00,0.742829,0.743155,0.742817,0.743143,50
2023-09-21 10:00:00,0.743143,0.743361,0.742454,0.742672,50
2023-09-21 11:00:00,0.742672,0.742917,0.741496,0.741741,50
2023-09-21 12:00:00,0.741741,0.742205,0.741540,0.742005,50
2023-09-21 13:00:00,0.742005,0.742175,0.740786,0.740957,50
2023-09-21 14:00:00,0.740957,0.741328,0.740717,0.741088,50
2023-09-21 15:00:00,0.741088,0.742281,0.740910,0.742102,50
2023-09-21 16:00:00,0.742102,0.742380,0.741863,0.742140,50
2023-09-21 17:00:00,0.742140,0.742597,0.741935,0.742391,50
2023-09-21 18:00:00,0.742391,0.742500,0.741919,0.742029,50
2023-09-21 19:00:00,0.742029,0.742676,0.741957,0.742604,50
2023-09-21 20:00:00,0.742604,0.742762,0.742396,0.742553,50
2023-09-21 21:00:00,0.742553,0.743400,0.742380,0.743226,50
2023-09-21 22:00:00,0.743226,0.743421,0.742886,0.743080,50
2023-09-21 23:00:00,0.743080,0.743186,0.741514,0.741620,50
2023-09-22 00:00:00,0.741620,0.741737,0.741005,0.741123,50
2023-09-22 01:00:00,0.741123,0.741458,0.741073,0.741408,50
2023-09-22 02:00:00,0.741408,0.741466,0.741364,0.741421,50
2023-09-22 03:00:00,0.741421,0.741565,0.741388,0.741532,50
2023-09-22 04:00:00,0.741532,0.741757,0.741426,0.741651,50
2023-09-22 05:00:00,0.741651,0.742118,0.741629,0.742096,50
2023-09-22 06:00:00,0.742096,0.742239,0.742006,0.742148,50
2023-09-22 07:00:00,0.742148,0.742276,0.741867,0.741995,50
2023-09-22 08:00:00,0.741995,0.742279,0.741870,0.742154,50
2023-09-22 09:00:00,0.742154,0.742660,0.742110,0.742616,50
2023-09-22 10:00:00,0.742616,0.742736,0.742552,0.742673,50
2023-09-22 11:00:00,0.742673,0.743222,0.742566,0.743116,50
2023-09-22 12:00:00,0.743116,0.743296,0.743022,0.743202,50
2023-09-22 13:00:00,0.743202,0.743319,0.742964,0.743082,50
2023-09-22 14:00:00,0.743082,0.743179,0.742949,0.743045,50
2023-09-22 15:00:00,0.743045,0.743062,0.742880,0.742897,50
2023-09-22 16:00:00,0.742897,0.742905,0.742641,0.742648,50
2023-09-22 17:00:00,0.742648,0.742852,0.742568,0.742772,50
2023-09-22 18:00:00,0.742772,0.742861,0.742565,0.742653,50
2023-09-22 19:00:00,0.742653,0.742748,0.742520,0.742615,50
2023-09-22 20:00:00,0.742615,0.742650,0.742545,0.742580,50
2023-09-22 21:00:00,0.742580,0.742818,0.742449,0.742687,50
2023-09-22 22:00:00,0.742687,0.742893,0.742580,0.742787,50
2023-09-22 23:00:00,0.742787,0.742898,0.742444,0.742556,50
2023-09-25 00:00:00,0.742556,0.742575,0.742437,0.742456,50
2023-09-25 01:00:00,0.742456,0.742487,0.741818,0.741848,50
2023-09-25 02:00:00,0.741848,0.742664,0.741736,0.742552,50
2023-09-25 03:00:00,0.742552,0.742611,0.742360,0.742418,50
2023-09-25 04:00:00,0.742418,0.742684,0.742386,0.742652,50
2023-09-25 05:00:00,0.742652,0.742850,0.742548,0.742746,50
2023-09-25 06:00:00,0.742746,0.742776,0.742623,0.742653,50
2023-09-25 07:00:00,0.742653,0.742761,0.741615,0.741722,50
2023-09-25 08:00:00,0.741722,0.741795,0.741205,0.741277,50
2023-09-25 09:00:00,0.741277,0.741562,0.741225,0.741510,50
2023-09-25 10:00:00,0.741510,0.742173,0.741396,0.742059,50
2023-09-25 11:00:00,0.742059,0.742110,0.742045,0.742096,50
2023-09-25 12:00:00,0.742096,0.742700,0.742042,0.742646,50
2023-09-25 13:00:00,0.742646,0.742664,0.742627,0.742644,50
2023-09-25 14:00:00,0.742644,0.742704,0.742277,0.742338,50
2023-09-25 15:00:00,0.742338,0.742766,0.742268,0.742696,50
2023-09-25 16:00:00,0.742696,0.743136,0.742593,0.743032,50
2023-09-25 17:00:00,0.743032,0.743369,0.743015,0.743351,50
2023-09-25 18:00:00,0.743351,0.743629,0.743226,0.743504,50
2023-09-25 19:00:00,0.743504,0.743558,0.743370,0.743424,50
2023-09-25 20:00:00,0.743424,0.743443,0.743123,0.743142,50
2023-09-25 21:00:00,0.743142,0.743231,0.742315,0.742404,50
2023-09-25 22:00:00,0.742404,0.742518,0.742225,0.742339,50
2023-09-25 23:00:00,0.742339,0.742421,0.742144,0.742225,50
2023-09-26 00:00:00,0.742225,0.742552,0.742084,0.742411,50
2023-09-26 01:00:00,0.742411,0.742675,0.742250,0.742514,50
2023-09-26 02:00:00,0.742514,0.742671,0.742374,0.742531,50
2023-09-26 03:00:00,0.742531,0.742737,0.742415,0.742621,50
2023-09-26 04:00:00,0.742621,0.742636,0.742305,0.742320,50
2023-09-26 05:00:00,0.742320,0.742379,0.741870,0.741928,50
2023-09-26 06:00:00,0.741928,0.741949,0.741754,0.741775,50
2023-09-26 07:00:00,0.741775,0.741835,0.741450,0.741511,50
2023-09-26 08:00:00,0.741511,0.741677,0.741411,0.741577,50
2023-09-26 09:00:00,0.741577,0.741649,0.741535,0.741607,50
2023-09-26 10:00:00,0.741607,0.741737,0.741378,0.741507,50
2023-09-26 11:00:00,0.741507,0.741612,0.741223,0.741328,50
2023-09-26 12:00:00,0.741328,0.741488,0.740915,0.741075,50
2023-09-26 13:00:00,0.741075,0.741121,0.740999,0.741045,50
2023-09-26 14:00:00,0.741045,0.741209,0.740709,0.740874,50
2023-09-26 15:00:00,0.740874,0.740986,0.740846,0.740959,50
2023-09-26 16:00:00,0.740959,0.741084,0.740521,0.740646,50
2023-09-26 17:00:00,0.740646,0.740669,0.740220,0.740243,50
2023-09-26 18:00:00,0.740243,0.740482,0.740163,0.740403,50
2023-09-26 19:00:00,0.740403,0.740526,0.740190,0.740313,50
2023-09-26 20:00:00,0.740313,0.740322,0.739843,0.739852,50
2023-09-26 21:00:00,0.739852,0.740185,0.739711,0.740044,50
2023-09-26 22:00:00,0.740044,0.740300,0.739996,0.740252,50
2023-09-26 23:00:00,0.740252,0.740272,0.740228,0.740247,50
2023-09-27 00:00:00,0.740247,0.741120,0.740183,0.741055,50
2023-09-27 01:00:00,0.741055,0.741187,0.740720,0.740852,50
2023-09-27 02:00:00,0.740852,0.740864,0.740796,0.740808,50
2023-09-27 03:00:00,0.740808,0.740935,0.740621,0.740748,50
2023-09-27 04:00:00,0.740748,0.740823,0.740531,0.740606,50
2023-09-27 05:00:00,0.740606,0.740664,0.740490,0.740548,50
2023-09-27 06:00:00,0.740548,0.740577,0.740255,0.740283,50
2023-09-27 07:00:00,0.740283,0.740315,0.740230,0.740261,50
2023-09-27 08:00:00,0.740261,0.740320,0.740219,0.740278,50
2023-09-27 09:00:00,0.740278,0.740287,0.739963,0.739973,50
2023-09-27 10:00:00,0.739973,0.740052,0.739767,0.739846,50
2023-09-27 11:00:00,0.739846,0.739925,0.739606,0.739685,50
2023-09-27 12:00:00,0.739685,0.739712,0.739337,0.739365,50
2023-09-27 13:00:00,0.739365,0.739469,0.739210,0.739315,50
2023-09-27 14:00:00,0.739315,0.739423,0.739119,0.739227,50
2023-09-27 15:00:00,0.739227,0.739355,0.739020,0.739148,50
2023-09-27 16:00:00,0.739148,0.739249,0.738954,0.739055,50
2023-09-27 17:00:00,0.739055,0.739270,0.738996,0.739211,50
2023-09-27 18:00:00,0.739211,0.739600,0.739174,0.739564,50
2023-09-27 19:00:00,0.739564,0.739925,0.739487,0.739848,50
2023-09-27 20:00:00,0.739848,0.739974,0.739460,0.739585,50
2023-09-27 21:00:00,0.739585,0.739674,0.739551,0.739640,50
2023-09-27 22:00:00,0.739640,0.739752,0.739513,0.739625,50
2023-09-27 23:00:00,0.739625,0.740195,0.739512,0.740083,50
2023-09-28 00:00:00,0.740083,0.740232,0.739654,0.739803,50
2023-09-28 01:00:00,0.739803,0.739974,0.739694,0.739866,50
2023-09-28 02:00:00,0.739866,0.739929,0.739602,0.739665,50
2023-09-28 03:00:00,0.739665,0.739895,0.739495,0.739725,50
2023-09-28 04:00:00,0.739725,0.740073,0.739591,0.739940,50
2023-09-28 05:00:00,0.739940,0.740281,0.739798,0.740139,50
2023-09-28 06:00:00,0.740139,0.740274,0.740135,0.740270,50
2023-09-28 07:00:00,0.740270,0.740523,0.740183,0.740435,50
2023-09-28 08:00:00,0.740435,0.740617,0.740379,0.740561,50
2023-09-28 09:00:00,0.740561,0.740655,0.740337,0.740431,50
2023-09-28 10:00:00,0.740431,0.740491,0.740343,0.740403,50
2023-09-28 11:00:00,0.740403,0.740677,0.740397,0.740671,50
2023-09-28 12:00:00,0.740671,0.740682,0.740587,0.740599,50
2023-09-28 13:00:00,0.740599,0.740924,0.740566,0.740890,50
2023-09-28 14:00:00,0.740890,0.741103,0.740780,0.740993,50
2023-09-28 15:00:00,0.740993,0.741237,0.740848,0.741093,50
2023-09-28 16:00:00,0.741093,0.741276,0.741088,0.741272,50
2023-09-28 17:00:00,0.741272,0.741372,0.741198,0.741299,50
2023-09-28 18:00:00,0.741299,0.741935,0.741295,0.741932,50
2023-09-28 19:00:00,0.741932,0.742342,0.741758,0.742168,50
2023-09-28 20:00:00,0.742168,0.742195,0.742012,0.742039,50
2023-09-28 21:00:00,0.742039,0.742310,0.741974,0.742245,50
2023-09-28 22:00:00,0.742245,0.742643,0.742162,0.742560,50
2023-09-28 23:00:00,0.742560,0.742635,0.742095,0.742170,50
2023-09-29 00:00:00,0.742170,0.742354,0.740391,0.740575,50
2023-09-29 01:00:00,0.740575,0.741704,0.740342,0.741471,50
2023-09-29 02:00:00,0.741471,0.742230,0.741261,0.742020,50
2023-09-29 03:00:00,0.742020,0.742062,0.741262,0.741304,50
2023-09-29 04:00:00,0.741304,0.741457,0.741255,0.741408,50
2023-09-29 05:00:00,0.741408,0.742013,0.741215,0.741820,50
2023-09-29 06:00:00,0.741820,0.742346,0.741724,0.742250,50
2023-09-29 07:00:00,0.742250,0.743011,0.742078,0.742839,50
2023-09-29 08:00:00,0.742839,0.742853,0.742595,0.742609,50
2023-09-29 09:00:00,0.742609,0.742622,0.742208,0.742222,50
2023-09-29 10:00:00,0.742222,0.742283,0.742220,0.742281,50
2023-09-29 11:00:00,0.742281,0.742364,0.741660,0.741743,50
2023-09-29 12:00:00,0.741743,0.741900,0.740839,0.740996,50
2023-09-29 13:00:00,0.740996,0.741257,0.739850,0.740112,50
2023-09-29 14:00:00,0.740112,0.740209,0.739312,0.739410,50
2023-09-29 15:00:00,0.739410,0.739626,0.737939,0.738156,50
2023-09-29 16:00:00,0.738156,0.738885,0.737936,0.738665,50
2023-09-29 17:00:00,0.738665,0.739179,0.738614,0.739128,50
2023-09-29 18:00:00,0.739128,0.739945,0.739064,0.739880,50
2023-09-29 19:00:00,0.739880,0.740017,0.739745,0.739882,50
2023-09-29 20:00:00,0.739882,0.740217,0.739882,0.740216,50
2023-09-29 21:00:00,0.740216,0.740345,0.740163,0.740293,50
2023-09-29 22:00:00,0.740293,0.740392,0.738793,0.738892,50
2023-09-29 23:00:00,0.738892,0.738969,0.738747,0.738825,50
2023-10-02 00:00:00,0.738825,0.740607,0.738460,0.740242,50
2023-10-02 01:00:00,0.740242,0.740320,0.737226,0.737304,50
2023-10-02 02:00:00,0.737304,0.737394,0.733262,0.733352,50
2023-10-02 03:00:00,0.733352,0.734885,0.732780,0.734313,50
2023-10-02 04:00:00,0.734313,0.739918,0.733725,0.739329,50
2023-10-02 05:00:00,0.739329,0.740080,0.739009,0.739760,50
2023-10-02 06:00:00,0.739760,0.740111,0.737167,0.737518,50
2023-10-02 07:00:00,0.737518,0.737662,0.737365,0.737509,50
2023-10-02 08:00:00,0.737509,0.738010,0.736016,0.736517,50
2023-10-02 09:00:00,0.736517,0.736833,0.732363,0.732679,50
2023-10-02 10:00:00,0.732679,0.736861,0.732595,0.736778,50
2023-10-02 11:00:00,0.736778,0.737200,0.732486,0.732908,50
2023-10-02 12:00:00,0.732908,0.733009,0.731433,0.731534,50
2023-10-02 13:00:00,0.731534,0.733746,0.731474,0.733687,50
2023-10-02 14:00:00,0.733687,0.735651,0.733581,0.735546,50
2023-10-02 15:00:00,0.735546,0.735744,0.734476,0.734674,50
2023-10-02 16:00:00,0.734674,0.734865,0.731591,0.731782,50
2023-10-02 17:00:00,0.731782,0.731937,0.731539,0.731694,50
2023-10-02 18:00:00,0.731694,0.734776,0.731192,0.734275,50
2023-10-02 19:00:00,0.734275,0.734636,0.733491,0.733852,50
2023-10-02 20:00:00,0.733852,0.734209,0.731987,0.732343,50
2023-10-02 21:00:00,0.732343,0.732435,0.731604,0.731696,50
2023-10-02 22:00:00,0.731696,0.732122,0.731098,0.731525,50
2023-10-02 23:00:00,0.731525,0.731982,0.731286,0.731743,50
2023-10-03 00:00:00,0.731743,0.731973,0.731647,0.731877,50
2023-10-03 01:00:00,0.731877,0.732112,0.731703,0.731938,50
2023-10-03 02:00:00,0.731938,0.732339,0.731894,0.732294,50
2023-10-03 03:00:00,0.732294,0.732475,0.731930,0.732111,50
2023-10-03 04:00:00,0.732111,0.732233,0.732088,0.732210,50
2023-10-03 05:00:00,0.732210,0.732247,0.731905,0.731942,50
2023-10-03 06:00:00,0.731942,0.732010,0.731526,0.731593,50
2023-10-03 07:00:00,0.731593,0.731695,0.731483,0.731585,50
2023-10-03 08:00:00,0.731585,0.731912,0.731473,0.731800,50
2023-10-03 09:00:00,0.731800,0.731920,0.731175,0.731295,50
2023-10-03 10:00:00,0.731295,0.731493,0.730960,0.731157,50
2023-10-03 11:00:00,0.731157,0.731158,0.730599,0.730600,50
2023-10-03 12:00:00,0.730600,0.730739,0.730534,0.730673,50
2023-10-03 13:00:00,0.730673,0.730780,0.730659,0.730766,50
2023-10-03 14:00:00,0.730766,0.730782,0.730587,0.730604,50
2023-10-03 15:00:00,0.730604,0.730790,0.730165,0.730351,50
2023-10-03 16:00:00,0.730351,0.730476,0.730037,0.730163,50
2023-10-03 17:00:00,0.730163,0.730421,0.730045,0.730303,50
2023-10-03 18:00:00,0.730303,0.730348,0.730291,0.730336,50
2023-10-03 19:00:00,0.730336,0.731086,0.730161,0.730912,50
2023-10-03 20:00:00,0.730912,0.731135,0.729620,0.729843,50
2023-10-03 21:00:00,0.729843,0.730061,0.728801,0.729018,50
2023-10-03 22:00:00,0.729018,0.729211,0.728528,0.728721,50
2023-10-03 23:00:00,0.728721,0.729097,0.728487,0.728863,50
2023-10-04 00:00:00,0.728863,0.728950,0.727916,0.728002,50
2023-10-04 01:00:00,0.728002,0.728422,0.727936,0.728356,50
2023-10-04 02:00:00,0.728356,0.728609,0.728355,0.728609,50
2023-10-04 03:00:00,0.728609,0.729214,0.728543,0.729148,50
2023-10-04 04:00:00,0.729148,0.729458,0.729035,0.729345,50
2023-10-04 05:00:00,0.729345,0.729483,0.729313,0.729451,50
2023-10-04 06:00:00,0.729451,0.729510,0.728602,0.728661,50
2023-10-04 07:00:00,0.728661,0.728783,0.727960,0.728081,50
2023-10-04 08:00:00,0.728081,0.728190,0.727738,0.727846,50
2023-10-04 09:00:00,0.727846,0.728289,0.727827,0.728270,50
2023-10-04 10:00:00,0.728270,0.728359,0.727840,0.727929,50
2023-10-04 11:00:00,0.727929,0.728794,0.727829,0.728694,50
2023-10-04 12:00:00,0.728694,0.728737,0.728355,0.728399,50
2023-10-04 13:00:00,0.728399,0.728514,0.727960,0.728076,50
2023-10-04 14:00:00,0.728076,0.728465,0.727959,0.728348,50
2023-10-04 15:00:00,0.728348,0.728397,0.728169,0.728219,50
2023-10-04 16:00:00,0.728219,0.728255,0.727619,0.727655,50
2023-10-04 17:00:00,0.727655,0.727659,0.727615,0.727619,50
2023-10-04 18:00:00,0.727619,0.727643,0.727243,0.727267,50
2023-10-04 19:00:00,0.727267,0.727523,0.727232,0.727488,50
2023-10-04 20:00:00,0.727488,0.728614,0.727454,0.728580,50
2023-10-04 21:00:00,0.728580,0.728589,0.728291,0.728300,50
2023-10-04 22:00:00,0.728300,0.729456,0.728289,0.729444,50
2023-10-04 23:00:00,0.729444,0.729469,0.727830,0.727855,50
2023-10-05 00:00:00,0.727855,0.727920,0.727675,0.727740,50
2023-10-05 01:00:00,0.727740,0.727826,0.727461,0.727547,50
2023-10-05 02:00:00,0.727547,0.728048,0.727465,0.727965,50
2023-10-05 03:00:00,0.727965,0.728072,0.727727,0.727834,50
2023-10-05 04:00:00,0.727834,0.727852,0.727477,0.727495,50
2023-10-05 05:00:00,0.727495,0.727624,0.727411,0.727540,50
2023-10-05 06:00:00,0.727540,0.727547,0.727145,0.727152,50
2023-10-05 07:00:00,0.727152,0.727208,0.727105,0.727162,50
2023-10-05 08:00:00,0.727162,0.727206,0.726798,0.726842,50
2023-10-05 09:00:00,0.726842,0.727471,0.726835,0.727463,50
2023-10-05 10:00:00,0.727463,0.727513,0.727292,0.727341,50
2023-10-05 11:00:00,0.727341,0.727713,0.727217,0.727588,50
2023-10-05 12:00:00,0.727588,0.727841,0.727459,0.727712,50
2023-10-05 13:00:00,0.727712,0.728004,0.727586,0.727877,50
2023-10-05 14:00:00,0.727877,0.728174,0.727830,0.728127,50
2023-10-05 15:00:00,0.728127,0.728229,0.727847,0.727948,50
2023-10-05 16:00:00,0.727948,0.728099,0.727918,0.728068,50
2023-10-05 17:00:00,0.728068,0.728456,0.727995,0.728383,50
2023-10-05 18:00:00,0.728383,0.728796,0.728381,0.728793,50
2023-10-05 19:00:00,0.728793,0.729090,0.728730,0.729027,50
2023-10-05 20:00:00,0.729027,0.729040,0.728860,0.728874,50
2023-10-05 21:00:00,0.728874,0.728943,0.728577,0.728646,50
2023-10-05 22:00:00,0.728646,0.728736,0.728212,0.728301,50
2023-10-05 23:00:00,0.728301,0.728317,0.727998,0.728014,50
2023-10-06 00:00:00,0.728014,0.731994,0.727720,0.731700,50
2023-10-06 01:00:00,0.731700,0.731758,0.730963,0.731021,50
2023-10-06 02:00:00,0.731021,0.731199,0.730757,0.730935,50
2023-10-06 03:00:00,0.730935,0.731240,0.730176,0.730481,50
2023-10-06 04:00:00,0.730481,0.730770,0.728701,0.728990,50
2023-10-06 05:00:00,0.728990,0.729741,0.728816,0.729567,50
2023-10-06 06:00:00,0.729567,0.729768,0.728588,0.728790,50
2023-10-06 07:00:00,0.728790,0.730178,0.728744,0.730133,50
2023-10-06 08:00:00,0.730133,0.730457,0.728891,0.729215,50
2023-10-06 09:00:00,0.729215,0.729259,0.727128,0.727172,50
2023-10-06 10:00:00,0.727172,0.728679,0.727120,0.728627,50
2023-10-06 11:00:00,0.728627,0.729815,0.728498,0.729686,50
2023-10-06 12:00:00,0.729686,0.729762,0.729139,0.729215,50
2023-10-06 13:00:00,0.729215,0.729931,0.729204,0.729920,50
2023-10-06 14:00:00,0.729920,0.731963,0.729771,0.731814,50
2023-10-06 15:00:00,0.731814,0.731839,0.731729,0.731754,50
2023-10-06 16:00:00,0.731754,0.731824,0.731145,0.731216,50
2023-10-06 17:00:00,0.731216,0.731561,0.731048,0.731393,50
2023-10-06 18:00:00,0.731393,0.731854,0.731239,0.731700,50
2023-10-06 19:00:00,0.731700,0.731890,0.731449,0.731640,50
2023-10-06 20:00:00,0.731640,0.731822,0.731610,0.731793,50
2023-10-06 21:00:00,0.731793,0.732496,0.731664,0.732367,50
2023-10-06 22:00:00,0.732367,0.733286,0.732148,0.733067,50
2023-10-06 23:00:00,0.733067,0.733251,0.732042,0.732225,50
2023-10-10 00:00:00,0.732225,0.732458,0.731318,0.731551,50
2023-10-10 01:00:00,0.731551,0.731962,0.731215,0.731626,50
2023-10-10 02:00:00,0.731626,0.733778,0.731358,0.733510,50
2023-10-10 03:00:00,0.733510,0.733862,0.731032,0.731384,50
2023-10-10 04:00:00,0.731384,0.733566,0.731158,0.733340,50
2023-10-10 05:00:00,0.733340,0.733357,0.733249,0.733265,50
2023-10-10 06:00:00,0.733265,0.733703,0.732947,0.733385,50
2023-10-10 07:00:00,0.733385,0.733759,0.733150,0.733525,50
2023-10-10 08:00:00,0.733525,0.734640,0.733373,0.734489,50
2023-10-10 09:00:00,0.734489,0.737543,0.734218,0.737272,50
2023-10-10 10:00:00,0.737272,0.737277,0.736167,0.736172,50
2023-10-10 11:00:00,0.736172,0.736373,0.734376,0.734577,50
2023-10-10 12:00:00,0.734577,0.737045,0.734574,0.737042,50
2023-10-10 13:00:00,0.737042,0.737080,0.734191,0.734229,50
2023-10-10 14:00:00,0.734229,0.734301,0.732572,0.732645,50
2023-10-10 15:00:00,0.732645,0.733708,0.732428,0.733491,50
2023-10-10 16:00:00,0.733491,0.733782,0.732455,0.732746,50
2023-10-10 17:00:00,0.732746,0.735920,0.732479,0.735653,50
2023-10-10 18:00:00,0.735653,0.735968,0.733027,0.733342,50
2023-10-10 19:00:00,0.733342,0.733526,0.732583,0.732766,50
2023-10-10 20:00:00,0.732766,0.732842,0.732537,0.732613,50
2023-10-10 21:00:00,0.732613,0.734210,0.732522,0.734119,50
2023-10-10 22:00:00,0.734119,0.735176,0.733894,0.734950,50
2023-10-10 23:00:00,0.734950,0.736659,0.734723,0.736431,50
2023-10-11 00:00:00,0.736431,0.736510,0.736011,0.736090,50
2023-10-11 01:00:00,0.736090,0.736169,0.735448,0.735527,50
2023-10-11 02:00:00,0.735527,0.735821,0.735428,0.735722,50
2023-10-11 03:00:00,0.735722,0.735793,0.735031,0.735102,50
2023-10-11 04:00:00,0.735102,0.735121,0.734888,0.734908,50
2023-10-11 05:00:00,0.734908,0.734991,0.734238,0.734321,50
2023-10-11 06:00:00,0.734321,0.734330,0.733956,0.733965,50
2023-10-11 07:00:00,0.733965,0.734827,0.733807,0.734668,50
2023-10-11 08:00:00,0.734668,0.734674,0.734489,0.734495,50
2023-10-11 09:00:00,0.734495,0.734544,0.734006,0.734055,50
2023-10-11 10:00:00,0.734055,0.734557,0.734032,0.734534,50
2023-10-11 11:00:00,0.734534,0.734931,0.734425,0.734823,50
2023-10-11 12:00:00,0.734823,0.735397,0.734712,0.735286,50
2023-10-11 13:00:00,0.735286,0.735705,0.735237,0.735657,50
2023-10-11 14:00:00,0.735657,0.736177,0.735644,0.736164,50
2023-10-11 15:00:00,0.736164,0.736203,0.735947,0.735986,50
2023-10-11 16:00:00,0.735986,0.736738,0.735846,0.736598,50
2023-10-11 17:00:00,0.736598,0.736671,0.736427,0.736500,50
2023-10-11 18:00:00,0.736500,0.736541,0.736469,0.736510,50
2023-10-11 19:00:00,0.736510,0.736988,0.736364,0.736842,50
2023-10-11 20:00:00,0.736842,0.736856,0.736291,0.736305,50
2023-10-11 21:00:00,0.736305,0.736461,0.735864,0.736020,50
2023-10-11 22:00:00,0.736020,0.736021,0.735481,0.735482,50
2023-10-11 23:00:00,0.735482,0.735627,0.734232,0.734376,50
2023-10-12 00:00:00,0.734376,0.734388,0.733465,0.733477,50
2023-10-12 01:00:00,0.733477,0.734421,0.733379,0.734323,50
2023-10-12 02:00:00,0.734323,0.734436,0.734107,0.734219,50
2023-10-12 03:00:00,0.734219,0.734934,0.734081,0.734796,50
2023-10-12 04:00:00,0.734796,0.734904,0.734253,0.734362,50
2023-10-12 05:00:00,0.734362,0.734372,0.733917,0.733927,50
2023-10-12 06:00:00,0.733927,0.733952,0.733027,0.733052,50
2023-10-12 07:00:00,0.733052,0.733167,0.732967,0.733082,50
2023-10-12 08:00:00,0.733082,0.733502,0.733074,0.733494,50
2023-10-12 09:00:00,0.733494,0.734197,0.733421,0.734123,50
2023-10-12 10:00:00,0.734123,0.734166,0.733314,0.733356,50
2023-10-12 11:00:00,0.733356,0.733463,0.733236,0.733342,50
2023-10-12 12:00:00,0.733342,0.733350,0.733205,0.733212,50
2023-10-12 13:00:00,0.733212,0.733456,0.733138,0.733382,50
2023-10-12 14:00:00,0.733382,0.733491,0.733025,0.733134,50
2023-10-12 15:00:00,0.733134,0.733228,0.732646,0.732741,50
2023-10-12 16:00:00,0.732741,0.732896,0.732708,0.732863,50
2023-10-12 17:00:00,0.732863,0.732986,0.732527,0.732650,50
2023-10-12 18:00:00,0.732650,0.732704,0.731806,0.731859,50
2023-10-12 19:00:00,0.731859,0.733077,0.731812,0.733029,50
2023-10-12 20:00:00,0.733029,0.733176,0.732702,0.732849,50
2023-10-12 21:00:00,0.732849,0.733171,0.732753,0.733075,50
2023-10-12 22:00:00,0.733075,0.733117,0.732189,0.732230,50
2023-10-12 23:00:00,0.732230,0.732301,0.732207,0.732279,50
2023-10-13 00:00:00,0.732279,0.732339,0.731281,0.731341,50
2023-10-13 01:00:00,0.731341,0.732027,0.731252,0.731938,50
2023-10-13 02:00:00,0.731938,0.731989,0.731750,0.731801,50
2023-10-13 03:00:00,0.731801,0.731877,0.731668,0.731744,50
2023-10-13 04:00:00,0.731744,0.732074,0.731699,0.732029,50
2023-10-13 05:00:00,0.732029,0.732129,0.732001,0.732101,50
2023-10-13 06:00:00,0.732101,0.732416,0.731977,0.732293,50
2023-10-13 07:00:00,0.732293,0.732685,0.732233,0.732625,50
2023-10-13 08:00:00,0.732625,0.732746,0.731691,0.731812,50
2023-10-13 09:00:00,0.731812,0.732434,0.731714,0.732335,50
2023-10-13 10:00:00,0.732335,0.732382,0.731805,0.731852,50
2023-10-13 11:00:00,0.731852,0.732075,0.731750,0.731973,50
2023-10-13 12:00:00,0.731973,0.732005,0.731632,0.731664,50
2023-10-13 13:00:00,0.731664,0.732552,0.731556,0.732443,50
2023-10-13 14:00:00,0.732443,0.732642,0.732330,0.732530,50
2023-10-13 15:00:00,0.732530,0.732635,0.732209,0.732314,50
2023-10-13 16:00:00,0.732314,0.732555,0.732246,0.732488,50
2023-10-13 17:00:00,0.732488,0.732601,0.731996,0.732109,50
2023-10-13 18:00:00,0.732109,0.732393,0.731990,0.732274,50
2023-10-13 19:00:00,0.732274,0.732720,0.732243,0.732689,50
2023-10-13 20:00:00,0.732689,0.732869,0.732626,0.732806,50
2023-10-13 21:00:00,0.732806,0.733388,0.732731,0.733313,50
2023-10-13 22:00:00,0.733313,0.733605,0.733247,0.733539,50
2023-10-13 23:00:00,0.733539,0.733643,0.732496,0.732601,50
2023-10-16 00:00:00,0.732601,0.732811,0.732574,0.732784,50
2023-10-16 01:00:00,0.732784,0.732935,0.732430,0.732582,50
2023-10-16 02:00:00,0.732582,0.733204,0.732550,0.733173,50
2023-10-16 03:00:00,0.733173,0.733615,0.733047,0.733489,50
2023-10-16 04:00:00,0.733489,0.734111,0.733461,0.734083,50
2023-10-16 05:00:00,0.734083,0.734101,0.733690,0.733707,50
2023-10-16 06:00:00,0.733707,0.733814,0.733704,0.733811,50
2023-10-16 07:00:00,0.733811,0.733913,0.732376,0.732478,50
2023-10-16 08:00:00,0.732478,0.733987,0.732352,0.733861,50
2023-10-16 09:00:00,0.733861,0.733945,0.732806,0.732891,50
2023-10-16 10:00:00,0.732891,0.733978,0.732794,0.733881,50
2023-10-16 11:00:00,0.733881,0.734053,0.733785,0.733957,50
2023-10-16 12:00:00,0.733957,0.733991,0.733106,0.733140,50
2023-10-16 13:00:00,0.733140,0.733295,0.732986,0.733141,50
2023-10-16 14:00:00,0.733141,0.733189,0.732573,0.732621,50
2023-10-16 15:00:00,0.732621,0.733137,0.732505,0.733021,50
2023-10-16 16:00:00,0.733021,0.733090,0.732919,0.732988,50
2023-10-16 17:00:00,0.732988,0.733140,0.732788,0.732940,50
2023-10-16 18:00:00,0.732940,0.734036,0.732929,0.734025,50
2023-10-16 19:00:00,0.734025,0.734095,0.733891,0.733961,50
2023-10-16 20:00:00,0.733961,0.734089,0.733554,0.733683,50
2023-10-16 21:00:00,0.733683,0.734055,0.733612,0.733985,50
2023-10-16 22:00:00,0.733985,0.734519,0.733967,0.734502,50
2023-10-16 23:00:00,0.734502,0.734572,0.734414,0.734484,50
2023-10-17 00:00:00,0.734484,0.735407,0.734473,0.735396,50
2023-10-17 01:00:00,0.735396,0.735483,0.735261,0.735347,50
2023-10-17 02:00:00,0.735347,0.735379,0.735182,0.735214,50
2023-10-17 03:00:00,0.735214,0.735255,0.734857,0.734897,50
2023-10-17 04:00:00,0.734897,0.735000,0.734887,0.734990,50
2023-10-17 05:00:00,0.734990,0.735018,0.734729,0.734757,50
2023-10-17 06:00:00,0.734757,0.734765,0.734543,0.734550,50
2023-10-17 07:00:00,0.734550,0.734628,0.734532,0.734609,50
2023-10-17 08:00:00,0.734609,0.734918,0.734479,0.734787,50
2023-10-17 09:00:00,0.734787,0.734885,0.734277,0.734376,50
2023-10-17 10:00:00,0.734376,0.734795,0.734318,0.734736,50
2023-10-17 11:00:00,0.734736,0.734769,0.734616,0.734648,50
2023-10-17 12:00:00,0.734648,0.734743,0.734283,0.734377,50
2023-10-17 13:00:00,0.734377,0.734447,0.733933,0.734003,50
2023-10-17 14:00:00,0.734003,0.734136,0.733989,0.734123,50
2023-10-17 15:00:00,0.734123,0.734194,0.733623,0.733694,50
2023-10-17 16:00:00,0.733694,0.734016,0.733570,0.733892,50
2023-10-17 17:00:00,0.733892,0.733960,0.733874,0.733942,50
2023-10-17 18:00:00,0.733942,0.734194,0.733846,0.734099,50
2023-10-17 19:00:00,0.734099,0.734144,0.733647,0.733693,50
2023-10-17 20:00:00,0.733693,0.733717,0.733547,0.733571,50
2023-10-17 21:00:00,0.733571,0.733673,0.733391,0.733493,50
2023-10-17 22:00:00,0.733493,0.733532,0.733342,0.733381,50
2023-10-17 23:00:00,0.733381,0.734170,0.733317,0.734107,50
2023-10-18 00:00:00,0.734107,0.734351,0.733792,0.734037,50
2023-10-18 01:00:00,0.734037,0.734090,0.733787,0.733841,50
2023-10-18 02:00:00,0.733841,0.734828,0.733666,0.734653,50
2023-10-18 03:00:00,0.734653,0.734777,0.733617,0.733740,50
2023-10-18 04:00:00,0.733740,0.734398,0.733681,0.734339,50
2023-10-18 05:00:00,0.734339,0.734466,0.734140,0.734267,50
2023-10-18 06:00:00,0.734267,0.734756,0.733979,0.734469,50
2023-10-18 07:00:00,0.734469,0.734681,0.734032,0.734244,50
2023-10-18 08:00:00,0.734244,0.734444,0.733904,0.734104,50
2023-10-18 09:00:00,0.734104,0.735130,0.733811,0.734837,50
2023-10-18 10:00:00,0.734837,0.735148,0.734368,0.734679,50
2023-10-18 11:00:00,0.734679,0.734803,0.734506,0.734630,50
2023-10-18 12:00:00,0.734630,0.734944,0.734349,0.734663,50
2023-10-18 13:00:00,0.734663,0.734954,0.734608,0.734900,50
2023-10-18 14:00:00,0.734900,0.735077,0.733975,0.734152,50
2023-10-18 15:00:00,0.734152,0.734833,0.733883,0.734564,50
2023-10-18 16:00:00,0.734564,0.734835,0.733948,0.734219,50
2023-10-18 17:00:00,0.734219,0.734377,0.734095,0.734254,50
2023-10-18 18:00:00,0.734254,0.734464,0.733282,0.733493,50
2023-10-18 19:00:00,0.733493,0.733567,0.732304,0.732379,50
2023-10-18 20:00:00,0.732379,0.733098,0.732313,0.733032,50
2023-10-18 21:00:00,0.733032,0.733165,0.730717,0.730851,50
2023-10-18 22:00:00,0.730851,0.730928,0.729270,0.729347,50
2023-10-18 23:00:00,0.729347,0.730266,0.729221,0.730140,50
2023-10-19 00:00:00,0.730140,0.730555,0.730107,0.730522,50
2023-10-19 01:00:00,0.730522,0.730732,0.730491,0.730701,50
2023-10-19 02:00:00,0.730701,0.730773,0.730508,0.730579,50
2023-10-19 03:00:00,0.730579,0.730637,0.730322,0.730380,50
2023-10-19 04:00:00,0.730380,0.730509,0.730147,0.730276,50
2023-10-19 05:00:00,0.730276,0.730400,0.729639,0.729763,50
2023-10-19 06:00:00,0.729763,0.729787,0.729566,0.729590,50
2023-10-19 07:00:00,0.729590,0.729979,0.729544,0.729933,50
2023-10-19 08:00:00,0.729933,0.730011,0.729674,0.729752,50
2023-10-19 09:00:00,0.729752,0.729853,0.729552,0.729653,50
2023-10-19 10:00:00,0.729653,0.729837,0.729590,0.729774,50
2023-10-19 11:00:00,0.729774,0.729915,0.729648,0.729790,50
2023-10-19 12:00:00,0.729790,0.730214,0.729784,0.730208,50
2023-10-19 13:00:00,0.730208,0.730300,0.729625,0.729716,50
2023-10-19 14:00:00,0.729716,0.729820,0.729263,0.729367,50
2023-10-19 15:00:00,0.729367,0.729484,0.728846,0.728963,50
2023-10-19 16:00:00,0.728963,0.729236,0.728913,0.729185,50
2023-10-19 17:00:00,0.729185,0.729453,0.729126,0.729394,50
2023-10-19 18:00:00,0.729394,0.729500,0.729205,0.729311,50
2023-10-19 19:00:00,0.729311,0.729384,0.729222,0.729294,50
2023-10-19 20:00:00,0.729294,0.729356,0.728976,0.729038,50
2023-10-19 21:00:00,0.729038,0.729385,0.728907,0.729254,50
2023-10-19 22:00:00,0.729254,0.729277,0.728893,0.728916,50
2023-10-19 23:00:00,0.728916,0.729195,0.728796,0.729076,50
2023-10-20 00:00:00,0.729076,0.729095,0.728977,0.728996,50
2023-10-20 01:00:00,0.728996,0.729161,0.728968,0.729132,50
2023-10-20 02:00:00,0.729132,0.729234,0.729055,0.729157,50
2023-10-20 03:00:00,0.729157,0.729205,0.729025,0.729074,50
2023-10-20 04:00:00,0.729074,0.729487,0.729045,0.729459,50
2023-10-20 05:00:00,0.729459,0.729584,0.729315,0.729440,50
2023-10-20 06:00:00,0.729440,0.729795,0.729384,0.729739,50
2023-10-20 07:00:00,0.729739,0.730075,0.729707,0.730044,50
2023-10-20 08:00:00,0.730044,0.730052,0.729780,0.729788,50
2023-10-20 09:00:00,0.729788,0.729860,0.729611,0.729683,50
2023-10-20 10:00:00,0.729683,0.729768,0.729518,0.729603,50
2023-10-20 11:00:00,0.729603,0.730014,0.729484,0.729896,50
2023-10-20 12:00:00,0.729896,0.730064,0.729881,0.730049,50
2023-10-20 13:00:00,0.730049,0.730439,0.730010,0.730400,50
2023-10-20 14:00:00,0.730400,0.730495,0.730094,0.730189,50
2023-10-20 15:00:00,0.730189,0.730753,0.730137,0.730701,50
2023-10-20 16:00:00,0.730701,0.730728,0.730419,0.730446,50
2023-10-20 17:00:00,0.730446,0.730572,0.730263,0.730389,50
2023-10-20 18:00:00,0.730389,0.730732,0.730351,0.730694,50
2023-10-20 19:00:00,0.730694,0.730788,0.730129,0.730223,50
2023-10-20 20:00:00,0.730223,0.730397,0.730150,0.730324,50
2023-10-20 21:00:00,0.730324,0.730689,0.730285,0.730650,50
2023-10-20 22:00:00,0.730650,0.730777,0.730298,0.730426,50
2023-10-20 23:00:00,0.730426,0.730500,0.730279,0.730353,50
2023-10-23 00:00:00,0.730353,0.730357,0.729908,0.729911,50
2023-10-23 01:00:00,0.729911,0.729946,0.729861,0.729895,50
2023-10-23 02:00:00,0.729895,0.729964,0.729870,0.729938,50
2023-10-23 03:00:00,0.729938,0.729994,0.729840,0.729895,50
2023-10-23 04:00:00,0.729895,0.729943,0.729825,0.729873,50
2023-10-23 05:00:00,0.729873,0.730157,0.729748,0.730031,50
2023-10-23 06:00:00,0.730031,0.730245,0.729994,0.730208,50
2023-10-23 07:00:00,0.730208,0.730346,0.730082,0.730221,50
2023-10-23 08:00:00,0.730221,0.730403,0.730117,0.730300,50
2023-10-23 09:00:00,0.730300,0.730415,0.730012,0.730128,50
2023-10-23 10:00:00,0.730128,0.730191,0.730107,0.730170,50
2023-10-23 11:00:00,0.730170,0.730211,0.730051,0.730092,50
2023-10-23 12:00:00,0.730092,0.730444,0.730002,0.730354,50
2023-10-23 13:00:00,0.730354,0.730500,0.730285,0.730430,50
2023-10-23 14:00:00,0.730430,0.730559,0.730320,0.730449,50
2023-10-23 15:00:00,0.730449,0.730530,0.730434,0.730515,50
2023-10-23 16:00:00,0.730515,0.731322,0.730392,0.731199,50
2023-10-23 17:00:00,0.731199,0.731433,0.731124,0.731358,50
2023-10-23 18:00:00,0.731358,0.731420,0.731301,0.731364,50
2023-10-23 19:00:00,0.731364,0.731583,0.731362,0.731581,50
2023-10-23 20:00:00,0.731581,0.731627,0.731498,0.731544,50
2023-10-23 21:00:00,0.731544,0.732000,0.731421,0.731878,50
2023-10-23 22:00:00,0.731878,0.731899,0.731615,0.731637,50
2023-10-23 23:00:00,0.731637,0.731728,0.731116,0.731208,50
2023-10-24 00:00:00,0.731208,0.731498,0.728571,0.728862,50
2023-10-24 01:00:00,0.728862,0.729010,0.728354,0.728502,50
2023-10-24 02:00:00,0.728502,0.729779,0.728244,0.729520,50
2023-10-24 03:00:00,0.729520,0.730026,0.729218,0.729724,50
2023-10-24 04:00:00,0.729724,0.729796,0.728034,0.728106,50
2023-10-24 05:00:00,0.728106,0.728148,0.727942,0.727983,50
2023-10-24 06:00:00,0.727983,0.728178,0.727342,0.727536,50
2023-10-24 07:00:00,0.727536,0.728574,0.727331,0.728368,50
2023-10-24 08:00:00,0.728368,0.729630,0.728339,0.729601,50
2023-10-24 09:00:00,0.729601,0.730978,0.729397,0.730773,50
2023-10-24 10:00:00,0.730773,0.730812,0.730605,0.730644,50
2023-10-24 11:00:00,0.730644,0.730945,0.728987,0.729288,50
2023-10-24 12:00:00,0.729288,0.731040,0.729171,0.730923,50
2023-10-24 13:00:00,0.730923,0.731201,0.730414,0.730693,50
2023-10-24 14:00:00,0.730693,0.730697,0.730380,0.730383,50
2023-10-24 15:00:00,0.730383,0.732143,0.730172,0.731932,50
2023-10-24 16:00:00,0.731932,0.732043,0.729510,0.729621,50
2023-10-24 17:00:00,0.729621,0.729634,0.729211,0.729224,50
2023-10-24 18:00:00,0.729224,0.729452,0.728093,0.728322,50
2023-10-24 19:00:00,0.728322,0.728616,0.726573,0.726867,50
2023-10-24 20:00:00,0.726867,0.727176,0.726674,0.726983,50
2023-10-24 21:00:00,0.726983,0.727674,0.726688,0.727379,50
2023-10-24 22:00:00,0.727379,0.728838,0.727333,0.728791,50
2023-10-24 23:00:00,0.728791,0.728953,0.727428,0.727590,50
2023-10-25 00:00:00,0.727590,0.727707,0.725737,0.725854,50
2023-10-25 01:00:00,0.725854,0.725962,0.725665,0.725772,50
2023-10-25 02:00:00,0.725772,0.726057,0.725735,0.726020,50
2023-10-25 03:00:00,0.726020,0.726090,0.725835,0.725906,50
2023-10-25 04:00:00,0.725906,0.726153,0.725776,0.726024,50
2023-10-25 05:00:00,0.726024,0.726194,0.725996,0.726167,50
2023-10-25 06:00:00,0.726167,0.726253,0.725869,0.725956,50
2023-10-25 07:00:00,0.725956,0.726044,0.725730,0.725819,50
2023-10-25 08:00:00,0.725819,0.725921,0.725764,0.725865,50
2023-10-25 09:00:00,0.725865,0.726076,0.725862,0.726072,50
2023-10-25 10:00:00,0.726072,0.726391,0.726007,0.726326,50
2023-10-25 11:00:00,0.726326,0.727147,0.726200,0.727020,50
2023-10-25 12:00:00,0.727020,0.728053,0.726908,0.727940,50
2023-10-25 13:00:00,0.727940,0.728049,0.727661,0.727770,50
2023-10-25 14:00:00,0.727770,0.727846,0.727670,0.727746,50
2023-10-25 15:00:00,0.727746,0.727834,0.727528,0.727616,50
2023-10-25 16:00:00,0.727616,0.727718,0.727525,0.727628,50
2023-10-25 17:00:00,0.727628,0.727672,0.727403,0.727448,50
2023-10-25 18:00:00,0.727448,0.727908,0.727321,0.727781,50
2023-10-25 19:00:00,0.727781,0.727888,0.727029,0.727136,50
2023-10-25 20:00:00,0.727136,0.727239,0.726526,0.726629,50
2023-10-25 21:00:00,0.726629,0.726674,0.726418,0.726463,50
2023-10-25 22:00:00,0.726463,0.726532,0.726022,0.726090,50
2023-10-25 23:00:00,0.726090,0.726145,0.726057,0.726111,50
2023-10-26 00:00:00,0.726111,0.726365,0.724134,0.724388,50
2023-10-26 01:00:00,0.724388,0.724611,0.723780,0.724003,50
2023-10-26 02:00:00,0.724003,0.726576,0.723976,0.726549,50
2023-10-26 03:00:00,0.726549,0.726754,0.725250,0.725454,50
2023-10-26 04:00:00,0.725454,0.726021,0.725401,0.725967,50
2023-10-26 05:00:00,0.725967,0.726886,0.725802,0.726720,50
2023-10-26 06:00:00,0.726720,0.726973,0.724589,0.724842,50
2023-10-26 07:00:00,0.724842,0.724997,0.723637,0.723792,50
2023-10-26 08:00:00,0.723792,0.725948,0.723776,0.725932,50
2023-10-26 09:00:00,0.725932,0.726277,0.725804,0.726149,50
2023-10-26 10:00:00,0.726149,0.726312,0.724711,0.724874,50
2023-10-26 11:00:00,0.724874,0.725953,0.724782,0.725861,50
2023-10-26 12:00:00,0.725861,0.726011,0.725540,0.725690,50
2023-10-26 13:00:00,0.725690,0.726509,0.725518,0.726338,50
2023-10-26 14:00:00,0.726338,0.726524,0.723854,0.724041,50
2023-10-26 15:00:00,0.724041,0.724267,0.722230,0.722457,50
2023-10-26 16:00:00,0.722457,0.723560,0.722287,0.723390,50
2023-10-26 17:00:00,0.723390,0.724681,0.723211,0.724502,50
2023-10-26 18:00:00,0.724502,0.724871,0.724400,0.724770,50
2023-10-26 19:00:00,0.724770,0.724902,0.723862,0.723995,50
2023-10-26 20:00:00,0.723995,0.724239,0.722917,0.723161,50
2023-10-26 21:00:00,0.723161,0.725017,0.723002,0.724857,50
2023-10-26 22:00:00,0.724857,0.725082,0.723837,0.724062,50
2023-10-26 23:00:00,0.724062,0.724275,0.722852,0.723066,50
2023-10-27 00:00:00,0.723066,0.723218,0.722952,0.723104,50
2023-10-27 01:00:00,0.723104,0.723220,0.722343,0.722458,50
2023-10-27 02:00:00,0.722458,0.722812,0.722400,0.722754,50
2023-10-27 03:00:00,0.722754,0.722999,0.722642,0.722886,50
2023-10-27 04:00:00,0.722886,0.723127,0.722783,0.723024,50
2023-10-27 05:00:00,0.723024,0.723479,0.722930,0.723385,50
2023-10-27 06:00:00,0.723385,0.723480,0.723346,0.723441,50
2023-10-27 07:00:00,0.723441,0.723541,0.723053,0.723153,50
2023-10-27 08:00:00,0.723153,0.723340,0.723034,0.723220,50
2023-10-27 09:00:00,0.723220,0.723368,0.722355,0.722502,50
2023-10-27 10:00:00,0.722502,0.722546,0.721691,0.721734,50
2023-10-27 11:00:00,0.721734,0.721807,0.721297,0.721369,50
2023-10-27 12:00:00,0.721369,0.721483,0.721199,0.721313,50
2023-10-27 13:00:00,0.721313,0.721316,0.720829,0.720832,50
2023-10-27 14:00:00,0.720832,0.720906,0.720739,0.720813,50
2023-10-27 15:00:00,0.720813,0.721189,0.720664,0.721040,50
2023-10-27 16:00:00,0.721040,0.721505,0.720945,0.721410,50
2023-10-27 17:00:00,0.721410,0.721651,0.721256,0.721497,50
2023-10-27 18:00:00,0.721497,0.721807,0.721350,0.721661,50
2023-10-27 19:00:00,0.721661,0.722027,0.721512,0.721878,50
2023-10-27 20:00:00,0.721878,0.721908,0.721603,0.721633,50
2023-10-27 21:00:00,0.721633,0.722238,0.721488,0.722093,50
2023-10-27 22:00:00,0.722093,0.722517,0.721977,0.722401,50
2023-10-27 23:00:00,0.722401,0.722480,0.721110,0.721189,50
2023-10-30 00:00:00,0.721189,0.721314,0.720715,0.720840,50
2023-10-30 01:00:00,0.720840,0.721571,0.720767,0.721497,50
2023-10-30 02:00:00,0.721497,0.721656,0.721421,0.721580,50
2023-10-30 03:00:00,0.721580,0.721874,0.721462,0.721756,50
2023-10-30 04:00:00,0.721756,0.722447,0.721598,0.722289,50
2023-10-30 05:00:00,0.722289,0.722345,0.721313,0.721369,50
2023-10-30 06:00:00,0.721369,0.721744,0.721302,0.721677,50
2023-10-30 07:00:00,0.721677,0.721829,0.720681,0.720833,50
2023-10-30 08:00:00,0.720833,0.720978,0.720658,0.720803,50
2023-10-30 09:00:00,0.720803,0.721412,0.720682,0.721291,50
2023-10-30 10:00:00,0.721291,0.721416,0.721192,0.721317,50
2023-10-30 11:00:00,0.721317,0.721816,0.721234,0.721734,50
2023-10-30 12:00:00,0.721734,0.721854,0.721588,0.721707,50
2023-10-30 13:00:00,0.721707,0.722280,0.721555,0.722128,50
2023-10-30 14:00:00,0.722128,0.722866,0.722063,0.722801,50
2023-10-30 15:00:00,0.722801,0.723253,0.722795,0.723247,50
2023-10-30 16:00:00,0.723247,0.723349,0.722633,0.722736,50
2023-10-30 17:00:00,0.722736,0.722789,0.721730,0.721783,50
2023-10-30 18:00:00,0.721783,0.723666,0.721621,0.723504,50
2023-10-30 19:00:00,0.723504,0.723646,0.723132,0.723274,50
2023-10-30 20:00:00,0.723274,0.723415,0.721587,0.721728,50
2023-10-30 21:00:00,0.721728,0.721854,0.721294,0.721420,50
2023-10-30 22:00:00,0.721420,0.722180,0.721381,0.722141,50
2023-10-30 23:00:00,0.722141,0.723161,0.722098,0.723118,50
2023-10-31 00:00:00,0.723118,0.723710,0.723037,0.723629,50
2023-10-31 01:00:00,0.723629,0.723723,0.722983,0.723078,50
2023-10-31 02:00:00,0.723078,0.723683,0.722921,0.723526,50
2023-10-31 03:00:00,0.723526,0.723728,0.723230,0.723432,50
2023-10-31 04:00:00,0.723432,0.723779,0.723259,0.723607,50
2023-10-31 05:00:00,0.723607,0.723724,0.723189,0.723306,50
2023-10-31 06:00:00,0.723306,0.723497,0.722486,0.722677,50
2023-10-31 07:00:00,0.722677,0.722724,0.722607,0.722654,50
2023-10-31 08:00:00,0.722654,0.722714,0.721796,0.721856,50
2023-10-31 09:00:00,0.721856,0.722237,0.721798,0.722179,50
2023-10-31 10:00:00,0.722179,0.722212,0.721941,0.721974,50
2023-10-31 11:00:00,0.721974,0.722039,0.721541,0.721606,50
2023-10-31 12:00:00,0.721606,0.722100,0.721419,0.721913,50
2023-10-31 13:00:00,0.721913,0.722108,0.721809,0.722005,50
2023-10-31 14:00:00,0.722005,0.722107,0.721104,0.721206,50
2023-10-31 15:00:00,0.721206,0.721606,0.721036,0.721436,50
2023-10-31 16:00:00,0.721436,0.722360,0.721294,0.722217,50
2023-10-31 17:00:00,0.722217,0.722295,0.722211,0.722288,50
2023-10-31 18:00:00,0.722288,0.722442,0.721620,0.721773,50
2023-10-31 19:00:00,0.721773,0.721802,0.721768,0.721797,50
2023-10-31 20:00:00,0.721797,0.721816,0.720847,0.720867,50
2023-10-31 21:00:00,0.720867,0.721047,0.720274,0.720454,50
2023-10-31 22:00:00,0.720454,0.720577,0.719931,0.720054,50
2023-10-31 23:00:00,0.720054,0.720679,0.719941,0.720565,50
2023-11-01 00:00:00,0.720565,0.721568,0.720525,0.721528,50
2023-11-01 01:00:00,0.721528,0.721651,0.720593,0.720715,50
2023-11-01 02:00:00,0.720715,0.721637,0.720698,0.721620,50
2023-11-01 03:00:00,0.721620,0.721663,0.721376,0.721419,50
2023-11-01 04:00:00,0.721419,0.721526,0.720783,0.720889,50
2023-11-01 05:00:00,0.720889,0.721257,0.720781,0.721149,50
2023-11-01 06:00:00,0.721149,0.721393,0.721024,0.721269,50
2023-11-01 07:00:00,0.721269,0.721291,0.720559,0.720582,50
2023-11-01 08:00:00,0.720582,0.720930,0.720545,0.720893,50
2023-11-01 09:00:00,0.720893,0.721250,0.720888,0.721245,50
2023-11-01 10:00:00,0.721245,0.721372,0.721117,0.721244,50
2023-11-01 11:00:00,0.721244,0.721272,0.721198,0.721226,50
2023-11-01 12:00:00,0.721226,0.721351,0.720775,0.720900,50
2023-11-01 13:00:00,0.720900,0.721002,0.720749,0.720851,50
2023-11-01 14:00:00,0.720851,0.720939,0.720312,0.720401,50
2023-11-01 15:00:00,0.720401,0.720410,0.719979,0.719989,50
2023-11-01 16:00:00,0.719989,0.720519,0.719934,0.720465,50
2023-11-01 17:00:00,0.720465,0.720514,0.720136,0.720186,50
2023-11-01 18:00:00,0.720186,0.720282,0.719559,0.719655,50
2023-11-01 19:00:00,0.719655,0.720091,0.719544,0.719980,50
2023-11-01 20:00:00,0.719980,0.719985,0.719619,0.719625,50
2023-11-01 21:00:00,0.719625,0.719731,0.719352,0.719458,50
2023-11-01 22:00:00,0.719458,0.720073,0.719332,0.719947,50
2023-11-01 23:00:00,0.719947,0.720541,0.719919,0.720513,50
2023-11-02 00:00:00,0.720513,0.721250,0.720313,0.721050,50
2023-11-02 01:00:00,0.721050,0.722728,0.720808,0.722487,50
2023-11-02 02:00:00,0.722487,0.724161,0.722424,0.724099,50
2023-11-02 03:00:00,0.724099,0.724686,0.723993,0.724580,50
2023-11-02 04:00:00,0.724580,0.726218,0.724209,0.725848,50
2023-11-02 05:00:00,0.725848,0.725989,0.723056,0.723197,50
2023-11-02 06:00:00,0.723197,0.723303,0.722952,0.723057,50
2023-11-02 07:00:00,0.723057,0.726580,0.722684,0.726207,50
2023-11-02 08:00:00,0.726207,0.726346,0.724695,0.724834,50
2023-11-02 09:00:00,0.724834,0.726552,0.724502,0.726219,50
2023-11-02 10:00:00,0.726219,0.726410,0.724135,0.724326,50
2023-11-02 11:00:00,0.724326,0.724407,0.723023,0.723104,50
2023-11-02 12:00:00,0.723104,0.724623,0.722798,0.724318,50
2023-11-02 13:00:00,0.724318,0.725311,0.724219,0.725213,50
2023-11-02 14:00:00,0.725213,0.725264,0.722115,0.722166,50
2023-11-02 15:00:00,0.722166,0.724304,0.721827,0.723966,50
2023-11-02 16:00:00,0.723966,0.725252,0.723953,0.725240,50
2023-11-02 17:00:00,0.725240,0.725362,0.723881,0.724003,50
2023-11-02 18:00:00,0.724003,0.724032,0.722533,0.722561,50
2023-11-02 19:00:00,0.722561,0.722847,0.722058,0.722343,50
2023-11-02 20:00:00,0.722343,0.723393,0.721986,0.723036,50
2023-11-02 21:00:00,0.723036,0.723255,0.722534,0.722753,50
2023-11-02 22:00:00,0.722753,0.722885,0.722059,0.722190,50
2023-11-02 23:00:00,0.722190,0.725558,0.721901,0.725268,50
2023-11-03 00:00:00,0.725268,0.727529,0.725245,0.727505,50
2023-11-03 01:00:00,0.727505,0.727803,0.724804,0.725101,50
2023-11-03 02:00:00,0.725101,0.725200,0.723928,0.724027,50
2023-11-03 03:00:00,0.724027,0.726901,0.723679,0.726553,50
2023-11-03 04:00:00,0.726553,0.726749,0.724983,0.725179,50
2023-11-03 05:00:00,0.725179,0.728621,0.725003,0.728445,50
2023-11-03 06:00:00,0.728445,0.730782,0.727963,0.730299,50
2023-11-03 07:00:00,0.730299,0.730496,0.730074,0.730272,50
2023-11-03 08:00:00,0.730272,0.730275,0.728237,0.728241,50
2023-11-03 09:00:00,0.728241,0.728357,0.724799,0.724915,50
2023-11-03 10:00:00,0.724915,0.730187,0.724633,0.729905,50
2023-11-03 11:00:00,0.729905,0.731755,0.729509,0.731359,50
2023-11-03 12:00:00,0.731359,0.731500,0.729829,0.729971,50
2023-11-03 13:00:00,0.729971,0.731390,0.729463,0.730882,50
2023-11-03 14:00:00,0.730882,0.732649,0.730743,0.732511,50
2023-11-03 15:00:00,0.732511,0.732937,0.729815,0.730241,50
2023-11-03 16:00:00,0.730241,0.730691,0.729176,0.729625,50
2023-11-03 17:00:00,0.729625,0.733113,0.729229,0.732717,50
2023-11-03 18:00:00,0.732717,0.733108,0.730789,0.731180,50
2023-11-03 19:00:00,0.731180,0.731298,0.730551,0.730669,50
2023-11-03 20:00:00,0.730669,0.731021,0.727860,0.728212,50
2023-11-03 21:00:00,0.728212,0.730070,0.727970,0.729828,50
2023-11-03 22:00:00,0.729828,0.730089,0.728733,0.728994,50
2023-11-03 23:00:00,0.728994,0.731559,0.728910,0.731475,50
2023-11-06 00:00:00,0.731475,0.731546,0.731266,0.731337,50
2023-11-06 01:00:00,0.731337,0.731376,0.731187,0.731226,50
2023-11-06 02:00:00,0.731226,0.731318,0.730930,0.731022,50
2023-11-06 03:00:00,0.731022,0.731079,0.730561,0.730618,50
2023-11-06 04:00:00,0.730618,0.730759,0.730617,0.730757,50
2023-11-06 05:00:00,0.730757,0.731262,0.730637,0.731142,50
2023-11-06 06:00:00,0.731142,0.731224,0.730942,0.731024,50
2023-11-06 07:00:00,0.731024,0.731080,0.730892,0.730947,50
2023-11-06 08:00:00,0.730947,0.731140,0.730929,0.731122,50
2023-11-06 09:00:00,0.731122,0.731232,0.730978,0.731088,50
2023-11-06 10:00:00,0.731088,0.731360,0.730958,0.731230,50
2023-11-06 11:00:00,0.731230,0.731296,0.730674,0.730741,50
2023-11-06 12:00:00,0.730741,0.731304,0.730710,0.731273,50
2023-11-06 13:00:00,0.731273,0.731477,0.731165,0.731369,50
2023-11-06 14:00:00,0.731369,0.731417,0.731193,0.731240,50
2023-11-06 15:00:00,0.731240,0.731581,0.731144,0.731485,50
2023-11-06 16:00:00,0.731485,0.732399,0.731370,0.732284,50
2023-11-06 17:00:00,0.732284,0.732923,0.732175,0.732814,50
2023-11-06 18:00:00,0.732814,0.732836,0.732640,0.732661,50
2023-11-06 19:00:00,0.732661,0.732706,0.732416,0.732460,50
2023-11-06 20:00:00,0.732460,0.732571,0.731850,0.731962,50
2023-11-06 21:00:00,0.731962,0.731977,0.731605,0.731621,50
2023-11-06 22:00:00,0.731621,0.731652,0.730961,0.730992,50
2023-11-06 23:00:00,0.730992,0.731959,0.730990,0.731957,50
2023-11-07 00:00:00,0.731957,0.732398,0.729291,0.729732,50
2023-11-07 01:00:00,0.729732,0.732310,0.729458,0.732036,50
2023-11-07 02:00:00,0.732036,0.732264,0.731227,0.731455,50
2023-11-07 03:00:00,0.731455,0.732375,0.731410,0.732330,50
2023-11-07 04:00:00,0.732330,0.732374,0.731706,0.731750,50
2023-11-07 05:00:00,0.731750,0.731899,0.731393,0.731542,50
2023-11-07 06:00:00,0.731542,0.731633,0.729327,0.729418,50
2023-11-07 07:00:00,0.729418,0.729746,0.726878,0.727206,50
2023-11-07 08:00:00,0.727206,0.730221,0.727072,0.730087,50
2023-11-07 09:00:00,0.730087,0.730269,0.729912,0.730094,50
2023-11-07 10:00:00,0.730094,0.730364,0.725828,0.726098,50
2023-11-07 11:00:00,0.726098,0.726331,0.725374,0.725607,50
2023-11-07 12:00:00,0.725607,0.727511,0.725201,0.727105,50
2023-11-07 13:00:00,0.727105,0.727394,0.724843,0.725132,50
2023-11-07 14:00:00,0.725132,0.728915,0.725026,0.728810,50
2023-11-07 15:00:00,0.728810,0.729553,0.728658,0.729401,50
2023-11-07 16:00:00,0.729401,0.732464,0.728938,0.732001,50
2023-11-07 17:00:00,0.732001,0.733218,0.731879,0.733095,50
2023-11-07 18:00:00,0.733095,0.733242,0.729843,0.729989,50
2023-11-07 19:00:00,0.729989,0.730292,0.726428,0.726731,50
2023-11-07 20:00:00,0.726731,0.728154,0.726440,0.727864,50
2023-11-07 21:00:00,0.727864,0.727929,0.725631,0.725696,50
2023-11-07 22:00:00,0.725696,0.727337,0.725620,0.727261,50
2023-11-07 23:00:00,0.727261,0.727586,0.725944,0.726269,50
2023-11-08 00:00:00,0.726269,0.726315,0.725352,0.725398,50
2023-11-08 01:00:00,0.725398,0.726110,0.725288,0.726000,50
2023-11-08 02:00:00,0.726000,0.726391,0.725962,0.726353,50
2023-11-08 03:00:00,0.726353,0.726432,0.725501,0.725579,50
2023-11-08 04:00:00,0.725579,0.725592,0.725137,0.725150,50
2023-11-08 05:00:00,0.725150,0.725831,0.725122,0.725804,50
2023-11-08 06:00:00,0.725804,0.725890,0.725456,0.725543,50
2023-11-08 07:00:00,0.725543,0.726531,0.725445,0.726433,50
2023-11-08 08:00:00,0.726433,0.726624,0.726402,0.726593,50
2023-11-08 09:00:00,0.726593,0.726718,0.725467,0.725592,50
2023-11-08 10:00:00,0.725592,0.725701,0.725571,0.725680,50
2023-11-08 11:00:00,0.725680,0.726139,0.725558,0.726017,50
2023-11-08 12:00:00,0.726017,0.726034,0.725828,0.725844,50
2023-11-08 13:00:00,0.725844,0.725911,0.725525,0.725591,50
2023-11-08 14:00:00,0.725591,0.725669,0.725196,0.725274,50
2023-11-08 15:00:00,0.725274,0.725393,0.725231,0.725350,50
2023-11-08 16:00:00,0.725350,0.725398,0.724370,0.724419,50
2023-11-08 17:00:00,0.724419,0.725338,0.724341,0.725260,50
2023-11-08 18:00:00,0.725260,0.725536,0.725197,0.725473,50
2023-11-08 19:00:00,0.725473,0.725662,0.725350,0.725539,50
2023-11-08 20:00:00,0.725539,0.726311,0.725482,0.726254,50
2023-11-08 21:00:00,0.726254,0.726328,0.725326,0.725401,50
2023-11-08 22:00:00,0.725401,0.725475,0.724866,0.724941,50
2023-11-08 23:00:00,0.724941,0.724962,0.724723,0.724743,50
2023-11-09 00:00:00,0.724743,0.725880,0.724627,0.725765,50
2023-11-09 01:00:00,0.725765,0.726182,0.725695,0.726113,50
2023-11-09 02:00:00,0.726113,0.726184,0.726043,0.726114,50
2023-11-09 03:00:00,0.726114,0.726240,0.725054,0.725180,50
2023-11-09 04:00:00,0.725180,0.725729,0.725060,0.725609,50
2023-11-09 05:00:00,0.725609,0.725624,0.725515,0.725531,50
2023-11-09 06:00:00,0.725531,0.725564,0.725319,0.725352,50
2023-11-09 07:00:00,0.725352,0.726246,0.725233,0.726127,50
2023-11-09 08:00:00,0.726127,0.726544,0.726098,0.726514,50
2023-11-09 09:00:00,0.726514,0.726779,0.726415,0.726680,50
2023-11-09 10:00:00,0.726680,0.726769,0.725641,0.725730,50
2023-11-09 11:00:00,0.725730,0.725851,0.724458,0.724578,50
2023-11-09 12:00:00,0.724578,0.724694,0.724419,0.724534,50
2023-11-09 13:00:00,0.724534,0.724643,0.724461,0.724570,50
2023-11-09 14:00:00,0.724570,0.725357,0.724459,0.725246,50
2023-11-09 15:00:00,0.725246,0.725545,0.725224,0.725523,50
2023-11-09 16:00:00,0.725523,0.725850,0.725499,0.725826,50
2023-11-09 17:00:00,0.725826,0.725897,0.725630,0.725701,50
2023-11-09 18:00:00,0.725701,0.725786,0.725595,0.725680,50
2023-11-09 19:00:00,0.725680,0.726268,0.725576,0.726164,50
2023-11-09 20:00:00,0.726164,0.726889,0.726039,0.726764,50
2023-11-09 21:00:00,0.726764,0.726844,0.725669,0.725748,50
2023-11-09 22:00:00,0.725748,0.726048,0.725704,0.726004,50
2023-11-09 23:00:00,0.726004,0.726520,0.725911,0.726427,50
2023-11-13 00:00:00,0.726427,0.726837,0.726348,0.726758,50
2023-11-13 01:00:00,0.726758,0.727217,0.726662,0.727121,50
2023-11-13 02:00:00,0.727121,0.727126,0.726561,0.726567,50
2023-11-13 03:00:00,0.726567,0.726589,0.726244,0.726266,50
2023-11-13 04:00:00,0.726266,0.726494,0.726225,0.726453,50
2023-11-13 05:00:00,0.726453,0.726568,0.725750,0.725865,50
2023-11-13 06:00:00,0.725865,0.726123,0.725767,0.726025,50
2023-11-13 07:00:00,0.726025,0.726292,0.725960,0.726227,50
2023-11-13 08:00:00,0.726227,0.726269,0.725880,0.725922,50
2023-11-13 09:00:00,0.725922,0.726413,0.725875,0.726366,50
2023-11-13 10:00:00,0.726366,0.726604,0.726309,0.726546,50
2023-11-13 11:00:00,0.726546,0.726604,0.725828,0.725885,50
2023-11-13 12:00:00,0.725885,0.726006,0.725357,0.725478,50
2023-11-13 13:00:00,0.725478,0.725917,0.725437,0.725876,50
2023-11-13 14:00:00,0.725876,0.725908,0.725867,0.725898,50
2023-11-13 15:00:00,0.725898,0.725981,0.725131,0.725214,50
2023-11-13 16:00:00,0.725214,0.726261,0.725113,0.726160,50
2023-11-13 17:00:00,0.726160,0.726160,0.725749,0.725750,50
2023-11-13 18:00:00,0.725750,0.725790,0.725464,0.725505,50
2023-11-13 19:00:00,0.725505,0.725629,0.724822,0.724946,50
2023-11-13 20:00:00,0.724946,0.725045,0.724845,0.724944,50
2023-11-13 21:00:00,0.724944,0.725184,0.724859,0.725099,50
2023-11-13 22:00:00,0.725099,0.725224,0.725004,0.725129,50
2023-11-13 23:00:00,0.725129,0.725753,0.725013,0.725637,50
2023-11-14 00:00:00,0.725637,0.726022,0.725329,0.725714,50
2023-11-14 01:00:00,0.725714,0.725836,0.725506,0.725629,50
2023-11-14 02:00:00,0.725629,0.726033,0.725600,0.726004,50
2023-11-14 03:00:00,0.726004,0.727053,0.725717,0.726766,50
2023-11-14 04:00:00,0.726766,0.728051,0.726718,0.728003,50
2023-11-14 05:00:00,0.728003,0.728686,0.727748,0.728431,50
2023-11-14 06:00:00,0.728431,0.728712,0.727970,0.728252,50
2023-11-14 07:00:00,0.728252,0.728626,0.728185,0.728559,50
2023-11-14 08:00:00,0.728559,0.728728,0.728236,0.728405,50
2023-11-14 09:00:00,0.728405,0.729104,0.728101,0.728799,50
2023-11-14 10:00:00,0.728799,0.730321,0.728560,0.730082,50
2023-11-14 11:00:00,0.730082,0.730283,0.729182,0.729382,50
2023-11-14 12:00:00,0.729382,0.729667,0.727746,0.728030,50
2023-11-14 13:00:00,0.728030,0.728228,0.726690,0.726888,50
2023-11-14 14:00:00,0.726888,0.727729,0.726617,0.727458,50
2023-11-14 15:00:00,0.727458,0.727522,0.726648,0.726713,50
2023-11-14 16:00:00,0.726713,0.727172,0.726460,0.726919,50
2023-11-14 17:00:00,0.726919,0.727195,0.726201,0.726477,50
2023-11-14 18:00:00,0.726477,0.726683,0.726433,0.726640,50
2023-11-14 19:00:00,0.726640,0.727714,0.726548,0.727621,50
2023-11-14 20:00:00,0.727621,0.727826,0.726912,0.727117,50
2023-11-14 21:00:00,0.727117,0.728282,0.726819,0.727984,50
2023-11-14 22:00:00,0.727984,0.728018,0.726613,0.726647,50
2023-11-14 23:00:00,0.726647,0.729608,0.726381,0.729341,50
2023-11-15 00:00:00,0.729341,0.730210,0.729328,0.730197,50
2023-11-15 01:00:00,0.730197,0.730382,0.730105,0.730289,50
2023-11-15 02:00:00,0.730289,0.730992,0.730087,0.730790,50
2023-11-15 03:00:00,0.730790,0.731548,0.730749,0.731507,50
2023-11-15 04:00:00,0.731507,0.732412,0.731382,0.732288,50
2023-11-15 05:00:00,0.732288,0.732405,0.731319,0.731436,50
2023-11-15 06:00:00,0.731436,0.731773,0.731253,0.731590,50
2023-11-15 07:00:00,0.731590,0.731731,0.730436,0.730577,50
2023-11-15 08:00:00,0.730577,0.730615,0.728812,0.728850,50
2023-11-15 09:00:00,0.728850,0.729723,0.728696,0.729569,50
2023-11-15 10:00:00,0.729569,0.729663,0.729292,0.729386,50
2023-11-15 11:00:00,0.729386,0.729950,0.729226,0.729790,50
2023-11-15 12:00:00,0.729790,0.729884,0.729665,0.729759,50
2023-11-15 13:00:00,0.729759,0.729999,0.729670,0.729909,50
2023-11-15 14:00:00,0.729909,0.729980,0.729707,0.729778,50
2023-11-15 15:00:00,0.729778,0.729919,0.729267,0.729408,50
2023-11-15 16:00:00,0.729408,0.729588,0.729027,0.729207,50
2023-11-15 17:00:00,0.729207,0.730108,0.729162,0.730063,50
2023-11-15 18:00:00,0.730063,0.730209,0.728879,0.729025,50
2023-11-15 19:00:00,0.729025,0.729238,0.729000,0.729213,50
2023-11-15 20:00:00,0.729213,0.730429,0.729085,0.730301,50
2023-11-15 21:00:00,0.730301,0.730845,0.730209,0.730753,50
2023-11-15 22:00:00,0.730753,0.730812,0.730650,0.730709,50
2023-11-15 23:00:00,0.730709,0.731912,0.730593,0.731797,50
2023-11-16 00:00:00,0.731797,0.731979,0.728099,0.728281,50
2023-11-16 01:00:00,0.728281,0.730536,0.728046,0.730300,50
2023-11-16 02:00:00,0.730300,0.730754,0.730012,0.730466,50
2023-11-16 03:00:00,0.730466,0.733096,0.730325,0.732955,50
2023-11-16 04:00:00,0.732955,0.732964,0.732249,0.732258,50
2023-11-16 05:00:00,0.732258,0.732397,0.731729,0.731867,50
2023-11-16 06:00:00,0.731867,0.732995,0.731777,0.732904,50
2023-11-16 07:00:00,0.732904,0.733108,0.731163,0.731367,50
2023-11-16 08:00:00,0.731367,0.731596,0.729398,0.729627,50
2023-11-16 09:00:00,0.729627,0.730094,0.728969,0.729436,50
2023-11-16 10:00:00,0.729436,0.729587,0.727680,0.727832,50
2023-11-16 11:00:00,0.727832,0.728054,0.725261,0.725483,50
2023-11-16 12:00:00,0.725483,0.727114,0.725415,0.727046,50
2023-11-16 13:00:00,0.727046,0.727066,0.724827,0.724847,50
2023-11-16 14:00:00,0.724847,0.726240,0.724621,0.726014,50
2023-11-16 15:00:00,0.726014,0.726134,0.725365,0.725484,50
2023-11-16 16:00:00,0.725484,0.726659,0.725220,0.726394,50
2023-11-16 17:00:00,0.726394,0.727889,0.726174,0.727669,50
2023-11-16 18:00:00,0.727669,0.727880,0.726133,0.726344,50
2023-11-16 19:00:00,0.726344,0.728228,0.726048,0.727931,50
2023-11-16 20:00:00,0.727931,0.728330,0.727155,0.727554,50
2023-11-16 21:00:00,0.727554,0.727893,0.726352,0.726691,50
2023-11-16 22:00:00,0.726691,0.726989,0.725162,0.725460,50
2023-11-16 23:00:00,0.725460,0.726181,0.725284,0.726006,50
2023-11-17 00:00:00,0.726006,0.726576,0.725918,0.726488,50
2023-11-17 01:00:00,0.726488,0.726630,0.725950,0.726091,50
2023-11-17 02:00:00,0.726091,0.726183,0.725653,0.725745,50
2023-11-17 03:00:00,0.725745,0.725805,0.725586,0.725646,50
2023-11-17 04:00:00,0.725646,0.725988,0.725500,0.725842,50
2023-11-17 05:00:00,0.725842,0.726244,0.725749,0.726151,50
2023-11-17 06:00:00,0.726151,0.726288,0.725892,0.726030,50
2023-11-17 07:00:00,0.726030,0.726976,0.725926,0.726873,50
2023-11-17 08:00:00,0.726873,0.727005,0.725691,0.725823,50
2023-11-17 09:00:00,0.725823,0.725935,0.725614,0.725726,50
2023-11-17 10:00:00,0.725726,0.725851,0.725713,0.725837,50
2023-11-17 11:00:00,0.725837,0.725986,0.725670,0.725819,50
2023-11-17 12:00:00,0.725819,0.726334,0.725686,0.726201,50
2023-11-17 13:00:00,0.726201,0.726288,0.725786,0.725872,50
2023-11-17 14:00:00,0.725872,0.726651,0.725739,0.726517,50
2023-11-17 15:00:00,0.726517,0.726886,0.726403,0.726771,50
2023-11-17 16:00:00,0.726771,0.726915,0.725922,0.726065,50
2023-11-17 17:00:00,0.726065,0.726725,0.726009,0.726669,50
2023-11-17 18:00:00,0.726669,0.726996,0.726645,0.726972,50
2023-11-17 19:00:00,0.726972,0.727960,0.726827,0.727814,50
2023-11-17 20:00:00,0.727814,0.728130,0.727688,0.728004,50
2023-11-17 21:00:00,0.728004,0.728036,0.727738,0.727770,50
2023-11-17 22:00:00,0.727770,0.728190,0.727741,0.728161,50
2023-11-17 23:00:00,0.728161,0.728285,0.727678,0.727802,50
2023-11-20 00:00:00,0.727802,0.727848,0.727193,0.727239,50
2023-11-20 01:00:00,0.727239,0.728196,0.727138,0.728095,50
2023-11-20 02:00:00,0.728095,0.728579,0.728008,0.728493,50
2023-11-20 03:00:00,0.728493,0.728796,0.728378,0.728682,50
2023-11-20 04:00:00,0.728682,0.728880,0.728566,0.728763,50
2023-11-20 05:00:00,0.728763,0.728854,0.728397,0.728488,50
2023-11-20 06:00:00,0.728488,0.728829,0.728463,0.728805,50
2023-11-20 07:00:00,0.728805,0.728917,0.728133,0.728246,50
2023-11-20 08:00:00,0.728246,0.728258,0.727815,0.727827,50
2023-11-20 09:00:00,0.727827,0.728330,0.727801,0.728304,50
2023-11-20 10:00:00,0.728304,0.728735,0.728179,0.728611,50
2023-11-20 11:00:00,0.728611,0.728706,0.728131,0.728226,50
2023-11-20 12:00:00,0.728226,0.729148,0.728158,0.729080,50
2023-11-20 13:00:00,0.729080,0.729531,0.728975,0.729426,50
2023-11-20 14:00:00,0.729426,0.729442,0.728865,0.728881,50
2023-11-20 15:00:00,0.728881,0.729415,0.728802,0.729337,50
2023-11-20 16:00:00,0.729337,0.729380,0.729213,0.729256,50
2023-11-20 17:00:00,0.729256,0.729299,0.728587,0.728630,50
2023-11-20 18:00:00,0.728630,0.728783,0.728525,0.728678,50
2023-11-20 19:00:00,0.728678,0.728841,0.728649,0.728811,50
2023-11-20 20:00:00,0.728811,0.729055,0.728808,0.729051,50
2023-11-20 21:00:00,0.729051,0.729086,0.728699,0.728734,50
2023-11-20 22:00:00,0.728734,0.728838,0.728400,0.728504,50
2023-11-20 23:00:00,0.728504,0.728916,0.728451,0.728863,50
2023-11-21 00:00:00,0.728863,0.728909,0.728756,0.728803,50
2023-11-21 01:00:00,0.728803,0.728812,0.728611,0.728621,50
2023-11-21 02:00:00,0.728621,0.728687,0.728477,0.728544,50
2023-11-21 03:00:00,0.728544,0.729495,0.728463,0.729415,50
2023-11-21 04:00:00,0.729415,0.729637,0.729323,0.729545,50
2023-11-21 05:00:00,0.729545,0.729547,0.729264,0.729265,50
2023-11-21 06:00:00,0.729265,0.729306,0.729188,0.729229,50
2023-11-21 07:00:00,0.729229,0.729556,0.729112,0.729439,50
2023-11-21 08:00:00,0.729439,0.729784,0.729347,0.729691,50
2023-11-21 09:00:00,0.729691,0.729701,0.729660,0.729669,50
2023-11-21 10:00:00,0.729669,0.729857,0.729538,0.729725,50
2023-11-21 11:00:00,0.729725,0.729794,0.729591,0.729659,50
2023-11-21 12:00:00,0.729659,0.729841,0.729540,0.729721,50
2023-11-21 13:00:00,0.729721,0.730074,0.729612,0.729965,50
2023-11-21 14:00:00,0.729965,0.730669,0.729947,0.730651,50
2023-11-21 15:00:00,0.730651,0.730705,0.730289,0.730343,50
2023-11-21 16:00:00,0.730343,0.730417,0.729893,0.729967,50
2023-11-21 17:00:00,0.729967,0.730076,0.729819,0.729928,50
2023-11-21 18:00:00,0.729928,0.730912,0.729796,0.730780,50
2023-11-21 19:00:00,0.730780,0.730878,0.730290,0.730389,50
2023-11-21 20:00:00,0.730389,0.730430,0.730373,0.730414,50
2023-11-21 21:00:00,0.730414,0.730480,0.729303,0.729369,50
2023-11-21 22:00:00,0.729369,0.729579,0.729307,0.729516,50
2023-11-21 23:00:00,0.729516,0.730524,0.729453,0.730460,50
2023-11-22 00:00:00,0.730460,0.730549,0.727627,0.727716,50
2023-11-22 01:00:00,0.727716,0.728462,0.727592,0.728339,50
2023-11-22 02:00:00,0.728339,0.728393,0.728256,0.728310,50
2023-11-22 03:00:00,0.728310,0.728455,0.728032,0.728176,50
2023-11-22 04:00:00,0.728176,0.728914,0.728073,0.728811,50
2023-11-22 05:00:00,0.728811,0.729001,0.728517,0.728707,50
2023-11-22 06:00:00,0.728707,0.729179,0.728535,0.729007,50
2023-11-22 07:00:00,0.729007,0.729305,0.728994,0.729292,50
2023-11-22 08:00:00,0.729292,0.729933,0.729212,0.729853,50
2023-11-22 09:00:00,0.729853,0.730196,0.729829,0.730171,50
2023-11-22 10:00:00,0.730171,0.730249,0.729996,0.730073,50
2023-11-22 11:00:00,0.730073,0.730207,0.729583,0.729717,50
2023-11-22 12:00:00,0.729717,0.730083,0.729544,0.729910,50
2023-11-22 13:00:00,0.729910,0.730859,0.729846,0.730796,50
2023-11-22 14:00:00,0.730796,0.730910,0.730759,0.730873,50
2023-11-22 15:00:00,0.730873,0.730901,0.730636,0.730664,50
2023-11-22 16:00:00,0.730664,0.730674,0.730412,0.730422,50
2023-11-22 17:00:00,0.730422,0.731071,0.730269,0.730918,50
2023-11-22 18:00:00,0.730918,0.730924,0.730489,0.730496,50
2023-11-22 19:00:00,0.730496,0.730514,0.730120,0.730138,50
2023-11-22 20:00:00,0.730138,0.730138,0.729811,0.729812,50
2023-11-22 21:00:00,0.729812,0.729882,0.729267,0.729337,50
2023-11-22 22:00:00,0.729337,0.729501,0.728951,0.729115,50
2023-11-22 23:00:00,0.729115,0.729205,0.728083,0.728173,50
2023-11-24 00:00:00,0.728173,0.730015,0.727676,0.729518,50
2023-11-24 01:00:00,0.729518,0.731324,0.729267,0.731073,50
2023-11-24 02:00:00,0.731073,0.731336,0.727535,0.727799,50
2023-11-24 03:00:00,0.727799,0.727919,0.726826,0.726946,50
2023-11-24 04:00:00,0.726946,0.728171,0.726657,0.727882,50
2023-11-24 05:00:00,0.727882,0.730473,0.727334,0.729925,50
2023-11-24 06:00:00,0.729925,0.732031,0.729559,0.731664,50
2023-11-24 07:00:00,0.731664,0.731993,0.730862,0.731191,50
2023-11-24 08:00:00,0.731191,0.732827,0.730983,0.732619,50
2023-11-24 09:00:00,0.732619,0.733013,0.730489,0.730884,50
2023-11-24 10:00:00,0.730884,0.733390,0.730668,0.733175,50
2023-11-24 11:00:00,0.733175,0.733266,0.731157,0.731249,50
2023-11-24 12:00:00,0.731249,0.731383,0.729001,0.729136,50
2023-11-24 13:00:00,0.729136,0.729499,0.727540,0.727903,50
2023-11-24 14:00:00,0.727903,0.728222,0.726516,0.726835,50
2023-11-24 15:00:00,0.726835,0.728675,0.726411,0.728251,50
2023-11-24 16:00:00,0.728251,0.731188,0.727920,0.730857,50
2023-11-24 17:00:00,0.730857,0.731216,0.728624,0.728982,50
2023-11-24 18:00:00,0.728982,0.729166,0.727674,0.727858,50
2023-11-24 19:00:00,0.727858,0.729818,0.727665,0.729625,50
2023-11-24 20:00:00,0.729625,0.732502,0.729282,0.732159,50
2023-11-24 21:00:00,0.732159,0.736318,0.732040,0.736200,50
2023-11-24 22:00:00,0.736200,0.736425,0.735055,0.735281,50
2023-11-24 23:00:00,0.735281,0.735681,0.734461,0.734862,50
2023-11-27 00:00:00,0.734862,0.734900,0.734455,0.734493,50
2023-11-27 01:00:00,0.734493,0.734731,0.734486,0.734723,50
2023-11-27 02:00:00,0.734723,0.734956,0.734640,0.734872,50
2023-11-27 03:00:00,0.734872,0.735017,0.734778,0.734923,50
2023-11-27 04:00:00,0.734923,0.735026,0.734861,0.734964,50
2023-11-27 05:00:00,0.734964,0.735130,0.734895,0.735061,50
2023-11-27 06:00:00,0.735061,0.735170,0.734799,0.734909,50
2023-11-27 07:00:00,0.734909,0.734999,0.734744,0.734834,50
2023-11-27 08:00:00,0.734834,0.735419,0.734703,0.735288,50
2023-11-27 09:00:00,0.735288,0.735313,0.735252,0.735277,50
2023-11-27 10:00:00,0.735277,0.735361,0.735137,0.735221,50
2023-11-27 11:00:00,0.735221,0.735293,0.734909,0.734980,50
2023-11-27 12:00:00,0.734980,0.735297,0.734960,0.735277,50
2023-11-27 13:00:00,0.735277,0.735397,0.735167,0.735287,50
2023-11-27 14:00:00,0.735287,0.735291,0.735161,0.735165,50
2023-11-27 15:00:00,0.735165,0.735242,0.734523,0.734600,50
2023-11-27 16:00:00,0.734600,0.734733,0.734471,0.734604,50
2023-11-27 17:00:00,0.734604,0.734716,0.734215,0.734327,50
2023-11-27 18:00:00,0.734327,0.734411,0.734051,0.734134,50
2023-11-27 19:00:00,0.734134,0.734230,0.733869,0.733965,50
2023-11-27 20:00:00,0.733965,0.734020,0.733845,0.733900,50
2023-11-27 21:00:00,0.733900,0.734004,0.733502,0.733606,50
2023-11-27 22:00:00,0.733606,0.733667,0.733219,0.733279,50
2023-11-27 23:00:00,0.733279,0.733632,0.733162,0.733514,50
2023-11-28 00:00:00,0.733514,0.734941,0.733321,0.734748,50
2023-11-28 01:00:00,0.734748,0.734779,0.733747,0.733778,50
2023-11-28 02:00:00,0.733778,0.734067,0.732690,0.732979,50
2023-11-28 03:00:00,0.732979,0.733804,0.732754,0.733579,50
2023-11-28 04:00:00,0.733579,0.733688,0.733534,0.733643,50
2023-11-28 05:00:00,0.733643,0.733777,0.732612,0.732746,50
2023-11-28 06:00:00,0.732746,0.734155,0.732478,0.733887,50
2023-11-28 07:00:00,0.733887,0.734605,0.733579,0.734297,50
2023-11-28 08:00:00,0.734297,0.735573,0.734057,0.735334,50
2023-11-28 09:00:00,0.735334,0.735419,0.735188,0.735273,50
2023-11-28 10:00:00,0.735273,0.735452,0.734129,0.734308,50
2023-11-28 11:00:00,0.734308,0.734915,0.734098,0.734705,50
2023-11-28 12:00:00,0.734705,0.734866,0.734488,0.734648,50
2023-11-28 13:00:00,0.734648,0.735479,0.734618,0.735449,50
2023-11-28 14:00:00,0.735449,0.736333,0.735331,0.736215,50
2023-11-28 15:00:00,0.736215,0.737603,0.736030,0.737418,50
2023-11-28 16:00:00,0.737418,0.737707,0.736419,0.736708,50
2023-11-28 17:00:00,0.736708,0.737771,0.736402,0.737466,50
2023-11-28 18:00:00,0.737466,0.738393,0.737195,0.738122,50
2023-11-28 19:00:00,0.738122,0.738306,0.737844,0.738028,50
2023-11-28 20:00:00,0.738028,0.738138,0.738005,0.738115,50
2023-11-28 21:00:00,0.738115,0.738415,0.737219,0.737518,50
2023-11-28 22:00:00,0.737518,0.737668,0.737512,0.737662,50
2023-11-28 23:00:00,0.737662,0.737824,0.737192,0.737354,50
2023-11-29 00:00:00,0.737354,0.737435,0.736091,0.736171,50
2023-11-29 01:00:00,0.736171,0.736296,0.735986,0.736110,50
2023-11-29 02:00:00,0.736110,0.737614,0.736103,0.737607,50
2023-11-29 03:00:00,0.737607,0.737683,0.736998,0.737074,50
2023-11-29 04:00:00,0.737074,0.737210,0.736563,0.736699,50
2023-11-29 05:00:00,0.736699,0.737833,0.736589,0.737723,50
2023-11-29 06:00:00,0.737723,0.737769,0.736869,0.736915,50
2023-11-29 07:00:00,0.736915,0.736953,0.736698,0.736736,50
2023-11-29 08:00:00,0.736736,0.736951,0.736591,0.736806,50
2023-11-29 09:00:00,0.736806,0.736936,0.736302,0.736432,50
2023-11-29 10:00:00,0.736432,0.736579,0.736150,0.736296,50
2023-11-29 11:00:00,0.736296,0.736317,0.736206,0.736227,50
2023-11-29 12:00:00,0.736227,0.736360,0.736128,0.736261,50
2023-11-29 13:00:00,0.736261,0.736672,0.736192,0.736604,50
2023-11-29 14:00:00,0.736604,0.736674,0.736366,0.736436,50
2023-11-29 15:00:00,0.736436,0.737202,0.736309,0.737075,50
2023-11-29 16:00:00,0.737075,0.737217,0.736253,0.736395,50
2023-11-29 17:00:00,0.736395,0.736504,0.736037,0.736146,50
2023-11-29 18:00:00,0.736146,0.737008,0.735998,0.736861,50
2023-11-29 19:00:00,0.736861,0.736972,0.736398,0.736510,50
2023-11-29 20:00:00,0.736510,0.736612,0.735695,0.735798,50
2023-11-29 21:00:00,0.735798,0.736438,0.735747,0.736386,50
2023-11-29 22:00:00,0.736386,0.736476,0.735976,0.736065,50
2023-11-29 23:00:00,0.736065,0.736083,0.735493,0.735510,50
2023-11-30 00:00:00,0.735510,0.735635,0.734737,0.734862,50
2023-11-30 01:00:00,0.734862,0.735366,0.734755,0.735258,50
2023-11-30 02:00:00,0.735258,0.735766,0.735150,0.735658,50
2023-11-30 03:00:00,0.735658,0.735719,0.735547,0.735608,50
2023-11-30 04:00:00,0.735608,0.735927,0.735498,0.735817,50
2023-11-30 05:00:00,0.735817,0.736325,0.735776,0.736284,50
2023-11-30 06:00:00,0.736284,0.736314,0.736217,0.736247,50
2023-11-30 07:00:00,0.736247,0.736348,0.736095,0.736196,50
2023-11-30 08:00:00,0.736196,0.736328,0.736161,0.736293,50
2023-11-30 09:00:00,0.736293,0.736371,0.736010,0.736088,50
2023-11-30 10:00:00,0.736088,0.736132,0.735880,0.735923,50
2023-11-30 11:00:00,0.735923,0.736172,0.735897,0.736146,50
2023-11-30 12:00:00,0.736146,0.736485,0.736054,0.736393,50
2023-11-30 13:00:00,0.736393,0.736427,0.736269,0.736303,50
2023-11-30 14:00:00,0.736303,0.736419,0.736272,0.736388,50
2023-11-30 15:00:00,0.736388,0.736561,0.736274,0.736447,50
2023-11-30 16:00:00,0.736447,0.736559,0.736320,0.736432,50
2023-11-30 17:00:00,0.736432,0.736647,0.736330,0.736545,50
2023-11-30 18:00:00,0.736545,0.736604,0.736402,0.736461,50
2023-11-30 19:00:00,0.736461,0.736796,0.736419,0.736754,50
2023-11-30 20:00:00,0.736754,0.736970,0.736641,0.736858,50
2023-11-30 21:00:00,0.736858,0.736862,0.736697,0.736701,50
2023-11-30 22:00:00,0.736701,0.736836,0.736589,0.736724,50
2023-11-30 23:00:00,0.736724,0.736797,0.735924,0.735998,50
2023-12-01 00:00:00,0.735998,0.736366,0.734737,0.735105,50
2023-12-01 01:00:00,0.735105,0.736013,0.734901,0.735809,50
2023-12-01 02:00:00,0.735809,0.737155,0.735483,0.736830,50
2023-12-01 03:00:00,0.736830,0.737155,0.736691,0.737016,50
2023-12-01 04:00:00,0.737016,0.737096,0.735083,0.735162,50
2023-12-01 05:00:00,0.735162,0.738181,0.734932,0.737950,50
2023-12-01 06:00:00,0.737950,0.739041,0.737876,0.738968,50
2023-12-01 07:00:00,0.738968,0.740104,0.738884,0.740021,50
2023-12-01 08:00:00,0.740021,0.740266,0.740005,0.740250,50
2023-12-01 09:00:00,0.740250,0.741117,0.740136,0.741003,50
2023-12-01 10:00:00,0.741003,0.741333,0.739769,0.740098,50
2023-12-01 11:00:00,0.740098,0.740633,0.739720,0.740255,50
2023-12-01 12:00:00,0.740255,0.740514,0.739954,0.740213,50
2023-12-01 13:00:00,0.740213,0.742063,0.740169,0.742019,50
2023-12-01 14:00:00,0.742019,0.742099,0.740601,0.740681,50
2023-12-01 15:00:00,0.740681,0.740964,0.737629,0.737911,50
2023-12-01 16:00:00,0.737911,0.739451,0.737756,0.739296,50
2023-12-01 17:00:00,0.739296,0.739675,0.738211,0.738589,50
2023-12-01 18:00:00,0.738589,0.739156,0.738500,0.739066,50
2023-12-01 19:00:00,0.739066,0.739396,0.737512,0.737842,50
2023-12-01 20:00:00,0.737842,0.737999,0.737227,0.737384,50
2023-12-01 21:00:00,0.737384,0.737752,0.735802,0.736170,50
2023-12-01 22:00:00,0.736170,0.736529,0.734962,0.735321,50
2023-12-01 23:00:00,0.735321,0.741384,0.734953,0.741015,50
2023-12-04 00:00:00,0.741015,0.741095,0.740947,0.741027,50
2023-12-04 01:00:00,0.741027,0.741090,0.740869,0.740933,50
2023-12-04 02:00:00,0.740933,0.741050,0.740318,0.740435,50
2023-12-04 03:00:00,0.740435,0.740437,0.740060,0.740061,50
2023-12-04 04:00:00,0.740061,0.740158,0.739454,0.739550,50
2023-12-04 05:00:00,0.739550,0.740666,0.739366,0.740482,50
2023-12-04 06:00:00,0.740482,0.740956,0.740355,0.740829,50
2023-12-04 07:00:00,0.740829,0.740895,0.740702,0.740768,50
2023-12-04 08:00:00,0.740768,0.741318,0.740711,0.741261,50
2023-12-04 09:00:00,0.741261,0.741299,0.740299,0.740338,50
2023-12-04 10:00:00,0.740338,0.740434,0.739507,0.739604,50
2023-12-04 11:00:00,0.739604,0.739604,0.739319,0.739320,50
2023-12-04 12:00:00,0.739320,0.739472,0.738997,0.739149,50
2023-12-04 13:00:00,0.739149,0.739253,0.738214,0.738318,50
2023-12-04 14:00:00,0.738318,0.738847,0.738256,0.738785,50
2023-12-04 15:00:00,0.738785,0.738867,0.738738,0.738821,50
2023-12-04 16:00:00,0.738821,0.738843,0.738234,0.738256,50
2023-12-04 17:00:00,0.738256,0.739408,0.738071,0.739223,50
2023-12-04 18:00:00,0.739223,0.739989,0.739090,0.739856,50
2023-12-04 19:00:00,0.739856,0.739957,0.739144,0.739245,50
2023-12-04 20:00:00,0.739245,0.739602,0.739110,0.739466,50
2023-12-04 21:00:00,0.739466,0.740132,0.739388,0.740054,50
2023-12-04 22:00:00,0.740054,0.740217,0.739018,0.739180,50
2023-12-04 23:00:00,0.739180,0.739315,0.738582,0.738716,50
2023-12-05 00:00:00,0.738716,0.738873,0.737754,0.737911,50
2023-12-05 01:00:00,0.737911,0.737947,0.737664,0.737700,50
2023-12-05 02:00:00,0.737700,0.737829,0.737406,0.737535,50
2023-12-05 03:00:00,0.737535,0.737683,0.737287,0.737435,50
2023-12-05 04:00:00,0.737435,0.737506,0.736870,0.736941,50
2023-12-05 05:00:00,0.736941,0.737690,0.736901,0.737651,50
2023-12-05 06:00:00,0.737651,0.738243,0.737532,0.738125,50
2023-12-05 07:00:00,0.738125,0.738361,0.738040,0.738276,50
2023-12-05 08:00:00,0.738276,0.738728,0.738212,0.738663,50
2023-12-05 09:00:00,0.738663,0.739232,0.738582,0.739151,50
2023-12-05 10:00:00,0.739151,0.739181,0.738885,0.738915,50
2023-12-05 11:00:00,0.738915,0.738978,0.738595,0.738658,50
2023-12-05 12:00:00,0.738658,0.738911,0.738565,0.738818,50
2023-12-05 13:00:00,0.738818,0.738861,0.738619,0.738662,50
2023-12-05 14:00:00,0.738662,0.738715,0.738579,0.738633,50
2023-12-05 15:00:00,0.738633,0.738662,0.738065,0.738093,50
2023-12-05 16:00:00,0.738093,0.738139,0.738055,0.738101,50
2023-12-05 17:00:00,0.738101,0.738198,0.737018,0.737115,50
2023-12-05 18:00:00,0.737115,0.737161,0.737078,0.737124,50
2023-12-05 19:00:00,0.737124,0.737133,0.736355,0.736364,50
2023-12-05 20:00:00,0.736364,0.736423,0.736045,0.736104,50
2023-12-05 21:00:00,0.736104,0.737273,0.736061,0.737229,50
2023-12-05 22:00:00,0.737229,0.737334,0.736481,0.736586,50
2023-12-05 23:00:00,0.736586,0.736635,0.736490,0.736540,50
2023-12-06 00:00:00,0.736540,0.737176,0.736439,0.737076,50
2023-12-06 01:00:00,0.737076,0.737131,0.737000,0.737056,50
2023-12-06 02:00:00,0.737056,0.737132,0.736357,0.736434,50
2023-12-06 03:00:00,0.736434,0.736543,0.736031,0.736140,50
2023-12-06 04:00:00,0.736140,0.736975,0.736054,0.736889,50
2023-12-06 05:00:00,0.736889,0.736969,0.736319,0.736399,50
2023-12-06 06:00:00,0.736399,0.736880,0.736334,0.736814,50
2023-12-06 07:00:00,0.736814,0.736956,0.736759,0.736901,50
2023-12-06 08:00:00,0.736901,0.736960,0.736861,0.736920,50
2023-12-06 09:00:00,0.736920,0.737623,0.736860,0.737563,50
2023-12-06 10:00:00,0.737563,0.737693,0.736664,0.736795,50
2023-12-06 11:00:00,0.736795,0.736831,0.735953,0.735989,50
2023-12-06 12:00:00,0.735989,0.736098,0.735669,0.735778,50
2023-12-06 13:00:00,0.735778,0.735912,0.735675,0.735809,50
2023-12-06 14:00:00,0.735809,0.735867,0.735569,0.735626,50
2023-12-06 15:00:00,0.735626,0.735719,0.735261,0.735354,50
2023-12-06 16:00:00,0.735354,0.736019,0.735311,0.735976,50
2023-12-06 17:00:00,0.735976,0.736243,0.735969,0.736236,50
2023-12-06 18:00:00,0.736236,0.736327,0.736056,0.736147,50
2023-12-06 19:00:00,0.736147,0.736289,0.736138,0.736280,50
2023-12-06 20:00:00,0.736280,0.736396,0.735599,0.735715,50
2023-12-06 21:00:00,0.735715,0.735766,0.735569,0.735620,50
2023-12-06 22:00:00,0.735620,0.735634,0.735500,0.735514,50
2023-12-06 23:00:00,0.735514,0.736459,0.735432,0.736377,50
2023-12-07 00:00:00,0.736377,0.736887,0.736340,0.736850,50
2023-12-07 01:00:00,0.736850,0.736983,0.736783,0.736916,50
2023-12-07 02:00:00,0.736916,0.736929,0.736805,0.736818,50
2023-12-07 03:00:00,0.736818,0.736925,0.736621,0.736728,50
2023-12-07 04:00:00,0.736728,0.736968,0.736683,0.736923,50
2023-12-07 05:00:00,0.736923,0.737230,0.736794,0.737101,50
2023-12-07 06:00:00,0.737101,0.737171,0.736626,0.736696,50
2023-12-07 07:00:00,0.736696,0.736701,0.736624,0.736629,50
2023-12-07 08:00:00,0.736629,0.736670,0.736420,0.736461,50
2023-12-07 09:00:00,0.736461,0.736630,0.736356,0.736526,50
2023-12-07 10:00:00,0.736526,0.736608,0.736092,0.736174,50
2023-12-07 11:00:00,0.736174,0.736224,0.736160,0.736210,50
2023-12-07 12:00:00,0.736210,0.736340,0.735813,0.735944,50
2023-12-07 13:00:00,0.735944,0.736068,0.735755,0.735880,50
2023-12-07 14:00:00,0.735880,0.736140,0.735784,0.736044,50
2023-12-07 15:00:00,0.736044,0.736098,0.735688,0.735743,50
2023-12-07 16:00:00,0.735743,0.735920,0.735708,0.735886,50
2023-12-07 17:00:00,0.735886,0.735936,0.735831,0.735881,50
2023-12-07 18:00:00,0.735881,0.735947,0.735684,0.735751,50
2023-12-07 19:00:00,0.735751,0.735871,0.735330,0.735450,50
2023-12-07 20:00:00,0.735450,0.735542,0.735081,0.735173,50
2023-12-07 21:00:00,0.735173,0.735221,0.734846,0.734894,50
2023-12-07 22:00:00,0.734894,0.735145,0.734876,0.735126,50
2023-12-07 23:00:00,0.735126,0.735661,0.735084,0.735619,50
2023-12-08 00:00:00,0.735619,0.735748,0.734455,0.734584,50
2023-12-08 01:00:00,0.734584,0.734757,0.734529,0.734701,50
2023-12-08 02:00:00,0.734701,0.735311,0.734681,0.735291,50
2023-12-08 03:00:00,0.735291,0.735360,0.735197,0.735265,50
2023-12-08 04:00:00,0.735265,0.735755,0.735201,0.735690,50
2023-12-08 05:00:00,0.735690,0.735765,0.735537,0.735611,50
2023-12-08 06:00:00,0.735611,0.735711,0.735573,0.735673,50
2023-12-08 07:00:00,0.735673,0.735739,0.735669,0.735736,50
2023-12-08 08:00:00,0.735736,0.736267,0.735643,0.736175,50
2023-12-08 09:00:00,0.736175,0.736683,0.736083,0.736591,50
2023-12-08 10:00:00,0.736591,0.736653,0.736359,0.736421,50
2023-12-08 11:00:00,0.736421,0.736427,0.736040,0.736045,50
2023-12-08 12:00:00,0.736045,0.736820,0.735920,0.736695,50
2023-12-08 13:00:00,0.736695,0.736741,0.736588,0.736634,50
2023-12-08 14:00:00,0.736634,0.736715,0.735976,0.736057,50
2023-12-08 15:00:00,0.736057,0.736353,0.735960,0.736256,50
2023-12-08 16:00:00,0.736256,0.736319,0.735711,0.735774,50
2023-12-08 17:00:00,0.735774,0.735896,0.735205,0.735327,50
2023-12-08 18:00:00,0.735327,0.735569,0.735207,0.735449,50
2023-12-08 19:00:00,0.735449,0.735485,0.735270,0.735306,50
2023-12-08 20:00:00,0.735306,0.735308,0.734965,0.734968,50
2023-12-08 21:00:00,0.734968,0.735089,0.734925,0.735047,50
2023-12-08 22:00:00,0.735047,0.735131,0.734773,0.734857,50
2023-12-08 23:00:00,0.734857,0.735686,0.734735,0.735565,50
2023-12-11 00:00:00,0.735565,0.735677,0.735078,0.735191,50
2023-12-11 01:00:00,0.735191,0.735420,0.735161,0.735391,50
2023-12-11 02:00:00,0.735391,0.735521,0.735310,0.735440,50
2023-12-11 03:00:00,0.735440,0.735564,0.735434,0.735558,50
2023-12-11 04:00:00,0.735558,0.735580,0.735467,0.735490,50
2023-12-11 05:00:00,0.735490,0.735601,0.735376,0.735487,50
2023-12-11 06:00:00,0.735487,0.735972,0.735375,0.735859,50
2023-12-11 07:00:00,0.735859,0.736436,0.735803,0.736380,50
2023-12-11 08:00:00,0.736380,0.736939,0.736343,0.736902,50
2023-12-11 09:00:00,0.736902,0.736908,0.736599,0.736604,50
2023-12-11 10:00:00,0.736604,0.737147,0.736484,0.737027,50
2023-12-11 11:00:00,0.737027,0.737144,0.736885,0.737002,50
2023-12-11 12:00:00,0.737002,0.737202,0.736886,0.737086,50
2023-12-11 13:00:00,0.737086,0.737412,0.737076,0.737402,50
2023-12-11 14:00:00,0.737402,0.737534,0.737032,0.737164,50
2023-12-11 15:00:00,0.737164,0.737180,0.736752,0.736769,50
2023-12-11 16:00:00,0.736769,0.736835,0.736623,0.736689,50
2023-12-11 17:00:00,0.736689,0.736726,0.736655,0.736691,50
2023-12-11 18:00:00,0.736691,0.736717,0.736189,0.736214,50
2023-12-11 19:00:00,0.736214,0.736227,0.736099,0.736112,50
2023-12-11 20:00:00,0.736112,0.736181,0.735689,0.735759,50
2023-12-11 21:00:00,0.735759,0.736003,0.735672,0.735917,50
2023-12-11 22:00:00,0.735917,0.736004,0.735496,0.735582,50
2023-12-11 23:00:00,0.735582,0.737068,0.735543,0.737028,50
2023-12-12 00:00:00,0.737028,0.737202,0.735648,0.735822,50
2023-12-12 01:00:00,0.735822,0.735971,0.735439,0.735587,50
2023-12-12 02:00:00,0.735587,0.735706,0.735363,0.735481,50
2023-12-12 03:00:00,0.735481,0.735642,0.735326,0.735487,50
2023-12-12 04:00:00,0.735487,0.735547,0.735452,0.735512,50
2023-12-12 05:00:00,0.735512,0.736804,0.735498,0.736790,50
2023-12-12 06:00:00,0.736790,0.737247,0.736707,0.737164,50
2023-12-12 07:00:00,0.737164,0.737635,0.737024,0.737494,50
2023-12-12 08:00:00,0.737494,0.737544,0.736994,0.737044,50
2023-12-12 09:00:00,0.737044,0.737063,0.735698,0.735716,50
2023-12-12 10:00:00,0.735716,0.735745,0.734728,0.734757,50
2023-12-12 11:00:00,0.734757,0.734838,0.734390,0.734472,50
2023-12-12 12:00:00,0.734472,0.734482,0.734224,0.734234,50
2023-12-12 13:00:00,0.734234,0.734366,0.734148,0.734280,50
2023-12-12 14:00:00,0.734280,0.735200,0.734140,0.735060,50
2023-12-12 15:00:00,0.735060,0.736027,0.734924,0.735890,50
2023-12-12 16:00:00,0.735890,0.736017,0.735216,0.735342,50
2023-12-12 17:00:00,0.735342,0.737185,0.735215,0.737058,50
2023-12-12 18:00:00,0.737058,0.737077,0.735895,0.735914,50
2023-12-12 19:00:00,0.735914,0.735922,0.735372,0.735381,50
2023-12-12 20:00:00,0.735381,0.736008,0.735217,0.735844,50
2023-12-12 21:00:00,0.735844,0.735911,0.735238,0.735305,50
2023-12-12 22:00:00,0.735305,0.735312,0.735200,0.735207,50
2023-12-12 23:00:00,0.735207,0.735334,0.734572,0.734700,50
2023-12-13 00:00:00,0.734700,0.734814,0.734688,0.734802,50
2023-12-13 01:00:00,0.734802,0.734839,0.734297,0.734335,50
2023-12-13 02:00:00,0.734335,0.735154,0.734152,0.734970,50
2023-12-13 03:00:00,0.734970,0.735021,0.734828,0.734878,50
2023-12-13 04:00:00,0.734878,0.735038,0.734332,0.734491,50
2023-12-13 05:00:00,0.734491,0.734924,0.734378,0.734810,50
2023-12-13 06:00:00,0.734810,0.734910,0.734156,0.734256,50
2023-12-13 07:00:00,0.734256,0.734418,0.734161,0.734323,50
2023-12-13 08:00:00,0.734323,0.734357,0.734227,0.734261,50
2023-12-13 09:00:00,0.734261,0.735020,0.734105,0.734864,50
2023-12-13 10:00:00,0.734864,0.734923,0.734757,0.734816,50
2023-12-13 11:00:00,0.734816,0.735763,0.734697,0.735645,50
2023-12-13 12:00:00,0.735645,0.735969,0.735642,0.735966,50
2023-12-13 13:00:00,0.735966,0.736057,0.735477,0.735567,50
2023-12-13 14:00:00,0.735567,0.735607,0.735499,0.735538,50
2023-12-13 15:00:00,0.735538,0.735925,0.735513,0.735900,50
2023-12-13 16:00:00,0.735900,0.736243,0.735871,0.736214,50
2023-12-13 17:00:00,0.736214,0.736890,0.736129,0.736806,50
2023-12-13 18:00:00,0.736806,0.737537,0.736633,0.737364,50
2023-12-13 19:00:00,0.737364,0.737381,0.736601,0.736618,50
2023-12-13 20:00:00,0.736618,0.736710,0.736333,0.736425,50
2023-12-13 21:00:00,0.736425,0.737053,0.736313,0.736941,50
2023-12-13 22:00:00,0.736941,0.737120,0.736397,0.736576,50
2023-12-13 23:00:00,0.736576,0.737068,0.736428,0.736920,50
2023-12-14 00:00:00,0.736920,0.738704,0.736240,0.738024,50
2023-12-14 01:00:00,0.738024,0.738084,0.735034,0.735094,50
2023-12-14 02:00:00,0.735094,0.737474,0.734652,0.737032,50
2023-12-14 03:00:00,0.737032,0.739887,0.736850,0.739705,50
2023-12-14 04:00:00,0.739705,0.741206,0.739584,0.741085,50
2023-12-14 05:00:00,0.741085,0.745444,0.740353,0.744713,50
2023-12-14 06:00:00,0.744713,0.745286,0.742784,0.743357,50
2023-12-14 07:00:00,0.743357,0.743780,0.742196,0.742619,50
2023-12-14 08:00:00,0.742619,0.745279,0.742426,0.745087,50
2023-12-14 09:00:00,0.745087,0.745741,0.741278,0.741933,50
2023-12-14 10:00:00,0.741933,0.742574,0.739147,0.739788,50
2023-12-14 11:00:00,0.739788,0.741011,0.739738,0.740960,50
2023-12-14 12:00:00,0.740960,0.742923,0.740630,0.742593,50
2023-12-14 13:00:00,0.742593,0.744200,0.742580,0.744187,50
2023-12-14 14:00:00,0.744187,0.744539,0.741913,0.742265,50
2023-12-14 15:00:00,0.742265,0.742334,0.741730,0.741799,50
2023-12-14 16:00:00,0.741799,0.743240,0.741337,0.742778,50
2023-12-14 17:00:00,0.742778,0.745255,0.742549,0.745026,50
2023-12-14 18:00:00,0.745026,0.745131,0.744193,0.744298,50
2023-12-14 19:00:00,0.744298,0.744635,0.744257,0.744594,50
2023-12-14 20:00:00,0.744594,0.747423,0.744128,0.746957,50
2023-12-14 21:00:00,0.746957,0.747300,0.745721,0.746063,50
2023-12-14 22:00:00,0.746063,0.746702,0.745619,0.746258,50
2023-12-14 23:00:00,0.746258,0.746899,0.745404,0.746046,50
2023-12-15 00:00:00,0.746046,0.746066,0.745860,0.745881,50
2023-12-15 01:00:00,0.745881,0.745962,0.745775,0.745857,50
2023-12-15 02:00:00,0.745857,0.746317,0.745754,0.746214,50
2023-12-15 03:00:00,0.746214,0.746332,0.746097,0.746215,50
2023-12-15 04:00:00,0.746215,0.746768,0.746106,0.746659,50
2023-12-15 05:00:00,0.746659,0.746685,0.746462,0.746488,50
2023-12-15 06:00:00,0.746488,0.746585,0.746300,0.746397,50
2023-12-15 07:00:00,0.746397,0.747013,0.746348,0.746964,50
2023-12-15 08:00:00,0.746964,0.747051,0.746703,0.746789,50
2023-12-15 09:00:00,0.746789,0.746852,0.746124,0.746187,50
2023-12-15 10:00:00,0.746187,0.746225,0.746074,0.746112,50
2023-12-15 11:00:00,0.746112,0.746145,0.745683,0.745716,50
2023-12-15 12:00:00,0.745716,0.746137,0.745650,0.746071,50
2023-12-15 13:00:00,0.746071,0.746500,0.746061,0.746490,50
2023-12-15 14:00:00,0.746490,0.746733,0.746352,0.746595,50
2023-12-15 15:00:00,0.746595,0.746601,0.746592,0.746598,50
2023-12-15 16:00:00,0.746598,0.746637,0.746545,0.746584,50
2023-12-15 17:00:00,0.746584,0.746936,0.746444,0.746796,50
2023-12-15 18:00:00,0.746796,0.747134,0.746705,0.747043,50
2023-12-15 19:00:00,0.747043,0.747122,0.746847,0.746926,50
2023-12-15 20:00:00,0.746926,0.747258,0.746916,0.747249,50
2023-12-15 21:00:00,0.747249,0.747284,0.746656,0.746691,50
2023-12-15 22:00:00,0.746691,0.747164,0.746591,0.747063,50
2023-12-15 23:00:00,0.747063,0.747773,0.747010,0.747719,50
2023-12-18 00:00:00,0.747719,0.747738,0.747448,0.747466,50
2023-12-18 01:00:00,0.747466,0.747812,0.747419,0.747764,50
2023-12-18 02:00:00,0.747764,0.747957,0.747722,0.747915,50
2023-12-18 03:00:00,0.747915,0.748455,0.747824,0.748365,50
2023-12-18 04:00:00,0.748365,0.748400,0.747968,0.748003,50
2023-12-18 05:00:00,0.748003,0.748192,0.747968,0.748158,50
2023-12-18 06:00:00,0.748158,0.748376,0.748129,0.748347,50
2023-12-18 07:00:00,0.748347,0.748456,0.748015,0.748124,50
2023-12-18 08:00:00,0.748124,0.748195,0.747909,0.747980,50
2023-12-18 09:00:00,0.747980,0.748097,0.747659,0.747776,50
2023-12-18 10:00:00,0.747776,0.747862,0.747016,0.747102,50
2023-12-18 11:00:00,0.747102,0.747106,0.746638,0.746643,50
2023-12-18 12:00:00,0.746643,0.746747,0.746446,0.746550,50
2023-12-18 13:00:00,0.746550,0.746867,0.746488,0.746805,50
2023-12-18 14:00:00,0.746805,0.746852,0.746186,0.746234,50
2023-12-18 15:00:00,0.746234,0.746255,0.746151,0.746172,50
2023-12-18 16:00:00,0.746172,0.746276,0.746020,0.746125,50
2023-12-18 17:00:00,0.746125,0.746448,0.746074,0.746398,50
2023-12-18 18:00:00,0.746398,0.746435,0.746200,0.746237,50
2023-12-18 19:00:00,0.746237,0.746405,0.746120,0.746288,50
2023-12-18 20:00:00,0.746288,0.746476,0.746154,0.746342,50
2023-12-18 21:00:00,0.746342,0.746818,0.746226,0.746703,50
2023-12-18 22:00:00,0.746703,0.746834,0.746637,0.746769,50
2023-12-18 23:00:00,0.746769,0.746856,0.746683,0.746770,50
2023-12-19 00:00:00,0.746770,0.746836,0.746678,0.746743,50
2023-12-19 01:00:00,0.746743,0.746966,0.746319,0.746543,50
2023-12-19 02:00:00,0.746543,0.746766,0.746248,0.746472,50
2023-12-19 03:00:00,0.746472,0.746663,0.746008,0.746199,50
2023-12-19 04:00:00,0.746199,0.746820,0.746000,0.746621,50
2023-12-19 05:00:00,0.746621,0.746802,0.746215,0.746396,50
2023-12-19 06:00:00,0.746396,0.747510,0.746261,0.747374,50
2023-12-19 07:00:00,0.747374,0.747988,0.747262,0.747875,50
2023-12-19 08:00:00,0.747875,0.747997,0.747805,0.747926,50
2023-12-19 09:00:00,0.747926,0.748670,0.747891,0.748634,50
2023-12-19 10:00:00,0.748634,0.749295,0.748520,0.749181,50
2023-12-19 11:00:00,0.749181,0.749420,0.749148,0.749387,50
2023-12-19 12:00:00,0.749387,0.749569,0.749193,0.749375,50
2023-12-19 13:00:00,0.749375,0.749379,0.749124,0.749128,50
2023-12-19 14:00:00,0.749128,0.749244,0.748911,0.749027,50
2023-12-19 15:00:00,0.749027,0.749203,0.748281,0.748456,50
2023-12-19 16:00:00,0.748456,0.748651,0.748323,0.748518,50
2023-12-19 17:00:00,0.748518,0.748948,0.748461,0.748890,50
2023-12-19 18:00:00,0.748890,0.749139,0.748765,0.749014,50
2023-12-19 19:00:00,0.749014,0.749347,0.748971,0.749304,50
2023-12-19 20:00:00,0.749304,0.749882,0.749191,0.749769,50
2023-12-19 21:00:00,0.749769,0.750057,0.749636,0.749923,50
2023-12-19 22:00:00,0.749923,0.750103,0.749466,0.749646,50
2023-12-19 23:00:00,0.749646,0.749836,0.749435,0.749625,50
2023-12-20 00:00:00,0.749625,0.749682,0.749395,0.749451,50
2023-12-20 01:00:00,0.749451,0.749555,0.748923,0.749027,50
2023-12-20 02:00:00,0.749027,0.749533,0.748955,0.749461,50
2023-12-20 03:00:00,0.749461,0.749573,0.748894,0.749006,50
2023-12-20 04:00:00,0.749006,0.749779,0.748980,0.749753,50
2023-12-20 05:00:00,0.749753,0.750609,0.749717,0.750572,50
2023-12-20 06:00:00,0.750572,0.750836,0.750533,0.750797,50
2023-12-20 07:00:00,0.750797,0.750873,0.750610,0.750687,50
2023-12-20 08:00:00,0.750687,0.750801,0.750482,0.750596,50
2023-12-20 09:00:00,0.750596,0.750723,0.750384,0.750512,50
2023-12-20 10:00:00,0.750512,0.750599,0.750440,0.750528,50
2023-12-20 11:00:00,0.750528,0.750877,0.750434,0.750783,50
2023-12-20 12:00:00,0.750783,0.750868,0.750199,0.750285,50
2023-12-20 13:00:00,0.750285,0.751378,0.750164,0.751258,50
2023-12-20 14:00:00,0.751258,0.751318,0.750539,0.750600,50
2023-12-20 15:00:00,0.750600,0.750670,0.750513,0.750582,50
2023-12-20 16:00:00,0.750582,0.750628,0.750141,0.750187,50
2023-12-20 17:00:00,0.750187,0.750312,0.750143,0.750267,50
2023-12-20 18:00:00,0.750267,0.750376,0.750098,0.750207,50
2023-12-20 19:00:00,0.750207,0.750832,0.750163,0.750788,50
2023-12-20 20:00:00,0.750788,0.751033,0.750665,0.750910,50
2023-12-20 21:00:00,0.750910,0.751147,0.750909,0.751146,50
2023-12-20 22:00:00,0.751146,0.751230,0.750620,0.750704,50
2023-12-20 23:00:00,0.750704,0.750787,0.750555,0.750638,50
2023-12-21 00:00:00,0.750638,0.751167,0.750506,0.751035,50
2023-12-21 01:00:00,0.751035,0.751253,0.750934,0.751153,50
2023-12-21 02:00:00,0.751153,0.751196,0.750982,0.751025,50
2023-12-21 03:00:00,0.751025,0.751041,0.751022,0.751039,50
2023-12-21 04:00:00,0.751039,0.751191,0.750981,0.751133,50
2023-12-21 05:00:00,0.751133,0.751157,0.750914,0.750938,50
2023-12-21 06:00:00,0.750938,0.751046,0.750692,0.750801,50
2023-12-21 07:00:00,0.750801,0.750863,0.750501,0.750564,50
2023-12-21 08:00:00,0.750564,0.751082,0.750432,0.750950,50
2023-12-21 09:00:00,0.750950,0.751036,0.750558,0.750644,50
2023-12-21 10:00:00,0.750644,0.750807,0.750592,0.750755,50
2023-12-21 11:00:00,0.750755,0.751267,0.750679,0.751190,50
2023-12-21 12:00:00,0.751190,0.751546,0.751112,0.751468,50
2023-12-21 13:00:00,0.751468,0.751553,0.750887,0.750972,50
2023-12-21 14:00:00,0.750972,0.751797,0.750864,0.751689,50
2023-12-21 15:00:00,0.751689,0.752003,0.751589,0.751904,50
2023-12-21 16:00:00,0.751904,0.751943,0.751438,0.751477,50
2023-12-21 17:00:00,0.751477,0.751580,0.751408,0.751511,50
2023-12-21 18:00:00,0.751511,0.751591,0.751157,0.751237,50
2023-12-21 19:00:00,0.751237,0.751594,0.751107,0.751464,50
2023-12-21 20:00:00,0.751464,0.752056,0.751464,0.752055,50
2023-12-21 21:00:00,0.752055,0.752096,0.751722,0.751763,50
2023-12-21 22:00:00,0.751763,0.752444,0.751696,0.752378,50
2023-12-21 23:00:00,0.752378,0.752442,0.752155,0.752219,50
2023-12-22 00:00:00,0.752219,0.752582,0.752067,0.752430,50
2023-12-22 01:00:00,0.752430,0.753358,0.752319,0.753247,50
2023-12-22 02:00:00,0.753247,0.753435,0.753217,0.753405,50
2023-12-22 03:00:00,0.753405,0.753801,0.753343,0.753739,50
2023-12-22 04:00:00,0.753739,0.753840,0.753576,0.753677,50
2023-12-22 05:00:00,0.753677,0.753713,0.752992,0.753028,50
2023-12-22 06:00:00,0.753028,0.753566,0.752950,0.753488,50
2023-12-22 07:00:00,0.753488,0.753509,0.752995,0.753017,50
2023-12-22 08:00:00,0.753017,0.753079,0.752014,0.752076,50
2023-12-22 09:00:00,0.752076,0.752213,0.751804,0.751941,50
2023-12-22 10:00:00,0.751941,0.752006,0.751757,0.751822,50
2023-12-22 11:00:00,0.751822,0.752765,0.751663,0.752605,50
2023-12-22 12:00:00,0.752605,0.753567,0.752571,0.753533,50
2023-12-22 13:00:00,0.753533,0.754711,0.753424,0.754602,50
2023-12-22 14:00:00,0.754602,0.754646,0.753463,0.753507,50
2023-12-22 15:00:00,0.753507,0.753507,0.753116,0.753116,50
2023-12-22 16:00:00,0.753116,0.753126,0.752479,0.752489,50
2023-12-22 17:00:00,0.752489,0.752935,0.752366,0.752812,50
2023-12-22 18:00:00,0.752812,0.752973,0.752294,0.752456,50
2023-12-22 19:00:00,0.752456,0.752558,0.752020,0.752123,50
2023-12-22 20:00:00,0.752123,0.752966,0.752063,0.752907,50
2023-12-22 21:00:00,0.752907,0.753242,0.752765,0.753100,50
2023-12-22 22:00:00,0.753100,0.753173,0.753075,0.753147,50
2023-12-22 23:00:00,0.753147,0.754363,0.752989,0.754205,50
2023-12-26 00:00:00,0.754205,0.755566,0.754041,0.755402,50
2023-12-26 01:00:00,0.755402,0.755451,0.754777,0.754826,50
2023-12-26 02:00:00,0.754826,0.754856,0.753785,0.753815,50
2023-12-26 03:00:00,0.753815,0.754057,0.753492,0.753734,50
2023-12-26 04:00:00,0.753734,0.753745,0.753611,0.753622,50
2023-12-26 05:00:00,0.753622,0.754506,0.753451,0.754335,50
2023-12-26 06:00:00,0.754335,0.755372,0.754303,0.755339,50
2023-12-26 07:00:00,0.755339,0.756044,0.755293,0.755997,50
2023-12-26 08:00:00,0.755997,0.756568,0.755982,0.756553,50
2023-12-26 09:00:00,0.756553,0.757128,0.756355,0.756931,50
2023-12-26 10:00:00,0.756931,0.756994,0.756672,0.756736,50
2023-12-26 11:00:00,0.756736,0.756921,0.756488,0.756674,50
2023-12-26 12:00:00,0.756674,0.756818,0.756578,0.756722,50
2023-12-26 13:00:00,0.756722,0.757173,0.756706,0.757158,50
2023-12-26 14:00:00,0.757158,0.757483,0.757097,0.757423,50
2023-12-26 15:00:00,0.757423,0.757563,0.756876,0.757017,50
2023-12-26 16:00:00,0.757017,0.757645,0.757001,0.757630,50
2023-12-26 17:00:00,0.757630,0.757841,0.757063,0.757275,50
2023-12-26 18:00:00,0.757275,0.757739,0.757235,0.757699,50
2023-12-26 19:00:00,0.757699,0.757767,0.756699,0.756767,50
2023-12-26 20:00:00,0.756767,0.756940,0.755537,0.755710,50
2023-12-26 21:00:00,0.755710,0.756394,0.755585,0.756270,50
2023-12-26 22:00:00,0.756270,0.756353,0.756011,0.756095,50
2023-12-26 23:00:00,0.756095,0.757351,0.755861,0.757117,50
2023-12-27 00:00:00,0.757117,0.757469,0.757108,0.757460,50
2023-12-27 01:00:00,0.757460,0.757836,0.757350,0.757727,50
2023-12-27 02:00:00,0.757727,0.757812,0.757176,0.757262,50
2023-12-27 03:00:00,0.757262,0.757372,0.757147,0.757257,50
2023-12-27 04:00:00,0.757257,0.757308,0.756971,0.757022,50
2023-12-27 05:00:00,0.757022,0.757622,0.756897,0.757497,50
2023-12-27 06:00:00,0.757497,0.757862,0.757394,0.757759,50
2023-12-27 07:00:00,0.757759,0.758014,0.757648,0.757903,50
2023-12-27 08:00:00,0.757903,0.758342,0.757899,0.758338,50
2023-12-27 09:00:00,0.758338,0.758450,0.758013,0.758125,50
2023-12-27 10:00:00,0.758125,0.758255,0.757751,0.757881,50
2023-12-27 11:00:00,0.757881,0.757981,0.757491,0.757591,50
2023-12-27 12:00:00,0.757591,0.757651,0.756688,0.756748,50
2023-12-27 13:00:00,0.756748,0.756833,0.756097,0.756181,50
2023-12-27 14:00:00,0.756181,0.756825,0.756144,0.756788,50
2023-12-27 15:00:00,0.756788,0.756825,0.756761,0.756798,50
2023-12-27 16:00:00,0.756798,0.756920,0.756570,0.756692,50
2023-12-27 17:00:00,0.756692,0.757544,0.756604,0.757456,50
2023-12-27 18:00:00,0.757456,0.757881,0.757337,0.757761,50
2023-12-27 19:00:00,0.757761,0.757794,0.756722,0.756755,50
2023-12-27 20:00:00,0.756755,0.757996,0.756699,0.757940,50
2023-12-27 21:00:00,0.757940,0.758494,0.757828,0.758382,50
2023-12-27 22:00:00,0.758382,0.758473,0.758363,0.758454,50
2023-12-27 23:00:00,0.758454,0.758525,0.757447,0.757518,50
2023-12-28 00:00:00,0.757518,0.758677,0.757456,0.758614,50
2023-12-28 01:00:00,0.758614,0.758745,0.758196,0.758327,50
2023-12-28 02:00:00,0.758327,0.758731,0.758222,0.758626,50
2023-12-28 03:00:00,0.758626,0.758628,0.758611,0.758613,50
2023-12-28 04:00:00,0.758613,0.758742,0.758450,0.758578,50
2023-12-28 05:00:00,0.758578,0.758690,0.758066,0.758178,50
2023-12-28 06:00:00,0.758178,0.758239,0.758140,0.758200,50
2023-12-28 07:00:00,0.758200,0.758332,0.757350,0.757481,50
2023-12-28 08:00:00,0.757481,0.757503,0.757429,0.757452,50
2023-12-28 09:00:00,0.757452,0.757580,0.756634,0.756762,50
2023-12-28 10:00:00,0.756762,0.756843,0.756438,0.756519,50
2023-12-28 11:00:00,0.756519,0.756522,0.756350,0.756353,50
2023-12-28 12:00:00,0.756353,0.757091,0.756243,0.756980,50
2023-12-28 13:00:00,0.756980,0.757239,0.756937,0.757196,50
2023-12-28 14:00:00,0.757196,0.757206,0.757056,0.757066,50
2023-12-28 15:00:00,0.757066,0.757282,0.757044,0.757259,50
2023-12-28 16:00:00,0.757259,0.757628,0.757248,0.757617,50
2023-12-28 17:00:00,0.757617,0.758075,0.757555,0.758013,50
2023-12-28 18:00:00,0.758013,0.758052,0.757748,0.757787,50
2023-12-28 19:00:00,0.757787,0.757912,0.757217,0.757343,50
2023-12-28 20:00:00,0.757343,0.757395,0.757024,0.757076,50
2023-12-28 21:00:00,0.757076,0.757736,0.757062,0.757721,50
2023-12-28 22:00:00,0.757721,0.757722,0.757637,0.757637,50
2023-12-28 23:00:00,0.757637,0.757734,0.757365,0.757461,50
2023-12-29 00:00:00,0.757461,0.757557,0.757365,0.757461,50
2023-12-29 01:00:00,0.757461,0.757574,0.757348,0.757461,50
2023-12-29 02:00:00,0.757461,0.757512,0.757409,0.757461,50
2023-12-29 03:00:00,0.757461,0.757550,0.757372,0.757461,50
2023-12-29 04:00:00,0.757461,0.757560,0.757361,0.757461,50
2023-12-29 05:00:00,0.757461,0.757473,0.757449,0.757461,50
2023-12-29 06:00:00,0.757461,0.757565,0.757357,0.757461,50
2023-12-29 07:00:00,0.757461,0.757488,0.757434,0.757461,50
2023-12-29 08:00:00,0.757461,0.757501,0.757421,0.757461,50
2023-12-29 09:00:00,0.757461,0.757494,0.757428,0.757461,50
2023-12-29 10:00:00,0.757461,0.757500,0.757422,0.757461,50
2023-12-29 11:00:00,0.757461,0.757590,0.757332,0.757461,50
2023-12-29 12:00:00,0.757461,0.757520,0.757402,0.757461,50
2023-12-29 13:00:00,0.757461,0.757578,0.757344,0.757461,50
2023-12-29 14:00:00,0.757461,0.757480,0.757442,0.757461,50
2023-12-29 15:00:00,0.757461,0.757495,0.757427,0.757461,50
2023-12-29 16:00:00,0.757461,0.757463,0.757459,0.757461,50
2023-12-29 17:00:00,0.757461,0.757526,0.757396,0.757461,50
2023-12-29 18:00:00,0.757461,0.757591,0.757331,0.757461,50
2023-12-29 19:00:00,0.757461,0.757532,0.757390,0.757461,50
2023-12-29 20:00:00,0.757461,0.757559,0.757363,0.757461,50
2023-12-29 21:00:00,0.757461,0.757483,0.757439,0.757461,50
2023-12-29 22:00:00,0.757461,0.757469,0.757453,0.757461,50
2023-12-29 23:00:00,0.757461,0.757491,0.757431,0.757461,50
2024-01-02 00:00:00,0.757461,0.757635,0.755704,0.755878,50
2024-01-02 01:00:00,0.755878,0.755959,0.755232,0.755313,50
2024-01-02 02:00:00,0.755313,0.755618,0.753826,0.754131,50
2024-01-02 03:00:00,0.754131,0.754541,0.750458,0.750869,50
2024-01-02 04:00:00,0.750869,0.751231,0.749723,0.750086,50
2024-01-02 05:00:00,0.750086,0.750785,0.749658,0.750358,50
2024-01-02 06:00:00,0.750358,0.751796,0.749995,0.751433,50
2024-01-02 07:00:00,0.751433,0.751881,0.751096,0.751543,50
2024-01-02 08:00:00,0.751543,0.753276,0.751414,0.753146,50
2024-01-02 09:00:00,0.753146,0.753641,0.751629,0.752124,50
2024-01-02 10:00:00,0.752124,0.752636,0.751224,0.751736,50
2024-01-02 11:00:00,0.751736,0.752846,0.751358,0.752467,50
2024-01-02 12:00:00,0.752467,0.754562,0.751953,0.754047,50
2024-01-02 13:00:00,0.754047,0.754952,0.753591,0.754496,50
2024-01-02 14:00:00,0.754496,0.755406,0.754043,0.754953,50
2024-01-02 15:00:00,0.754953,0.755651,0.754563,0.755260,50
2024-01-02 16:00:00,0.755260,0.756659,0.754841,0.756240,50
2024-01-02 17:00:00,0.756240,0.756597,0.755084,0.755441,50
2024-01-02 18:00:00,0.755441,0.755507,0.753587,0.753653,50
2024-01-02 19:00:00,0.753653,0.755008,0.753221,0.754576,50
2024-01-02 20:00:00,0.754576,0.755157,0.754394,0.754975,50
2024-01-02 21:00:00,0.754975,0.756091,0.754643,0.755758,50
2024-01-02 22:00:00,0.755758,0.756223,0.754569,0.755033,50
2024-01-02 23:00:00,0.755033,0.755288,0.751060,0.751315,50
2024-01-03 00:00:00,0.751315,0.751628,0.751254,0.751567,50
2024-01-03 01:00:00,0.751567,0.751639,0.751174,0.751246,50
2024-01-03 02:00:00,0.751246,0.751336,0.750888,0.750978,50
2024-01-03 03:00:00,0.750978,0.751563,0.750752,0.751337,50
2024-01-03 04:00:00,0.751337,0.751518,0.751089,0.751271,50
2024-01-03 05:00:00,0.751271,0.751293,0.750646,0.750668,50
2024-01-03 06:00:00,0.750668,0.750986,0.750536,0.750854,50
2024-01-03 07:00:00,0.750854,0.750920,0.750280,0.750346,50
2024-01-03 08:00:00,0.750346,0.750405,0.750202,0.750261,50
2024-01-03 09:00:00,0.750261,0.750459,0.749383,0.749581,50
2024-01-03 10:00:00,0.749581,0.749597,0.749246,0.749261,50
2024-01-03 11:00:00,0.749261,0.749428,0.748989,0.749156,50
2024-01-03 12:00:00,0.749156,0.749357,0.748798,0.748999,50
2024-01-03 13:00:00,0.748999,0.749074,0.748998,0.749073,50
2024-01-03 14:00:00,0.749073,0.749342,0.749007,0.749275,50
2024-01-03 15:00:00,0.749275,0.749454,0.748930,0.749109,50
2024-01-03 16:00:00,0.749109,0.749506,0.749098,0.749495,50
2024-01-03 17:00:00,0.749495,0.749578,0.749056,0.749139,50
2024-01-03 18:00:00,0.749139,0.749192,0.748136,0.748189,50
2024-01-03 19:00:00,0.748189,0.748670,0.747988,0.748469,50
2024-01-03 20:00:00,0.748469,0.748904,0.748285,0.748721,50
2024-01-03 21:00:00,0.748721,0.748894,0.747902,0.748075,50
2024-01-03 22:00:00,0.748075,0.748320,0.748013,0.748257,50
2024-01-03 23:00:00,0.748257,0.748641,0.748232,0.748615,50
2024-01-04 00:00:00,0.748615,0.748744,0.748365,0.748493,50
2024-01-04 01:00:00,0.748493,0.748984,0.748374,0.748865,50
2024-01-04 02:00:00,0.748865,0.748899,0.748657,0.748690,50
2024-01-04 03:00:00,0.748690,0.748757,0.748435,0.748501,50
2024-01-04 04:00:00,0.748501,0.748834,0.748422,0.748754,50
2024-01-04 05:00:00,0.748754,0.749325,0.748666,0.749237,50
2024-01-04 06:00:00,0.749237,0.749330,0.748995,0.749088,50
2024-01-04 07:00:00,0.749088,0.749096,0.748944,0.748953,50
2024-01-04 08:00:00,0.748953,0.749047,0.748417,0.748511,50
2024-01-04 09:00:00,0.748511,0.748533,0.748291,0.748313,50
2024-01-04 10:00:00,0.748313,0.748380,0.748069,0.748135,50
2024-01-04 11:00:00,0.748135,0.748207,0.747505,0.747576,50
2024-01-04 12:00:00,0.747576,0.748047,0.747561,0.748032,50
2024-01-04 13:00:00,0.748032,0.748118,0.747804,0.747891,50
2024-01-04 14:00:00,0.747891,0.748330,0.747814,0.748253,50
2024-01-04 15:00:00,0.748253,0.748285,0.748162,0.748194,50
2024-01-04 16:00:00,0.748194,0.748296,0.748046,0.748148,50
2024-01-04 17:00:00,0.748148,0.748882,0.748129,0.748862,50
2024-01-04 18:00:00,0.748862,0.748987,0.748719,0.748843,50
2024-01-04 19:00:00,0.748843,0.749031,0.748833,0.749020,50
2024-01-04 20:00:00,0.749020,0.749396,0.748912,0.749287,50
2024-01-04 21:00:00,0.749287,0.749648,0.749214,0.749575,50
2024-01-04 22:00:00,0.749575,0.749842,0.749555,0.749822,50
2024-01-04 23:00:00,0.749822,0.749859,0.748746,0.748783,50
2024-01-05 00:00:00,0.748783,0.748866,0.748250,0.748332,50
2024-01-05 01:00:00,0.748332,0.748653,0.748221,0.748542,50
2024-01-05 02:00:00,0.748542,0.748896,0.748440,0.748794,50
2024-01-05 03:00:00,0.748794,0.749468,0.748756,0.749430,50
2024-01-05 04:00:00,0.749430,0.749641,0.749386,0.749596,50
2024-01-05 05:00:00,0.749596,0.750276,0.749542,0.750222,50
2024-01-05 06:00:00,0.750222,0.750252,0.749754,0.749784,50
2024-01-05 07:00:00,0.749784,0.750319,0.749665,0.750200,50
2024-01-05 08:00:00,0.750200,0.750340,0.750082,0.750221,50
2024-01-05 09:00:00,0.750221,0.750294,0.750041,0.750114,50
2024-01-05 10:00:00,0.750114,0.750314,0.750043,0.750243,50
2024-01-05 11:00:00,0.750243,0.750244,0.750194,0.750195,50
2024-01-05 12:00:00,0.750195,0.750436,0.750082,0.750323,50
2024-01-05 13:00:00,0.750323,0.750393,0.750161,0.750231,50
2024-01-05 14:00:00,0.750231,0.750609,0.750204,0.750582,50
2024-01-05 15:00:00,0.750582,0.750691,0.750078,0.750187,50
2024-01-05 16:00:00,0.750187,0.750260,0.749632,0.749706,50
2024-01-05 17:00:00,0.749706,0.749714,0.749355,0.749364,50
2024-01-05 18:00:00,0.749364,0.749844,0.749296,0.749776,50
2024-01-05 19:00:00,0.749776,0.749802,0.749683,0.749709,50
2024-01-05 20:00:00,0.749709,0.749843,0.749704,0.749837,50
2024-01-05 21:00:00,0.749837,0.749874,0.749734,0.749771,50
2024-01-05 22:00:00,0.749771,0.749849,0.749641,0.749719,50
2024-01-05 23:00:00,0.749719,0.750246,0.749604,0.750131,50
2024-01-08 00:00:00,0.750131,0.750176,0.750001,0.750046,50
2024-01-08 01:00:00,0.750046,0.750096,0.749625,0.749675,50
2024-01-08 02:00:00,0.749675,0.749800,0.749303,0.749428,50
2024-01-08 03:00:00,0.749428,0.749434,0.748769,0.748775,50
2024-01-08 04:00:00,0.748775,0.748778,0.748670,0.748673,50
2024-01-08 05:00:00,0.748673,0.748728,0.748669,0.748724,50
2024-01-08 06:00:00,0.748724,0.748835,0.747999,0.748110,50
2024-01-08 07:00:00,0.748110,0.748740,0.748003,0.748633,50
2024-01-08 08:00:00,0.748633,0.748855,0.748548,0.748770,50
2024-01-08 09:00:00,0.748770,0.749312,0.748740,0.749282,50
2024-01-08 10:00:00,0.749282,0.749642,0.749178,0.749538,50
2024-01-08 11:00:00,0.749538,0.750488,0.749518,0.750468,50
2024-01-08 12:00:00,0.750468,0.750580,0.750324,0.750436,50
2024-01-08 13:00:00,0.750436,0.750577,0.749212,0.749353,50
2024-01-08 14:00:00,0.749353,0.750231,0.749240,0.750118,50
2024-01-08 15:00:00,0.750118,0.750139,0.749613,0.749634,50
2024-01-08 16:00:00,0.749634,0.749792,0.749593,0.749750,50
2024-01-08 17:00:00,0.749750,0.749791,0.749582,0.749622,50
2024-01-08 18:00:00,0.749622,0.749752,0.749267,0.749397,50
2024-01-08 19:00:00,0.749397,0.749875,0.749292,0.749770,50
2024-01-08 20:00:00,0.749770,0.749837,0.749712,0.749778,50
2024-01-08 21:00:00,0.749778,0.750398,0.749737,0.750357,50
2024-01-08 22:00:00,0.750357,0.750367,0.749239,0.749250,50
2024-01-08 23:00:00,0.749250,0.749352,0.748345,0.748447,50
2024-01-09 00:00:00,0.748447,0.748702,0.748393,0.748648,50
2024-01-09 01:00:00,0.748648,0.748750,0.747878,0.747981,50
2024-01-09 02:00:00,0.747981,0.748355,0.747912,0.748286,50
2024-01-09 03:00:00,0.748286,0.748323,0.747857,0.747894,50
2024-01-09 04:00:00,0.747894,0.747952,0.747869,0.747927,50
2024-01-09 05:00:00,0.747927,0.748054,0.747506,0.747633,50
2024-01-09 06:00:00,0.747633,0.747692,0.747183,0.747243,50
2024-01-09 07:00:00,0.747243,0.747755,0.747198,0.747710,50
2024-01-09 08:00:00,0.747710,0.747778,0.747420,0.747487,50
2024-01-09 09:00:00,0.747487,0.747773,0.747392,0.747678,50
2024-01-09 10:00:00,0.747678,0.747742,0.747451,0.747515,50
2024-01-09 11:00:00,0.747515,0.747550,0.747165,0.747200,50
2024-01-09 12:00:00,0.747200,0.747247,0.747073,0.747120,50
2024-01-09 13:00:00,0.747120,0.747132,0.747061,0.747072,50
2024-01-09 14:00:00,0.747072,0.747149,0.746993,0.747071,50
2024-01-09 15:00:00,0.747071,0.747146,0.746608,0.746683,50
2024-01-09 16:00:00,0.746683,0.746919,0.746570,0.746806,50
2024-01-09 17:00:00,0.746806,0.747128,0.746771,0.747094,50
2024-01-09 18:00:00,0.747094,0.747334,0.747073,0.747313,50
2024-01-09 19:00:00,0.747313,0.747616,0.747195,0.747498,50
2024-01-09 20:00:00,0.747498,0.747603,0.747130,0.747235,50
2024-01-09 21:00:00,0.747235,0.747428,0.747207,0.747400,50
2024-01-09 22:00:00,0.747400,0.747667,0.747329,0.747596,50
2024-01-09 23:00:00,0.747596,0.747612,0.747146,0.747161,50
2024-01-10 00:00:00,0.747161,0.747272,0.746076,0.746187,50
2024-01-10 01:00:00,0.746187,0.746259,0.746119,0.746191,50
2024-01-10 02:00:00,0.746191,0.746416,0.746169,0.746394,50
2024-01-10 03:00:00,0.746394,0.746996,0.746386,0.746988,50
2024-01-10 04:00:00,0.746988,0.747187,0.746926,0.747125,50
2024-01-10 05:00:00,0.747125,0.747687,0.747019,0.747581,50
2024-01-10 06:00:00,0.747581,0.747664,0.747529,0.747612,50
2024-01-10 07:00:00,0.747612,0.747634,0.747247,0.747268,50
2024-01-10 08:00:00,0.747268,0.747549,0.747209,0.747490,50
2024-01-10 09:00:00,0.747490,0.748047,0.747419,0.747976,50
2024-01-10 10:00:00,0.747976,0.748400,0.747851,0.748275,50
2024-01-10 11:00:00,0.748275,0.748300,0.748206,0.748231,50
2024-01-10 12:00:00,0.748231,0.748290,0.748030,0.748089,50
2024-01-10 13:00:00,0.748089,0.748131,0.748006,0.748049,50
2024-01-10 14:00:00,0.748049,0.748154,0.747752,0.747857,50
2024-01-10 15:00:00,0.747857,0.747882,0.747472,0.747497,50
2024-01-10 16:00:00,0.747497,0.748096,0.747398,0.747996,50
2024-01-10 17:00:00,0.747996,0.748183,0.747886,0.748073,50
2024-01-10 18:00:00,0.748073,0.748139,0.747904,0.747970,50
2024-01-10 19:00:00,0.747970,0.748044,0.747823,0.747898,50
2024-01-10 20:00:00,0.747898,0.748046,0.747771,0.747919,50
2024-01-10 21:00:00,0.747919,0.747933,0.747909,0.747922,50
2024-01-10 22:00:00,0.747922,0.748425,0.747919,0.748422,50
2024-01-10 23:00:00,0.748422,0.748468,0.747394,0.747440,50
2024-01-11 00:00:00,0.747440,0.747912,0.747249,0.747721,50
2024-01-11 01:00:00,0.747721,0.747824,0.747488,0.747592,50
2024-01-11 02:00:00,0.747592,0.747673,0.747479,0.747560,50
2024-01-11 03:00:00,0.747560,0.748209,0.747428,0.748077,50
2024-01-11 04:00:00,0.748077,0.748103,0.746973,0.747000,50
2024-01-11 05:00:00,0.747000,0.747014,0.746319,0.746334,50
2024-01-11 06:00:00,0.746334,0.746359,0.745212,0.745238,50
2024-01-11 07:00:00,0.745238,0.745460,0.744837,0.745058,50
2024-01-11 08:00:00,0.745058,0.745317,0.744540,0.744799,50
2024-01-11 09:00:00,0.744799,0.745536,0.744665,0.745403,50
2024-01-11 10:00:00,0.745403,0.745615,0.745129,0.745341,50
2024-01-11 11:00:00,0.745341,0.745545,0.743918,0.744122,50
2024-01-11 12:00:00,0.744122,0.744518,0.744007,0.744403,50
2024-01-11 13:00:00,0.744403,0.745077,0.744179,0.744853,50
2024-01-11 14:00:00,0.744853,0.745208,0.744775,0.745130,50
2024-01-11 15:00:00,0.745130,0.745633,0.744963,0.745467,50
2024-01-11 16:00:00,0.745467,0.745607,0.745091,0.745231,50
2024-01-11 17:00:00,0.745231,0.745370,0.744803,0.744941,50
2024-01-11 18:00:00,0.744941,0.745072,0.744494,0.744625,50
2024-01-11 19:00:00,0.744625,0.744807,0.743308,0.743491,50
2024-01-11 20:00:00,0.743491,0.744548,0.743324,0.744381,50
2024-01-11 21:00:00,0.744381,0.744481,0.744042,0.744142,50
2024-01-11 22:00:00,0.744142,0.744401,0.743389,0.743648,50
2024-01-11 23:00:00,0.743648,0.744306,0.743445,0.744103,50
2024-01-12 00:00:00,0.744103,0.744593,0.744055,0.744545,50
2024-01-12 01:00:00,0.744545,0.744961,0.744522,0.744938,50
2024-01-12 02:00:00,0.744938,0.745110,0.744221,0.744393,50
2024-01-12 03:00:00,0.744393,0.744578,0.743948,0.744133,50
2024-01-12 04:00:00,0.744133,0.744280,0.743665,0.743812,50
2024-01-12 05:00:00,0.743812,0.743971,0.743712,0.743872,50
2024-01-12 06:00:00,0.743872,0.744638,0.743764,0.744530,50
2024-01-12 07:00:00,0.744530,0.744774,0.744511,0.744755,50
2024-01-12 08:00:00,0.744755,0.744795,0.744644,0.744683,50
2024-01-12 09:00:00,0.744683,0.744831,0.744044,0.744191,50
2024-01-12 10:00:00,0.744191,0.744535,0.744181,0.744525,50
2024-01-12 11:00:00,0.744525,0.744607,0.743577,0.743659,50
2024-01-12 12:00:00,0.743659,0.744469,0.743522,0.744333,50
2024-01-12 13:00:00,0.744333,0.745063,0.744220,0.744949,50
2024-01-12 14:00:00,0.744949,0.745104,0.744945,0.745100,50
2024-01-12 15:00:00,0.745100,0.745558,0.745083,0.745541,50
2024-01-12 16:00:00,0.745541,0.745649,0.744993,0.745101,50
2024-01-12 17:00:00,0.745101,0.745729,0.745064,0.745692,50
2024-01-12 18:00:00,0.745692,0.746163,0.745565,0.746036,50
2024-01-12 19:00:00,0.746036,0.746400,0.745947,0.746312,50
2024-01-12 20:00:00,0.746312,0.746884,0.746196,0.746769,50
2024-01-12 21:00:00,0.746769,0.746822,0.745540,0.745593,50
2024-01-12 22:00:00,0.745593,0.745652,0.745323,0.745382,50
2024-01-12 23:00:00,0.745382,0.746497,0.745209,0.746324,50
2024-01-16 00:00:00,0.746324,0.746519,0.746243,0.746439,50
2024-01-16 01:00:00,0.746439,0.747068,0.746397,0.747026,50
2024-01-16 02:00:00,0.747026,0.747073,0.746704,0.746751,50
2024-01-16 03:00:00,0.746751,0.746856,0.746589,0.746694,50
2024-01-16 04:00:00,0.746694,0.746845,0.746224,0.746376,50
2024-01-16 05:00:00,0.746376,0.746499,0.746311,0.746434,50
2024-01-16 06:00:00,0.746434,0.746855,0.746218,0.746639,50
2024-01-16 07:00:00,0.746639,0.747471,0.746301,0.747133,50
2024-01-16 08:00:00,0.747133,0.747414,0.746111,0.746391,50
2024-01-16 09:00:00,0.746391,0.746781,0.746157,0.746547,50
2024-01-16 10:00:00,0.746547,0.746745,0.746490,0.746689,50
2024-01-16 11:00:00,0.746689,0.746907,0.746222,0.746440,50
2024-01-16 12:00:00,0.746440,0.747054,0.746237,0.746851,50
2024-01-16 13:00:00,0.746851,0.746917,0.745900,0.745967,50
2024-01-16 14:00:00,0.745967,0.746256,0.744836,0.745125,50
2024-01-16 15:00:00,0.745125,0.745212,0.745058,0.745145,50
2024-01-16 16:00:00,0.745145,0.745395,0.744487,0.744736,50
2024-01-16 17:00:00,0.744736,0.744973,0.743826,0.744063,50
2024-01-16 18:00:00,0.744063,0.744308,0.743833,0.744078,50
2024-01-16 19:00:00,0.744078,0.744389,0.742883,0.743194,50
2024-01-16 20:00:00,0.743194,0.743319,0.743121,0.743246,50
2024-01-16 21:00:00,0.743246,0.743350,0.742813,0.742917,50
2024-01-16 22:00:00,0.742917,0.743157,0.742218,0.742458,50
2024-01-16 23:00:00,0.742458,0.742719,0.742020,0.742280,50
2024-01-17 00:00:00,0.742280,0.742456,0.741408,0.741584,50
2024-01-17 01:00:00,0.741584,0.741794,0.740834,0.741044,50
2024-01-17 02:00:00,0.741044,0.741045,0.740104,0.740105,50
2024-01-17 03:00:00,0.740105,0.740589,0.740086,0.740570,50
2024-01-17 04:00:00,0.740570,0.740786,0.740455,0.740670,50
2024-01-17 05:00:00,0.740670,0.740990,0.740616,0.740936,50
2024-01-17 06:00:00,0.740936,0.741170,0.740643,0.740877,50
2024-01-17 07:00:00,0.740877,0.741082,0.740756,0.740961,50
2024-01-17 08:00:00,0.740961,0.741183,0.740242,0.740464,50
2024-01-17 09:00:00,0.740464,0.740831,0.740268,0.740635,50
2024-01-17 10:00:00,0.740635,0.740841,0.739457,0.739663,50
2024-01-17 11:00:00,0.739663,0.739673,0.739127,0.739137,50
2024-01-17 12:00:00,0.739137,0.739594,0.738933,0.739390,50
2024-01-17 13:00:00,0.739390,0.739835,0.739210,0.739655,50
2024-01-17 14:00:00,0.739655,0.739666,0.738918,0.738929,50
2024-01-17 15:00:00,0.738929,0.739113,0.738737,0.738921,50
2024-01-17 16:00:00,0.738921,0.739133,0.738912,0.739124,50
2024-01-17 17:00:00,0.739124,0.739907,0.738934,0.739717,50
2024-01-17 18:00:00,0.739717,0.739951,0.739574,0.739808,50
2024-01-17 19:00:00,0.739808,0.740404,0.739671,0.740267,50
2024-01-17 20:00:00,0.740267,0.740444,0.740251,0.740427,50
2024-01-17 21:00:00,0.740427,0.741019,0.740230,0.740821,50
2024-01-17 22:00:00,0.740821,0.740936,0.739841,0.739956,50
2024-01-17 23:00:00,0.739956,0.740172,0.739265,0.739481,50
2024-01-18 00:00:00,0.739481,0.739565,0.738934,0.739018,50
2024-01-18 01:00:00,0.739018,0.739326,0.738999,0.739306,50
2024-01-18 02:00:00,0.739306,0.740196,0.739299,0.740189,50
2024-01-18 03:00:00,0.740189,0.740263,0.740130,0.740204,50
2024-01-18 04:00:00,0.740204,0.740329,0.740122,0.740246,50
2024-01-18 05:00:00,0.740246,0.740744,0.740175,0.740673,50
2024-01-18 06:00:00,0.740673,0.740801,0.739887,0.740016,50
2024-01-18 07:00:00,0.740016,0.740088,0.739745,0.739817,50
2024-01-18 08:00:00,0.739817,0.739823,0.739548,0.739554,50
2024-01-18 09:00:00,0.739554,0.739565,0.739248,0.739260,50
2024-01-18 10:00:00,0.739260,0.739688,0.739197,0.739625,50
2024-01-18 11:00:00,0.739625,0.740010,0.739535,0.739920,50
2024-01-18 12:00:00,0.739920,0.740440,0.739855,0.740375,50
2024-01-18 13:00:00,0.740375,0.740471,0.740361,0.740456,50
2024-01-18 14:00:00,0.740456,0.740468,0.740432,0.740443,50
2024-01-18 15:00:00,0.740443,0.740915,0.740401,0.740873,50
2024-01-18 16:00:00,0.740873,0.740957,0.740115,0.740198,50
2024-01-18 17:00:00,0.740198,0.741193,0.740145,0.741139,50
2024-01-18 18:00:00,0.741139,0.741185,0.740286,0.740331,50
2024-01-18 19:00:00,0.740331,0.740410,0.740167,0.740245,50
2024-01-18 20:00:00,0.740245,0.740479,0.740135,0.740368,50
2024-01-18 21:00:00,0.740368,0.740963,0.740331,0.740926,50
2024-01-18 22:00:00,0.740926,0.740932,0.739691,0.739697,50
2024-01-18 23:00:00,0.739697,0.740607,0.739667,0.740576,50
2024-01-19 00:00:00,0.740576,0.740717,0.740040,0.740180,50
2024-01-19 01:00:00,0.740180,0.740550,0.740089,0.740459,50
2024-01-19 02:00:00,0.740459,0.741142,0.740438,0.741122,50
2024-01-19 03:00:00,0.741122,0.741223,0.741085,0.741186,50
2024-01-19 04:00:00,0.741186,0.741466,0.741184,0.741465,50
2024-01-19 05:00:00,0.741465,0.741603,0.741417,0.741555,50
2024-01-19 06:00:00,0.741555,0.741579,0.741526,0.741550,50
2024-01-19 07:00:00,0.741550,0.742323,0.741533,0.742307,50
2024-01-19 08:00:00,0.742307,0.742511,0.742196,0.742401,50
2024-01-19 09:00:00,0.742401,0.742468,0.742397,0.742465,50
2024-01-19 10:00:00,0.742465,0.742806,0.742407,0.742749,50
2024-01-19 11:00:00,0.742749,0.743092,0.742584,0.742926,50
2024-01-19 12:00:00,0.742926,0.743064,0.741664,0.741801,50
2024-01-19 13:00:00,0.741801,0.741848,0.741746,0.741793,50
2024-01-19 14:00:00,0.741793,0.742393,0.741792,0.742391,50
2024-01-19 15:00:00,0.742391,0.742943,0.742260,0.742812,50
2024-01-19 16:00:00,0.742812,0.743085,0.742678,0.742952,50
2024-01-19 17:00:00,0.742952,0.743045,0.742374,0.742467,50
2024-01-19 18:00:00,0.742467,0.742594,0.742223,0.742350,50
2024-01-19 19:00:00,0.742350,0.742502,0.742272,0.742425,50
2024-01-19 20:00:00,0.742425,0.742549,0.741601,0.741726,50
2024-01-19 21:00:00,0.741726,0.742002,0.741649,0.741925,50
2024-01-19 22:00:00,0.741925,0.741937,0.741898,0.741910,50
2024-01-19 23:00:00,0.741910,0.742682,0.741784,0.742556,50
2024-01-22 00:00:00,0.742556,0.742716,0.742550,0.742711,50
2024-01-22 01:00:00,0.742711,0.742731,0.742563,0.742584,50
2024-01-22 02:00:00,0.742584,0.742661,0.742230,0.742306,50
2024-01-22 03:00:00,0.742306,0.742358,0.742232,0.742283,50
2024-01-22 04:00:00,0.742283,0.742329,0.742040,0.742085,50
2024-01-22 05:00:00,0.742085,0.742703,0.742015,0.742633,50
2024-01-22 06:00:00,0.742633,0.742755,0.742455,0.742577,50
2024-01-22 07:00:00,0.742577,0.742636,0.742157,0.742215,50
2024-01-22 08:00:00,0.742215,0.742299,0.741743,0.741826,50
2024-01-22 09:00:00,0.741826,0.741914,0.741712,0.741800,50
2024-01-22 10:00:00,0.741800,0.742669,0.741679,0.742549,50
2024-01-22 11:00:00,0.742549,0.742655,0.742347,0.742452,50
2024-01-22 12:00:00,0.742452,0.742666,0.742393,0.742606,50
2024-01-22 13:00:00,0.742606,0.742818,0.742565,0.742778,50
2024-01-22 14:00:00,0.742778,0.742850,0.742598,0.742671,50
2024-01-22 15:00:00,0.742671,0.742876,0.742611,0.742817,50
2024-01-22 16:00:00,0.742817,0.743276,0.742699,0.743158,50
2024-01-22 17:00:00,0.743158,0.743207,0.742467,0.742516,50
2024-01-22 18:00:00,0.742516,0.743101,0.742400,0.742985,50
2024-01-22 19:00:00,0.742985,0.743187,0.742904,0.743106,50
2024-01-22 20:00:00,0.743106,0.743390,0.743015,0.743299,50
2024-01-22 21:00:00,0.743299,0.743613,0.743292,0.743605,50
2024-01-22 22:00:00,0.743605,0.744045,0.743589,0.744030,50
2024-01-22 23:00:00,0.744030,0.744140,0.743163,0.743273,50
2024-01-23 00:00:00,0.743273,0.743388,0.742802,0.742916,50
2024-01-23 01:00:00,0.742916,0.743216,0.742787,0.743088,50
2024-01-23 02:00:00,0.743088,0.743099,0.742841,0.742853,50
2024-01-23 03:00:00,0.742853,0.743065,0.742847,0.743059,50
2024-01-23 04:00:00,0.743059,0.743083,0.742351,0.742375,50
2024-01-23 05:00:00,0.742375,0.742463,0.742031,0.742119,50
2024-01-23 06:00:00,0.742119,0.742199,0.741685,0.741765,50
2024-01-23 07:00:00,0.741765,0.742031,0.741643,0.741909,50
2024-01-23 08:00:00,0.741909,0.741946,0.741702,0.741739,50
2024-01-23 09:00:00,0.741739,0.742072,0.741724,0.742057,50
2024-01-23 10:00:00,0.742057,0.742108,0.741106,0.741157,50
2024-01-23 11:00:00,0.741157,0.741253,0.741129,0.741224,50
2024-01-23 12:00:00,0.741224,0.742250,0.741112,0.742138,50
2024-01-23 13:00:00,0.742138,0.742150,0.741640,0.741652,50
2024-01-23 14:00:00,0.741652,0.742289,0.741518,0.742155,50
2024-01-23 15:00:00,0.742155,0.742429,0.742102,0.742377,50
2024-01-23 16:00:00,0.742377,0.742515,0.742134,0.742273,50
2024-01-23 17:00:00,0.742273,0.742315,0.741795,0.741837,50
2024-01-23 18:00:00,0.741837,0.741978,0.741606,0.741747,50
2024-01-23 19:00:00,0.741747,0.742113,0.741677,0.742043,50
2024-01-23 20:00:00,0.742043,0.743371,0.741919,0.743248,50
2024-01-23 21:00:00,0.743248,0.743532,0.743125,0.743409,50
2024-01-23 22:00:00,0.743409,0.743550,0.743277,0.743418,50
2024-01-23 23:00:00,0.743418,0.743528,0.741399,0.741510,50
2024-01-24 00:00:00,0.741510,0.742144,0.741463,0.742098,50
2024-01-24 01:00:00,0.742098,0.742116,0.741979,0.741996,50
2024-01-24 02:00:00,0.741996,0.742087,0.741614,0.741705,50
2024-01-24 03:00:00,0.741705,0.742006,0.741614,0.741915,50
2024-01-24 04:00:00,0.741915,0.741948,0.741516,0.741549,50
2024-01-24 05:00:00,0.741549,0.741673,0.741071,0.741196,50
2024-01-24 06:00:00,0.741196,0.741310,0.740612,0.740726,50
2024-01-24 07:00:00,0.740726,0.740996,0.740721,0.740991,50
2024-01-24 08:00:00,0.740991,0.741001,0.740579,0.740589,50
2024-01-24 09:00:00,0.740589,0.741006,0.740569,0.740986,50
2024-01-24 10:00:00,0.740986,0.741226,0.740868,0.741107,50
2024-01-24 11:00:00,0.741107,0.741451,0.741096,0.741439,50
2024-01-24 12:00:00,0.741439,0.742022,0.741343,0.741925,50
2024-01-24 13:00:00,0.741925,0.742777,0.741892,0.742744,50
2024-01-24 14:00:00,0.742744,0.742906,0.742654,0.742815,50
2024-01-24 15:00:00,0.742815,0.742860,0.742637,0.742682,50
2024-01-24 16:00:00,0.742682,0.742697,0.742560,0.742575,50
2024-01-24 17:00:00,0.742575,0.742647,0.742203,0.742275,50
2024-01-24 18:00:00,0.742275,0.742378,0.742160,0.742263,50
2024-01-24 19:00:00,0.742263,0.742337,0.742193,0.742266,50
2024-01-24 20:00:00,0.742266,0.742393,0.741428,0.741555,50
2024-01-24 21:00:00,0.741555,0.741955,0.741468,0.741868,50
2024-01-24 22:00:00,0.741868,0.742323,0.741778,0.742233,50
2024-01-24 23:00:00,0.742233,0.742283,0.741845,0.741895,50
2024-01-25 00:00:00,0.741895,0.742270,0.741828,0.742204,50
2024-01-25 01:00:00,0.742204,0.742713,0.742154,0.742663,50
2024-01-25 02:00:00,0.742663,0.742785,0.742610,0.742732,50
2024-01-25 03:00:00,0.742732,0.742856,0.742333,0.742457,50
2024-01-25 04:00:00,0.742457,0.742464,0.742213,0.742220,50
2024-01-25 05:00:00,0.742220,0.742287,0.741955,0.742022,50
2024-01-25 06:00:00,0.742022,0.742153,0.741777,0.741909,50
2024-01-25 07:00:00,0.741909,0.741971,0.741734,0.741796,50
2024-01-25 08:00:00,0.741796,0.741822,0.741766,0.741791,50
2024-01-25 09:00:00,0.741791,0.741843,0.741628,0.741681,50
2024-01-25 10:00:00,0.741681,0.741707,0.741434,0.741460,50
2024-01-25 11:00:00,0.741460,0.741534,0.740911,0.740984,50
2024-01-25 12:00:00,0.740984,0.741454,0.740889,0.741359,50
2024-01-25 13:00:00,0.741359,0.741379,0.741204,0.741225,50
2024-01-25 14:00:00,0.741225,0.741259,0.741075,0.741109,50
2024-01-25 15:00:00,0.741109,0.741184,0.740952,0.741027,50
2024-01-25 16:00:00,0.741027,0.741146,0.740901,0.741019,50
2024-01-25 17:00:00,0.741019,0.741144,0.740741,0.740866,50
2024-01-25 18:00:00,0.740866,0.741243,0.740781,0.741157,50
2024-01-25 19:00:00,0.741157,0.741283,0.740946,0.741072,50
2024-01-25 20:00:00,0.741072,0.741115,0.741019,0.741062,50
2024-01-25 21:00:00,0.741062,0.741159,0.740958,0.741055,50
2024-01-25 22:00:00,0.741055,0.741149,0.740414,0.740508,50
2024-01-25 23:00:00,0.740508,0.741453,0.740399,0.741345,50
2024-01-26 00:00:00,0.741345,0.741472,0.741211,0.741338,50
2024-01-26 01:00:00,0.741338,0.741364,0.741185,0.741211,50
2024-01-26 02:00:00,0.741211,0.741493,0.741148,0.741431,50
2024-01-26 03:00:00,0.741431,0.741444,0.741328,0.741341,50
2024-01-26 04:00:00,0.741341,0.741529,0.741255,0.741443,50
2024-01-26 05:00:00,0.741443,0.741538,0.741290,0.741386,50
2024-01-26 06:00:00,0.741386,0.741931,0.741312,0.741857,50
2024-01-26 07:00:00,0.741857,0.741952,0.741799,0.741894,50
2024-01-26 08:00:00,0.741894,0.742197,0.741825,0.742128,50
2024-01-26 09:00:00,0.742128,0.742157,0.741803,0.741832,50
2024-01-26 10:00:00,0.741832,0.742266,0.741686,0.742120,50
2024-01-26 11:00:00,0.742120,0.742326,0.742024,0.742230,50
2024-01-26 12:00:00,0.742230,0.742368,0.741947,0.742085,50
2024-01-26 13:00:00,0.742085,0.742142,0.741755,0.741813,50
2024-01-26 14:00:00,0.741813,0.741932,0.741753,0.741872,50
2024-01-26 15:00:00,0.741872,0.741898,0.741845,0.741871,50
2024-01-26 16:00:00,0.741871,0.741920,0.741547,0.741596,50
2024-01-26 17:00:00,0.741596,0.741956,0.741579,0.741939,50
2024-01-26 18:00:00,0.741939,0.742120,0.741902,0.742083,50
2024-01-26 19:00:00,0.742083,0.742295,0.742018,0.742231,50
2024-01-26 20:00:00,0.742231,0.742706,0.742115,0.742589,50
2024-01-26 21:00:00,0.742589,0.743046,0.742524,0.742980,50
2024-01-26 22:00:00,0.742980,0.743606,0.742901,0.743527,50
2024-01-26 23:00:00,0.743527,0.743594,0.743095,0.743163,50
2024-01-29 00:00:00,0.743163,0.743259,0.743009,0.743105,50
2024-01-29 01:00:00,0.743105,0.743239,0.742836,0.742969,50
2024-01-29 02:00:00,0.742969,0.743344,0.742861,0.743236,50
2024-01-29 03:00:00,0.743236,0.743391,0.743190,0.743345,50
2024-01-29 04:00:00,0.743345,0.743379,0.742584,0.742617,50
2024-01-29 05:00:00,0.742617,0.742884,0.742520,0.742787,50
2024-01-29 06:00:00,0.742787,0.742911,0.742392,0.742517,50
2024-01-29 07:00:00,0.742517,0.742747,0.742404,0.742635,50
2024-01-29 08:00:00,0.742635,0.742660,0.742560,0.742585,50
2024-01-29 09:00:00,0.742585,0.743101,0.742462,0.742978,50
2024-01-29 10:00:00,0.742978,0.743199,0.742925,0.743146,50
2024-01-29 11:00:00,0.743146,0.743219,0.742984,0.743057,50
2024-01-29 12:00:00,0.743057,0.743182,0.742883,0.743008,50
2024-01-29 13:00:00,0.743008,0.743689,0.742904,0.743586,50
2024-01-29 14:00:00,0.743586,0.743611,0.742971,0.742996,50
2024-01-29 15:00:00,0.742996,0.743157,0.742959,0.743120,50
2024-01-29 16:00:00,0.743120,0.743195,0.742985,0.743060,50
2024-01-29 17:00:00,0.743060,0.743140,0.743014,0.743094,50
2024-01-29 18:00:00,0.743094,0.743796,0.743001,0.743703,50
2024-01-29 19:00:00,0.743703,0.744168,0.743581,0.744047,50
2024-01-29 20:00:00,0.744047,0.744854,0.743942,0.744749,50
2024-01-29 21:00:00,0.744749,0.744813,0.744639,0.744703,50
2024-01-29 22:00:00,0.744703,0.744742,0.744543,0.744582,50
2024-01-29 23:00:00,0.744582,0.744601,0.744084,0.744103,50
2024-01-30 00:00:00,0.744103,0.744760,0.743991,0.744648,50
2024-01-30 01:00:00,0.744648,0.744759,0.743985,0.744096,50
2024-01-30 02:00:00,0.744096,0.744208,0.743850,0.743962,50
2024-01-30 03:00:00,0.743962,0.744145,0.743853,0.744036,50
2024-01-30 04:00:00,0.744036,0.744170,0.743636,0.743770,50
2024-01-30 05:00:00,0.743770,0.745156,0.743658,0.745044,50
2024-01-30 06:00:00,0.745044,0.745279,0.744960,0.745196,50
2024-01-30 07:00:00,0.745196,0.745438,0.745178,0.745420,50
2024-01-30 08:00:00,0.745420,0.745452,0.744654,0.744686,50
2024-01-30 09:00:00,0.744686,0.744789,0.744366,0.744469,50
2024-01-30 10:00:00,0.744469,0.744650,0.744336,0.744517,50
2024-01-30 11:00:00,0.744517,0.744823,0.744514,0.744820,50
2024-01-30 12:00:00,0.744820,0.745082,0.744781,0.745044,50
2024-01-30 13:00:00,0.745044,0.745912,0.744943,0.745811,50
2024-01-30 14:00:00,0.745811,0.745871,0.745237,0.745297,50
2024-01-30 15:00:00,0.745297,0.746008,0.745225,0.745936,50
2024-01-30 16:00:00,0.745936,0.746058,0.745224,0.745346,50
2024-01-30 17:00:00,0.745346,0.745526,0.745271,0.745450,50
2024-01-30 18:00:00,0.745450,0.746145,0.745406,0.746101,50
2024-01-30 19:00:00,0.746101,0.746193,0.745395,0.745487,50
2024-01-30 20:00:00,0.745487,0.745489,0.744754,0.744756,50
2024-01-30 21:00:00,0.744756,0.745013,0.744721,0.744978,50
2024-01-30 22:00:00,0.744978,0.745110,0.744657,0.744789,50
2024-01-30 23:00:00,0.744789,0.745861,0.744696,0.745768,50
2024-01-31 00:00:00,0.745768,0.745869,0.745340,0.745441,50
2024-01-31 01:00:00,0.745441,0.746280,0.745307,0.746146,50
2024-01-31 02:00:00,0.746146,0.746279,0.745616,0.745749,50
2024-01-31 03:00:00,0.745749,0.745763,0.745503,0.745517,50
2024-01-31 04:00:00,0.745517,0.746416,0.745481,0.746380,50
2024-01-31 05:00:00,0.746380,0.747002,0.746368,0.746990,50
2024-01-31 06:00:00,0.746990,0.747095,0.745361,0.745465,50
2024-01-31 07:00:00,0.745465,0.746307,0.745404,0.746246,50
2024-01-31 08:00:00,0.746246,0.747610,0.746220,0.747585,50
2024-01-31 09:00:00,0.747585,0.747637,0.745617,0.745669,50
2024-01-31 10:00:00,0.745669,0.746067,0.745620,0.746018,50
2024-01-31 11:00:00,0.746018,0.746067,0.745747,0.745796,50
2024-01-31 12:00:00,0.745796,0.745813,0.745495,0.745513,50
2024-01-31 13:00:00,0.745513,0.745644,0.745347,0.745479,50
2024-01-31 14:00:00,0.745479,0.745560,0.745405,0.745485,50
2024-01-31 15:00:00,0.745485,0.745599,0.745463,0.745577,50
2024-01-31 16:00:00,0.745577,0.745932,0.745548,0.745903,50
2024-01-31 17:00:00,0.745903,0.746030,0.745554,0.745682,50
2024-01-31 18:00:00,0.745682,0.745797,0.745517,0.745632,50
2024-01-31 19:00:00,0.745632,0.745660,0.745546,0.745574,50
2024-01-31 20:00:00,0.745574,0.745622,0.745394,0.745442,50
2024-01-31 21:00:00,0.745442,0.745444,0.745342,0.745344,50
2024-01-31 22:00:00,0.745344,0.745498,0.745223,0.745377,50
2024-01-31 23:00:00,0.745377,0.747196,0.745342,0.747161,50
2024-02-01 00:00:00,0.747161,0.747162,0.746661,0.746663,50
2024-02-01 01:00:00,0.746663,0.747114,0.746536,0.746988,50
2024-02-01 02:00:00,0.746988,0.747070,0.746484,0.746566,50
2024-02-01 03:00:00,0.746566,0.746758,0.746463,0.746655,50
2024-02-01 04:00:00,0.746655,0.747466,0.746544,0.747355,50
2024-02-01 05:00:00,0.747355,0.747614,0.747252,0.747511,50
2024-02-01 06:00:00,0.747511,0.747619,0.747135,0.747242,50
2024-02-01 07:00:00,0.747242,0.747244,0.747110,0.747111,50
2024-02-01 08:00:00,0.747111,0.747205,0.746878,0.746972,50
2024-02-01 09:00:00,0.746972,0.747017,0.746600,0.746645,50
2024-02-01 10:00:00,0.746645,0.746980,0.746640,0.746975,50
2024-02-01 11:00:00,0.746975,0.747020,0.746504,0.746549,50
2024-02-01 12:00:00,0.746549,0.747173,0.746526,0.747150,50
2024-02-01 13:00:00,0.747150,0.747182,0.746661,0.746693,50
2024-02-01 14:00:00,0.746693,0.747405,0.746593,0.747304,50
2024-02-01 15:00:00,0.747304,0.747646,0.747262,0.747604,50
2024-02-01 16:00:00,0.747604,0.747737,0.747229,0.747363,50
2024-02-01 17:00:00,0.747363,0.747784,0.747289,0.747711,50
2024-02-01 18:00:00,0.747711,0.747732,0.747515,0.747536,50
2024-02-01 19:00:00,0.747536,0.747572,0.747315,0.747350,50
2024-02-01 20:00:00,0.747350,0.747618,0.747235,0.747503,50
2024-02-01 21:00:00,0.747503,0.748361,0.747370,0.748228,50
2024-02-01 22:00:00,0.748228,0.748395,0.748124,0.748292,50
2024-02-01 23:00:00,0.748292,0.748372,0.747304,0.747384,50
2024-02-02 00:00:00,0.747384,0.747738,0.746860,0.747213,50
2024-02-02 01:00:00,0.747213,0.747579,0.747038,0.747405,50
2024-02-02 02:00:00,0.747405,0.747433,0.745491,0.745519,50
2024-02-02 03:00:00,0.745519,0.745599,0.743640,0.743719,50
2024-02-02 04:00:00,0.743719,0.744443,0.743385,0.744108,50
2024-02-02 05:00:00,0.744108,0.744942,0.743877,0.744711,50
2024-02-02 06:00:00,0.744711,0.744939,0.743712,0.743940,50
2024-02-02 07:00:00,0.743940,0.744440,0.743823,0.744323,50
2024-02-02 08:00:00,0.744323,0.745693,0.744209,0.745579,50
2024-02-02 09:00:00,0.745579,0.748394,0.745435,0.748250,50
2024-02-02 10:00:00,0.748250,0.748355,0.746965,0.747070,50
2024-02-02 11:00:00,0.747070,0.747383,0.745645,0.745958,50
2024-02-02 12:00:00,0.745958,0.746224,0.744018,0.744284,50
2024-02-02 13:00:00,0.744284,0.746459,0.744149,0.746325,50
2024-02-02 14:00:00,0.746325,0.746490,0.745267,0.745433,50
2024-02-02 15:00:00,0.745433,0.745531,0.744254,0.744353,50
2024-02-02 16:00:00,0.744353,0.745370,0.744074,0.745092,50
2024-02-02 17:00:00,0.745092,0.745209,0.744720,0.744837,50
2024-02-02 18:00:00,0.744837,0.744924,0.743373,0.743460,50
2024-02-02 19:00:00,0.743460,0.743582,0.743278,0.743400,50
2024-02-02 20:00:00,0.743400,0.743466,0.742985,0.743052,50
2024-02-02 21:00:00,0.743052,0.743079,0.742159,0.742186,50
2024-02-02 22:00:00,0.742186,0.743095,0.742089,0.742997,50
2024-02-02 23:00:00,0.742997,0.743333,0.742716,0.743052,50
2024-02-05 00:00:00,0.743052,0.743590,0.742724,0.743261,50
2024-02-05 01:00:00,0.743261,0.743342,0.742708,0.742788,50
2024-02-05 02:00:00,0.742788,0.742957,0.742311,0.742479,50
2024-02-05 03:00:00,0.742479,0.743537,0.742287,0.743346,50
2024-02-05 04:00:00,0.743346,0.743421,0.742872,0.742947,50
2024-02-05 05:00:00,0.742947,0.743211,0.742773,0.743037,50
2024-02-05 06:00:00,0.743037,0.743316,0.742843,0.743122,50
2024-02-05 07:00:00,0.743122,0.743192,0.741983,0.742053,50
2024-02-05 08:00:00,0.742053,0.742163,0.741519,0.741629,50
2024-02-05 09:00:00,0.741629,0.741768,0.740730,0.740869,50
2024-02-05 10:00:00,0.740869,0.742154,0.740558,0.741842,50
2024-02-05 11:00:00,0.741842,0.741987,0.740468,0.740613,50
2024-02-05 12:00:00,0.740613,0.740770,0.739558,0.739714,50
2024-02-05 13:00:00,0.739714,0.741107,0.739597,0.740990,50
2024-02-05 14:00:00,0.740990,0.741514,0.740734,0.741259,50
2024-02-05 15:00:00,0.741259,0.741432,0.740401,0.740574,50
2024-02-05 16:00:00,0.740574,0.740863,0.739294,0.739584,50
2024-02-05 17:00:00,0.739584,0.739793,0.739085,0.739294,50
2024-02-05 18:00:00,0.739294,0.740850,0.739078,0.740634,50
2024-02-05 19:00:00,0.740634,0.740789,0.739466,0.739622,50
2024-02-05 20:00:00,0.739622,0.739652,0.738695,0.738725,50
2024-02-05 21:00:00,0.738725,0.739205,0.738629,0.739109,50
2024-02-05 22:00:00,0.739109,0.739203,0.738151,0.738244,50
2024-02-05 23:00:00,0.738244,0.739210,0.737969,0.738934,50
2024-02-06 00:00:00,0.738934,0.739127,0.738924,0.739117,50
2024-02-06 01:00:00,0.739117,0.739897,0.739045,0.739825,50
2024-02-06 02:00:00,0.739825,0.740688,0.739712,0.740575,50
2024-02-06 03:00:00,0.740575,0.740584,0.740295,0.740304,50
2024-02-06 04:00:00,0.740304,0.740461,0.740168,0.740325,50
2024-02-06 05:00:00,0.740325,0.740726,0.740200,0.740602,50
2024-02-06 06:00:00,0.740602,0.740721,0.740277,0.740396,50
2024-02-06 07:00:00,0.740396,0.741266,0.740298,0.741168,50
2024-02-06 08:00:00,0.741168,0.741238,0.740867,0.740937,50
2024-02-06 09:00:00,0.740937,0.741072,0.740595,0.740731,50
2024-02-06 10:00:00,0.740731,0.740843,0.740595,0.740706,50
2024-02-06 11:00:00,0.740706,0.740793,0.740455,0.740541,50
2024-02-06 12:00:00,0.740541,0.740624,0.740172,0.740255,50
2024-02-06 13:00:00,0.740255,0.740391,0.740094,0.740230,50
2024-02-06 14:00:00,0.740230,0.740280,0.740101,0.740151,50
2024-02-06 15:00:00,0.740151,0.740291,0.739622,0.739762,50
2024-02-06 16:00:00,0.739762,0.739783,0.738686,0.738707,50
2024-02-06 17:00:00,0.738707,0.738767,0.738502,0.738562,50
2024-02-06 18:00:00,0.738562,0.739065,0.738447,0.738950,50
2024-02-06 19:00:00,0.738950,0.739503,0.738915,0.739468,50
2024-02-06 20:00:00,0.739468,0.739595,0.739189,0.739315,50
2024-02-06 21:00:00,0.739315,0.740046,0.739223,0.739954,50
2024-02-06 22:00:00,0.739954,0.740634,0.739872,0.740552,50
2024-02-06 23:00:00,0.740552,0.740893,0.740455,0.740796,50
2024-02-07 00:00:00,0.740796,0.740881,0.740783,0.740868,50
2024-02-07 01:00:00,0.740868,0.741441,0.740781,0.741354,50
2024-02-07 02:00:00,0.741354,0.741968,0.741352,0.741966,50
2024-02-07 03:00:00,0.741966,0.742097,0.741701,0.741832,50
2024-02-07 04:00:00,0.741832,0.741884,0.741785,0.741838,50
2024-02-07 05:00:00,0.741838,0.742481,0.741720,0.742364,50
2024-02-07 06:00:00,0.742364,0.742454,0.741995,0.742086,50
2024-02-07 07:00:00,0.742086,0.742755,0.742041,0.742709,50
2024-02-07 08:00:00,0.742709,0.742803,0.742488,0.742581,50
2024-02-07 09:00:00,0.742581,0.742691,0.742152,0.742261,50
2024-02-07 10:00:00,0.742261,0.742340,0.741351,0.741430,50
2024-02-07 11:00:00,0.741430,0.741609,0.741396,0.741576,50
2024-02-07 12:00:00,0.741576,0.741611,0.741233,0.741268,50
2024-02-07 13:00:00,0.741268,0.741828,0.741211,0.741770,50
2024-02-07 14:00:00,0.741770,0.741826,0.741751,0.741806,50
2024-02-07 15:00:00,0.741806,0.741889,0.741472,0.741554,50
2024-02-07 16:00:00,0.741554,0.741623,0.741331,0.741401,50
2024-02-07 17:00:00,0.741401,0.741597,0.741393,0.741589,50
2024-02-07 18:00:00,0.741589,0.741653,0.741210,0.741275,50
2024-02-07 19:00:00,0.741275,0.741301,0.740940,0.740966,50
2024-02-07 20:00:00,0.740966,0.741080,0.740952,0.741066,50
2024-02-07 21:00:00,0.741066,0.741355,0.740993,0.741282,50
2024-02-07 22:00:00,0.741282,0.741310,0.741217,0.741244,50
2024-02-07 23:00:00,0.741244,0.742462,0.741173,0.742390,50
2024-02-08 00:00:00,0.742390,0.742437,0.741976,0.742022,50
2024-02-08 01:00:00,0.742022,0.742045,0.741670,0.741693,50
2024-02-08 02:00:00,0.741693,0.741808,0.741354,0.741469,50
2024-02-08 03:00:00,0.741469,0.741908,0.741404,0.741844,50
2024-02-08 04:00:00,0.741844,0.742182,0.741727,0.742066,50
2024-02-08 05:00:00,0.742066,0.742842,0.742028,0.742805,50
2024-02-08 06:00:00,0.742805,0.742872,0.741948,0.742015,50
2024-02-08 07:00:00,0.742015,0.742132,0.741991,0.742107,50
2024-02-08 08:00:00,0.742107,0.742113,0.741956,0.741962,50
2024-02-08 09:00:00,0.741962,0.742020,0.741882,0.741940,50
2024-02-08 10:00:00,0.741940,0.742817,0.741810,0.742687,50
2024-02-08 11:00:00,0.742687,0.743200,0.742687,0.743199,50
2024-02-08 12:00:00,0.743199,0.743265,0.741992,0.742057,50
2024-02-08 13:00:00,0.742057,0.742183,0.741913,0.742038,50
2024-02-08 14:00:00,0.742038,0.742361,0.741942,0.742265,50
2024-02-08 15:00:00,0.742265,0.743127,0.742134,0.742996,50
2024-02-08 16:00:00,0.742996,0.743206,0.742971,0.743181,50
2024-02-08 17:00:00,0.743181,0.743337,0.743150,0.743306,50
2024-02-08 18:00:00,0.743306,0.743437,0.743219,0.743349,50
2024-02-08 19:00:00,0.743349,0.743625,0.743301,0.743577,50
2024-02-08 20:00:00,0.743577,0.743800,0.743474,0.743698,50
2024-02-08 21:00:00,0.743698,0.743824,0.743264,0.743390,50
2024-02-08 22:00:00,0.743390,0.743467,0.743111,0.743188,50
2024-02-08 23:00:00,0.743188,0.743241,0.742724,0.742776,50
2024-02-09 00:00:00,0.742776,0.742891,0.742554,0.742668,50
2024-02-09 01:00:00,0.742668,0.742994,0.742599,0.742925,50
2024-02-09 02:00:00,0.742925,0.743045,0.742236,0.742357,50
2024-02-09 03:00:00,0.742357,0.742729,0.742232,0.742604,50
2024-02-09 04:00:00,0.742604,0.742678,0.741687,0.741762,50
2024-02-09 05:00:00,0.741762,0.741785,0.741652,0.741675,50
2024-02-09 06:00:00,0.741675,0.742415,0.741595,0.742335,50
2024-02-09 07:00:00,0.742335,0.742455,0.741130,0.741250,50
2024-02-09 08:00:00,0.741250,0.742055,0.741205,0.742009,50
2024-02-09 09:00:00,0.742009,0.742991,0.741877,0.742859,50
2024-02-09 10:00:00,0.742859,0.742963,0.742568,0.742671,50
2024-02-09 11:00:00,0.742671,0.742675,0.742490,0.742494,50
2024-02-09 12:00:00,0.742494,0.742546,0.742278,0.742330,50
2024-02-09 13:00:00,0.742330,0.742841,0.742248,0.742759,50
2024-02-09 14:00:00,0.742759,0.742843,0.742588,0.742672,50
2024-02-09 15:00:00,0.742672,0.742888,0.742570,0.742786,50
2024-02-09 16:00:00,0.742786,0.743037,0.742717,0.742968,50
2024-02-09 17:00:00,0.742968,0.743132,0.742895,0.743059,50
2024-02-09 18:00:00,0.743059,0.743088,0.741766,0.741795,50
2024-02-09 19:00:00,0.741795,0.741898,0.741210,0.741313,50
2024-02-09 20:00:00,0.741313,0.741433,0.741207,0.741326,50
2024-02-09 21:00:00,0.741326,0.742462,0.741196,0.742332,50
2024-02-09 22:00:00,0.742332,0.742384,0.742166,0.742217,50
2024-02-09 23:00:00,0.742217,0.742221,0.741946,0.741950,50
2024-02-12 00:00:00,0.741950,0.742126,0.741793,0.741969,50
2024-02-12 01:00:00,0.741969,0.742193,0.741925,0.742149,50
2024-02-12 02:00:00,0.742149,0.742176,0.741893,0.741920,50
2024-02-12 03:00:00,0.741920,0.742066,0.741352,0.741497,50
2024-02-12 04:00:00,0.741497,0.741843,0.741384,0.741730,50
2024-02-12 05:00:00,0.741730,0.741999,0.741714,0.741983,50
2024-02-12 06:00:00,0.741983,0.742697,0.741872,0.742586,50
2024-02-12 07:00:00,0.742586,0.742769,0.742280,0.742462,50
2024-02-12 08:00:00,0.742462,0.742766,0.742323,0.742626,50
2024-02-12 09:00:00,0.742626,0.742998,0.742524,0.742895,50
2024-02-12 10:00:00,0.742895,0.742992,0.742534,0.742631,50
2024-02-12 11:00:00,0.742631,0.743056,0.742498,0.742923,50
2024-02-12 12:00:00,0.742923,0.743019,0.742532,0.742628,50
2024-02-12 13:00:00,0.742628,0.742958,0.742624,0.742954,50
2024-02-12 14:00:00,0.742954,0.743088,0.742779,0.742914,50
2024-02-12 15:00:00,0.742914,0.743293,0.742907,0.743286,50
2024-02-12 16:00:00,0.743286,0.743365,0.743260,0.743339,50
2024-02-12 17:00:00,0.743339,0.743480,0.743242,0.743383,50
2024-02-12 18:00:00,0.743383,0.743977,0.743282,0.743876,50
2024-02-12 19:00:00,0.743876,0.744202,0.743688,0.744014,50
2024-02-12 20:00:00,0.744014,0.744228,0.743862,0.744075,50
2024-02-12 21:00:00,0.744075,0.744538,0.744017,0.744479,50
2024-02-12 22:00:00,0.744479,0.744609,0.744254,0.744384,50
2024-02-12 23:00:00,0.744384,0.744476,0.744122,0.744214,50
2024-02-13 00:00:00,0.744214,0.744541,0.740882,0.741210,50
2024-02-13 01:00:00,0.741210,0.741292,0.739112,0.739194,50
2024-02-13 02:00:00,0.739194,0.741830,0.738801,0.741437,50
2024-02-13 03:00:00,0.741437,0.742791,0.741309,0.742664,50
2024-02-13 04:00:00,0.742664,0.743051,0.742303,0.742690,50
2024-02-13 05:00:00,0.742690,0.743005,0.742354,0.742669,50
2024-02-13 06:00:00,0.742669,0.743087,0.742506,0.742924,50
2024-02-13 07:00:00,0.742924,0.744462,0.742588,0.744127,50
2024-02-13 08:00:00,0.744127,0.745481,0.743586,0.744940,50
2024-02-13 09:00:00,0.744940,0.745906,0.744630,0.745596,50
2024-02-13 10:00:00,0.745596,0.745953,0.744377,0.744734,50
2024-02-13 11:00:00,0.744734,0.745295,0.741423,0.741984,50
2024-02-13 12:00:00,0.741984,0.742385,0.740260,0.740662,50
2024-02-13 13:00:00,0.740662,0.742405,0.740449,0.742192,50
2024-02-13 14:00:00,0.742192,0.744527,0.741809,0.744144,50
2024-02-13 15:00:00,0.744144,0.744414,0.742091,0.742361,50
2024-02-13 16:00:00,0.742361,0.742623,0.736535,0.736797,50
2024-02-13 17:00:00,0.736797,0.737972,0.736390,0.737564,50
2024-02-13 18:00:00,0.737564,0.739093,0.737545,0.739074,50
2024-02-13 19:00:00,0.739074,0.739897,0.738707,0.739530,50
2024-02-13 20:00:00,0.739530,0.739601,0.737382,0.737453,50
2024-02-13 21:00:00,0.737453,0.738793,0.737235,0.738575,50
2024-02-13 22:00:00,0.738575,0.739087,0.736457,0.736969,50
2024-02-13 23:00:00,0.736969,0.737745,0.736524,0.737300,50
2024-02-14 00:00:00,0.737300,0.737309,0.736918,0.736928,50
2024-02-14 01:00:00,0.736928,0.737015,0.736730,0.736817,50
2024-02-14 02:00:00,0.736817,0.737091,0.736687,0.736962,50
2024-02-14 03:00:00,0.736962,0.736964,0.736943,0.736946,50
2024-02-14 04:00:00,0.736946,0.737078,0.736502,0.736634,50
2024-02-14 05:00:00,0.736634,0.736671,0.736522,0.736559,50
2024-02-14 06:00:00,0.736559,0.736646,0.736459,0.736547,50
2024-02-14 07:00:00,0.736547,0.737558,0.736425,0.737436,50
2024-02-14 08:00:00,0.737436,0.737456,0.737113,0.737133,50
2024-02-14 09:00:00,0.737133,0.737682,0.737133,0.737682,50
2024-02-14 10:00:00,0.737682,0.737828,0.737650,0.737796,50
2024-02-14 11:00:00,0.737796,0.737844,0.737644,0.737692,50
2024-02-14 12:00:00,0.737692,0.738013,0.737629,0.737951,50
2024-02-14 13:00:00,0.737951,0.738083,0.737902,0.738034,50
2024-02-14 14:00:00,0.738034,0.738094,0.737670,0.737730,50
2024-02-14 15:00:00,0.737730,0.738004,0.737721,0.737995,50
2024-02-14 16:00:00,0.737995,0.738810,0.737946,0.738761,50
2024-02-14 17:00:00,0.738761,0.738833,0.738148,0.738220,50
2024-02-14 18:00:00,0.738220,0.738346,0.738083,0.738209,50
2024-02-14 19:00:00,0.738209,0.738606,0.738200,0.738597,50
2024-02-14 20:00:00,0.738597,0.738603,0.737692,0.737697,50
2024-02-14 21:00:00,0.737697,0.737934,0.737565,0.737803,50
2024-02-14 22:00:00,0.737803,0.738124,0.737695,0.738016,50
2024-02-14 23:00:00,0.738016,0.738116,0.737908,0.738007,50
2024-02-15 00:00:00,0.738007,0.740172,0.738000,0.740165,50
2024-02-15 01:00:00,0.740165,0.740387,0.739455,0.739678,50
2024-02-15 02:00:00,0.739678,0.740417,0.739640,0.740379,50
2024-02-15 03:00:00,0.740379,0.740541,0.739690,0.739852,50
2024-02-15 04:00:00,0.739852,0.740108,0.739102,0.739358,50
2024-02-15 05:00:00,0.739358,0.740011,0.739304,0.739957,50
2024-02-15 06:00:00,0.739957,0.740152,0.739873,0.740069,50
2024-02-15 07:00:00,0.740069,0.740072,0.739499,0.739503,50
2024-02-15 08:00:00,0.739503,0.740337,0.739383,0.740218,50
2024-02-15 09:00:00,0.740218,0.740273,0.738903,0.738959,50
2024-02-15 10:00:00,0.738959,0.739057,0.737662,0.737760,50
2024-02-15 11:00:00,0.737760,0.738628,0.737531,0.738399,50
2024-02-15 12:00:00,0.738399,0.738633,0.737599,0.737834,50
2024-02-15 13:00:00,0.737834,0.737996,0.737558,0.737720,50
2024-02-15 14:00:00,0.737720,0.737825,0.737279,0.737384,50
2024-02-15 15:00:00,0.737384,0.737701,0.737208,0.737525,50
2024-02-15 16:00:00,0.737525,0.738608,0.737511,0.738594,50
2024-02-15 17:00:00,0.738594,0.740297,0.738462,0.740165,50
2024-02-15 18:00:00,0.740165,0.740331,0.739894,0.740060,50
2024-02-15 19:00:00,0.740060,0.741899,0.739910,0.741749,50
2024-02-15 20:00:00,0.741749,0.741827,0.740477,0.740556,50
2024-02-15 21:00:00,0.740556,0.740559,0.739647,0.739650,50
2024-02-15 22:00:00,0.739650,0.740292,0.739564,0.740206,50
2024-02-15 23:00:00,0.740206,0.741140,0.740192,0.741125,50
2024-02-16 00:00:00,0.741125,0.742134,0.741081,0.742090,50
2024-02-16 01:00:00,0.742090,0.742602,0.742000,0.742512,50
2024-02-16 02:00:00,0.742512,0.742556,0.741852,0.741896,50
2024-02-16 03:00:00,0.741896,0.742015,0.741639,0.741758,50
2024-02-16 04:00:00,0.741758,0.741799,0.741738,0.741779,50
2024-02-16 05:00:00,0.741779,0.741821,0.741299,0.741341,50
2024-02-16 06:00:00,0.741341,0.741391,0.741287,0.741337,50
2024-02-16 07:00:00,0.741337,0.741429,0.741185,0.741278,50
2024-02-16 08:00:00,0.741278,0.741314,0.740920,0.740956,50
2024-02-16 09:00:00,0.740956,0.741036,0.740891,0.740971,50
2024-02-16 10:00:00,0.740971,0.741004,0.740652,0.740684,50
2024-02-16 11:00:00,0.740684,0.740768,0.740614,0.740697,50
2024-02-16 12:00:00,0.740697,0.740759,0.740226,0.740287,50
2024-02-16 13:00:00,0.740287,0.740487,0.740160,0.740360,50
2024-02-16 14:00:00,0.740360,0.740649,0.740289,0.740578,50
2024-02-16 15:00:00,0.740578,0.740657,0.740496,0.740574,50
2024-02-16 16:00:00,0.740574,0.740789,0.740556,0.740771,50
2024-02-16 17:00:00,0.740771,0.741097,0.740723,0.741049,50
2024-02-16 18:00:00,0.741049,0.741327,0.740931,0.741209,50
2024-02-16 19:00:00,0.741209,0.741599,0.741117,0.741507,50
2024-02-16 20:00:00,0.741507,0.741638,0.741353,0.741485,50
2024-02-16 21:00:00,0.741485,0.741715,0.741398,0.741629,50
2024-02-16 22:00:00,0.741629,0.741853,0.741510,0.741734,50
2024-02-16 23:00:00,0.741734,0.741791,0.741618,0.741675,50
2024-02-20 00:00:00,0.741675,0.741736,0.740864,0.740925,50
2024-02-20 01:00:00,0.740925,0.740995,0.740817,0.740887,50
2024-02-20 02:00:00,0.740887,0.740965,0.740536,0.740614,50
2024-02-20 03:00:00,0.740614,0.740833,0.740556,0.740776,50
2024-02-20 04:00:00,0.740776,0.741912,0.740714,0.741850,50
2024-02-20 05:00:00,0.741850,0.741972,0.740526,0.740648,50
2024-02-20 06:00:00,0.740648,0.740761,0.739764,0.739878,50
2024-02-20 07:00:00,0.739878,0.740749,0.739866,0.740738,50
2024-02-20 08:00:00,0.740738,0.740986,0.740613,0.740862,50
2024-02-20 09:00:00,0.740862,0.741590,0.740788,0.741517,50
2024-02-20 10:00:00,0.741517,0.742115,0.741450,0.742048,50
2024-02-20 11:00:00,0.742048,0.742176,0.741112,0.741241,50
2024-02-20 12:00:00,0.741241,0.741320,0.740640,0.740720,50
2024-02-20 13:00:00,0.740720,0.740841,0.740286,0.740407,50
2024-02-20 14:00:00,0.740407,0.740438,0.740275,0.740306,50
2024-02-20 15:00:00,0.740306,0.740710,0.740247,0.740650,50
2024-02-20 16:00:00,0.740650,0.740684,0.739402,0.739436,50
2024-02-20 17:00:00,0.739436,0.740658,0.739402,0.740624,50
2024-02-20 18:00:00,0.740624,0.740895,0.740558,0.740830,50
2024-02-20 19:00:00,0.740830,0.740886,0.740457,0.740513,50
2024-02-20 20:00:00,0.740513,0.741444,0.740374,0.741304,50
2024-02-20 21:00:00,0.741304,0.741545,0.741191,0.741432,50
2024-02-20 22:00:00,0.741432,0.741504,0.741265,0.741337,50
2024-02-20 23:00:00,0.741337,0.741396,0.739750,0.739809,50
2024-02-21 00:00:00,0.739809,0.739928,0.739422,0.739541,50
2024-02-21 01:00:00,0.739541,0.739603,0.738998,0.739060,50
2024-02-21 02:00:00,0.739060,0.739160,0.738986,0.739086,50
2024-02-21 03:00:00,0.739086,0.739126,0.739015,0.739054,50
2024-02-21 04:00:00,0.739054,0.739284,0.739023,0.739252,50
2024-02-21 05:00:00,0.739252,0.739419,0.739122,0.739289,50
2024-02-21 06:00:00,0.739289,0.739636,0.739177,0.739525,50
2024-02-21 07:00:00,0.739525,0.739605,0.739349,0.739429,50
2024-02-21 08:00:00,0.739429,0.739476,0.739124,0.739171,50
2024-02-21 09:00:00,0.739171,0.739617,0.739047,0.739493,50
2024-02-21 10:00:00,0.739493,0.739519,0.739459,0.739485,50
2024-02-21 11:00:00,0.739485,0.739604,0.739248,0.739367,50
2024-02-21 12:00:00,0.739367,0.739428,0.739180,0.739241,50
2024-02-21 13:00:00,0.739241,0.739367,0.739202,0.739328,50
2024-02-21 14:00:00,0.739328,0.739725,0.739310,0.739707,50
2024-02-21 15:00:00,0.739707,0.740045,0.739584,0.739922,50
2024-02-21 16:00:00,0.739922,0.740368,0.739802,0.740248,50
2024-02-21 17:00:00,0.740248,0.740543,0.740169,0.740464,50
2024-02-21 18:00:00,0.740464,0.740603,0.740459,0.740599,50
2024-02-21 19:00:00,0.740599,0.740758,0.740554,0.740713,50
2024-02-21 20:00:00,0.740713,0.741020,0.740687,0.740994,50
2024-02-21 21:00:00,0.740994,0.741005,0.740889,0.740901,50
2024-02-21 22:00:00,0.740901,0.741261,0.740873,0.741234,50
2024-02-21 23:00:00,0.741234,0.741342,0.740413,0.740521,50
2024-02-22 00:00:00,0.740521,0.741701,0.740458,0.741637,50
2024-02-22 01:00:00,0.741637,0.741821,0.741583,0.741768,50
2024-02-22 02:00:00,0.741768,0.741795,0.741263,0.741291,50
2024-02-22 03:00:00,0.741291,0.741326,0.741267,0.741303,50
2024-02-22 04:00:00,0.741303,0.741365,0.740911,0.740973,50
2024-02-22 05:00:00,0.740973,0.741027,0.740669,0.740722,50
2024-02-22 06:00:00,0.740722,0.740800,0.740475,0.740553,50
2024-02-22 07:00:00,0.740553,0.740615,0.739883,0.739945,50
2024-02-22 08:00:00,0.739945,0.739991,0.739584,0.739629,50
2024-02-22 09:00:00,0.739629,0.740009,0.739507,0.739886,50
2024-02-22 10:00:00,0.739886,0.740066,0.739829,0.740009,50
2024-02-22 11:00:00,0.740009,0.740349,0.739999,0.740339,50
2024-02-22 12:00:00,0.740339,0.740717,0.740268,0.740646,50
2024-02-22 13:00:00,0.740646,0.740799,0.740579,0.740732,50
2024-02-22 14:00:00,0.740732,0.740843,0.740529,0.740641,50
2024-02-22 15:00:00,0.740641,0.740678,0.740417,0.740455,50
2024-02-22 16:00:00,0.740455,0.740755,0.740331,0.740631,50
2024-02-22 17:00:00,0.740631,0.741090,0.740568,0.741027,50
2024-02-22 18:00:00,0.741027,0.741282,0.740996,0.741252,50
2024-02-22 19:00:00,0.741252,0.741332,0.741166,0.741246,50
2024-02-22 20:00:00,0.741246,0.741399,0.741136,0.741288,50
2024-02-22 21:00:00,0.741288,0.741732,0.741189,0.741632,50
2024-02-22 22:00:00,0.741632,0.741895,0.741587,0.741849,50
2024-02-22 23:00:00,0.741849,0.741934,0.740876,0.740960,50
2024-02-23 00:00:00,0.740960,0.741120,0.740937,0.741097,50
2024-02-23 01:00:00,0.741097,0.741153,0.740047,0.740103,50
2024-02-23 02:00:00,0.740103,0.740510,0.740017,0.740424,50
2024-02-23 03:00:00,0.740424,0.740915,0.740321,0.740813,50
2024-02-23 04:00:00,0.740813,0.741609,0.740782,0.741578,50
2024-02-23 05:00:00,0.741578,0.741639,0.741519,0.741579,50
2024-02-23 06:00:00,0.741579,0.741603,0.741001,0.741024,50
2024-02-23 07:00:00,0.741024,0.741156,0.740622,0.740753,50
2024-02-23 08:00:00,0.740753,0.741013,0.740642,0.740902,50
2024-02-23 09:00:00,0.740902,0.740968,0.740808,0.740874,50
2024-02-23 10:00:00,0.740874,0.740976,0.740206,0.740308,50
2024-02-23 11:00:00,0.740308,0.741070,0.740186,0.740949,50
2024-02-23 12:00:00,0.740949,0.741040,0.740050,0.740142,50
2024-02-23 13:00:00,0.740142,0.740782,0.740116,0.740756,50
2024-02-23 14:00:00,0.740756,0.741010,0.740701,0.740956,50
2024-02-23 15:00:00,0.740956,0.741045,0.740687,0.740776,50
2024-02-23 16:00:00,0.740776,0.740810,0.740447,0.740481,50
2024-02-23 17:00:00,0.740481,0.740812,0.740448,0.740780,50
2024-02-23 18:00:00,0.740780,0.740805,0.740034,0.740060,50
2024-02-23 19:00:00,0.740060,0.740165,0.739580,0.739685,50
2024-02-23 20:00:00,0.739685,0.740488,0.739565,0.740368,50
2024-02-23 21:00:00,0.740368,0.741194,0.740348,0.741174,50
2024-02-23 22:00:00,0.741174,0.741189,0.740232,0.740247,50
2024-02-23 23:00:00,0.740247,0.740694,0.740184,0.740631,50
2024-02-26 00:00:00,0.740631,0.741065,0.740544,0.740978,50
2024-02-26 01:00:00,0.740978,0.740998,0.740891,0.740911,50
2024-02-26 02:00:00,0.740911,0.741432,0.740839,0.741359,50
2024-02-26 03:00:00,0.741359,0.741466,0.741334,0.741440,50
2024-02-26 04:00:00,0.741440,0.741447,0.741282,0.741290,50
2024-02-26 05:00:00,0.741290,0.741409,0.741032,0.741151,50
2024-02-26 06:00:00,0.741151,0.741404,0.741051,0.741304,50
2024-02-26 07:00:00,0.741304,0.741305,0.740940,0.740941,50
2024-02-26 08:00:00,0.740941,0.740968,0.740721,0.740748,50
2024-02-26 09:00:00,0.740748,0.740797,0.740728,0.740777,50
2024-02-26 10:00:00,0.740777,0.740846,0.740327,0.740397,50
2024-02-26 11:00:00,0.740397,0.740411,0.739826,0.739840,50
2024-02-26 12:00:00,0.739840,0.739903,0.739703,0.739766,50
2024-02-26 13:00:00,0.739766,0.740066,0.739655,0.739955,50
2024-02-26 14:00:00,0.739955,0.740148,0.739826,0.740019,50
2024-02-26 15:00:00,0.740019,0.740157,0.739903,0.740041,50
2024-02-26 16:00:00,0.740041,0.740087,0.739713,0.739758,50
2024-02-26 17:00:00,0.739758,0.739768,0.739670,0.739679,50
2024-02-26 18:00:00,0.739679,0.739699,0.739528,0.739548,50
2024-02-26 19:00:00,0.739548,0.739608,0.739342,0.739403,50
2024-02-26 20:00:00,0.739403,0.739743,0.739276,0.739616,50
2024-02-26 21:00:00,0.739616,0.739745,0.739461,0.739590,50
2024-02-26 22:00:00,0.739590,0.739712,0.739323,0.739445,50
2024-02-26 23:00:00,0.739445,0.740142,0.739332,0.740028,50
2024-02-27 00:00:00,0.740028,0.740149,0.739501,0.739623,50
2024-02-27 01:00:00,0.739623,0.739931,0.739585,0.739893,50
2024-02-27 02:00:00,0.739893,0.740023,0.739677,0.739806,50
2024-02-27 03:00:00,0.739806,0.739907,0.739586,0.739686,50
2024-02-27 04:00:00,0.739686,0.739749,0.739434,0.739497,50
2024-02-27 05:00:00,0.739497,0.739836,0.739425,0.739764,50
2024-02-27 06:00:00,0.739764,0.739766,0.739159,0.739161,50
2024-02-27 07:00:00,0.739161,0.739255,0.738785,0.738879,50
2024-02-27 08:00:00,0.738879,0.739927,0.738757,0.739805,50
2024-02-27 09:00:00,0.739805,0.739918,0.739325,0.739438,50
2024-02-27 10:00:00,0.739438,0.739506,0.739338,0.739405,50
2024-02-27 11:00:00,0.739405,0.739536,0.739094,0.739226,50
2024-02-27 12:00:00,0.739226,0.739345,0.738766,0.738884,50
2024-02-27 13:00:00,0.738884,0.739202,0.738812,0.739130,50
2024-02-27 14:00:00,0.739130,0.739233,0.738786,0.738889,50
2024-02-27 15:00:00,0.738889,0.739722,0.738761,0.739595,50
2024-02-27 16:00:00,0.739595,0.739934,0.739573,0.739911,50
2024-02-27 17:00:00,0.739911,0.740538,0.739787,0.740414,50
2024-02-27 18:00:00,0.740414,0.740637,0.740388,0.740611,50
2024-02-27 19:00:00,0.740611,0.740933,0.740569,0.740891,50
2024-02-27 20:00:00,0.740891,0.740940,0.740183,0.740232,50
2024-02-27 21:00:00,0.740232,0.740349,0.739777,0.739893,50
2024-02-27 22:00:00,0.739893,0.740010,0.739024,0.739141,50
2024-02-27 23:00:00,0.739141,0.739551,0.739126,0.739536,50
2024-02-28 00:00:00,0.739536,0.739539,0.738861,0.738864,50
2024-02-28 01:00:00,0.738864,0.739491,0.738673,0.739300,50
2024-02-28 02:00:00,0.739300,0.739926,0.739171,0.739797,50
2024-02-28 03:00:00,0.739797,0.740219,0.739609,0.740031,50
2024-02-28 04:00:00,0.740031,0.740186,0.739904,0.740059,50
2024-02-28 05:00:00,0.740059,0.740112,0.738738,0.738791,50
2024-02-28 06:00:00,0.738791,0.738883,0.737066,0.737158,50
2024-02-28 07:00:00,0.737158,0.737196,0.736931,0.736969,50
2024-02-28 08:00:00,0.736969,0.737593,0.736901,0.737526,50
2024-02-28 09:00:00,0.737526,0.737779,0.737406,0.737660,50
2024-02-28 10:00:00,0.737660,0.737747,0.736783,0.736870,50
2024-02-28 11:00:00,0.736870,0.737059,0.736455,0.736644,50
2024-02-28 12:00:00,0.736644,0.737467,0.736613,0.737436,50
2024-02-28 13:00:00,0.737436,0.737619,0.737411,0.737594,50
2024-02-28 14:00:00,0.737594,0.737744,0.737084,0.737235,50
2024-02-28 15:00:00,0.737235,0.737306,0.736372,0.736443,50
2024-02-28 16:00:00,0.736443,0.736805,0.736272,0.736633,50
2024-02-28 17:00:00,0.736633,0.736716,0.736314,0.736396,50
2024-02-28 18:00:00,0.736396,0.737795,0.736308,0.737707,50
2024-02-28 19:00:00,0.737707,0.737979,0.737567,0.737840,50
2024-02-28 20:00:00,0.737840,0.738002,0.737457,0.737619,50
2024-02-28 21:00:00,0.737619,0.738456,0.737441,0.738277,50
2024-02-28 22:00:00,0.738277,0.738305,0.737478,0.737505,50
2024-02-28 23:00:00,0.737505,0.737655,0.736770,0.736920,50
2024-02-29 00:00:00,0.736920,0.737474,0.736859,0.737413,50
2024-02-29 01:00:00,0.737413,0.737429,0.736870,0.736886,50
2024-02-29 02:00:00,0.736886,0.736922,0.736520,0.736556,50
2024-02-29 03:00:00,0.736556,0.736855,0.736426,0.736726,50
2024-02-29 04:00:00,0.736726,0.736833,0.736275,0.736383,50
2024-02-29 05:00:00,0.736383,0.736479,0.736063,0.736159,50
2024-02-29 06:00:00,0.736159,0.736461,0.736075,0.736377,50
2024-02-29 07:00:00,0.736377,0.736492,0.736127,0.736243,50
2024-02-29 08:00:00,0.736243,0.736275,0.736112,0.736145,50
2024-02-29 09:00:00,0.736145,0.736265,0.735841,0.735961,50
2024-02-29 10:00:00,0.735961,0.736041,0.735950,0.736030,50
2024-02-29 11:00:00,0.736030,0.736249,0.736027,0.736246,50
2024-02-29 12:00:00,0.736246,0.736346,0.735912,0.736012,50
2024-02-29 13:00:00,0.736012,0.736103,0.735777,0.735868,50
2024-02-29 14:00:00,0.735868,0.736347,0.735760,0.736239,50
2024-02-29 15:00:00,0.736239,0.736429,0.736152,0.736342,50
2024-02-29 16:00:00,0.736342,0.736445,0.736156,0.736259,50
2024-02-29 17:00:00,0.736259,0.736940,0.736182,0.736862,50
2024-02-29 18:00:00,0.736862,0.737387,0.736761,0.737285,50
2024-02-29 19:00:00,0.737285,0.737868,0.737187,0.737771,50
2024-02-29 20:00:00,0.737771,0.737845,0.737726,0.737801,50
2024-02-29 21:00:00,0.737801,0.737981,0.737721,0.737901,50
2024-02-29 22:00:00,0.737901,0.738149,0.737831,0.738080,50
2024-02-29 23:00:00,0.738080,0.738159,0.736948,0.737028,50
2024-03-01 00:00:00,0.737028,0.737488,0.736933,0.737393,50
2024-03-01 01:00:00,0.737393,0.737427,0.737185,0.737220,50
2024-03-01 02:00:00,0.737220,0.737288,0.736261,0.736329,50
2024-03-01 03:00:00,0.736329,0.737099,0.736296,0.737065,50
2024-03-01 04:00:00,0.737065,0.737078,0.736341,0.736354,50
2024-03-01 05:00:00,0.736354,0.736840,0.736241,0.736727,50
2024-03-01 06:00:00,0.736727,0.737109,0.736715,0.737098,50
2024-03-01 07:00:00,0.737098,0.737468,0.737023,0.737393,50
2024-03-01 08:00:00,0.737393,0.738158,0.737281,0.738046,50
2024-03-01 09:00:00,0.738046,0.738136,0.737511,0.737602,50
2024-03-01 10:00:00,0.737602,0.737762,0.737493,0.737653,50
2024-03-01 11:00:00,0.737653,0.737768,0.736849,0.736965,50
2024-03-01 12:00:00,0.736965,0.737308,0.736950,0.737293,50
2024-03-01 13:00:00,0.737293,0.737299,0.737088,0.737093,50
2024-03-01 14:00:00,0.737093,0.737819,0.736962,0.737687,50
2024-03-01 15:00:00,0.737687,0.737699,0.737019,0.737030,50
2024-03-01 16:00:00,0.737030,0.737152,0.736871,0.736992,50
2024-03-01 17:00:00,0.736992,0.737761,0.736986,0.737755,50
2024-03-01 18:00:00,0.737755,0.737776,0.737697,0.737718,50
2024-03-01 19:00:00,0.737718,0.737752,0.737651,0.737684,50
2024-03-01 20:00:00,0.737684,0.738615,0.737612,0.738543,50
2024-03-01 21:00:00,0.738543,0.738573,0.737394,0.737425,50
2024-03-01 22:00:00,0.737425,0.737496,0.737104,0.737176,50
2024-03-01 23:00:00,0.737176,0.737950,0.737071,0.737844,50
2024-03-04 00:00:00,0.737844,0.738325,0.737749,0.738229,50
2024-03-04 01:00:00,0.738229,0.738341,0.738089,0.738200,50
2024-03-04 02:00:00,0.738200,0.738448,0.738078,0.738326,50
2024-03-04 03:00:00,0.738326,0.738421,0.738231,0.738326,50
2024-03-04 04:00:00,0.738326,0.738374,0.737821,0.737868,50
2024-03-04 05:00:00,0.737868,0.738467,0.737771,0.738370,50
2024-03-04 06:00:00,0.738370,0.738583,0.738287,0.738500,50
2024-03-04 07:00:00,0.738500,0.738745,0.738433,0.738678,50
2024-03-04 08:00:00,0.738678,0.738745,0.738504,0.738571,50
2024-03-04 09:00:00,0.738571,0.738698,0.738245,0.738371,50
2024-03-04 10:00:00,0.738371,0.738480,0.738191,0.738300,50
2024-03-04 11:00:00,0.738300,0.738320,0.738146,0.738166,50
2024-03-04 12:00:00,0.738166,0.738321,0.738067,0.738221,50
2024-03-04 13:00:00,0.738221,0.738309,0.737891,0.737979,50
2024-03-04 14:00:00,0.737979,0.738043,0.737660,0.737725,50
2024-03-04 15:00:00,0.737725,0.738207,0.737641,0.738123,50
2024-03-04 16:00:00,0.738123,0.738159,0.737547,0.737583,50
2024-03-04 17:00:00,0.737583,0.737699,0.737494,0.737610,50
2024-03-04 18:00:00,0.737610,0.737719,0.737271,0.737380,50
2024-03-04 19:00:00,0.737380,0.737489,0.736960,0.737069,50
2024-03-04 20:00:00,0.737069,0.737176,0.736634,0.736741,50
2024-03-04 21:00:00,0.736741,0.736868,0.736416,0.736543,50
2024-03-04 22:00:00,0.736543,0.736574,0.736435,0.736466,50
2024-03-04 23:00:00,0.736466,0.737320,0.736446,0.737300,50
2024-03-05 00:00:00,0.737300,0.737668,0.737210,0.737577,50
2024-03-05 01:00:00,0.737577,0.737892,0.737517,0.737831,50
2024-03-05 02:00:00,0.737831,0.737845,0.737584,0.737597,50
2024-03-05 03:00:00,0.737597,0.737785,0.737500,0.737689,50
2024-03-05 04:00:00,0.737689,0.737798,0.737305,0.737414,50
2024-03-05 05:00:00,0.737414,0.738032,0.737352,0.737970,50
2024-03-05 06:00:00,0.737970,0.738083,0.737332,0.737445,50
2024-03-05 07:00:00,0.737445,0.737653,0.737402,0.737610,50
2024-03-05 08:00:00,0.737610,0.737660,0.737424,0.737474,50
2024-03-05 09:00:00,0.737474,0.737496,0.737256,0.737278,50
2024-03-05 10:00:00,0.737278,0.737404,0.736659,0.736786,50
2024-03-05 11:00:00,0.736786,0.737063,0.736705,0.736983,50
2024-03-05 12:00:00,0.736983,0.737009,0.736582,0.736609,50
2024-03-05 13:00:00,0.736609,0.736653,0.736304,0.736349,50
2024-03-05 14:00:00,0.736349,0.736407,0.735838,0.735896,50
2024-03-05 15:00:00,0.735896,0.735903,0.735753,0.735761,50
2024-03-05 16:00:00,0.735761,0.736555,0.735698,0.736491,50
2024-03-05 17:00:00,0.736491,0.736558,0.735855,0.735922,50
2024-03-05 18:00:00,0.735922,0.736552,0.735790,0.736420,50
2024-03-05 19:00:00,0.736420,0.736797,0.736373,0.736750,50
2024-03-05 20:00:00,0.736750,0.736869,0.736733,0.736852,50
2024-03-05 21:00:00,0.736852,0.736966,0.736207,0.736320,50
2024-03-05 22:00:00,0.736320,0.736539,0.736296,0.736516,50
2024-03-05 23:00:00,0.736516,0.736591,0.736356,0.736431,50
2024-03-06 00:00:00,0.736431,0.737134,0.736314,0.737016,50
2024-03-06 01:00:00,0.737016,0.737170,0.736183,0.736336,50
2024-03-06 02:00:00,0.736336,0.736641,0.735363,0.735668,50
2024-03-06 03:00:00,0.735668,0.736411,0.735486,0.736230,50
2024-03-06 04:00:00,0.736230,0.736415,0.736164,0.736350,50
2024-03-06 05:00:00,0.736350,0.737927,0.736272,0.737850,50
2024-03-06 06:00:00,0.737850,0.737938,0.737824,0.737912,50
2024-03-06 07:00:00,0.737912,0.738127,0.736903,0.737118,50
2024-03-06 08:00:00,0.737118,0.737399,0.736716,0.736997,50
2024-03-06 09:00:00,0.736997,0.737015,0.736945,0.736962,50
2024-03-06 10:00:00,0.736962,0.737274,0.736231,0.736543,50
2024-03-06 11:00:00,0.736543,0.738103,0.736306,0.737866,50
2024-03-06 12:00:00,0.737866,0.738197,0.737804,0.738135,50
2024-03-06 13:00:00,0.738135,0.738316,0.737492,0.737673,50
2024-03-06 14:00:00,0.737673,0.737686,0.737063,0.737075,50
2024-03-06 15:00:00,0.737075,0.737132,0.736345,0.736401,50
2024-03-06 16:00:00,0.736401,0.737208,0.736154,0.736961,50
2024-03-06 17:00:00,0.736961,0.738029,0.736825,0.737893,50
2024-03-06 18:00:00,0.737893,0.738496,0.737727,0.738329,50
2024-03-06 19:00:00,0.738329,0.739196,0.738126,0.738992,50
2024-03-06 20:00:00,0.738992,0.739984,0.738736,0.739728,50
2024-03-06 21:00:00,0.739728,0.739935,0.739718,0.739925,50
2024-03-06 22:00:00,0.739925,0.740238,0.739686,0.739999,50
2024-03-06 23:00:00,0.739999,0.740344,0.739903,0.740247,50
2024-03-07 00:00:00,0.740247,0.740820,0.740067,0.740640,50
2024-03-07 01:00:00,0.740640,0.741310,0.740521,0.741191,50
2024-03-07 02:00:00,0.741191,0.741302,0.740945,0.741055,50
2024-03-07 03:00:00,0.741055,0.741186,0.740619,0.740750,50
2024-03-07 04:00:00,0.740750,0.740915,0.740474,0.740639,50
2024-03-07 05:00:00,0.740639,0.740990,0.740447,0.740798,50
2024-03-07 06:00:00,0.740798,0.740953,0.739620,0.739774,50
2024-03-07 07:00:00,0.739774,0.739932,0.739703,0.739860,50
2024-03-07 08:00:00,0.739860,0.739873,0.739784,0.739797,50
2024-03-07 09:00:00,0.739797,0.739918,0.739676,0.739797,50
2024-03-07 10:00:00,0.739797,0.740534,0.739702,0.740439,50
2024-03-07 11:00:00,0.740439,0.740476,0.740148,0.740185,50
2024-03-07 12:00:00,0.740185,0.740402,0.740022,0.740239,50
2024-03-07 13:00:00,0.740239,0.740427,0.739986,0.740173,50
2024-03-07 14:00:00,0.740173,0.740373,0.740156,0.740355,50
2024-03-07 15:00:00,0.740355,0.740543,0.740250,0.740438,50
2024-03-07 16:00:00,0.740438,0.741248,0.740307,0.741117,50
2024-03-07 17:00:00,0.741117,0.741210,0.740854,0.740947,50
2024-03-07 18:00:00,0.740947,0.741266,0.740902,0.741221,50
2024-03-07 19:00:00,0.741221,0.741323,0.741058,0.741160,50
2024-03-07 20:00:00,0.741160,0.741294,0.741070,0.741204,50
2024-03-07 21:00:00,0.741204,0.741734,0.741166,0.741697,50
2024-03-07 22:00:00,0.741697,0.742762,0.741588,0.742653,50
2024-03-07 23:00:00,0.742653,0.742657,0.742607,0.742611,50
2024-03-08 00:00:00,0.742611,0.743524,0.742478,0.743390,50
2024-03-08 01:00:00,0.743390,0.743575,0.743383,0.743568,50
2024-03-08 02:00:00,0.743568,0.743663,0.743461,0.743556,50
2024-03-08 03:00:00,0.743556,0.743621,0.743087,0.743152,50
2024-03-08 04:00:00,0.743152,0.743230,0.742876,0.742953,50
2024-03-08 05:00:00,0.742953,0.743044,0.742663,0.742754,50
2024-03-08 06:00:00,0.742754,0.742842,0.742331,0.742419,50
2024-03-08 07:00:00,0.742419,0.742432,0.742359,0.742372,50
2024-03-08 08:00:00,0.742372,0.742596,0.742314,0.742538,50
2024-03-08 09:00:00,0.742538,0.742550,0.742534,0.742546,50
2024-03-08 10:00:00,0.742546,0.742571,0.742474,0.742499,50
2024-03-08 11:00:00,0.742499,0.742853,0.742403,0.742757,50
2024-03-08 12:00:00,0.742757,0.742889,0.742594,0.742726,50
2024-03-08 13:00:00,0.742726,0.743222,0.742657,0.743153,50
2024-03-08 14:00:00,0.743153,0.743226,0.742893,0.742965,50
2024-03-08 15:00:00,0.742965,0.743006,0.742690,0.742730,50
2024-03-08 16:00:00,0.742730,0.742820,0.742598,0.742688,50
2024-03-08 17:00:00,0.742688,0.742710,0.742282,0.742305,50
2024-03-08 18:00:00,0.742305,0.742398,0.741869,0.741962,50
2024-03-08 19:00:00,0.741962,0.742225,0.741900,0.742162,50
2024-03-08 20:00:00,0.742162,0.742276,0.741340,0.741454,50
2024-03-08 21:00:00,0.741454,0.741606,0.741385,0.741536,50
2024-03-08 22:00:00,0.741536,0.741601,0.741377,0.741442,50
2024-03-08 23:00:00,0.741442,0.742609,0.741334,0.742501,50
2024-03-11 00:00:00,0.742501,0.743218,0.742428,0.743145,50
2024-03-11 01:00:00,0.743145,0.743183,0.742791,0.742829,50
2024-03-11 02:00:00,0.742829,0.742852,0.742472,0.742495,50
2024-03-11 03:00:00,0.742495,0.742853,0.742375,0.742733,50
2024-03-11 04:00:00,0.742733,0.742773,0.742255,0.742296,50
2024-03-11 05:00:00,0.742296,0.742402,0.741577,0.741683,50
2024-03-11 06:00:00,0.741683,0.741737,0.741634,0.741687,50
2024-03-11 07:00:00,0.741687,0.741779,0.741425,0.741517,50
2024-03-11 08:00:00,0.741517,0.741629,0.741040,0.741152,50
2024-03-11 09:00:00,0.741152,0.741277,0.740796,0.740921,50
2024-03-11 10:00:00,0.740921,0.741256,0.740895,0.741230,50
2024-03-11 11:00:00,0.741230,0.741255,0.741138,0.741163,50
2024-03-11 12:00:00,0.741163,0.741299,0.741068,0.741204,50
2024-03-11 13:00:00,0.741204,0.741796,0.741073,0.741665,50
2024-03-11 14:00:00,0.741665,0.741672,0.741589,0.741596,50
2024-03-11 15:00:00,0.741596,0.741946,0.741508,0.741858,50
2024-03-11 16:00:00,0.741858,0.742460,0.741729,0.742331,50
2024-03-11 17:00:00,0.742331,0.742401,0.741857,0.741927,50
2024-03-11 18:00:00,0.741927,0.741976,0.741544,0.741593,50
2024-03-11 19:00:00,0.741593,0.741633,0.741592,0.741632,50
2024-03-11 20:00:00,0.741632,0.741688,0.741170,0.741226,50
2024-03-11 21:00:00,0.741226,0.741416,0.741126,0.741316,50
2024-03-11 22:00:00,0.741316,0.741368,0.740869,0.740920,50
2024-03-11 23:00:00,0.740920,0.741599,0.740886,0.741565,50
2024-03-12 00:00:00,0.741565,0.741601,0.740813,0.740849,50
2024-03-12 01:00:00,0.740849,0.741418,0.740827,0.741397,50
2024-03-12 02:00:00,0.741397,0.741642,0.741339,0.741584,50
2024-03-12 03:00:00,0.741584,0.741710,0.741073,0.741199,50
2024-03-12 04:00:00,0.741199,0.741227,0.740722,0.740750,50
2024-03-12 05:00:00,0.740750,0.740836,0.740667,0.740753,50
2024-03-12 06:00:00,0.740753,0.741222,0.740648,0.741117,50
2024-03-12 07:00:00,0.741117,0.741156,0.740977,0.741016,50
2024-03-12 08:00:00,0.741016,0.741474,0.740940,0.741397,50
2024-03-12 09:00:00,0.741397,0.741520,0.741197,0.741319,50
2024-03-12 10:00:00,0.741319,0.741424,0.741270,0.741375,50
2024-03-12 11:00:00,0.741375,0.742295,0.741244,0.742164,50
2024-03-12 12:00:00,0.742164,0.742296,0.741489,0.741621,50
2024-03-12 13:00:00,0.741621,0.742334,0.741598,0.742312,50
2024-03-12 14:00:00,0.742312,0.742339,0.741423,0.741450,50
2024-03-12 15:00:00,0.741450,0.741862,0.741326,0.741739,50
2024-03-12 16:00:00,0.741739,0.742422,0.741718,0.742401,50
2024-03-12 17:00:00,0.742401,0.742422,0.741396,0.741416,50
2024-03-12 18:00:00,0.741416,0.741655,0.741408,0.741646,50
2024-03-12 19:00:00,0.741646,0.741720,0.741546,0.741620,50
2024-03-12 20:00:00,0.741620,0.741652,0.741023,0.741056,50
2024-03-12 21:00:00,0.741056,0.741118,0.740878,0.740941,50
2024-03-12 22:00:00,0.740941,0.740992,0.740741,0.740793,50
2024-03-12 23:00:00,0.740793,0.741130,0.740678,0.741015,50
2024-03-13 00:00:00,0.741015,0.741146,0.740520,0.740650,50
2024-03-13 01:00:00,0.740650,0.740730,0.740519,0.740599,50
2024-03-13 02:00:00,0.740599,0.741012,0.740542,0.740955,50
2024-03-13 03:00:00,0.740955,0.741218,0.740842,0.741105,50
2024-03-13 04:00:00,0.741105,0.741495,0.741018,0.741408,50
2024-03-13 05:00:00,0.741408,0.741888,0.741291,0.741771,50
2024-03-13 06:00:00,0.741771,0.741809,0.741635,0.741674,50
2024-03-13 07:00:00,0.741674,0.741731,0.741635,0.741693,50
2024-03-13 08:00:00,0.741693,0.741739,0.741585,0.741631,50
2024-03-13 09:00:00,0.741631,0.741957,0.741532,0.741858,50
2024-03-13 10:00:00,0.741858,0.741981,0.741813,0.741936,50
2024-03-13 11:00:00,0.741936,0.742049,0.741860,0.741972,50
2024-03-13 12:00:00,0.741972,0.742154,0.741840,0.742022,50
2024-03-13 13:00:00,0.742022,0.742261,0.741892,0.742131,50
2024-03-13 14:00:00,0.742131,0.742146,0.741961,0.741976,50
2024-03-13 15:00:00,0.741976,0.742100,0.741942,0.742066,50
2024-03-13 16:00:00,0.742066,0.742174,0.742057,0.742165,50
2024-03-13 17:00:00,0.742165,0.742348,0.742056,0.742239,50
2024-03-13 18:00:00,0.742239,0.742402,0.742192,0.742354,50
2024-03-13 19:00:00,0.742354,0.742591,0.742248,0.742484,50
2024-03-13 20:00:00,0.742484,0.742732,0.742359,0.742606,50
2024-03-13 21:00:00,0.742606,0.742702,0.742417,0.742513,50
2024-03-13 22:00:00,0.742513,0.742674,0.742468,0.742629,50
2024-03-13 23:00:00,0.742629,0.742727,0.742293,0.742390,50
2024-03-14 00:00:00,0.742390,0.742770,0.742212,0.742591,50
2024-03-14 01:00:00,0.742591,0.742953,0.742534,0.742896,50
2024-03-14 02:00:00,0.742896,0.743038,0.742642,0.742784,50
2024-03-14 03:00:00,0.742784,0.742976,0.741870,0.742062,50
2024-03-14 04:00:00,0.742062,0.742178,0.741736,0.741852,50
2024-03-14 05:00:00,0.741852,0.742117,0.741734,0.741999,50
2024-03-14 06:00:00,0.741999,0.742100,0.741423,0.741524,50
2024-03-14 07:00:00,0.741524,0.741529,0.741273,0.741278,50
2024-03-14 08:00:00,0.741278,0.741441,0.740699,0.740861,50
2024-03-14 09:00:00,0.740861,0.741065,0.739835,0.740038,50
2024-03-14 10:00:00,0.740038,0.740565,0.739872,0.740399,50
2024-03-14 11:00:00,0.740399,0.740403,0.740313,0.740316,50
2024-03-14 12:00:00,0.740316,0.740420,0.740029,0.740132,50
2024-03-14 13:00:00,0.740132,0.740745,0.739937,0.740550,50
2024-03-14 14:00:00,0.740550,0.740688,0.739901,0.740038,50
2024-03-14 15:00:00,0.740038,0.740909,0.739925,0.740796,50
2024-03-14 16:00:00,0.740796,0.740983,0.739928,0.740116,50
2024-03-14 17:00:00,0.740116,0.740745,0.740108,0.740737,50
2024-03-14 18:00:00,0.740737,0.742116,0.740624,0.742003,50
2024-03-14 19:00:00,0.742003,0.742175,0.740300,0.740472,50
2024-03-14 20:00:00,0.740472,0.740611,0.739930,0.740069,50
2024-03-14 21:00:00,0.740069,0.740355,0.739943,0.740229,50
2024-03-14 22:00:00,0.740229,0.740335,0.739775,0.739882,50
2024-03-14 23:00:00,0.739882,0.739904,0.739841,0.739864,50
2024-03-15 00:00:00,0.739864,0.740647,0.739769,0.740552,50
2024-03-15 01:00:00,0.740552,0.740665,0.740278,0.740391,50
2024-03-15 02:00:00,0.740391,0.740413,0.739831,0.739854,50
2024-03-15 03:00:00,0.739854,0.739932,0.739410,0.739489,50
2024-03-15 04:00:00,0.739489,0.739585,0.739407,0.739504,50
2024-03-15 05:00:00,0.739504,0.739522,0.739502,0.739521,50
2024-03-15 06:00:00,0.739521,0.739646,0.739490,0.739615,50
2024-03-15 07:00:00,0.739615,0.739629,0.739348,0.739362,50
2024-03-15 08:00:00,0.739362,0.739648,0.739291,0.739577,50
2024-03-15 09:00:00,0.739577,0.739999,0.739488,0.739910,50
2024-03-15 10:00:00,0.739910,0.739972,0.739507,0.739568,50
2024-03-15 11:00:00,0.739568,0.739667,0.738848,0.738947,50
2024-03-15 12:00:00,0.738947,0.739199,0.738868,0.739120,50
2024-03-15 13:00:00,0.739120,0.739224,0.738268,0.738372,50
2024-03-15 14:00:00,0.738372,0.738697,0.738338,0.738663,50
2024-03-15 15:00:00,0.738663,0.738789,0.738500,0.738626,50
2024-03-15 16:00:00,0.738626,0.738862,0.738613,0.738850,50
2024-03-15 17:00:00,0.738850,0.739026,0.738801,0.738977,50
2024-03-15 18:00:00,0.738977,0.739152,0.738972,0.739147,50
2024-03-15 19:00:00,0.739147,0.739701,0.739078,0.739632,50
2024-03-15 20:00:00,0.739632,0.739706,0.739602,0.739675,50
2024-03-15 21:00:00,0.739675,0.740027,0.739602,0.739953,50
2024-03-15 22:00:00,0.739953,0.740421,0.739848,0.740316,50
2024-03-15 23:00:00,0.740316,0.740413,0.739001,0.739098,50
2024-03-18 00:00:00,0.739098,0.739634,0.738976,0.739512,50
2024-03-18 01:00:00,0.739512,0.739512,0.738855,0.738855,50
2024-03-18 02:00:00,0.738855,0.739037,0.738768,0.738950,50
2024-03-18 03:00:00,0.738950,0.739037,0.738709,0.738795,50
2024-03-18 04:00:00,0.738795,0.739571,0.738672,0.739447,50
2024-03-18 05:00:00,0.739447,0.739716,0.739425,0.739694,50
2024-03-18 06:00:00,0.739694,0.739694,0.738575,0.738576,50
2024-03-18 07:00:00,0.738576,0.738638,0.737656,0.737718,50
2024-03-18 08:00:00,0.737718,0.738499,0.737624,0.738406,50
2024-03-18 09:00:00,0.738406,0.738529,0.737716,0.737840,50
2024-03-18 10:00:00,0.737840,0.738416,0.737814,0.738390,50
2024-03-18 11:00:00,0.738390,0.738820,0.738315,0.738745,50
2024-03-18 12:00:00,0.738745,0.738798,0.738456,0.738510,50
2024-03-18 13:00:00,0.738510,0.739630,0.738499,0.739619,50
2024-03-18 14:00:00,0.739619,0.739660,0.739408,0.739449,50
2024-03-18 15:00:00,0.739449,0.740024,0.739340,0.739915,50
2024-03-18 16:00:00,0.739915,0.739997,0.739311,0.739392,50
2024-03-18 17:00:00,0.739392,0.739569,0.739290,0.739467,50
2024-03-18 18:00:00,0.739467,0.739570,0.739235,0.739338,50
2024-03-18 19:00:00,0.739338,0.739874,0.739293,0.739829,50
2024-03-18 20:00:00,0.739829,0.739886,0.739135,0.739192,50
2024-03-18 21:00:00,0.739192,0.739311,0.738790,0.738909,50
2024-03-18 22:00:00,0.738909,0.738964,0.738413,0.738467,50
2024-03-18 23:00:00,0.738467,0.738597,0.738422,0.738552,50
2024-03-19 00:00:00,0.738552,0.738674,0.736799,0.736920,50
2024-03-19 01:00:00,0.736920,0.737062,0.736057,0.736199,50
2024-03-19 02:00:00,0.736199,0.736279,0.736097,0.736176,50
2024-03-19 03:00:00,0.736176,0.737107,0.736092,0.737022,50
2024-03-19 04:00:00,0.737022,0.737150,0.735945,0.736072,50
2024-03-19 05:00:00,0.736072,0.736494,0.735975,0.736397,50
2024-03-19 06:00:00,0.736397,0.736746,0.736311,0.736660,50
2024-03-19 07:00:00,0.736660,0.737340,0.736656,0.737337,50
2024-03-19 08:00:00,0.737337,0.737445,0.736160,0.736269,50
2024-03-19 09:00:00,0.736269,0.736913,0.736187,0.736831,50
2024-03-19 10:00:00,0.736831,0.736998,0.736051,0.736219,50
2024-03-19 11:00:00,0.736219,0.736691,0.736154,0.736627,50
2024-03-19 12:00:00,0.736627,0.736769,0.735962,0.736104,50
2024-03-19 13:00:00,0.736104,0.736539,0.736067,0.736502,50
2024-03-19 14:00:00,0.736502,0.736631,0.736151,0.736280,50
2024-03-19 15:00:00,0.736280,0.739045,0.736201,0.738966,50
2024-03-19 16:00:00,0.738966,0.739022,0.738777,0.738833,50
2024-03-19 17:00:00,0.738833,0.738975,0.738198,0.738341,50
2024-03-19 18:00:00,0.738341,0.738817,0.738300,0.738777,50
2024-03-19 19:00:00,0.738777,0.738852,0.737840,0.737915,50
2024-03-19 20:00:00,0.737915,0.737954,0.737740,0.737778,50
2024-03-19 21:00:00,0.737778,0.737896,0.736766,0.736883,50
2024-03-19 22:00:00,0.736883,0.737410,0.736835,0.737361,50
2024-03-19 23:00:00,0.737361,0.737445,0.736402,0.736485,50
2024-03-20 00:00:00,0.736485,0.736561,0.735967,0.736043,50
2024-03-20 01:00:00,0.736043,0.736606,0.736000,0.736564,50
2024-03-20 02:00:00,0.736564,0.737071,0.736553,0.737061,50
2024-03-20 03:00:00,0.737061,0.737284,0.737044,0.737267,50
2024-03-20 04:00:00,0.737267,0.737393,0.737103,0.737229,50
2024-03-20 05:00:00,0.737229,0.737543,0.737214,0.737529,50
2024-03-20 06:00:00,0.737529,0.737703,0.737398,0.737572,50
2024-03-20 07:00:00,0.737572,0.737946,0.737443,0.737816,50
2024-03-20 08:00:00,0.737816,0.737816,0.737692,0.737692,50
2024-03-20 09:00:00,0.737692,0.737853,0.737601,0.737762,50
2024-03-20 10:00:00,0.737762,0.737969,0.737762,0.737969,50
2024-03-20 11:00:00,0.737969,0.738044,0.737951,0.738026,50
2024-03-20 12:00:00,0.738026,0.738137,0.737794,0.737906,50
2024-03-20 13:00:00,0.737906,0.738010,0.737814,0.737918,50
2024-03-20 14:00:00,0.737918,0.738021,0.737573,0.737676,50
2024-03-20 15:00:00,0.737676,0.737772,0.737653,0.737749,50
2024-03-20 16:00:00,0.737749,0.737885,0.737719,0.737856,50
2024-03-20 17:00:00,0.737856,0.737934,0.737770,0.737848,50
2024-03-20 18:00:00,0.737848,0.737894,0.737827,0.737872,50
2024-03-20 19:00:00,0.737872,0.738006,0.737841,0.737974,50
2024-03-20 20:00:00,0.737974,0.737997,0.737873,0.737895,50
2024-03-20 21:00:00,0.737895,0.737938,0.737509,0.737551,50
2024-03-20 22:00:00,0.737551,0.737650,0.737005,0.737104,50
2024-03-20 23:00:00,0.737104,0.737457,0.737001,0.737354,50
2024-03-21 00:00:00,0.737354,0.737395,0.737258,0.737299,50
2024-03-21 01:00:00,0.737299,0.737418,0.737000,0.737119,50
2024-03-21 02:00:00,0.737119,0.737162,0.736911,0.736954,50
2024-03-21 03:00:00,0.736954,0.737148,0.736895,0.737088,50
2024-03-21 04:00:00,0.737088,0.737218,0.736999,0.737129,50
2024-03-21 05:00:00,0.737129,0.737299,0.737062,0.737231,50
2024-03-21 06:00:00,0.737231,0.737511,0.737181,0.737462,50
2024-03-21 07:00:00,0.737462,0.737791,0.737427,0.737757,50
2024-03-21 08:00:00,0.737757,0.737810,0.737746,0.737799,50
2024-03-21 09:00:00,0.737799,0.738068,0.737794,0.738062,50
2024-03-21 10:00:00,0.738062,0.738194,0.737987,0.738119,50
2024-03-21 11:00:00,0.738119,0.738176,0.737926,0.737983,50
2024-03-21 12:00:00,0.737983,0.738059,0.737585,0.737662,50
2024-03-21 13:00:00,0.737662,0.737783,0.737482,0.737603,50
2024-03-21 14:00:00,0.737603,0.737794,0.737472,0.737663,50
2024-03-21 15:00:00,0.737663,0.737819,0.737580,0.737736,50
2024-03-21 16:00:00,0.737736,0.737799,0.737531,0.737594,50
2024-03-21 17:00:00,0.737594,0.737676,0.737577,0.737660,50
2024-03-21 18:00:00,0.737660,0.737897,0.737645,0.737882,50
2024-03-21 19:00:00,0.737882,0.738672,0.737754,0.738544,50
2024-03-21 20:00:00,0.738544,0.739019,0.738423,0.738898,50
2024-03-21 21:00:00,0.738898,0.739300,0.738769,0.739171,50
2024-03-21 22:00:00,0.739171,0.739199,0.738584,0.738612,50
2024-03-21 23:00:00,0.738612,0.738858,0.738525,0.738771,50
2024-03-22 00:00:00,0.738771,0.739076,0.738589,0.738894,50
2024-03-22 01:00:00,0.738894,0.739502,0.738793,0.739401,50
2024-03-22 02:00:00,0.739401,0.739539,0.737918,0.738055,50
2024-03-22 03:00:00,0.738055,0.738277,0.737057,0.737279,50
2024-03-22 04:00:00,0.737279,0.737464,0.736869,0.737053,50
2024-03-22 05:00:00,0.737053,0.737832,0.737045,0.737824,50
2024-03-22 06:00:00,0.737824,0.738393,0.737589,0.738158,50
2024-03-22 07:00:00,0.738158,0.738384,0.737981,0.738207,50
2024-03-22 08:00:00,0.738207,0.738984,0.738026,0.738803,50
2024-03-22 09:00:00,0.738803,0.739009,0.737108,0.737314,50
2024-03-22 10:00:00,0.737314,0.738673,0.737288,0.738647,50
2024-03-22 11:00:00,0.738647,0.738964,0.738612,0.738929,50
2024-03-22 12:00:00,0.738929,0.739311,0.738735,0.739117,50
2024-03-22 13:00:00,0.739117,0.739117,0.738914,0.738915,50
2024-03-22 14:00:00,0.738915,0.739344,0.738786,0.739216,50
2024-03-22 15:00:00,0.739216,0.739435,0.738681,0.738900,50
2024-03-22 16:00:00,0.738900,0.739070,0.737645,0.737815,50
2024-03-22 17:00:00,0.737815,0.737997,0.737039,0.737221,50
2024-03-22 18:00:00,0.737221,0.737297,0.736778,0.736855,50
2024-03-22 19:00:00,0.736855,0.737023,0.736029,0.736198,50
2024-03-22 20:00:00,0.736198,0.736724,0.736191,0.736717,50
2024-03-22 21:00:00,0.736717,0.738113,0.736589,0.737984,50
2024-03-22 22:00:00,0.737984,0.738079,0.736924,0.737019,50
2024-03-22 23:00:00,0.737019,0.737251,0.735387,0.735619,50
2024-03-25 00:00:00,0.735619,0.735916,0.735495,0.735792,50
2024-03-25 01:00:00,0.735792,0.735818,0.735568,0.735595,50
2024-03-25 02:00:00,0.735595,0.735826,0.735538,0.735769,50
2024-03-25 03:00:00,0.735769,0.735809,0.735628,0.735668,50
2024-03-25 04:00:00,0.735668,0.735822,0.735586,0.735739,50
2024-03-25 05:00:00,0.735739,0.736017,0.735719,0.735997,50
2024-03-25 06:00:00,0.735997,0.736228,0.735925,0.736156,50
2024-03-25 07:00:00,0.736156,0.736201,0.736002,0.736047,50
2024-03-25 08:00:00,0.736047,0.736169,0.736004,0.736125,50
2024-03-25 09:00:00,0.736125,0.736146,0.735946,0.735967,50
2024-03-25 10:00:00,0.735967,0.736656,0.735881,0.736570,50
2024-03-25 11:00:00,0.736570,0.737144,0.736556,0.737130,50
2024-03-25 12:00:00,0.737130,0.737186,0.736500,0.736556,50
2024-03-25 13:00:00,0.736556,0.736735,0.736541,0.736719,50
2024-03-25 14:00:00,0.736719,0.736959,0.736696,0.736936,50
2024-03-25 15:00:00,0.736936,0.736985,0.736469,0.736519,50
2024-03-25 16:00:00,0.736519,0.736625,0.734814,0.734920,50
2024-03-25 17:00:00,0.734920,0.735131,0.734895,0.735106,50
2024-03-25 18:00:00,0.735106,0.735457,0.735018,0.735369,50
2024-03-25 19:00:00,0.735369,0.735854,0.735255,0.735739,50
2024-03-25 20:00:00,0.735739,0.736077,0.735710,0.736048,50
2024-03-25 21:00:00,0.736048,0.736992,0.736036,0.736980,50
2024-03-25 22:00:00,0.736980,0.737065,0.736915,0.737000,50
2024-03-25 23:00:00,0.737000,0.737103,0.736328,0.736431,50
2024-03-26 00:00:00,0.736431,0.736471,0.736237,0.736277,50
2024-03-26 01:00:00,0.736277,0.736388,0.736031,0.736142,50
2024-03-26 02:00:00,0.736142,0.736281,0.736071,0.736210,50
2024-03-26 03:00:00,0.736210,0.736238,0.735690,0.735718,50
2024-03-26 04:00:00,0.735718,0.736669,0.735652,0.736603,50
2024-03-26 05:00:00,0.736603,0.736628,0.735883,0.735908,50
2024-03-26 06:00:00,0.735908,0.735993,0.735795,0.735880,50
2024-03-26 07:00:00,0.735880,0.735945,0.735560,0.735624,50
2024-03-26 08:00:00,0.735624,0.736185,0.735599,0.736159,50
2024-03-26 09:00:00,0.736159,0.737080,0.736156,0.737076,50
2024-03-26 10:00:00,0.737076,0.737146,0.736656,0.736726,50
2024-03-26 11:00:00,0.736726,0.736804,0.736340,0.736418,50
2024-03-26 12:00:00,0.736418,0.736457,0.736018,0.736058,50
2024-03-26 13:00:00,0.736058,0.736101,0.735793,0.735836,50
2024-03-26 14:00:00,0.735836,0.736510,0.735767,0.736440,50
2024-03-26 15:00:00,0.736440,0.736562,0.736420,0.736541,50
2024-03-26 16:00:00,0.736541,0.736961,0.736498,0.736918,50
2024-03-26 17:00:00,0.736918,0.737139,0.736867,0.737089,50
2024-03-26 18:00:00,0.737089,0.737591,0.737061,0.737563,50
2024-03-26 19:00:00,0.737563,0.737627,0.736778,0.736842,50
2024-03-26 20:00:00,0.736842,0.737939,0.736739,0.737835,50
2024-03-26 21:00:00,0.737835,0.737947,0.736822,0.736933,50
2024-03-26 22:00:00,0.736933,0.737422,0.736899,0.737389,50
2024-03-26 23:00:00,0.737389,0.737417,0.736999,0.737028,50
2024-03-27 00:00:00,0.737028,0.737661,0.736951,0.737584,50
2024-03-27 01:00:00,0.737584,0.737589,0.737065,0.737070,50
2024-03-27 02:00:00,0.737070,0.737075,0.736754,0.736759,50
2024-03-27 03:00:00,0.736759,0.736887,0.736373,0.736502,50
2024-03-27 04:00:00,0.736502,0.736649,0.736379,0.736526,50
2024-03-27 05:00:00,0.736526,0.737174,0.736494,0.737142,50
2024-03-27 06:00:00,0.737142,0.737662,0.737125,0.737644,50
2024-03-27 07:00:00,0.737644,0.737648,0.737535,0.737539,50
2024-03-27 08:00:00,0.737539,0.737554,0.737067,0.737082,50
2024-03-27 09:00:00,0.737082,0.737102,0.736543,0.736563,50
2024-03-27 10:00:00,0.736563,0.736676,0.736114,0.736227,50
2024-03-27 11:00:00,0.736227,0.737118,0.736160,0.737051,50
2024-03-27 12:00:00,0.737051,0.737128,0.736947,0.737024,50
2024-03-27 13:00:00,0.737024,0.737448,0.737008,0.737432,50
2024-03-27 14:00:00,0.737432,0.737528,0.737076,0.737172,50
2024-03-27 15:00:00,0.737172,0.737276,0.736903,0.737007,50
2024-03-27 16:00:00,0.737007,0.737062,0.736492,0.736546,50
2024-03-27 17:00:00,0.736546,0.736904,0.736490,0.736847,50
2024-03-27 18:00:00,0.736847,0.737015,0.736796,0.736963,50
2024-03-27 19:00:00,0.736963,0.737084,0.736877,0.736998,50
2024-03-27 20:00:00,0.736998,0.737014,0.735879,0.735896,50
2024-03-27 21:00:00,0.735896,0.735897,0.735434,0.735436,50
2024-03-27 22:00:00,0.735436,0.735713,0.735411,0.735689,50
2024-03-27 23:00:00,0.735689,0.736111,0.735630,0.736052,50
2024-03-28 00:00:00,0.736052,0.737121,0.735903,0.736972,50
2024-03-28 01:00:00,0.736972,0.737037,0.735916,0.735982,50
2024-03-28 02:00:00,0.735982,0.736207,0.735318,0.735544,50
2024-03-28 03:00:00,0.735544,0.735734,0.735252,0.735443,50
2024-03-28 04:00:00,0.735443,0.736402,0.735398,0.736358,50
2024-03-28 05:00:00,0.736358,0.736937,0.736311,0.736889,50
2024-03-28 06:00:00,0.736889,0.737132,0.735865,0.736108,50
2024-03-28 07:00:00,0.736108,0.736830,0.735866,0.736589,50
2024-03-28 08:00:00,0.736589,0.737161,0.736563,0.737135,50
2024-03-28 09:00:00,0.737135,0.738024,0.736921,0.737811,50
2024-03-28 10:00:00,0.737811,0.737835,0.737542,0.737566,50
2024-03-28 11:00:00,0.737566,0.738009,0.737406,0.737849,50
2024-03-28 12:00:00,0.737849,0.738245,0.737604,0.738000,50
2024-03-28 13:00:00,0.738000,0.738001,0.737648,0.737648,50
2024-03-28 14:00:00,0.737648,0.737788,0.736728,0.736868,50
2024-03-28 15:00:00,0.736868,0.737140,0.736794,0.737066,50
2024-03-28 16:00:00,0.737066,0.737834,0.736969,0.737736,50
2024-03-28 17:00:00,0.737736,0.738610,0.737652,0.738525,50
2024-03-28 18:00:00,0.738525,0.739137,0.738491,0.739102,50
2024-03-28 19:00:00,0.739102,0.739190,0.738899,0.738987,50
2024-03-28 20:00:00,0.738987,0.739324,0.738947,0.739283,50
2024-03-28 21:00:00,0.739283,0.739880,0.739111,0.739708,50
2024-03-28 22:00:00,0.739708,0.739798,0.738081,0.738171,50
2024-03-28 23:00:00,0.738171,0.739266,0.738004,0.739098,50
2024-03-29 00:00:00,0.739098,0.739537,0.739039,0.739477,50
2024-03-29 01:00:00,0.739477,0.739771,0.739347,0.739641,50
2024-03-29 02:00:00,0.739641,0.739664,0.738913,0.738935,50
2024-03-29 03:00:00,0.738935,0.739312,0.738929,0.739305,50
2024-03-29 04:00:00,0.739305,0.739426,0.739066,0.739187,50
2024-03-29 05:00:00,0.739187,0.739286,0.738839,0.738938,50
2024-03-29 06:00:00,0.738938,0.739535,0.738881,0.739478,50
2024-03-29 07:00:00,0.739478,0.739653,0.739398,0.739573,50
2024-03-29 08:00:00,0.739573,0.739664,0.739191,0.739282,50
2024-03-29 09:00:00,0.739282,0.739413,0.738388,0.738518,50
2024-03-29 10:00:00,0.738518,0.738789,0.738438,0.738709,50
2024-03-29 11:00:00,0.738709,0.739395,0.738695,0.739382,50
2024-03-29 12:00:00,0.739382,0.739463,0.739247,0.739329,50
2024-03-29 13:00:00,0.739329,0.740003,0.739259,0.739933,50
2024-03-29 14:00:00,0.739933,0.739972,0.739268,0.739307,50
2024-03-29 15:00:00,0.739307,0.739436,0.739197,0.739327,50
2024-03-29 16:00:00,0.739327,0.739418,0.739022,0.739113,50
2024-03-29 17:00:00,0.739113,0.739133,0.739095,0.739115,50
2024-03-29 18:00:00,0.739115,0.739143,0.738690,0.738718,50
2024-03-29 19:00:00,0.738718,0.738851,0.738076,0.738208,50
2024-03-29 20:00:00,0.738208,0.738237,0.738091,0.738120,50
2024-03-29 21:00:00,0.738120,0.738194,0.737643,0.737718,50
2024-03-29 22:00:00,0.737718,0.738532,0.737607,0.738421,50
2024-03-29 23:00:00,0.738421,0.738646,0.738327,0.738552,50
2024-04-01 00:00:00,0.738552,0.738611,0.738121,0.738180,50
2024-04-01 01:00:00,0.738180,0.738275,0.737011,0.737107,50
2024-04-01 02:00:00,0.737107,0.737185,0.737064,0.737142,50
2024-04-01 03:00:00,0.737142,0.737283,0.736568,0.736710,50
2024-04-01 04:00:00,0.736710,0.736994,0.736607,0.736891,50
2024-04-01 05:00:00,0.736891,0.737555,0.736717,0.737381,50
2024-04-01 06:00:00,0.737381,0.737404,0.736850,0.736873,50
2024-04-01 07:00:00,0.736873,0.737445,0.736735,0.737308,50
2024-04-01 08:00:00,0.737308,0.738213,0.737281,0.738187,50
2024-04-01 09:00:00,0.738187,0.738354,0.738186,0.738353,50
2024-04-01 10:00:00,0.738353,0.738986,0.738290,0.738923,50
2024-04-01 11:00:00,0.738923,0.739068,0.738832,0.738977,50
2024-04-01 12:00:00,0.738977,0.739131,0.738467,0.738622,50
2024-04-01 13:00:00,0.738622,0.738757,0.738238,0.738373,50
2024-04-01 14:00:00,0.738373,0.738459,0.737627,0.737713,50
2024-04-01 15:00:00,0.737713,0.738447,0.737542,0.738276,50
2024-04-01 16:00:00,0.738276,0.738340,0.737903,0.737967,50
2024-04-01 17:00:00,0.737967,0.738137,0.737595,0.737765,50
2024-04-01 18:00:00,0.737765,0.737796,0.737137,0.737167,50
2024-04-01 19:00:00,0.737167,0.737240,0.736279,0.736351,50
2024-04-01 20:00:00,0.736351,0.736467,0.736341,0.736456,50
2024-04-01 21:00:00,0.736456,0.736536,0.735928,0.736007,50
2024-04-01 22:00:00,0.736007,0.736371,0.735936,0.736299,50
2024-04-01 23:00:00,0.736299,0.736461,0.736270,0.736431,50
2024-04-02 00:00:00,0.736431,0.736545,0.735672,0.735786,50
2024-04-02 01:00:00,0.735786,0.735897,0.735774,0.735886,50
2024-04-02 02:00:00,0.735886,0.736123,0.735780,0.736017,50
2024-04-02 03:00:00,0.736017,0.736144,0.736015,0.736142,50
2024-04-02 04:00:00,0.736142,0.736185,0.736045,0.736088,50
2024-04-02 05:00:00,0.736088,0.736167,0.735884,0.735963,50
2024-04-02 06:00:00,0.735963,0.736124,0.735951,0.736111,50
2024-04-02 07:00:00,0.736111,0.736448,0.736007,0.736344,50
2024-04-02 08:00:00,0.736344,0.736509,0.736273,0.736437,50
2024-04-02 09:00:00,0.736437,0.736617,0.736391,0.736570,50
2024-04-02 10:00:00,0.736570,0.736953,0.736512,0.736894,50
2024-04-02 11:00:00,0.736894,0.737104,0.736840,0.737049,50
2024-04-02 12:00:00,0.737049,0.737113,0.737047,0.737111,50
2024-04-02 13:00:00,0.737111,0.737219,0.737099,0.737207,50
2024-04-02 14:00:00,0.737207,0.737376,0.737078,0.737247,50
2024-04-02 15:00:00,0.737247,0.737404,0.737140,0.737296,50
2024-04-02 16:00:00,0.737296,0.737418,0.737193,0.737314,50
2024-04-02 17:00:00,0.737314,0.737417,0.737269,0.737371,50
2024-04-02 18:00:00,0.737371,0.737411,0.737333,0.737373,50
2024-04-02 19:00:00,0.737373,0.737576,0.737318,0.737521,50
2024-04-02 20:00:00,0.737521,0.737841,0.737461,0.737781,50
2024-04-02 21:00:00,0.737781,0.737870,0.737586,0.737675,50
2024-04-02 22:00:00,0.737675,0.737716,0.737532,0.737574,50
2024-04-02 23:00:00,0.737574,0.737696,0.736797,0.736920,50
2024-04-03 00:00:00,0.736920,0.738692,0.736724,0.738496,50
2024-04-03 01:00:00,0.738496,0.738714,0.737975,0.738192,50
2024-04-03 02:00:00,0.738192,0.738305,0.737886,0.737999,50
2024-04-03 03:00:00,0.737999,0.738148,0.737994,0.738142,50
2024-04-03 04:00:00,0.738142,0.738215,0.736313,0.736386,50
2024-04-03 05:00:00,0.736386,0.739377,0.736317,0.739309,50
2024-04-03 06:00:00,0.739309,0.739373,0.738256,0.738321,50
2024-04-03 07:00:00,0.738321,0.738444,0.738178,0.738301,50
2024-04-03 08:00:00,0.738301,0.738326,0.737626,0.737651,50
2024-04-03 09:00:00,0.737651,0.738852,0.737509,0.738710,50
2024-04-03 10:00:00,0.738710,0.738890,0.737781,0.737961,50
2024-04-03 11:00:00,0.737961,0.739500,0.737946,0.739485,50
2024-04-03 12:00:00,0.739485,0.739684,0.738453,0.738652,50
2024-04-03 13:00:00,0.738652,0.738724,0.738436,0.738508,50
2024-04-03 14:00:00,0.738508,0.739763,0.738490,0.739745,50
2024-04-03 15:00:00,0.739745,0.739863,0.739257,0.739376,50
2024-04-03 16:00:00,0.739376,0.739955,0.739172,0.739752,50
2024-04-03 17:00:00,0.739752,0.739788,0.737237,0.737273,50
2024-04-03 18:00:00,0.737273,0.738010,0.737061,0.737797,50
2024-04-03 19:00:00,0.737797,0.737846,0.737277,0.737326,50
2024-04-03 20:00:00,0.737326,0.737639,0.737160,0.737473,50
2024-04-03 21:00:00,0.737473,0.737488,0.736936,0.736951,50
2024-04-03 22:00:00,0.736951,0.737189,0.736934,0.737171,50
2024-04-03 23:00:00,0.737171,0.739811,0.736951,0.739590,50
2024-04-04 00:00:00,0.739590,0.740676,0.739536,0.740622,50
2024-04-04 01:00:00,0.740622,0.740991,0.740587,0.740956,50
2024-04-04 02:00:00,0.740956,0.740963,0.740131,0.740138,50
2024-04-04 03:00:00,0.740138,0.740215,0.739862,0.739939,50
2024-04-04 04:00:00,0.739939,0.740004,0.739478,0.739544,50
2024-04-04 05:00:00,0.739544,0.739674,0.739116,0.739246,50
2024-04-04 06:00:00,0.739246,0.739551,0.739153,0.739459,50
2024-04-04 07:00:00,0.739459,0.739732,0.739384,0.739658,50
2024-04-04 08:00:00,0.739658,0.739732,0.739265,0.739339,50
2024-04-04 09:00:00,0.739339,0.739479,0.739268,0.739407,50
2024-04-04 10:00:00,0.739407,0.740251,0.739338,0.740182,50
2024-04-04 11:00:00,0.740182,0.740235,0.739430,0.739484,50
2024-04-04 12:00:00,0.739484,0.739575,0.739406,0.739498,50
2024-04-04 13:00:00,0.739498,0.739966,0.739407,0.739875,50
2024-04-04 14:00:00,0.739875,0.739915,0.739650,0.739690,50
2024-04-04 15:00:00,0.739690,0.740309,0.739590,0.740208,50
2024-04-04 16:00:00,0.740208,0.741495,0.740183,0.741469,50
2024-04-04 17:00:00,0.741469,0.741480,0.741316,0.741326,50
2024-04-04 18:00:00,0.741326,0.741438,0.741183,0.741295,50
2024-04-04 19:00:00,0.741295,0.741366,0.740812,0.740883,50
2024-04-04 20:00:00,0.740883,0.740950,0.740540,0.740606,50
2024-04-04 21:00:00,0.740606,0.740658,0.740237,0.740289,50
2024-04-04 22:00:00,0.740289,0.741102,0.740212,0.741026,50
2024-04-04 23:00:00,0.741026,0.741235,0.740916,0.741125,50
2024-04-05 00:00:00,0.741125,0.742111,0.741089,0.742075,50
2024-04-05 01:00:00,0.742075,0.742420,0.738576,0.738922,50
2024-04-05 02:00:00,0.738922,0.741350,0.738524,0.740952,50
2024-04-05 03:00:00,0.740952,0.741045,0.739444,0.739537,50
2024-04-05 04:00:00,0.739537,0.739715,0.739377,0.739555,50
2024-04-05 05:00:00,0.739555,0.740184,0.739183,0.739812,50
2024-04-05 06:00:00,0.739812,0.740003,0.738498,0.738689,50
2024-04-05 07:00:00,0.738689,0.739284,0.738608,0.739204,50
2024-04-05 08:00:00,0.739204,0.740998,0.738905,0.740699,50
2024-04-05 09:00:00,0.740699,0.740801,0.738468,0.738570,50
2024-04-05 10:00:00,0.738570,0.740262,0.738429,0.740121,50
2024-04-05 11:00:00,0.740121,0.740372,0.738410,0.738660,50
2024-04-05 12:00:00,0.738660,0.739057,0.736526,0.736923,50
2024-04-05 13:00:00,0.736923,0.737067,0.736091,0.736234,50
2024-04-05 14:00:00,0.736234,0.736401,0.735720,0.735887,50
2024-04-05 15:00:00,0.735887,0.736772,0.735496,0.736380,50
2024-04-05 16:00:00,0.736380,0.738214,0.736167,0.738001,50
2024-04-05 17:00:00,0.738001,0.738059,0.737944,0.738002,50
2024-04-05 18:00:00,0.738002,0.738227,0.736308,0.736533,50
2024-04-05 19:00:00,0.736533,0.737223,0.736508,0.737199,50
2024-04-05 20:00:00,0.737199,0.737211,0.736413,0.736426,50
2024-04-05 21:00:00,0.736426,0.736687,0.735166,0.735427,50
2024-04-05 22:00:00,0.735427,0.736993,0.735280,0.736846,50
2024-04-05 23:00:00,0.736846,0.737048,0.736175,0.736377,50
2024-04-08 00:00:00,0.736377,0.736499,0.735758,0.735880,50
2024-04-08 01:00:00,0.735880,0.736443,0.735845,0.736408,50
2024-04-08 02:00:00,0.736408,0.736583,0.736301,0.736475,50
2024-04-08 03:00:00,0.736475,0.736523,0.735899,0.735947,50
2024-04-08 04:00:00,0.735947,0.735996,0.735734,0.735784,50
2024-04-08 05:00:00,0.735784,0.736727,0.735713,0.736656,50
2024-04-08 06:00:00,0.736656,0.736758,0.736437,0.736539,50
2024-04-08 07:00:00,0.736539,0.737159,0.736451,0.737072,50
2024-04-08 08:00:00,0.737072,0.737185,0.736111,0.736224,50
2024-04-08 09:00:00,0.736224,0.736346,0.735651,0.735772,50
2024-04-08 10:00:00,0.735772,0.737010,0.735662,0.736900,50
2024-04-08 11:00:00,0.736900,0.737103,0.736773,0.736976,50
2024-04-08 12:00:00,0.736976,0.737023,0.736678,0.736726,50
2024-04-08 13:00:00,0.736726,0.736793,0.736184,0.736250,50
2024-04-08 14:00:00,0.736250,0.736378,0.735980,0.736108,50
2024-04-08 15:00:00,0.736108,0.736606,0.736093,0.736591,50
2024-04-08 16:00:00,0.736591,0.736603,0.736294,0.736307,50
2024-04-08 17:00:00,0.736307,0.737000,0.736191,0.736884,50
2024-04-08 18:00:00,0.736884,0.737368,0.736757,0.737241,50
2024-04-08 19:00:00,0.737241,0.737470,0.737171,0.737400,50
2024-04-08 20:00:00,0.737400,0.737472,0.736562,0.736633,50
2024-04-08 21:00:00,0.736633,0.736635,0.736320,0.736322,50
2024-04-08 22:00:00,0.736322,0.736442,0.735869,0.735989,50
2024-04-08 23:00:00,0.735989,0.736332,0.735872,0.736214,50
2024-04-09 00:00:00,0.736214,0.736344,0.736085,0.736214,50
2024-04-09 01:00:00,0.736214,0.736307,0.736122,0.736214,50
2024-04-09 02:00:00,0.736214,0.736300,0.736129,0.736214,50
2024-04-09 03:00:00,0.736214,0.736320,0.736109,0.736214,50
2024-04-09 04:00:00,0.736214,0.736263,0.736166,0.736214,50
2024-04-09 05:00:00,0.736214,0.736232,0.736196,0.736214,50
2024-04-09 06:00:00,0.736214,0.736262,0.736167,0.736214,50
2024-04-09 07:00:00,0.736214,0.736275,0.736153,0.736214,50
2024-04-09 08:00:00,0.736214,0.736303,0.736125,0.736214,50
2024-04-09 09:00:00,0.736214,0.736274,0.736155,0.736214,50
2024-04-09 10:00:00,0.736214,0.736252,0.736177,0.736214,50
2024-04-09 11:00:00,0.736214,0.736322,0.736107,0.736214,50
2024-04-09 12:00:00,0.736214,0.736304,0.736124,0.736214,50
2024-04-09 13:00:00,0.736214,0.736284,0.736145,0.736214,50
2024-04-09 14:00:00,0.736214,0.736258,0.736170,0.736214,50
2024-04-09 15:00:00,0.736214,0.736257,0.736172,0.736214,50
2024-04-09 16:00:00,0.736214,0.736224,0.736204,0.736214,50
2024-04-09 17:00:00,0.736214,0.736283,0.736146,0.736214,50
2024-04-09 18:00:00,0.736214,0.736259,0.736170,0.736214,50
2024-04-09 19:00:00,0.736214,0.736275,0.736154,0.736214,50
2024-04-09 20:00:00,0.736214,0.736260,0.736168,0.736214,50
2024-04-09 21:00:00,0.736214,0.736315,0.736113,0.736214,50
2024-04-09 22:00:00,0.736214,0.736245,0.736184,0.736214,50
2024-04-09 23:00:00,0.736214,0.736246,0.736183,0.736214,50
2024-04-10 00:00:00,0.736214,0.736236,0.732553,0.732575,50
2024-04-10 01:00:00,0.732575,0.732704,0.729308,0.729437,50
2024-04-10 02:00:00,0.729437,0.729744,0.729166,0.729472,50
2024-04-10 03:00:00,0.729472,0.730821,0.729353,0.730703,50
2024-04-10 04:00:00,0.730703,0.733352,0.730628,0.733277,50
2024-04-10 05:00:00,0.733277,0.734156,0.732894,0.733773,50
2024-04-10 06:00:00,0.733773,0.736401,0.733345,0.735972,50
2024-04-10 07:00:00,0.735972,0.736349,0.735085,0.735462,50
2024-04-10 08:00:00,0.735462,0.735830,0.735120,0.735488,50
2024-04-10 09:00:00,0.735488,0.737371,0.735396,0.737278,50
2024-04-10 10:00:00,0.737278,0.737294,0.735947,0.735963,50
2024-04-10 11:00:00,0.735963,0.736742,0.735704,0.736483,50
2024-04-10 12:00:00,0.736483,0.737263,0.736328,0.737108,50
2024-04-10 13:00:00,0.737108,0.737338,0.736213,0.736443,50
2024-04-10 14:00:00,0.736443,0.737393,0.736394,0.737344,50
2024-04-10 15:00:00,0.737344,0.737709,0.734377,0.734742,50
2024-04-10 16:00:00,0.734742,0.735005,0.734247,0.734510,50
2024-04-10 17:00:00,0.734510,0.734689,0.733400,0.733579,50
2024-04-10 18:00:00,0.733579,0.735937,0.733320,0.735678,50
2024-04-10 19:00:00,0.735678,0.735944,0.733278,0.733544,50
2024-04-10 20:00:00,0.733544,0.734142,0.733504,0.734102,50
2024-04-10 21:00:00,0.734102,0.734326,0.731786,0.732009,50
2024-04-10 22:00:00,0.732009,0.732269,0.731778,0.732038,50
2024-04-10 23:00:00,0.732038,0.732267,0.730338,0.730567,50
2024-04-11 00:00:00,0.730567,0.730651,0.729969,0.730053,50
2024-04-11 01:00:00,0.730053,0.730102,0.729844,0.729893,50
2024-04-11 02:00:00,0.729893,0.730027,0.729764,0.729897,50
2024-04-11 03:00:00,0.729897,0.730208,0.729770,0.730081,50
2024-04-11 04:00:00,0.730081,0.730198,0.729790,0.729907,50
2024-04-11 05:00:00,0.729907,0.729995,0.729350,0.729437,50
2024-04-11 06:00:00,0.729437,0.729721,0.729325,0.729609,50
2024-04-11 07:00:00,0.729609,0.729668,0.729226,0.729285,50
2024-04-11 08:00:00,0.729285,0.729409,0.729112,0.729236,50
2024-04-11 09:00:00,0.729236,0.730342,0.729156,0.730262,50
2024-04-11 10:00:00,0.730262,0.731279,0.730192,0.731208,50
2024-04-11 11:00:00,0.731208,0.731336,0.730862,0.730991,50
2024-04-11 12:00:00,0.730991,0.731081,0.730092,0.730182,50
2024-04-11 13:00:00,0.730182,0.730305,0.729665,0.729787,50
2024-04-11 14:00:00,0.729787,0.730328,0.729736,0.730277,50
2024-04-11 15:00:00,0.730277,0.730325,0.729664,0.729712,50
2024-04-11 16:00:00,0.729712,0.729828,0.729618,0.729734,50
2024-04-11 17:00:00,0.729734,0.729823,0.729132,0.729221,50
2024-04-11 18:00:00,0.729221,0.729289,0.728975,0.729042,50
2024-04-11 19:00:00,0.729042,0.729056,0.729005,0.729019,50
2024-04-11 20:00:00,0.729019,0.729530,0.728948,0.729459,50
2024-04-11 21:00:00,0.729459,0.730099,0.729351,0.729990,50
2024-04-11 22:00:00,0.729990,0.730071,0.729688,0.729769,50
2024-04-11 23:00:00,0.729769,0.729797,0.729633,0.729661,50
2024-04-12 00:00:00,0.729661,0.729713,0.729263,0.729316,50
2024-04-12 01:00:00,0.729316,0.729897,0.729314,0.729896,50
2024-04-12 02:00:00,0.729896,0.730070,0.729765,0.729938,50
2024-04-12 03:00:00,0.729938,0.729951,0.729708,0.729720,50
2024-04-12 04:00:00,0.729720,0.730206,0.729716,0.730202,50
2024-04-12 05:00:00,0.730202,0.730268,0.729641,0.729708,50
2024-04-12 06:00:00,0.729708,0.729845,0.729261,0.729399,50
2024-04-12 07:00:00,0.729399,0.729611,0.729170,0.729382,50
2024-04-12 08:00:00,0.729382,0.729523,0.728568,0.728709,50
2024-04-12 09:00:00,0.728709,0.728805,0.728667,0.728762,50
2024-04-12 10:00:00,0.728762,0.729275,0.728643,0.729155,50
2024-04-12 11:00:00,0.729155,0.729298,0.728689,0.728832,50
2024-04-12 12:00:00,0.728832,0.728937,0.728025,0.728130,50
2024-04-12 13:00:00,0.728130,0.728291,0.727263,0.727424,50
2024-04-12 14:00:00,0.727424,0.727525,0.727207,0.727308,50
2024-04-12 15:00:00,0.727308,0.727689,0.727248,0.727628,50
2024-04-12 16:00:00,0.727628,0.727682,0.727319,0.727373,50
2024-04-12 17:00:00,0.727373,0.727550,0.727220,0.727398,50
2024-04-12 18:00:00,0.727398,0.727637,0.727361,0.727600,50
2024-04-12 19:00:00,0.727600,0.727751,0.727010,0.727161,50
2024-04-12 20:00:00,0.727161,0.727376,0.726585,0.726801,50
2024-04-12 21:00:00,0.726801,0.727216,0.726721,0.727137,50
2024-04-12 22:00:00,0.727137,0.727358,0.726924,0.727146,50
2024-04-12 23:00:00,0.727146,0.727364,0.726737,0.726956,50
2024-04-15 00:00:00,0.726956,0.727255,0.726904,0.727203,50
2024-04-15 01:00:00,0.727203,0.727258,0.726822,0.726876,50
2024-04-15 02:00:00,0.726876,0.727579,0.726869,0.727571,50
2024-04-15 03:00:00,0.727571,0.727587,0.727266,0.727283,50
2024-04-15 04:00:00,0.727283,0.727352,0.727265,0.727334,50
2024-04-15 05:00:00,0.727334,0.727428,0.726717,0.726811,50
2024-04-15 06:00:00,0.726811,0.726932,0.726098,0.726218,50
2024-04-15 07:00:00,0.726218,0.726323,0.726207,0.726311,50
2024-04-15 08:00:00,0.726311,0.726363,0.725945,0.725997,50
2024-04-15 09:00:00,0.725997,0.726395,0.725892,0.726290,50
2024-04-15 10:00:00,0.726290,0.726635,0.726267,0.726612,50
2024-04-15 11:00:00,0.726612,0.727252,0.726575,0.727215,50
2024-04-15 12:00:00,0.727215,0.727280,0.726900,0.726965,50
2024-04-15 13:00:00,0.726965,0.727340,0.726951,0.727326,50
2024-04-15 14:00:00,0.727326,0.727352,0.726885,0.726911,50
2024-04-15 15:00:00,0.726911,0.726966,0.726612,0.726667,50
2024-04-15 16:00:00,0.726667,0.726732,0.726665,0.726730,50
2024-04-15 17:00:00,0.726730,0.726737,0.726525,0.726532,50
2024-04-15 18:00:00,0.726532,0.726959,0.726413,0.726839,50
2024-04-15 19:00:00,0.726839,0.726947,0.726714,0.726823,50
2024-04-15 20:00:00,0.726823,0.727015,0.726703,0.726895,50
2024-04-15 21:00:00,0.726895,0.727355,0.726817,0.727276,50
2024-04-15 22:00:00,0.727276,0.728059,0.727245,0.728029,50
2024-04-15 23:00:00,0.728029,0.728128,0.727121,0.727220,50
2024-04-16 00:00:00,0.727220,0.727505,0.726340,0.726625,50
2024-04-16 01:00:00,0.726625,0.726871,0.725215,0.725462,50
2024-04-16 02:00:00,0.725462,0.725675,0.724772,0.724986,50
2024-04-16 03:00:00,0.724986,0.725128,0.724931,0.725072,50
2024-04-16 04:00:00,0.725072,0.725294,0.724013,0.724235,50
2024-04-16 05:00:00,0.724235,0.724247,0.724111,0.724123,50
2024-04-16 06:00:00,0.724123,0.724278,0.723984,0.724139,50
2024-04-16 07:00:00,0.724139,0.724447,0.723864,0.724172,50
2024-04-16 08:00:00,0.724172,0.724443,0.723587,0.723857,50
2024-04-16 09:00:00,0.723857,0.724638,0.723671,0.724452,50
2024-04-16 10:00:00,0.724452,0.724616,0.723293,0.723457,50
2024-04-16 11:00:00,0.723457,0.723482,0.722587,0.722612,50
2024-04-16 12:00:00,0.722612,0.723604,0.722414,0.723406,50
2024-04-16 13:00:00,0.723406,0.723812,0.723299,0.723704,50
2024-04-16 14:00:00,0.723704,0.724605,0.723608,0.724509,50
2024-04-16 15:00:00,0.724509,0.725075,0.724433,0.724998,50
2024-04-16 16:00:00,0.724998,0.725918,0.724715,0.725635,50
2024-04-16 17:00:00,0.725635,0.727175,0.725434,0.726974,50
2024-04-16 18:00:00,0.726974,0.727209,0.726921,0.727155,50
2024-04-16 19:00:00,0.727155,0.727292,0.726517,0.726654,50
2024-04-16 20:00:00,0.726654,0.728025,0.726525,0.727897,50
2024-04-16 21:00:00,0.727897,0.728178,0.727626,0.727907,50
2024-04-16 22:00:00,0.727907,0.728050,0.727845,0.727988,50
2024-04-16 23:00:00,0.727988,0.727991,0.723376,0.723380,50
2024-04-17 00:00:00,0.723380,0.723836,0.723319,0.723776,50
2024-04-17 01:00:00,0.723776,0.723901,0.723423,0.723548,50
2024-04-17 02:00:00,0.723548,0.723580,0.723313,0.723345,50
2024-04-17 03:00:00,0.723345,0.723485,0.723251,0.723391,50
2024-04-17 04:00:00,0.723391,0.723403,0.722946,0.722959,50
2024-04-17 05:00:00,0.722959,0.723755,0.722903,0.723698,50
2024-04-17 06:00:00,0.723698,0.724282,0.723577,0.724160,50
2024-04-17 07:00:00,0.724160,0.724244,0.724017,0.724101,50
2024-04-17 08:00:00,0.724101,0.724155,0.723873,0.723927,50
2024-04-17 09:00:00,0.723927,0.724298,0.723824,0.724194,50
2024-04-17 10:00:00,0.724194,0.724443,0.724084,0.724333,50
2024-04-17 11:00:00,0.724333,0.724426,0.724272,0.724365,50
2024-04-17 12:00:00,0.724365,0.724755,0.724344,0.724733,50
2024-04-17 13:00:00,0.724733,0.724837,0.723005,0.723109,50
2024-04-17 14:00:00,0.723109,0.723115,0.722811,0.722817,50
2024-04-17 15:00:00,0.722817,0.722933,0.722718,0.722833,50
2024-04-17 16:00:00,0.722833,0.723348,0.722830,0.723345,50
2024-04-17 17:00:00,0.723345,0.723716,0.723233,0.723605,50
2024-04-17 18:00:00,0.723605,0.723827,0.723519,0.723741,50
2024-04-17 19:00:00,0.723741,0.723867,0.723320,0.723446,50
2024-04-17 20:00:00,0.723446,0.724683,0.723332,0.724569,50
2024-04-17 21:00:00,0.724569,0.724772,0.724560,0.724763,50
2024-04-17 22:00:00,0.724763,0.724855,0.724408,0.724500,50
2024-04-17 23:00:00,0.724500,0.724575,0.724352,0.724428,50
2024-04-18 00:00:00,0.724428,0.724860,0.724391,0.724823,50
2024-04-18 01:00:00,0.724823,0.724997,0.724769,0.724943,50
2024-04-18 02:00:00,0.724943,0.725059,0.724735,0.724852,50
2024-04-18 03:00:00,0.724852,0.724963,0.724455,0.724566,50
2024-04-18 04:00:00,0.724566,0.724696,0.724336,0.724466,50
2024-04-18 05:00:00,0.724466,0.724610,0.723767,0.723912,50
2024-04-18 06:00:00,0.723912,0.725450,0.723819,0.725358,50
2024-04-18 07:00:00,0.725358,0.725792,0.725159,0.725594,50
2024-04-18 08:00:00,0.725594,0.725717,0.725532,0.725655,50
2024-04-18 09:00:00,0.725655,0.726247,0.725544,0.726136,50
2024-04-18 10:00:00,0.726136,0.726999,0.725939,0.726802,50
2024-04-18 11:00:00,0.726802,0.727419,0.726633,0.727250,50
2024-04-18 12:00:00,0.727250,0.727459,0.725648,0.725858,50
2024-04-18 13:00:00,0.725858,0.726298,0.725656,0.726096,50
2024-04-18 14:00:00,0.726096,0.726539,0.726030,0.726472,50
2024-04-18 15:00:00,0.726472,0.726479,0.726263,0.726269,50
2024-04-18 16:00:00,0.726269,0.726813,0.726254,0.726798,50
2024-04-18 17:00:00,0.726798,0.726934,0.726539,0.726676,50
2024-04-18 18:00:00,0.726676,0.726757,0.725906,0.725987,50
2024-04-18 19:00:00,0.725987,0.726892,0.725841,0.726747,50
2024-04-18 20:00:00,0.726747,0.727667,0.726604,0.727524,50
2024-04-18 21:00:00,0.727524,0.727618,0.726516,0.726609,50
2024-04-18 22:00:00,0.726609,0.726762,0.725666,0.725819,50
2024-04-18 23:00:00,0.725819,0.727174,0.725653,0.727008,50
2024-04-19 00:00:00,0.727008,0.727123,0.726507,0.726622,50
2024-04-19 01:00:00,0.726622,0.726677,0.726480,0.726536,50
2024-04-19 02:00:00,0.726536,0.726659,0.726335,0.726458,50
2024-04-19 03:00:00,0.726458,0.727034,0.726415,0.726990,50
2024-04-19 04:00:00,0.726990,0.727022,0.726229,0.726261,50
2024-04-19 05:00:00,0.726261,0.726769,0.726181,0.726690,50
2024-04-19 06:00:00,0.726690,0.726808,0.726549,0.726668,50
2024-04-19 07:00:00,0.726668,0.727880,0.726590,0.727802,50
2024-04-19 08:00:00,0.727802,0.727850,0.727176,0.727225,50
2024-04-19 09:00:00,0.727225,0.727390,0.727138,0.727303,50
2024-04-19 10:00:00,0.727303,0.728051,0.727282,0.728031,50
2024-04-19 11:00:00,0.728031,0.728051,0.727950,0.727970,50
2024-04-19 12:00:00,0.727970,0.728036,0.727735,0.727801,50
2024-04-19 13:00:00,0.727801,0.727932,0.727702,0.727833,50
2024-04-19 14:00:00,0.727833,0.727960,0.727609,0.727736,50
2024-04-19 15:00:00,0.727736,0.727745,0.727584,0.727593,50
2024-04-19 16:00:00,0.727593,0.727832,0.727555,0.727794,50
2024-04-19 17:00:00,0.727794,0.727798,0.726996,0.727001,50
2024-04-19 18:00:00,0.727001,0.727379,0.726931,0.727310,50
2024-04-19 19:00:00,0.727310,0.727547,0.727196,0.727433,50
2024-04-19 20:00:00,0.727433,0.727494,0.727104,0.727165,50
2024-04-19 21:00:00,0.727165,0.727847,0.727070,0.727752,50
2024-04-19 22:00:00,0.727752,0.728108,0.727677,0.728032,50
2024-04-19 23:00:00,0.728032,0.728063,0.727665,0.727696,50
2024-04-22 00:00:00,0.727696,0.727725,0.727131,0.727160,50
2024-04-22 01:00:00,0.727160,0.727305,0.727099,0.727245,50
2024-04-22 02:00:00,0.727245,0.727594,0.727130,0.727479,50
2024-04-22 03:00:00,0.727479,0.727584,0.727476,0.727580,50
2024-04-22 04:00:00,0.727580,0.727626,0.727414,0.727460,50
2024-04-22 05:00:00,0.727460,0.727765,0.727335,0.727641,50
2024-04-22 06:00:00,0.727641,0.727701,0.727589,0.727649,50
2024-04-22 07:00:00,0.727649,0.728114,0.727548,0.728013,50
2024-04-22 08:00:00,0.728013,0.728209,0.727940,0.728136,50
2024-04-22 09:00:00,0.728136,0.728315,0.728056,0.728236,50
2024-04-22 10:00:00,0.728236,0.728571,0.728213,0.728548,50
2024-04-22 11:00:00,0.728548,0.728627,0.728377,0.728456,50
2024-04-22 12:00:00,0.728456,0.728537,0.728389,0.728469,50
2024-04-22 13:00:00,0.728469,0.728553,0.728227,0.728310,50
2024-04-22 14:00:00,0.728310,0.728724,0.728244,0.728657,50
2024-04-22 15:00:00,0.728657,0.728796,0.728645,0.728784,50
2024-04-22 16:00:00,0.728784,0.728866,0.728321,0.728403,50
2024-04-22 17:00:00,0.728403,0.728721,0.728302,0.728620,50
2024-04-22 18:00:00,0.728620,0.728727,0.728172,0.728279,50
2024-04-22 19:00:00,0.728279,0.728602,0.728166,0.728489,50
2024-04-22 20:00:00,0.728489,0.728900,0.728380,0.728790,50
2024-04-22 21:00:00,0.728790,0.729175,0.728672,0.729057,50
2024-04-22 22:00:00,0.729057,0.729395,0.729008,0.729346,50
2024-04-22 23:00:00,0.729346,0.729472,0.728684,0.728810,50
2024-04-23 00:00:00,0.728810,0.731279,0.728717,0.731187,50
2024-04-23 01:00:00,0.731187,0.731297,0.730869,0.730979,50
2024-04-23 02:00:00,0.730979,0.731056,0.729668,0.729744,50
2024-04-23 03:00:00,0.729744,0.729920,0.729351,0.729527,50
2024-04-23 04:00:00,0.729527,0.729760,0.729381,0.729614,50
2024-04-23 05:00:00,0.729614,0.729722,0.729103,0.729212,50
2024-04-23 06:00:00,0.729212,0.730029,0.729173,0.729991,50
2024-04-23 07:00:00,0.729991,0.730216,0.729912,0.730137,50
2024-04-23 08:00:00,0.730137,0.730148,0.729678,0.729688,50
2024-04-23 09:00:00,0.729688,0.729882,0.729636,0.729830,50
2024-04-23 10:00:00,0.729830,0.729932,0.729644,0.729746,50
2024-04-23 11:00:00,0.729746,0.729801,0.728843,0.728898,50
2024-04-23 12:00:00,0.728898,0.728992,0.728236,0.728330,50
2024-04-23 13:00:00,0.728330,0.729785,0.728193,0.729648,50
2024-04-23 14:00:00,0.729648,0.731032,0.729503,0.730887,50
2024-04-23 15:00:00,0.730887,0.730980,0.730521,0.730614,50
2024-04-23 16:00:00,0.730614,0.730633,0.729792,0.729812,50
2024-04-23 17:00:00,0.729812,0.729921,0.729605,0.729714,50
2024-04-23 18:00:00,0.729714,0.730017,0.729614,0.729917,50
2024-04-23 19:00:00,0.729917,0.730888,0.729717,0.730688,50
2024-04-23 20:00:00,0.730688,0.730882,0.730197,0.730391,50
2024-04-23 21:00:00,0.730391,0.731556,0.730236,0.731400,50
2024-04-23 22:00:00,0.731400,0.731758,0.731330,0.731688,50
2024-04-23 23:00:00,0.731688,0.731747,0.731148,0.731208,50
2024-04-24 00:00:00,0.731208,0.731241,0.731040,0.731073,50
2024-04-24 01:00:00,0.731073,0.731138,0.730853,0.730917,50
2024-04-24 02:00:00,0.730917,0.730972,0.730651,0.730706,50
2024-04-24 03:00:00,0.730706,0.730817,0.729214,0.729325,50
2024-04-24 04:00:00,0.729325,0.730242,0.729138,0.730055,50
2024-04-24 05:00:00,0.730055,0.730159,0.728737,0.728840,50
2024-04-24 06:00:00,0.728840,0.730731,0.728771,0.730661,50
2024-04-24 07:00:00,0.730661,0.730732,0.730462,0.730532,50
2024-04-24 08:00:00,0.730532,0.730727,0.729968,0.730163,50
2024-04-24 09:00:00,0.730163,0.730287,0.729387,0.729512,50
2024-04-24 10:00:00,0.729512,0.729513,0.728588,0.728589,50
2024-04-24 11:00:00,0.728589,0.729552,0.728544,0.729508,50
2024-04-24 12:00:00,0.729508,0.729910,0.729331,0.729734,50
2024-04-24 13:00:00,0.729734,0.730352,0.729649,0.730266,50
2024-04-24 14:00:00,0.730266,0.730737,0.730151,0.730622,50
2024-04-24 15:00:00,0.730622,0.731179,0.730440,0.730996,50
2024-04-24 16:00:00,0.730996,0.731714,0.730970,0.731688,50
2024-04-24 17:00:00,0.731688,0.731761,0.730796,0.730869,50
2024-04-24 18:00:00,0.730869,0.730899,0.730379,0.730409,50
2024-04-24 19:00:00,0.730409,0.730682,0.730383,0.730656,50
2024-04-24 20:00:00,0.730656,0.730715,0.730369,0.730428,50
2024-04-24 21:00:00,0.730428,0.730516,0.729788,0.729876,50
2024-04-24 22:00:00,0.729876,0.729924,0.728282,0.728330,50
2024-04-24 23:00:00,0.728330,0.728845,0.728295,0.728810,50
2024-04-25 00:00:00,0.728810,0.729332,0.728743,0.729265,50
2024-04-25 01:00:00,0.729265,0.729331,0.729242,0.729308,50
2024-04-25 02:00:00,0.729308,0.729333,0.729045,0.729070,50
2024-04-25 03:00:00,0.729070,0.729173,0.728661,0.728764,50
2024-04-25 04:00:00,0.728764,0.728791,0.728463,0.728490,50
2024-04-25 05:00:00,0.728490,0.729825,0.728483,0.729817,50
2024-04-25 06:00:00,0.729817,0.729891,0.729812,0.729887,50
2024-04-25 07:00:00,0.729887,0.729937,0.729620,0.729670,50
2024-04-25 08:00:00,0.729670,0.729733,0.729387,0.729450,50
2024-04-25 09:00:00,0.729450,0.729953,0.729427,0.729930,50
2024-04-25 10:00:00,0.729930,0.730005,0.729584,0.729660,50
2024-04-25 11:00:00,0.729660,0.729720,0.729627,0.729687,50
2024-04-25 12:00:00,0.729687,0.729755,0.729075,0.729142,50
2024-04-25 13:00:00,0.729142,0.729509,0.729068,0.729435,50
2024-04-25 14:00:00,0.729435,0.729500,0.729340,0.729405,50
2024-04-25 15:00:00,0.729405,0.729489,0.729296,0.729380,50
2024-04-25 16:00:00,0.729380,0.729435,0.729355,0.729410,50
2024-04-25 17:00:00,0.729410,0.729977,0.729302,0.729869,50
2024-04-25 18:00:00,0.729869,0.730209,0.729823,0.730163,50
2024-04-25 19:00:00,0.730163,0.730315,0.730159,0.730311,50
2024-04-25 20:00:00,0.730311,0.730678,0.730214,0.730581,50
2024-04-25 21:00:00,0.730581,0.730824,0.730484,0.730726,50
2024-04-25 22:00:00,0.730726,0.730740,0.730335,0.730349,50
2024-04-25 23:00:00,0.730349,0.730461,0.730294,0.730407,50
2024-04-26 00:00:00,0.730407,0.730709,0.730327,0.730629,50
2024-04-26 01:00:00,0.730629,0.730892,0.730593,0.730856,50
2024-04-26 02:00:00,0.730856,0.730882,0.730731,0.730758,50
2024-04-26 03:00:00,0.730758,0.731324,0.730661,0.731227,50
2024-04-26 04:00:00,0.731227,0.731252,0.730528,0.730553,50
2024-04-26 05:00:00,0.730553,0.730969,0.730423,0.730840,50
2024-04-26 06:00:00,0.730840,0.731176,0.730724,0.731060,50
2024-04-26 07:00:00,0.731060,0.731119,0.730778,0.730837,50
2024-04-26 08:00:00,0.730837,0.730954,0.730455,0.730571,50
2024-04-26 09:00:00,0.730571,0.730662,0.730219,0.730310,50
2024-04-26 10:00:00,0.730310,0.730513,0.730279,0.730483,50
2024-04-26 11:00:00,0.730483,0.730564,0.730238,0.730319,50
2024-04-26 12:00:00,0.730319,0.730371,0.730059,0.730111,50
2024-04-26 13:00:00,0.730111,0.730147,0.729836,0.729871,50
2024-04-26 14:00:00,0.729871,0.729968,0.729560,0.729657,50
2024-04-26 15:00:00,0.729657,0.730078,0.729618,0.730039,50
2024-04-26 16:00:00,0.730039,0.730559,0.729924,0.730444,50
2024-04-26 17:00:00,0.730444,0.730755,0.730351,0.730662,50
2024-04-26 18:00:00,0.730662,0.731157,0.730601,0.731096,50
2024-04-26 19:00:00,0.731096,0.731710,0.730969,0.731582,50
2024-04-26 20:00:00,0.731582,0.731625,0.731308,0.731351,50
2024-04-26 21:00:00,0.731351,0.731616,0.731330,0.731595,50
2024-04-26 22:00:00,0.731595,0.731881,0.731565,0.731851,50
2024-04-26 23:00:00,0.731851,0.731968,0.730983,0.731101,50
2024-04-29 00:00:00,0.731101,0.731325,0.731087,0.731311,50
2024-04-29 01:00:00,0.731311,0.731325,0.731071,0.731084,50
2024-04-29 02:00:00,0.731084,0.731122,0.730865,0.730902,50
2024-04-29 03:00:00,0.730902,0.731064,0.730881,0.731043,50
2024-04-29 04:00:00,0.731043,0.731319,0.730928,0.731204,50
2024-04-29 05:00:00,0.731204,0.731237,0.731088,0.731121,50
2024-04-29 06:00:00,0.731121,0.731190,0.730709,0.730779,50
2024-04-29 07:00:00,0.730779,0.731141,0.730753,0.731115,50
2024-04-29 08:00:00,0.731115,0.731241,0.730836,0.730962,50
2024-04-29 09:00:00,0.730962,0.730998,0.730910,0.730946,50
2024-04-29 10:00:00,0.730946,0.731044,0.730875,0.730974,50
2024-04-29 11:00:00,0.730974,0.731587,0.730852,0.731465,50
2024-04-29 12:00:00,0.731465,0.731543,0.731292,0.731370,50
2024-04-29 13:00:00,0.731370,0.731503,0.731299,0.731431,50
2024-04-29 14:00:00,0.731431,0.731853,0.731419,0.731841,50
2024-04-29 15:00:00,0.731841,0.731951,0.731774,0.731885,50
2024-04-29 16:00:00,0.731885,0.731923,0.731653,0.731691,50
2024-04-29 17:00:00,0.731691,0.731835,0.731635,0.731779,50
2024-04-29 18:00:00,0.731779,0.732087,0.731698,0.732006,50
2024-04-29 19:00:00,0.732006,0.732437,0.731928,0.732358,50
2024-04-29 20:00:00,0.732358,0.732810,0.732274,0.732726,50
2024-04-29 21:00:00,0.732726,0.732992,0.732673,0.732939,50
2024-04-29 22:00:00,0.732939,0.733006,0.732889,0.732957,50
2024-04-29 23:00:00,0.732957,0.733084,0.732527,0.732654,50
2024-04-30 00:00:00,0.732654,0.732852,0.731288,0.731485,50
2024-04-30 01:00:00,0.731485,0.732284,0.731430,0.732229,50
2024-04-30 02:00:00,0.732229,0.733142,0.732027,0.732940,50
2024-04-30 03:00:00,0.732940,0.733207,0.732840,0.733107,50
2024-04-30 04:00:00,0.733107,0.733509,0.732545,0.732948,50
2024-04-30 05:00:00,0.732948,0.732995,0.732918,0.732965,50
2024-04-30 06:00:00,0.732965,0.733065,0.732437,0.732536,50
2024-04-30 07:00:00,0.732536,0.733213,0.732174,0.732851,50
2024-04-30 08:00:00,0.732851,0.733000,0.732502,0.732651,50
2024-04-30 09:00:00,0.732651,0.733729,0.732631,0.733710,50
2024-04-30 10:00:00,0.733710,0.733912,0.733411,0.733613,50
2024-04-30 11:00:00,0.733613,0.733837,0.732077,0.732300,50
2024-04-30 12:00:00,0.732300,0.733110,0.732140,0.732950,50
2024-04-30 13:00:00,0.732950,0.733284,0.730291,0.730625,50
2024-04-30 14:00:00,0.730625,0.731934,0.730384,0.731692,50
2024-04-30 15:00:00,0.731692,0.732094,0.729459,0.729860,50
2024-04-30 16:00:00,0.729860,0.730210,0.729063,0.729413,50
2024-04-30 17:00:00,0.729413,0.729730,0.728095,0.728412,50
2024-04-30 18:00:00,0.728412,0.728433,0.728257,0.728279,50
2024-04-30 19:00:00,0.728279,0.728407,0.728227,0.728356,50
2024-04-30 20:00:00,0.728356,0.728588,0.727803,0.728036,50
2024-04-30 21:00:00,0.728036,0.728280,0.727605,0.727850,50
2024-04-30 22:00:00,0.727850,0.727980,0.727345,0.727476,50
2024-04-30 23:00:00,0.727476,0.727771,0.727083,0.727379,50
2024-05-01 00:00:00,0.727379,0.727651,0.727363,0.727635,50
2024-05-01 01:00:00,0.727635,0.727746,0.727558,0.727668,50
2024-05-01 02:00:00,0.727668,0.727868,0.727594,0.727793,50
2024-05-01 03:00:00,0.727793,0.727818,0.727225,0.727249,50
2024-05-01 04:00:00,0.727249,0.727354,0.727233,0.727338,50
2024-05-01 05:00:00,0.727338,0.727580,0.727327,0.727569,50
2024-05-01 06:00:00,0.727569,0.727758,0.727463,0.727652,50
2024-05-01 07:00:00,0.727652,0.727686,0.727493,0.727526,50
2024-05-01 08:00:00,0.727526,0.727620,0.727413,0.727507,50
2024-05-01 09:00:00,0.727507,0.727614,0.727268,0.727375,50
2024-05-01 10:00:00,0.727375,0.727458,0.727300,0.727383,50
2024-05-01 11:00:00,0.727383,0.727815,0.727277,0.727709,50
2024-05-01 12:00:00,0.727709,0.727756,0.727485,0.727532,50
2024-05-01 13:00:00,0.727532,0.728156,0.727527,0.728151,50
2024-05-01 14:00:00,0.728151,0.728155,0.728028,0.728031,50
2024-05-01 15:00:00,0.728031,0.728047,0.727407,0.727423,50
2024-05-01 16:00:00,0.727423,0.727466,0.727406,0.727449,50
2024-05-01 17:00:00,0.727449,0.727580,0.727146,0.727276,50
2024-05-01 18:00:00,0.727276,0.727285,0.726890,0.726899,50
2024-05-01 19:00:00,0.726899,0.727004,0.726842,0.726947,50
2024-05-01 20:00:00,0.726947,0.726952,0.726801,0.726807,50
2024-05-01 21:00:00,0.726807,0.726858,0.726770,0.726821,50
2024-05-01 22:00:00,0.726821,0.726877,0.725926,0.725982,50
2024-05-01 23:00:00,0.725982,0.726861,0.725865,0.726744,50
2024-05-02 00:00:00,0.726744,0.727283,0.726670,0.727209,50
2024-05-02 01:00:00,0.727209,0.727447,0.726480,0.726718,50
2024-05-02 02:00:00,0.726718,0.726753,0.726030,0.726065,50
2024-05-02 03:00:00,0.726065,0.727097,0.725788,0.726820,50
2024-05-02 04:00:00,0.726820,0.726992,0.726744,0.726916,50
2024-05-02 05:00:00,0.726916,0.727380,0.726655,0.727119,50
2024-05-02 06:00:00,0.727119,0.727294,0.726986,0.727161,50
2024-05-02 07:00:00,0.727161,0.727918,0.726921,0.727678,50
2024-05-02 08:00:00,0.727678,0.727686,0.726851,0.726860,50
2024-05-02 09:00:00,0.726860,0.727333,0.726801,0.727273,50
2024-05-02 10:00:00,0.727273,0.727432,0.726976,0.727135,50
2024-05-02 11:00:00,0.727135,0.727310,0.726803,0.726978,50
2024-05-02 12:00:00,0.726978,0.727522,0.726759,0.727304,50
2024-05-02 13:00:00,0.727304,0.728223,0.727300,0.728220,50
2024-05-02 14:00:00,0.728220,0.728251,0.727884,0.727915,50
2024-05-02 15:00:00,0.727915,0.728823,0.727826,0.728733,50
2024-05-02 16:00:00,0.728733,0.729946,0.728647,0.729860,50
2024-05-02 17:00:00,0.729860,0.730604,0.729838,0.730582,50
2024-05-02 18:00:00,0.730582,0.730921,0.730480,0.730819,50
2024-05-02 19:00:00,0.730819,0.731056,0.730115,0.730352,50
2024-05-02 20:00:00,0.730352,0.730635,0.729696,0.729979,50
2024-05-02 21:00:00,0.729979,0.730418,0.729863,0.730302,50
2024-05-02 22:00:00,0.730302,0.730361,0.730244,0.730304,50
2024-05-02 23:00:00,0.730304,0.730421,0.730023,0.730140,50
2024-05-03 00:00:00,0.730140,0.730428,0.730109,0.730397,50
2024-05-03 01:00:00,0.730397,0.730473,0.729845,0.729922,50
2024-05-03 02:00:00,0.729922,0.729980,0.729510,0.729569,50
2024-05-03 03:00:00,0.729569,0.729689,0.729271,0.729391,50
2024-05-03 04:00:00,0.729391,0.729579,0.729286,0.729475,50
2024-05-03 05:00:00,0.729475,0.730000,0.729372,0.729897,50
2024-05-03 06:00:00,0.729897,0.730016,0.729844,0.729963,50
2024-05-03 07:00:00,0.729963,0.729983,0.729750,0.729770,50
2024-05-03 08:00:00,0.729770,0.729882,0.729754,0.729867,50
2024-05-03 09:00:00,0.729867,0.730261,0.729741,0.730135,50
2024-05-03 10:00:00,0.730135,0.730229,0.729926,0.730020,50
2024-05-03 11:00:00,0.730020,0.730102,0.729981,0.730064,50
2024-05-03 12:00:00,0.730064,0.730080,0.729870,0.729886,50
2024-05-03 13:00:00,0.729886,0.730519,0.729859,0.730493,50
2024-05-03 14:00:00,0.730493,0.730516,0.730347,0.730370,50
2024-05-03 15:00:00,0.730370,0.730587,0.730330,0.730546,50
2024-05-03 16:00:00,0.730546,0.731196,0.730460,0.731109,50
2024-05-03 17:00:00,0.731109,0.731129,0.730761,0.730782,50
2024-05-03 18:00:00,0.730782,0.731269,0.730664,0.731152,50
2024-05-03 19:00:00,0.731152,0.731233,0.730562,0.730643,50
2024-05-03 20:00:00,0.730643,0.731119,0.730565,0.731041,50
2024-05-03 21:00:00,0.731041,0.731641,0.730983,0.731583,50
2024-05-03 22:00:00,0.731583,0.731634,0.731102,0.731153,50
2024-05-03 23:00:00,0.731153,0.731239,0.730748,0.730834,50
2024-05-06 00:00:00,0.730834,0.730944,0.730582,0.730692,50
2024-05-06 01:00:00,0.730692,0.730872,0.730607,0.730786,50
2024-05-06 02:00:00,0.730786,0.732378,0.730700,0.732291,50
2024-05-06 03:00:00,0.732291,0.732429,0.732242,0.732379,50
2024-05-06 04:00:00,0.732379,0.732408,0.731749,0.731778,50
2024-05-06 05:00:00,0.731778,0.732072,0.731697,0.731991,50
2024-05-06 06:00:00,0.731991,0.732108,0.730983,0.731100,50
2024-05-06 07:00:00,0.731100,0.731206,0.730918,0.731024,50
2024-05-06 08:00:00,0.731024,0.731634,0.730904,0.731514,50
2024-05-06 09:00:00,0.731514,0.732145,0.731431,0.732062,50
2024-05-06 10:00:00,0.732062,0.732213,0.732057,0.732208,50
2024-05-06 11:00:00,0.732208,0.732665,0.732091,0.732549,50
2024-05-06 12:00:00,0.732549,0.732652,0.732228,0.732331,50
2024-05-06 13:00:00,0.732331,0.732363,0.732231,0.732263,50
2024-05-06 14:00:00,0.732263,0.732583,0.732208,0.732529,50
2024-05-06 15:00:00,0.732529,0.732598,0.731694,0.731763,50
2024-05-06 16:00:00,0.731763,0.732306,0.731675,0.732219,50
2024-05-06 17:00:00,0.732219,0.732228,0.732152,0.732162,50
2024-05-06 18:00:00,0.732162,0.732186,0.732040,0.732064,50
2024-05-06 19:00:00,0.732064,0.732104,0.731845,0.731884,50
2024-05-06 20:00:00,0.731884,0.732328,0.731772,0.732215,50
2024-05-06 21:00:00,0.732215,0.732805,0.732092,0.732682,50
2024-05-06 22:00:00,0.732682,0.732737,0.732205,0.732260,50
2024-05-06 23:00:00,0.732260,0.732446,0.732146,0.732332,50
2024-05-07 00:00:00,0.732332,0.732555,0.729827,0.730050,50
2024-05-07 01:00:00,0.730050,0.730371,0.729809,0.730129,50
2024-05-07 02:00:00,0.730129,0.730272,0.729297,0.729439,50
2024-05-07 03:00:00,0.729439,0.729654,0.728465,0.728679,50
2024-05-07 04:00:00,0.728679,0.729795,0.728500,0.729616,50
2024-05-07 05:00:00,0.729616,0.730994,0.729485,0.730862,50
2024-05-07 06:00:00,0.730862,0.731837,0.730680,0.731656,50
2024-05-07 07:00:00,0.731656,0.731937,0.731560,0.731841,50
2024-05-07 08:00:00,0.731841,0.732688,0.731622,0.732469,50
2024-05-07 09:00:00,0.732469,0.732680,0.731374,0.731584,50
2024-05-07 10:00:00,0.731584,0.731773,0.731449,0.731637,50
2024-05-07 11:00:00,0.731637,0.732533,0.731475,0.732371,50
2024-05-07 12:00:00,0.732371,0.732424,0.731936,0.731989,50
2024-05-07 13:00:00,0.731989,0.732463,0.731836,0.732309,50
2024-05-07 14:00:00,0.732309,0.733061,0.732190,0.732941,50
2024-05-07 15:00:00,0.732941,0.733018,0.732338,0.732415,50
2024-05-07 16:00:00,0.732415,0.732556,0.731714,0.731855,50
2024-05-07 17:00:00,0.731855,0.732371,0.731708,0.732225,50
2024-05-07 18:00:00,0.732225,0.732277,0.731467,0.731520,50
2024-05-07 19:00:00,0.731520,0.731543,0.730786,0.730810,50
2024-05-07 20:00:00,0.730810,0.731432,0.730731,0.731353,50
2024-05-07 21:00:00,0.731353,0.731418,0.730701,0.730766,50
2024-05-07 22:00:00,0.730766,0.730821,0.730555,0.730610,50
2024-05-07 23:00:00,0.730610,0.730786,0.729113,0.729288,50
2024-05-08 00:00:00,0.729288,0.729917,0.729271,0.729900,50
2024-05-08 01:00:00,0.729900,0.730022,0.729517,0.729639,50
2024-05-08 02:00:00,0.729639,0.729662,0.729033,0.729055,50
2024-05-08 03:00:00,0.729055,0.729082,0.728550,0.728577,50
2024-05-08 04:00:00,0.728577,0.728840,0.728506,0.728770,50
2024-05-08 05:00:00,0.728770,0.728862,0.728529,0.728622,50
2024-05-08 06:00:00,0.728622,0.728784,0.728517,0.728679,50
2024-05-08 07:00:00,0.728679,0.729032,0.728560,0.728912,50
2024-05-08 08:00:00,0.728912,0.729518,0.728905,0.729510,50
2024-05-08 09:00:00,0.729510,0.729864,0.729405,0.729759,50
2024-05-08 10:00:00,0.729759,0.729874,0.729671,0.729786,50
2024-05-08 11:00:00,0.729786,0.729879,0.729175,0.729268,50
2024-05-08 12:00:00,0.729268,0.729284,0.728825,0.728841,50
2024-05-08 13:00:00,0.728841,0.728951,0.728448,0.728558,50
2024-05-08 14:00:00,0.728558,0.728702,0.728511,0.728656,50
2024-05-08 15:00:00,0.728656,0.728678,0.728463,0.728485,50
2024-05-08 16:00:00,0.728485,0.728500,0.728443,0.728459,50
2024-05-08 17:00:00,0.728459,0.728555,0.728230,0.728327,50
2024-05-08 18:00:00,0.728327,0.728375,0.727960,0.728009,50
2024-05-08 19:00:00,0.728009,0.728156,0.727942,0.728089,50
2024-05-08 20:00:00,0.728089,0.728187,0.727916,0.728014,50
2024-05-08 21:00:00,0.728014,0.728199,0.727993,0.728178,50
2024-05-08 22:00:00,0.728178,0.728414,0.728115,0.728351,50
2024-05-08 23:00:00,0.728351,0.728922,0.728345,0.728916,50
2024-05-09 00:00:00,0.728916,0.729006,0.728503,0.728592,50
2024-05-09 01:00:00,0.728592,0.728810,0.728513,0.728731,50
2024-05-09 02:00:00,0.728731,0.729323,0.728671,0.729264,50
2024-05-09 03:00:00,0.729264,0.729347,0.729194,0.729277,50
2024-05-09 04:00:00,0.729277,0.729376,0.729010,0.729109,50
2024-05-09 05:00:00,0.729109,0.729183,0.729080,0.729154,50
2024-05-09 06:00:00,0.729154,0.729361,0.729049,0.729256,50
2024-05-09 07:00:00,0.729256,0.729920,0.729194,0.729858,50
2024-05-09 08:00:00,0.729858,0.730013,0.729785,0.729940,50
2024-05-09 09:00:00,0.729940,0.729992,0.729923,0.729975,50
2024-05-09 10:00:00,0.729975,0.730084,0.729470,0.729578,50
2024-05-09 11:00:00,0.729578,0.729726,0.729529,0.729677,50
2024-05-09 12:00:00,0.729677,0.729876,0.729604,0.729804,50
2024-05-09 13:00:00,0.729804,0.730288,0.729726,0.730210,50
2024-05-09 14:00:00,0.730210,0.730225,0.730137,0.730152,50
2024-05-09 15:00:00,0.730152,0.730251,0.730069,0.730168,50
2024-05-09 16:00:00,0.730168,0.730542,0.730070,0.730444,50
2024-05-09 17:00:00,0.730444,0.730793,0.730435,0.730784,50
2024-05-09 18:00:00,0.730784,0.730854,0.730669,0.730739,50
2024-05-09 19:00:00,0.730739,0.730759,0.730258,0.730277,50
2024-05-09 20:00:00,0.730277,0.730606,0.730151,0.730479,50
2024-05-09 21:00:00,0.730479,0.730490,0.730115,0.730126,50
2024-05-09 22:00:00,0.730126,0.730324,0.730017,0.730216,50
2024-05-09 23:00:00,0.730216,0.730571,0.730104,0.730460,50
2024-05-10 00:00:00,0.730460,0.731667,0.730451,0.731658,50
2024-05-10 01:00:00,0.731658,0.731692,0.731567,0.731601,50
2024-05-10 02:00:00,0.731601,0.731655,0.731347,0.731402,50
2024-05-10 03:00:00,0.731402,0.731402,0.730753,0.730753,50
2024-05-10 04:00:00,0.730753,0.730804,0.730523,0.730574,50
2024-05-10 05:00:00,0.730574,0.731031,0.730449,0.730905,50
2024-05-10 06:00:00,0.730905,0.730951,0.730486,0.730532,50
2024-05-10 07:00:00,0.730532,0.730639,0.729977,0.730084,50
2024-05-10 08:00:00,0.730084,0.730426,0.730048,0.730390,50
2024-05-10 09:00:00,0.730390,0.731539,0.730352,0.731501,50
2024-05-10 10:00:00,0.731501,0.731537,0.730485,0.730521,50
2024-05-10 11:00:00,0.730521,0.731153,0.730427,0.731060,50
2024-05-10 12:00:00,0.731060,0.731704,0.731048,0.731692,50
2024-05-10 13:00:00,0.731692,0.731814,0.730787,0.730909,50
2024-05-10 14:00:00,0.730909,0.730916,0.730820,0.730827,50
2024-05-10 15:00:00,0.730827,0.730865,0.730236,0.730274,50
2024-05-10 16:00:00,0.730274,0.731521,0.730205,0.731452,50
2024-05-10 17:00:00,0.731452,0.732399,0.731332,0.732280,50
2024-05-10 18:00:00,0.732280,0.732357,0.731592,0.731669,50
2024-05-10 19:00:00,0.731669,0.731673,0.731131,0.731135,50
2024-05-10 20:00:00,0.731135,0.731642,0.731053,0.731560,50
2024-05-10 21:00:00,0.731560,0.731599,0.731102,0.731141,50
2024-05-10 22:00:00,0.731141,0.731170,0.730827,0.730855,50
2024-05-10 23:00:00,0.730855,0.731955,0.730804,0.731904,50
2024-05-13 00:00:00,0.731904,0.731983,0.731527,0.731606,50
2024-05-13 01:00:00,0.731606,0.731759,0.731498,0.731651,50
2024-05-13 02:00:00,0.731651,0.732281,0.731534,0.732163,50
2024-05-13 03:00:00,0.732163,0.732745,0.732098,0.732679,50
2024-05-13 04:00:00,0.732679,0.732793,0.732111,0.732224,50
2024-05-13 05:00:00,0.732224,0.732284,0.731381,0.731440,50
2024-05-13 06:00:00,0.731440,0.731646,0.731322,0.731527,50
2024-05-13 07:00:00,0.731527,0.731630,0.731505,0.731608,50
2024-05-13 08:00:00,0.731608,0.731744,0.731477,0.731613,50
2024-05-13 09:00:00,0.731613,0.731741,0.730833,0.730960,50
2024-05-13 10:00:00,0.730960,0.731083,0.730366,0.730489,50
2024-05-13 11:00:00,0.730489,0.730873,0.730380,0.730764,50
2024-05-13 12:00:00,0.730764,0.730769,0.730595,0.730601,50
2024-05-13 13:00:00,0.730601,0.731181,0.730547,0.731127,50
2024-05-13 14:00:00,0.731127,0.731194,0.730982,0.731048,50
2024-05-13 15:00:00,0.731048,0.731261,0.731035,0.731248,50
2024-05-13 16:00:00,0.731248,0.731449,0.731217,0.731418,50
2024-05-13 17:00:00,0.731418,0.731429,0.731162,0.731172,50
2024-05-13 18:00:00,0.731172,0.731279,0.731093,0.731200,50
2024-05-13 19:00:00,0.731200,0.731236,0.730685,0.730721,50
2024-05-13 20:00:00,0.730721,0.731015,0.730631,0.730925,50
2024-05-13 21:00:00,0.730925,0.731019,0.730427,0.730520,50
2024-05-13 22:00:00,0.730520,0.730786,0.730412,0.730677,50
2024-05-13 23:00:00,0.730677,0.731390,0.730549,0.731261,50
2024-05-14 00:00:00,0.731261,0.731374,0.730821,0.730934,50
2024-05-14 01:00:00,0.730934,0.731013,0.730753,0.730832,50
2024-05-14 02:00:00,0.730832,0.731016,0.730764,0.730948,50
2024-05-14 03:00:00,0.730948,0.731038,0.730901,0.730991,50
2024-05-14 04:00:00,0.730991,0.731267,0.730903,0.731178,50
2024-05-14 05:00:00,0.731178,0.731212,0.731042,0.731076,50
2024-05-14 06:00:00,0.731076,0.731126,0.730912,0.730963,50
2024-05-14 07:00:00,0.730963,0.731144,0.730923,0.731104,50
2024-05-14 08:00:00,0.731104,0.731245,0.731037,0.731178,50
2024-05-14 09:00:00,0.731178,0.731215,0.731081,0.731118,50
2024-05-14 10:00:00,0.731118,0.731248,0.730903,0.731034,50
2024-05-14 11:00:00,0.731034,0.731258,0.731007,0.731231,50
2024-05-14 12:00:00,0.731231,0.731522,0.731195,0.731485,50
2024-05-14 13:00:00,0.731485,0.731532,0.731388,0.731436,50
2024-05-14 14:00:00,0.731436,0.731521,0.731435,0.731521,50
2024-05-14 15:00:00,0.731521,0.731532,0.731314,0.731325,50
2024-05-14 16:00:00,0.731325,0.731717,0.731212,0.731604,50
2024-05-14 17:00:00,0.731604,0.731832,0.731579,0.731807,50
2024-05-14 18:00:00,0.731807,0.731921,0.731743,0.731858,50
2024-05-14 19:00:00,0.731858,0.732187,0.731855,0.732184,50
2024-05-14 20:00:00,0.732184,0.732297,0.732025,0.732138,50
2024-05-14 21:00:00,0.732138,0.733127,0.732041,0.733030,50
2024-05-14 22:00:00,0.733030,0.733089,0.732590,0.732649,50
2024-05-14 23:00:00,0.732649,0.732733,0.732517,0.732601,50
2024-05-15 00:00:00,0.732601,0.733809,0.732484,0.733693,50
2024-05-15 01:00:00,0.733693,0.733820,0.733334,0.733462,50
2024-05-15 02:00:00,0.733462,0.733557,0.733363,0.733459,50
2024-05-15 03:00:00,0.733459,0.733516,0.733417,0.733475,50
2024-05-15 04:00:00,0.733475,0.733661,0.733391,0.733577,50
2024-05-15 05:00:00,0.733577,0.733609,0.732939,0.732972,50
2024-05-15 06:00:00,0.732972,0.733100,0.732816,0.732943,50
2024-05-15 07:00:00,0.732943,0.733003,0.732549,0.732609,50
2024-05-15 08:00:00,0.732609,0.732701,0.732290,0.732382,50
2024-05-15 09:00:00,0.732382,0.732518,0.732057,0.732192,50
2024-05-15 10:00:00,0.732192,0.732761,0.732127,0.732696,50
2024-05-15 11:00:00,0.732696,0.733551,0.732668,0.733523,50
2024-05-15 12:00:00,0.733523,0.733560,0.733302,0.733339,50
2024-05-15 13:00:00,0.733339,0.733666,0.733264,0.733590,50
2024-05-15 14:00:00,0.733590,0.734018,0.733465,0.733893,50
2024-05-15 15:00:00,0.733893,0.734487,0.733752,0.734347,50
2024-05-15 16:00:00,0.734347,0.734930,0.734232,0.734815,50
2024-05-15 17:00:00,0.734815,0.734949,0.734564,0.734698,50
2024-05-15 18:00:00,0.734698,0.735102,0.734650,0.735055,50
2024-05-15 19:00:00,0.735055,0.735069,0.734607,0.734621,50
2024-05-15 20:00:00,0.734621,0.734648,0.734228,0.734255,50
2024-05-15 21:00:00,0.734255,0.734370,0.734069,0.734184,50
2024-05-15 22:00:00,0.734184,0.735027,0.734068,0.734912,50
2024-05-15 23:00:00,0.734912,0.735026,0.734532,0.734646,50
2024-05-16 00:00:00,0.734646,0.734765,0.733586,0.733705,50
2024-05-16 01:00:00,0.733705,0.733953,0.733627,0.733875,50
2024-05-16 02:00:00,0.733875,0.734259,0.733781,0.734165,50
2024-05-16 03:00:00,0.734165,0.734448,0.734103,0.734386,50
2024-05-16 04:00:00,0.734386,0.734616,0.734266,0.734495,50
2024-05-16 05:00:00,0.734495,0.735101,0.734428,0.735033,50
2024-05-16 06:00:00,0.735033,0.735034,0.734566,0.734567,50
2024-05-16 07:00:00,0.734567,0.734688,0.734326,0.734446,50
2024-05-16 08:00:00,0.734446,0.734478,0.733982,0.734013,50
2024-05-16 09:00:00,0.734013,0.734798,0.733886,0.734671,50
2024-05-16 10:00:00,0.734671,0.734930,0.734601,0.734860,50
2024-05-16 11:00:00,0.734860,0.734947,0.734532,0.734618,50
2024-05-16 12:00:00,0.734618,0.734966,0.734528,0.734876,50
2024-05-16 13:00:00,0.734876,0.734931,0.734596,0.734651,50
2024-05-16 14:00:00,0.734651,0.734753,0.734052,0.734154,50
2024-05-16 15:00:00,0.734154,0.734250,0.733836,0.733932,50
2024-05-16 16:00:00,0.733932,0.734751,0.733906,0.734725,50
2024-05-16 17:00:00,0.734725,0.735303,0.734597,0.735175,50
2024-05-16 18:00:00,0.735175,0.735236,0.734980,0.735041,50
2024-05-16 19:00:00,0.735041,0.735270,0.735031,0.735259,50
2024-05-16 20:00:00,0.735259,0.735778,0.735137,0.735655,50
2024-05-16 21:00:00,0.735655,0.735699,0.735345,0.735388,50
2024-05-16 22:00:00,0.735388,0.736006,0.735293,0.735910,50
2024-05-16 23:00:00,0.735910,0.735992,0.734889,0.734970,50
2024-05-17 00:00:00,0.734970,0.735313,0.734870,0.735213,50
2024-05-17 01:00:00,0.735213,0.735245,0.735042,0.735075,50
2024-05-17 02:00:00,0.735075,0.735158,0.734701,0.734785,50
2024-05-17 03:00:00,0.734785,0.734818,0.734722,0.734755,50
2024-05-17 04:00:00,0.734755,0.734766,0.734648,0.734659,50
2024-05-17 05:00:00,0.734659,0.734751,0.734422,0.734514,50
2024-05-17 06:00:00,0.734514,0.734558,0.734357,0.734401,50
2024-05-17 07:00:00,0.734401,0.734413,0.734348,0.734360,50
2024-05-17 08:00:00,0.734360,0.734839,0.734247,0.734726,50
2024-05-17 09:00:00,0.734726,0.734812,0.734308,0.734394,50
2024-05-17 10:00:00,0.734394,0.734499,0.734216,0.734321,50
2024-05-17 11:00:00,0.734321,0.734485,0.734260,0.734424,50
2024-05-17 12:00:00,0.734424,0.734542,0.734028,0.734146,50
2024-05-17 13:00:00,0.734146,0.734193,0.733578,0.733625,50
2024-05-17 14:00:00,0.733625,0.733886,0.733540,0.733801,50
2024-05-17 15:00:00,0.733801,0.734477,0.733685,0.734361,50
2024-05-17 16:00:00,0.734361,0.734492,0.734220,0.734351,50
2024-05-17 17:00:00,0.734351,0.734457,0.734320,0.734425,50
2024-05-17 18:00:00,0.734425,0.734509,0.734240,0.734325,50
2024-05-17 19:00:00,0.734325,0.734454,0.733869,0.733998,50
2024-05-17 20:00:00,0.733998,0.734128,0.733579,0.733708,50
2024-05-17 21:00:00,0.733708,0.734023,0.733688,0.734003,50
2024-05-17 22:00:00,0.734003,0.734738,0.733924,0.734660,50
2024-05-17 23:00:00,0.734660,0.734705,0.734439,0.734484,50
2024-05-20 00:00:00,0.734484,0.734497,0.734115,0.734128,50
2024-05-20 01:00:00,0.734128,0.734171,0.733709,0.733752,50
2024-05-20 02:00:00,0.733752,0.733874,0.733368,0.733490,50
2024-05-20 03:00:00,0.733490,0.734196,0.733411,0.734117,50
2024-05-20 04:00:00,0.734117,0.734232,0.733895,0.734010,50
2024-05-20 05:00:00,0.734010,0.734685,0.733908,0.734583,50
2024-05-20 06:00:00,0.734583,0.734697,0.733524,0.733639,50
2024-05-20 07:00:00,0.733639,0.734174,0.733507,0.734042,50
2024-05-20 08:00:00,0.734042,0.735332,0.733958,0.735247,50
2024-05-20 09:00:00,0.735247,0.735623,0.735239,0.735615,50
2024-05-20 10:00:00,0.735615,0.735707,0.735602,0.735694,50
2024-05-20 11:00:00,0.735694,0.735813,0.735220,0.735339,50
2024-05-20 12:00:00,0.735339,0.735412,0.734206,0.734279,50
2024-05-20 13:00:00,0.734279,0.735153,0.734147,0.735021,50
2024-05-20 14:00:00,0.735021,0.735103,0.734726,0.734808,50
2024-05-20 15:00:00,0.734808,0.735759,0.734676,0.735627,50
2024-05-20 16:00:00,0.735627,0.735681,0.735191,0.735244,50
2024-05-20 17:00:00,0.735244,0.735362,0.735015,0.735133,50
2024-05-20 18:00:00,0.735133,0.735247,0.735011,0.735125,50
2024-05-20 19:00:00,0.735125,0.735302,0.735006,0.735183,50
2024-05-20 20:00:00,0.735183,0.735372,0.735127,0.735317,50
2024-05-20 21:00:00,0.735317,0.735354,0.734924,0.734961,50
2024-05-20 22:00:00,0.734961,0.735053,0.734532,0.734623,50
2024-05-20 23:00:00,0.734623,0.734789,0.734534,0.734700,50
2024-05-21 00:00:00,0.734700,0.734778,0.734563,0.734641,50
2024-05-21 01:00:00,0.734641,0.734681,0.734607,0.734647,50
2024-05-21 02:00:00,0.734647,0.735038,0.734569,0.734959,50
2024-05-21 03:00:00,0.734959,0.734984,0.734311,0.734335,50
2024-05-21 04:00:00,0.734335,0.734511,0.734265,0.734442,50
2024-05-21 05:00:00,0.734442,0.734500,0.734007,0.734065,50
2024-05-21 06:00:00,0.734065,0.734347,0.734025,0.734307,50
2024-05-21 07:00:00,0.734307,0.734438,0.734104,0.734235,50
2024-05-21 08:00:00,0.734235,0.734523,0.734096,0.734384,50
2024-05-21 09:00:00,0.734384,0.734473,0.733732,0.733821,50
2024-05-21 10:00:00,0.733821,0.734299,0.733703,0.734181,50
2024-05-21 11:00:00,0.734181,0.735142,0.734088,0.735049,50
2024-05-21 12:00:00,0.735049,0.735162,0.734867,0.734980,50
2024-05-21 13:00:00,0.734980,0.735017,0.734806,0.734843,50
2024-05-21 14:00:00,0.734843,0.734899,0.734802,0.734859,50
2024-05-21 15:00:00,0.734859,0.734905,0.734223,0.734269,50
2024-05-21 16:00:00,0.734269,0.734345,0.734134,0.734210,50
2024-05-21 17:00:00,0.734210,0.734287,0.734123,0.734200,50
2024-05-21 18:00:00,0.734200,0.734336,0.733501,0.733638,50
2024-05-21 19:00:00,0.733638,0.733758,0.732643,0.732764,50
2024-05-21 20:00:00,0.732764,0.733097,0.732714,0.733047,50
2024-05-21 21:00:00,0.733047,0.733103,0.732825,0.732881,50
2024-05-21 22:00:00,0.732881,0.732986,0.732661,0.732766,50
2024-05-21 23:00:00,0.732766,0.733033,0.732656,0.732923,50
2024-05-22 00:00:00,0.732923,0.733524,0.732802,0.733404,50
2024-05-22 01:00:00,0.733404,0.733419,0.733302,0.733317,50
2024-05-22 02:00:00,0.733317,0.733416,0.733083,0.733182,50
2024-05-22 03:00:00,0.733182,0.733256,0.732939,0.733013,50
2024-05-22 04:00:00,0.733013,0.733051,0.732769,0.732807,50
2024-05-22 05:00:00,0.732807,0.732897,0.732650,0.732740,50
2024-05-22 06:00:00,0.732740,0.732788,0.732426,0.732474,50
2024-05-22 07:00:00,0.732474,0.732684,0.732445,0.732654,50
2024-05-22 08:00:00,0.732654,0.732809,0.732568,0.732723,50
2024-05-22 09:00:00,0.732723,0.732811,0.732526,0.732614,50
2024-05-22 10:00:00,0.732614,0.732749,0.732511,0.732647,50
2024-05-22 11:00:00,0.732647,0.732703,0.732297,0.732353,50
2024-05-22 12:00:00,0.732353,0.732428,0.731956,0.732031,50
2024-05-22 13:00:00,0.732031,0.732184,0.731923,0.732077,50
2024-05-22 14:00:00,0.732077,0.732202,0.731969,0.732094,50
2024-05-22 15:00:00,0.732094,0.732125,0.731740,0.731770,50
2024-05-22 16:00:00,0.731770,0.731830,0.731317,0.731377,50
2024-05-22 17:00:00,0.731377,0.731439,0.731350,0.731413,50
2024-05-22 18:00:00,0.731413,0.731454,0.731406,0.731447,50
2024-05-22 19:00:00,0.731447,0.731465,0.731191,0.731209,50
2024-05-22 20:00:00,0.731209,0.731408,0.731112,0.731311,50
2024-05-22 21:00:00,0.731311,0.731505,0.731260,0.731454,50
2024-05-22 22:00:00,0.731454,0.731497,0.731392,0.731435,50
2024-05-22 23:00:00,0.731435,0.731800,0.731325,0.731689,50
2024-05-23 00:00:00,0.731689,0.731786,0.731560,0.731656,50
2024-05-23 01:00:00,0.731656,0.731953,0.731595,0.731892,50
2024-05-23 02:00:00,0.731892,0.732117,0.731785,0.732010,50
2024-05-23 03:00:00,0.732010,0.732110,0.731373,0.731472,50
2024-05-23 04:00:00,0.731472,0.732017,0.731345,0.731890,50
2024-05-23 05:00:00,0.731890,0.731988,0.731767,0.731865,50
2024-05-23 06:00:00,0.731865,0.731866,0.731105,0.731105,50
2024-05-23 07:00:00,0.731105,0.731303,0.731016,0.731214,50
2024-05-23 08:00:00,0.731214,0.731677,0.731109,0.731572,50
2024-05-23 09:00:00,0.731572,0.731668,0.731134,0.731230,50
2024-05-23 10:00:00,0.731230,0.731268,0.731173,0.731211,50
2024-05-23 11:00:00,0.731211,0.731257,0.730619,0.730665,50
2024-05-23 12:00:00,0.730665,0.730713,0.730300,0.730348,50
2024-05-23 13:00:00,0.730348,0.730699,0.730233,0.730585,50
2024-05-23 14:00:00,0.730585,0.731036,0.730498,0.730949,50
2024-05-23 15:00:00,0.730949,0.731077,0.730737,0.730865,50
2024-05-23 16:00:00,0.730865,0.731296,0.730850,0.731281,50
2024-05-23 17:00:00,0.731281,0.731348,0.730823,0.730890,50
2024-05-23 18:00:00,0.730890,0.731092,0.730778,0.730980,50
2024-05-23 19:00:00,0.730980,0.731156,0.730925,0.731102,50
2024-05-23 20:00:00,0.731102,0.731251,0.730977,0.731127,50
2024-05-23 21:00:00,0.731127,0.731200,0.730374,0.730448,50
2024-05-23 22:00:00,0.730448,0.730519,0.729979,0.730051,50
2024-05-23 23:00:00,0.730051,0.730231,0.729960,0.730140,50
2024-05-24 00:00:00,0.730140,0.730537,0.730064,0.730461,50
2024-05-24 01:00:00,0.730461,0.730725,0.730432,0.730696,50
2024-05-24 02:00:00,0.730696,0.730899,0.730689,0.730891,50
2024-05-24 03:00:00,0.730891,0.730909,0.730878,0.730895,50
2024-05-24 04:00:00,0.730895,0.731033,0.730432,0.730569,50
2024-05-24 05:00:00,0.730569,0.730675,0.730237,0.730343,50
2024-05-24 06:00:00,0.730343,0.730426,0.730098,0.730182,50
2024-05-24 07:00:00,0.730182,0.730381,0.730106,0.730305,50
2024-05-24 08:00:00,0.730305,0.730908,0.730186,0.730790,50
2024-05-24 09:00:00,0.730790,0.730805,0.730333,0.730348,50
2024-05-24 10:00:00,0.730348,0.730457,0.729700,0.729809,50
2024-05-24 11:00:00,0.729809,0.729993,0.729693,0.729877,50
2024-05-24 12:00:00,0.729877,0.730171,0.729836,0.730130,50
2024-05-24 13:00:00,0.730130,0.730760,0.730028,0.730658,50
2024-05-24 14:00:00,0.730658,0.730703,0.730613,0.730658,50
2024-05-24 15:00:00,0.730658,0.730750,0.730284,0.730377,50
2024-05-24 16:00:00,0.730377,0.730743,0.730342,0.730708,50
2024-05-24 17:00:00,0.730708,0.731142,0.730680,0.731114,50
2024-05-24 18:00:00,0.731114,0.731556,0.730977,0.731419,50
2024-05-24 19:00:00,0.731419,0.731784,0.731390,0.731754,50
2024-05-24 20:00:00,0.731754,0.731787,0.731706,0.731740,50
2024-05-24 21:00:00,0.731740,0.731910,0.731704,0.731874,50
2024-05-24 22:00:00,0.731874,0.731945,0.731369,0.731440,50
2024-05-24 23:00:00,0.731440,0.731824,0.731412,0.731797,50
2024-05-28 00:00:00,0.731797,0.731952,0.731583,0.731738,50
2024-05-28 01:00:00,0.731738,0.731800,0.731358,0.731421,50
2024-05-28 02:00:00,0.731421,0.731678,0.731313,0.731570,50
2024-05-28 03:00:00,0.731570,0.732518,0.731457,0.732406,50
2024-05-28 04:00:00,0.732406,0.732472,0.732006,0.732071,50
2024-05-28 05:00:00,0.732071,0.732698,0.731966,0.732592,50
2024-05-28 06:00:00,0.732592,0.732784,0.732501,0.732693,50
2024-05-28 07:00:00,0.732693,0.732972,0.732594,0.732872,50
2024-05-28 08:00:00,0.732872,0.733408,0.732837,0.733373,50
2024-05-28 09:00:00,0.733373,0.733516,0.732892,0.733036,50
2024-05-28 10:00:00,0.733036,0.733143,0.732888,0.732995,50
2024-05-28 11:00:00,0.732995,0.733037,0.732655,0.732697,50
2024-05-28 12:00:00,0.732697,0.732891,0.732541,0.732735,50
2024-05-28 13:00:00,0.732735,0.732749,0.732654,0.732667,50
2024-05-28 14:00:00,0.732667,0.733308,0.732583,0.733224,50
2024-05-28 15:00:00,0.733224,0.733360,0.733177,0.733314,50
2024-05-28 16:00:00,0.733314,0.733386,0.733307,0.733379,50
2024-05-28 17:00:00,0.733379,0.733524,0.732974,0.733119,50
2024-05-28 18:00:00,0.733119,0.733277,0.732817,0.732975,50
2024-05-28 19:00:00,0.732975,0.733790,0.732848,0.733664,50
2024-05-28 20:00:00,0.733664,0.733958,0.733604,0.733898,50
2024-05-28 21:00:00,0.733898,0.733990,0.733319,0.733411,50
2024-05-28 22:00:00,0.733411,0.734031,0.733285,0.733905,50
2024-05-28 23:00:00,0.733905,0.733907,0.733674,0.733676,50
2024-05-29 00:00:00,0.733676,0.734326,0.733657,0.734307,50
2024-05-29 01:00:00,0.734307,0.734439,0.733786,0.733918,50
2024-05-29 02:00:00,0.733918,0.734710,0.733655,0.734447,50
2024-05-29 03:00:00,0.734447,0.734673,0.733813,0.734039,50
2024-05-29 04:00:00,0.734039,0.734261,0.733651,0.733873,50
2024-05-29 05:00:00,0.733873,0.734146,0.733456,0.733729,50
2024-05-29 06:00:00,0.733729,0.733877,0.732475,0.732623,50
2024-05-29 07:00:00,0.732623,0.732758,0.731295,0.731430,50
2024-05-29 08:00:00,0.731430,0.731763,0.731237,0.731570,50
2024-05-29 09:00:00,0.731570,0.731644,0.731133,0.731207,50
2024-05-29 10:00:00,0.731207,0.731457,0.729893,0.730142,50
2024-05-29 11:00:00,0.730142,0.730453,0.729931,0.730242,50
2024-05-29 12:00:00,0.730242,0.730882,0.729994,0.730634,50
2024-05-29 13:00:00,0.730634,0.730918,0.730115,0.730399,50
2024-05-29 14:00:00,0.730399,0.730699,0.728995,0.729295,50
2024-05-29 15:00:00,0.729295,0.729789,0.729168,0.729662,50
2024-05-29 16:00:00,0.729662,0.729754,0.729105,0.729197,50
2024-05-29 17:00:00,0.729197,0.729600,0.729044,0.729446,50
2024-05-29 18:00:00,0.729446,0.729532,0.728964,0.729049,50
2024-05-29 19:00:00,0.729049,0.729878,0.728978,0.729807,50
2024-05-29 20:00:00,0.729807,0.732087,0.729752,0.732032,50
2024-05-29 21:00:00,0.732032,0.732353,0.731836,0.732157,50
2024-05-29 22:00:00,0.732157,0.732187,0.731791,0.731821,50
2024-05-29 23:00:00,0.731821,0.731971,0.729671,0.729820,50
2024-05-30 00:00:00,0.729820,0.729855,0.729657,0.729692,50
2024-05-30 01:00:00,0.729692,0.730074,0.729670,0.730052,50
2024-05-30 02:00:00,0.730052,0.730108,0.729510,0.729566,50
2024-05-30 03:00:00,0.729566,0.730733,0.729439,0.730607,50
2024-05-30 04:00:00,0.730607,0.731642,0.730591,0.731626,50
2024-05-30 05:00:00,0.731626,0.731716,0.730397,0.730487,50
2024-05-30 06:00:00,0.730487,0.731085,0.730345,0.730943,50
2024-05-30 07:00:00,0.730943,0.731965,0.730915,0.731936,50
2024-05-30 08:00:00,0.731936,0.731976,0.730805,0.730844,50
2024-05-30 09:00:00,0.730844,0.730911,0.730259,0.730327,50
2024-05-30 10:00:00,0.730327,0.730351,0.729780,0.729804,50
2024-05-30 11:00:00,0.729804,0.731903,0.729659,0.731758,50
2024-05-30 12:00:00,0.731758,0.731875,0.730696,0.730813,50
2024-05-30 13:00:00,0.730813,0.731402,0.730788,0.731377,50
2024-05-30 14:00:00,0.731377,0.732009,0.731367,0.731999,50
2024-05-30 15:00:00,0.731999,0.732121,0.731718,0.731840,50
2024-05-30 16:00:00,0.731840,0.731950,0.731527,0.731636,50
2024-05-30 17:00:00,0.731636,0.731688,0.730663,0.730715,50
2024-05-30 18:00:00,0.730715,0.730719,0.730507,0.730512,50
2024-05-30 19:00:00,0.730512,0.730522,0.729764,0.729774,50
2024-05-30 20:00:00,0.729774,0.729829,0.729692,0.729748,50
2024-05-30 21:00:00,0.729748,0.731087,0.729603,0.730941,50
2024-05-30 22:00:00,0.730941,0.731022,0.730231,0.730312,50
2024-05-30 23:00:00,0.730312,0.731662,0.730286,0.731636,50
2024-05-31 00:00:00,0.731636,0.731698,0.731065,0.731126,50
2024-05-31 01:00:00,0.731126,0.731434,0.731073,0.731380,50
2024-05-31 02:00:00,0.731380,0.731487,0.731104,0.731211,50
2024-05-31 03:00:00,0.731211,0.731278,0.731208,0.731275,50
2024-05-31 04:00:00,0.731275,0.731517,0.731272,0.731514,50
2024-05-31 05:00:00,0.731514,0.731719,0.731421,0.731627,50
2024-05-31 06:00:00,0.731627,0.731638,0.731618,0.731629,50
2024-05-31 07:00:00,0.731629,0.731630,0.731530,0.731531,50
2024-05-31 08:00:00,0.731531,0.731639,0.731399,0.731507,50
2024-05-31 09:00:00,0.731507,0.731913,0.731404,0.731810,50
2024-05-31 10:00:00,0.731810,0.732223,0.731774,0.732187,50
2024-05-31 11:00:00,0.732187,0.732554,0.732057,0.732424,50
2024-05-31 12:00:00,0.732424,0.732492,0.732346,0.732414,50
2024-05-31 13:00:00,0.732414,0.732608,0.732413,0.732606,50
2024-05-31 14:00:00,0.732606,0.732861,0.732525,0.732779,50
2024-05-31 15:00:00,0.732779,0.733398,0.732706,0.733325,50
2024-05-31 16:00:00,0.733325,0.733417,0.733159,0.733250,50
2024-05-31 17:00:00,0.733250,0.733340,0.733205,0.733294,50
2024-05-31 18:00:00,0.733294,0.733365,0.733169,0.733240,50
2024-05-31 19:00:00,0.733240,0.733243,0.733126,0.733129,50
2024-05-31 20:00:00,0.733129,0.733138,0.732955,0.732963,50
2024-05-31 21:00:00,0.732963,0.733068,0.732803,0.732908,50
2024-05-31 22:00:00,0.732908,0.733185,0.732806,0.733083,50
2024-05-31 23:00:00,0.733083,0.733094,0.732804,0.732815,50
2024-06-03 00:00:00,0.732815,0.732849,0.732508,0.732541,50
2024-06-03 01:00:00,0.732541,0.732596,0.732198,0.732252,50
2024-06-03 02:00:00,0.732252,0.732660,0.732178,0.732586,50
2024-06-03 03:00:00,0.732586,0.733092,0.732539,0.733045,50
2024-06-03 04:00:00,0.733045,0.733082,0.732826,0.732862,50
2024-06-03 05:00:00,0.732862,0.732981,0.732538,0.732657,50
2024-06-03 06:00:00,0.732657,0.733134,0.732626,0.733103,50
2024-06-03 07:00:00,0.733103,0.733222,0.732874,0.732993,50
2024-06-03 08:00:00,0.732993,0.733088,0.732934,0.733029,50
2024-06-03 09:00:00,0.733029,0.733187,0.732978,0.733136,50
2024-06-03 10:00:00,0.733136,0.733232,0.732909,0.733005,50
2024-06-03 11:00:00,0.733005,0.733163,0.732974,0.733132,50
2024-06-03 12:00:00,0.733132,0.733457,0.733012,0.733336,50
2024-06-03 13:00:00,0.733336,0.733622,0.733324,0.733610,50
2024-06-03 14:00:00,0.733610,0.734003,0.733482,0.733875,50
2024-06-03 15:00:00,0.733875,0.734585,0.733744,0.734454,50
2024-06-03 16:00:00,0.734454,0.734542,0.734207,0.734295,50
2024-06-03 17:00:00,0.734295,0.734377,0.734244,0.734326,50
2024-06-03 18:00:00,0.734326,0.734372,0.733964,0.734010,50
2024-06-03 19:00:00,0.734010,0.734112,0.733735,0.733838,50
2024-06-03 20:00:00,0.733838,0.733950,0.733442,0.733554,50
2024-06-03 21:00:00,0.733554,0.734043,0.733448,0.733937,50
2024-06-03 22:00:00,0.733937,0.734033,0.733349,0.733446,50
2024-06-03 23:00:00,0.733446,0.733955,0.733383,0.733891,50
2024-06-04 00:00:00,0.733891,0.733970,0.733592,0.733671,50
2024-06-04 01:00:00,0.733671,0.733836,0.732390,0.732556,50
2024-06-04 02:00:00,0.732556,0.732665,0.731951,0.732060,50
2024-06-04 03:00:00,0.732060,0.732085,0.731980,0.732005,50
2024-06-04 04:00:00,0.732005,0.732254,0.730926,0.731175,50
2024-06-04 05:00:00,0.731175,0.731308,0.731100,0.731232,50
2024-06-04 06:00:00,0.731232,0.731812,0.731011,0.731591,50
2024-06-04 07:00:00,0.731591,0.731716,0.731380,0.731506,50
2024-06-04 08:00:00,0.731506,0.731646,0.731270,0.731411,50
2024-06-04 09:00:00,0.731411,0.731477,0.731194,0.731260,50
2024-06-04 10:00:00,0.731260,0.731339,0.730373,0.730453,50
2024-06-04 11:00:00,0.730453,0.731167,0.730415,0.731129,50
2024-06-04 12:00:00,0.731129,0.731260,0.731105,0.731237,50
2024-06-04 13:00:00,0.731237,0.731617,0.731090,0.731470,50
2024-06-04 14:00:00,0.731470,0.731727,0.730814,0.731071,50
2024-06-04 15:00:00,0.731071,0.731173,0.730374,0.730477,50
2024-06-04 16:00:00,0.730477,0.731360,0.730455,0.731339,50
2024-06-04 17:00:00,0.731339,0.731549,0.730928,0.731137,50
2024-06-04 18:00:00,0.731137,0.731356,0.729940,0.730158,50
2024-06-04 19:00:00,0.730158,0.730579,0.730099,0.730520,50
2024-06-04 20:00:00,0.730520,0.730817,0.730264,0.730561,50
2024-06-04 21:00:00,0.730561,0.730747,0.730347,0.730532,50
2024-06-04 22:00:00,0.730532,0.730575,0.730275,0.730318,50
2024-06-04 23:00:00,0.730318,0.730809,0.730289,0.730780,50
2024-06-05 00:00:00,0.730780,0.730852,0.730669,0.730741,50
2024-06-05 01:00:00,0.730741,0.731065,0.730740,0.731064,50
2024-06-05 02:00:00,0.731064,0.731077,0.730835,0.730849,50
2024-06-05 03:00:00,0.730849,0.730938,0.730594,0.730684,50
2024-06-05 04:00:00,0.730684,0.731049,0.730615,0.730981,50
2024-06-05 05:00:00,0.730981,0.731072,0.730657,0.730748,50
2024-06-05 06:00:00,0.730748,0.730796,0.730715,0.730762,50
2024-06-05 07:00:00,0.730762,0.730824,0.730753,0.730816,50
2024-06-05 08:00:00,0.730816,0.731358,0.730772,0.731315,50
2024-06-05 09:00:00,0.731315,0.731350,0.731027,0.731062,50
2024-06-05 10:00:00,0.731062,0.731291,0.730979,0.731208,50
2024-06-05 11:00:00,0.731208,0.731247,0.730552,0.730591,50
2024-06-05 12:00:00,0.730591,0.730704,0.730440,0.730553,50
2024-06-05 13:00:00,0.730553,0.730615,0.730233,0.730295,50
2024-06-05 14:00:00,0.730295,0.730729,0.730250,0.730684,50
2024-06-05 15:00:00,0.730684,0.730801,0.730241,0.730358,50
2024-06-05 16:00:00,0.730358,0.730448,0.730092,0.730183,50
2024-06-05 17:00:00,0.730183,0.730290,0.729523,0.729631,50
2024-06-05 18:00:00,0.729631,0.729647,0.729603,0.729619,50
2024-06-05 19:00:00,0.729619,0.729648,0.729097,0.729126,50
2024-06-05 20:00:00,0.729126,0.729831,0.729058,0.729763,50
2024-06-05 21:00:00,0.729763,0.729993,0.729731,0.729960,50
2024-06-05 22:00:00,0.729960,0.730032,0.729496,0.729568,50
2024-06-05 23:00:00,0.729568,0.729774,0.729455,0.729661,50
2024-06-06 00:00:00,0.729661,0.729786,0.729000,0.729124,50
2024-06-06 01:00:00,0.729124,0.729492,0.729010,0.729377,50
2024-06-06 02:00:00,0.729377,0.729883,0.729372,0.729878,50
2024-06-06 03:00:00,0.729878,0.730106,0.729841,0.730069,50
2024-06-06 04:00:00,0.730069,0.730170,0.730049,0.730150,50
2024-06-06 05:00:00,0.730150,0.730246,0.730125,0.730221,50
2024-06-06 06:00:00,0.730221,0.730335,0.730171,0.730285,50
2024-06-06 07:00:00,0.730285,0.730464,0.730282,0.730462,50
2024-06-06 08:00:00,0.730462,0.730777,0.730377,0.730692,50
2024-06-06 09:00:00,0.730692,0.730888,0.730608,0.730804,50
2024-06-06 10:00:00,0.730804,0.730890,0.730488,0.730574,50
2024-06-06 11:00:00,0.730574,0.730973,0.730482,0.730881,50
2024-06-06 12:00:00,0.730881,0.730953,0.730571,0.730642,50
2024-06-06 13:00:00,0.730642,0.730700,0.730568,0.730626,50
2024-06-06 14:00:00,0.730626,0.730642,0.730537,0.730553,50
2024-06-06 15:00:00,0.730553,0.730917,0.730465,0.730830,50
2024-06-06 16:00:00,0.730830,0.730921,0.730443,0.730534,50
2024-06-06 17:00:00,0.730534,0.730815,0.730469,0.730750,50
2024-06-06 18:00:00,0.730750,0.730752,0.730629,0.730631,50
2024-06-06 19:00:00,0.730631,0.730904,0.730560,0.730833,50
2024-06-06 20:00:00,0.730833,0.730974,0.730769,0.730910,50
2024-06-06 21:00:00,0.730910,0.731351,0.730876,0.731317,50
2024-06-06 22:00:00,0.731317,0.731406,0.731179,0.731268,50
2024-06-06 23:00:00,0.731268,0.731374,0.730675,0.730780,50
2024-06-07 00:00:00,0.730780,0.731542,0.730689,0.731450,50
2024-06-07 01:00:00,0.731450,0.731729,0.730423,0.730702,50
2024-06-07 02:00:00,0.730702,0.730945,0.730225,0.730468,50
2024-06-07 03:00:00,0.730468,0.730585,0.730399,0.730516,50
2024-06-07 04:00:00,0.730516,0.730734,0.730168,0.730387,50
2024-06-07 05:00:00,0.730387,0.730521,0.729787,0.729921,50
2024-06-07 06:00:00,0.729921,0.729937,0.729729,0.729744,50
2024-06-07 07:00:00,0.729744,0.729969,0.729254,0.729478,50
2024-06-07 08:00:00,0.729478,0.729689,0.729385,0.729596,50
2024-06-07 09:00:00,0.729596,0.729858,0.728880,0.729143,50
2024-06-07 10:00:00,0.729143,0.729404,0.728451,0.728712,50
2024-06-07 11:00:00,0.728712,0.728890,0.728439,0.728617,50
2024-06-07 12:00:00,0.728617,0.728998,0.728477,0.728858,50
2024-06-07 13:00:00,0.728858,0.729099,0.727901,0.728142,50
2024-06-07 14:00:00,0.728142,0.728332,0.726572,0.726762,50
2024-06-07 15:00:00,0.726762,0.727051,0.726616,0.726905,50
2024-06-07 16:00:00,0.726905,0.727197,0.726779,0.727071,50
2024-06-07 17:00:00,0.727071,0.727534,0.727043,0.727506,50
2024-06-07 18:00:00,0.727506,0.727664,0.727247,0.727405,50
2024-06-07 19:00:00,0.727405,0.727832,0.727284,0.727711,50
2024-06-07 20:00:00,0.727711,0.727955,0.727260,0.727504,50
2024-06-07 21:00:00,0.727504,0.727979,0.727492,0.727967,50
2024-06-07 22:00:00,0.727967,0.728506,0.727882,0.728421,50
2024-06-07 23:00:00,0.728421,0.728672,0.727180,0.727431,50
2024-06-10 00:00:00,0.727431,0.728427,0.727315,0.728310,50
2024-06-10 01:00:00,0.728310,0.728397,0.728042,0.728128,50
2024-06-10 02:00:00,0.728128,0.728229,0.727379,0.727480,50
2024-06-10 03:00:00,0.727480,0.727746,0.727457,0.727723,50
2024-06-10 04:00:00,0.727723,0.727777,0.727635,0.727689,50
2024-06-10 05:00:00,0.727689,0.727747,0.727301,0.727359,50
2024-06-10 06:00:00,0.727359,0.727443,0.726978,0.727063,50
2024-06-10 07:00:00,0.727063,0.727086,0.726909,0.726932,50
2024-06-10 08:00:00,0.726932,0.727981,0.726819,0.727869,50
2024-06-10 09:00:00,0.727869,0.728251,0.727765,0.728147,50
2024-06-10 10:00:00,0.728147,0.728166,0.727517,0.727535,50
2024-06-10 11:00:00,0.727535,0.727816,0.727472,0.727753,50
2024-06-10 12:00:00,0.727753,0.727856,0.727384,0.727487,50
2024-06-10 13:00:00,0.727487,0.727555,0.727140,0.727208,50
2024-06-10 14:00:00,0.727208,0.727329,0.726008,0.726129,50
2024-06-10 15:00:00,0.726129,0.727197,0.726069,0.727136,50
2024-06-10 16:00:00,0.727136,0.727239,0.727037,0.727140,50
2024-06-10 17:00:00,0.727140,0.727209,0.726822,0.726891,50
2024-06-10 18:00:00,0.726891,0.727234,0.726829,0.727172,50
2024-06-10 19:00:00,0.727172,0.727398,0.727162,0.727388,50
2024-06-10 20:00:00,0.727388,0.727659,0.727282,0.727554,50
2024-06-10 21:00:00,0.727554,0.727581,0.727102,0.727130,50
2024-06-10 22:00:00,0.727130,0.727231,0.726956,0.727057,50
2024-06-10 23:00:00,0.727057,0.727145,0.726921,0.727008,50
2024-06-11 00:00:00,0.727008,0.727063,0.726691,0.726745,50
2024-06-11 01:00:00,0.726745,0.726840,0.726318,0.726413,50
2024-06-11 02:00:00,0.726413,0.726473,0.726298,0.726359,50
2024-06-11 03:00:00,0.726359,0.726694,0.726332,0.726667,50
2024-06-11 04:00:00,0.726667,0.726706,0.725921,0.725960,50
2024-06-11 05:00:00,0.725960,0.726049,0.725592,0.725681,50
2024-06-11 06:00:00,0.725681,0.726327,0.725553,0.726199,50
2024-06-11 07:00:00,0.726199,0.726423,0.726194,0.726419,50
2024-06-11 08:00:00,0.726419,0.726757,0.726360,0.726698,50
2024-06-11 09:00:00,0.726698,0.726794,0.726534,0.726630,50
2024-06-11 10:00:00,0.726630,0.727460,0.726522,0.727351,50
2024-06-11 11:00:00,0.727351,0.727387,0.727025,0.727061,50
2024-06-11 12:00:00,0.727061,0.727401,0.726988,0.727328,50
2024-06-11 13:00:00,0.727328,0.727430,0.727263,0.727365,50
2024-06-11 14:00:00,0.727365,0.727572,0.727263,0.727470,50
2024-06-11 15:00:00,0.727470,0.727667,0.727441,0.727638,50
2024-06-11 16:00:00,0.727638,0.727726,0.727104,0.727193,50
2024-06-11 17:00:00,0.727193,0.727486,0.727088,0.727382,50
2024-06-11 18:00:00,0.727382,0.727575,0.727282,0.727476,50
2024-06-11 19:00:00,0.727476,0.727988,0.727348,0.727860,50
2024-06-11 20:00:00,0.727860,0.727989,0.727324,0.727453,50
2024-06-11 21:00:00,0.727453,0.727546,0.726665,0.726758,50
2024-06-11 22:00:00,0.726758,0.727003,0.726739,0.726984,50
2024-06-11 23:00:00,0.726984,0.727102,0.726415,0.726533,50
2024-06-12 00:00:00,0.726533,0.729367,0.726285,0.729119,50
2024-06-12 01:00:00,0.729119,0.729507,0.728855,0.729243,50
2024-06-12 02:00:00,0.729243,0.729445,0.727759,0.727961,50
2024-06-12 03:00:00,0.727961,0.728068,0.727156,0.727263,50
2024-06-12 04:00:00,0.727263,0.727557,0.726883,0.727176,50
2024-06-12 05:00:00,0.727176,0.727406,0.726132,0.726362,50
2024-06-12 06:00:00,0.726362,0.726524,0.725586,0.725748,50
2024-06-12 07:00:00,0.725748,0.727377,0.725548,0.727178,50
2024-06-12 08:00:00,0.727178,0.727250,0.725787,0.725859,50
2024-06-12 09:00:00,0.725859,0.726408,0.725804,0.726353,50
2024-06-12 10:00:00,0.726353,0.726445,0.726295,0.726387,50
2024-06-12 11:00:00,0.726387,0.726648,0.725851,0.726112,50
2024-06-12 12:00:00,0.726112,0.727672,0.725929,0.727489,50
2024-06-12 13:00:00,0.727489,0.727791,0.727069,0.727371,50
2024-06-12 14:00:00,0.727371,0.727522,0.727309,0.727460,50
2024-06-12 15:00:00,0.727460,0.727662,0.726960,0.727162,50
2024-06-12 16:00:00,0.727162,0.727675,0.726882,0.727394,50
2024-06-12 17:00:00,0.727394,0.728611,0.727337,0.728554,50
2024-06-12 18:00:00,0.728554,0.728731,0.728537,0.728715,50
2024-06-12 19:00:00,0.728715,0.729719,0.728683,0.729686,50
2024-06-12 20:00:00,0.729686,0.731248,0.729684,0.731246,50
2024-06-12 21:00:00,0.731246,0.731568,0.729939,0.730262,50
2024-06-12 22:00:00,0.730262,0.730270,0.730143,0.730152,50
2024-06-12 23:00:00,0.730152,0.730698,0.729914,0.730460,50
2024-06-13 00:00:00,0.730460,0.730639,0.728412,0.728591,50
2024-06-13 01:00:00,0.728591,0.729297,0.728554,0.729260,50
2024-06-13 02:00:00,0.729260,0.729407,0.729155,0.729303,50
2024-06-13 03:00:00,0.729303,0.729683,0.729172,0.729552,50
2024-06-13 04:00:00,0.729552,0.730781,0.729322,0.730550,50
2024-06-13 05:00:00,0.730550,0.730620,0.729633,0.729702,50
2024-06-13 06:00:00,0.729702,0.729792,0.729517,0.729606,50
2024-06-13 07:00:00,0.729606,0.729814,0.729370,0.729578,50
2024-06-13 08:00:00,0.729578,0.731127,0.729506,0.731055,50
2024-06-13 09:00:00,0.731055,0.731303,0.730450,0.730697,50
2024-06-13 10:00:00,0.730697,0.730745,0.729964,0.730012,50
2024-06-13 11:00:00,0.730012,0.730220,0.729437,0.729644,50
2024-06-13 12:00:00,0.729644,0.729652,0.729270,0.729278,50
2024-06-13 13:00:00,0.729278,0.729482,0.729062,0.729266,50
2024-06-13 14:00:00,0.729266,0.729473,0.729081,0.729288,50
2024-06-13 15:00:00,0.729288,0.729416,0.728365,0.728493,50
2024-06-13 16:00:00,0.728493,0.728559,0.727601,0.727667,50
2024-06-13 17:00:00,0.727667,0.728232,0.727660,0.728225,50
2024-06-13 18:00:00,0.728225,0.728318,0.726987,0.727080,50
2024-06-13 19:00:00,0.727080,0.727251,0.726719,0.726889,50
2024-06-13 20:00:00,0.726889,0.727067,0.726837,0.727015,50
2024-06-13 21:00:00,0.727015,0.727508,0.726931,0.727424,50
2024-06-13 22:00:00,0.727424,0.728583,0.727203,0.728362,50
2024-06-13 23:00:00,0.728362,0.728609,0.727238,0.727484,50
2024-06-14 00:00:00,0.727484,0.727615,0.726553,0.726684,50
2024-06-14 01:00:00,0.726684,0.726874,0.726586,0.726777,50
2024-06-14 02:00:00,0.726777,0.727011,0.726745,0.726979,50
2024-06-14 03:00:00,0.726979,0.727246,0.726962,0.727229,50
2024-06-14 04:00:00,0.727229,0.727362,0.727135,0.727267,50
2024-06-14 05:00:00,0.727267,0.727693,0.727210,0.727636,50
2024-06-14 06:00:00,0.727636,0.727963,0.727508,0.727835,50
2024-06-14 07:00:00,0.727835,0.728015,0.727709,0.727889,50
2024-06-14 08:00:00,0.727889,0.728017,0.727879,0.728007,50
2024-06-14 09:00:00,0.728007,0.728034,0.727721,0.727748,50
2024-06-14 10:00:00,0.727748,0.727878,0.727455,0.727585,50
2024-06-14 11:00:00,0.727585,0.728060,0.727553,0.728028,50
2024-06-14 12:00:00,0.728028,0.728151,0.727728,0.727852,50
2024-06-14 13:00:00,0.727852,0.727956,0.727549,0.727652,50
2024-06-14 14:00:00,0.727652,0.727843,0.727554,0.727745,50
2024-06-14 15:00:00,0.727745,0.727771,0.727721,0.727747,50
2024-06-14 16:00:00,0.727747,0.728159,0.727711,0.728123,50
2024-06-14 17:00:00,0.728123,0.728201,0.727726,0.727804,50
2024-06-14 18:00:00,0.727804,0.728094,0.727782,0.728072,50
2024-06-14 19:00:00,0.728072,0.728331,0.727943,0.728202,50
2024-06-14 20:00:00,0.728202,0.728341,0.728185,0.728324,50
2024-06-14 21:00:00,0.728324,0.728463,0.728200,0.728340,50
2024-06-14 22:00:00,0.728340,0.728675,0.728302,0.728638,50
2024-06-14 23:00:00,0.728638,0.728760,0.727945,0.728067,50
2024-06-17 00:00:00,0.728067,0.728485,0.728040,0.728459,50
2024-06-17 01:00:00,0.728459,0.728745,0.728421,0.728708,50
2024-06-17 02:00:00,0.728708,0.728723,0.728568,0.728584,50
2024-06-17 03:00:00,0.728584,0.728668,0.728369,0.728453,50
2024-06-17 04:00:00,0.728453,0.728548,0.728377,0.728472,50
2024-06-17 05:00:00,0.728472,0.728568,0.728465,0.728561,50
2024-06-17 06:00:00,0.728561,0.728563,0.728175,0.728177,50
2024-06-17 07:00:00,0.728177,0.728215,0.728101,0.728140,50
2024-06-17 08:00:00,0.728140,0.728250,0.727798,0.727908,50
2024-06-17 09:00:00,0.727908,0.728155,0.727795,0.728042,50
2024-06-17 10:00:00,0.728042,0.728084,0.727842,0.727885,50
2024-06-17 11:00:00,0.727885,0.727998,0.727697,0.727810,50
2024-06-17 12:00:00,0.727810,0.727886,0.726986,0.727063,50
2024-06-17 13:00:00,0.727063,0.727163,0.726795,0.726895,50
2024-06-17 14:00:00,0.726895,0.726997,0.726713,0.726815,50
2024-06-17 15:00:00,0.726815,0.726819,0.726806,0.726810,50
2024-06-17 16:00:00,0.726810,0.726978,0.726748,0.726916,50
2024-06-17 17:00:00,0.726916,0.727039,0.726403,0.726526,50
2024-06-17 18:00:00,0.726526,0.726808,0.726446,0.726727,50
2024-06-17 19:00:00,0.726727,0.726741,0.726710,0.726724,50
2024-06-17 20:00:00,0.726724,0.726946,0.726668,0.726890,50
2024-06-17 21:00:00,0.726890,0.727398,0.726810,0.727317,50
2024-06-17 22:00:00,0.727317,0.727528,0.727195,0.727406,50
2024-06-17 23:00:00,0.727406,0.727467,0.727105,0.727167,50
2024-06-18 00:00:00,0.727167,0.727416,0.727040,0.727288,50
2024-06-18 01:00:00,0.727288,0.727467,0.727184,0.727363,50
2024-06-18 02:00:00,0.727363,0.727486,0.727223,0.727347,50
2024-06-18 03:00:00,0.727347,0.727529,0.727279,0.727462,50
2024-06-18 04:00:00,0.727462,0.727551,0.727177,0.727266,50
2024-06-18 05:00:00,0.727266,0.727360,0.726847,0.726941,50
2024-06-18 06:00:00,0.726941,0.727285,0.726823,0.727167,50
2024-06-18 07:00:00,0.727167,0.727338,0.727040,0.727211,50
2024-06-18 08:00:00,0.727211,0.727327,0.727144,0.727261,50
2024-06-18 09:00:00,0.727261,0.727337,0.727184,0.727260,50
2024-06-18 10:00:00,0.727260,0.727321,0.727221,0.727281,50
2024-06-18 11:00:00,0.727281,0.727351,0.727078,0.727148,50
2024-06-18 12:00:00,0.727148,0.727253,0.726907,0.727013,50
2024-06-18 13:00:00,0.727013,0.727350,0.726916,0.727253,50
2024-06-18 14:00:00,0.727253,0.727723,0.727198,0.727668,50
2024-06-18 15:00:00,0.727668,0.728079,0.727665,0.728076,50
2024-06-18 16:00:00,0.728076,0.728166,0.727966,0.728056,50
2024-06-18 17:00:00,0.728056,0.728226,0.728030,0.728201,50
2024-06-18 18:00:00,0.728201,0.728463,0.728097,0.728359,50
2024-06-18 19:00:00,0.728359,0.728509,0.728335,0.728485,50
2024-06-18 20:00:00,0.728485,0.728726,0.728398,0.728639,50
2024-06-18 21:00:00,0.728639,0.729080,0.728551,0.728992,50
2024-06-18 22:00:00,0.728992,0.729065,0.728920,0.728993,50
2024-06-18 23:00:00,0.728993,0.729056,0.728641,0.728704,50
2024-06-20 00:00:00,0.728704,0.728914,0.728637,0.728848,50
2024-06-20 01:00:00,0.728848,0.729427,0.728731,0.729310,50
2024-06-20 02:00:00,0.729310,0.729382,0.728922,0.728994,50
2024-06-20 03:00:00,0.728994,0.729372,0.728971,0.729349,50
2024-06-20 04:00:00,0.729349,0.729751,0.729309,0.729711,50
2024-06-20 05:00:00,0.729711,0.729764,0.729631,0.729684,50
2024-06-20 06:00:00,0.729684,0.729748,0.729353,0.729417,50
2024-06-20 07:00:00,0.729417,0.729801,0.729392,0.729775,50
2024-06-20 08:00:00,0.729775,0.730161,0.729714,0.730101,50
2024-06-20 09:00:00,0.730101,0.730424,0.730006,0.730330,50
2024-06-20 10:00:00,0.730330,0.730416,0.729553,0.729639,50
2024-06-20 11:00:00,0.729639,0.729716,0.728877,0.728954,50
2024-06-20 12:00:00,0.728954,0.728963,0.728248,0.728257,50
2024-06-20 13:00:00,0.728257,0.728297,0.728100,0.728141,50
2024-06-20 14:00:00,0.728141,0.728667,0.728118,0.728644,50
2024-06-20 15:00:00,0.728644,0.729190,0.728619,0.729165,50
2024-06-20 16:00:00,0.729165,0.729624,0.729142,0.729602,50
2024-06-20 17:00:00,0.729602,0.729805,0.729472,0.729675,50
2024-06-20 18:00:00,0.729675,0.729943,0.729638,0.729906,50
2024-06-20 19:00:00,0.729906,0.730018,0.729255,0.729367,50
2024-06-20 20:00:00,0.729367,0.729445,0.728855,0.728933,50
2024-06-20 21:00:00,0.728933,0.729021,0.728810,0.728898,50
2024-06-20 22:00:00,0.728898,0.728959,0.728642,0.728703,50
2024-06-20 23:00:00,0.728703,0.729859,0.728611,0.729767,50
2024-06-21 00:00:00,0.729767,0.730042,0.729664,0.729939,50
2024-06-21 01:00:00,0.729939,0.729990,0.729858,0.729909,50
2024-06-21 02:00:00,0.729909,0.729918,0.729360,0.729369,50
2024-06-21 03:00:00,0.729369,0.729559,0.729277,0.729466,50
2024-06-21 04:00:00,0.729466,0.729782,0.729400,0.729716,50
2024-06-21 05:00:00,0.729716,0.730022,0.729644,0.729950,50
2024-06-21 06:00:00,0.729950,0.729961,0.729063,0.729074,50
2024-06-21 07:00:00,0.729074,0.729136,0.728809,0.728872,50
2024-06-21 08:00:00,0.728872,0.728987,0.728690,0.728805,50
2024-06-21 09:00:00,0.728805,0.729140,0.728692,0.729026,50
2024-06-21 10:00:00,0.729026,0.729580,0.728962,0.729516,50
2024-06-21 11:00:00,0.729516,0.729538,0.729421,0.729443,50
2024-06-21 12:00:00,0.729443,0.729969,0.729359,0.729886,50
2024-06-21 13:00:00,0.729886,0.730427,0.729766,0.730307,50
2024-06-21 14:00:00,0.730307,0.730421,0.730157,0.730271,50
2024-06-21 15:00:00,0.730271,0.731085,0.730181,0.730995,50
2024-06-21 16:00:00,0.730995,0.731114,0.730719,0.730838,50
2024-06-21 17:00:00,0.730838,0.730880,0.730399,0.730440,50
2024-06-21 18:00:00,0.730440,0.730696,0.730413,0.730669,50
2024-06-21 19:00:00,0.730669,0.730782,0.730328,0.730441,50
2024-06-21 20:00:00,0.730441,0.730523,0.729727,0.729809,50
2024-06-21 21:00:00,0.729809,0.729821,0.729697,0.729710,50
2024-06-21 22:00:00,0.729710,0.729966,0.729695,0.729951,50
2024-06-21 23:00:00,0.729951,0.730109,0.729875,0.730034,50
2024-06-24 00:00:00,0.730034,0.730141,0.730020,0.730127,50
2024-06-24 01:00:00,0.730127,0.730210,0.729604,0.729687,50
2024-06-24 02:00:00,0.729687,0.729795,0.729498,0.729606,50
2024-06-24 03:00:00,0.729606,0.730502,0.729593,0.730489,50
2024-06-24 04:00:00,0.730489,0.730821,0.730396,0.730727,50
2024-06-24 05:00:00,0.730727,0.731718,0.730620,0.731611,50
2024-06-24 06:00:00,0.731611,0.732080,0.731455,0.731924,50
2024-06-24 07:00:00,0.731924,0.731966,0.731737,0.731779,50
2024-06-24 08:00:00,0.731779,0.731856,0.731607,0.731685,50
2024-06-24 09:00:00,0.731685,0.731816,0.731027,0.731158,50
2024-06-24 10:00:00,0.731158,0.731399,0.731126,0.731368,50
2024-06-24 11:00:00,0.731368,0.731953,0.731356,0.731940,50
2024-06-24 12:00:00,0.731940,0.732000,0.731242,0.731302,50
2024-06-24 13:00:00,0.731302,0.731793,0.731176,0.731668,50
2024-06-24 14:00:00,0.731668,0.731757,0.731448,0.731537,50
2024-06-24 15:00:00,0.731537,0.731820,0.731377,0.731659,50
2024-06-24 16:00:00,0.731659,0.732300,0.731528,0.732169,50
2024-06-24 17:00:00,0.732169,0.732513,0.732066,0.732410,50
2024-06-24 18:00:00,0.732410,0.732588,0.732065,0.732243,50
2024-06-24 19:00:00,0.732243,0.732431,0.732132,0.732321,50
2024-06-24 20:00:00,0.732321,0.732414,0.732161,0.732253,50
2024-06-24 21:00:00,0.732253,0.732635,0.732217,0.732599,50
2024-06-24 22:00:00,0.732599,0.732758,0.732314,0.732473,50
2024-06-24 23:00:00,0.732473,0.732632,0.732012,0.732172,50
2024-06-25 00:00:00,0.732172,0.732239,0.732105,0.732172,50
2024-06-25 01:00:00,0.732172,0.732223,0.732120,0.732172,50
2024-06-25 02:00:00,0.732172,0.732263,0.732081,0.732172,50
2024-06-25 03:00:00,0.732172,0.732227,0.732116,0.732172,50
2024-06-25 04:00:00,0.732172,0.732279,0.732064,0.732172,50
2024-06-25 05:00:00,0.732172,0.732255,0.732088,0.732172,50
2024-06-25 06:00:00,0.732172,0.732246,0.732097,0.732172,50
2024-06-25 07:00:00,0.732172,0.732288,0.732055,0.732172,50
2024-06-25 08:00:00,0.732172,0.732253,0.732090,0.732172,50
2024-06-25 09:00:00,0.732172,0.732201,0.732142,0.732172,50
2024-06-25 10:00:00,0.732172,0.732255,0.732088,0.732172,50
2024-06-25 11:00:00,0.732172,0.732213,0.732130,0.732172,50
2024-06-25 12:00:00,0.732172,0.732211,0.732132,0.732172,50
2024-06-25 13:00:00,0.732172,0.732173,0.732170,0.732172,50
2024-06-25 14:00:00,0.732172,0.732269,0.732074,0.732172,50
2024-06-25 15:00:00,0.732172,0.732190,0.732153,0.732172,50
2024-06-25 16:00:00,0.732172,0.732287,0.732057,0.732172,50
2024-06-25 17:00:00,0.732172,0.732180,0.732163,0.732172,50
2024-06-25 18:00:00,0.732172,0.732291,0.732053,0.732172,50
2024-06-25 19:00:00,0.732172,0.732274,0.732069,0.732172,50
2024-06-25 20:00:00,0.732172,0.732250,0.732094,0.732172,50
2024-06-25 21:00:00,0.732172,0.732236,0.732108,0.732172,50
2024-06-25 22:00:00,0.732172,0.732221,0.732123,0.732172,50
2024-06-25 23:00:00,0.732172,0.732242,0.732101,0.732172,50
2024-06-26 00:00:00,0.732172,0.732204,0.730649,0.730682,50
2024-06-26 01:00:00,0.730682,0.730984,0.730616,0.730918,50
2024-06-26 02:00:00,0.730918,0.732197,0.730847,0.732126,50
2024-06-26 03:00:00,0.732126,0.732675,0.732040,0.732589,50
2024-06-26 04:00:00,0.732589,0.732731,0.732345,0.732488,50
2024-06-26 05:00:00,0.732488,0.732524,0.731456,0.731491,50
2024-06-26 06:00:00,0.731491,0.731585,0.730362,0.730456,50
2024-06-26 07:00:00,0.730456,0.730592,0.729533,0.729670,50
2024-06-26 08:00:00,0.729670,0.729854,0.729659,0.729843,50
2024-06-26 09:00:00,0.729843,0.731043,0.729805,0.731004,50
2024-06-26 10:00:00,0.731004,0.731152,0.729998,0.730146,50
2024-06-26 11:00:00,0.730146,0.730732,0.730027,0.730613,50
2024-06-26 12:00:00,0.730613,0.731160,0.730559,0.731106,50
2024-06-26 13:00:00,0.731106,0.731336,0.731038,0.731269,50
2024-06-26 14:00:00,0.731269,0.731407,0.729881,0.730019,50
2024-06-26 15:00:00,0.730019,0.730129,0.729779,0.729889,50
2024-06-26 16:00:00,0.729889,0.731102,0.729824,0.731037,50
2024-06-26 17:00:00,0.731037,0.732014,0.730905,0.731881,50
2024-06-26 18:00:00,0.731881,0.732159,0.731870,0.732148,50
2024-06-26 19:00:00,0.732148,0.732373,0.732004,0.732229,50
2024-06-26 20:00:00,0.732229,0.732258,0.731728,0.731758,50
2024-06-26 21:00:00,0.731758,0.731794,0.730942,0.730978,50
2024-06-26 22:00:00,0.730978,0.731146,0.730835,0.731003,50
2024-06-26 23:00:00,0.731003,0.731113,0.729976,0.730087,50
2024-06-27 00:00:00,0.730087,0.730185,0.729567,0.729665,50
2024-06-27 01:00:00,0.729665,0.729750,0.729246,0.729331,50
2024-06-27 02:00:00,0.729331,0.729494,0.729265,0.729427,50
2024-06-27 03:00:00,0.729427,0.729471,0.729254,0.729297,50
2024-06-27 04:00:00,0.729297,0.729314,0.729081,0.729098,50
2024-06-27 05:00:00,0.729098,0.729281,0.728968,0.729150,50
2024-06-27 06:00:00,0.729150,0.729328,0.729138,0.729315,50
2024-06-27 07:00:00,0.729315,0.729617,0.729276,0.729577,50
2024-06-27 08:00:00,0.729577,0.729700,0.729284,0.729408,50
2024-06-27 09:00:00,0.729408,0.729884,0.729397,0.729873,50
2024-06-27 10:00:00,0.729873,0.730237,0.729827,0.730191,50
2024-06-27 11:00:00,0.730191,0.730604,0.730060,0.730473,50
2024-06-27 12:00:00,0.730473,0.730567,0.730381,0.730476,50
2024-06-27 13:00:00,0.730476,0.730962,0.730445,0.730931,50
2024-06-27 14:00:00,0.730931,0.731060,0.730905,0.731034,50
2024-06-27 15:00:00,0.731034,0.731144,0.730674,0.730785,50
2024-06-27 16:00:00,0.730785,0.730944,0.730688,0.730847,50
2024-06-27 17:00:00,0.730847,0.730870,0.730739,0.730762,50
2024-06-27 18:00:00,0.730762,0.730870,0.730608,0.730716,50
2024-06-27 19:00:00,0.730716,0.731295,0.730650,0.731228,50
2024-06-27 20:00:00,0.731228,0.731411,0.731106,0.731289,50
2024-06-27 21:00:00,0.731289,0.731414,0.730947,0.731072,50
2024-06-27 22:00:00,0.731072,0.731157,0.730452,0.730537,50
2024-06-27 23:00:00,0.730537,0.730635,0.730202,0.730300,50
2024-06-28 00:00:00,0.730300,0.730359,0.729968,0.730027,50
2024-06-28 01:00:00,0.730027,0.730037,0.729736,0.729747,50
2024-06-28 02:00:00,0.729747,0.729873,0.729603,0.729730,50
2024-06-28 03:00:00,0.729730,0.729795,0.729716,0.729781,50
2024-06-28 04:00:00,0.729781,0.729877,0.729757,0.729852,50
2024-06-28 05:00:00,0.729852,0.729933,0.729515,0.729596,50
2024-06-28 06:00:00,0.729596,0.729688,0.729352,0.729444,50
2024-06-28 07:00:00,0.729444,0.729716,0.729316,0.729588,50
2024-06-28 08:00:00,0.729588,0.729810,0.729484,0.729706,50
2024-06-28 09:00:00,0.729706,0.730265,0.729646,0.730205,50
2024-06-28 10:00:00,0.730205,0.730449,0.730112,0.730355,50
2024-06-28 11:00:00,0.730355,0.730382,0.730291,0.730317,50
2024-06-28 12:00:00,0.730317,0.730487,0.730309,0.730478,50
2024-06-28 13:00:00,0.730478,0.730599,0.730359,0.730479,50
2024-06-28 14:00:00,0.730479,0.730528,0.730439,0.730488,50
2024-06-28 15:00:00,0.730488,0.730677,0.730453,0.730642,50
2024-06-28 16:00:00,0.730642,0.730939,0.730515,0.730813,50
2024-06-28 17:00:00,0.730813,0.731127,0.730770,0.731084,50
2024-06-28 18:00:00,0.731084,0.731432,0.730980,0.731328,50
2024-06-28 19:00:00,0.731328,0.731446,0.731278,0.731397,50
2024-06-28 20:00:00,0.731397,0.731656,0.731378,0.731636,50
2024-06-28 21:00:00,0.731636,0.731684,0.731566,0.731613,50
2024-06-28 22:00:00,0.731613,0.731724,0.731423,0.731534,50
2024-06-28 23:00:00,0.731534,0.731539,0.730775,0.730780,50
2024-07-01 00:00:00,0.730780,0.731012,0.728883,0.729115,50
2024-07-01 01:00:00,0.729115,0.729501,0.728904,0.729290,50
2024-07-01 02:00:00,0.729290,0.729458,0.728052,0.728220,50
2024-07-01 03:00:00,0.728220,0.728703,0.728064,0.728546,50
2024-07-01 04:00:00,0.728546,0.728712,0.728379,0.728544,50
2024-07-01 05:00:00,0.728544,0.729214,0.728291,0.728961,50
2024-07-01 06:00:00,0.728961,0.729706,0.728716,0.729460,50
2024-07-01 07:00:00,0.729460,0.729827,0.729436,0.729802,50
2024-07-01 08:00:00,0.729802,0.730995,0.729721,0.730914,50
2024-07-01 09:00:00,0.730914,0.731579,0.730732,0.731397,50
2024-07-01 10:00:00,0.731397,0.731538,0.729977,0.730118,50
2024-07-01 11:00:00,0.730118,0.730295,0.728915,0.729092,50
2024-07-01 12:00:00,0.729092,0.729492,0.729066,0.729465,50
2024-07-01 13:00:00,0.729465,0.730072,0.729441,0.730048,50
2024-07-01 14:00:00,0.730048,0.730205,0.729622,0.729779,50
2024-07-01 15:00:00,0.729779,0.729801,0.729437,0.729459,50
2024-07-01 16:00:00,0.729459,0.729558,0.728247,0.728346,50
2024-07-01 17:00:00,0.728346,0.728522,0.727829,0.728005,50
2024-07-01 18:00:00,0.728005,0.728571,0.727868,0.728435,50
2024-07-01 19:00:00,0.728435,0.728662,0.728107,0.728334,50
2024-07-01 20:00:00,0.728334,0.728517,0.727412,0.727595,50
2024-07-01 21:00:00,0.727595,0.727635,0.727040,0.727079,50
2024-07-01 22:00:00,0.727079,0.727256,0.726957,0.727134,50
2024-07-01 23:00:00,0.727134,0.727856,0.726974,0.727696,50
2024-07-02 00:00:00,0.727696,0.729866,0.727573,0.729743,50
2024-07-02 01:00:00,0.729743,0.730298,0.729602,0.730158,50
2024-07-02 02:00:00,0.730158,0.730359,0.729662,0.729864,50
2024-07-02 03:00:00,0.729864,0.729967,0.729722,0.729826,50
2024-07-02 04:00:00,0.729826,0.730904,0.729648,0.730726,50
2024-07-02 05:00:00,0.730726,0.730845,0.730531,0.730651,50
2024-07-02 06:00:00,0.730651,0.730800,0.729603,0.729751,50
2024-07-02 07:00:00,0.729751,0.730988,0.729713,0.730949,50
2024-07-02 08:00:00,0.730949,0.730966,0.729295,0.729311,50
2024-07-02 09:00:00,0.729311,0.730329,0.729105,0.730122,50
2024-07-02 10:00:00,0.730122,0.730655,0.729956,0.730490,50
2024-07-02 11:00:00,0.730490,0.730605,0.728614,0.728729,50
2024-07-02 12:00:00,0.728729,0.729296,0.728506,0.729073,50
2024-07-02 13:00:00,0.729073,0.729183,0.727898,0.728008,50
2024-07-02 14:00:00,0.728008,0.728058,0.727686,0.727736,50
2024-07-02 15:00:00,0.727736,0.730379,0.727569,0.730212,50
2024-07-02 16:00:00,0.730212,0.730430,0.729273,0.729492,50
2024-07-02 17:00:00,0.729492,0.729498,0.728382,0.728388,50
2024-07-02 18:00:00,0.728388,0.729744,0.728316,0.729672,50
2024-07-02 19:00:00,0.729672,0.729859,0.727880,0.728067,50
2024-07-02 20:00:00,0.728067,0.728119,0.727848,0.727899,50
2024-07-02 21:00:00,0.727899,0.728084,0.726969,0.727154,50
2024-07-02 22:00:00,0.727154,0.728729,0.727009,0.728584,50
2024-07-02 23:00:00,0.728584,0.730615,0.728376,0.730407,50
2024-07-03 00:00:00,0.730407,0.730573,0.729522,0.729688,50
2024-07-03 01:00:00,0.729688,0.730218,0.729519,0.730049,50
2024-07-03 02:00:00,0.730049,0.730320,0.730040,0.730310,50
2024-07-03 03:00:00,0.730310,0.730902,0.730102,0.730694,50
2024-07-03 04:00:00,0.730694,0.730790,0.730071,0.730168,50
2024-07-03 05:00:00,0.730168,0.731376,0.730080,0.731288,50
2024-07-03 06:00:00,0.731288,0.731897,0.731014,0.731623,50
2024-07-03 07:00:00,0.731623,0.731802,0.731167,0.731346,50
2024-07-03 08:00:00,0.731346,0.731984,0.731223,0.731861,50
2024-07-03 09:00:00,0.731861,0.733509,0.731589,0.733236,50
2024-07-03 10:00:00,0.733236,0.733836,0.733229,0.733829,50
2024-07-03 11:00:00,0.733829,0.734006,0.733306,0.733483,50
2024-07-03 12:00:00,0.733483,0.734086,0.733284,0.733888,50
2024-07-03 13:00:00,0.733888,0.734028,0.733521,0.733662,50
2024-07-03 14:00:00,0.733662,0.733874,0.733318,0.733530,50
2024-07-03 15:00:00,0.733530,0.733612,0.732220,0.732302,50
2024-07-03 16:00:00,0.732302,0.732474,0.732142,0.732314,50
2024-07-03 17:00:00,0.732314,0.733216,0.732127,0.733029,50
2024-07-03 18:00:00,0.733029,0.733167,0.733003,0.733141,50
2024-07-03 19:00:00,0.733141,0.733688,0.732987,0.733534,50
2024-07-03 20:00:00,0.733534,0.734875,0.733377,0.734717,50
2024-07-03 21:00:00,0.734717,0.734781,0.733988,0.734051,50
2024-07-03 22:00:00,0.734051,0.734269,0.733367,0.733585,50
2024-07-03 23:00:00,0.733585,0.734006,0.733578,0.733999,50
2024-07-05 00:00:00,0.733999,0.734570,0.733900,0.734472,50
2024-07-05 01:00:00,0.734472,0.734690,0.734344,0.734562,50
2024-07-05 02:00:00,0.734562,0.734676,0.734044,0.734157,50
2024-07-05 03:00:00,0.734157,0.734432,0.734090,0.734365,50
2024-07-05 04:00:00,0.734365,0.734413,0.734043,0.734091,50
2024-07-05 05:00:00,0.734091,0.734216,0.733963,0.734088,50
2024-07-05 06:00:00,0.734088,0.734193,0.733809,0.733914,50
2024-07-05 07:00:00,0.733914,0.733971,0.733591,0.733648,50
2024-07-05 08:00:00,0.733648,0.733770,0.733426,0.733548,50
2024-07-05 09:00:00,0.733548,0.733618,0.733170,0.733240,50
2024-07-05 10:00:00,0.733240,0.733669,0.733111,0.733540,50
2024-07-05 11:00:00,0.733540,0.733552,0.733142,0.733154,50
2024-07-05 12:00:00,0.733154,0.733567,0.733084,0.733497,50
2024-07-05 13:00:00,0.733497,0.733575,0.733157,0.733235,50
2024-07-05 14:00:00,0.733235,0.733583,0.733152,0.733500,50
2024-07-05 15:00:00,0.733500,0.733817,0.733494,0.733811,50
2024-07-05 16:00:00,0.733811,0.733903,0.733469,0.733561,50
2024-07-05 17:00:00,0.733561,0.733670,0.733476,0.733585,50
2024-07-05 18:00:00,0.733585,0.733647,0.733336,0.733398,50
2024-07-05 19:00:00,0.733398,0.733454,0.733014,0.733070,50
2024-07-05 20:00:00,0.733070,0.733148,0.732851,0.732929,50
2024-07-05 21:00:00,0.732929,0.733260,0.732852,0.733183,50
2024-07-05 22:00:00,0.733183,0.733190,0.733029,0.733036,50
2024-07-05 23:00:00,0.733036,0.733694,0.732964,0.733622,50
2024-07-08 00:00:00,0.733622,0.734355,0.733503,0.734236,50
2024-07-08 01:00:00,0.734236,0.734590,0.734206,0.734560,50
2024-07-08 02:00:00,0.734560,0.734665,0.733726,0.733830,50
2024-07-08 03:00:00,0.733830,0.733915,0.733435,0.733520,50
2024-07-08 04:00:00,0.733520,0.734054,0.733505,0.734039,50
2024-07-08 05:00:00,0.734039,0.734082,0.733547,0.733590,50
2024-07-08 06:00:00,0.733590,0.733707,0.733150,0.733267,50
2024-07-08 07:00:00,0.733267,0.733396,0.732422,0.732552,50
2024-07-08 08:00:00,0.732552,0.733029,0.732506,0.732983,50
2024-07-08 09:00:00,0.732983,0.733593,0.732863,0.733472,50
2024-07-08 10:00:00,0.733472,0.734508,0.733404,0.734440,50
2024-07-08 11:00:00,0.734440,0.734566,0.734388,0.734514,50
2024-07-08 12:00:00,0.734514,0.734602,0.734340,0.734428,50
2024-07-08 13:00:00,0.734428,0.734468,0.733998,0.734039,50
2024-07-08 14:00:00,0.734039,0.734301,0.733936,0.734199,50
2024-07-08 15:00:00,0.734199,0.734303,0.733417,0.733522,50
2024-07-08 16:00:00,0.733522,0.733616,0.733338,0.733433,50
2024-07-08 17:00:00,0.733433,0.733511,0.732715,0.732793,50
2024-07-08 18:00:00,0.732793,0.732849,0.732304,0.732361,50
2024-07-08 19:00:00,0.732361,0.733459,0.732239,0.733338,50
2024-07-08 20:00:00,0.733338,0.733344,0.733133,0.733139,50
2024-07-08 21:00:00,0.733139,0.733176,0.732787,0.732823,50
2024-07-08 22:00:00,0.732823,0.732956,0.732746,0.732879,50
2024-07-08 23:00:00,0.732879,0.733408,0.732770,0.733299,50
2024-07-09 00:00:00,0.733299,0.733376,0.732251,0.732328,50
2024-07-09 01:00:00,0.732328,0.732658,0.732308,0.732637,50
2024-07-09 02:00:00,0.732637,0.733072,0.732576,0.733010,50
2024-07-09 03:00:00,0.733010,0.733158,0.732959,0.733107,50
2024-07-09 04:00:00,0.733107,0.733708,0.733017,0.733618,50
2024-07-09 05:00:00,0.733618,0.733750,0.733060,0.733192,50
2024-07-09 06:00:00,0.733192,0.733317,0.733105,0.733230,50
2024-07-09 07:00:00,0.733230,0.733244,0.733083,0.733097,50
2024-07-09 08:00:00,0.733097,0.733245,0.732970,0.733119,50
2024-07-09 09:00:00,0.733119,0.733375,0.733042,0.733298,50
2024-07-09 10:00:00,0.733298,0.733389,0.733112,0.733203,50
2024-07-09 11:00:00,0.733203,0.733269,0.732914,0.732981,50
2024-07-09 12:00:00,0.732981,0.733526,0.732885,0.733430,50
2024-07-09 13:00:00,0.733430,0.733564,0.733323,0.733457,50
2024-07-09 14:00:00,0.733457,0.734037,0.733409,0.733988,50
2024-07-09 15:00:00,0.733988,0.734425,0.733950,0.734387,50
2024-07-09 16:00:00,0.734387,0.734475,0.734317,0.734405,50
2024-07-09 17:00:00,0.734405,0.734459,0.734372,0.734426,50
2024-07-09 18:00:00,0.734426,0.734536,0.733920,0.734029,50
2024-07-09 19:00:00,0.734029,0.734142,0.733404,0.733517,50
2024-07-09 20:00:00,0.733517,0.733549,0.733367,0.733399,50
2024-07-09 21:00:00,0.733399,0.733458,0.733292,0.733352,50
2024-07-09 22:00:00,0.733352,0.733417,0.733195,0.733259,50
2024-07-09 23:00:00,0.733259,0.733398,0.733215,0.733353,50
2024-07-10 00:00:00,0.733353,0.733717,0.733315,0.733679,50
2024-07-10 01:00:00,0.733679,0.733708,0.733323,0.733353,50
2024-07-10 02:00:00,0.733353,0.733970,0.733236,0.733853,50
2024-07-10 03:00:00,0.733853,0.733950,0.733345,0.733442,50
2024-07-10 04:00:00,0.733442,0.733482,0.733015,0.733055,50
2024-07-10 05:00:00,0.733055,0.733111,0.732949,0.733005,50
2024-07-10 06:00:00,0.733005,0.733228,0.732967,0.733190,50
2024-07-10 07:00:00,0.733190,0.733319,0.732978,0.733108,50
2024-07-10 08:00:00,0.733108,0.733757,0.733045,0.733694,50
2024-07-10 09:00:00,0.733694,0.733986,0.733604,0.733896,50
2024-07-10 10:00:00,0.733896,0.734004,0.733651,0.733759,50
2024-07-10 11:00:00,0.733759,0.733822,0.733668,0.733731,50
2024-07-10 12:00:00,0.733731,0.733847,0.733672,0.733788,50
2024-07-10 13:00:00,0.733788,0.734033,0.733691,0.733936,50
2024-07-10 14:00:00,0.733936,0.734398,0.733876,0.734337,50
2024-07-10 15:00:00,0.734337,0.734400,0.734303,0.734366,50
2024-07-10 16:00:00,0.734366,0.734658,0.734328,0.734621,50
2024-07-10 17:00:00,0.734621,0.735281,0.734550,0.735210,50
2024-07-10 18:00:00,0.735210,0.735299,0.734697,0.734786,50
2024-07-10 19:00:00,0.734786,0.734877,0.734567,0.734658,50
2024-07-10 20:00:00,0.734658,0.734756,0.734561,0.734659,50
2024-07-10 21:00:00,0.734659,0.734765,0.734457,0.734563,50
2024-07-10 22:00:00,0.734563,0.734723,0.734483,0.734644,50
2024-07-10 23:00:00,0.734644,0.734914,0.734591,0.734862,50
2024-07-11 00:00:00,0.734862,0.734875,0.734271,0.734284,50
2024-07-11 01:00:00,0.734284,0.734500,0.734182,0.734398,50
2024-07-11 02:00:00,0.734398,0.735622,0.734323,0.735547,50
2024-07-11 03:00:00,0.735547,0.735709,0.735505,0.735666,50
2024-07-11 04:00:00,0.735666,0.735741,0.734843,0.734918,50
2024-07-11 05:00:00,0.734918,0.734985,0.734597,0.734664,50
2024-07-11 06:00:00,0.734664,0.734670,0.734134,0.734140,50
2024-07-11 07:00:00,0.734140,0.734666,0.734013,0.734539,50
2024-07-11 08:00:00,0.734539,0.735262,0.734493,0.735217,50
2024-07-11 09:00:00,0.735217,0.735471,0.735162,0.735416,50
2024-07-11 10:00:00,0.735416,0.735506,0.734678,0.734769,50
2024-07-11 11:00:00,0.734769,0.734844,0.734343,0.734418,50
2024-07-11 12:00:00,0.734418,0.734543,0.734216,0.734341,50
2024-07-11 13:00:00,0.734341,0.734442,0.733603,0.733705,50
2024-07-11 14:00:00,0.733705,0.734113,0.733644,0.734052,50
2024-07-11 15:00:00,0.734052,0.734618,0.733945,0.734510,50
2024-07-11 16:00:00,0.734510,0.735295,0.734407,0.735192,50
2024-07-11 17:00:00,0.735192,0.735476,0.735108,0.735393,50
2024-07-11 18:00:00,0.735393,0.735438,0.734142,0.734186,50
2024-07-11 19:00:00,0.734186,0.734804,0.734143,0.734761,50
2024-07-11 20:00:00,0.734761,0.735002,0.734760,0.735001,50
2024-07-11 21:00:00,0.735001,0.735623,0.734958,0.735579,50
2024-07-11 22:00:00,0.735579,0.735701,0.733957,0.734079,50
2024-07-11 23:00:00,0.734079,0.734351,0.733996,0.734268,50
2024-07-12 00:00:00,0.734268,0.735285,0.734137,0.735154,50
2024-07-12 01:00:00,0.735154,0.735270,0.734541,0.734658,50
2024-07-12 02:00:00,0.734658,0.734669,0.734544,0.734555,50
2024-07-12 03:00:00,0.734555,0.734591,0.733735,0.733770,50
2024-07-12 04:00:00,0.733770,0.733828,0.733681,0.733738,50
2024-07-12 05:00:00,0.733738,0.733839,0.733026,0.733127,50
2024-07-12 06:00:00,0.733127,0.733489,0.733104,0.733466,50
2024-07-12 07:00:00,0.733466,0.733539,0.732965,0.733038,50
2024-07-12 08:00:00,0.733038,0.733116,0.732874,0.732952,50
2024-07-12 09:00:00,0.732952,0.733556,0.732940,0.733544,50
2024-07-12 10:00:00,0.733544,0.733714,0.733483,0.733653,50
2024-07-12 11:00:00,0.733653,0.733694,0.733574,0.733615,50
2024-07-12 12:00:00,0.733615,0.733787,0.733495,0.733667,50
2024-07-12 13:00:00,0.733667,0.733706,0.733635,0.733674,50
2024-07-12 14:00:00,0.733674,0.733791,0.733009,0.733126,50
2024-07-12 15:00:00,0.733126,0.734160,0.733092,0.734126,50
2024-07-12 16:00:00,0.734126,0.734679,0.734076,0.734628,50
2024-07-12 17:00:00,0.734628,0.734746,0.734457,0.734575,50
2024-07-12 18:00:00,0.734575,0.734671,0.734241,0.734337,50
2024-07-12 19:00:00,0.734337,0.734428,0.733668,0.733759,50
2024-07-12 20:00:00,0.733759,0.733847,0.732925,0.733013,50
2024-07-12 21:00:00,0.733013,0.733240,0.732927,0.733155,50
2024-07-12 22:00:00,0.733155,0.733625,0.733082,0.733553,50
2024-07-12 23:00:00,0.733553,0.733851,0.733539,0.733837,50
2024-07-15 00:00:00,0.733837,0.733983,0.733623,0.733769,50
2024-07-15 01:00:00,0.733769,0.733838,0.733667,0.733736,50
2024-07-15 02:00:00,0.733736,0.733882,0.733649,0.733795,50
2024-07-15 03:00:00,0.733795,0.733923,0.733678,0.733805,50
2024-07-15 04:00:00,0.733805,0.734331,0.733688,0.734213,50
2024-07-15 05:00:00,0.734213,0.734255,0.734152,0.734194,50
2024-07-15 06:00:00,0.734194,0.734302,0.734058,0.734165,50
2024-07-15 07:00:00,0.734165,0.734288,0.733617,0.733740,50
2024-07-15 08:00:00,0.733740,0.733790,0.733302,0.733352,50
2024-07-15 09:00:00,0.733352,0.733818,0.733274,0.733740,50
2024-07-15 10:00:00,0.733740,0.733763,0.733559,0.733582,50
2024-07-15 11:00:00,0.733582,0.734076,0.733450,0.733943,50
2024-07-15 12:00:00,0.733943,0.734257,0.733871,0.734185,50
2024-07-15 13:00:00,0.734185,0.734218,0.733652,0.733686,50
2024-07-15 14:00:00,0.733686,0.733727,0.732665,0.732706,50
2024-07-15 15:00:00,0.732706,0.732732,0.732295,0.732321,50
2024-07-15 16:00:00,0.732321,0.732510,0.732187,0.732376,50
2024-07-15 17:00:00,0.732376,0.732378,0.732151,0.732152,50
2024-07-15 18:00:00,0.732152,0.732218,0.732141,0.732207,50
2024-07-15 19:00:00,0.732207,0.732257,0.732160,0.732210,50
2024-07-15 20:00:00,0.732210,0.732310,0.731785,0.731885,50
2024-07-15 21:00:00,0.731885,0.731911,0.731555,0.731581,50
2024-07-15 22:00:00,0.731581,0.732145,0.731426,0.731990,50
2024-07-15 23:00:00,0.731990,0.732081,0.731865,0.731957,50
2024-07-16 00:00:00,0.731957,0.732377,0.731909,0.732328,50
2024-07-16 01:00:00,0.732328,0.732433,0.731916,0.732021,50
2024-07-16 02:00:00,0.732021,0.732096,0.731681,0.731756,50
2024-07-16 03:00:00,0.731756,0.732141,0.731671,0.732056,50
2024-07-16 04:00:00,0.732056,0.732171,0.732013,0.732128,50
2024-07-16 05:00:00,0.732128,0.732202,0.731736,0.731810,50
2024-07-16 06:00:00,0.731810,0.731847,0.731752,0.731789,50
2024-07-16 07:00:00,0.731789,0.731850,0.731721,0.731783,50
2024-07-16 08:00:00,0.731783,0.732037,0.731658,0.731912,50
2024-07-16 09:00:00,0.731912,0.732013,0.731693,0.731794,50
2024-07-16 10:00:00,0.731794,0.731804,0.731315,0.731325,50
2024-07-16 11:00:00,0.731325,0.731449,0.731020,0.731144,50
2024-07-16 12:00:00,0.731144,0.731270,0.730844,0.730970,50
2024-07-16 13:00:00,0.730970,0.731070,0.730653,0.730753,50
2024-07-16 14:00:00,0.730753,0.730806,0.730562,0.730615,50
2024-07-16 15:00:00,0.730615,0.730882,0.730521,0.730788,50
2024-07-16 16:00:00,0.730788,0.731011,0.730746,0.730969,50
2024-07-16 17:00:00,0.730969,0.731145,0.730859,0.731035,50
2024-07-16 18:00:00,0.731035,0.731085,0.730538,0.730588,50
2024-07-16 19:00:00,0.730588,0.730628,0.730342,0.730382,50
2024-07-16 20:00:00,0.730382,0.730466,0.730301,0.730385,50
2024-07-16 21:00:00,0.730385,0.730496,0.730135,0.730246,50
2024-07-16 22:00:00,0.730246,0.730471,0.730126,0.730351,50
2024-07-16 23:00:00,0.730351,0.730778,0.730247,0.730674,50
2024-07-17 00:00:00,0.730674,0.730715,0.730404,0.730445,50
2024-07-17 01:00:00,0.730445,0.730507,0.730218,0.730280,50
2024-07-17 02:00:00,0.730280,0.730476,0.730178,0.730374,50
2024-07-17 03:00:00,0.730374,0.730394,0.729699,0.729720,50
2024-07-17 04:00:00,0.729720,0.729811,0.729567,0.729658,50
2024-07-17 05:00:00,0.729658,0.730206,0.729563,0.730111,50
2024-07-17 06:00:00,0.730111,0.730527,0.730028,0.730444,50
2024-07-17 07:00:00,0.730444,0.730460,0.730231,0.730247,50
2024-07-17 08:00:00,0.730247,0.730307,0.729930,0.729991,50
2024-07-17 09:00:00,0.729991,0.730125,0.729942,0.730077,50
2024-07-17 10:00:00,0.730077,0.730843,0.730074,0.730840,50
2024-07-17 11:00:00,0.730840,0.730943,0.730474,0.730576,50
2024-07-17 12:00:00,0.730576,0.731420,0.730475,0.731319,50
2024-07-17 13:00:00,0.731319,0.731396,0.731281,0.731358,50
2024-07-17 14:00:00,0.731358,0.731488,0.730721,0.730851,50
2024-07-17 15:00:00,0.730851,0.730870,0.730850,0.730869,50
2024-07-17 16:00:00,0.730869,0.731118,0.730778,0.731026,50
2024-07-17 17:00:00,0.731026,0.731542,0.730939,0.731455,50
2024-07-17 18:00:00,0.731455,0.731505,0.731320,0.731370,50
2024-07-17 19:00:00,0.731370,0.731959,0.731261,0.731850,50
2024-07-17 20:00:00,0.731850,0.731945,0.731678,0.731773,50
2024-07-17 21:00:00,0.731773,0.731801,0.731236,0.731264,50
2024-07-17 22:00:00,0.731264,0.731272,0.730914,0.730922,50
2024-07-17 23:00:00,0.730922,0.730934,0.730822,0.730834,50
2024-07-18 00:00:00,0.730834,0.730964,0.729981,0.730111,50
2024-07-18 01:00:00,0.730111,0.730181,0.729879,0.729949,50
2024-07-18 02:00:00,0.729949,0.730187,0.729856,0.730095,50
2024-07-18 03:00:00,0.730095,0.730146,0.729606,0.729657,50
2024-07-18 04:00:00,0.729657,0.729712,0.729550,0.729605,50
2024-07-18 05:00:00,0.729605,0.729622,0.729402,0.729418,50
2024-07-18 06:00:00,0.729418,0.730111,0.729401,0.730094,50
2024-07-18 07:00:00,0.730094,0.730440,0.729975,0.730321,50
2024-07-18 08:00:00,0.730321,0.731043,0.730225,0.730947,50
2024-07-18 09:00:00,0.730947,0.731538,0.730854,0.731445,50
2024-07-18 10:00:00,0.731445,0.731445,0.731385,0.731385,50
2024-07-18 11:00:00,0.731385,0.731494,0.730718,0.730827,50
2024-07-18 12:00:00,0.730827,0.730956,0.730339,0.730469,50
2024-07-18 13:00:00,0.730469,0.730494,0.730234,0.730259,50
2024-07-18 14:00:00,0.730259,0.730295,0.729851,0.729886,50
2024-07-18 15:00:00,0.729886,0.729930,0.729574,0.729618,50
2024-07-18 16:00:00,0.729618,0.730498,0.729600,0.730481,50
2024-07-18 17:00:00,0.730481,0.730537,0.729769,0.729825,50
2024-07-18 18:00:00,0.729825,0.729961,0.729790,0.729926,50
2024-07-18 19:00:00,0.729926,0.731004,0.729812,0.730890,50
2024-07-18 20:00:00,0.730890,0.731457,0.730816,0.731382,50
2024-07-18 21:00:00,0.731382,0.731498,0.730917,0.731032,50
2024-07-18 22:00:00,0.731032,0.731632,0.731009,0.731609,50
2024-07-18 23:00:00,0.731609,0.731650,0.730152,0.730194,50
2024-07-19 00:00:00,0.730194,0.730251,0.729330,0.729387,50
2024-07-19 01:00:00,0.729387,0.729488,0.728786,0.728887,50
2024-07-19 02:00:00,0.728887,0.729156,0.728764,0.729034,50
2024-07-19 03:00:00,0.729034,0.729527,0.728940,0.729433,50
2024-07-19 04:00:00,0.729433,0.730011,0.729429,0.730006,50
2024-07-19 05:00:00,0.730006,0.730022,0.729883,0.729899,50
2024-07-19 06:00:00,0.729899,0.730669,0.729771,0.730542,50
2024-07-19 07:00:00,0.730542,0.730653,0.730225,0.730337,50
2024-07-19 08:00:00,0.730337,0.730574,0.730265,0.730503,50
2024-07-19 09:00:00,0.730503,0.730598,0.729869,0.729965,50
2024-07-19 10:00:00,0.729965,0.730200,0.729846,0.730082,50
2024-07-19 11:00:00,0.730082,0.730126,0.729961,0.730005,50
2024-07-19 12:00:00,0.730005,0.730372,0.729970,0.730338,50
2024-07-19 13:00:00,0.730338,0.730401,0.729909,0.729972,50
2024-07-19 14:00:00,0.729972,0.729978,0.729794,0.729800,50
2024-07-19 15:00:00,0.729800,0.729928,0.729467,0.729596,50
2024-07-19 16:00:00,0.729596,0.729640,0.729367,0.729411,50
2024-07-19 17:00:00,0.729411,0.729518,0.729077,0.729184,50
2024-07-19 18:00:00,0.729184,0.729316,0.729104,0.729236,50
2024-07-19 19:00:00,0.729236,0.729349,0.729129,0.729242,50
2024-07-19 20:00:00,0.729242,0.729263,0.728847,0.728869,50
2024-07-19 21:00:00,0.728869,0.728917,0.728307,0.728356,50
2024-07-19 22:00:00,0.728356,0.728425,0.728286,0.728356,50
2024-07-19 23:00:00,0.728356,0.728781,0.728278,0.728704,50
2024-07-22 00:00:00,0.728704,0.728762,0.727855,0.727913,50
2024-07-22 01:00:00,0.727913,0.727943,0.727546,0.727575,50
2024-07-22 02:00:00,0.727575,0.728108,0.727461,0.727993,50
2024-07-22 03:00:00,0.727993,0.728107,0.727745,0.727859,50
2024-07-22 04:00:00,0.727859,0.728207,0.727742,0.728090,50
2024-07-22 05:00:00,0.728090,0.728162,0.727981,0.728054,50
2024-07-22 06:00:00,0.728054,0.728054,0.728019,0.728019,50
2024-07-22 07:00:00,0.728019,0.728642,0.727943,0.728566,50
2024-07-22 08:00:00,0.728566,0.728772,0.728496,0.728702,50
2024-07-22 09:00:00,0.728702,0.729087,0.728669,0.729053,50
2024-07-22 10:00:00,0.729053,0.729159,0.728221,0.728326,50
2024-07-22 11:00:00,0.728326,0.728392,0.727836,0.727902,50
2024-07-22 12:00:00,0.727902,0.728022,0.727710,0.727830,50
2024-07-22 13:00:00,0.727830,0.727863,0.726997,0.727030,50
2024-07-22 14:00:00,0.727030,0.727147,0.726488,0.726606,50
2024-07-22 15:00:00,0.726606,0.727164,0.726585,0.727144,50
2024-07-22 16:00:00,0.727144,0.728135,0.727076,0.728068,50
2024-07-22 17:00:00,0.728068,0.728432,0.728045,0.728409,50
2024-07-22 18:00:00,0.728409,0.728538,0.727724,0.727854,50
2024-07-22 19:00:00,0.727854,0.728283,0.727728,0.728157,50
2024-07-22 20:00:00,0.728157,0.728379,0.728116,0.728338,50
2024-07-22 21:00:00,0.728338,0.728402,0.728144,0.728208,50
2024-07-22 22:00:00,0.728208,0.728279,0.727539,0.727609,50
2024-07-22 23:00:00,0.727609,0.727723,0.726841,0.726956,50
2024-07-23 00:00:00,0.726956,0.727010,0.726227,0.726281,50
2024-07-23 01:00:00,0.726281,0.726420,0.726224,0.726362,50
2024-07-23 02:00:00,0.726362,0.726562,0.726350,0.726549,50
2024-07-23 03:00:00,0.726549,0.726870,0.726475,0.726795,50
2024-07-23 04:00:00,0.726795,0.726990,0.726677,0.726871,50
2024-07-23 05:00:00,0.726871,0.726945,0.726491,0.726564,50
2024-07-23 06:00:00,0.726564,0.726601,0.725710,0.725747,50
2024-07-23 07:00:00,0.725747,0.725811,0.725617,0.725681,50
2024-07-23 08:00:00,0.725681,0.726632,0.725622,0.726573,50
2024-07-23 09:00:00,0.726573,0.727053,0.726541,0.727021,50
2024-07-23 10:00:00,0.727021,0.727921,0.726907,0.727808,50
2024-07-23 11:00:00,0.727808,0.727939,0.727730,0.727861,50
2024-07-23 12:00:00,0.727861,0.727948,0.727520,0.727607,50
2024-07-23 13:00:00,0.727607,0.727612,0.727367,0.727373,50
2024-07-23 14:00:00,0.727373,0.727433,0.727054,0.727115,50
2024-07-23 15:00:00,0.727115,0.727247,0.727108,0.727241,50
2024-07-23 16:00:00,0.727241,0.727329,0.726375,0.726463,50
2024-07-23 17:00:00,0.726463,0.726469,0.725952,0.725958,50
2024-07-23 18:00:00,0.725958,0.726272,0.725858,0.726172,50
2024-07-23 19:00:00,0.726172,0.726362,0.726118,0.726308,50
2024-07-23 20:00:00,0.726308,0.726404,0.725850,0.725946,50
2024-07-23 21:00:00,0.725946,0.726012,0.725809,0.725875,50
2024-07-23 22:00:00,0.725875,0.725974,0.725598,0.725697,50
2024-07-23 23:00:00,0.725697,0.726708,0.725574,0.726586,50
2024-07-24 00:00:00,0.726586,0.727169,0.726482,0.727066,50
2024-07-24 01:00:00,0.727066,0.727192,0.727021,0.727147,50
2024-07-24 02:00:00,0.727147,0.727229,0.726007,0.726089,50
2024-07-24 03:00:00,0.726089,0.726242,0.726040,0.726193,50
2024-07-24 04:00:00,0.726193,0.726233,0.726118,0.726158,50
2024-07-24 05:00:00,0.726158,0.726228,0.725331,0.725401,50
2024-07-24 06:00:00,0.725401,0.725490,0.724881,0.724970,50
2024-07-24 07:00:00,0.724970,0.725251,0.724855,0.725135,50
2024-07-24 08:00:00,0.725135,0.725858,0.725039,0.725763,50
2024-07-24 09:00:00,0.725763,0.726105,0.725738,0.726079,50
2024-07-24 10:00:00,0.726079,0.726282,0.725999,0.726201,50
2024-07-24 11:00:00,0.726201,0.726907,0.726107,0.726813,50
2024-07-24 12:00:00,0.726813,0.726930,0.726456,0.726574,50
2024-07-24 13:00:00,0.726574,0.726626,0.725469,0.725521,50
2024-07-24 14:00:00,0.725521,0.725752,0.725480,0.725712,50
2024-07-24 15:00:00,0.725712,0.725910,0.725704,0.725902,50
2024-07-24 16:00:00,0.725902,0.725937,0.725859,0.725893,50
2024-07-24 17:00:00,0.725893,0.725962,0.725721,0.725790,50
2024-07-24 18:00:00,0.725790,0.726113,0.725757,0.726080,50
2024-07-24 19:00:00,0.726080,0.726109,0.725220,0.725249,50
2024-07-24 20:00:00,0.725249,0.725361,0.725014,0.725125,50
2024-07-24 21:00:00,0.725125,0.725440,0.725094,0.725409,50
2024-07-24 22:00:00,0.725409,0.725504,0.725220,0.725316,50
2024-07-24 23:00:00,0.725316,0.725540,0.725308,0.725531,50
2024-07-25 00:00:00,0.725531,0.725670,0.725493,0.725632,50
2024-07-25 01:00:00,0.725632,0.725710,0.725454,0.725532,50
2024-07-25 02:00:00,0.725532,0.725573,0.724621,0.724663,50
2024-07-25 03:00:00,0.724663,0.725356,0.724662,0.725355,50
2024-07-25 04:00:00,0.725355,0.725799,0.725241,0.725685,50
2024-07-25 05:00:00,0.725685,0.725709,0.725388,0.725412,50
2024-07-25 06:00:00,0.725412,0.725441,0.725355,0.725384,50
2024-07-25 07:00:00,0.725384,0.725405,0.725001,0.725022,50
2024-07-25 08:00:00,0.725022,0.725406,0.725021,0.725405,50
2024-07-25 09:00:00,0.725405,0.725455,0.724733,0.724782,50
2024-07-25 10:00:00,0.724782,0.725208,0.724671,0.725097,50
2024-07-25 11:00:00,0.725097,0.725180,0.724706,0.724788,50
2024-07-25 12:00:00,0.724788,0.724856,0.724708,0.724776,50
2024-07-25 13:00:00,0.724776,0.725222,0.724731,0.725177,50
2024-07-25 14:00:00,0.725177,0.725235,0.724205,0.724263,50
2024-07-25 15:00:00,0.724263,0.724322,0.724223,0.724283,50
2024-07-25 16:00:00,0.724283,0.725056,0.724252,0.725025,50
2024-07-25 17:00:00,0.725025,0.725371,0.724958,0.725305,50
2024-07-25 18:00:00,0.725305,0.725306,0.725179,0.725179,50
2024-07-25 19:00:00,0.725179,0.725651,0.725073,0.725545,50
2024-07-25 20:00:00,0.725545,0.725589,0.725004,0.725048,50
2024-07-25 21:00:00,0.725048,0.725133,0.724690,0.724775,50
2024-07-25 22:00:00,0.724775,0.724898,0.724162,0.724284,50
2024-07-25 23:00:00,0.724284,0.724360,0.724090,0.724165,50
2024-07-26 00:00:00,0.724165,0.724675,0.724139,0.724648,50
2024-07-26 01:00:00,0.724648,0.724713,0.723777,0.723842,50
2024-07-26 02:00:00,0.723842,0.723884,0.723523,0.723565,50
2024-07-26 03:00:00,0.723565,0.723567,0.722950,0.722951,50
2024-07-26 04:00:00,0.722951,0.723123,0.722838,0.723009,50
2024-07-26 05:00:00,0.723009,0.723374,0.722904,0.723269,50
2024-07-26 06:00:00,0.723269,0.723326,0.722916,0.722972,50
2024-07-26 07:00:00,0.722972,0.723195,0.722878,0.723100,50
2024-07-26 08:00:00,0.723100,0.723196,0.722526,0.722622,50
2024-07-26 09:00:00,0.722622,0.723133,0.722536,0.723047,50
2024-07-26 10:00:00,0.723047,0.723151,0.722796,0.722900,50
2024-07-26 11:00:00,0.722900,0.723897,0.722833,0.723830,50
2024-07-26 12:00:00,0.723830,0.724133,0.723787,0.724090,50
2024-07-26 13:00:00,0.724090,0.724136,0.723999,0.724045,50
2024-07-26 14:00:00,0.724045,0.724143,0.723256,0.723354,50
2024-07-26 15:00:00,0.723354,0.723360,0.723344,0.723350,50
2024-07-26 16:00:00,0.723350,0.723441,0.723344,0.723435,50
2024-07-26 17:00:00,0.723435,0.723503,0.723218,0.723286,50
2024-07-26 18:00:00,0.723286,0.723310,0.722488,0.722512,50
2024-07-26 19:00:00,0.722512,0.722862,0.722478,0.722828,50
2024-07-26 20:00:00,0.722828,0.723012,0.722750,0.722933,50
2024-07-26 21:00:00,0.722933,0.722994,0.722765,0.722826,50
2024-07-26 22:00:00,0.722826,0.722916,0.722389,0.722479,50
2024-07-26 23:00:00,0.722479,0.723074,0.722366,0.722961,50
2024-07-29 00:00:00,0.722961,0.723239,0.722883,0.723161,50
2024-07-29 01:00:00,0.723161,0.723215,0.723008,0.723062,50
2024-07-29 02:00:00,0.723062,0.723293,0.722959,0.723191,50
2024-07-29 03:00:00,0.723191,0.723374,0.723098,0.723281,50
2024-07-29 04:00:00,0.723281,0.723504,0.723155,0.723378,50
2024-07-29 05:00:00,0.723378,0.723598,0.723276,0.723496,50
2024-07-29 06:00:00,0.723496,0.723526,0.723406,0.723435,50
2024-07-29 07:00:00,0.723435,0.723566,0.723353,0.723484,50
2024-07-29 08:00:00,0.723484,0.723538,0.723139,0.723193,50
2024-07-29 09:00:00,0.723193,0.723321,0.723142,0.723271,50
2024-07-29 10:00:00,0.723271,0.723301,0.723094,0.723124,50
2024-07-29 11:00:00,0.723124,0.723143,0.723025,0.723043,50
2024-07-29 12:00:00,0.723043,0.723095,0.722733,0.722785,50
2024-07-29 13:00:00,0.722785,0.722931,0.722781,0.722928,50
2024-07-29 14:00:00,0.722928,0.722986,0.722662,0.722720,50
2024-07-29 15:00:00,0.722720,0.722826,0.722108,0.722215,50
2024-07-29 16:00:00,0.722215,0.722306,0.721932,0.722024,50
2024-07-29 17:00:00,0.722024,0.722108,0.721901,0.721985,50
2024-07-29 18:00:00,0.721985,0.722030,0.721788,0.721833,50
2024-07-29 19:00:00,0.721833,0.721850,0.721573,0.721589,50
2024-07-29 20:00:00,0.721589,0.721675,0.721483,0.721569,50
2024-07-29 21:00:00,0.721569,0.721619,0.721280,0.721330,50
2024-07-29 22:00:00,0.721330,0.721591,0.721259,0.721520,50
2024-07-29 23:00:00,0.721520,0.721897,0.721488,0.721865,50
2024-07-30 00:00:00,0.721865,0.721976,0.721093,0.721203,50
2024-07-30 01:00:00,0.721203,0.721299,0.720840,0.720936,50
2024-07-30 02:00:00,0.720936,0.721071,0.720809,0.720945,50
2024-07-30 03:00:00,0.720945,0.720946,0.720912,0.720912,50
2024-07-30 04:00:00,0.720912,0.721392,0.720866,0.721346,50
2024-07-30 05:00:00,0.721346,0.721622,0.721321,0.721598,50
2024-07-30 06:00:00,0.721598,0.721701,0.721268,0.721372,50
2024-07-30 07:00:00,0.721372,0.721612,0.721283,0.721523,50
2024-07-30 08:00:00,0.721523,0.722214,0.721522,0.722213,50
2024-07-30 09:00:00,0.722213,0.722957,0.722121,0.722865,50
2024-07-30 10:00:00,0.722865,0.722980,0.722261,0.722375,50
2024-07-30 11:00:00,0.722375,0.722511,0.722352,0.722488,50
2024-07-30 12:00:00,0.722488,0.722715,0.722369,0.722595,50
2024-07-30 13:00:00,0.722595,0.723098,0.722576,0.723079,50
2024-07-30 14:00:00,0.723079,0.723206,0.722363,0.722490,50
2024-07-30 15:00:00,0.722490,0.722746,0.722408,0.722663,50
2024-07-30 16:00:00,0.722663,0.722954,0.722610,0.722901,50
2024-07-30 17:00:00,0.722901,0.723000,0.722154,0.722253,50
2024-07-30 18:00:00,0.722253,0.722379,0.721578,0.721704,50
2024-07-30 19:00:00,0.721704,0.721854,0.721658,0.721807,50
2024-07-30 20:00:00,0.721807,0.722741,0.721804,0.722738,50
2024-07-30 21:00:00,0.722738,0.722740,0.721356,0.721358,50
2024-07-30 22:00:00,0.721358,0.722155,0.721290,0.722087,50
2024-07-30 23:00:00,0.722087,0.722177,0.722037,0.722126,50
2024-07-31 00:00:00,0.722126,0.722595,0.722017,0.722485,50
2024-07-31 01:00:00,0.722485,0.723432,0.722468,0.723415,50
2024-07-31 02:00:00,0.723415,0.723518,0.721584,0.721687,50
2024-07-31 03:00:00,0.721687,0.723323,0.721545,0.723181,50
2024-07-31 04:00:00,0.723181,0.723255,0.722179,0.722252,50
2024-07-31 05:00:00,0.722252,0.722300,0.721695,0.721743,50
2024-07-31 06:00:00,0.721743,0.723056,0.721598,0.722910,50
2024-07-31 07:00:00,0.722910,0.723778,0.722904,0.723772,50
2024-07-31 08:00:00,0.723772,0.723936,0.721633,0.721796,50
2024-07-31 09:00:00,0.721796,0.722533,0.721707,0.722443,50
2024-07-31 10:00:00,0.722443,0.724308,0.722397,0.724262,50
2024-07-31 11:00:00,0.724262,0.724413,0.723500,0.723651,50
2024-07-31 12:00:00,0.723651,0.723765,0.723575,0.723689,50
2024-07-31 13:00:00,0.723689,0.724322,0.723689,0.724322,50
2024-07-31 14:00:00,0.724322,0.724434,0.723897,0.724009,50
2024-07-31 15:00:00,0.724009,0.724128,0.722416,0.722535,50
2024-07-31 16:00:00,0.722535,0.722553,0.721747,0.721764,50
2024-07-31 17:00:00,0.721764,0.722954,0.721581,0.722770,50
2024-07-31 18:00:00,0.722770,0.722797,0.722750,0.722777,50
2024-07-31 19:00:00,0.722777,0.724216,0.722603,0.724043,50
2024-07-31 20:00:00,0.724043,0.724629,0.723869,0.724455,50
2024-07-31 21:00:00,0.724455,0.724914,0.724303,0.724762,50
2024-07-31 22:00:00,0.724762,0.724828,0.724109,0.724175,50
2024-07-31 23:00:00,0.724175,0.724392,0.724105,0.724323,50
2024-08-01 00:00:00,0.724323,0.724432,0.722817,0.722926,50
2024-08-01 01:00:00,0.722926,0.723517,0.722894,0.723485,50
2024-08-01 02:00:00,0.723485,0.723762,0.723337,0.723614,50
2024-08-01 03:00:00,0.723614,0.723648,0.723374,0.723408,50
2024-08-01 04:00:00,0.723408,0.724763,0.723376,0.724731,50
2024-08-01 05:00:00,0.724731,0.724820,0.724250,0.724339,50
2024-08-01 06:00:00,0.724339,0.724469,0.723122,0.723252,50
2024-08-01 07:00:00,0.723252,0.723372,0.722558,0.722678,50
2024-08-01 08:00:00,0.722678,0.722803,0.722476,0.722600,50
2024-08-01 09:00:00,0.722600,0.722686,0.722270,0.722356,50
2024-08-01 10:00:00,0.722356,0.722500,0.722128,0.722272,50
2024-08-01 11:00:00,0.722272,0.722285,0.721861,0.721874,50
2024-08-01 12:00:00,0.721874,0.722211,0.721763,0.722099,50
2024-08-01 13:00:00,0.722099,0.722310,0.722037,0.722248,50
2024-08-01 14:00:00,0.722248,0.722325,0.722128,0.722205,50
2024-08-01 15:00:00,0.722205,0.722327,0.721844,0.721965,50
2024-08-01 16:00:00,0.721965,0.722039,0.721893,0.721967,50
2024-08-01 17:00:00,0.721967,0.722136,0.721751,0.721921,50
2024-08-01 18:00:00,0.721921,0.722060,0.721772,0.721911,50
2024-08-01 19:00:00,0.721911,0.722074,0.721897,0.722060,50
2024-08-01 20:00:00,0.722060,0.722213,0.722001,0.722154,50
2024-08-01 21:00:00,0.722154,0.722818,0.721985,0.722649,50
2024-08-01 22:00:00,0.722649,0.722753,0.722079,0.722183,50
2024-08-01 23:00:00,0.722183,0.722361,0.722104,0.722282,50
2024-08-02 00:00:00,0.722282,0.723194,0.722261,0.723172,50
2024-08-02 01:00:00,0.723172,0.723277,0.723024,0.723129,50
2024-08-02 02:00:00,0.723129,0.723209,0.723058,0.723138,50
2024-08-02 03:00:00,0.723138,0.723320,0.723055,0.723236,50
2024-08-02 04:00:00,0.723236,0.723279,0.722720,0.722763,50
2024-08-02 05:00:00,0.722763,0.722835,0.722371,0.722442,50
2024-08-02 06:00:00,0.722442,0.722533,0.722414,0.722505,50
2024-08-02 07:00:00,0.722505,0.722903,0.722377,0.722775,50
2024-08-02 08:00:00,0.722775,0.722789,0.722435,0.722449,50
2024-08-02 09:00:00,0.722449,0.722493,0.721807,0.721850,50
2024-08-02 10:00:00,0.721850,0.721963,0.721519,0.721632,50
2024-08-02 11:00:00,0.721632,0.721684,0.721506,0.721559,50
2024-08-02 12:00:00,0.721559,0.722014,0.721461,0.721917,50
2024-08-02 13:00:00,0.721917,0.721972,0.721516,0.721571,50
2024-08-02 14:00:00,0.721571,0.721583,0.721233,0.721246,50
2024-08-02 15:00:00,0.721246,0.721536,0.721189,0.721479,50
2024-08-02 16:00:00,0.721479,0.721527,0.721327,0.721376,50
2024-08-02 17:00:00,0.721376,0.721470,0.721079,0.721173,50
2024-08-02 18:00:00,0.721173,0.721536,0.721075,0.721437,50
2024-08-02 19:00:00,0.721437,0.721845,0.721345,0.721752,50
2024-08-02 20:00:00,0.721752,0.722318,0.721725,0.722291,50
2024-08-02 21:00:00,0.722291,0.722533,0.722285,0.722527,50
2024-08-02 22:00:00,0.722527,0.722553,0.722349,0.722375,50
2024-08-02 23:00:00,0.722375,0.722401,0.722204,0.722230,50
2024-08-05 00:00:00,0.722230,0.723176,0.722106,0.723052,50
2024-08-05 01:00:00,0.723052,0.723150,0.722495,0.722593,50
2024-08-05 02:00:00,0.722593,0.722733,0.722469,0.722609,50
2024-08-05 03:00:00,0.722609,0.722986,0.722565,0.722942,50
2024-08-05 04:00:00,0.722942,0.723338,0.722857,0.723252,50
2024-08-05 05:00:00,0.723252,0.723335,0.722399,0.722481,50
2024-08-05 06:00:00,0.722481,0.722585,0.722216,0.722320,50
2024-08-05 07:00:00,0.722320,0.722402,0.721797,0.721878,50
2024-08-05 08:00:00,0.721878,0.721889,0.721814,0.721824,50
2024-08-05 09:00:00,0.721824,0.722471,0.721750,0.722397,50
2024-08-05 10:00:00,0.722397,0.722405,0.722059,0.722067,50
2024-08-05 11:00:00,0.722067,0.722481,0.722049,0.722463,50
2024-08-05 12:00:00,0.722463,0.723785,0.722436,0.723758,50
2024-08-05 13:00:00,0.723758,0.723783,0.723636,0.723662,50
2024-08-05 14:00:00,0.723662,0.724092,0.723534,0.723964,50
2024-08-05 15:00:00,0.723964,0.723997,0.723920,0.723954,50
2024-08-05 16:00:00,0.723954,0.724039,0.723909,0.723995,50
2024-08-05 17:00:00,0.723995,0.724050,0.723564,0.723619,50
2024-08-05 18:00:00,0.723619,0.723708,0.723258,0.723347,50
2024-08-05 19:00:00,0.723347,0.723422,0.722998,0.723072,50
2024-08-05 20:00:00,0.723072,0.723172,0.722896,0.722995,50
2024-08-05 21:00:00,0.722995,0.723387,0.722887,0.723278,50
2024-08-05 22:00:00,0.723278,0.723331,0.723137,0.723189,50
2024-08-05 23:00:00,0.723189,0.723606,0.723172,0.723589,50
2024-08-06 00:00:00,0.723589,0.723592,0.723451,0.723453,50
2024-08-06 01:00:00,0.723453,0.723543,0.723172,0.723262,50
2024-08-06 02:00:00,0.723262,0.723429,0.723173,0.723339,50
2024-08-06 03:00:00,0.723339,0.723511,0.723300,0.723471,50
2024-08-06 04:00:00,0.723471,0.723593,0.723449,0.723571,50
2024-08-06 05:00:00,0.723571,0.723895,0.723535,0.723859,50
2024-08-06 06:00:00,0.723859,0.724082,0.723776,0.723999,50
2024-08-06 07:00:00,0.723999,0.724099,0.723761,0.723861,50
2024-08-06 08:00:00,0.723861,0.723942,0.723809,0.723889,50
2024-08-06 09:00:00,0.723889,0.724009,0.723760,0.723880,50
2024-08-06 10:00:00,0.723880,0.724038,0.723775,0.723934,50
2024-08-06 11:00:00,0.723934,0.724271,0.723822,0.724159,50
2024-08-06 12:00:00,0.724159,0.724342,0.724124,0.724306,50
2024-08-06 13:00:00,0.724306,0.724902,0.724181,0.724778,50
2024-08-06 14:00:00,0.724778,0.725179,0.724715,0.725117,50
2024-08-06 15:00:00,0.725117,0.725162,0.724927,0.724972,50
2024-08-06 16:00:00,0.724972,0.725043,0.724837,0.724908,50
2024-08-06 17:00:00,0.724908,0.724954,0.724860,0.724906,50
2024-08-06 18:00:00,0.724906,0.725024,0.724816,0.724935,50
2024-08-06 19:00:00,0.724935,0.725099,0.724832,0.724995,50
2024-08-06 20:00:00,0.724995,0.725492,0.724886,0.725383,50
2024-08-06 21:00:00,0.725383,0.725411,0.725345,0.725374,50
2024-08-06 22:00:00,0.725374,0.725479,0.725209,0.725315,50
2024-08-06 23:00:00,0.725315,0.725386,0.725040,0.725111,50
2024-08-07 00:00:00,0.725111,0.725276,0.724290,0.724456,50
2024-08-07 01:00:00,0.724456,0.725675,0.724189,0.725408,50
2024-08-07 02:00:00,0.725408,0.725524,0.724980,0.725096,50
2024-08-07 03:00:00,0.725096,0.725314,0.724437,0.724655,50
2024-08-07 04:00:00,0.724655,0.724842,0.724407,0.724593,50
2024-08-07 05:00:00,0.724593,0.725530,0.724417,0.725353,50
2024-08-07 06:00:00,0.725353,0.725413,0.725022,0.725082,50
2024-08-07 07:00:00,0.725082,0.725296,0.724487,0.724701,50
2024-08-07 08:00:00,0.724701,0.725433,0.724505,0.725237,50
2024-08-07 09:00:00,0.725237,0.725318,0.725069,0.725150,50
2024-08-07 10:00:00,0.725150,0.725747,0.725076,0.725673,50
2024-08-07 11:00:00,0.725673,0.725998,0.725503,0.725829,50
2024-08-07 12:00:00,0.725829,0.726905,0.725558,0.726635,50
2024-08-07 13:00:00,0.726635,0.726797,0.726186,0.726348,50
2024-08-07 14:00:00,0.726348,0.728027,0.726288,0.727966,50
2024-08-07 15:00:00,0.727966,0.728223,0.726787,0.727044,50
2024-08-07 16:00:00,0.727044,0.727794,0.726895,0.727645,50
2024-08-07 17:00:00,0.727645,0.727838,0.726929,0.727122,50
2024-08-07 18:00:00,0.727122,0.727585,0.727030,0.727492,50
2024-08-07 19:00:00,0.727492,0.729123,0.727410,0.729040,50
2024-08-07 20:00:00,0.729040,0.729052,0.728576,0.728588,50
2024-08-07 21:00:00,0.728588,0.728642,0.728576,0.728630,50
2024-08-07 22:00:00,0.728630,0.728686,0.728170,0.728226,50
2024-08-07 23:00:00,0.728226,0.728605,0.728007,0.728385,50
2024-08-08 00:00:00,0.728385,0.728649,0.728316,0.728579,50
2024-08-08 01:00:00,0.728579,0.728944,0.728461,0.728826,50
2024-08-08 02:00:00,0.728826,0.729147,0.728767,0.729088,50
2024-08-08 03:00:00,0.729088,0.729109,0.728828,0.728849,50
2024-08-08 04:00:00,0.728849,0.729062,0.728773,0.728987,50
2024-08-08 05:00:00,0.728987,0.729259,0.728860,0.729132,50
2024-08-08 06:00:00,0.729132,0.729195,0.728268,0.728330,50
2024-08-08 07:00:00,0.728330,0.728638,0.728202,0.728510,50
2024-08-08 08:00:00,0.728510,0.728633,0.728353,0.728477,50
2024-08-08 09:00:00,0.728477,0.728528,0.728117,0.728169,50
2024-08-08 10:00:00,0.728169,0.728217,0.727871,0.727919,50
2024-08-08 11:00:00,0.727919,0.728002,0.727541,0.727624,50
2024-08-08 12:00:00,0.727624,0.727686,0.727508,0.727570,50
2024-08-08 13:00:00,0.727570,0.727801,0.727496,0.727727,50
2024-08-08 14:00:00,0.727727,0.727828,0.727324,0.727424,50
2024-08-08 15:00:00,0.727424,0.727537,0.727162,0.727275,50
2024-08-08 16:00:00,0.727275,0.727310,0.727199,0.727235,50
2024-08-08 17:00:00,0.727235,0.727346,0.727218,0.727329,50
2024-08-08 18:00:00,0.727329,0.727587,0.727225,0.727482,50
2024-08-08 19:00:00,0.727482,0.727535,0.727256,0.727310,50
2024-08-08 20:00:00,0.727310,0.727793,0.727203,0.727687,50
2024-08-08 21:00:00,0.727687,0.727697,0.727181,0.727191,50
2024-08-08 22:00:00,0.727191,0.727268,0.726872,0.726949,50
2024-08-08 23:00:00,0.726949,0.727782,0.726863,0.727696,50
2024-08-09 00:00:00,0.727696,0.727822,0.726934,0.727059,50
2024-08-09 01:00:00,0.727059,0.727646,0.726953,0.727539,50
2024-08-09 02:00:00,0.727539,0.727849,0.727529,0.727840,50
2024-08-09 03:00:00,0.727840,0.727910,0.727640,0.727710,50
2024-08-09 04:00:00,0.727710,0.727910,0.727663,0.727863,50
2024-08-09 05:00:00,0.727863,0.728197,0.727733,0.728067,50
2024-08-09 06:00:00,0.728067,0.728162,0.727830,0.727925,50
2024-08-09 07:00:00,0.727925,0.728302,0.727840,0.728217,50
2024-08-09 08:00:00,0.728217,0.728331,0.727979,0.728093,50
2024-08-09 09:00:00,0.728093,0.728226,0.728067,0.728200,50
2024-08-09 10:00:00,0.728200,0.728305,0.728005,0.728109,50
2024-08-09 11:00:00,0.728109,0.728134,0.728093,0.728117,50
2024-08-09 12:00:00,0.728117,0.728381,0.728059,0.728322,50
2024-08-09 13:00:00,0.728322,0.728412,0.728205,0.728294,50
2024-08-09 14:00:00,0.728294,0.728351,0.728246,0.728302,50
2024-08-09 15:00:00,0.728302,0.728416,0.728093,0.728207,50
2024-08-09 16:00:00,0.728207,0.728248,0.728093,0.728134,50
2024-08-09 17:00:00,0.728134,0.728262,0.727838,0.727966,50
2024-08-09 18:00:00,0.727966,0.728393,0.727858,0.728286,50
2024-08-09 19:00:00,0.728286,0.728420,0.728194,0.728329,50
2024-08-09 20:00:00,0.728329,0.728524,0.728238,0.728434,50
2024-08-09 21:00:00,0.728434,0.728955,0.728331,0.728852,50
2024-08-09 22:00:00,0.728852,0.729154,0.728801,0.729103,50
2024-08-09 23:00:00,0.729103,0.729197,0.728503,0.728597,50
2024-08-12 00:00:00,0.728597,0.729396,0.728467,0.729265,50
2024-08-12 01:00:00,0.729265,0.729377,0.728153,0.728265,50
2024-08-12 02:00:00,0.728265,0.728340,0.727880,0.727955,50
2024-08-12 03:00:00,0.727955,0.727992,0.727812,0.727850,50
2024-08-12 04:00:00,0.727850,0.727945,0.727439,0.727534,50
2024-08-12 05:00:00,0.727534,0.727585,0.727053,0.727104,50
2024-08-12 06:00:00,0.727104,0.727370,0.727019,0.727284,50
2024-08-12 07:00:00,0.727284,0.727365,0.727254,0.727335,50
2024-08-12 08:00:00,0.727335,0.727526,0.727310,0.727500,50
2024-08-12 09:00:00,0.727500,0.727531,0.727133,0.727164,50
2024-08-12 10:00:00,0.727164,0.727562,0.727129,0.727526,50
2024-08-12 11:00:00,0.727526,0.727952,0.727475,0.727900,50
2024-08-12 12:00:00,0.727900,0.727982,0.727435,0.727517,50
2024-08-12 13:00:00,0.727517,0.727782,0.727476,0.727741,50
2024-08-12 14:00:00,0.727741,0.727917,0.727738,0.727914,50
2024-08-12 15:00:00,0.727914,0.728355,0.727846,0.728287,50
2024-08-12 16:00:00,0.728287,0.728326,0.727922,0.727961,50
2024-08-12 17:00:00,0.727961,0.728002,0.727603,0.727644,50
2024-08-12 18:00:00,0.727644,0.728140,0.727546,0.728041,50
2024-08-12 19:00:00,0.728041,0.728260,0.727913,0.728132,50
2024-08-12 20:00:00,0.728132,0.728145,0.728125,0.728138,50
2024-08-12 21:00:00,0.728138,0.728259,0.727901,0.728023,50
2024-08-12 22:00:00,0.728023,0.728060,0.727605,0.727642,50
2024-08-12 23:00:00,0.727642,0.727806,0.727585,0.727749,50
2024-08-13 00:00:00,0.727749,0.727850,0.727477,0.727578,50
2024-08-13 01:00:00,0.727578,0.727897,0.727473,0.727792,50
2024-08-13 02:00:00,0.727792,0.728933,0.727712,0.728854,50
2024-08-13 03:00:00,0.728854,0.729382,0.728791,0.729319,50
2024-08-13 04:00:00,0.729319,0.729358,0.728689,0.728728,50
2024-08-13 05:00:00,0.728728,0.728794,0.728631,0.728697,50
2024-08-13 06:00:00,0.728697,0.728746,0.728354,0.728402,50
2024-08-13 07:00:00,0.728402,0.728917,0.728275,0.728790,50
2024-08-13 08:00:00,0.728790,0.728826,0.728685,0.728721,50
2024-08-13 09:00:00,0.728721,0.728795,0.728611,0.728685,50
2024-08-13 10:00:00,0.728685,0.728689,0.728337,0.728342,50
2024-08-13 11:00:00,0.728342,0.728449,0.728331,0.728439,50
2024-08-13 12:00:00,0.728439,0.728481,0.728293,0.728335,50
2024-08-13 13:00:00,0.728335,0.728458,0.727378,0.727502,50
2024-08-13 14:00:00,0.727502,0.727956,0.727424,0.727878,50
2024-08-13 15:00:00,0.727878,0.727939,0.727862,0.727924,50
2024-08-13 16:00:00,0.727924,0.727953,0.727615,0.727645,50
2024-08-13 17:00:00,0.727645,0.728599,0.727644,0.728599,50
2024-08-13 18:00:00,0.728599,0.728634,0.728381,0.728416,50
2024-08-13 19:00:00,0.728416,0.728427,0.728365,0.728375,50
2024-08-13 20:00:00,0.728375,0.728462,0.727872,0.727959,50
2024-08-13 21:00:00,0.727959,0.727995,0.727357,0.727393,50
2024-08-13 22:00:00,0.727393,0.727615,0.727300,0.727522,50
2024-08-13 23:00:00,0.727522,0.728733,0.727492,0.728704,50
2024-08-14 00:00:00,0.728704,0.728778,0.728252,0.728327,50
2024-08-14 01:00:00,0.728327,0.728550,0.728229,0.728452,50
2024-08-14 02:00:00,0.728452,0.728566,0.728427,0.728540,50
2024-08-14 03:00:00,0.728540,0.728947,0.728414,0.728820,50
2024-08-14 04:00:00,0.728820,0.728894,0.728753,0.728826,50
2024-08-14 05:00:00,0.728826,0.729047,0.728784,0.729005,50
2024-08-14 06:00:00,0.729005,0.729664,0.728897,0.729556,50
2024-08-14 07:00:00,0.729556,0.729638,0.729264,0.729346,50
2024-08-14 08:00:00,0.729346,0.729601,0.729315,0.729570,50
2024-08-14 09:00:00,0.729570,0.729648,0.728903,0.728981,50
2024-08-14 10:00:00,0.728981,0.729054,0.728814,0.728886,50
2024-08-14 11:00:00,0.728886,0.729292,0.728826,0.729232,50
2024-08-14 12:00:00,0.729232,0.729640,0.729113,0.729522,50
2024-08-14 13:00:00,0.729522,0.729857,0.729453,0.729788,50
2024-08-14 14:00:00,0.729788,0.730433,0.729670,0.730315,50
2024-08-14 15:00:00,0.730315,0.730386,0.730132,0.730202,50
2024-08-14 16:00:00,0.730202,0.730215,0.729823,0.729836,50
2024-08-14 17:00:00,0.729836,0.729893,0.729761,0.729818,50
2024-08-14 18:00:00,0.729818,0.729838,0.729804,0.729825,50
2024-08-14 19:00:00,0.729825,0.729898,0.729807,0.729880,50
2024-08-14 20:00:00,0.729880,0.730320,0.729840,0.730280,50
2024-08-14 21:00:00,0.730280,0.730350,0.730209,0.730279,50
2024-08-14 22:00:00,0.730279,0.730538,0.730258,0.730517,50
2024-08-14 23:00:00,0.730517,0.730607,0.730050,0.730140,50
2024-08-15 00:00:00,0.730140,0.730187,0.729426,0.729474,50
2024-08-15 01:00:00,0.729474,0.730124,0.729347,0.729998,50
2024-08-15 02:00:00,0.729998,0.730116,0.729874,0.729991,50
2024-08-15 03:00:00,0.729991,0.730107,0.729546,0.729662,50
2024-08-15 04:00:00,0.729662,0.729780,0.729544,0.729662,50
2024-08-15 05:00:00,0.729662,0.729779,0.729514,0.729632,50
2024-08-15 06:00:00,0.729632,0.730111,0.729519,0.729999,50
2024-08-15 07:00:00,0.729999,0.730036,0.729650,0.729687,50
2024-08-15 08:00:00,0.729687,0.729727,0.729326,0.729365,50
2024-08-15 09:00:00,0.729365,0.729367,0.729111,0.729112,50
2024-08-15 10:00:00,0.729112,0.729352,0.729087,0.729328,50
2024-08-15 11:00:00,0.729328,0.729380,0.729088,0.729140,50
2024-08-15 12:00:00,0.729140,0.729262,0.729075,0.729197,50
2024-08-15 13:00:00,0.729197,0.729241,0.729082,0.729126,50
2024-08-15 14:00:00,0.729126,0.729504,0.729064,0.729442,50
2024-08-15 15:00:00,0.729442,0.730099,0.729398,0.730056,50
2024-08-15 16:00:00,0.730056,0.730279,0.730036,0.730260,50
2024-08-15 17:00:00,0.730260,0.731086,0.730219,0.731046,50
2024-08-15 18:00:00,0.731046,0.731217,0.730930,0.731102,50
2024-08-15 19:00:00,0.731102,0.731107,0.730118,0.730123,50
2024-08-15 20:00:00,0.730123,0.730220,0.729381,0.729478,50
2024-08-15 21:00:00,0.729478,0.729502,0.729115,0.729139,50
2024-08-15 22:00:00,0.729139,0.729179,0.728873,0.728912,50
2024-08-15 23:00:00,0.728912,0.729881,0.728905,0.729874,50
2024-08-16 00:00:00,0.729874,0.729964,0.729258,0.729348,50
2024-08-16 01:00:00,0.729348,0.730008,0.729303,0.729963,50
2024-08-16 02:00:00,0.729963,0.730483,0.729872,0.730392,50
2024-08-16 03:00:00,0.730392,0.730679,0.730285,0.730572,50
2024-08-16 04:00:00,0.730572,0.730623,0.730031,0.730082,50
2024-08-16 05:00:00,0.730082,0.730273,0.730063,0.730254,50
2024-08-16 06:00:00,0.730254,0.730484,0.730144,0.730374,50
2024-08-16 07:00:00,0.730374,0.730536,0.730317,0.730478,50
2024-08-16 08:00:00,0.730478,0.730864,0.730476,0.730862,50
2024-08-16 09:00:00,0.730862,0.730886,0.730633,0.730658,50
2024-08-16 10:00:00,0.730658,0.730669,0.730497,0.730508,50
2024-08-16 11:00:00,0.730508,0.730520,0.730103,0.730115,50
2024-08-16 12:00:00,0.730115,0.730213,0.729954,0.730052,50
2024-08-16 13:00:00,0.730052,0.730353,0.729953,0.730253,50
2024-08-16 14:00:00,0.730253,0.730388,0.730189,0.730324,50
2024-08-16 15:00:00,0.730324,0.730370,0.730194,0.730240,50
2024-08-16 16:00:00,0.730240,0.730280,0.730206,0.730246,50
2024-08-16 17:00:00,0.730246,0.730592,0.730138,0.730484,50
2024-08-16 18:00:00,0.730484,0.730601,0.730101,0.730218,50
2024-08-16 19:00:00,0.730218,0.730288,0.730029,0.730099,50
2024-08-16 20:00:00,0.730099,0.730227,0.729308,0.729436,50
2024-08-16 21:00:00,0.729436,0.729718,0.729337,0.729619,50
2024-08-16 22:00:00,0.729619,0.729673,0.729421,0.729475,50
2024-08-16 23:00:00,0.729475,0.729706,0.729430,0.729661,50
2024-08-19 00:00:00,0.729661,0.729820,0.729410,0.729569,50
2024-08-19 01:00:00,0.729569,0.729737,0.729515,0.729682,50
2024-08-19 02:00:00,0.729682,0.729757,0.729406,0.729481,50
2024-08-19 03:00:00,0.729481,0.730130,0.729309,0.729958,50
2024-08-19 04:00:00,0.729958,0.729995,0.729806,0.729843,50
2024-08-19 05:00:00,0.729843,0.729945,0.729780,0.729882,50
2024-08-19 06:00:00,0.729882,0.729916,0.729145,0.729180,50
2024-08-19 07:00:00,0.729180,0.729358,0.728991,0.729169,50
2024-08-19 08:00:00,0.729169,0.729336,0.729115,0.729282,50
2024-08-19 09:00:00,0.729282,0.730409,0.729157,0.730284,50
2024-08-19 10:00:00,0.730284,0.730381,0.730264,0.730361,50
2024-08-19 11:00:00,0.730361,0.730781,0.730266,0.730686,50
2024-08-19 12:00:00,0.730686,0.730745,0.730637,0.730695,50
2024-08-19 13:00:00,0.730695,0.731187,0.730567,0.731058,50
2024-08-19 14:00:00,0.731058,0.731113,0.730774,0.730828,50
2024-08-19 15:00:00,0.730828,0.732265,0.730656,0.732093,50
2024-08-19 16:00:00,0.732093,0.732397,0.732030,0.732333,50
2024-08-19 17:00:00,0.732333,0.732341,0.732056,0.732064,50
2024-08-19 18:00:00,0.732064,0.732679,0.731994,0.732609,50
2024-08-19 19:00:00,0.732609,0.732637,0.732256,0.732283,50
2024-08-19 20:00:00,0.732283,0.732385,0.732039,0.732142,50
2024-08-19 21:00:00,0.732142,0.732341,0.732107,0.732306,50
2024-08-19 22:00:00,0.732306,0.732447,0.731840,0.731981,50
2024-08-19 23:00:00,0.731981,0.732292,0.731807,0.732118,50
2024-08-20 00:00:00,0.732118,0.732211,0.731877,0.731970,50
2024-08-20 01:00:00,0.731970,0.732688,0.731925,0.732643,50
2024-08-20 02:00:00,0.732643,0.732971,0.732525,0.732853,50
2024-08-20 03:00:00,0.732853,0.732933,0.732624,0.732704,50
2024-08-20 04:00:00,0.732704,0.733487,0.732573,0.733355,50
2024-08-20 05:00:00,0.733355,0.733452,0.732320,0.732417,50
2024-08-20 06:00:00,0.732417,0.733185,0.732399,0.733167,50
2024-08-20 07:00:00,0.733167,0.733600,0.733085,0.733519,50
2024-08-20 08:00:00,0.733519,0.733647,0.733488,0.733616,50
2024-08-20 09:00:00,0.733616,0.733748,0.732568,0.732699,50
2024-08-20 10:00:00,0.732699,0.732972,0.732616,0.732889,50
2024-08-20 11:00:00,0.732889,0.733610,0.732877,0.733598,50
2024-08-20 12:00:00,0.733598,0.733705,0.732864,0.732971,50
2024-08-20 13:00:00,0.732971,0.733553,0.732958,0.733540,50
2024-08-20 14:00:00,0.733540,0.733549,0.733212,0.733221,50
2024-08-20 15:00:00,0.733221,0.733313,0.732548,0.732640,50
2024-08-20 16:00:00,0.732640,0.732810,0.732633,0.732804,50
2024-08-20 17:00:00,0.732804,0.733283,0.732705,0.733184,50
2024-08-20 18:00:00,0.733184,0.733196,0.732478,0.732490,50
2024-08-20 19:00:00,0.732490,0.733077,0.732450,0.733036,50
2024-08-20 20:00:00,0.733036,0.734018,0.732988,0.733970,50
2024-08-20 21:00:00,0.733970,0.734045,0.733713,0.733788,50
2024-08-20 22:00:00,0.733788,0.733863,0.733119,0.733195,50
2024-08-20 23:00:00,0.733195,0.733725,0.733091,0.733622,50
2024-08-21 00:00:00,0.733622,0.735210,0.733444,0.735032,50
2024-08-21 01:00:00,0.735032,0.736136,0.734884,0.735987,50
2024-08-21 02:00:00,0.735987,0.736026,0.735539,0.735577,50
2024-08-21 03:00:00,0.735577,0.735631,0.735150,0.735204,50
2024-08-21 04:00:00,0.735204,0.735307,0.735019,0.735121,50
2024-08-21 05:00:00,0.735121,0.735784,0.734910,0.735572,50
2024-08-21 06:00:00,0.735572,0.735573,0.734755,0.734756,50
2024-08-21 07:00:00,0.734756,0.736143,0.734593,0.735981,50
2024-08-21 08:00:00,0.735981,0.736883,0.735831,0.736733,50
2024-08-21 09:00:00,0.736733,0.736760,0.736365,0.736392,50
2024-08-21 10:00:00,0.736392,0.736524,0.736338,0.736469,50
2024-08-21 11:00:00,0.736469,0.736608,0.734811,0.734950,50
2024-08-21 12:00:00,0.734950,0.735428,0.734796,0.735274,50
2024-08-21 13:00:00,0.735274,0.735303,0.734485,0.734514,50
2024-08-21 14:00:00,0.734514,0.734682,0.734105,0.734273,50
2024-08-21 15:00:00,0.734273,0.734393,0.734120,0.734239,50
2024-08-21 16:00:00,0.734239,0.734288,0.733055,0.733103,50
2024-08-21 17:00:00,0.733103,0.734311,0.732977,0.734185,50
2024-08-21 18:00:00,0.734185,0.734539,0.734046,0.734400,50
2024-08-21 19:00:00,0.734400,0.734525,0.734048,0.734173,50
2024-08-21 20:00:00,0.734173,0.735051,0.734062,0.734940,50
2024-08-21 21:00:00,0.734940,0.735528,0.734761,0.735348,50
2024-08-21 22:00:00,0.735348,0.735523,0.735299,0.735474,50
2024-08-21 23:00:00,0.735474,0.736328,0.735360,0.736214,50
2024-08-22 00:00:00,0.736214,0.736275,0.735532,0.735592,50
2024-08-22 01:00:00,0.735592,0.735610,0.735221,0.735239,50
2024-08-22 02:00:00,0.735239,0.735301,0.735114,0.735176,50
2024-08-22 03:00:00,0.735176,0.735414,0.735048,0.735285,50
2024-08-22 04:00:00,0.735285,0.735350,0.735122,0.735188,50
2024-08-22 05:00:00,0.735188,0.735202,0.734502,0.734517,50
2024-08-22 06:00:00,0.734517,0.734837,0.734516,0.734836,50
2024-08-22 07:00:00,0.734836,0.736265,0.734814,0.736242,50
2024-08-22 08:00:00,0.736242,0.736657,0.736203,0.736618,50
2024-08-22 09:00:00,0.736618,0.736708,0.736231,0.736321,50
2024-08-22 10:00:00,0.736321,0.736436,0.735673,0.735788,50
2024-08-22 11:00:00,0.735788,0.736732,0.735762,0.736707,50
2024-08-22 12:00:00,0.736707,0.736712,0.736674,0.736679,50
2024-08-22 13:00:00,0.736679,0.736695,0.736019,0.736035,50
2024-08-22 14:00:00,0.736035,0.736776,0.735981,0.736722,50
2024-08-22 15:00:00,0.736722,0.736745,0.736392,0.736415,50
2024-08-22 16:00:00,0.736415,0.736463,0.736204,0.736252,50
2024-08-22 17:00:00,0.736252,0.736433,0.736125,0.736306,50
2024-08-22 18:00:00,0.736306,0.736324,0.735789,0.735807,50
2024-08-22 19:00:00,0.735807,0.736027,0.735735,0.735955,50
2024-08-22 20:00:00,0.735955,0.736407,0.735825,0.736277,50
2024-08-22 21:00:00,0.736277,0.736283,0.735548,0.735555,50
2024-08-22 22:00:00,0.735555,0.735607,0.734779,0.734831,50
2024-08-22 23:00:00,0.734831,0.735095,0.734761,0.735024,50
2024-08-23 00:00:00,0.735024,0.735243,0.734416,0.734635,50
2024-08-23 01:00:00,0.734635,0.734926,0.733902,0.734193,50
2024-08-23 02:00:00,0.734193,0.735809,0.734158,0.735775,50
2024-08-23 03:00:00,0.735775,0.739895,0.735696,0.739816,50
2024-08-23 04:00:00,0.739816,0.740530,0.739587,0.740300,50
2024-08-23 05:00:00,0.740300,0.741334,0.739930,0.740963,50
2024-08-23 06:00:00,0.740963,0.741357,0.737946,0.738340,50
2024-08-23 07:00:00,0.738340,0.738406,0.738019,0.738085,50
2024-08-23 08:00:00,0.738085,0.738351,0.737505,0.737770,50
2024-08-23 09:00:00,0.737770,0.737860,0.736327,0.736417,50
2024-08-23 10:00:00,0.736417,0.736528,0.735012,0.735123,50
2024-08-23 11:00:00,0.735123,0.736149,0.735013,0.736039,50
2024-08-23 12:00:00,0.736039,0.737491,0.735708,0.737160,50
2024-08-23 13:00:00,0.737160,0.738223,0.737116,0.738179,50
2024-08-23 14:00:00,0.738179,0.739346,0.737802,0.738968,50
2024-08-23 15:00:00,0.738968,0.739190,0.737801,0.738023,50
2024-08-23 16:00:00,0.738023,0.739347,0.737689,0.739013,50
2024-08-23 17:00:00,0.739013,0.739135,0.738145,0.738268,50
2024-08-23 18:00:00,0.738268,0.738360,0.737429,0.737522,50
2024-08-23 19:00:00,0.737522,0.737858,0.736826,0.737163,50
2024-08-23 20:00:00,0.737163,0.737324,0.735956,0.736118,50
2024-08-23 21:00:00,0.736118,0.736339,0.735748,0.735969,50
2024-08-23 22:00:00,0.735969,0.736153,0.734154,0.734337,50
2024-08-23 23:00:00,0.734337,0.740219,0.734091,0.739973,50
2024-08-26 00:00:00,0.739973,0.740007,0.739621,0.739655,50
2024-08-26 01:00:00,0.739655,0.740240,0.739543,0.740128,50
2024-08-26 02:00:00,0.740128,0.741128,0.740069,0.741069,50
2024-08-26 03:00:00,0.741069,0.741291,0.740996,0.741218,50
2024-08-26 04:00:00,0.741218,0.741246,0.740815,0.740843,50
2024-08-26 05:00:00,0.740843,0.740924,0.740631,0.740712,50
2024-08-26 06:00:00,0.740712,0.740809,0.740528,0.740625,50
2024-08-26 07:00:00,0.740625,0.741661,0.740512,0.741548,50
2024-08-26 08:00:00,0.741548,0.741806,0.741514,0.741773,50
2024-08-26 09:00:00,0.741773,0.741893,0.741458,0.741578,50
2024-08-26 10:00:00,0.741578,0.741798,0.741465,0.741685,50
2024-08-26 11:00:00,0.741685,0.741941,0.741628,0.741883,50
2024-08-26 12:00:00,0.741883,0.741979,0.741427,0.741524,50
2024-08-26 13:00:00,0.741524,0.741799,0.741482,0.741757,50
2024-08-26 14:00:00,0.741757,0.741866,0.741508,0.741616,50
2024-08-26 15:00:00,0.741616,0.741712,0.741579,0.741674,50
2024-08-26 16:00:00,0.741674,0.741805,0.741014,0.741145,50
2024-08-26 17:00:00,0.741145,0.741797,0.741128,0.741780,50
2024-08-26 18:00:00,0.741780,0.741830,0.741627,0.741676,50
2024-08-26 19:00:00,0.741676,0.741679,0.741632,0.741635,50
2024-08-26 20:00:00,0.741635,0.741697,0.740859,0.740921,50
2024-08-26 21:00:00,0.740921,0.740955,0.740678,0.740712,50
2024-08-26 22:00:00,0.740712,0.740752,0.740009,0.740049,50
2024-08-26 23:00:00,0.740049,0.741651,0.739963,0.741565,50
2024-08-27 00:00:00,0.741565,0.741606,0.741182,0.741223,50
2024-08-27 01:00:00,0.741223,0.741254,0.741203,0.741233,50
2024-08-27 02:00:00,0.741233,0.741493,0.741191,0.741450,50
2024-08-27 03:00:00,0.741450,0.741613,0.741422,0.741584,50
2024-08-27 04:00:00,0.741584,0.741827,0.741581,0.741825,50
2024-08-27 05:00:00,0.741825,0.742253,0.741701,0.742129,50
2024-08-27 06:00:00,0.742129,0.742236,0.742083,0.742189,50
2024-08-27 07:00:00,0.742189,0.742768,0.742050,0.742629,50
2024-08-27 08:00:00,0.742629,0.742970,0.742609,0.742950,50
2024-08-27 09:00:00,0.742950,0.743523,0.742867,0.743440,50
2024-08-27 10:00:00,0.743440,0.743559,0.743367,0.743486,50
2024-08-27 11:00:00,0.743486,0.743494,0.743303,0.743311,50
2024-08-27 12:00:00,0.743311,0.743495,0.743188,0.743371,50
2024-08-27 13:00:00,0.743371,0.743684,0.743302,0.743615,50
2024-08-27 14:00:00,0.743615,0.743638,0.743274,0.743297,50
2024-08-27 15:00:00,0.743297,0.743422,0.742861,0.742986,50
2024-08-27 16:00:00,0.742986,0.743414,0.742933,0.743361,50
2024-08-27 17:00:00,0.743361,0.743436,0.743249,0.743323,50
2024-08-27 18:00:00,0.743323,0.743405,0.743118,0.743200,50
2024-08-27 19:00:00,0.743200,0.743333,0.742883,0.743016,50
2024-08-27 20:00:00,0.743016,0.743051,0.742587,0.742622,50
2024-08-27 21:00:00,0.742622,0.743480,0.742552,0.743409,50
2024-08-27 22:00:00,0.743409,0.743416,0.743336,0.743343,50
2024-08-27 23:00:00,0.743343,0.743403,0.743213,0.743273,50
2024-08-28 00:00:00,0.743273,0.743827,0.743182,0.743736,50
2024-08-28 01:00:00,0.743736,0.743812,0.743322,0.743399,50
2024-08-28 02:00:00,0.743399,0.743416,0.743399,0.743416,50
2024-08-28 03:00:00,0.743416,0.743480,0.742773,0.742837,50
2024-08-28 04:00:00,0.742837,0.742940,0.742837,0.742940,50
2024-08-28 05:00:00,0.742940,0.743137,0.742889,0.743086,50
2024-08-28 06:00:00,0.743086,0.743146,0.743026,0.743086,50
2024-08-28 07:00:00,0.743086,0.743181,0.742710,0.742805,50
2024-08-28 08:00:00,0.742805,0.743103,0.742802,0.743100,50
2024-08-28 09:00:00,0.743100,0.743215,0.743015,0.743129,50
2024-08-28 10:00:00,0.743129,0.743132,0.742879,0.742881,50
2024-08-28 11:00:00,0.742881,0.743003,0.742674,0.742796,50
2024-08-28 12:00:00,0.742796,0.743100,0.742788,0.743093,50
2024-08-28 13:00:00,0.743093,0.743130,0.742637,0.742674,50
2024-08-28 14:00:00,0.742674,0.743165,0.742549,0.743041,50
2024-08-28 15:00:00,0.743041,0.743604,0.742911,0.743474,50
2024-08-28 16:00:00,0.743474,0.744171,0.743470,0.744167,50
2024-08-28 17:00:00,0.744167,0.744228,0.743748,0.743809,50
2024-08-28 18:00:00,0.743809,0.743907,0.743558,0.743657,50
2024-08-28 19:00:00,0.743657,0.744029,0.743575,0.743946,50
2024-08-28 20:00:00,0.743946,0.744040,0.742780,0.742874,50
2024-08-28 21:00:00,0.742874,0.742882,0.742339,0.742347,50
2024-08-28 22:00:00,0.742347,0.742435,0.742279,0.742368,50
2024-08-28 23:00:00,0.742368,0.742907,0.742292,0.742832,50
2024-08-29 00:00:00,0.742832,0.742949,0.742066,0.742183,50
2024-08-29 01:00:00,0.742183,0.742328,0.742131,0.742276,50
2024-08-29 02:00:00,0.742276,0.742974,0.742146,0.742844,50
2024-08-29 03:00:00,0.742844,0.743475,0.742833,0.743464,50
2024-08-29 04:00:00,0.743464,0.743596,0.742969,0.743101,50
2024-08-29 05:00:00,0.743101,0.743232,0.742449,0.742580,50
2024-08-29 06:00:00,0.742580,0.742597,0.742408,0.742425,50
2024-08-29 07:00:00,0.742425,0.742454,0.741812,0.741842,50
2024-08-29 08:00:00,0.741842,0.742013,0.741725,0.741896,50
2024-08-29 09:00:00,0.741896,0.742024,0.741645,0.741772,50
2024-08-29 10:00:00,0.741772,0.742218,0.741667,0.742112,50
2024-08-29 11:00:00,0.742112,0.742302,0.742030,0.742219,50
2024-08-29 12:00:00,0.742219,0.742299,0.742133,0.742213,50
2024-08-29 13:00:00,0.742213,0.742255,0.742014,0.742056,50
2024-08-29 14:00:00,0.742056,0.742294,0.741984,0.742222,50
2024-08-29 15:00:00,0.742222,0.742741,0.742150,0.742668,50
2024-08-29 16:00:00,0.742668,0.743177,0.742557,0.743066,50
2024-08-29 17:00:00,0.743066,0.743118,0.742650,0.742702,50
2024-08-29 18:00:00,0.742702,0.742722,0.742480,0.742499,50
2024-08-29 19:00:00,0.742499,0.742599,0.742410,0.742510,50
2024-08-29 20:00:00,0.742510,0.743224,0.742437,0.743150,50
2024-08-29 21:00:00,0.743150,0.743384,0.743141,0.743375,50
2024-08-29 22:00:00,0.743375,0.744005,0.743371,0.744001,50
2024-08-29 23:00:00,0.744001,0.744126,0.742817,0.742942,50
2024-08-30 00:00:00,0.742942,0.742964,0.742127,0.742149,50
2024-08-30 01:00:00,0.742149,0.742402,0.742026,0.742280,50
2024-08-30 02:00:00,0.742280,0.742315,0.741866,0.741902,50
2024-08-30 03:00:00,0.741902,0.741947,0.741687,0.741732,50
2024-08-30 04:00:00,0.741732,0.742206,0.741684,0.742157,50
2024-08-30 05:00:00,0.742157,0.742180,0.742034,0.742056,50
2024-08-30 06:00:00,0.742056,0.742059,0.742039,0.742041,50
2024-08-30 07:00:00,0.742041,0.742055,0.741563,0.741576,50
2024-08-30 08:00:00,0.741576,0.741668,0.740945,0.741037,50
2024-08-30 09:00:00,0.741037,0.741129,0.740669,0.740762,50
2024-08-30 10:00:00,0.740762,0.741544,0.740707,0.741490,50
2024-08-30 11:00:00,0.741490,0.742437,0.741458,0.742405,50
2024-08-30 12:00:00,0.742405,0.742649,0.742282,0.742526,50
2024-08-30 13:00:00,0.742526,0.742675,0.741622,0.741771,50
2024-08-30 14:00:00,0.741771,0.741838,0.741265,0.741332,50
2024-08-30 15:00:00,0.741332,0.742419,0.741265,0.742353,50
2024-08-30 16:00:00,0.742353,0.742768,0.742225,0.742640,50
2024-08-30 17:00:00,0.742640,0.742749,0.742339,0.742447,50
2024-08-30 18:00:00,0.742447,0.742722,0.742392,0.742667,50
2024-08-30 19:00:00,0.742667,0.742694,0.742375,0.742402,50
2024-08-30 20:00:00,0.742402,0.742554,0.741747,0.741899,50
2024-08-30 21:00:00,0.741899,0.741952,0.741737,0.741790,50
2024-08-30 22:00:00,0.741790,0.741905,0.741391,0.741506,50
2024-08-30 23:00:00,0.741506,0.741519,0.741113,0.741125,50
2024-09-03 00:00:00,0.741125,0.741199,0.741067,0.741141,50
2024-09-03 01:00:00,0.741141,0.741650,0.741105,0.741615,50
2024-09-03 02:00:00,0.741615,0.741736,0.741169,0.741291,50
2024-09-03 03:00:00,0.741291,0.741499,0.741107,0.741315,50
2024-09-03 04:00:00,0.741315,0.741571,0.741126,0.741383,50
2024-09-03 05:00:00,0.741383,0.741567,0.741325,0.741509,50
2024-09-03 06:00:00,0.741509,0.741684,0.740772,0.740947,50
2024-09-03 07:00:00,0.740947,0.741190,0.740815,0.741058,50
2024-09-03 08:00:00,0.741058,0.741242,0.740473,0.740657,50
2024-09-03 09:00:00,0.740657,0.740671,0.740189,0.740203,50
2024-09-03 10:00:00,0.740203,0.740363,0.740070,0.740230,50
2024-09-03 11:00:00,0.740230,0.740433,0.739941,0.740144,50
2024-09-03 12:00:00,0.740144,0.740446,0.739920,0.740222,50
2024-09-03 13:00:00,0.740222,0.740237,0.739951,0.739966,50
2024-09-03 14:00:00,0.739966,0.740169,0.739381,0.739584,50
2024-09-03 15:00:00,0.739584,0.739722,0.739126,0.739264,50
2024-09-03 16:00:00,0.739264,0.739372,0.739242,0.739350,50
2024-09-03 17:00:00,0.739350,0.739464,0.739208,0.739322,50
2024-09-03 18:00:00,0.739322,0.739452,0.739054,0.739184,50
2024-09-03 19:00:00,0.739184,0.739242,0.738566,0.738624,50
2024-09-03 20:00:00,0.738624,0.738771,0.738435,0.738583,50
2024-09-03 21:00:00,0.738583,0.738807,0.738079,0.738304,50
2024-09-03 22:00:00,0.738304,0.738389,0.737756,0.737842,50
2024-09-03 23:00:00,0.737842,0.738476,0.737754,0.738389,50
2024-09-04 00:00:00,0.738389,0.740204,0.738297,0.740112,50
2024-09-04 01:00:00,0.740112,0.740227,0.739825,0.739940,50
2024-09-04 02:00:00,0.739940,0.740175,0.739911,0.740145,50
2024-09-04 03:00:00,0.740145,0.740246,0.739834,0.739934,50
2024-09-04 04:00:00,0.739934,0.739966,0.739646,0.739678,50
2024-09-04 05:00:00,0.739678,0.740130,0.739645,0.740097,50
2024-09-04 06:00:00,0.740097,0.740127,0.739591,0.739621,50
2024-09-04 07:00:00,0.739621,0.739676,0.738925,0.738980,50
2024-09-04 08:00:00,0.738980,0.739053,0.737862,0.737935,50
2024-09-04 09:00:00,0.737935,0.738836,0.737826,0.738728,50
2024-09-04 10:00:00,0.738728,0.739118,0.738603,0.738993,50
2024-09-04 11:00:00,0.738993,0.739046,0.738344,0.738396,50
2024-09-04 12:00:00,0.738396,0.739166,0.738389,0.739159,50
2024-09-04 13:00:00,0.739159,0.739234,0.738940,0.739016,50
2024-09-04 14:00:00,0.739016,0.739249,0.738946,0.739179,50
2024-09-04 15:00:00,0.739179,0.739761,0.739154,0.739735,50
2024-09-04 16:00:00,0.739735,0.739784,0.739563,0.739611,50
2024-09-04 17:00:00,0.739611,0.739624,0.739419,0.739432,50
2024-09-04 18:00:00,0.739432,0.739493,0.738535,0.738597,50
2024-09-04 19:00:00,0.738597,0.739106,0.738534,0.739044,50
2024-09-04 20:00:00,0.739044,0.739147,0.738585,0.738689,50
2024-09-04 21:00:00,0.738689,0.739057,0.738659,0.739027,50
2024-09-04 22:00:00,0.739027,0.740134,0.738954,0.740062,50
2024-09-04 23:00:00,0.740062,0.740086,0.739675,0.739700,50
2024-09-05 00:00:00,0.739700,0.739827,0.738700,0.738827,50
2024-09-05 01:00:00,0.738827,0.738919,0.738795,0.738887,50
2024-09-05 02:00:00,0.738887,0.739135,0.738883,0.739131,50
2024-09-05 03:00:00,0.739131,0.739137,0.739118,0.739124,50
2024-09-05 04:00:00,0.739124,0.739516,0.739107,0.739499,50
2024-09-05 05:00:00,0.739499,0.739553,0.739253,0.739306,50
2024-09-05 06:00:00,0.739306,0.739414,0.738991,0.739099,50
2024-09-05 07:00:00,0.739099,0.739375,0.739043,0.739320,50
2024-09-05 08:00:00,0.739320,0.739600,0.739294,0.739575,50
2024-09-05 09:00:00,0.739575,0.739808,0.739473,0.739707,50
2024-09-05 10:00:00,0.739707,0.740300,0.739633,0.740227,50
2024-09-05 11:00:00,0.740227,0.740453,0.740121,0.740347,50
2024-09-05 12:00:00,0.740347,0.740982,0.740284,0.740919,50
2024-09-05 13:00:00,0.740919,0.740937,0.740411,0.740429,50
2024-09-05 14:00:00,0.740429,0.740499,0.739952,0.740022,50
2024-09-05 15:00:00,0.740022,0.740331,0.739958,0.740267,50
2024-09-05 16:00:00,0.740267,0.740311,0.739898,0.739942,50
2024-09-05 17:00:00,0.739942,0.740530,0.739927,0.740516,50
2024-09-05 18:00:00,0.740516,0.740825,0.740509,0.740818,50
2024-09-05 19:00:00,0.740818,0.740895,0.740058,0.740134,50
2024-09-05 20:00:00,0.740134,0.740143,0.739829,0.739839,50
2024-09-05 21:00:00,0.739839,0.739885,0.739443,0.739490,50
2024-09-05 22:00:00,0.739490,0.739495,0.739177,0.739183,50
2024-09-05 23:00:00,0.739183,0.739981,0.739121,0.739919,50
2024-09-06 00:00:00,0.739919,0.739932,0.739159,0.739172,50
2024-09-06 01:00:00,0.739172,0.739227,0.739081,0.739136,50
2024-09-06 02:00:00,0.739136,0.739400,0.739134,0.739397,50
2024-09-06 03:00:00,0.739397,0.739558,0.738493,0.738654,50
2024-09-06 04:00:00,0.738654,0.738817,0.736744,0.736907,50
2024-09-06 05:00:00,0.736907,0.737627,0.736856,0.737576,50
2024-09-06 06:00:00,0.737576,0.738139,0.737524,0.738087,50
2024-09-06 07:00:00,0.738087,0.738170,0.737840,0.737924,50
2024-09-06 08:00:00,0.737924,0.738232,0.737914,0.738222,50
2024-09-06 09:00:00,0.738222,0.738400,0.738042,0.738220,50
2024-09-06 10:00:00,0.738220,0.738220,0.736967,0.736967,50
2024-09-06 11:00:00,0.736967,0.737390,0.736868,0.737291,50
2024-09-06 12:00:00,0.737291,0.737482,0.736829,0.737020,50
2024-09-06 13:00:00,0.737020,0.737437,0.736890,0.737307,50
2024-09-06 14:00:00,0.737307,0.737340,0.737108,0.737142,50
2024-09-06 15:00:00,0.737142,0.738298,0.736953,0.738109,50
2024-09-06 16:00:00,0.738109,0.738642,0.737927,0.738460,50
2024-09-06 17:00:00,0.738460,0.738576,0.738347,0.738463,50
2024-09-06 18:00:00,0.738463,0.739329,0.738281,0.739147,50
2024-09-06 19:00:00,0.739147,0.739855,0.739145,0.739853,50
2024-09-06 20:00:00,0.739853,0.740589,0.739685,0.740421,50
2024-09-06 21:00:00,0.740421,0.740617,0.739399,0.739595,50
2024-09-06 22:00:00,0.739595,0.739727,0.738896,0.739028,50
2024-09-06 23:00:00,0.739028,0.739087,0.737350,0.737409,50
2024-09-09 00:00:00,0.737409,0.737497,0.737242,0.737330,50
2024-09-09 01:00:00,0.737330,0.737381,0.737271,0.737322,50
2024-09-09 02:00:00,0.737322,0.737368,0.736683,0.736730,50
2024-09-09 03:00:00,0.736730,0.736904,0.736691,0.736866,50
2024-09-09 04:00:00,0.736866,0.736980,0.736215,0.736330,50
2024-09-09 05:00:00,0.736330,0.737096,0.736315,0.737082,50
2024-09-09 06:00:00,0.737082,0.737320,0.737076,0.737314,50
2024-09-09 07:00:00,0.737314,0.738211,0.737249,0.738146,50
2024-09-09 08:00:00,0.738146,0.738270,0.737953,0.738077,50
2024-09-09 09:00:00,0.738077,0.738174,0.737254,0.737351,50
2024-09-09 10:00:00,0.737351,0.737455,0.736877,0.736981,50
2024-09-09 11:00:00,0.736981,0.737710,0.736897,0.737626,50
2024-09-09 12:00:00,0.737626,0.737651,0.737276,0.737300,50
2024-09-09 13:00:00,0.737300,0.737432,0.736824,0.736955,50
2024-09-09 14:00:00,0.736955,0.737003,0.736858,0.736906,50
2024-09-09 15:00:00,0.736906,0.737027,0.736627,0.736748,50
2024-09-09 16:00:00,0.736748,0.736970,0.736616,0.736838,50
2024-09-09 17:00:00,0.736838,0.736881,0.736374,0.736418,50
2024-09-09 18:00:00,0.736418,0.737029,0.736366,0.736978,50
2024-09-09 19:00:00,0.736978,0.737880,0.736873,0.737776,50
2024-09-09 20:00:00,0.737776,0.738416,0.737681,0.738321,50
2024-09-09 21:00:00,0.738321,0.738430,0.737678,0.737787,50
2024-09-09 22:00:00,0.737787,0.737910,0.737781,0.737905,50
2024-09-09 23:00:00,0.737905,0.737947,0.737421,0.737463,50
2024-09-10 00:00:00,0.737463,0.737615,0.736952,0.737103,50
2024-09-10 01:00:00,0.737103,0.737549,0.737051,0.737498,50
2024-09-10 02:00:00,0.737498,0.737641,0.737409,0.737552,50
2024-09-10 03:00:00,0.737552,0.737623,0.737322,0.737393,50
2024-09-10 04:00:00,0.737393,0.737825,0.737277,0.737709,50
2024-09-10 05:00:00,0.737709,0.738087,0.737507,0.737885,50
2024-09-10 06:00:00,0.737885,0.737946,0.737867,0.737927,50
2024-09-10 07:00:00,0.737927,0.738073,0.737827,0.737973,50
2024-09-10 08:00:00,0.737973,0.738081,0.737744,0.737852,50
2024-09-10 09:00:00,0.737852,0.737911,0.737546,0.737605,50
2024-09-10 10:00:00,0.737605,0.737762,0.736924,0.737081,50
2024-09-10 11:00:00,0.737081,0.737171,0.736588,0.736679,50
2024-09-10 12:00:00,0.736679,0.736798,0.736460,0.736578,50
2024-09-10 13:00:00,0.736578,0.736672,0.735895,0.735989,50
2024-09-10 14:00:00,0.735989,0.736067,0.735697,0.735775,50
2024-09-10 15:00:00,0.735775,0.735851,0.735519,0.735595,50
2024-09-10 16:00:00,0.735595,0.735653,0.734996,0.735054,50
2024-09-10 17:00:00,0.735054,0.735256,0.734894,0.735095,50
2024-09-10 18:00:00,0.735095,0.735446,0.735012,0.735363,50
2024-09-10 19:00:00,0.735363,0.735436,0.735161,0.735234,50
2024-09-10 20:00:00,0.735234,0.735337,0.734961,0.735065,50
2024-09-10 21:00:00,0.735065,0.735240,0.734449,0.734625,50
2024-09-10 22:00:00,0.734625,0.734644,0.734387,0.734406,50
2024-09-10 23:00:00,0.734406,0.734943,0.734379,0.734916,50
2024-09-11 00:00:00,0.734916,0.734969,0.734084,0.734137,50
2024-09-11 01:00:00,0.734137,0.734453,0.734042,0.734358,50
2024-09-11 02:00:00,0.734358,0.734363,0.734271,0.734277,50
2024-09-11 03:00:00,0.734277,0.734283,0.734199,0.734205,50
2024-09-11 04:00:00,0.734205,0.734396,0.734163,0.734355,50
2024-09-11 05:00:00,0.734355,0.734382,0.734205,0.734232,50
2024-09-11 06:00:00,0.734232,0.735382,0.734101,0.735250,50
2024-09-11 07:00:00,0.735250,0.735753,0.735133,0.735636,50
2024-09-11 08:00:00,0.735636,0.735675,0.735114,0.735153,50
2024-09-11 09:00:00,0.735153,0.735686,0.735092,0.735626,50
2024-09-11 10:00:00,0.735626,0.735630,0.735614,0.735618,50
2024-09-11 11:00:00,0.735618,0.735737,0.735525,0.735644,50
2024-09-11 12:00:00,0.735644,0.735880,0.735569,0.735805,50
2024-09-11 13:00:00,0.735805,0.735898,0.735239,0.735331,50
2024-09-11 14:00:00,0.735331,0.735928,0.735324,0.735921,50
2024-09-11 15:00:00,0.735921,0.736056,0.735849,0.735984,50
2024-09-11 16:00:00,0.735984,0.735997,0.735912,0.735925,50
2024-09-11 17:00:00,0.735925,0.735981,0.735524,0.735580,50
2024-09-11 18:00:00,0.735580,0.735825,0.735469,0.735714,50
2024-09-11 19:00:00,0.735714,0.736460,0.735597,0.736344,50
2024-09-11 20:00:00,0.736344,0.736412,0.736086,0.736154,50
2024-09-11 21:00:00,0.736154,0.736283,0.735844,0.735972,50
2024-09-11 22:00:00,0.735972,0.735996,0.735236,0.735260,50
2024-09-11 23:00:00,0.735260,0.735606,0.735218,0.735565,50
2024-09-12 00:00:00,0.735565,0.735655,0.735474,0.735565,50
2024-09-12 01:00:00,0.735565,0.735603,0.735526,0.735565,50
2024-09-12 02:00:00,0.735565,0.735686,0.735443,0.735565,50
2024-09-12 03:00:00,0.735565,0.735651,0.735478,0.735565,50
2024-09-12 04:00:00,0.735565,0.735645,0.735484,0.735565,50
2024-09-12 05:00:00,0.735565,0.735674,0.735455,0.735565,50
2024-09-12 06:00:00,0.735565,0.735573,0.735556,0.735565,50
2024-09-12 07:00:00,0.735565,0.735599,0.735530,0.735565,50
2024-09-12 08:00:00,0.735565,0.735570,0.735559,0.735565,50
2024-09-12 09:00:00,0.735565,0.735610,0.735519,0.735565,50
2024-09-12 10:00:00,0.735565,0.735673,0.735456,0.735565,50
2024-09-12 11:00:00,0.735565,0.735566,0.735563,0.735565,50
2024-09-12 12:00:00,0.735565,0.735619,0.735511,0.735565,50
2024-09-12 13:00:00,0.735565,0.735580,0.735549,0.735565,50
2024-09-12 14:00:00,0.735565,0.735591,0.735538,0.735565,50
2024-09-12 15:00:00,0.735565,0.735585,0.735544,0.735565,50
2024-09-12 16:00:00,0.735565,0.735647,0.735482,0.735565,50
2024-09-12 17:00:00,0.735565,0.735638,0.735491,0.735565,50
2024-09-12 18:00:00,0.735565,0.735569,0.735560,0.735565,50
2024-09-12 19:00:00,0.735565,0.735569,0.735560,0.735565,50
2024-09-12 20:00:00,0.735565,0.735638,0.735491,0.735565,50
2024-09-12 21:00:00,0.735565,0.735683,0.735446,0.735565,50
2024-09-12 22:00:00,0.735565,0.735659,0.735470,0.735565,50
2024-09-12 23:00:00,0.735565,0.735590,0.735539,0.735565,50
2024-09-13 00:00:00,0.735565,0.735657,0.734746,0.734839,50
2024-09-13 01:00:00,0.734839,0.735262,0.734762,0.735184,50
2024-09-13 02:00:00,0.735184,0.735195,0.735066,0.735077,50
2024-09-13 03:00:00,0.735077,0.735588,0.734973,0.735484,50
2024-09-13 04:00:00,0.735484,0.735531,0.734986,0.735033,50
2024-09-13 05:00:00,0.735033,0.735240,0.734955,0.735161,50
2024-09-13 06:00:00,0.735161,0.735451,0.735105,0.735395,50
2024-09-13 07:00:00,0.735395,0.735472,0.735242,0.735320,50
2024-09-13 08:00:00,0.735320,0.735869,0.735229,0.735778,50
2024-09-13 09:00:00,0.735778,0.736105,0.735748,0.736076,50
2024-09-13 10:00:00,0.736076,0.736214,0.736072,0.736211,50
2024-09-13 11:00:00,0.736211,0.736260,0.736125,0.736175,50
2024-09-13 12:00:00,0.736175,0.736223,0.736120,0.736167,50
2024-09-13 13:00:00,0.736167,0.736417,0.736067,0.736317,50
2024-09-13 14:00:00,0.736317,0.736645,0.736239,0.736567,50
2024-09-13 15:00:00,0.736567,0.736635,0.736453,0.736521,50
2024-09-13 16:00:00,0.736521,0.736627,0.736397,0.736502,50
2024-09-13 17:00:00,0.736502,0.736780,0.736375,0.736653,50
2024-09-13 18:00:00,0.736653,0.736668,0.736301,0.736316,50
2024-09-13 19:00:00,0.736316,0.736666,0.736304,0.736655,50
2024-09-13 20:00:00,0.736655,0.737057,0.736646,0.737048,50
2024-09-13 21:00:00,0.737048,0.737140,0.736763,0.736855,50
2024-09-13 22:00:00,0.736855,0.736977,0.736381,0.736503,50
2024-09-13 23:00:00,0.736503,0.736541,0.736284,0.736323,50
2024-09-16 00:00:00,0.736323,0.736334,0.735961,0.735972,50
2024-09-16 01:00:00,0.735972,0.736383,0.735909,0.736320,50
2024-09-16 02:00:00,0.736320,0.736511,0.736296,0.736487,50
2024-09-16 03:00:00,0.736487,0.736527,0.736362,0.736402,50
2024-09-16 04:00:00,0.736402,0.736663,0.736381,0.736642,50
2024-09-16 05:00:00,0.736642,0.737004,0.736576,0.736939,50
2024-09-16 06:00:00,0.736939,0.737000,0.736817,0.736878,50
2024-09-16 07:00:00,0.736878,0.736966,0.736626,0.736715,50
2024-09-16 08:00:00,0.736715,0.736890,0.736665,0.736841,50
2024-09-16 09:00:00,0.736841,0.736897,0.736189,0.736245,50
2024-09-16 10:00:00,0.736245,0.736281,0.735993,0.736028,50
2024-09-16 11:00:00,0.736028,0.736151,0.735766,0.735889,50
2024-09-16 12:00:00,0.735889,0.736234,0.735788,0.736133,50
2024-09-16 13:00:00,0.736133,0.736186,0.735476,0.735529,50
2024-09-16 14:00:00,0.735529,0.735580,0.735498,0.735550,50
2024-09-16 15:00:00,0.735550,0.735593,0.735292,0.735335,50
2024-09-16 16:00:00,0.735335,0.735396,0.735215,0.735276,50
2024-09-16 17:00:00,0.735276,0.735333,0.735224,0.735282,50
2024-09-16 18:00:00,0.735282,0.735558,0.735209,0.735485,50
2024-09-16 19:00:00,0.735485,0.735556,0.735381,0.735451,50
2024-09-16 20:00:00,0.735451,0.735481,0.735367,0.735397,50
2024-09-16 21:00:00,0.735397,0.735507,0.735156,0.735266,50
2024-09-16 22:00:00,0.735266,0.735424,0.735183,0.735341,50
2024-09-16 23:00:00,0.735341,0.735445,0.735244,0.735348,50
2024-09-17 00:00:00,0.735348,0.735385,0.734823,0.734860,50
2024-09-17 01:00:00,0.734860,0.734981,0.734773,0.734894,50
2024-09-17 02:00:00,0.734894,0.735460,0.734818,0.735384,50
2024-09-17 03:00:00,0.735384,0.735509,0.734980,0.735105,50
2024-09-17 04:00:00,0.735105,0.735629,0.735023,0.735547,50
2024-09-17 05:00:00,0.735547,0.735684,0.735499,0.735637,50
2024-09-17 06:00:00,0.735637,0.736297,0.735634,0.736295,50
2024-09-17 07:00:00,0.736295,0.736573,0.736198,0.736476,50
2024-09-17 08:00:00,0.736476,0.736545,0.736409,0.736478,50
2024-09-17 09:00:00,0.736478,0.736571,0.735737,0.735829,50
2024-09-17 10:00:00,0.735829,0.735838,0.735750,0.735758,50
2024-09-17 11:00:00,0.735758,0.735765,0.735270,0.735276,50
2024-09-17 12:00:00,0.735276,0.735320,0.734897,0.734941,50
2024-09-17 13:00:00,0.734941,0.734998,0.734780,0.734837,50
2024-09-17 14:00:00,0.734837,0.734845,0.734447,0.734455,50
2024-09-17 15:00:00,0.734455,0.734504,0.734385,0.734435,50
2024-09-17 16:00:00,0.734435,0.734655,0.734330,0.734551,50
2024-09-17 17:00:00,0.734551,0.734648,0.734175,0.734272,50
2024-09-17 18:00:00,0.734272,0.734640,0.734185,0.734554,50
2024-09-17 19:00:00,0.734554,0.734773,0.734499,0.734719,50
2024-09-17 20:00:00,0.734719,0.735260,0.734588,0.735129,50
2024-09-17 21:00:00,0.735129,0.735463,0.735005,0.735339,50
2024-09-17 22:00:00,0.735339,0.735844,0.735271,0.735776,50
2024-09-17 23:00:00,0.735776,0.735852,0.735326,0.735402,50
2024-09-18 00:00:00,0.735402,0.736240,0.735297,0.736135,50
2024-09-18 01:00:00,0.736135,0.736229,0.736126,0.736220,50
2024-09-18 02:00:00,0.736220,0.736277,0.736205,0.736261,50
2024-09-18 03:00:00,0.736261,0.736348,0.736079,0.736165,50
2024-09-18 04:00:00,0.736165,0.736226,0.735392,0.735452,50
2024-09-18 05:00:00,0.735452,0.735495,0.735209,0.735251,50
2024-09-18 06:00:00,0.735251,0.735555,0.735131,0.735434,50
2024-09-18 07:00:00,0.735434,0.735617,0.735400,0.735583,50
2024-09-18 08:00:00,0.735583,0.735696,0.735403,0.735517,50
2024-09-18 09:00:00,0.735517,0.735518,0.735139,0.735140,50
2024-09-18 10:00:00,0.735140,0.735203,0.734856,0.734918,50
2024-09-18 11:00:00,0.734918,0.735006,0.734628,0.734716,50
2024-09-18 12:00:00,0.734716,0.734749,0.734584,0.734618,50
2024-09-18 13:00:00,0.734618,0.734718,0.734424,0.734524,50
2024-09-18 14:00:00,0.734524,0.734584,0.734476,0.734535,50
2024-09-18 15:00:00,0.734535,0.734548,0.734084,0.734097,50
2024-09-18 16:00:00,0.734097,0.734185,0.733969,0.734057,50
2024-09-18 17:00:00,0.734057,0.734585,0.734000,0.734528,50
2024-09-18 18:00:00,0.734528,0.734536,0.734401,0.734409,50
2024-09-18 19:00:00,0.734409,0.734911,0.734317,0.734819,50
2024-09-18 20:00:00,0.734819,0.735336,0.734733,0.735250,50
2024-09-18 21:00:00,0.735250,0.735267,0.735008,0.735026,50
2024-09-18 22:00:00,0.735026,0.735076,0.734533,0.734584,50
2024-09-18 23:00:00,0.734584,0.734982,0.734517,0.734916,50
2024-09-19 00:00:00,0.734916,0.734995,0.734684,0.734764,50
2024-09-19 01:00:00,0.734764,0.735130,0.734570,0.734937,50
2024-09-19 02:00:00,0.734937,0.735050,0.734665,0.734778,50
2024-09-19 03:00:00,0.734778,0.734908,0.734607,0.734737,50
2024-09-19 04:00:00,0.734737,0.734785,0.734682,0.734731,50
2024-09-19 05:00:00,0.734731,0.734812,0.734471,0.734552,50
2024-09-19 06:00:00,0.734552,0.734818,0.734549,0.734815,50
2024-09-19 07:00:00,0.734815,0.735449,0.734617,0.735251,50
2024-09-19 08:00:00,0.735251,0.735423,0.735101,0.735273,50
2024-09-19 09:00:00,0.735273,0.735726,0.735175,0.735628,50
2024-09-19 10:00:00,0.735628,0.735776,0.735419,0.735567,50
2024-09-19 11:00:00,0.735567,0.735932,0.735528,0.735893,50
2024-09-19 12:00:00,0.735893,0.736484,0.735712,0.736303,50
2024-09-19 13:00:00,0.736303,0.736379,0.735937,0.736013,50
2024-09-19 14:00:00,0.736013,0.737128,0.735803,0.736917,50
2024-09-19 15:00:00,0.736917,0.737245,0.736837,0.737164,50
2024-09-19 16:00:00,0.737164,0.737570,0.737124,0.737530,50
2024-09-19 17:00:00,0.737530,0.737706,0.736709,0.736885,50
2024-09-19 18:00:00,0.736885,0.737736,0.736872,0.737723,50
2024-09-19 19:00:00,0.737723,0.738011,0.737670,0.737958,50
2024-09-19 20:00:00,0.737958,0.738076,0.737129,0.737246,50
2024-09-19 21:00:00,0.737246,0.737696,0.737069,0.737518,50
2024-09-19 22:00:00,0.737518,0.737605,0.737267,0.737355,50
2024-09-19 23:00:00,0.737355,0.737507,0.737311,0.737463,50
2024-09-20 00:00:00,0.737463,0.738103,0.737394,0.738034,50
2024-09-20 01:00:00,0.738034,0.738513,0.737955,0.738433,50
2024-09-20 02:00:00,0.738433,0.738549,0.738038,0.738154,50
2024-09-20 03:00:00,0.738154,0.738234,0.738105,0.738184,50
2024-09-20 04:00:00,0.738184,0.738190,0.737533,0.737539,50
2024-09-20 05:00:00,0.737539,0.738126,0.737498,0.738084,50
2024-09-20 06:00:00,0.738084,0.738429,0.737980,0.738325,50
2024-09-20 07:00:00,0.738325,0.738353,0.737848,0.737877,50
2024-09-20 08:00:00,0.737877,0.737922,0.737595,0.737641,50
2024-09-20 09:00:00,0.737641,0.737703,0.737437,0.737499,50
2024-09-20 10:00:00,0.737499,0.737544,0.736894,0.736939,50
2024-09-20 11:00:00,0.736939,0.737070,0.736681,0.736813,50
2024-09-20 12:00:00,0.736813,0.736965,0.736688,0.736840,50
2024-09-20 13:00:00,0.736840,0.737230,0.736726,0.737116,50
2024-09-20 14:00:00,0.737116,0.737161,0.737098,0.737144,50
2024-09-20 15:00:00,0.737144,0.737407,0.737114,0.737377,50
2024-09-20 16:00:00,0.737377,0.737606,0.737304,0.737533,50
2024-09-20 17:00:00,0.737533,0.737673,0.737522,0.737661,50
2024-09-20 18:00:00,0.737661,0.737737,0.737166,0.737242,50
2024-09-20 19:00:00,0.737242,0.737313,0.736713,0.736784,50
2024-09-20 20:00:00,0.736784,0.736813,0.736282,0.736311,50
2024-09-20 21:00:00,0.736311,0.736433,0.736100,0.736221,50
2024-09-20 22:00:00,0.736221,0.736665,0.736101,0.736544,50
2024-09-20 23:00:00,0.736544,0.737311,0.736425,0.737191,50
2024-09-23 00:00:00,0.737191,0.737470,0.736480,0.736758,50
2024-09-23 01:00:00,0.736758,0.737302,0.736695,0.737239,50
2024-09-23 02:00:00,0.737239,0.737715,0.737236,0.737711,50
2024-09-23 03:00:00,0.737711,0.738930,0.737489,0.738708,50
2024-09-23 04:00:00,0.738708,0.738964,0.738299,0.738555,50
2024-09-23 05:00:00,0.738555,0.739127,0.738421,0.738993,50
2024-09-23 06:00:00,0.738993,0.739098,0.738488,0.738592,50
2024-09-23 07:00:00,0.738592,0.739853,0.738396,0.739657,50
2024-09-23 08:00:00,0.739657,0.740462,0.739578,0.740383,50
2024-09-23 09:00:00,0.740383,0.740889,0.740281,0.740787,50
2024-09-23 10:00:00,0.740787,0.740961,0.740749,0.740923,50
2024-09-23 11:00:00,0.740923,0.740991,0.740477,0.740545,50
2024-09-23 12:00:00,0.740545,0.741004,0.740283,0.740742,50
2024-09-23 13:00:00,0.740742,0.741190,0.740581,0.741029,50
2024-09-23 14:00:00,0.741029,0.741035,0.740686,0.740692,50
2024-09-23 15:00:00,0.740692,0.741569,0.740442,0.741319,50
2024-09-23 16:00:00,0.741319,0.741416,0.740473,0.740570,50
2024-09-23 17:00:00,0.740570,0.740761,0.739861,0.740052,50
2024-09-23 18:00:00,0.740052,0.740330,0.739396,0.739674,50
2024-09-23 19:00:00,0.739674,0.739803,0.739190,0.739320,50
2024-09-23 20:00:00,0.739320,0.739657,0.739316,0.739653,50
2024-09-23 21:00:00,0.739653,0.740511,0.739638,0.740496,50
2024-09-23 22:00:00,0.740496,0.740600,0.740449,0.740553,50
2024-09-23 23:00:00,0.740553,0.740713,0.740471,0.740631,50
2024-09-24 00:00:00,0.740631,0.741804,0.740561,0.741733,50
2024-09-24 01:00:00,0.741733,0.741851,0.741035,0.741153,50
2024-09-24 02:00:00,0.741153,0.741153,0.740922,0.740922,50
2024-09-24 03:00:00,0.740922,0.740983,0.740688,0.740748,50
2024-09-24 04:00:00,0.740748,0.741081,0.740611,0.740944,50
2024-09-24 05:00:00,0.740944,0.740955,0.740848,0.740859,50
2024-09-24 06:00:00,0.740859,0.740991,0.740732,0.740864,50
2024-09-24 07:00:00,0.740864,0.740967,0.740341,0.740444,50
2024-09-24 08:00:00,0.740444,0.740689,0.740310,0.740554,50
2024-09-24 09:00:00,0.740554,0.740642,0.740191,0.740279,50
2024-09-24 10:00:00,0.740279,0.740709,0.740189,0.740619,50
2024-09-24 11:00:00,0.740619,0.740735,0.740330,0.740446,50
2024-09-24 12:00:00,0.740446,0.740452,0.740352,0.740359,50
2024-09-24 13:00:00,0.740359,0.740607,0.740324,0.740572,50
2024-09-24 14:00:00,0.740572,0.741263,0.740439,0.741131,50
2024-09-24 15:00:00,0.741131,0.741603,0.740996,0.741468,50
2024-09-24 16:00:00,0.741468,0.741660,0.741413,0.741604,50
2024-09-24 17:00:00,0.741604,0.741874,0.741541,0.741810,50
2024-09-24 18:00:00,0.741810,0.741819,0.741684,0.741693,50
2024-09-24 19:00:00,0.741693,0.742363,0.741563,0.742233,50
2024-09-24 20:00:00,0.742233,0.742412,0.742169,0.742349,50
2024-09-24 21:00:00,0.742349,0.742889,0.742202,0.742742,50
2024-09-24 22:00:00,0.742742,0.742840,0.742637,0.742735,50
2024-09-24 23:00:00,0.742735,0.742867,0.742258,0.742390,50
2024-09-25 00:00:00,0.742390,0.742845,0.742378,0.742833,50
2024-09-25 01:00:00,0.742833,0.743265,0.742823,0.743256,50
2024-09-25 02:00:00,0.743256,0.743741,0.743130,0.743615,50
2024-09-25 03:00:00,0.743615,0.743715,0.743172,0.743273,50
2024-09-25 04:00:00,0.743273,0.743369,0.742852,0.742948,50
2024-09-25 05:00:00,0.742948,0.742998,0.742826,0.742876,50
2024-09-25 06:00:00,0.742876,0.742903,0.742579,0.742606,50
2024-09-25 07:00:00,0.742606,0.742986,0.742497,0.742876,50
2024-09-25 08:00:00,0.742876,0.742940,0.742081,0.742145,50
2024-09-25 09:00:00,0.742145,0.742330,0.742046,0.742231,50
2024-09-25 10:00:00,0.742231,0.742267,0.741957,0.741993,50
2024-09-25 11:00:00,0.741993,0.742025,0.741574,0.741606,50
2024-09-25 12:00:00,0.741606,0.741723,0.741290,0.741407,50
2024-09-25 13:00:00,0.741407,0.742140,0.741277,0.742010,50
2024-09-25 14:00:00,0.742010,0.742117,0.741308,0.741416,50
2024-09-25 15:00:00,0.741416,0.741521,0.741281,0.741387,50
2024-09-25 16:00:00,0.741387,0.741900,0.741289,0.741803,50
2024-09-25 17:00:00,0.741803,0.742270,0.741780,0.742247,50
2024-09-25 18:00:00,0.742247,0.742286,0.741752,0.741791,50
2024-09-25 19:00:00,0.741791,0.742383,0.741730,0.742322,50
2024-09-25 20:00:00,0.742322,0.742755,0.742216,0.742649,50
2024-09-25 21:00:00,0.742649,0.742994,0.742648,0.742994,50
2024-09-25 22:00:00,0.742994,0.743220,0.742936,0.743163,50
2024-09-25 23:00:00,0.743163,0.743188,0.742586,0.742611,50
2024-09-26 00:00:00,0.742611,0.742611,0.742611,0.742611,50
2024-09-26 01:00:00,0.742611,0.742662,0.742560,0.742611,50
2024-09-26 02:00:00,0.742611,0.742679,0.742543,0.742611,50
2024-09-26 03:00:00,0.742611,0.742742,0.742480,0.742611,50
2024-09-26 04:00:00,0.742611,0.742621,0.742601,0.742611,50
2024-09-26 05:00:00,0.742611,0.742637,0.742585,0.742611,50
2024-09-26 06:00:00,0.742611,0.742651,0.742571,0.742611,50
2024-09-26 07:00:00,0.742611,0.742694,0.742528,0.742611,50
2024-09-26 08:00:00,0.742611,0.742614,0.742608,0.742611,50
2024-09-26 09:00:00,0.742611,0.742643,0.742579,0.742611,50
2024-09-26 10:00:00,0.742611,0.742613,0.742609,0.742611,50
2024-09-26 11:00:00,0.742611,0.742727,0.742495,0.742611,50
2024-09-26 12:00:00,0.742611,0.742738,0.742484,0.742611,50
2024-09-26 13:00:00,0.742611,0.742732,0.742490,0.742611,50
2024-09-26 14:00:00,0.742611,0.742742,0.742480,0.742611,50
2024-09-26 15:00:00,0.742611,0.742694,0.742528,0.742611,50
2024-09-26 16:00:00,0.742611,0.742612,0.742610,0.742611,50
2024-09-26 17:00:00,0.742611,0.742635,0.742587,0.742611,50
2024-09-26 18:00:00,0.742611,0.742713,0.742509,0.742611,50
2024-09-26 19:00:00,0.742611,0.742660,0.742562,0.742611,50
2024-09-26 20:00:00,0.742611,0.742649,0.742573,0.742611,50
2024-09-26 21:00:00,0.742611,0.742617,0.742605,0.742611,50
2024-09-26 22:00:00,0.742611,0.742616,0.742606,0.742611,50
2024-09-26 23:00:00,0.742611,0.742629,0.742593,0.742611,50
2024-09-27 00:00:00,0.742611,0.742705,0.741829,0.741923,50
2024-09-27 01:00:00,0.741923,0.742333,0.741869,0.742279,50
2024-09-27 02:00:00,0.742279,0.743033,0.742227,0.742980,50
2024-09-27 03:00:00,0.742980,0.742986,0.742858,0.742864,50
2024-09-27 04:00:00,0.742864,0.742927,0.742247,0.742310,50
2024-09-27 05:00:00,0.742310,0.743191,0.742148,0.743029,50
2024-09-27 06:00:00,0.743029,0.743069,0.742613,0.742653,50
2024-09-27 07:00:00,0.742653,0.743013,0.742559,0.742919,50
2024-09-27 08:00:00,0.742919,0.742956,0.742858,0.742895,50
2024-09-27 09:00:00,0.742895,0.743055,0.741625,0.741785,50
2024-09-27 10:00:00,0.741785,0.742225,0.741625,0.742065,50
2024-09-27 11:00:00,0.742065,0.742214,0.741434,0.741584,50
2024-09-27 12:00:00,0.741584,0.741644,0.740968,0.741028,50
2024-09-27 13:00:00,0.741028,0.741373,0.740861,0.741206,50
2024-09-27 14:00:00,0.741206,0.741531,0.741058,0.741384,50
2024-09-27 15:00:00,0.741384,0.741533,0.741203,0.741352,50
2024-09-27 16:00:00,0.741352,0.741478,0.740749,0.740875,50
2024-09-27 17:00:00,0.740875,0.740912,0.740066,0.740103,50
2024-09-27 18:00:00,0.740103,0.740278,0.740090,0.740265,50
2024-09-27 19:00:00,0.740265,0.740486,0.740190,0.740411,50
2024-09-27 20:00:00,0.740411,0.741264,0.740238,0.741090,50
2024-09-27 21:00:00,0.741090,0.742233,0.740937,0.742079,50
2024-09-27 22:00:00,0.742079,0.742735,0.741911,0.742566,50
2024-09-27 23:00:00,0.742566,0.742578,0.740510,0.740521,50
2024-09-30 00:00:00,0.740521,0.741131,0.740453,0.741062,50
2024-09-30 01:00:00,0.741062,0.741188,0.740931,0.741057,50
2024-09-30 02:00:00,0.741057,0.741085,0.740925,0.740952,50
2024-09-30 03:00:00,0.740952,0.741278,0.740831,0.741157,50
2024-09-30 04:00:00,0.741157,0.741447,0.741054,0.741344,50
2024-09-30 05:00:00,0.741344,0.741548,0.741235,0.741440,50
2024-09-30 06:00:00,0.741440,0.741532,0.741177,0.741270,50
2024-09-30 07:00:00,0.741270,0.741352,0.740919,0.741002,50
2024-09-30 08:00:00,0.741002,0.741033,0.740953,0.740985,50
2024-09-30 09:00:00,0.740985,0.741055,0.740573,0.740642,50
2024-09-30 10:00:00,0.740642,0.740763,0.740470,0.740591,50
2024-09-30 11:00:00,0.740591,0.740636,0.740222,0.740267,50
2024-09-30 12:00:00,0.740267,0.740316,0.739814,0.739863,50
2024-09-30 13:00:00,0.739863,0.739987,0.739552,0.739676,50
2024-09-30 14:00:00,0.739676,0.739911,0.739553,0.739788,50
2024-09-30 15:00:00,0.739788,0.739802,0.739614,0.739628,50
2024-09-30 16:00:00,0.739628,0.739738,0.739433,0.739543,50
2024-09-30 17:00:00,0.739543,0.739657,0.739389,0.739503,50
2024-09-30 18:00:00,0.739503,0.739631,0.739091,0.739219,50
2024-09-30 19:00:00,0.739219,0.739543,0.739139,0.739463,50
2024-09-30 20:00:00,0.739463,0.739845,0.739366,0.739748,50
2024-09-30 21:00:00,0.739748,0.740018,0.739647,0.739917,50
2024-09-30 22:00:00,0.739917,0.739924,0.739783,0.739790,50
2024-09-30 23:00:00,0.739790,0.740180,0.739748,0.740138,50
2024-10-01 00:00:00,0.740138,0.740259,0.739926,0.740047,50
2024-10-01 01:00:00,0.740047,0.740080,0.739543,0.739576,50
2024-10-01 02:00:00,0.739576,0.740168,0.739449,0.740041,50
2024-10-01 03:00:00,0.740041,0.740118,0.739470,0.739547,50
2024-10-01 04:00:00,0.739547,0.740065,0.739430,0.739947,50
2024-10-01 05:00:00,0.739947,0.740153,0.739821,0.740027,50
2024-10-01 06:00:00,0.740027,0.740242,0.739905,0.740121,50
2024-10-01 07:00:00,0.740121,0.740307,0.740081,0.740268,50
2024-10-01 08:00:00,0.740268,0.740694,0.740147,0.740574,50
2024-10-01 09:00:00,0.740574,0.740969,0.740442,0.740838,50
2024-10-01 10:00:00,0.740838,0.741049,0.740791,0.741002,50
2024-10-01 11:00:00,0.741002,0.741026,0.740817,0.740841,50
2024-10-01 12:00:00,0.740841,0.740883,0.739783,0.739825,50
2024-10-01 13:00:00,0.739825,0.739999,0.739695,0.739869,50
2024-10-01 14:00:00,0.739869,0.740114,0.739858,0.740103,50
2024-10-01 15:00:00,0.740103,0.740138,0.740048,0.740083,50
2024-10-01 16:00:00,0.740083,0.740185,0.739990,0.740092,50
2024-10-01 17:00:00,0.740092,0.740643,0.740024,0.740575,50
2024-10-01 18:00:00,0.740575,0.741110,0.740529,0.741064,50
2024-10-01 19:00:00,0.741064,0.741368,0.740958,0.741263,50
2024-10-01 20:00:00,0.741263,0.741386,0.741229,0.741353,50
2024-10-01 21:00:00,0.741353,0.741779,0.741345,0.741771,50
2024-10-01 22:00:00,0.741771,0.741851,0.741440,0.741521,50
2024-10-01 23:00:00,0.741521,0.741522,0.741179,0.741180,50
2024-10-02 00:00:00,0.741180,0.741459,0.741054,0.741333,50
2024-10-02 01:00:00,0.741333,0.741422,0.740716,0.740805,50
2024-10-02 02:00:00,0.740805,0.741384,0.740708,0.741287,50
2024-10-02 03:00:00,0.741287,0.741399,0.741091,0.741204,50
2024-10-02 04:00:00,0.741204,0.741282,0.741091,0.741170,50
2024-10-02 05:00:00,0.741170,0.741984,0.741040,0.741854,50
2024-10-02 06:00:00,0.741854,0.741934,0.741383,0.741463,50
2024-10-02 07:00:00,0.741463,0.741546,0.741028,0.741111,50
2024-10-02 08:00:00,0.741111,0.741142,0.740230,0.740260,50
2024-10-02 09:00:00,0.740260,0.740383,0.740159,0.740282,50
2024-10-02 10:00:00,0.740282,0.741945,0.740222,0.741885,50
2024-10-02 11:00:00,0.741885,0.741933,0.741467,0.741515,50
2024-10-02 12:00:00,0.741515,0.741613,0.741073,0.741171,50
2024-10-02 13:00:00,0.741171,0.741285,0.740731,0.740845,50
2024-10-02 14:00:00,0.740845,0.741487,0.740830,0.741471,50
2024-10-02 15:00:00,0.741471,0.741484,0.741169,0.741182,50
2024-10-02 16:00:00,0.741182,0.741212,0.740440,0.740470,50
2024-10-02 17:00:00,0.740470,0.740874,0.740386,0.740791,50
2024-10-02 18:00:00,0.740791,0.741194,0.740674,0.741078,50
2024-10-02 19:00:00,0.741078,0.741559,0.740994,0.741475,50
2024-10-02 20:00:00,0.741475,0.741524,0.741451,0.741500,50
2024-10-02 21:00:00,0.741500,0.741806,0.741393,0.741699,50
2024-10-02 22:00:00,0.741699,0.742511,0.741572,0.742385,50
2024-10-02 23:00:00,0.742385,0.742399,0.741550,0.741565,50
2024-10-03 00:00:00,0.741565,0.741736,0.741057,0.741228,50
2024-10-03 01:00:00,0.741228,0.741388,0.740285,0.740445,50
2024-10-03 02:00:00,0.740445,0.740654,0.739280,0.739489,50
2024-10-03 03:00:00,0.739489,0.739523,0.738375,0.738408,50
2024-10-03 04:00:00,0.738408,0.740413,0.738335,0.740339,50
2024-10-03 05:00:00,0.740339,0.740661,0.740255,0.740576,50
2024-10-03 06:00:00,0.740576,0.740754,0.740046,0.740224,50
2024-10-03 07:00:00,0.740224,0.740328,0.739676,0.739781,50
2024-10-03 08:00:00,0.739781,0.739839,0.739603,0.739661,50
2024-10-03 09:00:00,0.739661,0.740478,0.739539,0.740356,50
2024-10-03 10:00:00,0.740356,0.740797,0.740213,0.740654,50
2024-10-03 11:00:00,0.740654,0.740751,0.740188,0.740285,50
2024-10-03 12:00:00,0.740285,0.740344,0.739659,0.739718,50
2024-10-03 13:00:00,0.739718,0.740239,0.739625,0.740146,50
2024-10-03 14:00:00,0.740146,0.740323,0.739210,0.739386,50
2024-10-03 15:00:00,0.739386,0.739496,0.739109,0.739218,50
2024-10-03 16:00:00,0.739218,0.739360,0.738448,0.738590,50
2024-10-03 17:00:00,0.738590,0.739242,0.738376,0.739028,50
2024-10-03 18:00:00,0.739028,0.739050,0.738558,0.738580,50
2024-10-03 19:00:00,0.738580,0.739146,0.738504,0.739070,50
2024-10-03 20:00:00,0.739070,0.739771,0.738918,0.739619,50
2024-10-03 21:00:00,0.739619,0.740449,0.739600,0.740430,50
2024-10-03 22:00:00,0.740430,0.742160,0.740361,0.742091,50
2024-10-03 23:00:00,0.742091,0.742241,0.738784,0.738934,50
2024-10-04 00:00:00,0.738934,0.739403,0.738761,0.739230,50
2024-10-04 01:00:00,0.739230,0.739331,0.738683,0.738784,50
2024-10-04 02:00:00,0.738784,0.738982,0.736690,0.736888,50
2024-10-04 03:00:00,0.736888,0.736974,0.736381,0.736467,50
2024-10-04 04:00:00,0.736467,0.736858,0.736386,0.736777,50
2024-10-04 05:00:00,0.736777,0.737883,0.736699,0.737806,50
2024-10-04 06:00:00,0.737806,0.737843,0.737185,0.737222,50
2024-10-04 07:00:00,0.737222,0.737283,0.736751,0.736812,50
2024-10-04 08:00:00,0.736812,0.736916,0.736743,0.736847,50
2024-10-04 09:00:00,0.736847,0.736955,0.736248,0.736356,50
2024-10-04 10:00:00,0.736356,0.736879,0.736333,0.736856,50
2024-10-04 11:00:00,0.736856,0.738101,0.736789,0.738034,50
2024-10-04 12:00:00,0.738034,0.738687,0.737928,0.738581,50
2024-10-04 13:00:00,0.738581,0.738602,0.736610,0.736632,50
2024-10-04 14:00:00,0.736632,0.736731,0.736090,0.736189,50
2024-10-04 15:00:00,0.736189,0.736243,0.735942,0.735996,50
2024-10-04 16:00:00,0.735996,0.736318,0.735908,0.736230,50
2024-10-04 17:00:00,0.736230,0.736825,0.736191,0.736785,50
2024-10-04 18:00:00,0.736785,0.737940,0.736694,0.737849,50
2024-10-04 19:00:00,0.737849,0.738316,0.737733,0.738201,50
2024-10-04 20:00:00,0.738201,0.738714,0.738032,0.738545,50
2024-10-04 21:00:00,0.738545,0.738680,0.736677,0.736812,50
2024-10-04 22:00:00,0.736812,0.736834,0.736026,0.736048,50
2024-10-04 23:00:00,0.736048,0.736501,0.736032,0.736485,50
2024-10-07 00:00:00,0.736485,0.736580,0.736044,0.736138,50
2024-10-07 01:00:00,0.736138,0.736249,0.735523,0.735634,50
2024-10-07 02:00:00,0.735634,0.736333,0.735532,0.736231,50
2024-10-07 03:00:00,0.736231,0.736884,0.736157,0.736810,50
2024-10-07 04:00:00,0.736810,0.736836,0.736258,0.736284,50
2024-10-07 05:00:00,0.736284,0.736420,0.735551,0.735687,50
2024-10-07 06:00:00,0.735687,0.735985,0.735657,0.735955,50
2024-10-07 07:00:00,0.735955,0.736017,0.735780,0.735842,50
2024-10-07 08:00:00,0.735842,0.735895,0.735532,0.735585,50
2024-10-07 09:00:00,0.735585,0.735711,0.735259,0.735385,50
2024-10-07 10:00:00,0.735385,0.735718,0.735331,0.735664,50
2024-10-07 11:00:00,0.735664,0.735774,0.735081,0.735192,50
2024-10-07 12:00:00,0.735192,0.735563,0.735162,0.735533,50
2024-10-07 13:00:00,0.735533,0.735600,0.735250,0.735317,50
2024-10-07 14:00:00,0.735317,0.735425,0.734581,0.734690,50
2024-10-07 15:00:00,0.734690,0.735007,0.734670,0.734987,50
2024-10-07 16:00:00,0.734987,0.735297,0.734853,0.735163,50
2024-10-07 17:00:00,0.735163,0.735287,0.734765,0.734889,50
2024-10-07 18:00:00,0.734889,0.734994,0.734804,0.734909,50
2024-10-07 19:00:00,0.734909,0.734983,0.734463,0.734537,50
2024-10-07 20:00:00,0.734537,0.734770,0.734450,0.734682,50
2024-10-07 21:00:00,0.734682,0.735025,0.734624,0.734967,50
2024-10-07 22:00:00,0.734967,0.735516,0.734849,0.735398,50
2024-10-07 23:00:00,0.735398,0.735489,0.734770,0.734862,50
2024-10-08 00:00:00,0.734862,0.735467,0.734838,0.735443,50
2024-10-08 01:00:00,0.735443,0.735607,0.732602,0.732767,50
2024-10-08 02:00:00,0.732767,0.732951,0.732104,0.732288,50
2024-10-08 03:00:00,0.732288,0.733201,0.732207,0.733120,50
2024-10-08 04:00:00,0.733120,0.733456,0.733110,0.733446,50
2024-10-08 05:00:00,0.733446,0.733450,0.731939,0.731943,50
2024-10-08 06:00:00,0.731943,0.732124,0.731420,0.731602,50
2024-10-08 07:00:00,0.731602,0.731841,0.731137,0.731376,50
2024-10-08 08:00:00,0.731376,0.733223,0.731225,0.733071,50
2024-10-08 09:00:00,0.733071,0.733267,0.732891,0.733087,50
2024-10-08 10:00:00,0.733087,0.733480,0.732910,0.733303,50
2024-10-08 11:00:00,0.733303,0.733305,0.732847,0.732850,50
2024-10-08 12:00:00,0.732850,0.733205,0.732692,0.733048,50
2024-10-08 13:00:00,0.733048,0.733999,0.732950,0.733901,50
2024-10-08 14:00:00,0.733901,0.733937,0.733689,0.733725,50
2024-10-08 15:00:00,0.733725,0.734209,0.733498,0.733982,50
2024-10-08 16:00:00,0.733982,0.734465,0.733912,0.734395,50
2024-10-08 17:00:00,0.734395,0.734936,0.734383,0.734924,50
2024-10-08 18:00:00,0.734924,0.735047,0.733828,0.733952,50
2024-10-08 19:00:00,0.733952,0.734137,0.733467,0.733652,50
2024-10-08 20:00:00,0.733652,0.734263,0.733554,0.734165,50
2024-10-08 21:00:00,0.734165,0.735567,0.733960,0.735362,50
2024-10-08 22:00:00,0.735362,0.735512,0.735155,0.735305,50
2024-10-08 23:00:00,0.735305,0.735385,0.731877,0.731957,50
2024-10-09 00:00:00,0.731957,0.731966,0.731407,0.731416,50
2024-10-09 01:00:00,0.731416,0.731443,0.731315,0.731342,50
2024-10-09 02:00:00,0.731342,0.731414,0.731264,0.731336,50
2024-10-09 03:00:00,0.731336,0.731383,0.730832,0.730878,50
2024-10-09 04:00:00,0.730878,0.731451,0.730778,0.731351,50
2024-10-09 05:00:00,0.731351,0.731396,0.730868,0.730913,50
2024-10-09 06:00:00,0.730913,0.730953,0.730527,0.730566,50
2024-10-09 07:00:00,0.730566,0.730757,0.730511,0.730702,50
2024-10-09 08:00:00,0.730702,0.730803,0.730479,0.730580,50
2024-10-09 09:00:00,0.730580,0.730886,0.730491,0.730798,50
2024-10-09 10:00:00,0.730798,0.731306,0.730744,0.731253,50
2024-10-09 11:00:00,0.731253,0.731751,0.731142,0.731640,50
2024-10-09 12:00:00,0.731640,0.732169,0.731627,0.732156,50
2024-10-09 13:00:00,0.732156,0.732188,0.731957,0.731989,50
2024-10-09 14:00:00,0.731989,0.732529,0.731979,0.732519,50
2024-10-09 15:00:00,0.732519,0.732538,0.731863,0.731882,50
2024-10-09 16:00:00,0.731882,0.731973,0.731196,0.731286,50
2024-10-09 17:00:00,0.731286,0.731388,0.730287,0.730389,50
2024-10-09 18:00:00,0.730389,0.730894,0.730381,0.730886,50
2024-10-09 19:00:00,0.730886,0.730940,0.730494,0.730549,50
2024-10-09 20:00:00,0.730549,0.730949,0.730470,0.730870,50
2024-10-09 21:00:00,0.730870,0.731062,0.730784,0.730977,50
2024-10-09 22:00:00,0.730977,0.731027,0.730876,0.730926,50
2024-10-09 23:00:00,0.730926,0.731021,0.730793,0.730887,50
2024-10-10 00:00:00,0.730887,0.731005,0.730258,0.730376,50
2024-10-10 01:00:00,0.730376,0.731768,0.730195,0.731587,50
2024-10-10 02:00:00,0.731587,0.731647,0.730055,0.730115,50
2024-10-10 03:00:00,0.730115,0.730392,0.729841,0.730118,50
2024-10-10 04:00:00,0.730118,0.730232,0.729929,0.730044,50
2024-10-10 05:00:00,0.730044,0.730653,0.729988,0.730597,50
2024-10-10 06:00:00,0.730597,0.730767,0.730376,0.730545,50
2024-10-10 07:00:00,0.730545,0.730691,0.729998,0.730144,50
2024-10-10 08:00:00,0.730144,0.730261,0.729211,0.729327,50
2024-10-10 09:00:00,0.729327,0.729754,0.729308,0.729736,50
2024-10-10 10:00:00,0.729736,0.731840,0.729527,0.731631,50
2024-10-10 11:00:00,0.731631,0.731802,0.731360,0.731530,50
2024-10-10 12:00:00,0.731530,0.731611,0.731277,0.731359,50
2024-10-10 13:00:00,0.731359,0.731419,0.728251,0.728311,50
2024-10-10 14:00:00,0.728311,0.728379,0.726355,0.726423,50
2024-10-10 15:00:00,0.726423,0.727287,0.726230,0.727093,50
2024-10-10 16:00:00,0.727093,0.727360,0.726415,0.726682,50
2024-10-10 17:00:00,0.726682,0.727895,0.726476,0.727688,50
2024-10-10 18:00:00,0.727688,0.729063,0.727646,0.729022,50
2024-10-10 19:00:00,0.729022,0.729132,0.728051,0.728161,50
2024-10-10 20:00:00,0.728161,0.728702,0.727868,0.728409,50
2024-10-10 21:00:00,0.728409,0.728594,0.727816,0.728002,50
2024-10-10 22:00:00,0.728002,0.728271,0.727842,0.728111,50
2024-10-10 23:00:00,0.728111,0.728234,0.727044,0.727167,50
2024-10-11 00:00:00,0.727167,0.727878,0.727123,0.727834,50
2024-10-11 01:00:00,0.727834,0.727858,0.727107,0.727131,50
2024-10-11 02:00:00,0.727131,0.727141,0.726917,0.726927,50
2024-10-11 03:00:00,0.726927,0.726928,0.726817,0.726818,50
2024-10-11 04:00:00,0.726818,0.726929,0.726718,0.726829,50
2024-10-11 05:00:00,0.726829,0.726945,0.726421,0.726537,50
2024-10-11 06:00:00,0.726537,0.726747,0.726414,0.726624,50
2024-10-11 07:00:00,0.726624,0.726718,0.726270,0.726364,50
2024-10-11 08:00:00,0.726364,0.726480,0.725769,0.725884,50
2024-10-11 09:00:00,0.725884,0.725962,0.725577,0.725655,50
2024-10-11 10:00:00,0.725655,0.725985,0.725593,0.725922,50
2024-10-11 11:00:00,0.725922,0.726077,0.725798,0.725953,50
2024-10-11 12:00:00,0.725953,0.726025,0.725679,0.725751,50
2024-10-11 13:00:00,0.725751,0.725924,0.725728,0.725901,50
2024-10-11 14:00:00,0.725901,0.726076,0.725826,0.726001,50
2024-10-11 15:00:00,0.726001,0.726115,0.725831,0.725945,50
2024-10-11 16:00:00,0.725945,0.726044,0.725603,0.725701,50
2024-10-11 17:00:00,0.725701,0.725852,0.725632,0.725784,50
2024-10-11 18:00:00,0.725784,0.725980,0.725687,0.725883,50
2024-10-11 19:00:00,0.725883,0.726031,0.725847,0.725995,50
2024-10-11 20:00:00,0.725995,0.726306,0.725906,0.726217,50
2024-10-11 21:00:00,0.726217,0.726297,0.725953,0.726033,50
2024-10-11 22:00:00,0.726033,0.726297,0.726025,0.726289,50
2024-10-11 23:00:00,0.726289,0.726445,0.726165,0.726322,50
2024-10-15 00:00:00,0.726322,0.726340,0.726044,0.726062,50
2024-10-15 01:00:00,0.726062,0.726139,0.725397,0.725474,50
2024-10-15 02:00:00,0.725474,0.725554,0.725451,0.725531,50
2024-10-15 03:00:00,0.725531,0.726637,0.725408,0.726515,50
2024-10-15 04:00:00,0.726515,0.726520,0.726242,0.726247,50
2024-10-15 05:00:00,0.726247,0.726810,0.726127,0.726690,50
2024-10-15 06:00:00,0.726690,0.726835,0.726444,0.726589,50
2024-10-15 07:00:00,0.726589,0.726736,0.725946,0.726093,50
2024-10-15 08:00:00,0.726093,0.726735,0.726021,0.726663,50
2024-10-15 09:00:00,0.726663,0.726788,0.726340,0.726465,50
2024-10-15 10:00:00,0.726465,0.726492,0.726363,0.726389,50
2024-10-15 11:00:00,0.726389,0.726616,0.726241,0.726467,50
2024-10-15 12:00:00,0.726467,0.726635,0.726316,0.726484,50
2024-10-15 13:00:00,0.726484,0.726595,0.725996,0.726107,50
2024-10-15 14:00:00,0.726107,0.726257,0.725173,0.725322,50
2024-10-15 15:00:00,0.725322,0.725638,0.725226,0.725542,50
2024-10-15 16:00:00,0.725542,0.725692,0.724086,0.724236,50
2024-10-15 17:00:00,0.724236,0.724572,0.724177,0.724513,50
2024-10-15 18:00:00,0.724513,0.724525,0.724099,0.724112,50
2024-10-15 19:00:00,0.724112,0.724459,0.724080,0.724427,50
2024-10-15 20:00:00,0.724427,0.724665,0.724293,0.724531,50
2024-10-15 21:00:00,0.724531,0.724740,0.724401,0.724610,50
2024-10-15 22:00:00,0.724610,0.725189,0.724551,0.725130,50
2024-10-15 23:00:00,0.725130,0.725240,0.724370,0.724480,50
2024-10-16 00:00:00,0.724480,0.724677,0.724456,0.724653,50
2024-10-16 01:00:00,0.724653,0.724725,0.724572,0.724644,50
2024-10-16 02:00:00,0.724644,0.724766,0.724031,0.724154,50
2024-10-16 03:00:00,0.724154,0.724893,0.724073,0.724812,50
2024-10-16 04:00:00,0.724812,0.724873,0.724662,0.724723,50
2024-10-16 05:00:00,0.724723,0.724737,0.724448,0.724462,50
2024-10-16 06:00:00,0.724462,0.725158,0.724445,0.725141,50
2024-10-16 07:00:00,0.725141,0.725175,0.724519,0.724553,50
2024-10-16 08:00:00,0.724553,0.725312,0.724422,0.725182,50
2024-10-16 09:00:00,0.725182,0.725450,0.725078,0.725347,50
2024-10-16 10:00:00,0.725347,0.725370,0.725192,0.725215,50
2024-10-16 11:00:00,0.725215,0.725347,0.725209,0.725341,50
2024-10-16 12:00:00,0.725341,0.725474,0.724934,0.725067,50
2024-10-16 13:00:00,0.725067,0.725790,0.724935,0.725658,50
2024-10-16 14:00:00,0.725658,0.726041,0.725585,0.725968,50
2024-10-16 15:00:00,0.725968,0.726257,0.725931,0.726219,50
2024-10-16 16:00:00,0.726219,0.726293,0.726021,0.726094,50
2024-10-16 17:00:00,0.726094,0.726217,0.725665,0.725788,50
2024-10-16 18:00:00,0.725788,0.726239,0.725754,0.726205,50
2024-10-16 19:00:00,0.726205,0.726312,0.725678,0.725785,50
2024-10-16 20:00:00,0.725785,0.725853,0.725632,0.725700,50
2024-10-16 21:00:00,0.725700,0.725775,0.725533,0.725608,50
2024-10-16 22:00:00,0.725608,0.726302,0.725479,0.726174,50
2024-10-16 23:00:00,0.726174,0.726175,0.726109,0.726111,50
2024-10-17 00:00:00,0.726111,0.726338,0.726018,0.726245,50
2024-10-17 01:00:00,0.726245,0.726519,0.726130,0.726405,50
2024-10-17 02:00:00,0.726405,0.726482,0.726387,0.726464,50
2024-10-17 03:00:00,0.726464,0.726728,0.726356,0.726621,50
2024-10-17 04:00:00,0.726621,0.726769,0.726502,0.726650,50
2024-10-17 05:00:00,0.726650,0.726660,0.726617,0.726627,50
2024-10-17 06:00:00,0.726627,0.726727,0.726598,0.726698,50
2024-10-17 07:00:00,0.726698,0.726767,0.726337,0.726406,50
2024-10-17 08:00:00,0.726406,0.726513,0.726350,0.726457,50
2024-10-17 09:00:00,0.726457,0.726582,0.726340,0.726466,50
2024-10-17 10:00:00,0.726466,0.726474,0.726070,0.726078,50
2024-10-17 11:00:00,0.726078,0.726080,0.725930,0.725932,50
2024-10-17 12:00:00,0.725932,0.726044,0.725546,0.725658,50
2024-10-17 13:00:00,0.725658,0.725899,0.725567,0.725808,50
2024-10-17 14:00:00,0.725808,0.726162,0.725746,0.726100,50
2024-10-17 15:00:00,0.726100,0.726138,0.725551,0.725590,50
2024-10-17 16:00:00,0.725590,0.725660,0.725403,0.725473,50
2024-10-17 17:00:00,0.725473,0.725590,0.725209,0.725326,50
2024-10-17 18:00:00,0.725326,0.725428,0.725230,0.725331,50
2024-10-17 19:00:00,0.725331,0.725394,0.725007,0.725070,50
2024-10-17 20:00:00,0.725070,0.725088,0.724689,0.724707,50
2024-10-17 21:00:00,0.724707,0.724813,0.724663,0.724768,50
2024-10-17 22:00:00,0.724768,0.724829,0.724463,0.724523,50
2024-10-17 23:00:00,0.724523,0.725207,0.724427,0.725111,50
2024-10-18 00:00:00,0.725111,0.725634,0.725023,0.725547,50
2024-10-18 01:00:00,0.725547,0.725642,0.725525,0.725620,50
2024-10-18 02:00:00,0.725620,0.725787,0.725593,0.725760,50
2024-10-18 03:00:00,0.725760,0.725880,0.725256,0.725377,50
2024-10-18 04:00:00,0.725377,0.725550,0.725254,0.725427,50
2024-10-18 05:00:00,0.725427,0.725567,0.725418,0.725558,50
2024-10-18 06:00:00,0.725558,0.725571,0.725535,0.725548,50
2024-10-18 07:00:00,0.725548,0.725600,0.725123,0.725176,50
2024-10-18 08:00:00,0.725176,0.725198,0.724641,0.724664,50
2024-10-18 09:00:00,0.724664,0.724760,0.724115,0.724211,50
2024-10-18 10:00:00,0.724211,0.724223,0.724001,0.724013,50
2024-10-18 11:00:00,0.724013,0.724046,0.723922,0.723954,50
2024-10-18 12:00:00,0.723954,0.724043,0.723836,0.723924,50
2024-10-18 13:00:00,0.723924,0.724037,0.723866,0.723979,50
2024-10-18 14:00:00,0.723979,0.724151,0.723893,0.724065,50
2024-10-18 15:00:00,0.724065,0.724101,0.723795,0.723831,50
2024-10-18 16:00:00,0.723831,0.723946,0.723580,0.723695,50
2024-10-18 17:00:00,0.723695,0.723788,0.723590,0.723682,50
2024-10-18 18:00:00,0.723682,0.723963,0.723624,0.723905,50
2024-10-18 19:00:00,0.723905,0.723991,0.723700,0.723786,50
2024-10-18 20:00:00,0.723786,0.724234,0.723707,0.724154,50
2024-10-18 21:00:00,0.724154,0.724354,0.724092,0.724292,50
2024-10-18 22:00:00,0.724292,0.724426,0.724164,0.724298,50
2024-10-18 23:00:00,0.724298,0.724531,0.724195,0.724428,50
2024-10-21 00:00:00,0.724428,0.724590,0.724180,0.724342,50
2024-10-21 01:00:00,0.724342,0.724489,0.723463,0.723610,50
2024-10-21 02:00:00,0.723610,0.723936,0.723423,0.723749,50
2024-10-21 03:00:00,0.723749,0.723889,0.722892,0.723032,50
2024-10-21 04:00:00,0.723032,0.723332,0.722960,0.723259,50
2024-10-21 05:00:00,0.723259,0.723410,0.722305,0.722455,50
2024-10-21 06:00:00,0.722455,0.722713,0.722300,0.722557,50
2024-10-21 07:00:00,0.722557,0.722747,0.722498,0.722688,50
2024-10-21 08:00:00,0.722688,0.722735,0.721769,0.721815,50
2024-10-21 09:00:00,0.721815,0.722079,0.721780,0.722044,50
2024-10-21 10:00:00,0.722044,0.722537,0.722031,0.722524,50
2024-10-21 11:00:00,0.722524,0.722662,0.722057,0.722195,50
2024-10-21 12:00:00,0.722195,0.722520,0.722007,0.722332,50
2024-10-21 13:00:00,0.722332,0.723249,0.722180,0.723097,50
2024-10-21 14:00:00,0.723097,0.723207,0.722317,0.722427,50
2024-10-21 15:00:00,0.722427,0.723632,0.722255,0.723461,50
2024-10-21 16:00:00,0.723461,0.723537,0.723060,0.723136,50
2024-10-21 17:00:00,0.723136,0.723352,0.723066,0.723282,50
2024-10-21 18:00:00,0.723282,0.723283,0.722903,0.722904,50
2024-10-21 19:00:00,0.722904,0.722936,0.722824,0.722857,50
2024-10-21 20:00:00,0.722857,0.722985,0.722545,0.722673,50
2024-10-21 21:00:00,0.722673,0.722752,0.721820,0.721899,50
2024-10-21 22:00:00,0.721899,0.722082,0.721545,0.721728,50
2024-10-21 23:00:00,0.721728,0.722180,0.721726,0.722178,50
2024-10-22 00:00:00,0.722178,0.723379,0.722073,0.723273,50
2024-10-22 01:00:00,0.723273,0.723333,0.722654,0.722714,50
2024-10-22 02:00:00,0.722714,0.722832,0.722224,0.722343,50
2024-10-22 03:00:00,0.722343,0.722689,0.722330,0.722676,50
2024-10-22 04:00:00,0.722676,0.722741,0.722568,0.722632,50
2024-10-22 05:00:00,0.722632,0.722999,0.722617,0.722983,50
2024-10-22 06:00:00,0.722983,0.723083,0.722143,0.722243,50
2024-10-22 07:00:00,0.722243,0.722356,0.722014,0.722126,50
2024-10-22 08:00:00,0.722126,0.722335,0.722059,0.722267,50
2024-10-22 09:00:00,0.722267,0.722365,0.721682,0.721780,50
2024-10-22 10:00:00,0.721780,0.722042,0.721775,0.722037,50
2024-10-22 11:00:00,0.722037,0.722060,0.721943,0.721966,50
2024-10-22 12:00:00,0.721966,0.722838,0.721954,0.722826,50
2024-10-22 13:00:00,0.722826,0.722883,0.722746,0.722803,50
2024-10-22 14:00:00,0.722803,0.723042,0.722720,0.722959,50
2024-10-22 15:00:00,0.722959,0.723076,0.722645,0.722762,50
2024-10-22 16:00:00,0.722762,0.722808,0.722162,0.722208,50
2024-10-22 17:00:00,0.722208,0.722275,0.721609,0.721676,50
2024-10-22 18:00:00,0.721676,0.722264,0.721583,0.722171,50
2024-10-22 19:00:00,0.722171,0.722205,0.721503,0.721537,50
2024-10-22 20:00:00,0.721537,0.722229,0.721473,0.722165,50
2024-10-22 21:00:00,0.722165,0.722322,0.722127,0.722285,50
2024-10-22 22:00:00,0.722285,0.723104,0.722235,0.723054,50
2024-10-22 23:00:00,0.723054,0.723143,0.722977,0.723066,50
2024-10-23 00:00:00,0.723066,0.723933,0.723015,0.723882,50
2024-10-23 01:00:00,0.723882,0.723910,0.723799,0.723827,50
2024-10-23 02:00:00,0.723827,0.723935,0.723332,0.723441,50
2024-10-23 03:00:00,0.723441,0.723666,0.723352,0.723577,50
2024-10-23 04:00:00,0.723577,0.723594,0.723543,0.723561,50
2024-10-23 05:00:00,0.723561,0.723584,0.723202,0.723226,50
2024-10-23 06:00:00,0.723226,0.723229,0.722748,0.722751,50
2024-10-23 07:00:00,0.722751,0.723007,0.722694,0.722950,50
2024-10-23 08:00:00,0.722950,0.723038,0.722601,0.722689,50
2024-10-23 09:00:00,0.722689,0.722971,0.722626,0.722908,50
2024-10-23 10:00:00,0.722908,0.723193,0.722883,0.723168,50
2024-10-23 11:00:00,0.723168,0.724020,0.723089,0.723941,50
2024-10-23 12:00:00,0.723941,0.724036,0.723381,0.723476,50
2024-10-23 13:00:00,0.723476,0.723478,0.723023,0.723025,50
2024-10-23 14:00:00,0.723025,0.723045,0.722245,0.722264,50
2024-10-23 15:00:00,0.722264,0.722826,0.722215,0.722776,50
2024-10-23 16:00:00,0.722776,0.722829,0.722574,0.722627,50
2024-10-23 17:00:00,0.722627,0.722697,0.722381,0.722450,50
2024-10-23 18:00:00,0.722450,0.722527,0.722060,0.722136,50
2024-10-23 19:00:00,0.722136,0.722367,0.722089,0.722320,50
2024-10-23 20:00:00,0.722320,0.722498,0.722242,0.722421,50
2024-10-23 21:00:00,0.722421,0.722486,0.721848,0.721913,50
2024-10-23 22:00:00,0.721913,0.722078,0.721905,0.722070,50
2024-10-23 23:00:00,0.722070,0.722669,0.722049,0.722648,50
2024-10-24 00:00:00,0.722648,0.722862,0.722620,0.722834,50
2024-10-24 01:00:00,0.722834,0.722937,0.722630,0.722733,50
2024-10-24 02:00:00,0.722733,0.722805,0.722541,0.722612,50
2024-10-24 03:00:00,0.722612,0.722687,0.722542,0.722616,50
2024-10-24 04:00:00,0.722616,0.722655,0.722505,0.722544,50
2024-10-24 05:00:00,0.722544,0.722659,0.722509,0.722624,50
2024-10-24 06:00:00,0.722624,0.722712,0.722372,0.722459,50
2024-10-24 07:00:00,0.722459,0.722466,0.722262,0.722269,50
2024-10-24 08:00:00,0.722269,0.722602,0.722228,0.722562,50
2024-10-24 09:00:00,0.722562,0.722628,0.722326,0.722392,50
2024-10-24 10:00:00,0.722392,0.722505,0.722255,0.722367,50
2024-10-24 11:00:00,0.722367,0.722378,0.722115,0.722126,50
2024-10-24 12:00:00,0.722126,0.722138,0.721624,0.721636,50
2024-10-24 13:00:00,0.721636,0.721680,0.721365,0.721410,50
2024-10-24 14:00:00,0.721410,0.721526,0.720928,0.721044,50
2024-10-24 15:00:00,0.721044,0.721438,0.721031,0.721425,50
2024-10-24 16:00:00,0.721425,0.721750,0.721324,0.721648,50
2024-10-24 17:00:00,0.721648,0.721767,0.721464,0.721582,50
2024-10-24 18:00:00,0.721582,0.721656,0.721477,0.721551,50
2024-10-24 19:00:00,0.721551,0.721588,0.721358,0.721396,50
2024-10-24 20:00:00,0.721396,0.721942,0.721272,0.721818,50
2024-10-24 21:00:00,0.721818,0.721876,0.721612,0.721670,50
2024-10-24 22:00:00,0.721670,0.722067,0.721653,0.722049,50
2024-10-24 23:00:00,0.722049,0.722165,0.721490,0.721605,50
2024-10-25 00:00:00,0.721605,0.721813,0.721525,0.721733,50
2024-10-25 01:00:00,0.721733,0.721831,0.720511,0.720609,50
2024-10-25 02:00:00,0.720609,0.720817,0.720480,0.720687,50
2024-10-25 03:00:00,0.720687,0.721019,0.720661,0.720993,50
2024-10-25 04:00:00,0.720993,0.721526,0.720921,0.721454,50
2024-10-25 05:00:00,0.721454,0.721995,0.721433,0.721973,50
2024-10-25 06:00:00,0.721973,0.721979,0.721216,0.721222,50
2024-10-25 07:00:00,0.721222,0.721244,0.720903,0.720925,50
2024-10-25 08:00:00,0.720925,0.720965,0.720642,0.720683,50
2024-10-25 09:00:00,0.720683,0.720774,0.720209,0.720301,50
2024-10-25 10:00:00,0.720301,0.720420,0.719782,0.719901,50
2024-10-25 11:00:00,0.719901,0.720992,0.719851,0.720943,50
2024-10-25 12:00:00,0.720943,0.721034,0.720761,0.720853,50
2024-10-25 13:00:00,0.720853,0.720900,0.720747,0.720794,50
2024-10-25 14:00:00,0.720794,0.720823,0.720617,0.720647,50
2024-10-25 15:00:00,0.720647,0.721017,0.720618,0.720989,50
2024-10-25 16:00:00,0.720989,0.721104,0.720501,0.720616,50
2024-10-25 17:00:00,0.720616,0.720837,0.720587,0.720808,50
2024-10-25 18:00:00,0.720808,0.721190,0.720733,0.721116,50
2024-10-25 19:00:00,0.721116,0.721294,0.720996,0.721174,50
2024-10-25 20:00:00,0.721174,0.721227,0.720503,0.720555,50
2024-10-25 21:00:00,0.720555,0.720645,0.720466,0.720557,50
2024-10-25 22:00:00,0.720557,0.720672,0.719855,0.719970,50
2024-10-25 23:00:00,0.719970,0.720412,0.719916,0.720357,50
2024-10-28 00:00:00,0.720357,0.720749,0.720287,0.720679,50
2024-10-28 01:00:00,0.720679,0.720765,0.720105,0.720191,50
2024-10-28 02:00:00,0.720191,0.720329,0.720090,0.720228,50
2024-10-28 03:00:00,0.720228,0.720343,0.719684,0.719800,50
2024-10-28 04:00:00,0.719800,0.719932,0.719716,0.719849,50
2024-10-28 05:00:00,0.719849,0.719918,0.719540,0.719609,50
2024-10-28 06:00:00,0.719609,0.720258,0.719537,0.720186,50
2024-10-28 07:00:00,0.720186,0.720255,0.719422,0.719492,50
2024-10-28 08:00:00,0.719492,0.719550,0.719078,0.719137,50
2024-10-28 09:00:00,0.719137,0.719227,0.718647,0.718738,50
2024-10-28 10:00:00,0.718738,0.719143,0.718701,0.719106,50
2024-10-28 11:00:00,0.719106,0.719672,0.719103,0.719668,50
2024-10-28 12:00:00,0.719668,0.720534,0.719645,0.720511,50
2024-10-28 13:00:00,0.720511,0.720538,0.719645,0.719672,50
2024-10-28 14:00:00,0.719672,0.719694,0.719379,0.719400,50
2024-10-28 15:00:00,0.719400,0.719579,0.719373,0.719553,50
2024-10-28 16:00:00,0.719553,0.719740,0.719534,0.719721,50
2024-10-28 17:00:00,0.719721,0.719731,0.719240,0.719250,50
2024-10-28 18:00:00,0.719250,0.719348,0.718637,0.718734,50
2024-10-28 19:00:00,0.718734,0.719005,0.718679,0.718950,50
2024-10-28 20:00:00,0.718950,0.719571,0.718949,0.719571,50
2024-10-28 21:00:00,0.719571,0.720017,0.719537,0.719984,50
2024-10-28 22:00:00,0.719984,0.720315,0.719918,0.720249,50
2024-10-28 23:00:00,0.720249,0.720263,0.719255,0.719269,50
2024-10-29 00:00:00,0.719269,0.719280,0.718314,0.718326,50
2024-10-29 01:00:00,0.718326,0.718436,0.718316,0.718427,50
2024-10-29 02:00:00,0.718427,0.718458,0.718417,0.718448,50
2024-10-29 03:00:00,0.718448,0.719005,0.718412,0.718969,50
2024-10-29 04:00:00,0.718969,0.719080,0.718919,0.719030,50
2024-10-29 05:00:00,0.719030,0.719309,0.718998,0.719277,50
2024-10-29 06:00:00,0.719277,0.719442,0.719205,0.719370,50
2024-10-29 07:00:00,0.719370,0.719438,0.719164,0.719232,50
2024-10-29 08:00:00,0.719232,0.719325,0.718603,0.718696,50
2024-10-29 09:00:00,0.718696,0.718824,0.718355,0.718483,50
2024-10-29 10:00:00,0.718483,0.718498,0.718423,0.718439,50
2024-10-29 11:00:00,0.718439,0.718607,0.718393,0.718561,50
2024-10-29 12:00:00,0.718561,0.719184,0.718448,0.719071,50
2024-10-29 13:00:00,0.719071,0.719343,0.719057,0.719329,50
2024-10-29 14:00:00,0.719329,0.719331,0.719203,0.719205,50
2024-10-29 15:00:00,0.719205,0.719382,0.719104,0.719281,50
2024-10-29 16:00:00,0.719281,0.719963,0.719234,0.719916,50
2024-10-29 17:00:00,0.719916,0.720068,0.719907,0.720059,50
2024-10-29 18:00:00,0.720059,0.720200,0.720051,0.720193,50
2024-10-29 19:00:00,0.720193,0.720317,0.719130,0.719254,50
2024-10-29 20:00:00,0.719254,0.719340,0.718750,0.718836,50
2024-10-29 21:00:00,0.718836,0.718857,0.718445,0.718466,50
2024-10-29 22:00:00,0.718466,0.718590,0.718090,0.718214,50
2024-10-29 23:00:00,0.718214,0.719028,0.718146,0.718959,50
2024-10-30 00:00:00,0.718959,0.719562,0.718901,0.719504,50
2024-10-30 01:00:00,0.719504,0.719568,0.719383,0.719446,50
2024-10-30 02:00:00,0.719446,0.719749,0.719369,0.719671,50
2024-10-30 03:00:00,0.719671,0.719674,0.719262,0.719265,50
2024-10-30 04:00:00,0.719265,0.719374,0.718744,0.718852,50
2024-10-30 05:00:00,0.718852,0.719164,0.718743,0.719055,50
2024-10-30 06:00:00,0.719055,0.719154,0.718793,0.718893,50
2024-10-30 07:00:00,0.718893,0.718951,0.718542,0.718599,50
2024-10-30 08:00:00,0.718599,0.718697,0.717753,0.717850,50
2024-10-30 09:00:00,0.717850,0.717918,0.717762,0.717829,50
2024-10-30 10:00:00,0.717829,0.718347,0.717774,0.718292,50
2024-10-30 11:00:00,0.718292,0.718417,0.718165,0.718290,50
2024-10-30 12:00:00,0.718290,0.719023,0.718261,0.718995,50
2024-10-30 13:00:00,0.718995,0.719109,0.718973,0.719088,50
2024-10-30 14:00:00,0.719088,0.719149,0.718751,0.718812,50
2024-10-30 15:00:00,0.718812,0.719040,0.718802,0.719030,50
2024-10-30 16:00:00,0.719030,0.719040,0.718915,0.718925,50
2024-10-30 17:00:00,0.718925,0.719142,0.718879,0.719097,50
2024-10-30 18:00:00,0.719097,0.719211,0.718579,0.718694,50
2024-10-30 19:00:00,0.718694,0.719310,0.718609,0.719226,50
2024-10-30 20:00:00,0.719226,0.719246,0.719037,0.719058,50
2024-10-30 21:00:00,0.719058,0.719167,0.718926,0.719035,50
2024-10-30 22:00:00,0.719035,0.719158,0.718728,0.718850,50
2024-10-30 23:00:00,0.718850,0.718966,0.718740,0.718856,50
2024-10-31 00:00:00,0.718856,0.719274,0.718780,0.719198,50
2024-10-31 01:00:00,0.719198,0.719279,0.719129,0.719210,50
2024-10-31 02:00:00,0.719210,0.719301,0.718881,0.718972,50
2024-10-31 03:00:00,0.718972,0.718990,0.718738,0.718755,50
2024-10-31 04:00:00,0.718755,0.718866,0.718495,0.718605,50
2024-10-31 05:00:00,0.718605,0.718656,0.718458,0.718509,50
2024-10-31 06:00:00,0.718509,0.718578,0.718447,0.718516,50
2024-10-31 07:00:00,0.718516,0.718548,0.718483,0.718514,50
2024-10-31 08:00:00,0.718514,0.718636,0.718296,0.718418,50
2024-10-31 09:00:00,0.718418,0.718467,0.718007,0.718057,50
2024-10-31 10:00:00,0.718057,0.718164,0.717762,0.717869,50
2024-10-31 11:00:00,0.717869,0.717872,0.717378,0.717381,50
2024-10-31 12:00:00,0.717381,0.717432,0.717084,0.717135,50
2024-10-31 13:00:00,0.717135,0.717149,0.717043,0.717057,50
2024-10-31 14:00:00,0.717057,0.717387,0.716929,0.717258,50
2024-10-31 15:00:00,0.717258,0.717270,0.717195,0.717207,50
2024-10-31 16:00:00,0.717207,0.717490,0.717102,0.717384,50
2024-10-31 17:00:00,0.717384,0.717440,0.717058,0.717113,50
2024-10-31 18:00:00,0.717113,0.717194,0.717074,0.717155,50
2024-10-31 19:00:00,0.717155,0.717328,0.717038,0.717210,50
2024-10-31 20:00:00,0.717210,0.717432,0.717129,0.717351,50
2024-10-31 21:00:00,0.717351,0.717520,0.717244,0.717413,50
2024-10-31 22:00:00,0.717413,0.717631,0.717343,0.717562,50
2024-10-31 23:00:00,0.717562,0.717650,0.717323,0.717412,50
2024-11-01 00:00:00,0.717412,0.717435,0.716962,0.716985,50
2024-11-01 01:00:00,0.716985,0.717293,0.716953,0.717260,50
2024-11-01 02:00:00,0.717260,0.717388,0.717199,0.717327,50
2024-11-01 03:00:00,0.717327,0.717702,0.717201,0.717576,50
2024-11-01 04:00:00,0.717576,0.717599,0.717392,0.717416,50
2024-11-01 05:00:00,0.717416,0.717434,0.717186,0.717204,50
2024-11-01 06:00:00,0.717204,0.717318,0.716894,0.717008,50
2024-11-01 07:00:00,0.717008,0.717055,0.716868,0.716915,50
2024-11-01 08:00:00,0.716915,0.717020,0.716590,0.716695,50
2024-11-01 09:00:00,0.716695,0.717198,0.716632,0.717135,50
2024-11-01 10:00:00,0.717135,0.717626,0.717016,0.717508,50
2024-11-01 11:00:00,0.717508,0.717615,0.717425,0.717532,50
2024-11-01 12:00:00,0.717532,0.717988,0.717434,0.717890,50
2024-11-01 13:00:00,0.717890,0.718290,0.717800,0.718200,50
2024-11-01 14:00:00,0.718200,0.718314,0.717923,0.718038,50
2024-11-01 15:00:00,0.718038,0.718236,0.718020,0.718218,50
2024-11-01 16:00:00,0.718218,0.718349,0.718162,0.718293,50
2024-11-01 17:00:00,0.718293,0.718547,0.718285,0.718539,50
2024-11-01 18:00:00,0.718539,0.718646,0.717998,0.718106,50
2024-11-01 19:00:00,0.718106,0.718485,0.718087,0.718466,50
2024-11-01 20:00:00,0.718466,0.718859,0.718456,0.718849,50
2024-11-01 21:00:00,0.718849,0.718956,0.718700,0.718807,50
2024-11-01 22:00:00,0.718807,0.718821,0.718281,0.718296,50
2024-11-01 23:00:00,0.718296,0.718334,0.718095,0.718133,50
2024-11-04 00:00:00,0.718133,0.718169,0.718012,0.718047,50
2024-11-04 01:00:00,0.718047,0.718649,0.717945,0.718547,50
2024-11-04 02:00:00,0.718547,0.718720,0.718464,0.718637,50
2024-11-04 03:00:00,0.718637,0.718650,0.718572,0.718586,50
2024-11-04 04:00:00,0.718586,0.718892,0.718515,0.718822,50
2024-11-04 05:00:00,0.718822,0.718928,0.718609,0.718716,50
2024-11-04 06:00:00,0.718716,0.718717,0.718651,0.718653,50
2024-11-04 07:00:00,0.718653,0.719062,0.718651,0.719060,50
2024-11-04 08:00:00,0.719060,0.719191,0.718969,0.719100,50
2024-11-04 09:00:00,0.719100,0.719123,0.719017,0.719041,50
2024-11-04 10:00:00,0.719041,0.719140,0.719026,0.719125,50
2024-11-04 11:00:00,0.719125,0.719277,0.719122,0.719273,50
2024-11-04 12:00:00,0.719273,0.719388,0.719031,0.719145,50
2024-11-04 13:00:00,0.719145,0.719490,0.719031,0.719375,50
2024-11-04 14:00:00,0.719375,0.719481,0.719125,0.719231,50
2024-11-04 15:00:00,0.719231,0.719324,0.718842,0.718934,50
2024-11-04 16:00:00,0.718934,0.719276,0.718833,0.719175,50
2024-11-04 17:00:00,0.719175,0.719248,0.719080,0.719153,50
2024-11-04 18:00:00,0.719153,0.719304,0.719057,0.719208,50
2024-11-04 19:00:00,0.719208,0.719762,0.719084,0.719638,50
2024-11-04 20:00:00,0.719638,0.720003,0.719545,0.719910,50
2024-11-04 21:00:00,0.719910,0.719958,0.719833,0.719881,50
2024-11-04 22:00:00,0.719881,0.719955,0.719375,0.719450,50
2024-11-04 23:00:00,0.719450,0.719587,0.719391,0.719528,50
2024-11-05 00:00:00,0.719528,0.719631,0.718927,0.719029,50
2024-11-05 01:00:00,0.719029,0.720788,0.718876,0.720634,50
2024-11-05 02:00:00,0.720634,0.722330,0.720437,0.722133,50
2024-11-05 03:00:00,0.722133,0.722706,0.721947,0.722520,50
2024-11-05 04:00:00,0.722520,0.722524,0.721402,0.721405,50
2024-11-05 05:00:00,0.721405,0.722140,0.721310,0.722046,50
2024-11-05 06:00:00,0.722046,0.722130,0.721112,0.721197,50
2024-11-05 07:00:00,0.721197,0.721383,0.720926,0.721112,50
2024-11-05 08:00:00,0.721112,0.721473,0.721047,0.721408,50
2024-11-05 09:00:00,0.721408,0.721510,0.719535,0.719637,50
2024-11-05 10:00:00,0.719637,0.719645,0.719239,0.719247,50
2024-11-05 11:00:00,0.719247,0.720321,0.719165,0.720239,50
2024-11-05 12:00:00,0.720239,0.721147,0.720035,0.720942,50
2024-11-05 13:00:00,0.720942,0.721190,0.720769,0.721017,50
2024-11-05 14:00:00,0.721017,0.721074,0.720999,0.721055,50
2024-11-05 15:00:00,0.721055,0.721989,0.720879,0.721813,50
2024-11-05 16:00:00,0.721813,0.721897,0.721403,0.721487,50
2024-11-05 17:00:00,0.721487,0.721690,0.720896,0.721099,50
2024-11-05 18:00:00,0.721099,0.721188,0.720258,0.720347,50
2024-11-05 19:00:00,0.720347,0.721072,0.720185,0.720910,50
2024-11-05 20:00:00,0.720910,0.720913,0.719767,0.719769,50
2024-11-05 21:00:00,0.719769,0.720722,0.719751,0.720703,50
2024-11-05 22:00:00,0.720703,0.721034,0.720499,0.720830,50
2024-11-05 23:00:00,0.720830,0.722151,0.720701,0.722022,50
2024-11-06 00:00:00,0.722022,0.722028,0.721431,0.721437,50
2024-11-06 01:00:00,0.721437,0.723067,0.721211,0.722841,50
2024-11-06 02:00:00,0.722841,0.723138,0.721938,0.722235,50
2024-11-06 03:00:00,0.722235,0.722631,0.721893,0.722289,50
2024-11-06 04:00:00,0.722289,0.722434,0.721941,0.722086,50
2024-11-06 05:00:00,0.722086,0.722234,0.721336,0.721484,50
2024-11-06 06:00:00,0.721484,0.721706,0.720732,0.720953,50
2024-11-06 07:00:00,0.720953,0.721150,0.719751,0.719948,50
2024-11-06 08:00:00,0.719948,0.720317,0.719683,0.720052,50
2024-11-06 09:00:00,0.720052,0.720248,0.719566,0.719762,50
2024-11-06 10:00:00,0.719762,0.719785,0.719012,0.719035,50
2024-11-06 11:00:00,0.719035,0.719292,0.717783,0.718040,50
2024-11-06 12:00:00,0.718040,0.719241,0.717746,0.718947,50
2024-11-06 13:00:00,0.718947,0.719257,0.718025,0.718335,50
2024-11-06 14:00:00,0.718335,0.718627,0.716922,0.717213,50
2024-11-06 15:00:00,0.717213,0.717914,0.717133,0.717834,50
2024-11-06 16:00:00,0.717834,0.718521,0.717690,0.718378,50
2024-11-06 17:00:00,0.718378,0.718414,0.717071,0.717108,50
2024-11-06 18:00:00,0.717108,0.717871,0.717048,0.717812,50
2024-11-06 19:00:00,0.717812,0.719068,0.717515,0.718771,50
2024-11-06 20:00:00,0.718771,0.719514,0.718598,0.719340,50
2024-11-06 21:00:00,0.719340,0.720277,0.719049,0.719986,50
2024-11-06 22:00:00,0.719986,0.720389,0.719725,0.720128,50
2024-11-06 23:00:00,0.720128,0.720443,0.717613,0.717927,50
2024-11-07 00:00:00,0.717927,0.719482,0.717883,0.719438,50
2024-11-07 01:00:00,0.719438,0.719634,0.718370,0.718566,50
2024-11-07 02:00:00,0.718566,0.718804,0.717378,0.717616,50
2024-11-07 03:00:00,0.717616,0.717648,0.717456,0.717489,50
2024-11-07 04:00:00,0.717489,0.717746,0.717137,0.717394,50
2024-11-07 05:00:00,0.717394,0.719647,0.717348,0.719601,50
2024-11-07 06:00:00,0.719601,0.721307,0.719493,0.721199,50
2024-11-07 07:00:00,0.721199,0.721348,0.719823,0.719973,50
2024-11-07 08:00:00,0.719973,0.720715,0.719923,0.720665,50
2024-11-07 09:00:00,0.720665,0.720733,0.718428,0.718495,50
2024-11-07 10:00:00,0.718495,0.719894,0.718445,0.719844,50
2024-11-07 11:00:00,0.719844,0.720224,0.719607,0.719987,50
2024-11-07 12:00:00,0.719987,0.721092,0.719975,0.721080,50
2024-11-07 13:00:00,0.721080,0.721241,0.720539,0.720700,50
2024-11-07 14:00:00,0.720700,0.721413,0.720513,0.721226,50
2024-11-07 15:00:00,0.721226,0.721912,0.721155,0.721841,50
2024-11-07 16:00:00,0.721841,0.721984,0.720387,0.720530,50
2024-11-07 17:00:00,0.720530,0.720784,0.719965,0.720219,50
2024-11-07 18:00:00,0.720219,0.720400,0.720100,0.720281,50
2024-11-07 19:00:00,0.720281,0.720468,0.718321,0.718507,50
2024-11-07 20:00:00,0.718507,0.719351,0.718313,0.719156,50
2024-11-07 21:00:00,0.719156,0.719235,0.718978,0.719057,50
2024-11-07 22:00:00,0.719057,0.719829,0.718787,0.719559,50
2024-11-07 23:00:00,0.719559,0.721298,0.719449,0.721189,50
2024-11-08 00:00:00,0.721189,0.721262,0.720714,0.720787,50
2024-11-08 01:00:00,0.720787,0.720820,0.720647,0.720680,50
2024-11-08 02:00:00,0.720680,0.720753,0.720421,0.720493,50
2024-11-08 03:00:00,0.720493,0.720967,0.720358,0.720832,50
2024-11-08 04:00:00,0.720832,0.721856,0.720735,0.721758,50
2024-11-08 05:00:00,0.721758,0.721829,0.721502,0.721573,50
2024-11-08 06:00:00,0.721573,0.721772,0.720575,0.720774,50
2024-11-08 07:00:00,0.720774,0.720841,0.720087,0.720153,50
2024-11-08 08:00:00,0.720153,0.720174,0.719893,0.719913,50
2024-11-08 09:00:00,0.719913,0.719945,0.719548,0.719580,50
2024-11-08 10:00:00,0.719580,0.719737,0.719355,0.719512,50
2024-11-08 11:00:00,0.719512,0.719523,0.718090,0.718101,50
2024-11-08 12:00:00,0.718101,0.719738,0.717979,0.719617,50
2024-11-08 13:00:00,0.719617,0.719836,0.719580,0.719799,50
2024-11-08 14:00:00,0.719799,0.719912,0.719157,0.719270,50
2024-11-08 15:00:00,0.719270,0.719638,0.719234,0.719603,50
2024-11-08 16:00:00,0.719603,0.719831,0.718329,0.718557,50
2024-11-08 17:00:00,0.718557,0.718717,0.717956,0.718116,50
2024-11-08 18:00:00,0.718116,0.718550,0.717979,0.718413,50
2024-11-08 19:00:00,0.718413,0.718564,0.718118,0.718269,50
2024-11-08 20:00:00,0.718269,0.718432,0.717606,0.717769,50
2024-11-08 21:00:00,0.717769,0.718223,0.717739,0.718193,50
2024-11-08 22:00:00,0.718193,0.718373,0.717936,0.718116,50
2024-11-08 23:00:00,0.718116,0.718462,0.717993,0.718339,50
2024-11-12 00:00:00,0.718339,0.718379,0.718270,0.718309,50
2024-11-12 01:00:00,0.718309,0.718438,0.718170,0.718299,50
2024-11-12 02:00:00,0.718299,0.718623,0.718150,0.718474,50
2024-11-12 03:00:00,0.718474,0.718496,0.718249,0.718270,50
2024-11-12 04:00:00,0.718270,0.718518,0.718207,0.718455,50
2024-11-12 05:00:00,0.718455,0.718794,0.718331,0.718670,50
2024-11-12 06:00:00,0.718670,0.718804,0.718565,0.718700,50
2024-11-12 07:00:00,0.718700,0.718849,0.717998,0.718148,50
2024-11-12 08:00:00,0.718148,0.718250,0.718051,0.718154,50
2024-11-12 09:00:00,0.718154,0.718543,0.718040,0.718429,50
2024-11-12 10:00:00,0.718429,0.718482,0.717777,0.717830,50
2024-11-12 11:00:00,0.717830,0.717943,0.717268,0.717381,50
2024-11-12 12:00:00,0.717381,0.717528,0.717364,0.717512,50
2024-11-12 13:00:00,0.717512,0.717528,0.717482,0.717498,50
2024-11-12 14:00:00,0.717498,0.717644,0.717269,0.717414,50
2024-11-12 15:00:00,0.717414,0.717643,0.717348,0.717577,50
2024-11-12 16:00:00,0.717577,0.717597,0.717433,0.717453,50
2024-11-12 17:00:00,0.717453,0.717649,0.717373,0.717569,50
2024-11-12 18:00:00,0.717569,0.717672,0.716829,0.716933,50
2024-11-12 19:00:00,0.716933,0.717040,0.716832,0.716938,50
2024-11-12 20:00:00,0.716938,0.717036,0.716783,0.716881,50
2024-11-12 21:00:00,0.716881,0.716971,0.716674,0.716765,50
2024-11-12 22:00:00,0.716765,0.716881,0.716495,0.716611,50
2024-11-12 23:00:00,0.716611,0.716759,0.716389,0.716538,50
2024-11-13 00:00:00,0.716538,0.716609,0.716376,0.716447,50
2024-11-13 01:00:00,0.716447,0.716453,0.716137,0.716143,50
2024-11-13 02:00:00,0.716143,0.716222,0.716068,0.716147,50
2024-11-13 03:00:00,0.716147,0.716252,0.715574,0.715679,50
2024-11-13 04:00:00,0.715679,0.715787,0.715460,0.715568,50
2024-11-13 05:00:00,0.715568,0.716352,0.715505,0.716290,50
2024-11-13 06:00:00,0.716290,0.716388,0.715997,0.716095,50
2024-11-13 07:00:00,0.716095,0.716684,0.715998,0.716586,50
2024-11-13 08:00:00,0.716586,0.716655,0.716037,0.716106,50
2024-11-13 09:00:00,0.716106,0.716206,0.716098,0.716198,50
2024-11-13 10:00:00,0.716198,0.716362,0.716132,0.716296,50
2024-11-13 11:00:00,0.716296,0.716376,0.716012,0.716093,50
2024-11-13 12:00:00,0.716093,0.716190,0.715806,0.715903,50
2024-11-13 13:00:00,0.715903,0.715990,0.715618,0.715705,50
2024-11-13 14:00:00,0.715705,0.715830,0.715400,0.715525,50
2024-11-13 15:00:00,0.715525,0.715545,0.715157,0.715177,50
2024-11-13 16:00:00,0.715177,0.715183,0.714943,0.714948,50
2024-11-13 17:00:00,0.714948,0.714956,0.714817,0.714824,50
2024-11-13 18:00:00,0.714824,0.714846,0.714700,0.714722,50
2024-11-13 19:00:00,0.714722,0.715207,0.714650,0.715135,50
2024-11-13 20:00:00,0.715135,0.715254,0.714909,0.715029,50
2024-11-13 21:00:00,0.715029,0.715075,0.714980,0.715026,50
2024-11-13 22:00:00,0.715026,0.715125,0.714976,0.715075,50
2024-11-13 23:00:00,0.715075,0.715164,0.714962,0.715052,50
2024-11-14 00:00:00,0.715052,0.715130,0.714414,0.714492,50
2024-11-14 01:00:00,0.714492,0.714733,0.714467,0.714709,50
2024-11-14 02:00:00,0.714709,0.715176,0.714642,0.715110,50
2024-11-14 03:00:00,0.715110,0.715225,0.714482,0.714597,50
2024-11-14 04:00:00,0.714597,0.715524,0.714432,0.715358,50
2024-11-14 05:00:00,0.715358,0.715578,0.715240,0.715460,50
2024-11-14 06:00:00,0.715460,0.715613,0.714371,0.714524,50
2024-11-14 07:00:00,0.714524,0.714587,0.714274,0.714336,50
2024-11-14 08:00:00,0.714336,0.714534,0.714250,0.714448,50
2024-11-14 09:00:00,0.714448,0.714453,0.714160,0.714165,50
2024-11-14 10:00:00,0.714165,0.714385,0.714034,0.714254,50
2024-11-14 11:00:00,0.714254,0.714465,0.714149,0.714360,50
2024-11-14 12:00:00,0.714360,0.714494,0.713726,0.713861,50
2024-11-14 13:00:00,0.713861,0.713884,0.713732,0.713755,50
2024-11-14 14:00:00,0.713755,0.713887,0.713119,0.713251,50
2024-11-14 15:00:00,0.713251,0.713287,0.712971,0.713007,50
2024-11-14 16:00:00,0.713007,0.713418,0.712941,0.713352,50
2024-11-14 17:00:00,0.713352,0.713444,0.713180,0.713272,50
2024-11-14 18:00:00,0.713272,0.713441,0.712947,0.713116,50
2024-11-14 19:00:00,0.713116,0.713277,0.712444,0.712605,50
2024-11-14 20:00:00,0.712605,0.713174,0.712516,0.713085,50
2024-11-14 21:00:00,0.713085,0.713114,0.713085,0.713114,50
2024-11-14 22:00:00,0.713114,0.713370,0.712949,0.713205,50
2024-11-14 23:00:00,0.713205,0.713282,0.712935,0.713012,50
2024-11-15 00:00:00,0.713012,0.713077,0.711008,0.711073,50
2024-11-15 01:00:00,0.711073,0.711240,0.711027,0.711194,50
2024-11-15 02:00:00,0.711194,0.711402,0.711141,0.711348,50
2024-11-15 03:00:00,0.711348,0.711478,0.710562,0.710693,50
2024-11-15 04:00:00,0.710693,0.710894,0.710306,0.710507,50
2024-11-15 05:00:00,0.710507,0.710661,0.710071,0.710225,50
2024-11-15 06:00:00,0.710225,0.710358,0.709780,0.709912,50
2024-11-15 07:00:00,0.709912,0.710734,0.709737,0.710559,50
2024-11-15 08:00:00,0.710559,0.710762,0.710429,0.710632,50
2024-11-15 09:00:00,0.710632,0.710715,0.710564,0.710648,50
2024-11-15 10:00:00,0.710648,0.710776,0.710627,0.710755,50
2024-11-15 11:00:00,0.710755,0.711949,0.710747,0.711941,50
2024-11-15 12:00:00,0.711941,0.712069,0.711742,0.711870,50
2024-11-15 13:00:00,0.711870,0.712546,0.711715,0.712392,50
2024-11-15 14:00:00,0.712392,0.712470,0.711921,0.711998,50
2024-11-15 15:00:00,0.711998,0.712658,0.711832,0.712492,50
2024-11-15 16:00:00,0.712492,0.713657,0.712340,0.713505,50
2024-11-15 17:00:00,0.713505,0.713596,0.713422,0.713513,50
2024-11-15 18:00:00,0.713513,0.713692,0.713351,0.713529,50
2024-11-15 19:00:00,0.713529,0.713688,0.712512,0.712671,50
2024-11-15 20:00:00,0.712671,0.712733,0.712325,0.712387,50
2024-11-15 21:00:00,0.712387,0.712494,0.711336,0.711444,50
2024-11-15 22:00:00,0.711444,0.711648,0.711261,0.711465,50
2024-11-15 23:00:00,0.711465,0.711489,0.710405,0.710429,50
2024-11-18 00:00:00,0.710429,0.712468,0.710320,0.712359,50
2024-11-18 01:00:00,0.712359,0.712472,0.712100,0.712213,50
2024-11-18 02:00:00,0.712213,0.712339,0.712199,0.712325,50
2024-11-18 03:00:00,0.712325,0.712403,0.711356,0.711434,50
2024-11-18 04:00:00,0.711434,0.711506,0.710534,0.710606,50
2024-11-18 05:00:00,0.710606,0.710966,0.710421,0.710781,50
2024-11-18 06:00:00,0.710781,0.710913,0.710428,0.710560,50
2024-11-18 07:00:00,0.710560,0.710661,0.710097,0.710198,50
2024-11-18 08:00:00,0.710198,0.710242,0.710067,0.710111,50
2024-11-18 09:00:00,0.710111,0.710512,0.710084,0.710485,50
2024-11-18 10:00:00,0.710485,0.710525,0.709903,0.709943,50
2024-11-18 11:00:00,0.709943,0.710449,0.709931,0.710437,50
2024-11-18 12:00:00,0.710437,0.710505,0.710196,0.710264,50
2024-11-18 13:00:00,0.710264,0.711569,0.710229,0.711534,50
2024-11-18 14:00:00,0.711534,0.711601,0.710638,0.710705,50
2024-11-18 15:00:00,0.710705,0.710833,0.710572,0.710700,50
2024-11-18 16:00:00,0.710700,0.710834,0.710041,0.710175,50
2024-11-18 17:00:00,0.710175,0.710339,0.710027,0.710190,50
2024-11-18 18:00:00,0.710190,0.711286,0.710139,0.711234,50
2024-11-18 19:00:00,0.711234,0.711368,0.710557,0.710691,50
2024-11-18 20:00:00,0.710691,0.711404,0.710537,0.711250,50
2024-11-18 21:00:00,0.711250,0.711560,0.711191,0.711502,50
2024-11-18 22:00:00,0.711502,0.712783,0.711346,0.712627,50
2024-11-18 23:00:00,0.712627,0.713058,0.712429,0.712860,50
2024-11-19 00:00:00,0.712860,0.712878,0.712363,0.712381,50
2024-11-19 01:00:00,0.712381,0.713828,0.712320,0.713767,50
2024-11-19 02:00:00,0.713767,0.714931,0.713654,0.714818,50
2024-11-19 03:00:00,0.714818,0.714989,0.714476,0.714647,50
2024-11-19 04:00:00,0.714647,0.715178,0.714462,0.714993,50
2024-11-19 05:00:00,0.714993,0.715873,0.714839,0.715719,50
2024-11-19 06:00:00,0.715719,0.715734,0.715406,0.715421,50
2024-11-19 07:00:00,0.715421,0.715522,0.714941,0.715043,50
2024-11-19 08:00:00,0.715043,0.715875,0.714903,0.715736,50
2024-11-19 09:00:00,0.715736,0.715801,0.715398,0.715463,50
2024-11-19 10:00:00,0.715463,0.715527,0.714998,0.715062,50
2024-11-19 11:00:00,0.715062,0.715122,0.714915,0.714975,50
2024-11-19 12:00:00,0.714975,0.715162,0.714147,0.714334,50
2024-11-19 13:00:00,0.714334,0.715134,0.714328,0.715128,50
2024-11-19 14:00:00,0.715128,0.715149,0.714751,0.714772,50
2024-11-19 15:00:00,0.714772,0.714958,0.714732,0.714918,50
2024-11-19 16:00:00,0.714918,0.715279,0.714845,0.715206,50
2024-11-19 17:00:00,0.715206,0.715369,0.714938,0.715101,50
2024-11-19 18:00:00,0.715101,0.715235,0.715081,0.715215,50
2024-11-19 19:00:00,0.715215,0.715318,0.714351,0.714454,50
2024-11-19 20:00:00,0.714454,0.714619,0.713531,0.713696,50
2024-11-19 21:00:00,0.713696,0.713814,0.713541,0.713658,50
2024-11-19 22:00:00,0.713658,0.713793,0.712728,0.712864,50
2024-11-19 23:00:00,0.712864,0.715356,0.712764,0.715256,50
2024-11-20 00:00:00,0.715256,0.715795,0.715151,0.715690,50
2024-11-20 01:00:00,0.715690,0.715731,0.715652,0.715693,50
2024-11-20 02:00:00,0.715693,0.715750,0.715261,0.715319,50
2024-11-20 03:00:00,0.715319,0.715434,0.715066,0.715181,50
2024-11-20 04:00:00,0.715181,0.715906,0.715115,0.715839,50
2024-11-20 05:00:00,0.715839,0.715901,0.715292,0.715354,50
2024-11-20 06:00:00,0.715354,0.715383,0.714681,0.714710,50
2024-11-20 07:00:00,0.714710,0.715048,0.714640,0.714978,50
2024-11-20 08:00:00,0.714978,0.714989,0.714401,0.714412,50
2024-11-20 09:00:00,0.714412,0.714424,0.714270,0.714283,50
2024-11-20 10:00:00,0.714283,0.714346,0.714262,0.714325,50
2024-11-20 11:00:00,0.714325,0.714685,0.714223,0.714582,50
2024-11-20 12:00:00,0.714582,0.714737,0.714489,0.714643,50
2024-11-20 13:00:00,0.714643,0.714659,0.713811,0.713827,50
2024-11-20 14:00:00,0.713827,0.714283,0.713718,0.714175,50
2024-11-20 15:00:00,0.714175,0.714301,0.714171,0.714297,50
2024-11-20 16:00:00,0.714297,0.714439,0.714201,0.714343,50
2024-11-20 17:00:00,0.714343,0.714527,0.714229,0.714413,50
2024-11-20 18:00:00,0.714413,0.714612,0.714321,0.714520,50
2024-11-20 19:00:00,0.714520,0.714929,0.714516,0.714925,50
2024-11-20 20:00:00,0.714925,0.715019,0.714725,0.714820,50
2024-11-20 21:00:00,0.714820,0.715533,0.714806,0.715520,50
2024-11-20 22:00:00,0.715520,0.715569,0.715249,0.715298,50
2024-11-20 23:00:00,0.715298,0.715426,0.714414,0.714541,50
2024-11-21 00:00:00,0.714541,0.714543,0.714189,0.714191,50
2024-11-21 01:00:00,0.714191,0.714359,0.714133,0.714301,50
2024-11-21 02:00:00,0.714301,0.714352,0.714131,0.714183,50
2024-11-21 03:00:00,0.714183,0.714701,0.714161,0.714679,50
2024-11-21 04:00:00,0.714679,0.714839,0.714613,0.714773,50
2024-11-21 05:00:00,0.714773,0.714982,0.714742,0.714951,50
2024-11-21 06:00:00,0.714951,0.715100,0.714760,0.714909,50
2024-11-21 07:00:00,0.714909,0.715255,0.714854,0.715200,50
2024-11-21 08:00:00,0.715200,0.715260,0.715138,0.715197,50
2024-11-21 09:00:00,0.715197,0.715253,0.715193,0.715249,50
2024-11-21 10:00:00,0.715249,0.715249,0.715109,0.715110,50
2024-11-21 11:00:00,0.715110,0.715198,0.714781,0.714870,50
2024-11-21 12:00:00,0.714870,0.715968,0.714729,0.715827,50
2024-11-21 13:00:00,0.715827,0.715920,0.715573,0.715667,50
2024-11-21 14:00:00,0.715667,0.715782,0.715129,0.715244,50
2024-11-21 15:00:00,0.715244,0.715951,0.715239,0.715947,50
2024-11-21 16:00:00,0.715947,0.716379,0.715903,0.716336,50
2024-11-21 17:00:00,0.716336,0.716450,0.715837,0.715951,50
2024-11-21 18:00:00,0.715951,0.715986,0.715950,0.715984,50
2024-11-21 19:00:00,0.715984,0.716326,0.715957,0.716298,50
2024-11-21 20:00:00,0.716298,0.716364,0.715871,0.715937,50
2024-11-21 21:00:00,0.715937,0.716228,0.715919,0.716211,50
2024-11-21 22:00:00,0.716211,0.716807,0.716095,0.716691,50
2024-11-21 23:00:00,0.716691,0.716726,0.716297,0.716332,50
2024-11-22 00:00:00,0.716332,0.716863,0.716234,0.716765,50
2024-11-22 01:00:00,0.716765,0.716769,0.716090,0.716094,50
2024-11-22 02:00:00,0.716094,0.716172,0.715864,0.715942,50
2024-11-22 03:00:00,0.715942,0.715944,0.715872,0.715874,50
2024-11-22 04:00:00,0.715874,0.715922,0.715251,0.715300,50
2024-11-22 05:00:00,0.715300,0.715513,0.715200,0.715413,50
2024-11-22 06:00:00,0.715413,0.715418,0.714927,0.714933,50
2024-11-22 07:00:00,0.714933,0.715044,0.714508,0.714620,50
2024-11-22 08:00:00,0.714620,0.714656,0.714586,0.714623,50
2024-11-22 09:00:00,0.714623,0.714902,0.714576,0.714855,50
2024-11-22 10:00:00,0.714855,0.714928,0.714588,0.714660,50
2024-11-22 11:00:00,0.714660,0.714863,0.714604,0.714806,50
2024-11-22 12:00:00,0.714806,0.715132,0.714799,0.715125,50
2024-11-22 13:00:00,0.715125,0.715537,0.715071,0.715483,50
2024-11-22 14:00:00,0.715483,0.715492,0.715403,0.715412,50
2024-11-22 15:00:00,0.715412,0.715500,0.715285,0.715373,50
2024-11-22 16:00:00,0.715373,0.715513,0.715270,0.715409,50
2024-11-22 17:00:00,0.715409,0.715414,0.715257,0.715262,50
2024-11-22 18:00:00,0.715262,0.715287,0.715104,0.715128,50
2024-11-22 19:00:00,0.715128,0.715152,0.714824,0.714848,50
2024-11-22 20:00:00,0.714848,0.714982,0.714813,0.714947,50
2024-11-22 21:00:00,0.714947,0.715415,0.714858,0.715326,50
2024-11-22 22:00:00,0.715326,0.715527,0.715212,0.715414,50
2024-11-22 23:00:00,0.715414,0.715498,0.714968,0.715052,50
2024-11-25 00:00:00,0.715052,0.715180,0.714742,0.714869,50
2024-11-25 01:00:00,0.714869,0.715085,0.714810,0.715025,50
2024-11-25 02:00:00,0.715025,0.715047,0.714967,0.714989,50
2024-11-25 03:00:00,0.714989,0.715288,0.714933,0.715233,50
2024-11-25 04:00:00,0.715233,0.715415,0.715114,0.715296,50
2024-11-25 05:00:00,0.715296,0.715755,0.715205,0.715663,50
2024-11-25 06:00:00,0.715663,0.715788,0.715471,0.715595,50
2024-11-25 07:00:00,0.715595,0.715708,0.715253,0.715366,50
2024-11-25 08:00:00,0.715366,0.715382,0.715026,0.715042,50
2024-11-25 09:00:00,0.715042,0.715129,0.715018,0.715105,50
2024-11-25 10:00:00,0.715105,0.715232,0.714643,0.714770,50
2024-11-25 11:00:00,0.714770,0.714880,0.714370,0.714481,50
2024-11-25 12:00:00,0.714481,0.714686,0.714415,0.714620,50
2024-11-25 13:00:00,0.714620,0.714783,0.714597,0.714760,50
2024-11-25 14:00:00,0.714760,0.715185,0.714689,0.715113,50
2024-11-25 15:00:00,0.715113,0.715158,0.714840,0.714885,50
2024-11-25 16:00:00,0.714885,0.714911,0.714698,0.714723,50
2024-11-25 17:00:00,0.714723,0.715008,0.714687,0.714971,50
2024-11-25 18:00:00,0.714971,0.715050,0.714783,0.714862,50
2024-11-25 19:00:00,0.714862,0.714981,0.714219,0.714338,50
2024-11-25 20:00:00,0.714338,0.714432,0.713876,0.713970,50
2024-11-25 21:00:00,0.713970,0.714555,0.713862,0.714447,50
2024-11-25 22:00:00,0.714447,0.714452,0.713965,0.713971,50
2024-11-25 23:00:00,0.713971,0.714182,0.713922,0.714133,50
2024-11-26 00:00:00,0.714133,0.714336,0.712676,0.712879,50
2024-11-26 01:00:00,0.712879,0.713221,0.712708,0.713049,50
2024-11-26 02:00:00,0.713049,0.713097,0.712638,0.712686,50
2024-11-26 03:00:00,0.712686,0.713608,0.712682,0.713605,50
2024-11-26 04:00:00,0.713605,0.713813,0.713242,0.713450,50
2024-11-26 05:00:00,0.713450,0.714178,0.713306,0.714034,50
2024-11-26 06:00:00,0.714034,0.714567,0.713992,0.714525,50
2024-11-26 07:00:00,0.714525,0.714797,0.714420,0.714691,50
2024-11-26 08:00:00,0.714691,0.714834,0.713824,0.713967,50
2024-11-26 09:00:00,0.713967,0.714182,0.713596,0.713811,50
2024-11-26 10:00:00,0.713811,0.713930,0.713163,0.713281,50
2024-11-26 11:00:00,0.713281,0.713656,0.713227,0.713602,50
2024-11-26 12:00:00,0.713602,0.713814,0.713575,0.713787,50
2024-11-26 13:00:00,0.713787,0.713986,0.712751,0.712950,50
2024-11-26 14:00:00,0.712950,0.713368,0.712768,0.713186,50
2024-11-26 15:00:00,0.713186,0.713273,0.712229,0.712316,50
2024-11-26 16:00:00,0.712316,0.712464,0.711063,0.711211,50
2024-11-26 17:00:00,0.711211,0.711578,0.711033,0.711400,50
2024-11-26 18:00:00,0.711400,0.711598,0.711051,0.711250,50
2024-11-26 19:00:00,0.711250,0.711439,0.711037,0.711226,50
2024-11-26 20:00:00,0.711226,0.711401,0.710839,0.711013,50
2024-11-26 21:00:00,0.711013,0.711188,0.710606,0.710780,50
2024-11-26 22:00:00,0.710780,0.711086,0.710710,0.711016,50
2024-11-26 23:00:00,0.711016,0.711463,0.710892,0.711339,50
2024-11-27 00:00:00,0.711339,0.711526,0.711253,0.711440,50
2024-11-27 01:00:00,0.711440,0.711795,0.711423,0.711778,50
2024-11-27 02:00:00,0.711778,0.711818,0.711320,0.711360,50
2024-11-27 03:00:00,0.711360,0.711399,0.711338,0.711376,50
2024-11-27 04:00:00,0.711376,0.711695,0.711343,0.711661,50
2024-11-27 05:00:00,0.711661,0.711714,0.711223,0.711276,50
2024-11-27 06:00:00,0.711276,0.711331,0.711270,0.711326,50
2024-11-27 07:00:00,0.711326,0.711481,0.711279,0.711435,50
2024-11-27 08:00:00,0.711435,0.711450,0.711217,0.711232,50
2024-11-27 09:00:00,0.711232,0.711330,0.710931,0.711030,50
2024-11-27 10:00:00,0.711030,0.711201,0.710988,0.711159,50
2024-11-27 11:00:00,0.711159,0.711352,0.711077,0.711270,50
2024-11-27 12:00:00,0.711270,0.711532,0.711148,0.711410,50
2024-11-27 13:00:00,0.711410,0.711606,0.711382,0.711578,50
2024-11-27 14:00:00,0.711578,0.711614,0.711560,0.711596,50
2024-11-27 15:00:00,0.711596,0.711816,0.711493,0.711713,50
2024-11-27 16:00:00,0.711713,0.711728,0.711638,0.711653,50
2024-11-27 17:00:00,0.711653,0.711719,0.711201,0.711268,50
2024-11-27 18:00:00,0.711268,0.712275,0.711193,0.712200,50
2024-11-27 19:00:00,0.712200,0.712226,0.712131,0.712157,50
2024-11-27 20:00:00,0.712157,0.712206,0.711333,0.711382,50
2024-11-27 21:00:00,0.711382,0.711929,0.711288,0.711835,50
2024-11-27 22:00:00,0.711835,0.712443,0.711832,0.712440,50
2024-11-27 23:00:00,0.712440,0.712968,0.712332,0.712860,50
2024-11-29 00:00:00,0.712860,0.712872,0.712275,0.712286,50
2024-11-29 01:00:00,0.712286,0.712784,0.712192,0.712689,50
2024-11-29 02:00:00,0.712689,0.712987,0.712679,0.712977,50
2024-11-29 03:00:00,0.712977,0.713286,0.712861,0.713170,50
2024-11-29 04:00:00,0.713170,0.713192,0.712996,0.713018,50
2024-11-29 05:00:00,0.713018,0.713099,0.712293,0.712374,50
2024-11-29 06:00:00,0.712374,0.712499,0.712155,0.712280,50
2024-11-29 07:00:00,0.712280,0.712311,0.712114,0.712146,50
2024-11-29 08:00:00,0.712146,0.712822,0.712039,0.712715,50
2024-11-29 09:00:00,0.712715,0.712830,0.712576,0.712692,50
2024-11-29 10:00:00,0.712692,0.712695,0.712680,0.712683,50
2024-11-29 11:00:00,0.712683,0.713046,0.712604,0.712967,50
2024-11-29 12:00:00,0.712967,0.712968,0.712723,0.712724,50
2024-11-29 13:00:00,0.712724,0.712767,0.712526,0.712570,50
2024-11-29 14:00:00,0.712570,0.712740,0.712491,0.712661,50
2024-11-29 15:00:00,0.712661,0.712945,0.712608,0.712893,50
2024-11-29 16:00:00,0.712893,0.713422,0.712787,0.713316,50
2024-11-29 17:00:00,0.713316,0.713318,0.712988,0.712990,50
2024-11-29 18:00:00,0.712990,0.713087,0.712845,0.712942,50
2024-11-29 19:00:00,0.712942,0.713536,0.712841,0.713436,50
2024-11-29 20:00:00,0.713436,0.713891,0.713375,0.713830,50
2024-11-29 21:00:00,0.713830,0.714216,0.713775,0.714160,50
2024-11-29 22:00:00,0.714160,0.714290,0.714157,0.714286,50
2024-11-29 23:00:00,0.714286,0.714365,0.713493,0.713572,50
2024-12-02 00:00:00,0.713572,0.714280,0.713422,0.714130,50
2024-12-02 01:00:00,0.714130,0.714328,0.713610,0.713808,50
2024-12-02 02:00:00,0.713808,0.713976,0.713658,0.713826,50
2024-12-02 03:00:00,0.713826,0.713828,0.713512,0.713514,50
2024-12-02 04:00:00,0.713514,0.713700,0.713059,0.713245,50
2024-12-02 05:00:00,0.713245,0.713249,0.713153,0.713157,50
2024-12-02 06:00:00,0.713157,0.713316,0.712884,0.713043,50
2024-12-02 07:00:00,0.713043,0.713155,0.712658,0.712770,50
2024-12-02 08:00:00,0.712770,0.713578,0.712580,0.713388,50
2024-12-02 09:00:00,0.713388,0.713829,0.713361,0.713802,50
2024-12-02 10:00:00,0.713802,0.713882,0.713141,0.713221,50
2024-12-02 11:00:00,0.713221,0.713414,0.712531,0.712725,50
2024-12-02 12:00:00,0.712725,0.713038,0.712557,0.712871,50
2024-12-02 13:00:00,0.712871,0.712921,0.712372,0.712423,50
2024-12-02 14:00:00,0.712423,0.712484,0.712264,0.712326,50
2024-12-02 15:00:00,0.712326,0.712461,0.711848,0.711984,50
2024-12-02 16:00:00,0.711984,0.712104,0.711442,0.711562,50
2024-12-02 17:00:00,0.711562,0.711724,0.710857,0.711018,50
2024-12-02 18:00:00,0.711018,0.711113,0.710523,0.710617,50
2024-12-02 19:00:00,0.710617,0.711018,0.710511,0.710912,50
2024-12-02 20:00:00,0.710912,0.710944,0.710747,0.710779,50
2024-12-02 21:00:00,0.710779,0.710919,0.710545,0.710685,50
2024-12-02 22:00:00,0.710685,0.710798,0.710116,0.710229,50
2024-12-02 23:00:00,0.710229,0.710803,0.710209,0.710783,50
2024-12-03 00:00:00,0.710783,0.710817,0.709946,0.709980,50
2024-12-03 01:00:00,0.709980,0.710279,0.709887,0.710186,50
2024-12-03 02:00:00,0.710186,0.710284,0.709893,0.709991,50
2024-12-03 03:00:00,0.709991,0.710100,0.709933,0.710043,50
2024-12-03 04:00:00,0.710043,0.710069,0.709791,0.709817,50
2024-12-03 05:00:00,0.709817,0.710189,0.709734,0.710106,50
2024-12-03 06:00:00,0.710106,0.710299,0.710054,0.710248,50
2024-12-03 07:00:00,0.710248,0.710480,0.710181,0.710414,50
2024-12-03 08:00:00,0.710414,0.710535,0.710012,0.710133,50
2024-12-03 09:00:00,0.710133,0.710160,0.710085,0.710113,50
2024-12-03 10:00:00,0.710113,0.710377,0.710060,0.710325,50
2024-12-03 11:00:00,0.710325,0.710367,0.710251,0.710293,50
2024-12-03 12:00:00,0.710293,0.710357,0.710066,0.710130,50
2024-12-03 13:00:00,0.710130,0.710695,0.710024,0.710589,50
2024-12-03 14:00:00,0.710589,0.710604,0.710558,0.710572,50
2024-12-03 15:00:00,0.710572,0.710638,0.710245,0.710310,50
2024-12-03 16:00:00,0.710310,0.710756,0.710209,0.710655,50
2024-12-03 17:00:00,0.710655,0.711102,0.710544,0.710991,50
2024-12-03 18:00:00,0.710991,0.711606,0.710900,0.711516,50
2024-12-03 19:00:00,0.711516,0.711644,0.711448,0.711576,50
2024-12-03 20:00:00,0.711576,0.711977,0.711505,0.711906,50
2024-12-03 21:00:00,0.711906,0.711918,0.711906,0.711917,50
2024-12-03 22:00:00,0.711917,0.711942,0.711789,0.711814,50
2024-12-03 23:00:00,0.711814,0.711820,0.710978,0.710985,50
2024-12-04 00:00:00,0.710985,0.711783,0.710894,0.711692,50
2024-12-04 01:00:00,0.711692,0.712050,0.711592,0.711950,50
2024-12-04 02:00:00,0.711950,0.711954,0.711794,0.711798,50
2024-12-04 03:00:00,0.711798,0.711862,0.711337,0.711401,50
2024-12-04 04:00:00,0.711401,0.711443,0.711224,0.711266,50
2024-12-04 05:00:00,0.711266,0.711382,0.711243,0.711359,50
2024-12-04 06:00:00,0.711359,0.711436,0.711297,0.711375,50
2024-12-04 07:00:00,0.711375,0.711550,0.711352,0.711527,50
2024-12-04 08:00:00,0.711527,0.711777,0.711457,0.711707,50
2024-12-04 09:00:00,0.711707,0.711832,0.711272,0.711397,50
2024-12-04 10:00:00,0.711397,0.711400,0.711238,0.711241,50
2024-12-04 11:00:00,0.711241,0.711284,0.711064,0.711107,50
2024-12-04 12:00:00,0.711107,0.711219,0.710280,0.710391,50
2024-12-04 13:00:00,0.710391,0.710498,0.710298,0.710404,50
2024-12-04 14:00:00,0.710404,0.710710,0.710340,0.710646,50
2024-12-04 15:00:00,0.710646,0.710761,0.710087,0.710202,50
2024-12-04 16:00:00,0.710202,0.710602,0.710074,0.710474,50
2024-12-04 17:00:00,0.710474,0.710517,0.709775,0.709817,50
2024-12-04 18:00:00,0.709817,0.710265,0.709745,0.710193,50
2024-12-04 19:00:00,0.710193,0.710355,0.710079,0.710241,50
2024-12-04 20:00:00,0.710241,0.710359,0.709700,0.709818,50
2024-12-04 21:00:00,0.709818,0.710021,0.709778,0.709981,50
2024-12-04 22:00:00,0.709981,0.710401,0.709931,0.710351,50
2024-12-04 23:00:00,0.710351,0.710851,0.710282,0.710783,50
2024-12-05 00:00:00,0.710783,0.710873,0.710365,0.710455,50
2024-12-05 01:00:00,0.710455,0.711009,0.710321,0.710876,50
2024-12-05 02:00:00,0.710876,0.711398,0.710848,0.711370,50
2024-12-05 03:00:00,0.711370,0.711656,0.711274,0.711560,50
2024-12-05 04:00:00,0.711560,0.711966,0.711428,0.711834,50
2024-12-05 05:00:00,0.711834,0.712048,0.711717,0.711931,50
2024-12-05 06:00:00,0.711931,0.712256,0.711930,0.712254,50
2024-12-05 07:00:00,0.712254,0.712678,0.712186,0.712610,50
2024-12-05 08:00:00,0.712610,0.712708,0.712406,0.712505,50
2024-12-05 09:00:00,0.712505,0.712528,0.712233,0.712256,50
2024-12-05 10:00:00,0.712256,0.712350,0.711938,0.712032,50
2024-12-05 11:00:00,0.712032,0.712176,0.711824,0.711968,50
2024-12-05 12:00:00,0.711968,0.712061,0.711693,0.711786,50
2024-12-05 13:00:00,0.711786,0.711929,0.711526,0.711669,50
2024-12-05 14:00:00,0.711669,0.712055,0.711644,0.712030,50
2024-12-05 15:00:00,0.712030,0.712657,0.711963,0.712590,50
2024-12-05 16:00:00,0.712590,0.712880,0.712558,0.712849,50
2024-12-05 17:00:00,0.712849,0.712938,0.712480,0.712570,50
2024-12-05 18:00:00,0.712570,0.712684,0.712358,0.712472,50
2024-12-05 19:00:00,0.712472,0.712528,0.712458,0.712514,50
2024-12-05 20:00:00,0.712514,0.712535,0.712037,0.712058,50
2024-12-05 21:00:00,0.712058,0.712201,0.711661,0.711803,50
2024-12-05 22:00:00,0.711803,0.711840,0.711240,0.711277,50
2024-12-05 23:00:00,0.711277,0.712569,0.711213,0.712504,50
2024-12-06 00:00:00,0.712504,0.713324,0.712409,0.713228,50
2024-12-06 01:00:00,0.713228,0.713414,0.710496,0.710682,50
2024-12-06 02:00:00,0.710682,0.711065,0.710452,0.710835,50
2024-12-06 03:00:00,0.710835,0.711887,0.710685,0.711736,50
2024-12-06 04:00:00,0.711736,0.711832,0.711551,0.711646,50
2024-12-06 05:00:00,0.711646,0.712088,0.710763,0.711205,50
2024-12-06 06:00:00,0.711205,0.711286,0.710422,0.710503,50
2024-12-06 07:00:00,0.710503,0.710610,0.710250,0.710357,50
2024-12-06 08:00:00,0.710357,0.710657,0.708695,0.708996,50
2024-12-06 09:00:00,0.708996,0.709014,0.706959,0.706978,50
2024-12-06 10:00:00,0.706978,0.707707,0.706529,0.707259,50
2024-12-06 11:00:00,0.707259,0.707278,0.707234,0.707254,50
2024-12-06 12:00:00,0.707254,0.707611,0.706250,0.706607,50
2024-12-06 13:00:00,0.706607,0.706970,0.705742,0.706105,50
2024-12-06 14:00:00,0.706105,0.706197,0.705824,0.705915,50
2024-12-06 15:00:00,0.705915,0.706366,0.705712,0.706162,50
2024-12-06 16:00:00,0.706162,0.706252,0.705922,0.706012,50
2024-12-06 17:00:00,0.706012,0.707458,0.705943,0.707389,50
2024-12-06 18:00:00,0.707389,0.707818,0.707060,0.707488,50
2024-12-06 19:00:00,0.707488,0.707511,0.706880,0.706903,50
2024-12-06 20:00:00,0.706903,0.707914,0.706579,0.707590,50
2024-12-06 21:00:00,0.707590,0.707995,0.707153,0.707558,50
2024-12-06 22:00:00,0.707558,0.707638,0.706275,0.706355,50
2024-12-06 23:00:00,0.706355,0.707090,0.706279,0.707014,50
2024-12-09 00:00:00,0.707014,0.707657,0.706895,0.707538,50
2024-12-09 01:00:00,0.707538,0.707561,0.707410,0.707433,50
2024-12-09 02:00:00,0.707433,0.707697,0.707332,0.707596,50
2024-12-09 03:00:00,0.707596,0.707714,0.707359,0.707477,50
2024-12-09 04:00:00,0.707477,0.707844,0.707430,0.707797,50
2024-12-09 05:00:00,0.707797,0.707837,0.707106,0.707146,50
2024-12-09 06:00:00,0.707146,0.707175,0.706666,0.706695,50
2024-12-09 07:00:00,0.706695,0.707214,0.706593,0.707112,50
2024-12-09 08:00:00,0.707112,0.707124,0.706541,0.706552,50
2024-12-09 09:00:00,0.706552,0.706734,0.706509,0.706691,50
2024-12-09 10:00:00,0.706691,0.706789,0.706641,0.706738,50
2024-12-09 11:00:00,0.706738,0.706776,0.706660,0.706697,50
2024-12-09 12:00:00,0.706697,0.707154,0.706573,0.707030,50
2024-12-09 13:00:00,0.707030,0.707133,0.706830,0.706932,50
2024-12-09 14:00:00,0.706932,0.707026,0.706759,0.706853,50
2024-12-09 15:00:00,0.706853,0.707656,0.706810,0.707614,50
2024-12-09 16:00:00,0.707614,0.707782,0.707514,0.707682,50
2024-12-09 17:00:00,0.707682,0.707773,0.707344,0.707434,50
2024-12-09 18:00:00,0.707434,0.708292,0.707345,0.708202,50
2024-12-09 19:00:00,0.708202,0.708284,0.707976,0.708058,50
2024-12-09 20:00:00,0.708058,0.708793,0.707941,0.708677,50
2024-12-09 21:00:00,0.708677,0.708756,0.708418,0.708497,50
2024-12-09 22:00:00,0.708497,0.708759,0.708383,0.708645,50
2024-12-09 23:00:00,0.708645,0.708713,0.708147,0.708215,50
2024-12-10 00:00:00,0.708215,0.708723,0.708108,0.708615,50
2024-12-10 01:00:00,0.708615,0.708769,0.707470,0.707623,50
2024-12-10 02:00:00,0.707623,0.707785,0.706475,0.706637,50
2024-12-10 03:00:00,0.706637,0.706771,0.706548,0.706681,50
2024-12-10 04:00:00,0.706681,0.706704,0.705997,0.706021,50
2024-12-10 05:00:00,0.706021,0.707084,0.705922,0.706985,50
2024-12-10 06:00:00,0.706985,0.707196,0.706932,0.707143,50
2024-12-10 07:00:00,0.707143,0.707166,0.706953,0.706976,50
2024-12-10 08:00:00,0.706976,0.707128,0.706339,0.706491,50
2024-12-10 09:00:00,0.706491,0.706531,0.706230,0.706270,50
2024-12-10 10:00:00,0.706270,0.706976,0.706192,0.706898,50
2024-12-10 11:00:00,0.706898,0.707045,0.706875,0.707022,50
2024-12-10 12:00:00,0.707022,0.707569,0.706897,0.707444,50
2024-12-10 13:00:00,0.707444,0.708470,0.707325,0.708352,50
2024-12-10 14:00:00,0.708352,0.708359,0.707998,0.708005,50
2024-12-10 15:00:00,0.708005,0.708087,0.707893,0.707976,50
2024-12-10 16:00:00,0.707976,0.708003,0.707034,0.707061,50
2024-12-10 17:00:00,0.707061,0.707096,0.706796,0.706830,50
2024-12-10 18:00:00,0.706830,0.706907,0.705752,0.705828,50
2024-12-10 19:00:00,0.705828,0.705992,0.705651,0.705815,50
2024-12-10 20:00:00,0.705815,0.706169,0.705795,0.706149,50
2024-12-10 21:00:00,0.706149,0.706864,0.706001,0.706717,50
2024-12-10 22:00:00,0.706717,0.706753,0.706598,0.706634,50
2024-12-10 23:00:00,0.706634,0.706720,0.706129,0.706215,50
2024-12-11 00:00:00,0.706215,0.706313,0.706199,0.706297,50
2024-12-11 01:00:00,0.706297,0.706334,0.705838,0.705875,50
2024-12-11 02:00:00,0.705875,0.706262,0.705863,0.706250,50
2024-12-11 03:00:00,0.706250,0.706354,0.706214,0.706319,50
2024-12-11 04:00:00,0.706319,0.706370,0.705846,0.705897,50
2024-12-11 05:00:00,0.705897,0.706054,0.705866,0.706024,50
2024-12-11 06:00:00,0.706024,0.706133,0.705837,0.705946,50
2024-12-11 07:00:00,0.705946,0.706983,0.705876,0.706914,50
2024-12-11 08:00:00,0.706914,0.707439,0.706882,0.707407,50
2024-12-11 09:00:00,0.707407,0.707710,0.707296,0.707599,50
2024-12-11 10:00:00,0.707599,0.708084,0.707566,0.708051,50
2024-12-11 11:00:00,0.708051,0.708159,0.707720,0.707828,50
2024-12-11 12:00:00,0.707828,0.707880,0.707487,0.707539,50
2024-12-11 13:00:00,0.707539,0.707597,0.707319,0.707377,50
2024-12-11 14:00:00,0.707377,0.707784,0.707333,0.707739,50
2024-12-11 15:00:00,0.707739,0.708340,0.707654,0.708254,50
2024-12-11 16:00:00,0.708254,0.708338,0.707504,0.707588,50
2024-12-11 17:00:00,0.707588,0.708186,0.707482,0.708080,50
2024-12-11 18:00:00,0.708080,0.708170,0.707387,0.707477,50
2024-12-11 19:00:00,0.707477,0.707534,0.707139,0.707196,50
2024-12-11 20:00:00,0.707196,0.707300,0.707081,0.707185,50
2024-12-11 21:00:00,0.707185,0.707418,0.707097,0.707330,50
2024-12-11 22:00:00,0.707330,0.707452,0.707017,0.707139,50
2024-12-11 23:00:00,0.707139,0.707968,0.707086,0.707914,50
2024-12-12 00:00:00,0.707914,0.708118,0.706360,0.706564,50
2024-12-12 01:00:00,0.706564,0.707249,0.706425,0.707110,50
2024-12-12 02:00:00,0.707110,0.707465,0.707010,0.707364,50
2024-12-12 03:00:00,0.707364,0.707911,0.707168,0.707715,50
2024-12-12 04:00:00,0.707715,0.707862,0.707118,0.707265,50
2024-12-12 05:00:00,0.707265,0.708009,0.707183,0.707927,50
2024-12-12 06:00:00,0.707927,0.708250,0.707823,0.708146,50
2024-12-12 07:00:00,0.708146,0.708340,0.708097,0.708291,50
2024-12-12 08:00:00,0.708291,0.708462,0.707974,0.708144,50
2024-12-12 09:00:00,0.708144,0.708346,0.706636,0.706838,50
2024-12-12 10:00:00,0.706838,0.708308,0.706835,0.708305,50
2024-12-12 11:00:00,0.708305,0.708567,0.708182,0.708444,50
2024-12-12 12:00:00,0.708444,0.708606,0.707975,0.708137,50
2024-12-12 13:00:00,0.708137,0.708250,0.707804,0.707917,50
2024-12-12 14:00:00,0.707917,0.707924,0.707240,0.707246,50
2024-12-12 15:00:00,0.707246,0.707301,0.706373,0.706428,50
2024-12-12 16:00:00,0.706428,0.706899,0.706318,0.706789,50
2024-12-12 17:00:00,0.706789,0.706819,0.706540,0.706569,50
2024-12-12 18:00:00,0.706569,0.706573,0.705770,0.705774,50
2024-12-12 19:00:00,0.705774,0.705805,0.705295,0.705326,50
2024-12-12 20:00:00,0.705326,0.705337,0.704727,0.704739,50
2024-12-12 21:00:00,0.704739,0.705560,0.704616,0.705437,50
2024-12-12 22:00:00,0.705437,0.706352,0.705300,0.706215,50
2024-12-12 23:00:00,0.706215,0.706291,0.705192,0.705268,50
2024-12-13 00:00:00,0.705268,0.705975,0.705166,0.705873,50
2024-12-13 01:00:00,0.705873,0.705947,0.705764,0.705838,50
2024-12-13 02:00:00,0.705838,0.705926,0.705554,0.705642,50
2024-12-13 03:00:00,0.705642,0.705700,0.705101,0.705159,50
2024-12-13 04:00:00,0.705159,0.705916,0.705086,0.705843,50
2024-12-13 05:00:00,0.705843,0.706064,0.704846,0.705067,50
2024-12-13 06:00:00,0.705067,0.705105,0.705012,0.705050,50
2024-12-13 07:00:00,0.705050,0.705062,0.704989,0.705001,50
2024-12-13 08:00:00,0.705001,0.705226,0.703945,0.704170,50
2024-12-13 09:00:00,0.704170,0.704835,0.704046,0.704711,50
2024-12-13 10:00:00,0.704711,0.704762,0.704177,0.704228,50
2024-12-13 11:00:00,0.704228,0.704291,0.703042,0.703105,50
2024-12-13 12:00:00,0.703105,0.703337,0.702355,0.702587,50
2024-12-13 13:00:00,0.702587,0.702693,0.702081,0.702187,50
2024-12-13 14:00:00,0.702187,0.702345,0.701485,0.701643,50
2024-12-13 15:00:00,0.701643,0.702340,0.701612,0.702309,50
2024-12-13 16:00:00,0.702309,0.702966,0.702136,0.702794,50
2024-12-13 17:00:00,0.702794,0.702947,0.702445,0.702598,50
2024-12-13 18:00:00,0.702598,0.703623,0.702584,0.703609,50
2024-12-13 19:00:00,0.703609,0.703673,0.702729,0.702793,50
2024-12-13 20:00:00,0.702793,0.703044,0.702138,0.702389,50
2024-12-13 21:00:00,0.702389,0.703127,0.702355,0.703093,50
2024-12-13 22:00:00,0.703093,0.703310,0.702667,0.702884,50
2024-12-13 23:00:00,0.702884,0.703102,0.702029,0.702247,50
2024-12-16 00:00:00,0.702247,0.702319,0.701368,0.701440,50
2024-12-16 01:00:00,0.701440,0.702119,0.701364,0.702043,50
2024-12-16 02:00:00,0.702043,0.702136,0.701845,0.701938,50
2024-12-16 03:00:00,0.701938,0.702071,0.701846,0.701979,50
2024-12-16 04:00:00,0.701979,0.702008,0.701885,0.701913,50
2024-12-16 05:00:00,0.701913,0.702273,0.701895,0.702256,50
2024-12-16 06:00:00,0.702256,0.702269,0.702016,0.702029,50
2024-12-16 07:00:00,0.702029,0.702647,0.701955,0.702572,50
2024-12-16 08:00:00,0.702572,0.702595,0.702464,0.702486,50
2024-12-16 09:00:00,0.702486,0.702543,0.702379,0.702436,50
2024-12-16 10:00:00,0.702436,0.702466,0.702072,0.702102,50
2024-12-16 11:00:00,0.702102,0.702322,0.702011,0.702231,50
2024-12-16 12:00:00,0.702231,0.702329,0.701642,0.701740,50
2024-12-16 13:00:00,0.701740,0.701944,0.701725,0.701929,50
2024-12-16 14:00:00,0.701929,0.702133,0.701803,0.702007,50
2024-12-16 15:00:00,0.702007,0.702577,0.701942,0.702511,50
2024-12-16 16:00:00,0.702511,0.702684,0.702391,0.702565,50
2024-12-16 17:00:00,0.702565,0.702780,0.702464,0.702680,50
2024-12-16 18:00:00,0.702680,0.702915,0.702613,0.702848,50
2024-12-16 19:00:00,0.702848,0.702995,0.702826,0.702973,50
2024-12-16 20:00:00,0.702973,0.703323,0.702868,0.703218,50
2024-12-16 21:00:00,0.703218,0.703504,0.703184,0.703470,50
2024-12-16 22:00:00,0.703470,0.703657,0.703362,0.703548,50
2024-12-16 23:00:00,0.703548,0.703576,0.702712,0.702741,50
2024-12-17 00:00:00,0.702741,0.703028,0.701216,0.701503,50
2024-12-17 01:00:00,0.701503,0.702934,0.701295,0.702725,50
2024-12-17 02:00:00,0.702725,0.703770,0.702501,0.703546,50
2024-12-17 03:00:00,0.703546,0.703856,0.701143,0.701453,50
2024-12-17 04:00:00,0.701453,0.701649,0.698702,0.698898,50
2024-12-17 05:00:00,0.698898,0.700080,0.698611,0.699793,50
2024-12-17 06:00:00,0.699793,0.699900,0.699603,0.699710,50
2024-12-17 07:00:00,0.699710,0.700387,0.699382,0.700059,50
2024-12-17 08:00:00,0.700059,0.701727,0.699944,0.701612,50
2024-12-17 09:00:00,0.701612,0.701687,0.700327,0.700402,50
2024-12-17 10:00:00,0.700402,0.700705,0.698627,0.698930,50
2024-12-17 11:00:00,0.698930,0.698992,0.698419,0.698481,50
2024-12-17 12:00:00,0.698481,0.699159,0.698227,0.698904,50
2024-12-17 13:00:00,0.698904,0.699779,0.698636,0.699511,50
2024-12-17 14:00:00,0.699511,0.699805,0.698259,0.698553,50
2024-12-17 15:00:00,0.698553,0.699143,0.698512,0.699101,50
2024-12-17 16:00:00,0.699101,0.699777,0.698880,0.699556,50
2024-12-17 17:00:00,0.699556,0.699805,0.697659,0.697909,50
2024-12-17 18:00:00,0.697909,0.698488,0.697608,0.698187,50
2024-12-17 19:00:00,0.698187,0.698303,0.697809,0.697926,50
2024-12-17 20:00:00,0.697926,0.700107,0.697607,0.699788,50
2024-12-17 21:00:00,0.699788,0.699789,0.698911,0.698911,50
2024-12-17 22:00:00,0.698911,0.701533,0.698754,0.701376,50
2024-12-17 23:00:00,0.701376,0.701523,0.698567,0.698714,50
2024-12-18 00:00:00,0.698714,0.699051,0.698709,0.699046,50
2024-12-18 01:00:00,0.699046,0.699154,0.698252,0.698360,50
2024-12-18 02:00:00,0.698360,0.698472,0.697888,0.698000,50
2024-12-18 03:00:00,0.698000,0.698341,0.697972,0.698314,50
2024-12-18 04:00:00,0.698314,0.698360,0.698026,0.698072,50
2024-12-18 05:00:00,0.698072,0.698188,0.697960,0.698076,50
2024-12-18 06:00:00,0.698076,0.698189,0.697688,0.697801,50
2024-12-18 07:00:00,0.697801,0.697893,0.697561,0.697654,50
2024-12-18 08:00:00,0.697654,0.697813,0.697611,0.697770,50
2024-12-18 09:00:00,0.697770,0.698185,0.697749,0.698164,50
2024-12-18 10:00:00,0.698164,0.698283,0.697964,0.698084,50
2024-12-18 11:00:00,0.698084,0.698182,0.697381,0.697479,50
2024-12-18 12:00:00,0.697479,0.697538,0.697226,0.697285,50
2024-12-18 13:00:00,0.697285,0.697367,0.697025,0.697107,50
2024-12-18 14:00:00,0.697107,0.697508,0.696989,0.697390,50
2024-12-18 15:00:00,0.697390,0.698237,0.697301,0.698149,50
2024-12-18 16:00:00,0.698149,0.698159,0.698032,0.698043,50
2024-12-18 17:00:00,0.698043,0.698095,0.697751,0.697804,50
2024-12-18 18:00:00,0.697804,0.697868,0.697698,0.697762,50
2024-12-18 19:00:00,0.697762,0.698202,0.697659,0.698099,50
2024-12-18 20:00:00,0.698099,0.698216,0.697895,0.698012,50
2024-12-18 21:00:00,0.698012,0.698146,0.697971,0.698105,50
2024-12-18 22:00:00,0.698105,0.698237,0.698044,0.698176,50
2024-12-18 23:00:00,0.698176,0.698200,0.697569,0.697593,50
2024-12-19 00:00:00,0.697593,0.697628,0.697549,0.697583,50
2024-12-19 01:00:00,0.697583,0.697622,0.697517,0.697556,50
2024-12-19 02:00:00,0.697556,0.697566,0.697143,0.697153,50
2024-12-19 03:00:00,0.697153,0.697517,0.697106,0.697470,50
2024-12-19 04:00:00,0.697470,0.697695,0.697376,0.697601,50
2024-12-19 05:00:00,0.697601,0.697632,0.697451,0.697482,50
2024-12-19 06:00:00,0.697482,0.697510,0.696890,0.696917,50
2024-12-19 07:00:00,0.696917,0.696919,0.696318,0.696319,50
2024-12-19 08:00:00,0.696319,0.696428,0.695913,0.696022,50
2024-12-19 09:00:00,0.696022,0.696097,0.695982,0.696057,50
2024-12-19 10:00:00,0.696057,0.696122,0.695899,0.695963,50
2024-12-19 11:00:00,0.695963,0.696038,0.695849,0.695924,50
2024-12-19 12:00:00,0.695924,0.696029,0.695682,0.695787,50
2024-12-19 13:00:00,0.695787,0.696102,0.695733,0.696049,50
2024-12-19 14:00:00,0.696049,0.696280,0.696041,0.696272,50
2024-12-19 15:00:00,0.696272,0.696414,0.696251,0.696393,50
2024-12-19 16:00:00,0.696393,0.696427,0.696287,0.696321,50
2024-12-19 17:00:00,0.696321,0.696430,0.696296,0.696405,50
2024-12-19 18:00:00,0.696405,0.696611,0.696392,0.696598,50
2024-12-19 19:00:00,0.696598,0.696628,0.696462,0.696493,50
2024-12-19 20:00:00,0.696493,0.696528,0.696264,0.696298,50
2024-12-19 21:00:00,0.696298,0.696340,0.696075,0.696116,50
2024-12-19 22:00:00,0.696116,0.696612,0.696017,0.696512,50
2024-12-19 23:00:00,0.696512,0.696589,0.696012,0.696088,50
2024-12-20 00:00:00,0.696088,0.696773,0.696013,0.696698,50
2024-12-20 01:00:00,0.696698,0.696892,0.696686,0.696879,50
2024-12-20 02:00:00,0.696879,0.696966,0.696604,0.696691,50
2024-12-20 03:00:00,0.696691,0.697157,0.696665,0.697131,50
2024-12-20 04:00:00,0.697131,0.697218,0.696574,0.696662,50
2024-12-20 05:00:00,0.696662,0.696920,0.696648,0.696907,50
2024-12-20 06:00:00,0.696907,0.696992,0.696487,0.696573,50
2024-12-20 07:00:00,0.696573,0.696786,0.696449,0.696663,50
2024-12-20 08:00:00,0.696663,0.697157,0.696563,0.697058,50
2024-12-20 09:00:00,0.697058,0.697113,0.696520,0.696575,50
2024-12-20 10:00:00,0.696575,0.696675,0.696374,0.696473,50
2024-12-20 11:00:00,0.696473,0.696474,0.695791,0.695792,50
2024-12-20 12:00:00,0.695792,0.695986,0.695703,0.695897,50
2024-12-20 13:00:00,0.695897,0.695976,0.695254,0.695334,50
2024-12-20 14:00:00,0.695334,0.695966,0.695243,0.695875,50
2024-12-20 15:00:00,0.695875,0.696077,0.695814,0.696016,50
2024-12-20 16:00:00,0.696016,0.696767,0.695956,0.696707,50
2024-12-20 17:00:00,0.696707,0.696715,0.696592,0.696600,50
2024-12-20 18:00:00,0.696600,0.696768,0.696485,0.696653,50
2024-12-20 19:00:00,0.696653,0.696775,0.696263,0.696385,50
2024-12-20 20:00:00,0.696385,0.696434,0.696264,0.696313,50
2024-12-20 21:00:00,0.696313,0.696562,0.696241,0.696490,50
2024-12-20 22:00:00,0.696490,0.697520,0.696394,0.697424,50
2024-12-20 23:00:00,0.697424,0.697496,0.696598,0.696670,50
2024-12-23 00:00:00,0.696670,0.696732,0.695046,0.695108,50
2024-12-23 01:00:00,0.695108,0.695209,0.694858,0.694958,50
2024-12-23 02:00:00,0.694958,0.695072,0.694679,0.694792,50
2024-12-23 03:00:00,0.694792,0.694848,0.694731,0.694787,50
2024-12-23 04:00:00,0.694787,0.695095,0.694737,0.695046,50
2024-12-23 05:00:00,0.695046,0.695299,0.694935,0.695188,50
2024-12-23 06:00:00,0.695188,0.695724,0.695073,0.695610,50
2024-12-23 07:00:00,0.695610,0.695750,0.695372,0.695513,50
2024-12-23 08:00:00,0.695513,0.696322,0.695378,0.696187,50
2024-12-23 09:00:00,0.696187,0.696246,0.695913,0.695973,50
2024-12-23 10:00:00,0.695973,0.696085,0.695776,0.695888,50
2024-12-23 11:00:00,0.695888,0.696645,0.695778,0.696536,50
2024-12-23 12:00:00,0.696536,0.696750,0.696467,0.696682,50
2024-12-23 13:00:00,0.696682,0.697146,0.696554,0.697018,50
2024-12-23 14:00:00,0.697018,0.697149,0.696306,0.696437,50
2024-12-23 15:00:00,0.696437,0.696555,0.695905,0.696024,50
2024-12-23 16:00:00,0.696024,0.696150,0.695938,0.696064,50
2024-12-23 17:00:00,0.696064,0.696132,0.696000,0.696067,50
2024-12-23 18:00:00,0.696067,0.696138,0.695365,0.695436,50
2024-12-23 19:00:00,0.695436,0.695507,0.694966,0.695037,50
2024-12-23 20:00:00,0.695037,0.695246,0.694927,0.695136,50
2024-12-23 21:00:00,0.695136,0.695157,0.694838,0.694860,50
2024-12-23 22:00:00,0.694860,0.694939,0.694650,0.694729,50
2024-12-23 23:00:00,0.694729,0.695033,0.694623,0.694927,50
2024-12-24 00:00:00,0.694927,0.695035,0.694137,0.694245,50
2024-12-24 01:00:00,0.694245,0.694311,0.694084,0.694149,50
2024-12-24 02:00:00,0.694149,0.694472,0.694085,0.694408,50
2024-12-24 03:00:00,0.694408,0.694837,0.694404,0.694833,50
2024-12-24 04:00:00,0.694833,0.694917,0.694485,0.694570,50
2024-12-24 05:00:00,0.694570,0.694598,0.694564,0.694592,50
2024-12-24 06:00:00,0.694592,0.694645,0.694060,0.694113,50
2024-12-24 07:00:00,0.694113,0.694589,0.694054,0.694530,50
2024-12-24 08:00:00,0.694530,0.694605,0.694254,0.694328,50
2024-12-24 09:00:00,0.694328,0.694838,0.694244,0.694754,50
2024-12-24 10:00:00,0.694754,0.695563,0.694691,0.695501,50
2024-12-24 11:00:00,0.695501,0.695921,0.695464,0.695884,50
2024-12-24 12:00:00,0.695884,0.695953,0.695881,0.695949,50
2024-12-24 13:00:00,0.695949,0.696161,0.695927,0.696139,50
2024-12-24 14:00:00,0.696139,0.696171,0.695978,0.696010,50
2024-12-24 15:00:00,0.696010,0.696058,0.695506,0.695554,50
2024-12-24 16:00:00,0.695554,0.695678,0.695392,0.695516,50
2024-12-24 17:00:00,0.695516,0.695552,0.695378,0.695414,50
2024-12-24 18:00:00,0.695414,0.695440,0.695166,0.695193,50
2024-12-24 19:00:00,0.695193,0.695426,0.695080,0.695313,50
2024-12-24 20:00:00,0.695313,0.695398,0.695251,0.695336,50
2024-12-24 21:00:00,0.695336,0.695677,0.695265,0.695605,50
2024-12-24 22:00:00,0.695605,0.695681,0.695183,0.695258,50
2024-12-24 23:00:00,0.695258,0.695333,0.695190,0.695265,50
2024-12-26 00:00:00,0.695265,0.695853,0.695212,0.695800,50
2024-12-26 01:00:00,0.695800,0.695812,0.695420,0.695432,50
2024-12-26 02:00:00,0.695432,0.695538,0.695295,0.695402,50
2024-12-26 03:00:00,0.695402,0.695406,0.695292,0.695297,50
2024-12-26 04:00:00,0.695297,0.695586,0.695234,0.695523,50
2024-12-26 05:00:00,0.695523,0.695592,0.695113,0.695182,50
2024-12-26 06:00:00,0.695182,0.695281,0.694941,0.695040,50
2024-12-26 07:00:00,0.695040,0.695101,0.694852,0.694914,50
2024-12-26 08:00:00,0.694914,0.695036,0.694854,0.694976,50
2024-12-26 09:00:00,0.694976,0.695124,0.694883,0.695032,50
2024-12-26 10:00:00,0.695032,0.695037,0.694795,0.694800,50
2024-12-26 11:00:00,0.694800,0.694810,0.694154,0.694165,50
2024-12-26 12:00:00,0.694165,0.694778,0.694064,0.694678,50
2024-12-26 13:00:00,0.694678,0.694989,0.694618,0.694929,50
2024-12-26 14:00:00,0.694929,0.694999,0.694507,0.694577,50
2024-12-26 15:00:00,0.694577,0.694620,0.694280,0.694323,50
2024-12-26 16:00:00,0.694323,0.694412,0.694194,0.694283,50
2024-12-26 17:00:00,0.694283,0.694514,0.694210,0.694441,50
2024-12-26 18:00:00,0.694441,0.694478,0.693680,0.693717,50
2024-12-26 19:00:00,0.693717,0.693994,0.693598,0.693875,50
2024-12-26 20:00:00,0.693875,0.693952,0.693688,0.693766,50
2024-12-26 21:00:00,0.693766,0.694079,0.693694,0.694007,50
2024-12-26 22:00:00,0.694007,0.694131,0.693985,0.694109,50
2024-12-26 23:00:00,0.694109,0.694267,0.694094,0.694252,50
2024-12-27 00:00:00,0.694252,0.694342,0.694002,0.694092,50
2024-12-27 01:00:00,0.694092,0.694210,0.694025,0.694143,50
2024-12-27 02:00:00,0.694143,0.694202,0.694052,0.694111,50
2024-12-27 03:00:00,0.694111,0.694213,0.694081,0.694183,50
2024-12-27 04:00:00,0.694183,0.694278,0.694020,0.694116,50
2024-12-27 05:00:00,0.694116,0.694149,0.692573,0.692606,50
2024-12-27 06:00:00,0.692606,0.693279,0.692535,0.693207,50
2024-12-27 07:00:00,0.693207,0.693222,0.692747,0.692762,50
2024-12-27 08:00:00,0.692762,0.692818,0.692624,0.692680,50
2024-12-27 09:00:00,0.692680,0.692697,0.692668,0.692685,50
2024-12-27 10:00:00,0.692685,0.692764,0.692436,0.692515,50
2024-12-27 11:00:00,0.692515,0.692810,0.692514,0.692810,50
2024-12-27 12:00:00,0.692810,0.693318,0.692746,0.693254,50
2024-12-27 13:00:00,0.693254,0.694265,0.693155,0.694166,50
2024-12-27 14:00:00,0.694166,0.694285,0.693661,0.693781,50
2024-12-27 15:00:00,0.693781,0.694068,0.693774,0.694061,50
2024-12-27 16:00:00,0.694061,0.694664,0.693990,0.694593,50
2024-12-27 17:00:00,0.694593,0.694627,0.694492,0.694525,50
2024-12-27 18:00:00,0.694525,0.694531,0.694013,0.694018,50
2024-12-27 19:00:00,0.694018,0.694079,0.693804,0.693865,50
2024-12-27 20:00:00,0.693865,0.694322,0.693760,0.694217,50
2024-12-27 21:00:00,0.694217,0.694299,0.693169,0.693251,50
2024-12-27 22:00:00,0.693251,0.693372,0.692811,0.692933,50
2024-12-27 23:00:00,0.692933,0.693038,0.692752,0.692857,50
2024-12-30 00:00:00,0.692857,0.692935,0.692234,0.692313,50
2024-12-30 01:00:00,0.692313,0.692526,0.692076,0.692288,50
2024-12-30 02:00:00,0.692288,0.693333,0.692054,0.693099,50
2024-12-30 03:00:00,0.693099,0.693205,0.692996,0.693103,50
2024-12-30 04:00:00,0.693103,0.693422,0.693051,0.693371,50
2024-12-30 05:00:00,0.693371,0.694306,0.693143,0.694079,50
2024-12-30 06:00:00,0.694079,0.694082,0.694025,0.694028,50
2024-12-30 07:00:00,0.694028,0.694180,0.693401,0.693553,50
2024-12-30 08:00:00,0.693553,0.694244,0.693366,0.694057,50
2024-12-30 09:00:00,0.694057,0.694383,0.693961,0.694288,50
2024-12-30 10:00:00,0.694288,0.694376,0.693973,0.694061,50
2024-12-30 11:00:00,0.694061,0.694302,0.693869,0.694110,50
2024-12-30 12:00:00,0.694110,0.694990,0.693890,0.694771,50
2024-12-30 13:00:00,0.694771,0.694841,0.694756,0.694826,50
2024-12-30 14:00:00,0.694826,0.695014,0.694235,0.694424,50
2024-12-30 15:00:00,0.694424,0.694696,0.694378,0.694650,50
2024-12-30 16:00:00,0.694650,0.695246,0.694474,0.695071,50
2024-12-30 17:00:00,0.695071,0.696346,0.694995,0.696269,50
2024-12-30 18:00:00,0.696269,0.696409,0.695768,0.695907,50
2024-12-30 19:00:00,0.695907,0.696044,0.695442,0.695579,50
2024-12-30 20:00:00,0.695579,0.695631,0.695505,0.695557,50
2024-12-30 21:00:00,0.695557,0.695697,0.695454,0.695594,50
2024-12-30 22:00:00,0.695594,0.695684,0.694987,0.695076,50
2024-12-30 23:00:00,0.695076,0.695870,0.694907,0.695701,50
2024-12-31 00:00:00,0.695701,0.695808,0.695453,0.695560,50
2024-12-31 01:00:00,0.695560,0.695687,0.695532,0.695659,50
2024-12-31 02:00:00,0.695659,0.695685,0.695132,0.695158,50
2024-12-31 03:00:00,0.695158,0.695378,0.695090,0.695311,50
2024-12-31 04:00:00,0.695311,0.695874,0.695305,0.695868,50
2024-12-31 05:00:00,0.695868,0.695900,0.695560,0.695592,50
2024-12-31 06:00:00,0.695592,0.695672,0.695108,0.695188,50
2024-12-31 07:00:00,0.695188,0.695217,0.694440,0.694470,50
2024-12-31 08:00:00,0.694470,0.694793,0.694387,0.694711,50
2024-12-31 09:00:00,0.694711,0.694821,0.694396,0.694507,50
2024-12-31 10:00:00,0.694507,0.694893,0.694441,0.694826,50
2024-12-31 11:00:00,0.694826,0.694888,0.694131,0.694193,50
2024-12-31 12:00:00,0.694193,0.694229,0.694047,0.694083,50
2024-12-31 13:00:00,0.694083,0.694120,0.693994,0.694031,50
2024-12-31 14:00:00,0.694031,0.694468,0.693934,0.694371,50
2024-12-31 15:00:00,0.694371,0.695122,0.694318,0.695069,50
2024-12-31 16:00:00,0.695069,0.695193,0.694425,0.694549,50
2024-12-31 17:00:00,0.694549,0.694623,0.694338,0.694412,50
2024-12-31 18:00:00,0.694412,0.694530,0.694067,0.694185,50
2024-12-31 19:00:00,0.694185,0.694648,0.694062,0.694525,50
2024-12-31 20:00:00,0.694525,0.695323,0.694470,0.695268,50
2024-12-31 21:00:00,0.695268,0.695389,0.694815,0.694936,50
2024-12-31 22:00:00,0.694936,0.695362,0.694823,0.695249,50
2024-12-31 23:00:00,0.695249,0.695292,0.694401,0.694444,50
