date,open,high,low,close,volume
2013-06-03,0.971817,0.971817,0.971817,0.971817,1000
2013-06-04,0.971817,0.972907,0.965281,0.966370,1000
2013-06-05,0.966370,0.967914,0.965014,0.966557,1000
2013-06-06,0.966557,0.978564,0.964556,0.976562,1000
2013-06-07,0.976562,0.980236,0.975950,0.979624,1000
2013-06-10,0.979624,0.982278,0.979181,0.981836,1000
2013-06-11,0.981836,0.983019,0.980075,0.981258,1000
2013-06-12,0.981258,0.982199,0.979259,0.980200,1000
2013-06-13,0.980200,0.983901,0.979583,0.983284,1000
2013-06-14,0.983284,0.984517,0.981568,0.982801,1000
2013-06-17,0.982801,0.984275,0.981327,0.982801,1000
2013-06-18,0.982801,0.983456,0.978873,0.979528,1000
2013-06-19,0.979528,0.982066,0.979105,0.981643,1000
2013-06-20,0.981643,0.985349,0.959407,0.963113,1000
2013-06-21,0.963113,0.964659,0.953838,0.955384,1000
2013-06-24,0.955384,0.956563,0.948308,0.949487,1000
2013-06-25,0.949487,0.951817,0.948964,0.951294,1000
2013-06-26,0.951294,0.956092,0.950494,0.955292,1000
2013-06-27,0.955292,0.956222,0.953359,0.954290,1000
2013-06-28,0.954290,0.954907,0.950586,0.951203,1000
2013-07-01,0.951203,0.953266,0.950409,0.952472,1000
2013-07-02,0.952472,0.953014,0.949215,0.949758,1000
2013-07-03,0.949758,0.951545,0.948693,0.950480,1000
2013-07-05,0.950480,0.951290,0.945622,0.946432,1000
2013-07-08,0.946432,0.947313,0.944477,0.945358,1000
2013-07-09,0.945358,0.950529,0.944496,0.949668,1000
2013-07-10,0.949668,0.951998,0.949144,0.951475,1000
2013-07-11,0.951475,0.964773,0.949258,0.962557,1000
2013-07-12,0.962557,0.963815,0.960928,0.962186,1000
2013-07-15,0.962186,0.962749,0.959868,0.960430,1000
2013-07-16,0.960430,0.963093,0.959986,0.962649,1000
2013-07-17,0.962649,0.963296,0.958770,0.959417,1000
2013-07-18,0.959417,0.962518,0.958900,0.962001,1000
2013-07-19,0.962001,0.965677,0.961388,0.965065,1000
2013-07-22,0.965065,0.967978,0.964579,0.967492,1000
2013-07-23,0.967492,0.970985,0.966910,0.970403,1000
2013-07-24,0.970403,0.972189,0.969276,0.971062,1000
2013-07-25,0.971062,0.973229,0.970312,0.972479,1000
2013-07-26,0.972479,0.973511,0.970596,0.971628,1000
2013-07-29,0.971628,0.975379,0.971003,0.974754,1000
2013-07-30,0.974754,0.975379,0.971003,0.971628,1000
2013-07-31,0.971628,0.973323,0.970406,0.972101,1000
2013-08-01,0.972101,0.973060,0.966346,0.967305,1000
2013-08-02,0.967305,0.968069,0.962720,0.963484,1000
2013-08-05,0.963484,0.964232,0.961346,0.962094,1000
2013-08-06,0.962094,0.964281,0.961390,0.963577,1000
2013-08-07,0.963577,0.964261,0.959469,0.960154,1000
2013-08-08,0.960154,0.967726,0.958892,0.966464,1000
2013-08-09,0.966464,0.971530,0.965619,0.970685,1000
2013-08-12,0.970685,0.972378,0.969464,0.971157,1000
2013-08-13,0.971157,0.972058,0.965749,0.966651,1000
2013-08-14,0.966651,0.969573,0.966163,0.969086,1000
2013-08-15,0.969086,0.969600,0.966698,0.967212,1000
2013-08-16,0.967212,0.968428,0.965528,0.966744,1000
2013-08-19,0.966744,0.968663,0.965760,0.967680,1000
2013-08-20,0.967680,0.968426,0.963202,0.963948,1000
2013-08-21,0.963948,0.965204,0.956415,0.957671,1000
2013-08-22,0.957671,0.958928,0.950127,0.951384,1000
2013-08-23,0.951384,0.952766,0.949912,0.951294,1000
2013-08-26,0.951294,0.952675,0.949822,0.951203,1000
2013-08-27,0.951203,0.953039,0.950183,0.952018,1000
2013-08-28,0.952018,0.954038,0.951178,0.953198,1000
2013-08-29,0.953198,0.953832,0.949395,0.950029,1000
2013-08-30,0.950029,0.950533,0.947004,0.947508,1000
2013-09-03,0.947508,0.949922,0.947073,0.949487,1000
2013-09-04,0.949487,0.954922,0.948581,0.954016,1000
2013-09-05,0.954016,0.954673,0.951815,0.952472,1000
2013-09-06,0.952472,0.964462,0.950473,0.962464,1000
2013-09-09,0.962464,0.965138,0.962018,0.964692,1000
2013-09-10,0.964692,0.966560,0.963663,0.965531,1000
2013-09-11,0.965531,0.967963,0.965060,0.967492,1000
2013-09-12,0.967492,0.969743,0.966836,0.969086,1000
2013-09-13,0.969086,0.969506,0.966605,0.967024,1000
2013-09-16,0.967024,0.969837,0.966556,0.969368,1000
2013-09-17,0.969368,0.972307,0.968878,0.971817,1000
2013-09-18,0.971817,0.972235,0.969326,0.969744,1000
2013-09-19,0.969744,0.978270,0.968323,0.976849,1000
2013-09-20,0.976849,0.977798,0.971151,0.972101,1000
2013-09-23,0.972101,0.973417,0.970501,0.971817,1000
2013-09-24,0.971817,0.973086,0.970171,0.971440,1000
2013-09-25,0.971440,0.972897,0.969983,0.971440,1000
2013-09-26,0.971440,0.971948,0.968390,0.968898,1000
2013-09-27,0.968898,0.971342,0.968430,0.970874,1000
2013-09-30,0.970874,0.973088,0.970170,0.972384,1000
2013-10-01,0.972384,0.973307,0.966851,0.967773,1000
2013-10-02,0.967773,0.969366,0.966462,0.968054,1000
2013-10-03,0.968054,0.969788,0.966883,0.968617,1000
2013-10-04,0.968617,0.970918,0.968007,0.970309,1000
2013-10-07,0.970309,0.971764,0.968853,0.970309,1000
2013-10-08,0.970309,0.970759,0.967603,0.968054,1000
2013-10-09,0.968054,0.969283,0.960679,0.961908,1000
2013-10-10,0.961908,0.964002,0.961112,0.963206,1000
2013-10-11,0.963206,0.964604,0.961714,0.963113,1000
2013-10-15,0.963113,0.965070,0.962177,0.964134,1000
2013-10-16,0.964134,0.967154,0.963631,0.966651,1000
2013-10-17,0.966651,0.973418,0.965523,0.972290,1000
2013-10-18,0.972290,0.973653,0.970737,0.972101,1000
2013-10-21,0.972101,0.973133,0.970219,0.971251,1000
2013-10-22,0.971251,0.973371,0.970453,0.972573,1000
2013-10-23,0.972573,0.974484,0.961109,0.963020,1000
2013-10-24,0.963020,0.963704,0.958917,0.959601,1000
2013-10-25,0.959601,0.960115,0.956515,0.957029,1000
2013-10-28,0.957029,0.958741,0.955868,0.957579,1000
2013-10-29,0.957579,0.958924,0.956051,0.957396,1000
2013-10-30,0.957396,0.958419,0.955549,0.956572,1000
2013-10-31,0.956572,0.959323,0.956113,0.958865,1000
2013-11-01,0.958865,0.959704,0.956831,0.957671,1000
2013-11-04,0.957671,0.960761,0.957156,0.960246,1000
2013-11-05,0.960246,0.960852,0.956606,0.957213,1000
2013-11-06,0.957213,0.960410,0.956680,0.959877,1000
2013-11-07,0.959877,0.960300,0.957340,0.957763,1000
2013-11-08,0.957763,0.958585,0.952830,0.953652,1000
2013-11-12,0.953652,0.954445,0.951588,0.952381,1000
2013-11-13,0.952381,0.955875,0.951799,0.955292,1000
2013-11-14,0.955292,0.955820,0.952125,0.952653,1000
2013-11-15,0.952653,0.957026,0.951924,0.956297,1000
2013-11-18,0.956297,0.959709,0.955729,0.959141,1000
2013-11-19,0.959141,0.959892,0.954632,0.955384,1000
2013-11-20,0.955384,0.957780,0.954908,0.957304,1000
2013-11-21,0.957304,0.958398,0.950744,0.951837,1000
2013-11-22,0.951837,0.952343,0.948801,0.949307,1000
2013-11-25,0.949307,0.949829,0.946986,0.947508,1000
2013-11-26,0.947508,0.949245,0.946400,0.948137,1000
2013-11-27,0.948137,0.948996,0.942982,0.943841,1000
2013-11-29,0.943841,0.945168,0.942337,0.943663,1000
2013-12-02,0.943663,0.944285,0.939936,0.940557,1000
2013-12-03,0.940557,0.941051,0.937592,0.938086,1000
2013-12-04,0.938086,0.938718,0.934297,0.934929,1000
2013-12-05,0.934929,0.941046,0.933909,0.940026,1000
2013-12-06,0.940026,0.940467,0.937382,0.937822,1000
2013-12-09,0.937822,0.940201,0.937382,0.939761,1000
2013-12-10,0.939761,0.942014,0.939190,0.941442,1000
2013-12-11,0.941442,0.943611,0.940782,0.942951,1000
2013-12-12,0.942951,0.943589,0.939123,0.939761,1000
2013-12-13,0.939761,0.944764,0.938927,0.943931,1000
2013-12-16,0.943931,0.946107,0.943271,0.945448,1000
2013-12-17,0.945448,0.946054,0.941812,0.942418,1000
2013-12-18,0.942418,0.943020,0.938806,0.939408,1000
2013-12-19,0.939408,0.939971,0.936030,0.936593,1000
2013-12-20,0.936593,0.937910,0.935100,0.936417,1000
2013-12-23,0.936417,0.944578,0.935057,0.943218,1000
2013-12-24,0.943218,0.943920,0.941095,0.941797,1000
2013-12-26,0.941797,0.942328,0.938613,0.939144,1000
2013-12-27,0.939144,0.940004,0.933981,0.934842,1000
2013-12-30,0.934842,0.940851,0.933840,0.939850,1000
2013-12-31,0.939850,0.941392,0.938572,0.940115,1000
2014-01-02,0.940115,0.941658,0.938837,0.940380,1000
2014-01-03,0.940380,0.942768,0.939941,0.942329,1000
2014-01-06,0.942329,0.943143,0.937449,0.938262,1000
2014-01-07,0.938262,0.939730,0.929458,0.930925,1000
2014-01-08,0.930925,0.931960,0.924720,0.925754,1000
2014-01-09,0.925754,0.926574,0.920840,0.921659,1000
2014-01-10,0.921659,0.922757,0.915073,0.916170,1000
2014-01-13,0.916170,0.920925,0.915378,0.920132,1000
2014-01-14,0.920132,0.921243,0.913468,0.914578,1000
2014-01-15,0.914578,0.916034,0.913290,0.914746,1000
2014-01-16,0.914746,0.916370,0.913624,0.915248,1000
2014-01-17,0.915248,0.915799,0.911941,0.912492,1000
2014-01-21,0.912492,0.913360,0.910626,0.911494,1000
2014-01-22,0.911494,0.913108,0.901810,0.903424,1000
2014-01-23,0.903424,0.904382,0.897676,0.898634,1000
2014-01-24,0.898634,0.904970,0.897578,0.903914,1000
2014-01-27,0.903914,0.904468,0.900591,0.901144,1000
2014-01-28,0.901144,0.901969,0.896197,0.897022,1000
2014-01-29,0.897022,0.898408,0.895716,0.897102,1000
2014-01-30,0.897102,0.897488,0.894790,0.895175,1000
2014-01-31,0.895175,0.900490,0.894289,0.899604,1000
2014-02-03,0.899604,0.903698,0.898922,0.903016,1000
2014-02-04,0.903016,0.905108,0.902394,0.904486,1000
2014-02-05,0.904486,0.905203,0.900184,0.900901,1000
2014-02-06,0.900901,0.904320,0.900331,0.903751,1000
2014-02-07,0.903751,0.908772,0.902914,0.907935,1000
2014-02-10,0.907935,0.908494,0.904582,0.905141,1000
2014-02-11,0.905141,0.907506,0.904747,0.907112,1000
2014-02-12,0.907112,0.910281,0.906584,0.909753,1000
2014-02-13,0.909753,0.911657,0.908925,0.910830,1000
2014-02-14,0.910830,0.912113,0.909381,0.910664,1000
2014-02-18,0.910664,0.913558,0.910182,0.913075,1000
2014-02-19,0.913075,0.914613,0.903849,0.905387,1000
2014-02-20,0.905387,0.906349,0.899614,0.900576,1000
2014-02-21,0.900576,0.900965,0.898246,0.898634,1000
2014-02-24,0.898634,0.905460,0.897496,0.904323,1000
2014-02-25,0.904323,0.904763,0.901679,0.902120,1000
2014-02-26,0.902120,0.902639,0.899004,0.899523,1000
2014-02-27,0.899523,0.900062,0.897369,0.897908,1000
2014-02-28,0.897908,0.903940,0.896903,0.902935,1000
2014-03-03,0.902935,0.903676,0.900971,0.901713,1000
2014-03-04,0.901713,0.902130,0.899430,0.899847,1000
2014-03-05,0.899847,0.906003,0.898821,0.904977,1000
2014-03-06,0.904977,0.913396,0.903574,0.911993,1000
2014-03-07,0.911993,0.914016,0.899853,0.901876,1000
2014-03-10,0.901876,0.902577,0.899875,0.900576,1000
2014-03-11,0.900576,0.902701,0.899995,0.902120,1000
2014-03-12,0.902120,0.902849,0.897743,0.898473,1000
2014-03-13,0.898473,0.905395,0.897319,0.904241,1000
2014-03-14,0.904241,0.904698,0.901501,0.901957,1000
2014-03-17,0.901957,0.905385,0.901386,0.904814,1000
2014-03-18,0.904814,0.905417,0.901191,0.901795,1000
2014-03-19,0.901795,0.903215,0.893274,0.894694,1000
2014-03-20,0.894694,0.895871,0.887633,0.888810,1000
2014-03-21,0.888810,0.894528,0.887857,0.893575,1000
2014-03-24,0.893575,0.894005,0.890994,0.891424,1000
2014-03-25,0.891424,0.895445,0.890754,0.894775,1000
2014-03-26,0.894775,0.897954,0.894245,0.897424,1000
2014-03-27,0.897424,0.905899,0.896012,0.904486,1000
2014-03-28,0.904486,0.905433,0.902722,0.903669,1000
2014-03-31,0.903669,0.905557,0.902843,0.904732,1000
2014-04-01,0.904732,0.907390,0.904289,0.906947,1000
2014-04-02,0.906947,0.908143,0.905423,0.906618,1000
2014-04-03,0.906618,0.907772,0.905054,0.906208,1000
2014-04-04,0.906208,0.911854,0.905266,0.910913,1000
2014-04-07,0.910913,0.912571,0.909836,0.911494,1000
2014-04-08,0.911494,0.916703,0.910626,0.915835,1000
2014-04-09,0.915835,0.917925,0.915173,0.917263,1000
2014-04-10,0.917263,0.918217,0.915468,0.916422,1000
2014-04-11,0.916422,0.917225,0.911606,0.912409,1000
2014-04-14,0.912409,0.913444,0.910708,0.911743,1000
2014-04-15,0.911743,0.912611,0.909879,0.910747,1000
2014-04-16,0.910747,0.911523,0.906089,0.906865,1000
2014-04-17,0.906865,0.909834,0.906370,0.909339,1000
2014-04-18,0.909339,0.909784,0.906666,0.907112,1000
2014-04-21,0.907112,0.908638,0.905915,0.907441,1000
2014-04-22,0.907441,0.908596,0.905875,0.907029,1000
2014-04-23,0.907029,0.908019,0.905300,0.906290,1000
2014-04-24,0.906290,0.907979,0.905258,0.906947,1000
2014-04-25,0.906947,0.907690,0.904973,0.905715,1000
2014-04-28,0.905715,0.907444,0.904725,0.906454,1000
2014-04-29,0.906454,0.913300,0.905313,0.912159,1000
2014-04-30,0.912159,0.913820,0.911081,0.912742,1000
2014-05-01,0.912742,0.913735,0.910999,0.911993,1000
2014-05-02,0.911993,0.913027,0.910293,0.911328,1000
2014-05-05,0.911328,0.913446,0.910707,0.912825,1000
2014-05-06,0.912825,0.919363,0.911736,0.918274,1000
2014-05-07,0.918274,0.919440,0.916686,0.917852,1000
2014-05-08,0.917852,0.921809,0.917193,0.921150,1000
2014-05-09,0.921150,0.921876,0.916789,0.917515,1000
2014-05-12,0.917515,0.919441,0.916685,0.918611,1000
2014-05-13,0.918611,0.919735,0.916981,0.918105,1000
2014-05-14,0.918105,0.919694,0.916938,0.918527,1000
2014-05-15,0.918527,0.919904,0.917149,0.918527,1000
2014-05-16,0.918527,0.920074,0.917317,0.918864,1000
2014-05-19,0.918864,0.921176,0.918414,0.920726,1000
2014-05-20,0.920726,0.921384,0.916772,0.917431,1000
2014-05-21,0.917431,0.918018,0.913907,0.914495,1000
2014-05-22,0.914495,0.918322,0.913857,0.917684,1000
2014-05-23,0.917684,0.920419,0.917228,0.919963,1000
2014-05-27,0.919963,0.921386,0.918625,0.920048,1000
2014-05-28,0.920048,0.921513,0.918752,0.920217,1000
2014-05-29,0.920217,0.923274,0.919708,0.922765,1000
2014-05-30,0.922765,0.923274,0.919708,0.920217,1000
2014-06-02,0.920217,0.920673,0.917480,0.917936,1000
2014-06-03,0.917936,0.918428,0.915679,0.916170,1000
2014-06-04,0.916170,0.916620,0.913877,0.914328,1000
2014-06-05,0.914328,0.915783,0.913039,0.914495,1000
2014-06-06,0.914495,0.915825,0.913081,0.914411,1000
2014-06-09,0.914411,0.917228,0.913942,0.916758,1000
2014-06-10,0.916758,0.917881,0.915132,0.916254,1000
2014-06-11,0.916254,0.921010,0.915462,0.920217,1000
2014-06-12,0.920217,0.922278,0.919513,0.921574,1000
2014-06-13,0.921574,0.922233,0.919473,0.920132,1000
2014-06-16,0.920132,0.922321,0.919556,0.921744,1000
2014-06-17,0.921744,0.923041,0.920277,0.921574,1000
2014-06-18,0.921574,0.922149,0.919389,0.919963,1000
2014-06-19,0.919963,0.924245,0.919250,0.923532,1000
2014-06-20,0.923532,0.929914,0.922468,0.928850,1000
2014-06-23,0.928850,0.932486,0.928244,0.931880,1000
2014-06-24,0.931880,0.932929,0.930136,0.931185,1000
2014-06-25,0.931185,0.933366,0.930568,0.932749,1000
2014-06-26,0.932749,0.934803,0.932001,0.934056,1000
2014-06-27,0.934056,0.937205,0.933531,0.936680,1000
2014-06-30,0.936680,0.938085,0.935275,0.936680,1000
2014-07-01,0.936680,0.939213,0.936258,0.938791,1000
2014-07-02,0.938791,0.939537,0.936725,0.937471,1000
2014-07-03,0.937471,0.941068,0.936871,0.940468,1000
2014-07-07,0.940468,0.940980,0.937399,0.937910,1000
2014-07-08,0.937910,0.938788,0.935978,0.936856,1000
2014-07-09,0.936856,0.939601,0.936398,0.939144,1000
2014-07-10,0.939144,0.940110,0.937296,0.938262,1000
2014-07-11,0.938262,0.939348,0.931751,0.932836,1000
2014-07-14,0.932836,0.934191,0.931393,0.932749,1000
2014-07-15,0.932749,0.933529,0.928070,0.928850,1000
2014-07-16,0.928850,0.930980,0.928189,0.930319,1000
2014-07-17,0.930319,0.931541,0.928751,0.929973,1000
2014-07-18,0.929973,0.932063,0.929269,0.931359,1000
2014-07-21,0.931359,0.932799,0.930005,0.931446,1000
2014-07-22,0.931446,0.932495,0.929703,0.930752,1000
2014-07-23,0.930752,0.932366,0.929572,0.931185,1000
2014-07-24,0.931185,0.932495,0.929702,0.931012,1000
2014-07-25,0.931012,0.932269,0.923470,0.924727,1000
2014-07-28,0.924727,0.926715,0.923938,0.925926,1000
2014-07-29,0.925926,0.926796,0.920704,0.921574,1000
2014-07-30,0.921574,0.922537,0.915795,0.916758,1000
2014-07-31,0.916758,0.918936,0.916181,0.918358,1000
2014-08-01,0.918358,0.918846,0.915431,0.915919,1000
2014-08-04,0.915919,0.917377,0.914628,0.916086,1000
2014-08-05,0.916086,0.916972,0.910775,0.911660,1000
2014-08-06,0.911660,0.915966,0.910943,0.915248,1000
2014-08-07,0.915248,0.916789,0.914042,0.915583,1000
2014-08-08,0.915583,0.916584,0.909580,0.910581,1000
2014-08-11,0.910581,0.915478,0.909765,0.914662,1000
2014-08-12,0.914662,0.915573,0.912832,0.913743,1000
2014-08-13,0.913743,0.915742,0.912997,0.914997,1000
2014-08-14,0.914997,0.917168,0.914419,0.916590,1000
2014-08-15,0.916590,0.917965,0.915215,0.916590,1000
2014-08-18,0.916590,0.918894,0.916139,0.918442,1000
2014-08-19,0.918442,0.919131,0.914308,0.914997,1000
2014-08-20,0.914997,0.915740,0.912999,0.913743,1000
2014-08-21,0.913743,0.914904,0.912164,0.913325,1000
2014-08-22,0.913325,0.914695,0.911955,0.913325,1000
2014-08-25,0.913325,0.913841,0.910231,0.910747,1000
2014-08-26,0.910747,0.913741,0.910248,0.913242,1000
2014-08-27,0.913242,0.919280,0.912236,0.918274,1000
2014-08-28,0.918274,0.921623,0.917715,0.921065,1000
2014-08-29,0.921065,0.922404,0.919641,0.920980,1000
2014-09-02,0.920980,0.922076,0.914403,0.915499,1000
2014-09-03,0.915499,0.920653,0.914640,0.919794,1000
2014-09-04,0.919794,0.921598,0.918836,0.920641,1000
2014-09-05,0.920641,0.921114,0.917800,0.918274,1000
2014-09-08,0.918274,0.918996,0.913940,0.914662,1000
2014-09-09,0.914662,0.915941,0.906986,0.908265,1000
2014-09-10,0.908265,0.913837,0.907337,0.912909,1000
2014-09-11,0.912909,0.914199,0.905163,0.906454,1000
2014-09-12,0.906454,0.907158,0.902231,0.902935,1000
2014-09-15,0.902935,0.905386,0.902526,0.904977,1000
2014-09-16,0.904977,0.911403,0.903906,0.910332,1000
2014-09-17,0.910332,0.913724,0.909767,0.913159,1000
2014-09-18,0.913159,0.914738,0.911997,0.913576,1000
2014-09-19,0.913576,0.914027,0.911292,0.911743,1000
2014-09-22,0.911743,0.912389,0.907867,0.908513,1000
2014-09-23,0.908513,0.909367,0.903387,0.904241,1000
2014-09-24,0.904241,0.904714,0.901403,0.901876,1000
2014-09-25,0.901876,0.902536,0.899835,0.900495,1000
2014-09-26,0.900495,0.901415,0.894977,0.895897,1000
2014-09-29,0.895897,0.898047,0.895355,0.897505,1000
2014-09-30,0.897505,0.898546,0.891258,0.892299,1000
2014-10-01,0.892299,0.895750,0.891724,0.895175,1000
2014-10-02,0.895175,0.897363,0.894673,0.896861,1000
2014-10-03,0.896861,0.898519,0.886915,0.888573,1000
2014-10-06,0.888573,0.896207,0.887301,0.894935,1000
2014-10-07,0.894935,0.895956,0.893273,0.894294,1000
2014-10-08,0.894294,0.895676,0.892993,0.894374,1000
2014-10-09,0.894374,0.897358,0.893877,0.896861,1000
2014-10-10,0.896861,0.897280,0.894595,0.895015,1000
2014-10-14,0.895015,0.896003,0.889088,0.890076,1000
2014-10-15,0.890076,0.890959,0.884778,0.885661,1000
2014-10-16,0.885661,0.888114,0.885252,0.887705,1000
2014-10-17,0.887705,0.889749,0.887082,0.889126,1000
2014-10-20,0.889126,0.889583,0.886382,0.886839,1000
2014-10-21,0.886839,0.892246,0.885938,0.891345,1000
2014-10-22,0.891345,0.892722,0.890048,0.891424,1000
2014-10-23,0.891424,0.892045,0.889375,0.889996,1000
2014-10-24,0.889996,0.892378,0.889600,0.891981,1000
2014-10-27,0.891981,0.892552,0.888555,0.889126,1000
2014-10-28,0.889126,0.895904,0.887996,0.894775,1000
2014-10-29,0.894775,0.898728,0.894116,0.898069,1000
2014-10-30,0.898069,0.898968,0.892676,0.893575,1000
2014-10-31,0.893575,0.894859,0.885870,0.887154,1000
2014-11-03,0.887154,0.887891,0.882734,0.883470,1000
2014-11-04,0.883470,0.884664,0.876307,0.877501,1000
2014-11-05,0.877501,0.879552,0.876915,0.878966,1000
2014-11-06,0.878966,0.879674,0.874719,0.875427,1000
2014-11-07,0.875427,0.881253,0.874456,0.880282,1000
2014-11-10,0.880282,0.882225,0.879580,0.881523,1000
2014-11-12,0.881523,0.887148,0.880586,0.886211,1000
2014-11-13,0.886211,0.887226,0.880120,0.881135,1000
2014-11-14,0.881135,0.886284,0.880277,0.885426,1000
2014-11-17,0.885426,0.886204,0.883551,0.884330,1000
2014-11-18,0.884330,0.885774,0.883120,0.884564,1000
2014-11-19,0.884564,0.885250,0.880449,0.881135,1000
2014-11-20,0.881135,0.884687,0.880543,0.884095,1000
2014-11-21,0.884095,0.891082,0.882931,0.889917,1000
2014-11-24,0.889917,0.890580,0.885941,0.886603,1000
2014-11-25,0.886603,0.888684,0.886019,0.888099,1000
2014-11-26,0.888099,0.890383,0.887713,0.889996,1000
2014-11-28,0.889996,0.892956,0.872237,0.875197,1000
2014-12-01,0.875197,0.882882,0.873916,0.881601,1000
2014-12-02,0.881601,0.882436,0.876588,0.877424,1000
2014-12-03,0.877424,0.880946,0.876837,0.880359,1000
2014-12-04,0.880359,0.881097,0.878460,0.879198,1000
2014-12-05,0.879198,0.879952,0.874672,0.875427,1000
2014-12-08,0.875427,0.876190,0.870849,0.871612,1000
2014-12-09,0.871612,0.876282,0.870833,0.875503,1000
2014-12-10,0.875503,0.876373,0.870287,0.871156,1000
2014-12-11,0.871156,0.871987,0.866171,0.867002,1000
2014-12-12,0.867002,0.868152,0.865552,0.866701,1000
2014-12-15,0.866701,0.868058,0.858563,0.859919,1000
2014-12-16,0.859919,0.861395,0.858814,0.860289,1000
2014-12-17,0.860289,0.861394,0.858814,0.859919,1000
2014-12-18,0.859919,0.863034,0.859400,0.862515,1000
2014-12-19,0.862515,0.862990,0.859666,0.860141,1000
2014-12-22,0.860141,0.860764,0.858188,0.858811,1000
2014-12-23,0.858811,0.860766,0.858186,0.860141,1000
2014-12-24,0.860141,0.861617,0.859035,0.860511,1000
2014-12-29,0.860511,0.861431,0.858852,0.859771,1000
2014-12-30,0.859771,0.862796,0.859267,0.862292,1000
2014-12-31,0.862292,0.863436,0.860850,0.861995,1000
2015-01-02,0.861995,0.863818,0.851055,0.852878,1000
2015-01-05,0.852878,0.853747,0.847668,0.848536,1000
2015-01-06,0.848536,0.849196,0.846654,0.847314,1000
2015-01-07,0.847314,0.848015,0.843110,0.843811,1000
2015-01-08,0.843811,0.847154,0.843253,0.846597,1000
2015-01-09,0.846597,0.847239,0.842741,0.843384,1000
2015-01-12,0.843384,0.844402,0.837275,0.838293,1000
2015-01-13,0.838293,0.838917,0.836406,0.837030,1000
2015-01-14,0.837030,0.837935,0.835426,0.836330,1000
2015-01-15,0.836330,0.838463,0.835949,0.838082,1000
2015-01-16,0.838082,0.838838,0.833552,0.834307,1000
2015-01-20,0.834307,0.835674,0.826105,0.827472,1000
2015-01-21,0.827472,0.831376,0.804046,0.807950,1000
2015-01-22,0.807950,0.809391,0.806966,0.808407,1000
2015-01-23,0.808407,0.808799,0.806060,0.806452,1000
2015-01-26,0.806452,0.807368,0.804950,0.805867,1000
2015-01-27,0.805867,0.807304,0.804885,0.806322,1000
2015-01-28,0.806322,0.806969,0.802436,0.803084,1000
2015-01-29,0.803084,0.805523,0.788450,0.790889,1000
2015-01-30,0.790889,0.791785,0.785515,0.786411,1000
2015-02-02,0.786411,0.796840,0.784673,0.795102,1000
2015-02-03,0.795102,0.804680,0.793506,0.803084,1000
2015-02-04,0.803084,0.804338,0.795559,0.796813,1000
2015-02-05,0.796813,0.806899,0.795132,0.805218,1000
2015-02-06,0.805218,0.806568,0.797117,0.798467,1000
2015-02-09,0.798467,0.804317,0.797492,0.803342,1000
2015-02-10,0.803342,0.804368,0.797186,0.798212,1000
2015-02-11,0.798212,0.799564,0.790100,0.791452,1000
2015-02-12,0.791452,0.804482,0.789281,0.802311,1000
2015-02-13,0.802311,0.803999,0.801589,0.803277,1000
2015-02-17,0.803277,0.807008,0.802656,0.806387,1000
2015-02-18,0.806387,0.807099,0.802114,0.802826,1000
2015-02-19,0.802826,0.803186,0.800665,0.801025,1000
2015-02-20,0.801025,0.801616,0.799217,0.799808,1000
2015-02-23,0.799808,0.800749,0.794161,0.795102,1000
2015-02-24,0.795102,0.795535,0.793155,0.793588,1000
2015-02-25,0.793588,0.807622,0.791249,0.805283,1000
2015-02-26,0.805283,0.806211,0.799712,0.800641,1000
2015-02-27,0.800641,0.801328,0.798929,0.799616,1000
2015-03-02,0.799616,0.799986,0.797396,0.797766,1000
2015-03-03,0.797766,0.804302,0.796677,0.803213,1000
2015-03-04,0.803213,0.804774,0.802362,0.803923,1000
2015-03-05,0.803923,0.804477,0.800600,0.801154,1000
2015-03-06,0.801154,0.802843,0.791018,0.792707,1000
2015-03-09,0.792707,0.794433,0.792051,0.793777,1000
2015-03-10,0.793777,0.794217,0.791138,0.791578,1000
2015-03-11,0.791578,0.793190,0.781902,0.783515,1000
2015-03-12,0.783515,0.788774,0.782638,0.787898,1000
2015-03-13,0.787898,0.789264,0.779701,0.781067,1000
2015-03-16,0.781067,0.784004,0.780577,0.783515,1000
2015-03-17,0.783515,0.784505,0.782156,0.783147,1000
2015-03-18,0.783147,0.784260,0.781911,0.783024,1000
2015-03-19,0.783024,0.785089,0.782680,0.784745,1000
2015-03-20,0.784745,0.795961,0.782875,0.794092,1000
2015-03-23,0.794092,0.800031,0.793102,0.799041,1000
2015-03-24,0.799041,0.800400,0.798002,0.799361,1000
2015-03-25,0.799361,0.800463,0.798066,0.799169,1000
2015-03-26,0.799169,0.802553,0.798605,0.801989,1000
2015-03-27,0.801989,0.803392,0.793573,0.794976,1000
2015-03-30,0.794976,0.796329,0.786855,0.788208,1000
2015-03-31,0.788208,0.789578,0.787212,0.788581,1000
2015-04-01,0.788581,0.793909,0.787693,0.793021,1000
2015-04-02,0.793021,0.795033,0.792649,0.794660,1000
2015-04-03,0.794660,0.803764,0.793143,0.802246,1000
2015-04-06,0.802246,0.803934,0.801525,0.803213,1000
2015-04-07,0.803213,0.803702,0.800280,0.800769,1000
2015-04-08,0.800769,0.801328,0.798929,0.799488,1000
2015-04-09,0.799488,0.800403,0.793997,0.794913,1000
2015-04-10,0.794913,0.795599,0.793217,0.793903,1000
2015-04-13,0.793903,0.794873,0.792492,0.793462,1000
2015-04-14,0.793462,0.803154,0.791846,0.801539,1000
2015-04-15,0.801539,0.809154,0.800270,0.807885,1000
2015-04-16,0.807885,0.821546,0.805608,0.819269,1000
2015-04-17,0.819269,0.819860,0.817406,0.817996,1000
2015-04-20,0.817996,0.819962,0.817504,0.819471,1000
2015-04-21,0.819471,0.820419,0.813782,0.814730,1000
2015-04-22,0.814730,0.816753,0.814304,0.816327,1000
2015-04-23,0.816327,0.824552,0.814956,0.823181,1000
2015-04-24,0.823181,0.823737,0.821272,0.821828,1000
2015-04-27,0.821828,0.826878,0.820986,0.826037,1000
2015-04-28,0.826037,0.833046,0.824869,0.831878,1000
2015-04-29,0.831878,0.837389,0.830959,0.836470,1000
2015-04-30,0.836470,0.838693,0.823132,0.825355,1000
2015-05-01,0.825355,0.826370,0.819262,0.820277,1000
2015-05-04,0.820277,0.827025,0.819153,0.825900,1000
2015-05-05,0.825900,0.831663,0.824940,0.830703,1000
2015-05-06,0.830703,0.833276,0.830274,0.832848,1000
2015-05-07,0.832848,0.834659,0.821980,0.823791,1000
2015-05-08,0.823791,0.828126,0.823069,0.827404,1000
2015-05-11,0.827404,0.827925,0.825447,0.825968,1000
2015-05-12,0.825968,0.835891,0.824315,0.834237,1000
2015-05-13,0.834237,0.837337,0.833720,0.836820,1000
2015-05-14,0.836820,0.837392,0.833387,0.833959,1000
2015-05-15,0.833959,0.834583,0.832085,0.832709,1000
2015-05-18,0.832709,0.834642,0.821113,0.823045,1000
2015-05-19,0.823045,0.823894,0.817951,0.818800,1000
2015-05-20,0.818800,0.820061,0.817605,0.818867,1000
2015-05-21,0.818867,0.820465,0.818006,0.819605,1000
2015-05-22,0.819605,0.820766,0.812642,0.813802,1000
2015-05-26,0.813802,0.815636,0.802801,0.804635,1000
2015-05-27,0.804635,0.805344,0.800380,0.801089,1000
2015-05-28,0.801089,0.802581,0.800176,0.801667,1000
2015-05-29,0.801667,0.803128,0.800721,0.802182,1000
2015-06-01,0.802182,0.803218,0.795968,0.797003,1000
2015-06-02,0.797003,0.806394,0.795438,0.804829,1000
2015-06-03,0.804829,0.805647,0.803235,0.804052,1000
2015-06-04,0.804052,0.804568,0.800959,0.801475,1000
2015-06-05,0.801475,0.802323,0.799921,0.800769,1000
2015-06-08,0.800769,0.804864,0.800086,0.804182,1000
2015-06-09,0.804182,0.813506,0.802628,0.811952,1000
2015-06-10,0.811952,0.815844,0.811303,0.815195,1000
2015-06-11,0.815195,0.815818,0.811462,0.812084,1000
2015-06-12,0.812084,0.813567,0.811129,0.812612,1000
2015-06-15,0.812612,0.813335,0.810900,0.811622,1000
2015-06-16,0.811622,0.812609,0.810175,0.811162,1000
2015-06-17,0.811162,0.813072,0.810635,0.812546,1000
2015-06-18,0.812546,0.820614,0.811201,0.819269,1000
2015-06-19,0.819269,0.820164,0.813902,0.814797,1000
2015-06-22,0.814797,0.815587,0.813145,0.813935,1000
2015-06-23,0.813935,0.814463,0.810765,0.811293,1000
2015-06-24,0.811293,0.812430,0.804470,0.805607,1000
2015-06-25,0.805607,0.810853,0.804733,0.809979,1000
2015-06-26,0.809979,0.810799,0.808372,0.809192,1000
2015-06-29,0.809192,0.809685,0.807262,0.807754,1000
2015-06-30,0.807754,0.808959,0.800527,0.801732,1000
2015-07-01,0.801732,0.802830,0.795144,0.796242,1000
2015-07-02,0.796242,0.797214,0.794826,0.795798,1000
2015-07-06,0.795798,0.796517,0.791486,0.792205,1000
2015-07-07,0.792205,0.793684,0.783326,0.784806,1000
2015-07-08,0.784806,0.786540,0.784182,0.785916,1000
2015-07-09,0.785916,0.787002,0.784645,0.785731,1000
2015-07-10,0.785731,0.787344,0.784984,0.786596,1000
2015-07-13,0.786596,0.787200,0.782972,0.783576,1000
2015-07-14,0.783576,0.785245,0.782891,0.784560,1000
2015-07-15,0.784560,0.786853,0.770804,0.773096,1000
2015-07-16,0.773096,0.774166,0.771847,0.772917,1000
2015-07-17,0.772917,0.773619,0.768707,0.769408,1000
2015-07-20,0.769408,0.771008,0.768697,0.770297,1000
2015-07-21,0.770297,0.772168,0.769853,0.771724,1000
2015-07-22,0.771724,0.772494,0.767102,0.767872,1000
2015-07-23,0.767872,0.768817,0.766515,0.767460,1000
2015-07-24,0.767460,0.767801,0.765415,0.765755,1000
2015-07-27,0.765755,0.769358,0.765155,0.768758,1000
2015-07-28,0.768758,0.774107,0.767866,0.773216,1000
2015-07-29,0.773216,0.776094,0.772736,0.775615,1000
2015-07-30,0.775615,0.777175,0.766253,0.767813,1000
2015-07-31,0.767813,0.768286,0.765987,0.766460,1000
2015-08-03,0.766460,0.767556,0.759881,0.760977,1000
2015-08-04,0.760977,0.762613,0.760327,0.761963,1000
2015-08-05,0.761963,0.762622,0.758009,0.758668,1000
2015-08-06,0.758668,0.760675,0.758333,0.760341,1000
2015-08-07,0.760341,0.762427,0.759993,0.762079,1000
2015-08-10,0.762079,0.766702,0.761308,0.765931,1000
2015-08-11,0.765931,0.767015,0.759431,0.760514,1000
2015-08-12,0.760514,0.772895,0.758451,0.770832,1000
2015-08-13,0.770832,0.772069,0.763405,0.764643,1000
2015-08-14,0.764643,0.765878,0.763583,0.764818,1000
2015-08-17,0.764818,0.765526,0.763234,0.763942,1000
2015-08-18,0.763942,0.765527,0.763233,0.764818,1000
2015-08-19,0.764818,0.765864,0.758544,0.759590,1000
2015-08-20,0.759590,0.765864,0.758544,0.764818,1000
2015-08-21,0.764818,0.765644,0.759862,0.760688,1000
2015-08-24,0.760688,0.761425,0.756265,0.757002,1000
2015-08-25,0.757002,0.757970,0.751195,0.752162,1000
2015-08-26,0.752162,0.753121,0.750865,0.751823,1000
2015-08-27,0.751823,0.759209,0.750592,0.757978,1000
2015-08-28,0.757978,0.758835,0.752836,0.753693,1000
2015-08-31,0.753693,0.756771,0.753180,0.756258,1000
2015-09-01,0.756258,0.759219,0.755765,0.758725,1000
2015-09-02,0.758725,0.760185,0.749968,0.751428,1000
2015-09-03,0.751428,0.758805,0.750198,0.757576,1000
2015-09-04,0.757576,0.758398,0.752644,0.753466,1000
2015-09-08,0.753466,0.758880,0.752564,0.757978,1000
2015-09-09,0.757978,0.758310,0.756041,0.756372,1000
2015-09-10,0.756372,0.757593,0.755323,0.756544,1000
2015-09-11,0.756544,0.757182,0.752714,0.753352,1000
2015-09-14,0.753352,0.754739,0.752477,0.753864,1000
2015-09-15,0.753864,0.755108,0.752846,0.754091,1000
2015-09-16,0.754091,0.759652,0.753164,0.758725,1000
2015-09-17,0.758725,0.759690,0.757415,0.758380,1000
2015-09-18,0.758380,0.761149,0.757919,0.760688,1000
2015-09-21,0.760688,0.761870,0.753591,0.754774,1000
2015-09-22,0.754774,0.755136,0.752877,0.753239,1000
2015-09-23,0.753239,0.753658,0.750727,0.751145,1000
2015-09-24,0.751145,0.751539,0.748782,0.749176,1000
2015-09-25,0.749176,0.751033,0.748781,0.750638,1000
2015-09-28,0.750638,0.751065,0.748076,0.748503,1000
2015-09-29,0.748503,0.749106,0.744887,0.745490,1000
2015-09-30,0.745490,0.747110,0.744871,0.746491,1000
2015-10-01,0.746491,0.757046,0.744732,0.755287,1000
2015-10-02,0.755287,0.757194,0.754923,0.756830,1000
2015-10-05,0.756830,0.765785,0.755338,0.764292,1000
2015-10-06,0.764292,0.766261,0.763963,0.765931,1000
2015-10-07,0.765931,0.767611,0.765310,0.766989,1000
2015-10-08,0.766989,0.768760,0.766455,0.768226,1000
2015-10-09,0.768226,0.773354,0.767372,0.772499,1000
2015-10-13,0.772499,0.772963,0.769715,0.770179,1000
2015-10-14,0.770179,0.771364,0.769053,0.770238,1000
2015-10-15,0.770238,0.776113,0.769259,0.775134,1000
2015-10-16,0.775134,0.775505,0.772904,0.773276,1000
2015-10-19,0.773276,0.774073,0.768493,0.769290,1000
2015-10-20,0.769290,0.771187,0.768875,0.770772,1000
2015-10-21,0.770772,0.772453,0.760689,0.762369,1000
2015-10-22,0.762369,0.764467,0.762020,0.764117,1000
2015-10-23,0.764117,0.765092,0.758269,0.759244,1000
2015-10-26,0.759244,0.761810,0.758816,0.761383,1000
2015-10-27,0.761383,0.762625,0.753931,0.755173,1000
2015-10-28,0.755173,0.761582,0.754105,0.760514,1000
2015-10-29,0.760514,0.761076,0.758798,0.759359,1000
2015-10-30,0.759359,0.765419,0.758349,0.764409,1000
2015-11-02,0.764409,0.765234,0.762942,0.763767,1000
2015-11-03,0.763767,0.764503,0.762215,0.762951,1000
2015-11-04,0.762951,0.763612,0.758987,0.759648,1000
2015-11-05,0.759648,0.760845,0.758566,0.759763,1000
2015-11-06,0.759763,0.761419,0.749828,0.751484,1000
2015-11-09,0.751484,0.753726,0.751111,0.753352,1000
2015-11-10,0.753352,0.754938,0.752676,0.754262,1000
2015-11-12,0.754262,0.754840,0.750793,0.751371,1000
2015-11-13,0.751371,0.751848,0.749598,0.750075,1000
2015-11-16,0.750075,0.750637,0.748390,0.748951,1000
2015-11-17,0.748951,0.750864,0.748613,0.750525,1000
2015-11-18,0.750525,0.750890,0.748643,0.749008,1000
2015-11-19,0.749008,0.754767,0.748048,0.753807,1000
2015-11-20,0.753807,0.754609,0.748991,0.749794,1000
2015-11-23,0.749794,0.750327,0.748082,0.748615,1000
2015-11-24,0.748615,0.751990,0.748053,0.751428,1000
2015-11-25,0.751428,0.752838,0.750582,0.751993,1000
2015-11-27,0.751993,0.752691,0.747805,0.748503,1000
2015-11-30,0.748503,0.750414,0.748164,0.750075,1000
2015-12-01,0.750075,0.750524,0.747383,0.747831,1000
2015-12-02,0.747831,0.749374,0.747128,0.748671,1000
2015-12-03,0.748671,0.749074,0.746256,0.746659,1000
2015-12-04,0.746659,0.748603,0.746335,0.748279,1000
2015-12-07,0.748279,0.749874,0.738707,0.740302,1000
2015-12-08,0.740302,0.741239,0.734682,0.735619,1000
2015-12-09,0.735619,0.736695,0.734488,0.735565,1000
2015-12-10,0.735565,0.736587,0.734380,0.735402,1000
2015-12-11,0.735402,0.736444,0.729152,0.730194,1000
2015-12-14,0.730194,0.730587,0.727833,0.728226,1000
2015-12-15,0.728226,0.729398,0.727213,0.728385,1000
2015-12-16,0.728385,0.729187,0.723573,0.724375,1000
2015-12-17,0.724375,0.726086,0.714108,0.715820,1000
2015-12-18,0.715820,0.721639,0.714850,0.720669,1000
2015-12-21,0.720669,0.721833,0.713683,0.714847,1000
2015-12-22,0.714847,0.718542,0.714232,0.717927,1000
2015-12-23,0.717927,0.722216,0.717212,0.721501,1000
2015-12-24,0.721501,0.722923,0.720756,0.722178,1000
2015-12-28,0.722178,0.722656,0.719309,0.719787,1000
2015-12-29,0.719787,0.722594,0.719319,0.722126,1000
2015-12-30,0.722126,0.722490,0.719941,0.720305,1000
2015-12-31,0.720305,0.723054,0.719847,0.722596,1000
2016-01-04,0.722596,0.723951,0.714464,0.715820,1000
2016-01-05,0.715820,0.716355,0.714210,0.714745,1000
2016-01-06,0.714745,0.715689,0.709082,0.710026,1000
2016-01-07,0.710026,0.711673,0.709539,0.711187,1000
2016-01-08,0.711187,0.712082,0.705819,0.706714,1000
2016-01-11,0.706714,0.707241,0.703549,0.704077,1000
2016-01-12,0.704077,0.704963,0.698756,0.699643,1000
2016-01-13,0.699643,0.700668,0.698569,0.699594,1000
2016-01-14,0.699594,0.700373,0.694922,0.695701,1000
2016-01-15,0.695701,0.697204,0.686681,0.688184,1000
2016-01-19,0.688184,0.689644,0.687577,0.689037,1000
2016-01-20,0.689037,0.689783,0.684561,0.685307,1000
2016-01-21,0.685307,0.705399,0.681958,0.702050,1000
2016-01-22,0.702050,0.707467,0.701147,0.706564,1000
2016-01-25,0.706564,0.707506,0.700911,0.701853,1000
2016-01-26,0.701853,0.712993,0.699996,0.711136,1000
2016-01-27,0.711136,0.712762,0.710625,0.712251,1000
2016-01-28,0.712251,0.712625,0.710004,0.710379,1000
2016-01-29,0.710379,0.711520,0.709389,0.710530,1000
2016-02-01,0.710530,0.714731,0.709830,0.714031,1000
2016-02-02,0.714031,0.714377,0.711956,0.712301,1000
2016-02-03,0.712301,0.724404,0.710284,0.722387,1000
2016-02-04,0.722387,0.729903,0.721134,0.728651,1000
2016-02-05,0.728651,0.730237,0.719135,0.720721,1000
2016-02-08,0.720721,0.721197,0.717863,0.718339,1000
2016-02-09,0.718339,0.722133,0.717707,0.721501,1000
2016-02-10,0.721501,0.722627,0.714745,0.715871,1000
2016-02-11,0.715871,0.718090,0.715501,0.717721,1000
2016-02-12,0.717721,0.723884,0.716693,0.722857,1000
2016-02-16,0.722857,0.723339,0.721174,0.721657,1000
2016-02-17,0.721657,0.732733,0.719811,0.730887,1000
2016-02-18,0.730887,0.731271,0.728586,0.728969,1000
2016-02-19,0.728969,0.729815,0.723897,0.724743,1000
2016-02-22,0.724743,0.731988,0.723535,0.730780,1000
2016-02-23,0.730780,0.731914,0.723977,0.725111,1000
2016-02-24,0.725111,0.726885,0.724706,0.726480,1000
2016-02-25,0.726480,0.738877,0.724414,0.736811,1000
2016-02-26,0.736811,0.738626,0.736411,0.738225,1000
2016-02-29,0.738225,0.739990,0.737771,0.739536,1000
2016-03-01,0.739536,0.747348,0.738233,0.746046,1000
2016-03-02,0.746046,0.746733,0.741924,0.742611,1000
2016-03-03,0.742611,0.746666,0.741935,0.745990,1000
2016-03-04,0.745990,0.750555,0.745230,0.749794,1000
2016-03-07,0.749794,0.752297,0.749377,0.751880,1000
2016-03-08,0.751880,0.752868,0.745949,0.746938,1000
2016-03-09,0.746938,0.757436,0.745188,0.755687,1000
2016-03-10,0.755687,0.757258,0.746260,0.747831,1000
2016-03-11,0.747831,0.758768,0.746009,0.756945,1000
2016-03-14,0.756945,0.757856,0.751478,0.752389,1000
2016-03-15,0.752389,0.753110,0.748062,0.748783,1000
2016-03-16,0.748783,0.749654,0.747409,0.748279,1000
2016-03-17,0.748279,0.774701,0.743875,0.770297,1000
2016-03-18,0.770297,0.771512,0.769201,0.770416,1000
2016-03-21,0.770416,0.771442,0.764261,0.765287,1000
2016-03-22,0.765287,0.766905,0.764606,0.766225,1000
2016-03-23,0.766225,0.767943,0.755915,0.757633,1000
2016-03-24,0.757633,0.758444,0.752769,0.753580,1000
2016-03-25,0.753580,0.754881,0.752619,0.753920,1000
2016-03-28,0.753920,0.759410,0.753005,0.758495,1000
2016-03-29,0.758495,0.760640,0.758138,0.760283,1000
2016-03-30,0.760283,0.773726,0.758042,0.771486,1000
2016-03-31,0.771486,0.772434,0.770121,0.771069,1000
2016-04-01,0.771069,0.771991,0.765538,0.766460,1000
2016-04-04,0.766460,0.767904,0.765603,0.767048,1000
2016-04-05,0.767048,0.768655,0.757406,0.759013,1000
2016-04-06,0.759013,0.766120,0.757829,0.764935,1000
2016-04-07,0.764935,0.765981,0.758659,0.759705,1000
2016-04-08,0.759705,0.771562,0.757729,0.769586,1000
2016-04-11,0.769586,0.775451,0.768608,0.774473,1000
2016-04-12,0.774473,0.782605,0.773118,0.781250,1000
2016-04-13,0.781250,0.782759,0.780413,0.781922,1000
2016-04-14,0.781922,0.782482,0.778559,0.779120,1000
2016-04-15,0.779120,0.779620,0.777286,0.777786,1000
2016-04-18,0.777786,0.780845,0.777277,0.780336,1000
2016-04-19,0.780336,0.792250,0.778350,0.790264,1000
2016-04-20,0.790264,0.792593,0.789876,0.792205,1000
2016-04-21,0.792205,0.793326,0.785475,0.786596,1000
2016-04-22,0.786596,0.789650,0.786087,0.789141,1000
2016-04-25,0.789141,0.790138,0.787772,0.788768,1000
2016-04-26,0.788768,0.793570,0.787968,0.792770,1000
2016-04-27,0.792770,0.793235,0.790862,0.791327,1000
2016-04-28,0.791327,0.798367,0.790154,0.797194,1000
2016-04-29,0.797194,0.798230,0.795840,0.796876,1000
2016-05-02,0.796876,0.798231,0.795839,0.797194,1000
2016-05-03,0.797194,0.798979,0.786486,0.788271,1000
2016-05-04,0.788271,0.790669,0.773878,0.776277,1000
2016-05-05,0.776277,0.778259,0.775925,0.777907,1000
2016-05-06,0.777907,0.778690,0.773211,0.773994,1000
2016-05-09,0.773994,0.774875,0.768704,0.769586,1000
2016-05-10,0.769586,0.772223,0.769146,0.771784,1000
2016-05-11,0.771784,0.780660,0.770304,0.779180,1000
2016-05-12,0.779180,0.779650,0.777317,0.777786,1000
2016-05-13,0.777786,0.778772,0.771871,0.772857,1000
2016-05-16,0.772857,0.776672,0.772222,0.776036,1000
2016-05-17,0.776036,0.777260,0.774932,0.776156,1000
2016-05-18,0.776156,0.776637,0.773274,0.773754,1000
2016-05-19,0.773754,0.775996,0.760302,0.762544,1000
2016-05-20,0.762544,0.763047,0.760763,0.761267,1000
2016-05-23,0.761267,0.761857,0.759577,0.760167,1000
2016-05-24,0.760167,0.762810,0.759727,0.762369,1000
2016-05-25,0.762369,0.764331,0.762039,0.764000,1000
2016-05-26,0.764000,0.771699,0.762717,0.770416,1000
2016-05-27,0.770416,0.770948,0.768640,0.769172,1000
2016-05-31,0.769172,0.770299,0.762406,0.763534,1000
2016-06-01,0.763534,0.764913,0.762621,0.764000,1000
2016-06-02,0.764000,0.765410,0.763116,0.764526,1000
2016-06-03,0.764526,0.773950,0.762955,0.772380,1000
2016-06-06,0.772380,0.778940,0.771286,0.777847,1000
2016-06-07,0.777847,0.782810,0.777020,0.781983,1000
2016-06-08,0.781983,0.788932,0.780825,0.787774,1000
2016-06-09,0.787774,0.788195,0.785249,0.785669,1000
2016-06-10,0.785669,0.786662,0.784306,0.785299,1000
2016-06-13,0.785299,0.785999,0.781100,0.781800,1000
2016-06-14,0.781800,0.782311,0.778729,0.779241,1000
2016-06-15,0.779241,0.780195,0.773520,0.774473,1000
2016-06-16,0.774473,0.775982,0.765421,0.766930,1000
2016-06-17,0.766930,0.778653,0.764976,0.776699,1000
2016-06-20,0.776699,0.781648,0.775874,0.780823,1000
2016-06-21,0.780823,0.781689,0.779348,0.780214,1000
2016-06-22,0.780214,0.781293,0.778952,0.780031,1000
2016-06-23,0.780031,0.785244,0.779162,0.784375,1000
2016-06-24,0.784375,0.786786,0.769909,0.772320,1000
2016-06-27,0.772320,0.773832,0.763248,0.764760,1000
2016-06-28,0.764760,0.765614,0.763321,0.764175,1000
2016-06-29,0.764175,0.770952,0.763046,0.769823,1000
2016-06-30,0.769823,0.770384,0.768078,0.768640,1000
2016-07-01,0.768640,0.776721,0.767293,0.775374,1000
2016-07-05,0.775374,0.776009,0.771566,0.772201,1000
2016-07-06,0.772201,0.772830,0.768424,0.769053,1000
2016-07-07,0.769053,0.770771,0.768461,0.770179,1000
2016-07-08,0.770179,0.771216,0.763957,0.764994,1000
2016-07-11,0.764994,0.765612,0.761287,0.761905,1000
2016-07-12,0.761905,0.769561,0.760629,0.768285,1000
2016-07-13,0.768285,0.772126,0.767645,0.771486,1000
2016-07-14,0.771486,0.774783,0.770936,0.774234,1000
2016-07-15,0.774234,0.774973,0.769795,0.770535,1000
2016-07-18,0.770535,0.771512,0.769201,0.770179,1000
2016-07-19,0.770179,0.770687,0.767128,0.767636,1000
2016-07-20,0.767636,0.768493,0.766191,0.767048,1000
2016-07-21,0.767048,0.767638,0.765341,0.765931,1000
2016-07-22,0.765931,0.767350,0.757422,0.758840,1000
2016-07-25,0.758840,0.759368,0.755673,0.756201,1000
2016-07-26,0.756201,0.757823,0.755552,0.757174,1000
2016-07-27,0.757174,0.757908,0.755639,0.756372,1000
2016-07-28,0.756372,0.759887,0.755787,0.759301,1000
2016-07-29,0.759301,0.768385,0.757787,0.766871,1000
2016-08-01,0.766871,0.767527,0.762936,0.763592,1000
2016-08-02,0.763592,0.765001,0.762708,0.764117,1000
2016-08-03,0.764117,0.765527,0.763233,0.764643,1000
2016-08-04,0.764643,0.768377,0.764021,0.767754,1000
2016-08-05,0.767754,0.769549,0.756989,0.758783,1000
2016-08-08,0.758783,0.760413,0.758133,0.759763,1000
2016-08-09,0.759763,0.762960,0.759230,0.762428,1000
2016-08-10,0.762428,0.766421,0.761762,0.765755,1000
2016-08-11,0.765755,0.769642,0.765108,0.768994,1000
2016-08-12,0.768994,0.773343,0.768269,0.772618,1000
2016-08-15,0.772618,0.774407,0.772085,0.773874,1000
2016-08-16,0.773874,0.778279,0.773140,0.777545,1000
2016-08-17,0.777545,0.777985,0.775656,0.776096,1000
2016-08-18,0.776096,0.783968,0.774784,0.782656,1000
2016-08-19,0.782656,0.783884,0.775290,0.776518,1000
2016-08-22,0.776518,0.777286,0.771910,0.772678,1000
2016-08-23,0.772678,0.775409,0.772223,0.774954,1000
2016-08-24,0.774954,0.775373,0.772438,0.772857,1000
2016-08-25,0.772857,0.774166,0.771847,0.773156,1000
2016-08-26,0.773156,0.774016,0.771699,0.772559,1000
2016-08-29,0.772559,0.773437,0.767289,0.768167,1000
2016-08-30,0.768167,0.768837,0.764149,0.764818,1000
2016-08-31,0.764818,0.765366,0.761531,0.762079,1000
2016-09-01,0.762079,0.763659,0.761371,0.762951,1000
2016-09-02,0.762951,0.770629,0.761671,0.769349,1000
2016-09-06,0.769349,0.780491,0.767492,0.778634,1000
2016-09-07,0.778634,0.779262,0.774866,0.775494,1000
2016-09-08,0.775494,0.776206,0.773882,0.774593,1000
2016-09-09,0.774593,0.776067,0.765750,0.767224,1000
2016-09-12,0.767224,0.767717,0.764267,0.764760,1000
2016-09-13,0.764760,0.765817,0.758417,0.759474,1000
2016-09-14,0.759474,0.760036,0.757761,0.758323,1000
2016-09-15,0.758323,0.761230,0.757838,0.760746,1000
2016-09-16,0.760746,0.761517,0.756116,0.756888,1000
2016-09-19,0.756888,0.759093,0.756520,0.758725,1000
2016-09-20,0.758725,0.759276,0.755422,0.755972,1000
2016-09-21,0.755972,0.758862,0.755491,0.758380,1000
2016-09-22,0.758380,0.768852,0.756635,0.767106,1000
2016-09-23,0.767106,0.768587,0.758225,0.759705,1000
2016-09-26,0.759705,0.760085,0.757425,0.757805,1000
2016-09-27,0.757805,0.758389,0.754304,0.754888,1000
2016-09-28,0.754888,0.756306,0.754040,0.755458,1000
2016-09-29,0.755458,0.764869,0.753890,0.763301,1000
2016-09-30,0.763301,0.764037,0.761749,0.762486,1000
2016-10-03,0.762486,0.762960,0.760677,0.761151,1000
2016-10-04,0.761151,0.761532,0.758862,0.759244,1000
2016-10-05,0.759244,0.760209,0.757933,0.758898,1000
2016-10-06,0.758898,0.759266,0.756692,0.757060,1000
2016-10-07,0.757060,0.758163,0.750437,0.751541,1000
2016-10-11,0.751541,0.756379,0.750734,0.755572,1000
2016-10-12,0.755572,0.756050,0.752704,0.753182,1000
2016-10-13,0.753182,0.757148,0.752521,0.756487,1000
2016-10-14,0.756487,0.759934,0.755912,0.759359,1000
2016-10-17,0.759359,0.761718,0.758966,0.761325,1000
2016-10-18,0.761325,0.763416,0.760976,0.763068,1000
2016-10-19,0.763068,0.764212,0.761923,0.763068,1000
2016-10-20,0.763068,0.764131,0.756684,0.757748,1000
2016-10-21,0.757748,0.759192,0.749081,0.750525,1000
2016-10-24,0.750525,0.751232,0.746287,0.746993,1000
2016-10-25,0.746993,0.750624,0.746388,0.750019,1000
2016-10-26,0.750019,0.750356,0.748110,0.748447,1000
2016-10-27,0.748447,0.748897,0.746655,0.747105,1000
2016-10-28,0.747105,0.748282,0.746040,0.747217,1000
2016-10-31,0.747217,0.747778,0.745540,0.746102,1000
2016-11-01,0.746102,0.747948,0.745705,0.747552,1000
2016-11-02,0.747552,0.748393,0.746152,0.746993,1000
2016-11-03,0.746993,0.748198,0.745956,0.747161,1000
2016-11-04,0.747161,0.747484,0.745222,0.745545,1000
2016-11-07,0.745545,0.747752,0.745178,0.747384,1000
2016-11-08,0.747384,0.750411,0.746880,0.749906,1000
2016-11-09,0.749906,0.750701,0.745140,0.745935,1000
2016-11-10,0.745935,0.746688,0.741417,0.742170,1000
2016-11-14,0.742170,0.743340,0.735153,0.736323,1000
2016-11-15,0.736323,0.743736,0.735087,0.742501,1000
2016-11-16,0.742501,0.746021,0.741914,0.745434,1000
2016-11-17,0.745434,0.746163,0.743929,0.744657,1000
2016-11-18,0.744657,0.745638,0.738774,0.739754,1000
2016-11-21,0.739754,0.745438,0.738807,0.744491,1000
2016-11-22,0.744491,0.745274,0.743043,0.743826,1000
2016-11-23,0.743826,0.744305,0.742077,0.742556,1000
2016-11-25,0.742556,0.743050,0.739588,0.740083,1000
2016-11-28,0.740083,0.747439,0.738857,0.746213,1000
2016-11-29,0.746213,0.746591,0.743947,0.744325,1000
2016-11-30,0.744325,0.745719,0.743484,0.744879,1000
2016-12-01,0.744879,0.751249,0.743817,0.750188,1000
2016-12-02,0.750188,0.752354,0.749827,0.751993,1000
2016-12-05,0.751993,0.753888,0.751627,0.753523,1000
2016-12-06,0.753523,0.754425,0.752166,0.753069,1000
2016-12-07,0.753069,0.754996,0.752732,0.754660,1000
2016-12-08,0.754660,0.756784,0.754306,0.756430,1000
2016-12-09,0.756430,0.760430,0.755763,0.759763,1000
2016-12-12,0.759763,0.761628,0.759344,0.761209,1000
2016-12-13,0.761209,0.762874,0.760588,0.762253,1000
2016-12-14,0.762253,0.763280,0.760994,0.762021,1000
2016-12-15,0.762021,0.765138,0.743319,0.746436,1000
2016-12-16,0.746436,0.750331,0.745787,0.749681,1000
2016-12-19,0.749681,0.750308,0.745920,0.746547,1000
2016-12-20,0.746547,0.748199,0.745956,0.747608,1000
2016-12-21,0.747608,0.748030,0.745791,0.746213,1000
2016-12-22,0.746213,0.746977,0.741626,0.742390,1000
2016-12-23,0.742390,0.743082,0.738243,0.738934,1000
2016-12-27,0.738934,0.739496,0.737282,0.737844,1000
2016-12-28,0.737844,0.738896,0.736683,0.737735,1000
2016-12-29,0.737735,0.742133,0.737002,0.741400,1000
2016-12-30,0.741400,0.745508,0.740715,0.744823,1000
2017-01-03,0.744823,0.745635,0.743402,0.744214,1000
2017-01-04,0.744214,0.753888,0.742601,0.752276,1000
2017-01-05,0.752276,0.757535,0.751399,0.756659,1000
2017-01-06,0.756659,0.757794,0.755524,0.756659,1000
2017-01-09,0.756659,0.757679,0.755409,0.756430,1000
2017-01-10,0.756430,0.757909,0.755638,0.757117,1000
2017-01-11,0.757117,0.757937,0.755667,0.756487,1000
2017-01-12,0.756487,0.762640,0.755461,0.761615,1000
2017-01-13,0.761615,0.762641,0.760357,0.761383,1000
2017-01-17,0.761383,0.766560,0.760520,0.765697,1000
2017-01-18,0.765697,0.767033,0.757677,0.759013,1000
2017-01-19,0.759013,0.760745,0.748625,0.750356,1000
2017-01-23,0.750356,0.753339,0.749859,0.752842,1000
2017-01-24,0.752842,0.761840,0.751342,0.760341,1000
2017-01-25,0.760341,0.765784,0.759433,0.764877,1000
2017-01-26,0.764877,0.765227,0.762776,0.763126,1000
2017-01-27,0.763126,0.764154,0.761865,0.762893,1000
2017-01-30,0.762893,0.764505,0.762213,0.763825,1000
2017-01-31,0.763825,0.768187,0.763098,0.767460,1000
2017-02-01,0.767460,0.768140,0.763378,0.764059,1000
2017-02-02,0.764059,0.768989,0.763237,0.768167,1000
2017-02-03,0.768167,0.769764,0.767457,0.769053,1000
2017-02-06,0.769053,0.770378,0.761102,0.762428,1000
2017-02-07,0.762428,0.763007,0.758953,0.759532,1000
2017-02-08,0.759532,0.760961,0.758681,0.760109,1000
2017-02-09,0.760109,0.761743,0.759460,0.761093,1000
2017-02-10,0.761093,0.765704,0.760324,0.764935,1000
2017-02-13,0.764935,0.766112,0.763817,0.764994,1000
2017-02-14,0.764994,0.765555,0.763264,0.763825,1000
2017-02-15,0.763825,0.765264,0.762971,0.764409,1000
2017-02-16,0.764409,0.766319,0.764021,0.765931,1000
2017-02-17,0.765931,0.766609,0.761866,0.762544,1000
2017-02-21,0.762544,0.762950,0.760108,0.760514,1000
2017-02-22,0.760514,0.760964,0.757815,0.758265,1000
2017-02-23,0.758265,0.763749,0.757351,0.762835,1000
2017-02-24,0.762835,0.764067,0.761777,0.763009,1000
2017-02-27,0.763009,0.764329,0.762039,0.763359,1000
2017-02-28,0.763359,0.765053,0.753194,0.754888,1000
2017-03-01,0.754888,0.755997,0.748236,0.749344,1000
2017-03-02,0.749344,0.749781,0.746724,0.747161,1000
2017-03-03,0.747161,0.747551,0.744822,0.745212,1000
2017-03-06,0.745212,0.746581,0.744344,0.745712,1000
2017-03-07,0.745712,0.746747,0.744510,0.745545,1000
2017-03-08,0.745545,0.746275,0.741165,0.741895,1000
2017-03-09,0.741895,0.742319,0.740097,0.740521,1000
2017-03-10,0.740521,0.742897,0.740125,0.742501,1000
2017-03-13,0.742501,0.744030,0.741800,0.743329,1000
2017-03-14,0.743329,0.744194,0.741966,0.742832,1000
2017-03-15,0.742832,0.744251,0.742020,0.743439,1000
2017-03-16,0.743439,0.752484,0.741932,0.750976,1000
2017-03-17,0.750976,0.751538,0.747605,0.748167,1000
2017-03-20,0.748167,0.749542,0.747296,0.748671,1000
2017-03-21,0.748671,0.751099,0.748266,0.750694,1000
2017-03-22,0.750694,0.751087,0.748839,0.749232,1000
2017-03-23,0.749232,0.750779,0.748528,0.750075,1000
2017-03-24,0.750075,0.750535,0.747315,0.747775,1000
2017-03-27,0.747775,0.749065,0.746821,0.748111,1000
2017-03-28,0.748111,0.749345,0.747100,0.748335,1000
2017-03-29,0.748335,0.749205,0.746961,0.747831,1000
2017-03-30,0.747831,0.754184,0.746772,0.753125,1000
2017-03-31,0.753125,0.753612,0.750208,0.750694,1000
2017-04-03,0.750694,0.751446,0.746186,0.746938,1000
2017-04-04,0.746938,0.747360,0.745123,0.745545,1000
2017-04-05,0.745545,0.746747,0.744510,0.745712,1000
2017-04-06,0.745712,0.746859,0.744621,0.745768,1000
2017-04-07,0.745768,0.747249,0.745010,0.746491,1000
2017-04-10,0.746491,0.749780,0.745943,0.749232,1000
2017-04-11,0.749232,0.750750,0.748500,0.750019,1000
2017-04-12,0.750019,0.752116,0.749669,0.751767,1000
2017-04-13,0.751767,0.754215,0.751359,0.753807,1000
2017-04-14,0.753807,0.754373,0.750410,0.750976,1000
2017-04-17,0.750976,0.753623,0.750535,0.753182,1000
2017-04-18,0.753182,0.754353,0.746158,0.747328,1000
2017-04-19,0.747328,0.748283,0.741601,0.742556,1000
2017-04-20,0.742556,0.743338,0.741112,0.741895,1000
2017-04-21,0.741895,0.742374,0.740152,0.740631,1000
2017-04-24,0.740631,0.741330,0.739110,0.739809,1000
2017-04-25,0.739809,0.740863,0.733484,0.734538,1000
2017-04-26,0.734538,0.736263,0.734056,0.735781,1000
2017-04-27,0.735781,0.736567,0.731064,0.731850,1000
2017-04-28,0.731850,0.732814,0.730619,0.731582,1000
2017-05-01,0.731582,0.733110,0.730912,0.732440,1000
2017-05-02,0.732440,0.733388,0.726747,0.727696,1000
2017-05-03,0.727696,0.730054,0.727303,0.729661,1000
2017-05-04,0.729661,0.730085,0.727113,0.727537,1000
2017-05-05,0.727537,0.730469,0.727049,0.729980,1000
2017-05-08,0.729980,0.730728,0.728540,0.729288,1000
2017-05-09,0.729288,0.730302,0.728115,0.729129,1000
2017-05-10,0.729129,0.733166,0.728456,0.732493,1000
2017-05-11,0.732493,0.732932,0.729862,0.730300,1000
2017-05-12,0.730300,0.730755,0.728568,0.729022,1000
2017-05-15,0.729022,0.733445,0.728285,0.732708,1000
2017-05-16,0.732708,0.736461,0.732083,0.735835,1000
2017-05-17,0.735835,0.736830,0.734623,0.735619,1000
2017-05-18,0.735619,0.736451,0.734246,0.735078,1000
2017-05-19,0.735078,0.739444,0.734350,0.738716,1000
2017-05-22,0.738716,0.740948,0.738344,0.740576,1000
2017-05-23,0.740576,0.741990,0.739766,0.741180,1000
2017-05-24,0.741180,0.743692,0.740761,0.743273,1000
2017-05-25,0.743273,0.744305,0.742076,0.743108,1000
2017-05-26,0.743108,0.744305,0.742076,0.743273,1000
2017-05-30,0.743273,0.744167,0.741938,0.742832,1000
2017-05-31,0.742832,0.743228,0.740454,0.740850,1000
2017-06-01,0.740850,0.742348,0.740123,0.741620,1000
2017-06-02,0.741620,0.742291,0.740069,0.740741,1000
2017-06-05,0.740741,0.742293,0.740068,0.741620,1000
2017-06-06,0.741620,0.743803,0.741256,0.743439,1000
2017-06-07,0.743439,0.744132,0.739280,0.739973,1000
2017-06-08,0.739973,0.741633,0.739410,0.741070,1000
2017-06-09,0.741070,0.745042,0.740408,0.744380,1000
2017-06-12,0.744380,0.745136,0.742905,0.743660,1000
2017-06-13,0.743660,0.758572,0.741175,0.756086,1000
2017-06-14,0.756086,0.757939,0.755666,0.757518,1000
2017-06-15,0.757518,0.758488,0.751703,0.752672,1000
2017-06-16,0.752672,0.756152,0.752092,0.755572,1000
2017-06-19,0.755572,0.757839,0.755195,0.757461,1000
2017-06-20,0.757461,0.758215,0.752940,0.753693,1000
2017-06-21,0.753693,0.754315,0.749959,0.750582,1000
2017-06-22,0.750582,0.756502,0.749595,0.755515,1000
2017-06-23,0.755515,0.755877,0.753615,0.753977,1000
2017-06-26,0.753977,0.756371,0.753578,0.755972,1000
2017-06-27,0.755972,0.759552,0.755375,0.758956,1000
2017-06-28,0.758956,0.768243,0.757408,0.766695,1000
2017-06-29,0.766695,0.769028,0.766306,0.768640,1000
2017-06-30,0.768640,0.770629,0.768308,0.770297,1000
2017-07-03,0.770297,0.770918,0.768610,0.769231,1000
2017-07-05,0.769231,0.770444,0.768136,0.769349,1000
2017-07-06,0.769349,0.773989,0.768576,0.773216,1000
2017-07-07,0.773216,0.777758,0.772459,0.777001,1000
2017-07-10,0.777001,0.777773,0.775444,0.776217,1000
2017-07-11,0.776217,0.776673,0.773477,0.773934,1000
2017-07-12,0.773934,0.785063,0.772079,0.783208,1000
2017-07-13,0.783208,0.785348,0.782851,0.784991,1000
2017-07-14,0.784991,0.791244,0.783949,0.790202,1000
2017-07-17,0.790202,0.790824,0.788457,0.789079,1000
2017-07-18,0.789079,0.790575,0.788206,0.789702,1000
2017-07-19,0.789702,0.795500,0.788736,0.794534,1000
2017-07-20,0.794534,0.795852,0.793468,0.794786,1000
2017-07-21,0.794786,0.797599,0.794317,0.797130,1000
2017-07-24,0.797130,0.799156,0.796760,0.798786,1000
2017-07-25,0.798786,0.800208,0.797810,0.799233,1000
2017-07-26,0.799233,0.800624,0.798225,0.799616,1000
2017-07-27,0.799616,0.800079,0.797685,0.798148,1000
2017-07-28,0.798148,0.805311,0.796955,0.804117,1000
2017-07-31,0.804117,0.804812,0.799945,0.800641,1000
2017-08-01,0.800641,0.801279,0.796810,0.797448,1000
2017-08-02,0.797448,0.798517,0.796125,0.797194,1000
2017-08-03,0.797194,0.797785,0.795397,0.795988,1000
2017-08-04,0.795988,0.796945,0.790245,0.791202,1000
2017-08-07,0.791202,0.791763,0.787833,0.788395,1000
2017-08-08,0.788395,0.790390,0.788020,0.790014,1000
2017-08-09,0.790014,0.790673,0.786061,0.786720,1000
2017-08-10,0.786720,0.788087,0.785725,0.787092,1000
2017-08-11,0.787092,0.788770,0.786406,0.788084,1000
2017-08-14,0.788084,0.788986,0.786624,0.787526,1000
2017-08-15,0.787526,0.788106,0.784041,0.784621,1000
2017-08-16,0.784621,0.787363,0.784165,0.786906,1000
2017-08-17,0.786906,0.791235,0.786184,0.790514,1000
2017-08-18,0.790514,0.795413,0.789697,0.794597,1000
2017-08-21,0.794597,0.795725,0.793342,0.794470,1000
2017-08-22,0.794470,0.796596,0.794116,0.796242,1000
2017-08-23,0.796242,0.797468,0.795079,0.796305,1000
2017-08-24,0.796305,0.798593,0.795924,0.798212,1000
2017-08-25,0.798212,0.800819,0.797778,0.800384,1000
2017-08-28,0.800384,0.801649,0.799247,0.800512,1000
2017-08-29,0.800512,0.800911,0.798515,0.798913,1000
2017-08-30,0.798913,0.800067,0.791994,0.793147,1000
2017-08-31,0.793147,0.800220,0.791968,0.799041,1000
2017-09-01,0.799041,0.810124,0.797194,0.808277,1000
2017-09-05,0.808277,0.810047,0.807619,0.809389,1000
2017-09-06,0.809389,0.820923,0.807467,0.819001,1000
2017-09-07,0.819001,0.825320,0.817948,0.824266,1000
2017-09-08,0.824266,0.825537,0.823064,0.824334,1000
2017-09-11,0.824334,0.825401,0.822929,0.823995,1000
2017-09-12,0.823995,0.824619,0.822150,0.822774,1000
2017-09-13,0.822774,0.823287,0.819697,0.820210,1000
2017-09-14,0.820210,0.820935,0.818477,0.819202,1000
2017-09-15,0.819202,0.821240,0.818778,0.820816,1000
2017-09-18,0.820816,0.821460,0.816950,0.817595,1000
2017-09-19,0.817595,0.818008,0.815114,0.815528,1000
2017-09-20,0.815528,0.816584,0.814139,0.815195,1000
2017-09-21,0.815195,0.816002,0.810355,0.811162,1000
2017-09-22,0.811162,0.813139,0.810701,0.812678,1000
2017-09-25,0.812678,0.813231,0.809360,0.809913,1000
2017-09-26,0.809913,0.810332,0.807401,0.807820,1000
2017-09-27,0.807820,0.808280,0.805861,0.806322,1000
2017-09-28,0.806322,0.807240,0.800814,0.801732,1000
2017-09-29,0.801732,0.802193,0.798963,0.799424,1000
2017-10-02,0.799424,0.800688,0.798289,0.799552,1000
2017-10-03,0.799552,0.801040,0.798640,0.800128,1000
2017-10-04,0.800128,0.801939,0.799535,0.801346,1000
2017-10-05,0.801346,0.802228,0.796058,0.796940,1000
2017-10-06,0.796940,0.798294,0.795903,0.797257,1000
2017-10-10,0.797257,0.800933,0.796645,0.800320,1000
2017-10-11,0.800320,0.801007,0.798609,0.799297,1000
2017-10-12,0.799297,0.802450,0.798771,0.801925,1000
2017-10-13,0.801925,0.802355,0.799954,0.800384,1000
2017-10-16,0.800384,0.800857,0.797548,0.798021,1000
2017-10-17,0.798021,0.798478,0.795278,0.795735,1000
2017-10-18,0.795735,0.802931,0.794535,0.801732,1000
2017-10-19,0.801732,0.802484,0.800081,0.800833,1000
2017-10-20,0.800833,0.802496,0.790856,0.792519,1000
2017-10-23,0.792519,0.792890,0.790517,0.790889,1000
2017-10-24,0.790889,0.791574,0.789204,0.789889,1000
2017-10-25,0.789889,0.791605,0.779595,0.781311,1000
2017-10-26,0.781311,0.781811,0.779471,0.779970,1000
2017-10-27,0.779970,0.780576,0.776334,0.776940,1000
2017-10-30,0.776940,0.779555,0.776505,0.779120,1000
2017-10-31,0.779120,0.779833,0.774842,0.775555,1000
2017-11-01,0.775555,0.776839,0.774511,0.775795,1000
2017-11-02,0.775795,0.781755,0.774802,0.780762,1000
2017-11-03,0.780762,0.783624,0.780285,0.783147,1000
2017-11-06,0.783147,0.785286,0.782790,0.784929,1000
2017-11-07,0.784929,0.785555,0.781174,0.781800,1000
2017-11-08,0.781800,0.786517,0.781013,0.785731,1000
2017-11-09,0.785731,0.788257,0.785310,0.787836,1000
2017-11-13,0.787836,0.788355,0.784718,0.785238,1000
2017-11-14,0.785238,0.786539,0.784183,0.785484,1000
2017-11-15,0.785484,0.786123,0.781650,0.782289,1000
2017-11-16,0.782289,0.785753,0.781712,0.785176,1000
2017-11-17,0.785176,0.785778,0.781565,0.782167,1000
2017-11-20,0.782167,0.783033,0.780689,0.781555,1000
2017-11-21,0.781555,0.783556,0.781207,0.783208,1000
2017-11-22,0.783208,0.786162,0.782716,0.785669,1000
2017-11-24,0.785669,0.787561,0.785200,0.787092,1000
2017-11-27,0.787092,0.787586,0.784127,0.784621,1000
2017-11-28,0.784621,0.785345,0.780283,0.781006,1000
2017-11-29,0.781006,0.781565,0.777651,0.778210,1000
2017-11-30,0.778210,0.778621,0.775746,0.776156,1000
2017-12-01,0.776156,0.789279,0.773969,0.787092,1000
2017-12-04,0.787092,0.788552,0.786189,0.787650,1000
2017-12-05,0.787650,0.789018,0.786654,0.788022,1000
2017-12-06,0.788022,0.789230,0.780775,0.781983,1000
2017-12-07,0.781983,0.782519,0.778765,0.779302,1000
2017-12-08,0.779302,0.779726,0.776758,0.777182,1000
2017-12-11,0.777182,0.779015,0.776680,0.778513,1000
2017-12-12,0.778513,0.778984,0.775685,0.776156,1000
2017-12-13,0.776156,0.777684,0.775353,0.776880,1000
2017-12-14,0.776880,0.778743,0.776408,0.778271,1000
2017-12-15,0.778271,0.779529,0.777194,0.778452,1000
2017-12-18,0.778452,0.779316,0.776983,0.777847,1000
2017-12-19,0.777847,0.778378,0.774663,0.775194,1000
2017-12-20,0.775194,0.779104,0.774542,0.778452,1000
2017-12-21,0.778452,0.787928,0.776873,0.786349,1000
2017-12-22,0.786349,0.786731,0.784054,0.784437,1000
2017-12-26,0.784437,0.789112,0.783658,0.788333,1000
2017-12-27,0.788333,0.791325,0.787834,0.790826,1000
2017-12-28,0.790826,0.795275,0.790085,0.794534,1000
2017-12-29,0.794534,0.799789,0.793658,0.798913,1000
2018-01-02,0.798913,0.800432,0.798034,0.799552,1000
2018-01-03,0.799552,0.799897,0.797485,0.797830,1000
2018-01-04,0.797830,0.799410,0.797014,0.798594,1000
2018-01-05,0.798594,0.808335,0.796971,0.806712,1000
2018-01-08,0.806712,0.807075,0.804530,0.804894,1000
2018-01-09,0.804894,0.805320,0.802335,0.802761,1000
2018-01-10,0.802761,0.803122,0.800601,0.800961,1000
2018-01-11,0.800961,0.801485,0.797815,0.798339,1000
2018-01-12,0.798339,0.799825,0.797428,0.798913,1000
2018-01-16,0.798913,0.806245,0.797692,0.805023,1000
2018-01-17,0.805023,0.805550,0.803139,0.803665,1000
2018-01-18,0.803665,0.804903,0.802491,0.803729,1000
2018-01-19,0.803729,0.804482,0.802073,0.802826,1000
2018-01-22,0.802826,0.803901,0.801493,0.802568,1000
2018-01-23,0.802568,0.803934,0.801525,0.802890,1000
2018-01-24,0.802890,0.810531,0.801617,0.809258,1000
2018-01-25,0.809258,0.812570,0.808706,0.812018,1000
2018-01-26,0.812018,0.813071,0.810636,0.811688,1000
2018-01-29,0.811688,0.812279,0.809848,0.810438,1000
2018-01-30,0.810438,0.811621,0.809190,0.810373,1000
2018-01-31,0.810373,0.814091,0.809753,0.813471,1000
2018-02-01,0.813471,0.815123,0.812680,0.814332,1000
2018-02-02,0.814332,0.815817,0.805422,0.806907,1000
2018-02-05,0.806907,0.808071,0.799926,0.801089,1000
2018-02-06,0.801089,0.801780,0.796949,0.797639,1000
2018-02-07,0.797639,0.798580,0.796189,0.797130,1000
2018-02-08,0.797130,0.797864,0.792728,0.793462,1000
2018-02-09,0.793462,0.794778,0.792397,0.793714,1000
2018-02-12,0.793714,0.794494,0.792115,0.792896,1000
2018-02-13,0.792896,0.794464,0.792083,0.793651,1000
2018-02-14,0.793651,0.796380,0.793196,0.795925,1000
2018-02-15,0.795925,0.799511,0.795327,0.798913,1000
2018-02-16,0.798913,0.799632,0.797238,0.797957,1000
2018-02-20,0.797957,0.799120,0.790979,0.792142,1000
2018-02-21,0.792142,0.792817,0.788093,0.788768,1000
2018-02-22,0.788768,0.789110,0.786749,0.787092,1000
2018-02-23,0.787092,0.790524,0.786520,0.789952,1000
2018-02-26,0.789952,0.790350,0.787562,0.787960,1000
2018-02-27,0.787960,0.788665,0.783732,0.784437,1000
2018-02-28,0.784437,0.785147,0.780173,0.780884,1000
2018-03-01,0.780884,0.781298,0.778403,0.778816,1000
2018-03-02,0.778816,0.779324,0.775769,0.776277,1000
2018-03-05,0.776277,0.777473,0.769101,0.770297,1000
2018-03-06,0.770297,0.776750,0.769222,0.775675,1000
2018-03-07,0.775675,0.776881,0.768439,0.769645,1000
2018-03-08,0.769645,0.773715,0.768967,0.773036,1000
2018-03-09,0.773036,0.781284,0.771662,0.779910,1000
2018-03-12,0.779910,0.780683,0.778346,0.779120,1000
2018-03-13,0.779120,0.780205,0.772609,0.773694,1000
2018-03-14,0.773694,0.774226,0.771908,0.772439,1000
2018-03-15,0.772439,0.773706,0.764841,0.766107,1000
2018-03-16,0.766107,0.766611,0.763089,0.763592,1000
2018-03-19,0.763592,0.764942,0.762650,0.764000,1000
2018-03-20,0.764000,0.765322,0.763029,0.764351,1000
2018-03-21,0.764351,0.773270,0.762864,0.771784,1000
2018-03-22,0.771784,0.773749,0.771429,0.773395,1000
2018-03-23,0.773395,0.777722,0.772674,0.777001,1000
2018-03-26,0.777001,0.778287,0.775956,0.777242,1000
2018-03-27,0.777242,0.779167,0.776831,0.778756,1000
2018-03-28,0.778756,0.779299,0.775492,0.776036,1000
2018-03-29,0.776036,0.776748,0.774422,0.775134,1000
2018-03-30,0.775134,0.776598,0.774271,0.775735,1000
2018-04-02,0.775735,0.776085,0.773763,0.774114,1000
2018-04-03,0.774114,0.782677,0.772686,0.781250,1000
2018-04-04,0.781250,0.782391,0.780048,0.781189,1000
2018-04-05,0.781189,0.783097,0.780749,0.782656,1000
2018-04-06,0.782656,0.784261,0.781910,0.783515,1000
2018-04-09,0.783515,0.788179,0.782738,0.787402,1000
2018-04-10,0.787402,0.794221,0.786265,0.793084,1000
2018-04-11,0.793084,0.795202,0.792731,0.794849,1000
2018-04-12,0.794849,0.795978,0.793594,0.794723,1000
2018-04-13,0.794723,0.795251,0.792871,0.793399,1000
2018-04-16,0.793399,0.795348,0.792963,0.794913,1000
2018-04-17,0.794913,0.797345,0.794507,0.796940,1000
2018-04-18,0.796940,0.798050,0.790280,0.791390,1000
2018-04-19,0.791390,0.792514,0.790140,0.791264,1000
2018-04-20,0.791264,0.792531,0.783662,0.784929,1000
2018-04-23,0.784929,0.786213,0.777230,0.778513,1000
2018-04-24,0.778513,0.780351,0.778011,0.779849,1000
2018-04-25,0.779849,0.780430,0.776359,0.776940,1000
2018-04-26,0.776940,0.778227,0.775895,0.777182,1000
2018-04-27,0.777182,0.778499,0.776167,0.777484,1000
2018-04-30,0.777484,0.780687,0.776950,0.780153,1000
2018-05-01,0.780153,0.780820,0.776153,0.776820,1000
2018-05-02,0.776820,0.778743,0.776408,0.778331,1000
2018-05-03,0.778331,0.778694,0.776155,0.776518,1000
2018-05-04,0.776518,0.778694,0.776155,0.778331,1000
2018-05-07,0.778331,0.779438,0.777103,0.778210,1000
2018-05-08,0.778210,0.779614,0.769784,0.771188,1000
2018-05-09,0.771188,0.779469,0.769808,0.778089,1000
2018-05-10,0.778089,0.782835,0.777298,0.782044,1000
2018-05-11,0.782044,0.783401,0.781054,0.782411,1000
2018-05-14,0.782411,0.784200,0.781849,0.783638,1000
2018-05-15,0.783638,0.784941,0.775818,0.777122,1000
2018-05-16,0.777122,0.780029,0.776637,0.779545,1000
2018-05-17,0.779545,0.781111,0.778770,0.780336,1000
2018-05-18,0.780336,0.781268,0.774743,0.775675,1000
2018-05-21,0.775675,0.779809,0.774986,0.779120,1000
2018-05-22,0.779120,0.783511,0.778388,0.782779,1000
2018-05-23,0.782779,0.784079,0.774977,0.776277,1000
2018-05-24,0.776277,0.776687,0.774363,0.774773,1000
2018-05-25,0.774773,0.775550,0.770115,0.770891,1000
2018-05-29,0.770891,0.771542,0.766986,0.767636,1000
2018-05-30,0.767636,0.780907,0.765425,0.778695,1000
2018-05-31,0.778695,0.780232,0.769473,0.771010,1000
2018-06-01,0.771010,0.772824,0.770507,0.772320,1000
2018-06-04,0.772320,0.774258,0.771936,0.773874,1000
2018-06-05,0.773874,0.774897,0.767734,0.768758,1000
2018-06-06,0.768758,0.775977,0.767555,0.774773,1000
2018-06-07,0.774773,0.775740,0.768975,0.769941,1000
2018-06-08,0.769941,0.772223,0.769561,0.771843,1000
2018-06-11,0.771843,0.772285,0.769974,0.770416,1000
2018-06-12,0.770416,0.771363,0.769053,0.770001,1000
2018-06-13,0.770001,0.771871,0.769556,0.771426,1000
2018-06-14,0.771426,0.772689,0.763848,0.765111,1000
2018-06-15,0.765111,0.766238,0.758347,0.759474,1000
2018-06-18,0.759474,0.760186,0.755203,0.755915,1000
2018-06-19,0.755915,0.756303,0.753590,0.753977,1000
2018-06-20,0.753977,0.754312,0.752054,0.752389,1000
2018-06-21,0.752389,0.752724,0.750472,0.750807,1000
2018-06-22,0.750807,0.751962,0.749709,0.750863,1000
2018-06-25,0.750863,0.752131,0.749878,0.751145,1000
2018-06-26,0.751145,0.752839,0.750582,0.752276,1000
2018-06-27,0.752276,0.753205,0.750950,0.751880,1000
2018-06-28,0.751880,0.755079,0.751346,0.754546,1000
2018-06-29,0.754546,0.762333,0.753248,0.761035,1000
2018-07-02,0.761035,0.761876,0.755989,0.756830,1000
2018-07-03,0.756830,0.761181,0.756105,0.760456,1000
2018-07-05,0.760456,0.762473,0.760120,0.762137,1000
2018-07-06,0.762137,0.764303,0.761776,0.763942,1000
2018-07-09,0.763942,0.764474,0.762186,0.762718,1000
2018-07-10,0.762718,0.763600,0.761313,0.762195,1000
2018-07-11,0.762195,0.763135,0.760849,0.761789,1000
2018-07-12,0.761789,0.762148,0.759635,0.759994,1000
2018-07-13,0.759994,0.760844,0.758566,0.759417,1000
2018-07-16,0.759417,0.761985,0.758989,0.761557,1000
2018-07-17,0.761557,0.762330,0.756917,0.757691,1000
2018-07-18,0.757691,0.758683,0.756411,0.757404,1000
2018-07-19,0.757404,0.758180,0.752747,0.753523,1000
2018-07-20,0.753523,0.761496,0.752194,0.760167,1000
2018-07-23,0.760167,0.761452,0.759171,0.760456,1000
2018-07-24,0.760456,0.761162,0.758884,0.759590,1000
2018-07-25,0.759590,0.763833,0.758883,0.763126,1000
2018-07-26,0.763126,0.764973,0.762679,0.764526,1000
2018-07-27,0.764526,0.766348,0.764051,0.765873,1000
2018-07-30,0.765873,0.768980,0.765355,0.768462,1000
2018-07-31,0.768462,0.769497,0.767192,0.768226,1000
2018-08-01,0.768226,0.769704,0.767398,0.768876,1000
2018-08-02,0.768876,0.770089,0.767782,0.768994,1000
2018-08-03,0.768994,0.771057,0.768650,0.770713,1000
2018-08-06,0.770713,0.771215,0.768907,0.769408,1000
2018-08-07,0.769408,0.769970,0.767665,0.768226,1000
2018-08-08,0.768226,0.768744,0.765121,0.765638,1000
2018-08-09,0.765638,0.767228,0.764929,0.766518,1000
2018-08-10,0.766518,0.767453,0.760912,0.761847,1000
2018-08-13,0.761847,0.762641,0.760357,0.761151,1000
2018-08-14,0.761151,0.763311,0.760791,0.762951,1000
2018-08-15,0.762951,0.763508,0.759610,0.760167,1000
2018-08-16,0.760167,0.761627,0.759344,0.760803,1000
2018-08-17,0.760803,0.765271,0.760059,0.764526,1000
2018-08-20,0.764526,0.765526,0.763234,0.764234,1000
2018-08-21,0.764234,0.766834,0.763800,0.766401,1000
2018-08-22,0.766401,0.768804,0.766001,0.768403,1000
2018-08-23,0.768403,0.768909,0.765367,0.765873,1000
2018-08-24,0.765873,0.768343,0.765461,0.767931,1000
2018-08-27,0.767931,0.771911,0.767268,0.771248,1000
2018-08-28,0.771248,0.774184,0.770759,0.773694,1000
2018-08-29,0.773694,0.774375,0.772057,0.772738,1000
2018-08-30,0.772738,0.773333,0.769169,0.769764,1000
2018-08-31,0.769764,0.770718,0.764040,0.764994,1000
2018-09-04,0.764994,0.766271,0.757333,0.758610,1000
2018-09-05,0.758610,0.759489,0.757214,0.758093,1000
2018-09-06,0.758093,0.758625,0.756355,0.756888,1000
2018-09-07,0.756888,0.759784,0.756405,0.759301,1000
2018-09-10,0.759301,0.760759,0.758479,0.759936,1000
2018-09-11,0.759936,0.761889,0.759604,0.761557,1000
2018-09-12,0.761557,0.770411,0.760081,0.768935,1000
2018-09-13,0.768935,0.770088,0.767782,0.768935,1000
2018-09-14,0.768935,0.769378,0.767076,0.767519,1000
2018-09-17,0.767519,0.769025,0.766720,0.768226,1000
2018-09-18,0.768226,0.771068,0.767753,0.770594,1000
2018-09-19,0.770594,0.773310,0.770142,0.772857,1000
2018-09-20,0.772857,0.774647,0.772324,0.774114,1000
2018-09-21,0.774114,0.775455,0.773132,0.774473,1000
2018-09-24,0.774473,0.774974,0.772655,0.773156,1000
2018-09-25,0.773156,0.774016,0.771699,0.772559,1000
2018-09-26,0.772559,0.773150,0.770835,0.771426,1000
2018-09-27,0.771426,0.772290,0.766242,0.767106,1000
2018-09-28,0.767106,0.775228,0.765753,0.773874,1000
2018-10-01,0.773874,0.782798,0.772387,0.781311,1000
2018-10-02,0.781311,0.781994,0.779653,0.780336,1000
2018-10-03,0.780336,0.781170,0.778831,0.779666,1000
2018-10-04,0.779666,0.780597,0.774083,0.775014,1000
2018-10-05,0.775014,0.775552,0.771781,0.772320,1000
2018-10-09,0.772320,0.773150,0.770835,0.771664,1000
2018-10-10,0.771664,0.772047,0.769737,0.770119,1000
2018-10-11,0.770119,0.770734,0.766433,0.767048,1000
2018-10-12,0.767048,0.768612,0.766308,0.767872,1000
2018-10-15,0.767872,0.771923,0.767197,0.771248,1000
2018-10-16,0.771248,0.773466,0.770878,0.773096,1000
2018-10-17,0.773096,0.773692,0.769524,0.770119,1000
2018-10-18,0.770119,0.770992,0.764883,0.765755,1000
2018-10-19,0.765755,0.766246,0.762810,0.763301,1000
2018-10-22,0.763301,0.764358,0.762068,0.763126,1000
2018-10-23,0.763126,0.764358,0.762068,0.763301,1000
2018-10-24,0.763301,0.770843,0.762043,0.769586,1000
2018-10-25,0.769586,0.770434,0.764497,0.765345,1000
2018-10-26,0.765345,0.765742,0.762962,0.763359,1000
2018-10-29,0.763359,0.763696,0.761335,0.761673,1000
2018-10-30,0.761673,0.762699,0.760414,0.761441,1000
2018-10-31,0.761441,0.762699,0.760414,0.761673,1000
2018-11-01,0.761673,0.763427,0.761138,0.762893,1000
2018-11-02,0.762893,0.764037,0.761749,0.762893,1000
2018-11-05,0.762893,0.764329,0.762039,0.763475,1000
2018-11-06,0.763475,0.763871,0.761103,0.761499,1000
2018-11-07,0.761499,0.763340,0.761051,0.762893,1000
2018-11-08,0.762893,0.763833,0.761546,0.762486,1000
2018-11-09,0.762486,0.763811,0.754532,0.755858,1000
2018-11-13,0.755858,0.757192,0.754924,0.756258,1000
2018-11-14,0.756258,0.756991,0.754725,0.755458,1000
2018-11-15,0.755458,0.758482,0.754954,0.757978,1000
2018-11-16,0.757978,0.759663,0.757386,0.759071,1000
2018-11-19,0.759071,0.759834,0.757559,0.758323,1000
2018-11-20,0.758323,0.758987,0.754338,0.755002,1000
2018-11-21,0.755002,0.755332,0.753023,0.753352,1000
2018-11-23,0.753352,0.756633,0.752806,0.756086,1000
2018-11-26,0.756086,0.756906,0.754639,0.755458,1000
2018-11-27,0.755458,0.756321,0.750283,0.751145,1000
2018-11-28,0.751145,0.751848,0.749597,0.750300,1000
2018-11-29,0.750300,0.753691,0.749735,0.753125,1000
2018-11-30,0.753125,0.754141,0.751883,0.752899,1000
2018-12-03,0.752899,0.759200,0.751848,0.758150,1000
2018-12-04,0.758150,0.758942,0.756669,0.757461,1000
2018-12-06,0.757461,0.759889,0.742896,0.745323,1000
2018-12-07,0.745323,0.753055,0.744034,0.751767,1000
2018-12-10,0.751767,0.752699,0.746173,0.747105,1000
2018-12-11,0.747105,0.747583,0.745345,0.745823,1000
2018-12-12,0.745823,0.750655,0.745018,0.749850,1000
2018-12-13,0.749850,0.750609,0.748361,0.749120,1000
2018-12-14,0.749120,0.749545,0.746568,0.746993,1000
2018-12-17,0.746993,0.748030,0.745789,0.746826,1000
2018-12-18,0.746826,0.747669,0.741768,0.742611,1000
2018-12-19,0.742611,0.744734,0.742257,0.744380,1000
2018-12-20,0.744380,0.745272,0.739026,0.739919,1000
2018-12-21,0.739919,0.740518,0.736320,0.736920,1000
2018-12-26,0.736920,0.737862,0.735652,0.736594,1000
2018-12-27,0.736594,0.737393,0.731802,0.732601,1000
2018-12-28,0.732601,0.734266,0.732065,0.733730,1000
2018-12-31,0.733730,0.734426,0.732227,0.732923,1000
2019-01-02,0.732923,0.736353,0.732351,0.735781,1000
2019-01-03,0.735781,0.742787,0.734613,0.741620,1000
2019-01-04,0.741620,0.747265,0.740679,0.746324,1000
2019-01-07,0.746324,0.753194,0.745179,0.752049,1000
2019-01-08,0.752049,0.752894,0.750640,0.751484,1000
2019-01-09,0.751484,0.757968,0.750403,0.756888,1000
2019-01-10,0.756888,0.757449,0.755182,0.755744,1000
2019-01-11,0.755744,0.756191,0.753928,0.754375,1000
2019-01-15,0.754375,0.755051,0.752790,0.753466,1000
2019-01-16,0.753466,0.755446,0.753136,0.755116,1000
2019-01-17,0.755116,0.755718,0.751504,0.752106,1000
2019-01-18,0.752106,0.754420,0.751720,0.754034,1000
2019-01-22,0.754034,0.754837,0.749216,0.750019,1000
2019-01-23,0.750019,0.750344,0.748065,0.748391,1000
2019-01-24,0.748391,0.750076,0.747828,0.749513,1000
2019-01-25,0.749513,0.755143,0.748574,0.754205,1000
2019-01-28,0.754205,0.755051,0.752790,0.753636,1000
2019-01-29,0.753636,0.754909,0.752647,0.753920,1000
2019-01-30,0.753920,0.759065,0.753063,0.758208,1000
2019-01-31,0.758208,0.761600,0.757642,0.761035,1000
2019-02-01,0.761035,0.764173,0.760512,0.763650,1000
2019-02-04,0.763650,0.764023,0.761416,0.761789,1000
2019-02-05,0.761789,0.762786,0.760501,0.761499,1000
2019-02-06,0.761499,0.762191,0.757342,0.758035,1000
2019-02-07,0.758035,0.759221,0.750920,0.752106,1000
2019-02-08,0.752106,0.753774,0.751514,0.753182,1000
2019-02-11,0.753182,0.753772,0.751516,0.752106,1000
2019-02-12,0.752106,0.755649,0.751515,0.755059,1000
2019-02-13,0.755059,0.756822,0.754553,0.756315,1000
2019-02-14,0.756315,0.757281,0.750518,0.751484,1000
2019-02-15,0.751484,0.753862,0.751088,0.753466,1000
2019-02-19,0.753466,0.755281,0.753016,0.754831,1000
2019-02-21,0.754831,0.758676,0.754190,0.758035,1000
2019-02-22,0.758035,0.759288,0.757013,0.758265,1000
2019-02-25,0.758265,0.759547,0.757271,0.758553,1000
2019-02-26,0.758553,0.759922,0.757644,0.759013,1000
2019-02-27,0.759013,0.761092,0.758667,0.760746,1000
2019-02-28,0.760746,0.761278,0.759000,0.759532,1000
2019-03-01,0.759532,0.760802,0.751912,0.753182,1000
2019-03-04,0.753182,0.753770,0.749656,0.750244,1000
2019-03-05,0.750244,0.750721,0.748474,0.748951,1000
2019-03-06,0.748951,0.749988,0.742735,0.743771,1000
2019-03-07,0.743771,0.745581,0.743346,0.745156,1000
2019-03-08,0.745156,0.746107,0.743873,0.744823,1000
2019-03-11,0.744823,0.746163,0.743928,0.745268,1000
2019-03-12,0.745268,0.747807,0.744844,0.747384,1000
2019-03-13,0.747384,0.751559,0.746688,0.750863,1000
2019-03-14,0.750863,0.752046,0.749793,0.750976,1000
2019-03-15,0.750976,0.751510,0.749260,0.749794,1000
2019-03-18,0.749794,0.750778,0.748529,0.749513,1000
2019-03-19,0.749513,0.752760,0.748972,0.752219,1000
2019-03-20,0.752219,0.752592,0.749984,0.750356,1000
2019-03-21,0.750356,0.750828,0.747528,0.747999,1000
2019-03-22,0.747999,0.748412,0.745522,0.745935,1000
2019-03-25,0.745935,0.746719,0.744483,0.745268,1000
2019-03-26,0.745268,0.747205,0.744945,0.746882,1000
2019-03-27,0.746882,0.747382,0.743880,0.744380,1000
2019-03-28,0.744380,0.745775,0.743540,0.744934,1000
2019-03-29,0.744934,0.749217,0.744221,0.748503,1000
2019-04-01,0.748503,0.750076,0.747828,0.749400,1000
2019-04-02,0.749400,0.750159,0.747913,0.748671,1000
2019-04-03,0.748671,0.751505,0.748199,0.751033,1000
2019-04-04,0.751033,0.751505,0.748199,0.748671,1000
2019-04-05,0.748671,0.749007,0.746658,0.746993,1000
2019-04-08,0.746993,0.751773,0.746197,0.750976,1000
2019-04-09,0.750976,0.751990,0.749737,0.750751,1000
2019-04-10,0.750751,0.751820,0.749568,0.750638,1000
2019-04-11,0.750638,0.751278,0.746800,0.747440,1000
2019-04-12,0.747440,0.750602,0.746913,0.750075,1000
2019-04-15,0.750075,0.750524,0.747383,0.747831,1000
2019-04-16,0.747831,0.749571,0.747324,0.749064,1000
2019-04-17,0.749064,0.750328,0.748080,0.749344,1000
2019-04-18,0.749344,0.749710,0.747466,0.747831,1000
2019-04-19,0.747831,0.748561,0.746320,0.747049,1000
2019-04-22,0.747049,0.749332,0.746669,0.748951,1000
2019-04-23,0.748951,0.749710,0.744397,0.745156,1000
2019-04-24,0.745156,0.745655,0.742168,0.742666,1000
2019-04-25,0.742666,0.742985,0.740751,0.741070,1000
2019-04-26,0.741070,0.743383,0.740685,0.742997,1000
2019-04-29,0.742997,0.744417,0.742186,0.743605,1000
2019-04-30,0.743605,0.745304,0.743069,0.744768,1000
2019-05-01,0.744768,0.746164,0.743928,0.745323,1000
2019-05-02,0.745323,0.745888,0.741936,0.742501,1000
2019-05-03,0.742501,0.745355,0.742025,0.744879,1000
2019-05-06,0.744879,0.745413,0.743182,0.743716,1000
2019-05-07,0.743716,0.744111,0.741885,0.742280,1000
2019-05-08,0.742280,0.743781,0.741552,0.743052,1000
2019-05-09,0.743052,0.743405,0.740937,0.741290,1000
2019-05-10,0.741290,0.745397,0.740605,0.744713,1000
2019-05-13,0.744713,0.745144,0.742125,0.742556,1000
2019-05-14,0.742556,0.743697,0.741470,0.742611,1000
2019-05-15,0.742611,0.744867,0.742235,0.744491,1000
2019-05-16,0.744491,0.745580,0.743346,0.744435,1000
2019-05-17,0.744435,0.744921,0.741519,0.742005,1000
2019-05-20,0.742005,0.744988,0.741508,0.744491,1000
2019-05-21,0.744491,0.745802,0.743568,0.744879,1000
2019-05-22,0.744879,0.746219,0.743983,0.745323,1000
2019-05-23,0.745323,0.745921,0.741738,0.742335,1000
2019-05-24,0.742335,0.743919,0.741689,0.743273,1000
2019-05-28,0.743273,0.743863,0.741636,0.742225,1000
2019-05-29,0.742225,0.742883,0.738276,0.738934,1000
2019-05-30,0.738934,0.740729,0.738508,0.740302,1000
2019-05-31,0.740302,0.741001,0.738782,0.739481,1000
2019-06-03,0.739481,0.742906,0.738910,0.742335,1000
2019-06-04,0.742335,0.745921,0.741738,0.745323,1000
2019-06-05,0.745323,0.746664,0.744427,0.745768,1000
2019-06-06,0.745768,0.748110,0.745377,0.747719,1000
2019-06-07,0.747719,0.753595,0.746740,0.752615,1000
2019-06-10,0.752615,0.754541,0.752279,0.754205,1000
2019-06-11,0.754205,0.754568,0.752026,0.752389,1000
2019-06-12,0.752389,0.753319,0.751063,0.751993,1000
2019-06-13,0.751993,0.752354,0.749827,0.750188,1000
2019-06-14,0.750188,0.750771,0.746689,0.747272,1000
2019-06-17,0.747272,0.747946,0.745707,0.746380,1000
2019-06-18,0.746380,0.747556,0.745316,0.746491,1000
2019-06-19,0.746491,0.748771,0.746112,0.748391,1000
2019-06-20,0.748391,0.758862,0.746646,0.757117,1000
2019-06-21,0.757117,0.757994,0.755724,0.756601,1000
2019-06-24,0.756601,0.758340,0.756067,0.757805,1000
2019-06-25,0.757805,0.760016,0.757437,0.759648,1000
2019-06-26,0.759648,0.763472,0.759010,0.762835,1000
2019-06-27,0.762835,0.763804,0.761516,0.762486,1000
2019-06-28,0.762486,0.764330,0.762039,0.763884,1000
2019-07-01,0.763884,0.764268,0.761579,0.761963,1000
2019-07-02,0.761963,0.763310,0.761023,0.762369,1000
2019-07-03,0.762369,0.765659,0.761821,0.765111,1000
2019-07-05,0.765111,0.765555,0.762449,0.762893,1000
2019-07-08,0.762893,0.764622,0.762330,0.764059,1000
2019-07-09,0.764059,0.764466,0.761613,0.762021,1000
2019-07-10,0.762021,0.763864,0.761574,0.763417,1000
2019-07-11,0.763417,0.765382,0.763087,0.765052,1000
2019-07-12,0.765052,0.767094,0.764712,0.766754,1000
2019-07-15,0.766754,0.768081,0.765779,0.767106,1000
2019-07-16,0.767106,0.768051,0.765751,0.766695,1000
2019-07-17,0.766695,0.767904,0.765603,0.766812,1000
2019-07-18,0.766812,0.767386,0.763368,0.763942,1000
2019-07-19,0.763942,0.765351,0.763058,0.764468,1000
2019-07-22,0.764468,0.764864,0.762089,0.762486,1000
2019-07-23,0.762486,0.762960,0.760677,0.761151,1000
2019-07-24,0.761151,0.762409,0.760125,0.761383,1000
2019-07-25,0.761383,0.762205,0.759923,0.760746,1000
2019-07-26,0.760746,0.761230,0.757838,0.758323,1000
2019-07-29,0.758323,0.760814,0.757907,0.760398,1000
2019-07-30,0.760398,0.761018,0.758740,0.759359,1000
2019-07-31,0.759359,0.761251,0.758969,0.760861,1000
2019-08-01,0.760861,0.761541,0.756781,0.757461,1000
2019-08-02,0.757461,0.758166,0.755896,0.756601,1000
2019-08-05,0.756601,0.758340,0.756067,0.757805,1000
2019-08-06,0.757805,0.758446,0.753963,0.754603,1000
2019-08-07,0.754603,0.755486,0.749304,0.750188,1000
2019-08-08,0.750188,0.756238,0.749179,0.755230,1000
2019-08-09,0.755230,0.756792,0.754524,0.756086,1000
2019-08-12,0.756086,0.757049,0.754781,0.755744,1000
2019-08-13,0.755744,0.757193,0.754923,0.756372,1000
2019-08-14,0.756372,0.757497,0.749626,0.750751,1000
2019-08-15,0.750751,0.751820,0.749568,0.750638,1000
2019-08-16,0.750638,0.753487,0.750163,0.753012,1000
2019-08-19,0.753012,0.753404,0.751149,0.751541,1000
2019-08-20,0.751541,0.751961,0.749711,0.750131,1000
2019-08-21,0.750131,0.753929,0.749498,0.753296,1000
2019-08-22,0.753296,0.753857,0.751601,0.752162,1000
2019-08-23,0.752162,0.752611,0.750359,0.750807,1000
2019-08-26,0.750807,0.753317,0.750389,0.752899,1000
2019-08-27,0.752899,0.754256,0.751996,0.753352,1000
2019-08-28,0.753352,0.753772,0.751516,0.751936,1000
2019-08-29,0.751936,0.753064,0.750808,0.751936,1000
2019-08-30,0.751936,0.753320,0.751062,0.752445,1000
2019-09-03,0.752445,0.752920,0.749601,0.750075,1000
2019-09-04,0.750075,0.755782,0.749124,0.754831,1000
2019-09-05,0.754831,0.756249,0.753983,0.755401,1000
2019-09-06,0.755401,0.760082,0.754621,0.759301,1000
2019-09-09,0.759301,0.761382,0.758955,0.761035,1000
2019-09-10,0.761035,0.762148,0.759865,0.760977,1000
2019-09-11,0.760977,0.761646,0.756964,0.757633,1000
2019-09-12,0.757633,0.758482,0.756211,0.757060,1000
2019-09-13,0.757060,0.757733,0.753020,0.753693,1000
2019-09-16,0.753693,0.755623,0.753357,0.755287,1000
2019-09-17,0.755287,0.756163,0.753898,0.754774,1000
2019-09-18,0.754774,0.755160,0.752456,0.752842,1000
2019-09-19,0.752842,0.754683,0.752420,0.754262,1000
2019-09-20,0.754262,0.755108,0.752847,0.753693,1000
2019-09-23,0.753693,0.754738,0.752478,0.753523,1000
2019-09-24,0.753523,0.755166,0.752903,0.754546,1000
2019-09-25,0.754546,0.754937,0.752678,0.753069,1000
2019-09-26,0.753069,0.754426,0.752165,0.753523,1000
2019-09-27,0.753523,0.755252,0.752988,0.754717,1000
2019-09-30,0.754717,0.756049,0.753784,0.755116,1000
2019-10-01,0.755116,0.756477,0.754211,0.755572,1000
2019-10-02,0.755572,0.756458,0.750260,0.751145,1000
2019-10-03,0.751145,0.751989,0.749738,0.750582,1000
2019-10-04,0.750582,0.751453,0.749203,0.750075,1000
2019-10-07,0.750075,0.751963,0.749709,0.751597,1000
2019-10-08,0.751597,0.751961,0.749711,0.750075,1000
2019-10-09,0.750075,0.751341,0.749090,0.750356,1000
2019-10-10,0.750356,0.753952,0.749757,0.753352,1000
2019-10-11,0.753352,0.759731,0.752289,0.758668,1000
2019-10-15,0.758668,0.759287,0.757014,0.757633,1000
2019-10-16,0.757633,0.759000,0.756726,0.758093,1000
2019-10-17,0.758093,0.761902,0.757458,0.761267,1000
2019-10-18,0.761267,0.762467,0.760183,0.761383,1000
2019-10-21,0.761383,0.763754,0.760987,0.763359,1000
2019-10-22,0.763359,0.764913,0.762621,0.764175,1000
2019-10-23,0.764175,0.765234,0.762942,0.764000,1000
2019-10-24,0.764000,0.765469,0.763175,0.764643,1000
2019-10-25,0.764643,0.766201,0.763904,0.765462,1000
2019-10-28,0.765462,0.766640,0.764343,0.765521,1000
2019-10-29,0.765521,0.766229,0.763935,0.764643,1000
2019-10-30,0.764643,0.765815,0.757611,0.758783,1000
2019-10-31,0.758783,0.761208,0.758379,0.760803,1000
2019-11-01,0.760803,0.761916,0.759633,0.760746,1000
2019-11-04,0.760746,0.761887,0.759604,0.760746,1000
2019-11-05,0.760746,0.761104,0.758598,0.758956,1000
2019-11-06,0.758956,0.759777,0.757502,0.758323,1000
2019-11-07,0.758323,0.759749,0.757472,0.758898,1000
2019-11-08,0.758898,0.759369,0.756073,0.756544,1000
2019-11-12,0.756544,0.757421,0.755153,0.756029,1000
2019-11-13,0.756029,0.756820,0.754554,0.755344,1000
2019-11-14,0.755344,0.756134,0.753870,0.754660,1000
2019-11-15,0.754660,0.756450,0.754182,0.755972,1000
2019-11-18,0.755972,0.757623,0.755352,0.757002,1000
2019-11-19,0.757002,0.757478,0.755211,0.755687,1000
2019-11-20,0.755687,0.756640,0.749967,0.750920,1000
2019-11-21,0.750920,0.753635,0.750467,0.753182,1000
2019-11-22,0.753182,0.753857,0.751601,0.752276,1000
2019-11-25,0.752276,0.752866,0.750612,0.751202,1000
2019-11-26,0.751202,0.753094,0.750836,0.752729,1000
2019-11-27,0.752729,0.753886,0.751628,0.752785,1000
2019-11-29,0.752785,0.753716,0.751458,0.752389,1000
2019-12-02,0.752389,0.753319,0.751063,0.751993,1000
2019-12-03,0.751993,0.753121,0.750865,0.751993,1000
2019-12-04,0.751993,0.757867,0.751014,0.756888,1000
2019-12-05,0.756888,0.759300,0.756486,0.758898,1000
2019-12-06,0.758898,0.759791,0.753539,0.754432,1000
2019-12-09,0.754432,0.756336,0.754068,0.755972,1000
2019-12-10,0.755972,0.757020,0.754753,0.755801,1000
2019-12-11,0.755801,0.757793,0.755469,0.757461,1000
2019-12-12,0.757461,0.759087,0.756812,0.758438,1000
2019-12-13,0.758438,0.759258,0.756985,0.757805,1000
2019-12-16,0.757805,0.760432,0.757368,0.759994,1000
2019-12-17,0.759994,0.761221,0.758940,0.760167,1000
2019-12-18,0.760167,0.762810,0.759727,0.762369,1000
2019-12-19,0.762369,0.763367,0.761081,0.762079,1000
2019-12-20,0.762079,0.762634,0.758746,0.759301,1000
2019-12-23,0.759301,0.760527,0.758249,0.759474,1000
2019-12-24,0.759474,0.760816,0.758537,0.759878,1000
2019-12-26,0.759878,0.762380,0.759462,0.761963,1000
2019-12-27,0.761963,0.765530,0.761368,0.764935,1000
2019-12-30,0.764935,0.766523,0.764226,0.765814,1000
2019-12-31,0.765814,0.772620,0.764680,0.771486,1000
2020-01-02,0.771486,0.771913,0.768922,0.769349,1000
2020-01-03,0.769349,0.770889,0.768579,0.770119,1000
2020-01-06,0.770119,0.771900,0.769586,0.771367,1000
2020-01-07,0.771367,0.771983,0.767669,0.768285,1000
2020-01-08,0.768285,0.769142,0.766839,0.767695,1000
2020-01-09,0.767695,0.768446,0.763191,0.763942,1000
2020-01-10,0.763942,0.766681,0.763485,0.766225,1000
2020-01-13,0.766225,0.767433,0.765134,0.766342,1000
2020-01-14,0.766342,0.767286,0.764988,0.765931,1000
2020-01-15,0.765931,0.767552,0.765251,0.766871,1000
2020-01-16,0.766871,0.767962,0.765662,0.766754,1000
2020-01-17,0.766754,0.767129,0.764502,0.764877,1000
2020-01-21,0.764877,0.766200,0.763905,0.765228,1000
2020-01-22,0.765228,0.766009,0.760544,0.761325,1000
2020-01-23,0.761325,0.762205,0.759923,0.760803,1000
2020-01-24,0.760803,0.761887,0.759605,0.760688,1000
2020-01-27,0.760688,0.761034,0.758609,0.758956,1000
2020-01-28,0.758956,0.760152,0.757875,0.759071,1000
2020-01-29,0.759071,0.759431,0.757158,0.757518,1000
2020-01-30,0.757518,0.758223,0.755953,0.756659,1000
2020-01-31,0.756659,0.757679,0.755409,0.756430,1000
2020-02-03,0.756430,0.757283,0.751309,0.752162,1000
2020-02-04,0.752162,0.754136,0.751834,0.753807,1000
2020-02-05,0.753807,0.754141,0.751885,0.752219,1000
2020-02-06,0.752219,0.753404,0.751147,0.752332,1000
2020-02-07,0.752332,0.753120,0.750865,0.751654,1000
2020-02-10,0.751654,0.752244,0.749992,0.750582,1000
2020-02-11,0.750582,0.752387,0.750131,0.751936,1000
2020-02-12,0.751936,0.755752,0.751300,0.755116,1000
2020-02-13,0.755116,0.755906,0.753642,0.754432,1000
2020-02-14,0.754432,0.755678,0.753414,0.754660,1000
2020-02-18,0.754660,0.755649,0.753386,0.754375,1000
2020-02-19,0.754375,0.756193,0.753926,0.755744,1000
2020-02-20,0.755744,0.756105,0.753843,0.754205,1000
2020-02-21,0.754205,0.757081,0.753725,0.756601,1000
2020-02-24,0.756601,0.757342,0.752158,0.752899,1000
2020-02-25,0.752899,0.753943,0.751685,0.752729,1000
2020-02-26,0.752729,0.753135,0.750288,0.750694,1000
2020-02-27,0.750694,0.751088,0.748334,0.748727,1000
2020-02-28,0.748727,0.749341,0.745042,0.745657,1000
2020-03-02,0.745657,0.750824,0.744795,0.749963,1000
2020-03-03,0.749963,0.750580,0.748334,0.748951,1000
2020-03-04,0.748951,0.749766,0.744064,0.744879,1000
2020-03-05,0.744879,0.746609,0.744371,0.746102,1000
2020-03-06,0.746102,0.746747,0.744511,0.745156,1000
2020-03-09,0.745156,0.746335,0.738083,0.739262,1000
2020-03-10,0.739262,0.741924,0.723291,0.725953,1000
2020-03-11,0.725953,0.727757,0.725575,0.727379,1000
2020-03-12,0.727379,0.728648,0.719763,0.721033,1000
2020-03-13,0.721033,0.722290,0.713488,0.714745,1000
2020-03-16,0.714745,0.716253,0.714107,0.715615,1000
2020-03-17,0.715615,0.717773,0.702662,0.704821,1000
2020-03-18,0.704821,0.708129,0.684970,0.688279,1000
2020-03-19,0.688279,0.692048,0.687650,0.691419,1000
2020-03-20,0.691419,0.697196,0.690457,0.696233,1000
2020-03-23,0.696233,0.697919,0.686120,0.687805,1000
2020-03-24,0.687805,0.691168,0.687245,0.690608,1000
2020-03-25,0.690608,0.699107,0.689191,0.697691,1000
2020-03-26,0.697691,0.714858,0.694829,0.711997,1000
2020-03-27,0.711997,0.712304,0.710173,0.710480,1000
2020-03-30,0.710480,0.711422,0.704823,0.705766,1000
2020-03-31,0.705766,0.708525,0.705306,0.708065,1000
2020-04-01,0.708065,0.709051,0.702150,0.703136,1000
2020-04-02,0.703136,0.709833,0.702020,0.708717,1000
2020-04-03,0.708717,0.709227,0.707104,0.707614,1000
2020-04-06,0.707614,0.708851,0.706727,0.707965,1000
2020-04-07,0.707965,0.717329,0.706404,0.715768,1000
2020-04-08,0.715768,0.716218,0.713072,0.713521,1000
2020-04-09,0.713521,0.715665,0.713164,0.715308,1000
2020-04-10,0.715308,0.716714,0.714567,0.715973,1000
2020-04-13,0.715973,0.717408,0.715258,0.716692,1000
2020-04-14,0.716692,0.719785,0.716176,0.719269,1000
2020-04-15,0.719269,0.721329,0.706908,0.708968,1000
2020-04-16,0.708968,0.709329,0.706803,0.707164,1000
2020-04-17,0.707164,0.714121,0.706004,0.712962,1000
2020-04-20,0.712962,0.713377,0.710468,0.710884,1000
2020-04-21,0.710884,0.712205,0.702953,0.704275,1000
2020-04-22,0.704275,0.708282,0.703607,0.707614,1000
2020-04-23,0.707614,0.713909,0.706565,0.712860,1000
2020-04-24,0.712860,0.713568,0.708613,0.709320,1000
2020-04-27,0.709320,0.712715,0.708755,0.712149,1000
2020-04-28,0.712149,0.715203,0.711640,0.714694,1000
2020-04-29,0.714694,0.718140,0.714120,0.717566,1000
2020-04-30,0.717566,0.719289,0.717133,0.718856,1000
2020-05-01,0.718856,0.720803,0.707172,0.709119,1000
2020-05-04,0.709119,0.710536,0.708407,0.709824,1000
2020-05-05,0.709824,0.713650,0.709186,0.713012,1000
2020-05-06,0.713012,0.714202,0.705874,0.707064,1000
2020-05-07,0.707064,0.717448,0.705333,0.715717,1000
2020-05-08,0.715717,0.719545,0.715079,0.718907,1000
2020-05-11,0.718907,0.720076,0.711895,0.713063,1000
2020-05-12,0.713063,0.714516,0.712374,0.713827,1000
2020-05-13,0.713827,0.714637,0.708963,0.709774,1000
2020-05-14,0.709774,0.710914,0.708784,0.709925,1000
2020-05-15,0.709925,0.710889,0.708759,0.709723,1000
2020-05-18,0.709723,0.717285,0.708463,0.716025,1000
2020-05-19,0.716025,0.721411,0.715127,0.720513,1000
2020-05-20,0.720513,0.720844,0.718524,0.718856,1000
2020-05-21,0.718856,0.719216,0.716691,0.717051,1000
2020-05-22,0.717051,0.717819,0.712449,0.713216,1000
2020-05-26,0.713216,0.725601,0.711152,0.723537,1000
2020-05-27,0.723537,0.725741,0.723169,0.725374,1000
2020-05-28,0.725374,0.727070,0.724890,0.726586,1000
2020-05-29,0.726586,0.727070,0.723681,0.724165,1000
2020-06-01,0.724165,0.737325,0.721972,0.735132,1000
2020-06-02,0.735132,0.740876,0.734175,0.739919,1000
2020-06-03,0.739919,0.741744,0.739520,0.741345,1000
2020-06-04,0.741345,0.741797,0.739576,0.740028,1000
2020-06-05,0.740028,0.746182,0.739002,0.745156,1000
2020-06-08,0.745156,0.747897,0.744700,0.747440,1000
2020-06-09,0.747440,0.748041,0.743834,0.744435,1000
2020-06-10,0.744435,0.747438,0.743935,0.746938,1000
2020-06-11,0.746938,0.748822,0.735634,0.737518,1000
2020-06-12,0.737518,0.737862,0.735654,0.735998,1000
2020-06-15,0.735998,0.736333,0.733987,0.734322,1000
2020-06-16,0.734322,0.737961,0.733716,0.737354,1000
2020-06-17,0.737354,0.738242,0.736032,0.736920,1000
2020-06-18,0.736920,0.737400,0.735193,0.735673,1000
2020-06-19,0.735673,0.736559,0.734354,0.735240,1000
2020-06-22,0.735240,0.738953,0.734621,0.738334,1000
2020-06-23,0.738334,0.740630,0.737952,0.740247,1000
2020-06-24,0.740247,0.741249,0.734239,0.735240,1000
2020-06-25,0.735240,0.735875,0.731429,0.732064,1000
2020-06-26,0.732064,0.732439,0.729819,0.730194,1000
2020-06-29,0.730194,0.731530,0.729338,0.730674,1000
2020-06-30,0.730674,0.735311,0.729901,0.734538,1000
2020-07-01,0.734538,0.736810,0.734159,0.736431,1000
2020-07-02,0.736431,0.737210,0.735002,0.735781,1000
2020-07-06,0.735781,0.738714,0.735292,0.738225,1000
2020-07-07,0.738225,0.738671,0.735552,0.735998,1000
2020-07-08,0.735998,0.739129,0.735476,0.738607,1000
2020-07-09,0.738607,0.739020,0.736126,0.736540,1000
2020-07-10,0.736540,0.737264,0.735057,0.735781,1000
2020-07-13,0.735781,0.737510,0.735299,0.737028,1000
2020-07-14,0.737028,0.737440,0.734558,0.734970,1000
2020-07-15,0.734970,0.740514,0.734046,0.739590,1000
2020-07-16,0.739590,0.740207,0.737991,0.738607,1000
2020-07-17,0.738607,0.738966,0.736452,0.736811,1000
2020-07-20,0.736811,0.739490,0.736365,0.739044,1000
2020-07-21,0.739044,0.744849,0.738076,0.743882,1000
2020-07-22,0.743882,0.746279,0.743482,0.745879,1000
2020-07-23,0.745879,0.748356,0.745466,0.747943,1000
2020-07-24,0.747943,0.748556,0.744266,0.744879,1000
2020-07-27,0.744879,0.747684,0.744411,0.747217,1000
2020-07-28,0.747217,0.748870,0.746625,0.748279,1000
2020-07-29,0.748279,0.749233,0.746989,0.747943,1000
2020-07-30,0.747943,0.748722,0.743269,0.744048,1000
2020-07-31,0.744048,0.747783,0.743425,0.747161,1000
2020-08-03,0.747161,0.747611,0.745373,0.745823,1000
2020-08-04,0.745823,0.748636,0.745355,0.748167,1000
2020-08-05,0.748167,0.755754,0.746903,0.754489,1000
2020-08-06,0.754489,0.754841,0.752377,0.752729,1000
2020-08-07,0.752729,0.753943,0.745445,0.746659,1000
2020-08-10,0.746659,0.749545,0.746178,0.749064,1000
2020-08-11,0.749064,0.752714,0.748455,0.752106,1000
2020-08-12,0.752106,0.755239,0.751584,0.754717,1000
2020-08-13,0.754717,0.757184,0.754306,0.756773,1000
2020-08-14,0.756773,0.757184,0.754306,0.754717,1000
2020-08-17,0.754717,0.758010,0.754168,0.757461,1000
2020-08-18,0.757461,0.759202,0.756926,0.758668,1000
2020-08-19,0.758668,0.760037,0.757759,0.759129,1000
2020-08-20,0.759129,0.760152,0.757875,0.758898,1000
2020-08-21,0.758898,0.759345,0.757072,0.757518,1000
2020-08-24,0.757518,0.758109,0.755839,0.756430,1000
2020-08-25,0.756430,0.758425,0.756097,0.758093,1000
2020-08-26,0.758093,0.761276,0.757562,0.760746,1000
2020-08-27,0.760746,0.763113,0.760351,0.762718,1000
2020-08-28,0.762718,0.764008,0.761719,0.763009,1000
2020-08-31,0.763009,0.768067,0.762166,0.767224,1000
2020-09-01,0.767224,0.768110,0.765809,0.766695,1000
2020-09-02,0.766695,0.767315,0.765018,0.765638,1000
2020-09-03,0.765638,0.766454,0.760740,0.761557,1000
2020-09-04,0.761557,0.764069,0.761138,0.763650,1000
2020-09-08,0.763650,0.764796,0.756774,0.757920,1000
2020-09-09,0.757920,0.760062,0.757563,0.759705,1000
2020-09-10,0.759705,0.760874,0.758594,0.759763,1000
2020-09-11,0.759763,0.760296,0.758020,0.758553,1000
2020-09-14,0.758553,0.760008,0.757731,0.759186,1000
2020-09-15,0.759186,0.759546,0.757273,0.757633,1000
2020-09-16,0.757633,0.760050,0.757230,0.759648,1000
2020-09-17,0.759648,0.760108,0.756886,0.757346,1000
2020-09-18,0.757346,0.759203,0.756926,0.758783,1000
2020-09-21,0.758783,0.760152,0.750567,0.751936,1000
2020-09-22,0.751936,0.752668,0.750414,0.751145,1000
2020-09-23,0.751145,0.751820,0.747101,0.747775,1000
2020-09-24,0.747775,0.748981,0.746737,0.747943,1000
2020-09-25,0.747943,0.748378,0.745333,0.745768,1000
2020-09-28,0.745768,0.747909,0.745411,0.747552,1000
2020-09-29,0.747552,0.747931,0.745278,0.745657,1000
2020-09-30,0.745657,0.751567,0.744672,0.750582,1000
2020-10-01,0.750582,0.752886,0.750198,0.752502,1000
2020-10-02,0.752502,0.752852,0.750400,0.750751,1000
2020-10-05,0.750751,0.754213,0.750174,0.753636,1000
2020-10-06,0.753636,0.754596,0.752336,0.753296,1000
2020-10-07,0.753296,0.754198,0.751940,0.752842,1000
2020-10-08,0.752842,0.757010,0.752147,0.756315,1000
2020-10-09,0.756315,0.763371,0.755139,0.762195,1000
2020-10-13,0.762195,0.762815,0.760531,0.761151,1000
2020-10-14,0.761151,0.762031,0.759749,0.760630,1000
2020-10-15,0.760630,0.761733,0.754013,0.755116,1000
2020-10-16,0.755116,0.758481,0.754555,0.757920,1000
2020-10-19,0.757920,0.760617,0.757471,0.760167,1000
2020-10-20,0.760167,0.762601,0.759762,0.762195,1000
2020-10-21,0.762195,0.763047,0.760762,0.761615,1000
2020-10-22,0.761615,0.762699,0.760414,0.761499,1000
2020-10-23,0.761499,0.762205,0.759923,0.760630,1000
2020-10-26,0.760630,0.761401,0.756002,0.756773,1000
2020-10-27,0.756773,0.760777,0.756106,0.760109,1000
2020-10-28,0.760109,0.761992,0.748811,0.750694,1000
2020-10-29,0.750694,0.751189,0.747729,0.748223,1000
2020-10-30,0.748223,0.750445,0.747853,0.750075,1000
2020-11-02,0.750075,0.755304,0.749204,0.754432,1000
2020-11-03,0.754432,0.762912,0.753019,0.761499,1000
2020-11-04,0.761499,0.763194,0.760906,0.762602,1000
2020-11-05,0.762602,0.767372,0.761807,0.766577,1000
2020-11-06,0.766577,0.768199,0.765897,0.767519,1000
2020-11-09,0.767519,0.771138,0.766915,0.770535,1000
2020-11-10,0.770535,0.771096,0.768788,0.769349,1000
2020-11-12,0.769349,0.770629,0.761671,0.762951,1000
2020-11-13,0.762951,0.763612,0.758987,0.759648,1000
2020-11-16,0.759648,0.766063,0.758578,0.764994,1000
2020-11-17,0.764994,0.765402,0.762543,0.762951,1000
2020-11-18,0.762951,0.767020,0.762273,0.766342,1000
2020-11-19,0.766342,0.766741,0.763952,0.764351,1000
2020-11-20,0.764351,0.765732,0.763437,0.764818,1000
2020-11-23,0.764818,0.765321,0.763031,0.763534,1000
2020-11-24,0.763534,0.768457,0.762713,0.767636,1000
2020-11-25,0.767636,0.769976,0.767247,0.769586,1000
2020-11-30,0.769586,0.771097,0.768786,0.770297,1000
2020-12-01,0.770297,0.772168,0.769853,0.771724,1000
2020-12-02,0.771724,0.773600,0.771280,0.773156,1000
2020-12-03,0.773156,0.777408,0.772447,0.776699,1000
2020-12-04,0.776699,0.782380,0.775752,0.781433,1000
2020-12-07,0.781433,0.782636,0.780291,0.781494,1000
2020-12-08,0.781494,0.782299,0.779957,0.780762,1000
2020-12-09,0.780762,0.782454,0.780108,0.781800,1000
2020-12-10,0.781800,0.786517,0.781013,0.785731,1000
2020-12-11,0.785731,0.786223,0.782777,0.783269,1000
2020-12-14,0.783269,0.783830,0.781484,0.782044,1000
2020-12-15,0.782044,0.786246,0.781344,0.785546,1000
2020-12-16,0.785546,0.785952,0.783600,0.784006,1000
2020-12-17,0.784006,0.786966,0.783513,0.786473,1000
2020-12-18,0.786473,0.787224,0.781967,0.782718,1000
2020-12-21,0.782718,0.783449,0.778327,0.779059,1000
2020-12-22,0.779059,0.780048,0.773125,0.774114,1000
2020-12-23,0.774114,0.779684,0.773185,0.778756,1000
2020-12-28,0.778756,0.779119,0.776577,0.776940,1000
2020-12-29,0.776940,0.782552,0.776005,0.781616,1000
2020-12-30,0.781616,0.783821,0.781249,0.783453,1000
2020-12-31,0.783453,0.784968,0.782615,0.784129,1000
2021-01-04,0.784129,0.784473,0.782068,0.782411,1000
2021-01-05,0.782411,0.788400,0.781413,0.787402,1000
2021-01-06,0.787402,0.789050,0.786685,0.788333,1000
2021-01-07,0.788333,0.788767,0.785730,0.786164,1000
2021-01-08,0.786164,0.788026,0.785663,0.787526,1000
2021-01-11,0.787526,0.788389,0.782345,0.783208,1000
2021-01-12,0.783208,0.785092,0.782738,0.784621,1000
2021-01-13,0.784621,0.787214,0.784189,0.786782,1000
2021-01-14,0.786782,0.792537,0.785823,0.791578,1000
2021-01-15,0.791578,0.792524,0.785897,0.786844,1000
2021-01-19,0.786844,0.787652,0.785294,0.786102,1000
2021-01-21,0.786102,0.792598,0.785019,0.791515,1000
2021-01-22,0.791515,0.792474,0.785761,0.786720,1000
2021-01-25,0.786720,0.787165,0.784054,0.784498,1000
2021-01-26,0.784498,0.787165,0.784054,0.786720,1000
2021-01-27,0.786720,0.787594,0.781476,0.782350,1000
2021-01-28,0.782350,0.782717,0.780152,0.780518,1000
2021-01-29,0.780518,0.783157,0.780078,0.782718,1000
2021-02-01,0.782718,0.783328,0.779056,0.779666,1000
2021-02-02,0.779666,0.781171,0.778830,0.780336,1000
2021-02-03,0.780336,0.784003,0.779724,0.783392,1000
2021-02-04,0.783392,0.784186,0.778629,0.779423,1000
2021-02-05,0.779423,0.783009,0.778826,0.782411,1000
2021-02-08,0.782411,0.784385,0.782033,0.784006,1000
2021-02-09,0.784006,0.787114,0.783488,0.786596,1000
2021-02-10,0.786596,0.789202,0.786162,0.788768,1000
2021-02-11,0.788768,0.789608,0.787244,0.788084,1000
2021-02-12,0.788084,0.789111,0.786747,0.787774,1000
2021-02-16,0.787774,0.788955,0.786592,0.787774,1000
2021-02-17,0.787774,0.788396,0.786036,0.786658,1000
2021-02-18,0.786658,0.788025,0.785663,0.787030,1000
2021-02-19,0.787030,0.795277,0.785655,0.793903,1000
2021-02-22,0.793903,0.794778,0.792398,0.793273,1000
2021-02-23,0.793273,0.794337,0.791958,0.793021,1000
2021-02-24,0.793021,0.798563,0.792098,0.797639,1000
2021-02-25,0.797639,0.799123,0.796728,0.798212,1000
2021-02-26,0.798212,0.800349,0.785388,0.787526,1000
2021-03-01,0.787526,0.790962,0.786953,0.790389,1000
2021-03-02,0.790389,0.793397,0.789888,0.792896,1000
2021-03-03,0.792896,0.794117,0.791738,0.792959,1000
2021-03-04,0.792959,0.795001,0.792617,0.794660,1000
2021-03-05,0.794660,0.795689,0.788486,0.789515,1000
2021-03-08,0.789515,0.790512,0.788145,0.789141,1000
2021-03-09,0.789141,0.790951,0.788580,0.790389,1000
2021-03-10,0.790389,0.791919,0.789546,0.791077,1000
2021-03-11,0.791077,0.797351,0.790031,0.796305,1000
2021-03-12,0.796305,0.802971,0.795194,0.801860,1000
2021-03-15,0.801860,0.802451,0.800049,0.800641,1000
2021-03-16,0.800641,0.803650,0.800139,0.803148,1000
2021-03-17,0.803148,0.803578,0.801173,0.801603,1000
2021-03-18,0.801603,0.804775,0.801075,0.804246,1000
2021-03-19,0.804246,0.805236,0.798307,0.799297,1000
2021-03-22,0.799297,0.799952,0.797557,0.798212,1000
2021-03-23,0.798212,0.798771,0.796380,0.796940,1000
2021-03-24,0.796940,0.798040,0.795649,0.796749,1000
2021-03-25,0.796749,0.797533,0.792049,0.792833,1000
2021-03-26,0.792833,0.795556,0.792379,0.795102,1000
2021-03-29,0.795102,0.795820,0.793437,0.794155,1000
2021-03-30,0.794155,0.794583,0.791589,0.792016,1000
2021-03-31,0.792016,0.796175,0.791323,0.795482,1000
2021-04-01,0.795482,0.796738,0.794352,0.795608,1000
2021-04-02,0.795608,0.796897,0.794510,0.795798,1000
2021-04-05,0.795798,0.799920,0.795111,0.799233,1000
2021-04-06,0.799233,0.799590,0.797091,0.797448,1000
2021-04-07,0.797448,0.798384,0.791834,0.792770,1000
2021-04-08,0.792770,0.795644,0.792291,0.795165,1000
2021-04-09,0.795165,0.797905,0.794709,0.797448,1000
2021-04-12,0.797448,0.798135,0.795745,0.796432,1000
2021-04-13,0.796432,0.798104,0.795712,0.797385,1000
2021-04-14,0.797385,0.799411,0.797014,0.799041,1000
2021-04-15,0.799041,0.799473,0.797080,0.797512,1000
2021-04-16,0.797512,0.800651,0.796989,0.800128,1000
2021-04-19,0.800128,0.800588,0.797370,0.797830,1000
2021-04-20,0.797830,0.798338,0.794784,0.795292,1000
2021-04-21,0.795292,0.802172,0.794145,0.801025,1000
2021-04-22,0.801025,0.802034,0.799632,0.800641,1000
2021-04-23,0.800641,0.801681,0.799280,0.800320,1000
2021-04-26,0.800320,0.807756,0.799081,0.806517,1000
2021-04-27,0.806517,0.807824,0.805404,0.806712,1000
2021-04-28,0.806712,0.810003,0.806163,0.809454,1000
2021-04-29,0.809454,0.814116,0.808678,0.813339,1000
2021-04-30,0.813339,0.814692,0.812251,0.813603,1000
2021-05-03,0.813603,0.815356,0.812912,0.814664,1000
2021-05-04,0.814664,0.815259,0.811093,0.811688,1000
2021-05-05,0.811688,0.816296,0.810920,0.815528,1000
2021-05-06,0.815528,0.821146,0.814591,0.820210,1000
2021-05-07,0.820210,0.824670,0.819467,0.823927,1000
2021-05-10,0.823927,0.828181,0.823218,0.827472,1000
2021-05-11,0.827472,0.828473,0.825992,0.826993,1000
2021-05-12,0.826993,0.827822,0.825344,0.826173,1000
2021-05-13,0.826173,0.826758,0.822664,0.823249,1000
2021-05-14,0.823249,0.825940,0.822800,0.825491,1000
2021-05-17,0.825491,0.828855,0.824930,0.828295,1000
2021-05-18,0.828295,0.829950,0.827463,0.829119,1000
2021-05-19,0.829119,0.829503,0.826814,0.827198,1000
2021-05-20,0.827198,0.830494,0.826649,0.829944,1000
2021-05-21,0.829944,0.830396,0.827911,0.828363,1000
2021-05-24,0.828363,0.829262,0.826779,0.827678,1000
2021-05-25,0.827678,0.829366,0.826880,0.828569,1000
2021-05-26,0.828569,0.829144,0.825121,0.825696,1000
2021-05-27,0.825696,0.828650,0.825203,0.828157,1000
2021-05-28,0.828157,0.828987,0.826505,0.827335,1000
2021-06-01,0.827335,0.831956,0.826565,0.831186,1000
2021-06-02,0.831186,0.831879,0.829389,0.830082,1000
2021-06-03,0.830082,0.831028,0.824409,0.825355,1000
2021-06-04,0.825355,0.827649,0.824973,0.827267,1000
2021-06-07,0.827267,0.829407,0.826910,0.829050,1000
2021-06-08,0.829050,0.829584,0.825844,0.826378,1000
2021-06-09,0.826378,0.827583,0.825104,0.826310,1000
2021-06-10,0.826310,0.827789,0.825309,0.826788,1000
2021-06-11,0.826788,0.827699,0.821322,0.822233,1000
2021-06-14,0.822233,0.824755,0.821813,0.824334,1000
2021-06-15,0.824334,0.825294,0.818578,0.819538,1000
2021-06-16,0.819538,0.822529,0.819039,0.822030,1000
2021-06-17,0.822030,0.824533,0.807018,0.809520,1000
2021-06-18,0.809520,0.810613,0.802959,0.804052,1000
2021-06-21,0.804052,0.809278,0.803181,0.808407,1000
2021-06-22,0.808407,0.809817,0.807390,0.808800,1000
2021-06-23,0.808800,0.814962,0.807773,0.813935,1000
2021-06-24,0.813935,0.814608,0.809897,0.810570,1000
2021-06-25,0.810570,0.814051,0.809990,0.813471,1000
2021-06-28,0.813471,0.813893,0.810937,0.811359,1000
2021-06-29,0.811359,0.812054,0.807190,0.807885,1000
2021-06-30,0.807885,0.808248,0.805829,0.806192,1000
2021-07-01,0.806192,0.807368,0.804950,0.806127,1000
2021-07-02,0.806127,0.810749,0.805356,0.809979,1000
2021-07-06,0.809979,0.811538,0.800623,0.802182,1000
2021-07-07,0.802182,0.802695,0.799103,0.799616,1000
2021-07-08,0.799616,0.799961,0.797549,0.797894,1000
2021-07-09,0.797894,0.802268,0.797164,0.801539,1000
2021-07-12,0.801539,0.803419,0.801010,0.802890,1000
2021-07-13,0.802890,0.803609,0.798578,0.799297,1000
2021-07-14,0.799297,0.800175,0.797779,0.798658,1000
2021-07-15,0.798658,0.799344,0.794543,0.795229,1000
2021-07-16,0.795229,0.796073,0.793689,0.794534,1000
2021-07-19,0.794534,0.796602,0.782122,0.784191,1000
2021-07-20,0.784191,0.786262,0.783846,0.785916,1000
2021-07-21,0.785916,0.799907,0.783585,0.797575,1000
2021-07-22,0.797575,0.798083,0.794532,0.795039,1000
2021-07-23,0.795039,0.796168,0.793783,0.794913,1000
2021-07-26,0.794913,0.797955,0.794405,0.797448,1000
2021-07-27,0.797448,0.797943,0.794481,0.794976,1000
2021-07-28,0.794976,0.796676,0.794288,0.795988,1000
2021-07-29,0.795988,0.805510,0.794401,0.803923,1000
2021-07-30,0.803923,0.804271,0.801834,0.802182,1000
2021-08-02,0.802182,0.802631,0.799487,0.799936,1000
2021-08-03,0.799936,0.800561,0.796188,0.796813,1000
2021-08-04,0.796813,0.797976,0.795586,0.796749,1000
2021-08-05,0.796749,0.801650,0.795933,0.800833,1000
2021-08-06,0.800833,0.801802,0.795019,0.795988,1000
2021-08-09,0.795988,0.796928,0.794542,0.795482,1000
2021-08-10,0.795482,0.798529,0.794974,0.798021,1000
2021-08-11,0.798021,0.799794,0.797396,0.799169,1000
2021-08-12,0.799169,0.800208,0.797811,0.798850,1000
2021-08-13,0.798850,0.800240,0.797842,0.799233,1000
2021-08-16,0.799233,0.799970,0.794807,0.795545,1000
2021-08-17,0.795545,0.796200,0.791612,0.792267,1000
2021-08-18,0.792267,0.792953,0.790579,0.791264,1000
2021-08-19,0.791264,0.793145,0.779980,0.781861,1000
2021-08-20,0.781861,0.782627,0.777262,0.778028,1000
2021-08-23,0.778028,0.791813,0.775731,0.789515,1000
2021-08-24,0.789515,0.793345,0.788877,0.792707,1000
2021-08-25,0.792707,0.793613,0.791236,0.792142,1000
2021-08-26,0.792142,0.792518,0.789888,0.790264,1000
2021-08-27,0.790264,0.793347,0.789750,0.792833,1000
2021-08-30,0.792833,0.794243,0.791863,0.793273,1000
2021-08-31,0.793273,0.793738,0.791363,0.791828,1000
2021-09-01,0.791828,0.793457,0.791079,0.792707,1000
2021-09-02,0.792707,0.796949,0.792000,0.796242,1000
2021-09-03,0.796242,0.798912,0.795797,0.798467,1000
2021-09-07,0.798467,0.799707,0.791028,0.792267,1000
2021-09-08,0.792267,0.793005,0.787844,0.788581,1000
2021-09-09,0.788581,0.791050,0.788170,0.790639,1000
2021-09-10,0.790639,0.792201,0.789827,0.791390,1000
2021-09-13,0.791390,0.792357,0.789984,0.790952,1000
2021-09-14,0.790952,0.791511,0.789142,0.789702,1000
2021-09-15,0.789702,0.791200,0.788829,0.790326,1000
2021-09-16,0.790326,0.790699,0.788333,0.788706,1000
2021-09-17,0.788706,0.789436,0.784322,0.785053,1000
2021-09-20,0.785053,0.786033,0.779173,0.780153,1000
2021-09-21,0.780153,0.782276,0.779799,0.781922,1000
2021-09-22,0.781922,0.786049,0.781234,0.785361,1000
2021-09-23,0.785361,0.790645,0.784480,0.789765,1000
2021-09-24,0.789765,0.790637,0.788269,0.789141,1000
2021-09-27,0.789141,0.791314,0.788779,0.790952,1000
2021-09-28,0.790952,0.791562,0.787287,0.787898,1000
2021-09-29,0.787898,0.788615,0.783597,0.784314,1000
2021-09-30,0.784314,0.790032,0.783361,0.789079,1000
2021-10-01,0.789079,0.790763,0.788393,0.790077,1000
2021-10-04,0.790077,0.796563,0.788996,0.795482,1000
2021-10-05,0.795482,0.796961,0.794573,0.796052,1000
2021-10-06,0.796052,0.796683,0.792264,0.792896,1000
2021-10-07,0.792896,0.797901,0.792061,0.797067,1000
2021-10-08,0.797067,0.802356,0.796185,0.801475,1000
2021-10-12,0.801475,0.804413,0.800985,0.803923,1000
2021-10-13,0.803923,0.804838,0.802428,0.803342,1000
2021-10-14,0.803342,0.810048,0.802224,0.808931,1000
2021-10-15,0.808931,0.809325,0.806903,0.807298,1000
2021-10-18,0.807298,0.809328,0.806901,0.808931,1000
2021-10-19,0.808931,0.810407,0.807978,0.809454,1000
2021-10-20,0.809454,0.811525,0.809091,0.811162,1000
2021-10-21,0.811162,0.812016,0.809584,0.810438,1000
2021-10-22,0.810438,0.811040,0.806826,0.807428,1000
2021-10-25,0.807428,0.809032,0.806608,0.808211,1000
2021-10-26,0.808211,0.808933,0.806511,0.807233,1000
2021-10-27,0.807233,0.811237,0.806565,0.810570,1000
2021-10-28,0.810570,0.811424,0.808994,0.809848,1000
2021-10-29,0.809848,0.810488,0.806007,0.806647,1000
2021-11-01,0.806647,0.809937,0.806098,0.809389,1000
2021-11-02,0.809389,0.810236,0.804306,0.805153,1000
2021-11-03,0.805153,0.806491,0.804075,0.805412,1000
2021-11-04,0.805412,0.806007,0.801845,0.802439,1000
2021-11-05,0.802439,0.804387,0.801975,0.803923,1000
2021-11-08,0.803923,0.805064,0.802653,0.803794,1000
2021-11-09,0.803794,0.804482,0.802074,0.802761,1000
2021-11-10,0.802761,0.804289,0.801879,0.803406,1000
2021-11-12,0.803406,0.804827,0.794885,0.796305,1000
2021-11-15,0.796305,0.799588,0.795758,0.799041,1000
2021-11-16,0.799041,0.799639,0.795454,0.796052,1000
2021-11-17,0.796052,0.796456,0.793624,0.794029,1000
2021-11-18,0.794029,0.794469,0.791388,0.791828,1000
2021-11-19,0.791828,0.792953,0.790578,0.791703,1000
2021-11-22,0.791703,0.792365,0.787733,0.788395,1000
2021-11-23,0.788395,0.788742,0.786311,0.786658,1000
2021-11-24,0.786658,0.790760,0.785975,0.790077,1000
2021-11-26,0.790077,0.791303,0.782718,0.783945,1000
2021-11-29,0.783945,0.784386,0.781297,0.781739,1000
2021-11-30,0.781739,0.782299,0.779958,0.780518,1000
2021-12-01,0.780518,0.783010,0.780103,0.782595,1000
2021-12-02,0.782595,0.783035,0.779957,0.780396,1000
2021-12-03,0.780396,0.780988,0.778650,0.779241,1000
2021-12-06,0.779241,0.782752,0.778656,0.782167,1000
2021-12-07,0.782167,0.792108,0.780510,0.790451,1000
2021-12-08,0.790451,0.791574,0.789203,0.790326,1000
2021-12-09,0.790326,0.790887,0.786965,0.787526,1000
2021-12-10,0.787526,0.788458,0.786097,0.787030,1000
2021-12-13,0.787030,0.788125,0.780460,0.781555,1000
2021-12-14,0.781555,0.782321,0.776960,0.777726,1000
2021-12-15,0.777726,0.778424,0.773535,0.774234,1000
2021-12-16,0.774234,0.784709,0.772488,0.782963,1000
2021-12-17,0.782963,0.783671,0.778715,0.779423,1000
2021-12-20,0.779423,0.780760,0.771401,0.772738,1000
2021-12-21,0.772738,0.774317,0.771996,0.773575,1000
2021-12-22,0.773575,0.779573,0.772575,0.778574,1000
2021-12-23,0.778574,0.781127,0.778148,0.780701,1000
2021-12-27,0.780701,0.782239,0.779895,0.781433,1000
2021-12-28,0.781433,0.782085,0.779744,0.780396,1000
2021-12-29,0.780396,0.781689,0.779347,0.780640,1000
2021-12-30,0.780640,0.783060,0.780237,0.782656,1000
2022-01-03,0.782656,0.784446,0.782094,0.783883,1000
2022-01-04,0.783883,0.788328,0.783143,0.787588,1000
2022-01-05,0.787588,0.788676,0.786313,0.787402,1000
2022-01-06,0.787402,0.787807,0.785449,0.785855,1000
2022-01-07,0.785855,0.791971,0.784835,0.790952,1000
2022-01-10,0.790952,0.791401,0.788257,0.788706,1000
2022-01-11,0.788706,0.794791,0.787692,0.793777,1000
2022-01-12,0.793777,0.801168,0.792545,0.799936,1000
2022-01-13,0.799936,0.801747,0.799343,0.801154,1000
2022-01-14,0.801154,0.802009,0.796021,0.796876,1000
2022-01-18,0.796876,0.798518,0.796125,0.797766,1000
2022-01-19,0.797766,0.800524,0.797307,0.800064,1000
2022-01-20,0.800064,0.802914,0.799589,0.802439,1000
2022-01-21,0.802439,0.803463,0.796297,0.797321,1000
2022-01-24,0.797321,0.799156,0.786311,0.788146,1000
2022-01-25,0.788146,0.791963,0.787510,0.791327,1000
2022-01-26,0.791327,0.794342,0.790825,0.793840,1000
2022-01-27,0.793840,0.795239,0.785445,0.786844,1000
2022-01-28,0.786844,0.787387,0.783586,0.784129,1000
2022-01-31,0.784129,0.788503,0.783400,0.787774,1000
2022-02-01,0.787774,0.789142,0.786778,0.788146,1000
2022-02-02,0.788146,0.789297,0.786933,0.788084,1000
2022-02-03,0.788084,0.789578,0.787212,0.788706,1000
2022-02-04,0.788706,0.789695,0.782771,0.783760,1000
2022-02-07,0.783760,0.789247,0.782846,0.788333,1000
2022-02-08,0.788333,0.788769,0.786408,0.786844,1000
2022-02-09,0.786844,0.789377,0.786422,0.788955,1000
2022-02-10,0.788955,0.791051,0.788605,0.790701,1000
2022-02-11,0.790701,0.791088,0.788381,0.788768,1000
2022-02-14,0.788768,0.789437,0.784753,0.785423,1000
2022-02-15,0.785423,0.786292,0.783937,0.784806,1000
2022-02-16,0.784806,0.788889,0.784126,0.788208,1000
2022-02-17,0.788208,0.789111,0.786748,0.787650,1000
2022-02-18,0.787650,0.788292,0.783794,0.784437,1000
2022-02-22,0.784437,0.785984,0.783629,0.785176,1000
2022-02-23,0.785176,0.786942,0.784583,0.786349,1000
2022-02-24,0.786349,0.787856,0.777310,0.778816,1000
2022-02-25,0.778816,0.786152,0.777594,0.784929,1000
2022-02-28,0.784929,0.790732,0.783962,0.789765,1000
2022-03-01,0.789765,0.790349,0.786260,0.786844,1000
2022-03-02,0.786844,0.790723,0.786197,0.790077,1000
2022-03-03,0.790077,0.790699,0.788332,0.788955,1000
2022-03-04,0.788955,0.790006,0.782648,0.783699,1000
2022-03-07,0.783699,0.784505,0.782156,0.782963,1000
2022-03-08,0.782963,0.784432,0.774145,0.775615,1000
2022-03-09,0.775615,0.781499,0.774634,0.780518,1000
2022-03-10,0.780518,0.783452,0.780029,0.782963,1000
2022-03-11,0.782963,0.786581,0.782360,0.785978,1000
2022-03-14,0.785978,0.786606,0.782213,0.782840,1000
2022-03-15,0.782840,0.783231,0.780493,0.780884,1000
2022-03-16,0.780884,0.785591,0.780100,0.784806,1000
2022-03-17,0.784806,0.792631,0.783502,0.791327,1000
2022-03-18,0.791327,0.792640,0.790265,0.791578,1000
2022-03-21,0.791578,0.795580,0.790911,0.794913,1000
2022-03-22,0.794913,0.795346,0.792966,0.793399,1000
2022-03-23,0.793399,0.797115,0.792780,0.796495,1000
2022-03-24,0.796495,0.798423,0.796029,0.797957,1000
2022-03-25,0.797957,0.799794,0.797396,0.799233,1000
2022-03-28,0.799233,0.799717,0.796329,0.796813,1000
2022-03-29,0.796813,0.799640,0.796342,0.799169,1000
2022-03-30,0.799169,0.800945,0.798544,0.800320,1000
2022-03-31,0.800320,0.801939,0.799535,0.801154,1000
2022-04-01,0.801154,0.801552,0.799154,0.799552,1000
2022-04-04,0.799552,0.801265,0.798863,0.800576,1000
2022-04-05,0.800576,0.803585,0.800075,0.803084,1000
2022-04-06,0.803084,0.803726,0.799230,0.799872,1000
2022-04-07,0.799872,0.801015,0.793012,0.794155,1000
2022-04-08,0.794155,0.795821,0.793436,0.795102,1000
2022-04-11,0.795102,0.795669,0.791701,0.792267,1000
2022-04-12,0.792267,0.793866,0.791486,0.793084,1000
2022-04-13,0.793084,0.794716,0.792334,0.793966,1000
2022-04-14,0.793966,0.794381,0.791476,0.791891,1000
2022-04-15,0.791891,0.793551,0.791173,0.792833,1000
2022-04-18,0.792833,0.793801,0.791424,0.792393,1000
2022-04-19,0.792393,0.793645,0.791267,0.792519,1000
2022-04-20,0.792519,0.802265,0.790894,0.800641,1000
2022-04-21,0.800641,0.801101,0.797879,0.798339,1000
2022-04-22,0.798339,0.800725,0.784025,0.786411,1000
2022-04-25,0.786411,0.787137,0.782052,0.782779,1000
2022-04-26,0.782779,0.783309,0.780964,0.781494,1000
2022-04-27,0.781494,0.781908,0.779009,0.779423,1000
2022-04-28,0.779423,0.780562,0.778224,0.779362,1000
2022-04-29,0.779362,0.781481,0.779009,0.781128,1000
2022-05-02,0.781128,0.782122,0.775162,0.776156,1000
2022-05-03,0.776156,0.779567,0.775588,0.778998,1000
2022-05-04,0.778998,0.780776,0.778436,0.780214,1000
2022-05-05,0.780214,0.780602,0.777882,0.778271,1000
2022-05-06,0.778271,0.778766,0.775300,0.775795,1000
2022-05-09,0.775795,0.776657,0.770624,0.771486,1000
2022-05-10,0.771486,0.772291,0.766654,0.767460,1000
2022-05-11,0.767460,0.773650,0.766428,0.772618,1000
2022-05-12,0.772618,0.773944,0.764664,0.765990,1000
2022-05-13,0.765990,0.774948,0.764497,0.773455,1000
2022-05-16,0.773455,0.776769,0.772903,0.776217,1000
2022-05-17,0.776217,0.779409,0.775685,0.778877,1000
2022-05-18,0.778877,0.780076,0.777739,0.778938,1000
2022-05-19,0.778938,0.780624,0.778284,0.779970,1000
2022-05-20,0.779970,0.780653,0.778316,0.778998,1000
2022-05-23,0.778998,0.782874,0.778352,0.782228,1000
2022-05-24,0.782228,0.782910,0.778134,0.778816,1000
2022-05-25,0.778816,0.780076,0.777739,0.778998,1000
2022-05-26,0.778998,0.782580,0.778401,0.781983,1000
2022-05-27,0.781983,0.785519,0.781394,0.784929,1000
2022-05-31,0.784929,0.792456,0.783675,0.791202,1000
2022-06-01,0.791202,0.791589,0.788879,0.789266,1000
2022-06-02,0.789266,0.795511,0.788225,0.794470,1000
2022-06-03,0.794470,0.795852,0.793468,0.794849,1000
2022-06-06,0.794849,0.796390,0.794004,0.795545,1000
2022-06-07,0.795545,0.797374,0.794984,0.796813,1000
2022-06-08,0.796813,0.798838,0.796442,0.798467,1000
2022-06-09,0.798467,0.800070,0.788848,0.790451,1000
2022-06-10,0.790451,0.792072,0.780730,0.782350,1000
2022-06-13,0.782350,0.783190,0.777309,0.778150,1000
2022-06-14,0.778150,0.779136,0.772229,0.773216,1000
2022-06-15,0.773216,0.773657,0.770569,0.771010,1000
2022-06-16,0.771010,0.774231,0.770473,0.773694,1000
2022-06-17,0.773694,0.775224,0.764520,0.766049,1000
2022-06-21,0.766049,0.775080,0.764544,0.773575,1000
2022-06-22,0.773575,0.774585,0.772265,0.773276,1000
2022-06-23,0.773276,0.773836,0.769915,0.770475,1000
2022-06-24,0.770475,0.774769,0.769760,0.774054,1000
2022-06-27,0.774054,0.777590,0.773464,0.777001,1000
2022-06-28,0.777001,0.777803,0.775474,0.776277,1000
2022-06-29,0.776277,0.778077,0.775744,0.777545,1000
2022-06-30,0.777545,0.778408,0.776077,0.776940,1000
2022-07-01,0.776940,0.777470,0.773764,0.774293,1000
2022-07-05,0.774293,0.776060,0.763696,0.765462,1000
2022-07-06,0.765462,0.766963,0.764665,0.766166,1000
2022-07-07,0.766166,0.770697,0.765411,0.769941,1000
2022-07-08,0.769941,0.772867,0.769454,0.772380,1000
2022-07-11,0.772380,0.772761,0.770095,0.770475,1000
2022-07-12,0.770475,0.770918,0.768611,0.769053,1000
2022-07-13,0.769053,0.772401,0.768495,0.771843,1000
2022-07-14,0.771843,0.773540,0.761662,0.763359,1000
2022-07-15,0.763359,0.767503,0.762668,0.766812,1000
2022-07-18,0.766812,0.775502,0.765364,0.774054,1000
2022-07-19,0.774054,0.776360,0.773669,0.775976,1000
2022-07-20,0.775976,0.777502,0.775172,0.776699,1000
2022-07-21,0.776699,0.777562,0.775233,0.776096,1000
2022-07-22,0.776096,0.777987,0.775654,0.777545,1000
2022-07-25,0.777545,0.779197,0.776861,0.778513,1000
2022-07-26,0.778513,0.779069,0.775179,0.775735,1000
2022-07-27,0.775735,0.777201,0.774872,0.776337,1000
2022-07-28,0.776337,0.779676,0.775781,0.779120,1000
2022-07-29,0.779120,0.781603,0.778706,0.781189,1000
2022-08-01,0.781189,0.781542,0.779070,0.779423,1000
2022-08-02,0.779423,0.779832,0.777498,0.777907,1000
2022-08-03,0.777907,0.778650,0.776319,0.777061,1000
2022-08-04,0.777061,0.778742,0.776408,0.778089,1000
2022-08-05,0.778089,0.779171,0.771596,0.772678,1000
2022-08-08,0.772678,0.779026,0.771620,0.777968,1000
2022-08-09,0.777968,0.778347,0.776018,0.776398,1000
2022-08-10,0.776398,0.784202,0.775097,0.782901,1000
2022-08-11,0.782901,0.785039,0.782545,0.784683,1000
2022-08-12,0.784683,0.785162,0.781810,0.782289,1000
2022-08-15,0.782289,0.783600,0.774424,0.775735,1000
2022-08-16,0.775735,0.777412,0.775082,0.776759,1000
2022-08-17,0.776759,0.777456,0.772579,0.773276,1000
2022-08-18,0.773276,0.774046,0.771729,0.772499,1000
2022-08-19,0.772499,0.773082,0.769003,0.769586,1000
2022-08-22,0.769586,0.770105,0.766469,0.766989,1000
2022-08-23,0.766989,0.773601,0.765887,0.772499,1000
2022-08-24,0.772499,0.772941,0.770628,0.771069,1000
2022-08-25,0.771069,0.772973,0.770655,0.772559,1000
2022-08-26,0.772559,0.773295,0.768139,0.768876,1000
2022-08-29,0.768876,0.770178,0.767870,0.769172,1000
2022-08-30,0.769172,0.770218,0.762896,0.763942,1000
2022-08-31,0.763942,0.765059,0.762767,0.763884,1000
2022-09-01,0.763884,0.764685,0.759077,0.759878,1000
2022-09-02,0.759878,0.764825,0.759054,0.764000,1000
2022-09-06,0.764000,0.764385,0.761695,0.762079,1000
2022-09-07,0.762079,0.762588,0.759023,0.759532,1000
2022-09-08,0.759532,0.762867,0.758976,0.762311,1000
2022-09-09,0.762311,0.768066,0.761352,0.767106,1000
2022-09-12,0.767106,0.771363,0.766397,0.770654,1000
2022-09-13,0.770654,0.772380,0.760294,0.762021,1000
2022-09-14,0.762021,0.762403,0.759727,0.760109,1000
2022-09-15,0.760109,0.760662,0.756794,0.757346,1000
2022-09-16,0.757346,0.758134,0.752622,0.753409,1000
2022-09-19,0.753409,0.754141,0.751883,0.752615,1000
2022-09-20,0.752615,0.753202,0.749095,0.749681,1000
2022-09-21,0.749681,0.750331,0.745787,0.746436,1000
2022-09-22,0.746436,0.747564,0.739668,0.740796,1000
2022-09-23,0.740796,0.741690,0.735428,0.736323,1000
2022-09-26,0.736323,0.738080,0.725780,0.727537,1000
2022-09-27,0.727537,0.728815,0.726631,0.727908,1000
2022-09-28,0.727908,0.733668,0.726948,0.732708,1000
2022-09-29,0.732708,0.733264,0.729371,0.729927,1000
2022-09-30,0.729927,0.730479,0.726615,0.727167,1000
2022-10-03,0.727167,0.733623,0.726091,0.732547,1000
2022-10-04,0.732547,0.739034,0.731466,0.737953,1000
2022-10-05,0.737953,0.739152,0.730758,0.731957,1000
2022-10-06,0.731957,0.732703,0.727480,0.728226,1000
2022-10-07,0.728226,0.730779,0.727801,0.730353,1000
2022-10-11,0.730353,0.730832,0.727482,0.727961,1000
2022-10-12,0.727961,0.728594,0.724162,0.724795,1000
2022-10-13,0.724795,0.728149,0.724236,0.727590,1000
2022-10-14,0.727590,0.728943,0.719472,0.720825,1000
2022-10-17,0.720825,0.730279,0.719249,0.728704,1000
2022-10-18,0.728704,0.729412,0.724455,0.725163,1000
2022-10-19,0.725163,0.726436,0.724259,0.725531,1000
2022-10-20,0.725531,0.729848,0.724812,0.729129,1000
2022-10-21,0.729129,0.731816,0.728681,0.731368,1000
2022-10-24,0.731368,0.731699,0.729383,0.729714,1000
2022-10-25,0.729714,0.735373,0.728771,0.734430,1000
2022-10-26,0.734430,0.738657,0.733726,0.737953,1000
2022-10-27,0.737953,0.739579,0.737363,0.738989,1000
2022-10-28,0.738989,0.739966,0.733130,0.734107,1000
2022-10-31,0.734107,0.734749,0.732549,0.733192,1000
2022-11-01,0.733192,0.734291,0.732092,0.733192,1000
2022-11-02,0.733192,0.734588,0.732387,0.733783,1000
2022-11-03,0.733783,0.734863,0.727306,0.728385,1000
2022-11-04,0.728385,0.741372,0.726221,0.739208,1000
2022-11-07,0.739208,0.741245,0.738868,0.740905,1000
2022-11-08,0.740905,0.748077,0.739710,0.746882,1000
2022-11-09,0.746882,0.747592,0.742618,0.743329,1000
2022-11-10,0.743329,0.749403,0.742316,0.748391,1000
2022-11-14,0.748391,0.752917,0.747637,0.752162,1000
2022-11-15,0.752162,0.753717,0.751458,0.753012,1000
2022-11-16,0.753012,0.753723,0.748746,0.749457,1000
2022-11-17,0.749457,0.750581,0.748332,0.749457,1000
2022-11-18,0.749457,0.749860,0.747037,0.747440,1000
2022-11-21,0.747440,0.748593,0.740522,0.741675,1000
2022-11-22,0.741675,0.747121,0.740767,0.746213,1000
2022-11-23,0.746213,0.746914,0.744678,0.745379,1000
2022-11-25,0.745379,0.748456,0.744866,0.747943,1000
2022-11-28,0.747943,0.748645,0.743734,0.744435,1000
2022-11-29,0.744435,0.746652,0.731136,0.733353,1000
2022-11-30,0.733353,0.739723,0.732291,0.738662,1000
2022-12-01,0.738662,0.745989,0.737440,0.744768,1000
2022-12-02,0.744768,0.745302,0.743071,0.743605,1000
2022-12-05,0.743605,0.744953,0.735517,0.736865,1000
2022-12-06,0.736865,0.737740,0.731619,0.732493,1000
2022-12-07,0.732493,0.733915,0.731716,0.733138,1000
2022-12-08,0.733138,0.737415,0.732425,0.736703,1000
2022-12-09,0.736703,0.737027,0.734753,0.735078,1000
2022-12-12,0.735078,0.735616,0.731848,0.732386,1000
2022-12-13,0.732386,0.740441,0.731044,0.739098,1000
2022-12-14,0.739098,0.739501,0.736679,0.737083,1000
2022-12-15,0.737083,0.737968,0.731769,0.732654,1000
2022-12-16,0.732654,0.733093,0.730021,0.730460,1000
2022-12-19,0.730460,0.733802,0.729903,0.733245,1000
2022-12-20,0.733245,0.734885,0.732682,0.734322,1000
2022-12-21,0.734322,0.735316,0.733113,0.734107,1000
2022-12-22,0.734107,0.734440,0.732106,0.732440,1000
2022-12-23,0.732440,0.736709,0.731728,0.735998,1000
2022-12-27,0.735998,0.741426,0.735093,0.740521,1000
2022-12-28,0.740521,0.741437,0.735028,0.735943,1000
2022-12-29,0.735943,0.738682,0.735487,0.738225,1000
2022-12-30,0.738225,0.739716,0.737499,0.738989,1000
2023-01-03,0.738989,0.740417,0.730422,0.731850,1000
2023-01-04,0.731850,0.743046,0.729984,0.741180,1000
2023-01-05,0.741180,0.742130,0.735482,0.736431,1000
2023-01-06,0.736431,0.744774,0.735041,0.743384,1000
2023-01-09,0.743384,0.748721,0.742494,0.747831,1000
2023-01-10,0.747831,0.748510,0.743756,0.744435,1000
2023-01-11,0.744435,0.745858,0.743623,0.745045,1000
2023-01-12,0.745045,0.747852,0.744578,0.747384,1000
2023-01-13,0.747384,0.747752,0.745178,0.745545,1000
2023-01-17,0.745545,0.747752,0.745178,0.747384,1000
2023-01-18,0.747384,0.748007,0.743646,0.744269,1000
2023-01-19,0.744269,0.744909,0.740430,0.741070,1000
2023-01-20,0.741070,0.746240,0.740208,0.745379,1000
2023-01-23,0.745379,0.747517,0.745022,0.747161,1000
2023-01-24,0.747161,0.748702,0.746458,0.747999,1000
2023-01-25,0.747999,0.748490,0.745055,0.745545,1000
2023-01-26,0.745545,0.749902,0.744819,0.749176,1000
2023-01-27,0.749176,0.751472,0.748793,0.751089,1000
2023-01-30,0.751089,0.751494,0.748659,0.749064,1000
2023-01-31,0.749064,0.750666,0.748416,0.750019,1000
2023-02-01,0.750019,0.751087,0.748838,0.749906,1000
2023-02-02,0.749906,0.751539,0.749287,0.750920,1000
2023-02-03,0.750920,0.751794,0.745673,0.746547,1000
2023-02-06,0.746547,0.747069,0.743415,0.743937,1000
2023-02-07,0.743937,0.745108,0.742876,0.744048,1000
2023-02-08,0.744048,0.745442,0.743208,0.744602,1000
2023-02-09,0.744602,0.745774,0.743540,0.744713,1000
2023-02-10,0.744713,0.749059,0.743988,0.748335,1000
2023-02-13,0.748335,0.749879,0.747632,0.749176,1000
2023-02-14,0.749176,0.749766,0.747521,0.748111,1000
2023-02-15,0.748111,0.748491,0.745833,0.746213,1000
2023-02-16,0.746213,0.746768,0.742884,0.743439,1000
2023-02-17,0.743439,0.743836,0.741058,0.741455,1000
2023-02-21,0.741455,0.741797,0.739577,0.739919,1000
2023-02-22,0.739919,0.740343,0.738128,0.738552,1000
2023-02-23,0.738552,0.738923,0.736712,0.737083,1000
2023-02-24,0.737083,0.737635,0.733770,0.734322,1000
2023-02-27,0.734322,0.737179,0.733846,0.736703,1000
2023-02-28,0.736703,0.737157,0.733976,0.734430,1000
2023-03-01,0.734430,0.736046,0.733840,0.735456,1000
2023-03-02,0.735456,0.736045,0.733842,0.734430,1000
2023-03-03,0.734430,0.735721,0.733517,0.734808,1000
2023-03-06,0.734808,0.735991,0.733786,0.734970,1000
2023-03-07,0.734970,0.736361,0.726623,0.728014,1000
2023-03-08,0.728014,0.728521,0.724972,0.725479,1000
2023-03-09,0.725479,0.726752,0.724574,0.725847,1000
2023-03-10,0.725847,0.726224,0.724051,0.724428,1000
2023-03-13,0.724428,0.731859,0.723189,0.730620,1000
2023-03-14,0.730620,0.732011,0.729817,0.731208,1000
2023-03-15,0.731208,0.732512,0.723387,0.724690,1000
2023-03-16,0.724690,0.727092,0.724290,0.726691,1000
2023-03-17,0.726691,0.727993,0.725812,0.727114,1000
2023-03-20,0.727114,0.731386,0.726402,0.730674,1000
2023-03-21,0.730674,0.731163,0.727737,0.728226,1000
2023-03-22,0.728226,0.729585,0.727398,0.728757,1000
2023-03-23,0.728757,0.732855,0.728074,0.732172,1000
2023-03-24,0.732172,0.733289,0.725469,0.726586,1000
2023-03-27,0.726586,0.731491,0.725768,0.730674,1000
2023-03-28,0.730674,0.735246,0.729912,0.734484,1000
2023-03-29,0.734484,0.737081,0.734051,0.736648,1000
2023-03-30,0.736648,0.739195,0.736224,0.738771,1000
2023-03-31,0.738771,0.740180,0.737962,0.739372,1000
2023-04-03,0.739372,0.745315,0.738381,0.744325,1000
2023-04-04,0.744325,0.744914,0.742684,0.743273,1000
2023-04-05,0.743273,0.744416,0.742186,0.743329,1000
2023-04-06,0.743329,0.743918,0.741691,0.742280,1000
2023-04-07,0.742280,0.742731,0.739578,0.740028,1000
2023-04-10,0.740028,0.740562,0.738346,0.738880,1000
2023-04-11,0.738880,0.742432,0.738288,0.741840,1000
2023-04-12,0.741840,0.743825,0.741509,0.743494,1000
2023-04-13,0.743494,0.750582,0.742313,0.749400,1000
2023-04-14,0.749400,0.749793,0.747048,0.747440,1000
2023-04-17,0.747440,0.747890,0.745652,0.746102,1000
2023-04-18,0.746102,0.747556,0.745316,0.746770,1000
2023-04-19,0.746770,0.747470,0.742574,0.743273,1000
2023-04-20,0.743273,0.744250,0.742021,0.742997,1000
2023-04-21,0.742997,0.743821,0.738056,0.738880,1000
2023-04-24,0.738880,0.739742,0.737527,0.738389,1000
2023-04-25,0.738389,0.739299,0.732927,0.733837,1000
2023-04-26,0.733837,0.735642,0.733436,0.735240,1000
2023-04-27,0.735240,0.736072,0.733868,0.734700,1000
2023-04-28,0.734700,0.738538,0.734060,0.737898,1000
2023-05-01,0.737898,0.739306,0.737090,0.738498,1000
2023-05-02,0.738498,0.739430,0.732905,0.733837,1000
2023-05-03,0.733837,0.735398,0.733193,0.734754,1000
2023-05-04,0.734754,0.737353,0.734321,0.736920,1000
2023-05-05,0.736920,0.746870,0.735261,0.745212,1000
2023-05-08,0.745212,0.749430,0.744509,0.748727,1000
2023-05-09,0.748727,0.749208,0.745844,0.746324,1000
2023-05-10,0.746324,0.748143,0.745900,0.747719,1000
2023-05-11,0.747719,0.748972,0.740202,0.741455,1000
2023-05-12,0.741455,0.742035,0.737972,0.738552,1000
2023-05-15,0.738552,0.742365,0.737917,0.741730,1000
2023-05-16,0.741730,0.743561,0.741332,0.743163,1000
2023-05-17,0.743163,0.743531,0.741306,0.741675,1000
2023-05-18,0.741675,0.742264,0.740042,0.740631,1000
2023-05-19,0.740631,0.741577,0.739356,0.740302,1000
2023-05-22,0.740302,0.741412,0.739192,0.740302,1000
2023-05-23,0.740302,0.742046,0.739821,0.741565,1000
2023-05-24,0.741565,0.742700,0.734754,0.735889,1000
2023-05-25,0.735889,0.736397,0.732846,0.733353,1000
2023-05-26,0.733353,0.734750,0.732548,0.733945,1000
2023-05-30,0.733945,0.736018,0.733599,0.735673,1000
2023-05-31,0.735673,0.736912,0.734704,0.735943,1000
2023-06-01,0.735943,0.745602,0.734334,0.743992,1000
2023-06-02,0.743992,0.745192,0.742959,0.744158,1000
2023-06-05,0.744158,0.745803,0.743567,0.745212,1000
2023-06-06,0.745212,0.746776,0.744538,0.746102,1000
2023-06-07,0.746102,0.748782,0.745655,0.748335,1000
2023-06-08,0.748335,0.748981,0.746738,0.747384,1000
2023-06-09,0.747384,0.749939,0.746958,0.749513,1000
2023-06-12,0.749513,0.749905,0.747160,0.747552,1000
2023-06-13,0.747552,0.752881,0.746664,0.751993,1000
2023-06-14,0.751993,0.753547,0.751288,0.752842,1000
2023-06-15,0.752842,0.755981,0.752319,0.755458,1000
2023-06-16,0.755458,0.758413,0.754966,0.757920,1000
2023-06-20,0.757920,0.758515,0.754350,0.754945,1000
2023-06-21,0.754945,0.759551,0.754177,0.758783,1000
2023-06-22,0.758783,0.760355,0.758076,0.759648,1000
2023-06-23,0.759648,0.760016,0.757437,0.757805,1000
2023-06-26,0.757805,0.761334,0.757217,0.760746,1000
2023-06-27,0.760746,0.761092,0.758667,0.759013,1000
2023-06-28,0.759013,0.759861,0.753926,0.754774,1000
2023-06-29,0.754774,0.755992,0.753727,0.754945,1000
2023-06-30,0.754945,0.756478,0.754211,0.755744,1000
2023-07-03,0.755744,0.756562,0.754297,0.755116,1000
2023-07-05,0.755116,0.755450,0.753189,0.753523,1000
2023-07-06,0.753523,0.754448,0.747970,0.748895,1000
2023-07-07,0.748895,0.753563,0.748117,0.752785,1000
2023-07-10,0.752785,0.754000,0.751741,0.752955,1000
2023-07-11,0.752955,0.755138,0.752592,0.754774,1000
2023-07-12,0.754774,0.759585,0.753972,0.758783,1000
2023-07-13,0.758783,0.762459,0.758170,0.761847,1000
2023-07-14,0.761847,0.762747,0.756446,0.757346,1000
2023-07-17,0.757346,0.759485,0.756990,0.759129,1000
2023-07-18,0.759129,0.760209,0.757932,0.759013,1000
2023-07-19,0.759013,0.760644,0.758364,0.759994,1000
2023-07-20,0.759994,0.760440,0.758164,0.758610,1000
2023-07-21,0.758610,0.759012,0.756200,0.756601,1000
2023-07-24,0.756601,0.760950,0.755877,0.760225,1000
2023-07-25,0.760225,0.760642,0.758366,0.758783,1000
2023-07-26,0.758783,0.759231,0.756096,0.756544,1000
2023-07-27,0.756544,0.758369,0.756095,0.757920,1000
2023-07-28,0.757920,0.758276,0.755788,0.756144,1000
2023-07-31,0.756144,0.760625,0.755397,0.759878,1000
2023-08-01,0.759878,0.761354,0.751027,0.752502,1000
2023-08-02,0.752502,0.753010,0.749455,0.749963,1000
2023-08-03,0.749963,0.750918,0.748669,0.749625,1000
2023-08-04,0.749625,0.750834,0.748585,0.749794,1000
2023-08-07,0.749794,0.750186,0.747439,0.747831,1000
2023-08-08,0.747831,0.748743,0.742362,0.743273,1000
2023-08-09,0.743273,0.744721,0.742489,0.743937,1000
2023-08-10,0.743937,0.746668,0.743482,0.746213,1000
2023-08-11,0.746213,0.746613,0.743814,0.744214,1000
2023-08-14,0.744214,0.744942,0.742711,0.743439,1000
2023-08-15,0.743439,0.743973,0.741746,0.742280,1000
2023-08-16,0.742280,0.742764,0.739381,0.739864,1000
2023-08-17,0.739864,0.740809,0.738590,0.739536,1000
2023-08-18,0.739536,0.739917,0.737244,0.737626,1000
2023-08-21,0.737626,0.738569,0.736357,0.737300,1000
2023-08-22,0.737300,0.738843,0.736628,0.738171,1000
2023-08-23,0.738171,0.739415,0.737199,0.738443,1000
2023-08-24,0.738443,0.739005,0.736793,0.737354,1000
2023-08-25,0.737354,0.738047,0.733198,0.733891,1000
2023-08-28,0.733891,0.735834,0.733567,0.735510,1000
2023-08-29,0.735510,0.736804,0.734596,0.735889,1000
2023-08-30,0.735889,0.740724,0.735083,0.739919,1000
2023-08-31,0.739919,0.740371,0.738155,0.738607,1000
2023-09-01,0.738607,0.739075,0.735801,0.736269,1000
2023-09-05,0.736269,0.736695,0.734490,0.734916,1000
2023-09-06,0.734916,0.735433,0.731816,0.732332,1000
2023-09-07,0.732332,0.732813,0.730620,0.731101,1000
2023-09-08,0.731101,0.734772,0.730489,0.734160,1000
2023-09-11,0.734160,0.736755,0.733728,0.736323,1000
2023-09-12,0.736323,0.738190,0.735977,0.737844,1000
2023-09-13,0.737844,0.739498,0.737281,0.738934,1000
2023-09-14,0.738934,0.740591,0.738371,0.740028,1000
2023-09-15,0.740028,0.741386,0.739164,0.740521,1000
2023-09-18,0.740521,0.742238,0.740013,0.741730,1000
2023-09-19,0.741730,0.745109,0.741166,0.744546,1000
2023-09-20,0.744546,0.745858,0.743623,0.744934,1000
2023-09-21,0.744934,0.745597,0.740957,0.741620,1000
2023-09-22,0.741620,0.743202,0.740974,0.742556,1000
2023-09-25,0.742556,0.743504,0.741277,0.742225,1000
2023-09-26,0.742225,0.742621,0.739852,0.740247,1000
2023-09-27,0.740247,0.741275,0.739055,0.740083,1000
2023-09-28,0.740083,0.742588,0.739665,0.742170,1000
2023-09-29,0.742170,0.742839,0.738156,0.738825,1000
2023-10-02,0.738825,0.740242,0.730327,0.731743,1000
2023-10-03,0.731743,0.732319,0.728287,0.728863,1000
2023-10-04,0.728863,0.729451,0.727267,0.727855,1000
2023-10-05,0.727855,0.729027,0.726842,0.728014,1000
2023-10-06,0.728014,0.733067,0.727172,0.732225,1000
2023-10-10,0.732225,0.737272,0.731384,0.736431,1000
2023-10-11,0.736431,0.736842,0.733965,0.734376,1000
2023-10-12,0.734376,0.734796,0.731859,0.732279,1000
2023-10-13,0.732279,0.733539,0.731341,0.732601,1000
2023-10-16,0.732601,0.734861,0.732224,0.734484,1000
2023-10-17,0.734484,0.735396,0.733194,0.734107,1000
2023-10-18,0.734107,0.734900,0.729347,0.730140,1000
2023-10-19,0.730140,0.730701,0.728514,0.729076,1000
2023-10-20,0.729076,0.730810,0.728619,0.730353,1000
2023-10-23,0.730353,0.731878,0.729684,0.731208,1000
2023-10-24,0.731208,0.731932,0.726867,0.727590,1000
2023-10-25,0.727590,0.727940,0.725761,0.726111,1000
2023-10-26,0.726111,0.726720,0.722457,0.723066,1000
2023-10-27,0.723066,0.723441,0.720813,0.721189,1000
2023-10-30,0.721189,0.723504,0.720803,0.723118,1000
2023-10-31,0.723118,0.723629,0.720054,0.720565,1000
2023-11-01,0.720565,0.721620,0.719458,0.720513,1000
2023-11-02,0.720513,0.726219,0.719562,0.725268,1000
2023-11-03,0.725268,0.732717,0.724027,0.731475,1000
2023-11-06,0.731475,0.732814,0.730618,0.731957,1000
2023-11-07,0.731957,0.733095,0.725132,0.726269,1000
2023-11-08,0.726269,0.726593,0.724419,0.724743,1000
2023-11-09,0.724743,0.726764,0.724406,0.726427,1000
2023-11-13,0.726427,0.727121,0.724944,0.725637,1000
2023-11-14,0.725637,0.730082,0.724896,0.729341,1000
2023-11-15,0.729341,0.732288,0.728850,0.731797,1000
2023-11-16,0.731797,0.732955,0.724847,0.726006,1000
2023-11-17,0.726006,0.728161,0.725646,0.727802,1000
2023-11-20,0.727802,0.729426,0.727239,0.728863,1000
2023-11-21,0.728863,0.730780,0.728544,0.730460,1000
2023-11-22,0.730460,0.730918,0.727716,0.728173,1000
2023-11-24,0.728173,0.736200,0.726835,0.734862,1000
2023-11-27,0.734862,0.735288,0.733088,0.733514,1000
2023-11-28,0.733514,0.738122,0.732746,0.737354,1000
2023-11-29,0.737354,0.737723,0.735142,0.735510,1000
2023-11-30,0.735510,0.736858,0.734650,0.735998,1000
2023-12-01,0.735998,0.742019,0.734994,0.741015,1000
2023-12-04,0.741015,0.741475,0.738256,0.738716,1000
2023-12-05,0.738716,0.739151,0.736104,0.736540,1000
2023-12-06,0.736540,0.737563,0.735354,0.736377,1000
2023-12-07,0.736377,0.737101,0.734894,0.735619,1000
2023-12-08,0.735619,0.736695,0.734488,0.735565,1000
2023-12-11,0.735565,0.737402,0.735191,0.737028,1000
2023-12-12,0.737028,0.737494,0.734234,0.734700,1000
2023-12-13,0.734700,0.737364,0.734256,0.736920,1000
2023-12-14,0.736920,0.747871,0.735094,0.746046,1000
2023-12-15,0.746046,0.748054,0.745711,0.747719,1000
2023-12-18,0.747719,0.748365,0.746125,0.746770,1000
2023-12-19,0.746770,0.750196,0.746199,0.749625,1000
2023-12-20,0.749625,0.751258,0.749006,0.750638,1000
2023-12-21,0.750638,0.752557,0.750300,0.752219,1000
2023-12-22,0.752219,0.754602,0.751822,0.754205,1000
2023-12-26,0.754205,0.757699,0.753622,0.757117,1000
2023-12-27,0.757117,0.758454,0.756181,0.757518,1000
2023-12-28,0.757518,0.758626,0.756353,0.757461,1000
2023-12-29,0.757461,0.758597,0.756325,0.757461,1000
2024-01-02,0.757461,0.758690,0.750086,0.751315,1000
2024-01-03,0.751315,0.751855,0.748075,0.748615,1000
2024-01-04,0.748615,0.749822,0.747576,0.748783,1000
2024-01-05,0.748783,0.750582,0.748332,0.750131,1000
2024-01-08,0.750131,0.750468,0.748110,0.748447,1000
2024-01-09,0.748447,0.748925,0.746683,0.747161,1000
2024-01-10,0.747161,0.748422,0.746179,0.747440,1000
2024-01-11,0.747440,0.748107,0.743436,0.744103,1000
2024-01-12,0.744103,0.746769,0.743659,0.746324,1000
2024-01-16,0.746324,0.747133,0.741471,0.742280,1000
2024-01-17,0.742280,0.742840,0.738921,0.739481,1000
2024-01-18,0.739481,0.741139,0.738918,0.740576,1000
2024-01-19,0.740576,0.742952,0.740180,0.742556,1000
2024-01-22,0.742556,0.744030,0.741800,0.743273,1000
2024-01-23,0.743273,0.743626,0.741157,0.741510,1000
2024-01-24,0.741510,0.742815,0.740589,0.741895,1000
2024-01-25,0.741895,0.742732,0.740508,0.741345,1000
2024-01-26,0.741345,0.743527,0.740981,0.743163,1000
2024-01-29,0.743163,0.744749,0.742517,0.744103,1000
2024-01-30,0.744103,0.746101,0.743770,0.745768,1000
2024-01-31,0.745768,0.747585,0.745344,0.747161,1000
2024-02-01,0.747161,0.748394,0.746151,0.747384,1000
2024-02-02,0.747384,0.748250,0.742186,0.743052,1000
2024-02-05,0.743052,0.743876,0.738111,0.738934,1000
2024-02-06,0.738934,0.741168,0.738562,0.740796,1000
2024-02-07,0.740796,0.742709,0.740477,0.742390,1000
2024-02-08,0.742390,0.743698,0.741469,0.742776,1000
2024-02-09,0.742776,0.743476,0.741250,0.741950,1000
2024-02-12,0.741950,0.744667,0.741497,0.744214,1000
2024-02-13,0.744214,0.745596,0.735917,0.737300,1000
2024-02-14,0.737300,0.738761,0.736547,0.738007,1000
2024-02-15,0.738007,0.741749,0.737384,0.741125,1000
2024-02-16,0.741125,0.742512,0.740287,0.741675,1000
2024-02-20,0.741675,0.742048,0.739436,0.739809,1000
2024-02-21,0.739809,0.741276,0.739054,0.740521,1000
2024-02-22,0.740521,0.741852,0.739629,0.740960,1000
2024-02-23,0.740960,0.741907,0.739685,0.740631,1000
2024-02-26,0.740631,0.741440,0.739220,0.740028,1000
2024-02-27,0.740028,0.740891,0.738673,0.739536,1000
2024-02-28,0.739536,0.740059,0.736396,0.736920,1000
2024-02-29,0.736920,0.738080,0.735868,0.737028,1000
2024-03-01,0.737028,0.738543,0.736329,0.737844,1000
2024-03-04,0.737844,0.738678,0.736466,0.737300,1000
2024-03-05,0.737300,0.737970,0.735761,0.736431,1000
2024-03-06,0.736431,0.741010,0.735668,0.740247,1000
2024-03-07,0.740247,0.743084,0.739774,0.742611,1000
2024-03-08,0.742611,0.743670,0.741442,0.742501,1000
2024-03-11,0.742501,0.743145,0.740920,0.741565,1000
2024-03-12,0.741565,0.742401,0.740178,0.741015,1000
2024-03-13,0.741015,0.742816,0.740589,0.742390,1000
2024-03-14,0.742390,0.742896,0.739359,0.739864,1000
2024-03-15,0.739864,0.740590,0.738372,0.739098,1000
2024-03-18,0.739098,0.739933,0.737718,0.738552,1000
2024-03-19,0.738552,0.738966,0.736072,0.736485,1000
2024-03-20,0.736485,0.738026,0.735814,0.737354,1000
2024-03-21,0.737354,0.739171,0.736954,0.738771,1000
2024-03-22,0.738771,0.739401,0.734988,0.735619,1000
2024-03-25,0.735619,0.737130,0.734920,0.736431,1000
2024-03-26,0.736431,0.737835,0.735624,0.737028,1000
2024-03-27,0.737028,0.737644,0.735436,0.736052,1000
2024-03-28,0.736052,0.739708,0.735443,0.739098,1000
2024-03-29,0.739098,0.739933,0.737718,0.738552,1000
2024-04-01,0.738552,0.738977,0.736007,0.736431,1000
2024-04-02,0.736431,0.737781,0.735570,0.736920,1000
2024-04-03,0.736920,0.740124,0.736386,0.739590,1000
2024-04-04,0.739590,0.741469,0.739246,0.741125,1000
2024-04-05,0.741125,0.742075,0.735427,0.736377,1000
2024-04-08,0.736377,0.737400,0.735191,0.736214,1000
2024-04-09,0.736214,0.737319,0.735110,0.736214,1000
2024-04-10,0.736214,0.737344,0.729437,0.730567,1000
2024-04-11,0.730567,0.731208,0.729019,0.729661,1000
2024-04-12,0.729661,0.730202,0.726414,0.726956,1000
2024-04-15,0.726956,0.728179,0.725997,0.727220,1000
2024-04-16,0.727220,0.727988,0.722612,0.723380,1000
2024-04-17,0.723380,0.724990,0.722817,0.724428,1000
2024-04-18,0.724428,0.727524,0.723912,0.727008,1000
2024-04-19,0.727008,0.728444,0.726261,0.727696,1000
2024-04-22,0.727696,0.729346,0.727160,0.728810,1000
2024-04-23,0.728810,0.731688,0.728330,0.731208,1000
2024-04-24,0.731208,0.731688,0.728330,0.728810,1000
2024-04-25,0.728810,0.730726,0.728490,0.730407,1000
2024-04-26,0.730407,0.731851,0.729657,0.731101,1000
2024-04-29,0.731101,0.732977,0.730779,0.732654,1000
2024-04-30,0.732654,0.733710,0.726323,0.727379,1000
2024-05-01,0.727379,0.728151,0.725971,0.726744,1000
2024-05-02,0.726744,0.730819,0.726065,0.730140,1000
2024-05-03,0.730140,0.731583,0.729391,0.730834,1000
2024-05-06,0.730834,0.732682,0.730485,0.732332,1000
2024-05-07,0.732332,0.732941,0.728679,0.729288,1000
2024-05-08,0.729288,0.730196,0.728009,0.728916,1000
2024-05-09,0.728916,0.730784,0.728592,0.730460,1000
2024-05-10,0.730460,0.732280,0.730084,0.731904,1000
2024-05-13,0.731904,0.732679,0.730486,0.731261,1000
2024-05-14,0.731261,0.733030,0.730832,0.732601,1000
2024-05-15,0.732601,0.735055,0.732192,0.734646,1000
2024-05-16,0.734646,0.735910,0.733705,0.734970,1000
2024-05-17,0.734970,0.735829,0.733625,0.734484,1000
2024-05-20,0.734484,0.735694,0.733490,0.734700,1000
2024-05-21,0.734700,0.735055,0.732568,0.732923,1000
2024-05-22,0.732923,0.733404,0.731209,0.731689,1000
2024-05-23,0.731689,0.732010,0.729820,0.730140,1000
2024-05-24,0.730140,0.732128,0.729809,0.731797,1000
2024-05-28,0.731797,0.734052,0.731421,0.733676,1000
2024-05-29,0.733676,0.734447,0.729049,0.729820,1000
2024-05-30,0.729820,0.731999,0.729457,0.731636,1000
2024-05-31,0.731636,0.733325,0.731126,0.732815,1000
2024-06-03,0.732815,0.734454,0.732252,0.733891,1000
2024-06-04,0.733891,0.734513,0.730158,0.730780,1000
2024-06-05,0.730780,0.731315,0.729126,0.729661,1000
2024-06-06,0.729661,0.731317,0.729124,0.730780,1000
2024-06-07,0.730780,0.731450,0.726762,0.727431,1000
2024-06-10,0.727431,0.728310,0.726129,0.727008,1000
2024-06-11,0.727008,0.727860,0.725681,0.726533,1000
2024-06-12,0.726533,0.731246,0.725748,0.730460,1000
2024-06-13,0.730460,0.731055,0.726889,0.727484,1000
2024-06-14,0.727484,0.728868,0.726684,0.728067,1000
2024-06-17,0.728067,0.728708,0.726526,0.727167,1000
2024-06-18,0.727167,0.729028,0.726842,0.728704,1000
2024-06-20,0.728704,0.730330,0.728141,0.729767,1000
2024-06-21,0.729767,0.730995,0.728805,0.730034,1000
2024-06-24,0.730034,0.732599,0.729606,0.732172,1000
2024-06-25,0.732172,0.733270,0.731073,0.732172,1000
2024-06-26,0.732172,0.732589,0.729670,0.730087,1000
2024-06-27,0.730087,0.731289,0.729098,0.730300,1000
2024-06-28,0.730300,0.731636,0.729444,0.730780,1000
2024-07-01,0.730780,0.731397,0.727079,0.727696,1000
2024-07-02,0.727696,0.730949,0.727154,0.730407,1000
2024-07-03,0.730407,0.734717,0.729688,0.733999,1000
2024-07-05,0.733999,0.734911,0.732710,0.733622,1000
2024-07-08,0.733622,0.734560,0.732361,0.733299,1000
2024-07-09,0.733299,0.734426,0.732226,0.733353,1000
2024-07-10,0.733353,0.735210,0.733005,0.734862,1000
2024-07-11,0.734862,0.735666,0.733464,0.734268,1000
2024-07-12,0.734268,0.735154,0.732952,0.733837,1000
2024-07-15,0.733837,0.734213,0.731581,0.731957,1000
2024-07-16,0.731957,0.732411,0.730219,0.730674,1000
2024-07-17,0.730674,0.731850,0.729658,0.730834,1000
2024-07-18,0.730834,0.731609,0.729418,0.730194,1000
2024-07-19,0.730194,0.730542,0.728356,0.728704,1000
2024-07-22,0.728704,0.729053,0.726606,0.726956,1000
2024-07-23,0.726956,0.727861,0.725681,0.726586,1000
2024-07-24,0.726586,0.727147,0.724970,0.725531,1000
2024-07-25,0.725531,0.725935,0.723762,0.724165,1000
2024-07-26,0.724165,0.724648,0.722479,0.722961,1000
2024-07-29,0.722961,0.723496,0.721330,0.721865,1000
2024-07-30,0.721865,0.723079,0.720912,0.722126,1000
2024-07-31,0.722126,0.724762,0.721687,0.724323,1000
2024-08-01,0.724323,0.724731,0.721874,0.722282,1000
2024-08-02,0.722282,0.723340,0.721173,0.722230,1000
2024-08-05,0.722230,0.723995,0.721824,0.723589,1000
2024-08-06,0.723589,0.725437,0.723262,0.725111,1000
2024-08-07,0.725111,0.729040,0.724456,0.728385,1000
2024-08-08,0.728385,0.729132,0.726949,0.727696,1000
2024-08-09,0.727696,0.729240,0.727054,0.728597,1000
2024-08-12,0.728597,0.729265,0.727082,0.727749,1000
2024-08-13,0.727749,0.729319,0.727133,0.728704,1000
2024-08-14,0.728704,0.730517,0.728327,0.730140,1000
2024-08-15,0.730140,0.731102,0.728912,0.729874,1000
2024-08-16,0.729874,0.730862,0.728673,0.729661,1000
2024-08-19,0.729661,0.732609,0.729169,0.732118,1000
2024-08-20,0.732118,0.733970,0.731770,0.733622,1000
2024-08-21,0.733622,0.736733,0.733103,0.736214,1000
2024-08-22,0.736214,0.736722,0.734517,0.735024,1000
2024-08-23,0.735024,0.740963,0.734034,0.739973,1000
2024-08-26,0.739973,0.741883,0.739655,0.741565,1000
2024-08-27,0.741565,0.743615,0.741223,0.743273,1000
2024-08-28,0.743273,0.744167,0.741938,0.742832,1000
2024-08-29,0.742832,0.744001,0.741772,0.742942,1000
2024-08-30,0.742942,0.743305,0.740762,0.741125,1000
2024-09-03,0.741125,0.741672,0.737842,0.738389,1000
2024-09-04,0.738389,0.740154,0.737935,0.739700,1000
2024-09-05,0.739700,0.740919,0.738699,0.739919,1000
2024-09-06,0.739919,0.740421,0.736907,0.737409,1000
2024-09-09,0.737409,0.738542,0.736330,0.737463,1000
2024-09-10,0.737463,0.737973,0.734406,0.734916,1000
2024-09-11,0.734916,0.736344,0.734137,0.735565,1000
2024-09-12,0.735565,0.736668,0.734461,0.735565,1000
2024-09-13,0.735565,0.737048,0.734839,0.736323,1000
2024-09-16,0.736323,0.736939,0.734732,0.735348,1000
2024-09-17,0.735348,0.736478,0.734272,0.735402,1000
2024-09-18,0.735402,0.736261,0.734057,0.734916,1000
2024-09-19,0.734916,0.737973,0.734406,0.737463,1000
2024-09-20,0.737463,0.738433,0.736221,0.737191,1000
2024-09-23,0.737191,0.741319,0.736503,0.740631,1000
2024-09-24,0.740631,0.742742,0.740279,0.742390,1000
2024-09-25,0.742390,0.743615,0.741387,0.742611,1000
2024-09-26,0.742611,0.743725,0.741497,0.742611,1000
2024-09-27,0.742611,0.743029,0.740103,0.740521,1000
2024-09-30,0.740521,0.741440,0.739219,0.740138,1000
2024-10-01,0.740138,0.741771,0.739547,0.741180,1000
2024-10-02,0.741180,0.742485,0.740260,0.741565,1000
2024-10-03,0.741565,0.742091,0.738408,0.738934,1000
2024-10-04,0.738934,0.739424,0.735996,0.736485,1000
2024-10-07,0.736485,0.736810,0.734537,0.734862,1000
2024-10-08,0.734862,0.735443,0.731376,0.731957,1000
2024-10-09,0.731957,0.732519,0.730326,0.730887,1000
2024-10-10,0.730887,0.731631,0.726423,0.727167,1000
2024-10-11,0.727167,0.727834,0.725655,0.726322,1000
2024-10-15,0.726322,0.726690,0.724112,0.724480,1000
2024-10-16,0.724480,0.726437,0.724154,0.726111,1000
2024-10-17,0.726111,0.726698,0.724523,0.725111,1000
2024-10-18,0.725111,0.725856,0.723682,0.724428,1000
2024-10-21,0.724428,0.724878,0.721728,0.722178,1000
2024-10-22,0.722178,0.723707,0.721537,0.723066,1000
2024-10-23,0.723066,0.723941,0.721773,0.722648,1000
2024-10-24,0.722648,0.723209,0.721044,0.721605,1000
2024-10-25,0.721605,0.722062,0.719901,0.720357,1000
2024-10-28,0.720357,0.720892,0.718734,0.719269,1000
2024-10-29,0.719269,0.720193,0.718036,0.718959,1000
2024-10-30,0.718959,0.719986,0.717829,0.718856,1000
2024-10-31,0.718856,0.719210,0.717057,0.717412,1000
2024-11-01,0.717412,0.718849,0.716695,0.718133,1000
2024-11-04,0.718133,0.719910,0.717751,0.719528,1000
2024-11-05,0.719528,0.722520,0.719029,0.722022,1000
2024-11-06,0.722022,0.722841,0.717108,0.717927,1000
2024-11-07,0.717927,0.721841,0.717274,0.721189,1000
2024-11-08,0.721189,0.721758,0.717769,0.718339,1000
2024-11-12,0.718339,0.718700,0.716177,0.716538,1000
2024-11-13,0.716538,0.716867,0.714722,0.715052,1000
2024-11-14,0.715052,0.715460,0.712605,0.713012,1000
2024-11-15,0.713012,0.713529,0.709912,0.710429,1000
2024-11-18,0.710429,0.713346,0.709943,0.712860,1000
2024-11-19,0.712860,0.715736,0.712381,0.715256,1000
2024-11-20,0.715256,0.715970,0.713827,0.714541,1000
2024-11-21,0.714541,0.716691,0.714183,0.716332,1000
2024-11-22,0.716332,0.716765,0.714620,0.715052,1000
2024-11-25,0.715052,0.715663,0.713521,0.714133,1000
2024-11-26,0.714133,0.714691,0.710780,0.711339,1000
2024-11-27,0.711339,0.713169,0.711030,0.712860,1000
2024-11-29,0.712860,0.714286,0.712146,0.713572,1000
2024-12-02,0.713572,0.714130,0.710225,0.710783,1000
2024-12-03,0.710783,0.711950,0.709817,0.710985,1000
2024-12-04,0.710985,0.711950,0.709817,0.710783,1000
2024-12-05,0.710783,0.712849,0.710438,0.712504,1000
2024-12-06,0.712504,0.713603,0.705915,0.707014,1000
2024-12-09,0.707014,0.708677,0.706552,0.708215,1000
2024-12-10,0.708215,0.708615,0.705815,0.706215,1000
2024-12-11,0.706215,0.708254,0.705875,0.707914,1000
2024-12-12,0.707914,0.708444,0.704739,0.705268,1000
2024-12-13,0.705268,0.705873,0.701643,0.702247,1000
2024-12-16,0.702247,0.703548,0.701440,0.702741,1000
2024-12-17,0.702741,0.703546,0.697909,0.698714,1000
2024-12-18,0.698714,0.699200,0.697107,0.697593,1000
2024-12-19,0.697593,0.697894,0.695787,0.696088,1000
2024-12-20,0.696088,0.697424,0.695334,0.696670,1000
2024-12-23,0.696670,0.697018,0.694578,0.694927,1000
2024-12-24,0.694927,0.696139,0.694053,0.695265,1000
2024-12-26,0.695265,0.695800,0.693717,0.694252,1000
2024-12-27,0.694252,0.694593,0.692515,0.692857,1000
2024-12-30,0.692857,0.696269,0.692288,0.695701,1000
2024-12-31,0.695701,0.696114,0.694031,0.694444,1000
