date,open,high,low,close,volume
2022-12-15 00:00:00,1.063830,1.063830,1.063830,1.063830,50
2022-12-15 01:00:00,1.063830,1.063830,1.063830,1.063830,50
2022-12-15 02:00:00,1.063830,1.063830,1.063830,1.063830,50
2022-12-15 03:00:00,1.063830,1.063830,1.063830,1.063830,50
2022-12-15 04:00:00,1.063830,1.063830,1.063830,1.063830,50
2022-12-15 05:00:00,1.063830,1.063830,1.063830,1.063830,50
2022-12-15 06:00:00,1.063830,1.063830,1.063830,1.063830,50
2022-12-15 07:00:00,1.063830,1.063830,1.063830,1.063830,50
2022-12-15 08:00:00,1.063830,1.063830,1.063830,1.063830,50
2022-12-15 09:00:00,1.063830,1.063830,1.063830,1.063830,50
2022-12-15 10:00:00,1.063830,1.063830,1.063830,1.063830,50
2022-12-15 11:00:00,1.063830,1.063830,1.063830,1.063830,50
2022-12-15 12:00:00,1.063830,1.063830,1.063830,1.063830,50
2022-12-15 13:00:00,1.063830,1.063830,1.063830,1.063830,50
2022-12-15 14:00:00,1.063830,1.063830,1.063830,1.063830,50
2022-12-15 15:00:00,1.063830,1.063830,1.063830,1.063830,50
2022-12-15 16:00:00,1.063830,1.063830,1.063830,1.063830,50
2022-12-15 17:00:00,1.063830,1.063830,1.063830,1.063830,50
2022-12-15 18:00:00,1.063830,1.063830,1.063830,1.063830,50
2022-12-15 19:00:00,1.063830,1.063830,1.063830,1.063830,50
2022-12-15 20:00:00,1.063830,1.063830,1.063830,1.063830,50
2022-12-15 21:00:00,1.063830,1.063830,1.063830,1.063830,50
2022-12-15 22:00:00,1.063830,1.063830,1.063830,1.063830,50
2022-12-15 23:00:00,1.063830,1.063830,1.063830,1.063830,50
2022-12-16 00:00:00,1.063830,1.064542,1.063682,1.064394,50
2022-12-16 01:00:00,1.064394,1.064624,1.063711,1.063941,50
2022-12-16 02:00:00,1.063941,1.063949,1.063664,1.063672,50
2022-12-16 03:00:00,1.063672,1.064080,1.063580,1.063989,50
2022-12-16 04:00:00,1.063989,1.064102,1.063851,1.063964,50
2022-12-16 05:00:00,1.063964,1.064181,1.063586,1.063804,50
2022-12-16 06:00:00,1.063804,1.063848,1.063693,1.063738,50
2022-12-16 07:00:00,1.063738,1.063799,1.063617,1.063678,50
2022-12-16 08:00:00,1.063678,1.063737,1.063177,1.063235,50
2022-12-16 09:00:00,1.063235,1.063247,1.062557,1.062569,50
2022-12-16 10:00:00,1.062569,1.062729,1.061388,1.061547,50
2022-12-16 11:00:00,1.061547,1.061808,1.061354,1.061615,50
2022-12-16 12:00:00,1.061615,1.062208,1.061511,1.062105,50
2022-12-16 13:00:00,1.062105,1.062114,1.061626,1.061635,50
2022-12-16 14:00:00,1.061635,1.062018,1.061466,1.061849,50
2022-12-16 15:00:00,1.061849,1.062575,1.061674,1.062400,50
2022-12-16 16:00:00,1.062400,1.062555,1.061102,1.061257,50
2022-12-16 17:00:00,1.061257,1.061335,1.060609,1.060687,50
2022-12-16 18:00:00,1.060687,1.061124,1.060490,1.060928,50
2022-12-16 19:00:00,1.060928,1.061295,1.060778,1.061145,50
2022-12-16 20:00:00,1.061145,1.061285,1.060737,1.060877,50
2022-12-16 21:00:00,1.060877,1.061005,1.060622,1.060751,50
2022-12-16 22:00:00,1.060751,1.060806,1.060388,1.060444,50
2022-12-16 23:00:00,1.060444,1.061116,1.060336,1.061008,50
2022-12-19 00:00:00,1.061008,1.061156,1.059943,1.060091,50
2022-12-19 01:00:00,1.060091,1.060713,1.059907,1.060529,50
2022-12-19 02:00:00,1.060529,1.060850,1.060511,1.060832,50
2022-12-19 03:00:00,1.060832,1.061020,1.060815,1.061003,50
2022-12-19 04:00:00,1.061003,1.061198,1.060860,1.061054,50
2022-12-19 05:00:00,1.061054,1.061140,1.060994,1.061079,50
2022-12-19 06:00:00,1.061079,1.061153,1.060965,1.061039,50
2022-12-19 07:00:00,1.061039,1.061394,1.060871,1.061226,50
2022-12-19 08:00:00,1.061226,1.061369,1.060847,1.060990,50
2022-12-19 09:00:00,1.060990,1.061702,1.060864,1.061575,50
2022-12-19 10:00:00,1.061575,1.062264,1.061409,1.062098,50
2022-12-19 11:00:00,1.062098,1.062357,1.061958,1.062217,50
2022-12-19 12:00:00,1.062217,1.062823,1.062062,1.062668,50
2022-12-19 13:00:00,1.062668,1.063303,1.062545,1.063180,50
2022-12-19 14:00:00,1.063180,1.063293,1.063045,1.063158,50
2022-12-19 15:00:00,1.063158,1.063169,1.062884,1.062895,50
2022-12-19 16:00:00,1.062895,1.063421,1.062721,1.063247,50
2022-12-19 17:00:00,1.063247,1.063421,1.062576,1.062750,50
2022-12-19 18:00:00,1.062750,1.063167,1.062683,1.063100,50
2022-12-19 19:00:00,1.063100,1.063398,1.062980,1.063278,50
2022-12-19 20:00:00,1.063278,1.063281,1.063009,1.063012,50
2022-12-19 21:00:00,1.063012,1.063108,1.062091,1.062187,50
2022-12-19 22:00:00,1.062187,1.062443,1.062068,1.062324,50
2022-12-19 23:00:00,1.062324,1.062417,1.062268,1.062361,50
2022-12-20 00:00:00,1.062361,1.063866,1.062217,1.063723,50
2022-12-20 01:00:00,1.063723,1.063827,1.063344,1.063448,50
2022-12-20 02:00:00,1.063448,1.063469,1.062720,1.062741,50
2022-12-20 03:00:00,1.062741,1.062784,1.062257,1.062300,50
2022-12-20 04:00:00,1.062300,1.062465,1.062203,1.062368,50
2022-12-20 05:00:00,1.062368,1.063019,1.062219,1.062870,50
2022-12-20 06:00:00,1.062870,1.062923,1.061936,1.061988,50
2022-12-20 07:00:00,1.061988,1.062009,1.061457,1.061477,50
2022-12-20 08:00:00,1.061477,1.061700,1.061409,1.061632,50
2022-12-20 09:00:00,1.061632,1.061678,1.061619,1.061664,50
2022-12-20 10:00:00,1.061664,1.061729,1.061266,1.061330,50
2022-12-20 11:00:00,1.061330,1.062206,1.061163,1.062039,50
2022-12-20 12:00:00,1.062039,1.062200,1.062004,1.062165,50
2022-12-20 13:00:00,1.062165,1.062222,1.061918,1.061976,50
2022-12-20 14:00:00,1.061976,1.062574,1.061828,1.062426,50
2022-12-20 15:00:00,1.062426,1.062465,1.062138,1.062177,50
2022-12-20 16:00:00,1.062177,1.063160,1.062155,1.063138,50
2022-12-20 17:00:00,1.063138,1.063186,1.062894,1.062942,50
2022-12-20 18:00:00,1.062942,1.064009,1.062825,1.063892,50
2022-12-20 19:00:00,1.063892,1.064657,1.063756,1.064521,50
2022-12-20 20:00:00,1.064521,1.064650,1.064148,1.064277,50
2022-12-20 21:00:00,1.064277,1.064322,1.064265,1.064310,50
2022-12-20 22:00:00,1.064310,1.064364,1.064094,1.064148,50
2022-12-20 23:00:00,1.064148,1.064171,1.063468,1.063490,50
2022-12-21 00:00:00,1.063490,1.063672,1.063158,1.063340,50
2022-12-21 01:00:00,1.063340,1.063509,1.062291,1.062460,50
2022-12-21 02:00:00,1.062460,1.063600,1.062229,1.063369,50
2022-12-21 03:00:00,1.063369,1.063442,1.063024,1.063096,50
2022-12-21 04:00:00,1.063096,1.064385,1.062842,1.064130,50
2022-12-21 05:00:00,1.064130,1.064489,1.063853,1.064212,50
2022-12-21 06:00:00,1.064212,1.064222,1.063154,1.063165,50
2022-12-21 07:00:00,1.063165,1.063266,1.062789,1.062891,50
2022-12-21 08:00:00,1.062891,1.063000,1.062305,1.062415,50
2022-12-21 09:00:00,1.062415,1.062532,1.062228,1.062344,50
2022-12-21 10:00:00,1.062344,1.062740,1.062181,1.062576,50
2022-12-21 11:00:00,1.062576,1.062653,1.059850,1.059927,50
2022-12-21 12:00:00,1.059927,1.061398,1.059730,1.061202,50
2022-12-21 13:00:00,1.061202,1.061469,1.060786,1.061053,50
2022-12-21 14:00:00,1.061053,1.061334,1.058881,1.059162,50
2022-12-21 15:00:00,1.059162,1.060496,1.058906,1.060239,50
2022-12-21 16:00:00,1.060239,1.060978,1.060173,1.060912,50
2022-12-21 17:00:00,1.060912,1.061442,1.060686,1.061217,50
2022-12-21 18:00:00,1.061217,1.062410,1.060982,1.062175,50
2022-12-21 19:00:00,1.062175,1.062500,1.061992,1.062317,50
2022-12-21 20:00:00,1.062317,1.062521,1.061854,1.062058,50
2022-12-21 21:00:00,1.062058,1.062215,1.061972,1.062129,50
2022-12-21 22:00:00,1.062129,1.063472,1.061894,1.063237,50
2022-12-21 23:00:00,1.063237,1.063310,1.059811,1.059883,50
2022-12-22 00:00:00,1.059883,1.060397,1.059819,1.060333,50
2022-12-22 01:00:00,1.060333,1.060463,1.060268,1.060399,50
2022-12-22 02:00:00,1.060399,1.060644,1.060239,1.060484,50
2022-12-22 03:00:00,1.060484,1.060880,1.060432,1.060828,50
2022-12-22 04:00:00,1.060828,1.060952,1.060452,1.060575,50
2022-12-22 05:00:00,1.060575,1.060857,1.060397,1.060678,50
2022-12-22 06:00:00,1.060678,1.060787,1.060551,1.060660,50
2022-12-22 07:00:00,1.060660,1.060964,1.060606,1.060910,50
2022-12-22 08:00:00,1.060910,1.060937,1.060053,1.060079,50
2022-12-22 09:00:00,1.060079,1.060384,1.059955,1.060259,50
2022-12-22 10:00:00,1.060259,1.060293,1.059753,1.059787,50
2022-12-22 11:00:00,1.059787,1.059863,1.059332,1.059409,50
2022-12-22 12:00:00,1.059409,1.059564,1.059153,1.059309,50
2022-12-22 13:00:00,1.059309,1.059458,1.058670,1.058819,50
2022-12-22 14:00:00,1.058819,1.058871,1.058623,1.058676,50
2022-12-22 15:00:00,1.058676,1.058941,1.058606,1.058872,50
2022-12-22 16:00:00,1.058872,1.058927,1.058783,1.058838,50
2022-12-22 17:00:00,1.058838,1.058894,1.058623,1.058679,50
2022-12-22 18:00:00,1.058679,1.058773,1.058132,1.058226,50
2022-12-22 19:00:00,1.058226,1.058248,1.058013,1.058036,50
2022-12-22 20:00:00,1.058036,1.058057,1.057900,1.057922,50
2022-12-22 21:00:00,1.057922,1.057950,1.057706,1.057734,50
2022-12-22 22:00:00,1.057734,1.057908,1.057671,1.057845,50
2022-12-22 23:00:00,1.057845,1.058863,1.057743,1.058761,50
2022-12-23 00:00:00,1.058761,1.058937,1.058490,1.058666,50
2022-12-23 01:00:00,1.058666,1.059113,1.058479,1.058925,50
2022-12-23 02:00:00,1.058925,1.059910,1.058730,1.059716,50
2022-12-23 03:00:00,1.059716,1.060632,1.059458,1.060374,50
2022-12-23 04:00:00,1.060374,1.060433,1.060119,1.060178,50
2022-12-23 05:00:00,1.060178,1.060396,1.059946,1.060164,50
2022-12-23 06:00:00,1.060164,1.061150,1.060145,1.061131,50
2022-12-23 07:00:00,1.061131,1.061483,1.061059,1.061411,50
2022-12-23 08:00:00,1.061411,1.062148,1.061242,1.061980,50
2022-12-23 09:00:00,1.061980,1.062900,1.061889,1.062810,50
2022-12-23 10:00:00,1.062810,1.062948,1.062171,1.062309,50
2022-12-23 11:00:00,1.062309,1.062372,1.061711,1.061774,50
2022-12-23 12:00:00,1.061774,1.062364,1.061702,1.062292,50
2022-12-23 13:00:00,1.062292,1.062416,1.061507,1.061631,50
2022-12-23 14:00:00,1.061631,1.061805,1.060898,1.061072,50
2022-12-23 15:00:00,1.061072,1.061268,1.060598,1.060794,50
2022-12-23 16:00:00,1.060794,1.060939,1.060653,1.060797,50
2022-12-23 17:00:00,1.060797,1.061241,1.060690,1.061133,50
2022-12-23 18:00:00,1.061133,1.061407,1.060329,1.060602,50
2022-12-23 19:00:00,1.060602,1.061100,1.060382,1.060880,50
2022-12-23 20:00:00,1.060880,1.061104,1.060725,1.060949,50
2022-12-23 21:00:00,1.060949,1.061103,1.060312,1.060466,50
2022-12-23 22:00:00,1.060466,1.060508,1.059227,1.059269,50
2022-12-23 23:00:00,1.059269,1.062191,1.059213,1.062135,50
2022-12-27 00:00:00,1.062135,1.063603,1.061916,1.063384,50
2022-12-27 01:00:00,1.063384,1.063568,1.063207,1.063390,50
2022-12-27 02:00:00,1.063390,1.063509,1.063017,1.063135,50
2022-12-27 03:00:00,1.063135,1.063198,1.062776,1.062838,50
2022-12-27 04:00:00,1.062838,1.062912,1.061405,1.061479,50
2022-12-27 05:00:00,1.061479,1.061965,1.061222,1.061709,50
2022-12-27 06:00:00,1.061709,1.062291,1.061516,1.062098,50
2022-12-27 07:00:00,1.062098,1.062359,1.062069,1.062330,50
2022-12-27 08:00:00,1.062330,1.062581,1.061981,1.062232,50
2022-12-27 09:00:00,1.062232,1.062307,1.061961,1.062036,50
2022-12-27 10:00:00,1.062036,1.062782,1.061845,1.062591,50
2022-12-27 11:00:00,1.062591,1.063523,1.062464,1.063396,50
2022-12-27 12:00:00,1.063396,1.063930,1.063322,1.063856,50
2022-12-27 13:00:00,1.063856,1.063913,1.063739,1.063797,50
2022-12-27 14:00:00,1.063797,1.064488,1.063637,1.064329,50
2022-12-27 15:00:00,1.064329,1.065774,1.064215,1.065661,50
2022-12-27 16:00:00,1.065661,1.065833,1.065140,1.065312,50
2022-12-27 17:00:00,1.065312,1.066149,1.065120,1.065958,50
2022-12-27 18:00:00,1.065958,1.066183,1.065134,1.065359,50
2022-12-27 19:00:00,1.065359,1.065595,1.064648,1.064883,50
2022-12-27 20:00:00,1.064883,1.066245,1.064711,1.066073,50
2022-12-27 21:00:00,1.066073,1.066339,1.065105,1.065371,50
2022-12-27 22:00:00,1.065371,1.065508,1.064884,1.065021,50
2022-12-27 23:00:00,1.065021,1.065661,1.064776,1.065417,50
2022-12-28 00:00:00,1.065417,1.066121,1.065319,1.066023,50
2022-12-28 01:00:00,1.066023,1.066232,1.065139,1.065348,50
2022-12-28 02:00:00,1.065348,1.065595,1.064545,1.064792,50
2022-12-28 03:00:00,1.064792,1.064994,1.063687,1.063890,50
2022-12-28 04:00:00,1.063890,1.063942,1.063754,1.063806,50
2022-12-28 05:00:00,1.063806,1.064008,1.062885,1.063087,50
2022-12-28 06:00:00,1.063087,1.063204,1.062457,1.062574,50
2022-12-28 07:00:00,1.062574,1.063053,1.062351,1.062830,50
2022-12-28 08:00:00,1.062830,1.062955,1.061799,1.061924,50
2022-12-28 09:00:00,1.061924,1.062351,1.061683,1.062110,50
2022-12-28 10:00:00,1.062110,1.063139,1.061847,1.062876,50
2022-12-28 11:00:00,1.062876,1.063335,1.062657,1.063115,50
2022-12-28 12:00:00,1.063115,1.063797,1.062895,1.063577,50
2022-12-28 13:00:00,1.063577,1.064073,1.063359,1.063855,50
2022-12-28 14:00:00,1.063855,1.064013,1.063117,1.063275,50
2022-12-28 15:00:00,1.063275,1.063333,1.063228,1.063287,50
2022-12-28 16:00:00,1.063287,1.063549,1.061914,1.062177,50
2022-12-28 17:00:00,1.062177,1.062413,1.062053,1.062290,50
2022-12-28 18:00:00,1.062290,1.062294,1.061852,1.061856,50
2022-12-28 19:00:00,1.061856,1.061972,1.061662,1.061778,50
2022-12-28 20:00:00,1.061778,1.062925,1.061668,1.062814,50
2022-12-28 21:00:00,1.062814,1.062868,1.062615,1.062669,50
2022-12-28 22:00:00,1.062669,1.062924,1.062067,1.062322,50
2022-12-28 23:00:00,1.062322,1.062352,1.062218,1.062248,50
2022-12-29 00:00:00,1.062248,1.063453,1.061907,1.063113,50
2022-12-29 01:00:00,1.063113,1.063473,1.062692,1.063053,50
2022-12-29 02:00:00,1.063053,1.063273,1.062605,1.062824,50
2022-12-29 03:00:00,1.062824,1.063080,1.061086,1.061341,50
2022-12-29 04:00:00,1.061341,1.062922,1.061006,1.062586,50
2022-12-29 05:00:00,1.062586,1.062793,1.061901,1.062108,50
2022-12-29 06:00:00,1.062108,1.062835,1.062054,1.062780,50
2022-12-29 07:00:00,1.062780,1.062979,1.062209,1.062407,50
2022-12-29 08:00:00,1.062407,1.063957,1.062205,1.063755,50
2022-12-29 09:00:00,1.063755,1.063823,1.063642,1.063711,50
2022-12-29 10:00:00,1.063711,1.064238,1.063675,1.064202,50
2022-12-29 11:00:00,1.064202,1.065375,1.064132,1.065305,50
2022-12-29 12:00:00,1.065305,1.065571,1.064804,1.065070,50
2022-12-29 13:00:00,1.065070,1.065379,1.064507,1.064816,50
2022-12-29 14:00:00,1.064816,1.065066,1.064418,1.064668,50
2022-12-29 15:00:00,1.064668,1.064958,1.064505,1.064795,50
2022-12-29 16:00:00,1.064795,1.065532,1.064784,1.065521,50
2022-12-29 17:00:00,1.065521,1.065861,1.065520,1.065860,50
2022-12-29 18:00:00,1.065860,1.066237,1.065611,1.065987,50
2022-12-29 19:00:00,1.065987,1.067233,1.065786,1.067032,50
2022-12-29 20:00:00,1.067032,1.067446,1.066858,1.067272,50
2022-12-29 21:00:00,1.067272,1.067337,1.065865,1.065930,50
2022-12-29 22:00:00,1.065930,1.067734,1.065883,1.067687,50
2022-12-29 23:00:00,1.067687,1.067756,1.066712,1.066780,50
2022-12-30 00:00:00,1.066780,1.067668,1.066536,1.067424,50
2022-12-30 01:00:00,1.067424,1.068560,1.067410,1.068546,50
2022-12-30 02:00:00,1.068546,1.069825,1.068477,1.069756,50
2022-12-30 03:00:00,1.069756,1.069778,1.069394,1.069416,50
2022-12-30 04:00:00,1.069416,1.069585,1.068356,1.068525,50
2022-12-30 05:00:00,1.068525,1.069000,1.068422,1.068897,50
2022-12-30 06:00:00,1.068897,1.069137,1.068788,1.069028,50
2022-12-30 07:00:00,1.069028,1.070370,1.068966,1.070308,50
2022-12-30 08:00:00,1.070308,1.070502,1.069977,1.070171,50
2022-12-30 09:00:00,1.070171,1.070530,1.069982,1.070341,50
2022-12-30 10:00:00,1.070341,1.070452,1.068910,1.069021,50
2022-12-30 11:00:00,1.069021,1.069227,1.066448,1.066653,50
2022-12-30 12:00:00,1.066653,1.066723,1.066596,1.066666,50
2022-12-30 13:00:00,1.066666,1.067369,1.066580,1.067283,50
2022-12-30 14:00:00,1.067283,1.067545,1.067045,1.067306,50
2022-12-30 15:00:00,1.067306,1.067847,1.067249,1.067790,50
2022-12-30 16:00:00,1.067790,1.068373,1.067754,1.068338,50
2022-12-30 17:00:00,1.068338,1.068346,1.067669,1.067677,50
2022-12-30 18:00:00,1.067677,1.067845,1.067452,1.067620,50
2022-12-30 19:00:00,1.067620,1.067824,1.066986,1.067190,50
2022-12-30 20:00:00,1.067190,1.068349,1.067177,1.068337,50
2022-12-30 21:00:00,1.068337,1.068510,1.068217,1.068391,50
2022-12-30 22:00:00,1.068391,1.068976,1.068292,1.068878,50
2022-12-30 23:00:00,1.068878,1.069829,1.068796,1.069748,50
2023-01-03 00:00:00,1.069748,1.070258,1.064436,1.064947,50
2023-01-03 01:00:00,1.064947,1.066602,1.063900,1.065555,50
2023-01-03 02:00:00,1.065555,1.068329,1.065116,1.067890,50
2023-01-03 03:00:00,1.067890,1.068765,1.067876,1.068750,50
2023-01-03 04:00:00,1.068750,1.069061,1.066389,1.066699,50
2023-01-03 05:00:00,1.066699,1.067507,1.066431,1.067239,50
2023-01-03 06:00:00,1.067239,1.069952,1.067215,1.069928,50
2023-01-03 07:00:00,1.069928,1.070970,1.067946,1.068988,50
2023-01-03 08:00:00,1.068988,1.073382,1.068132,1.072526,50
2023-01-03 09:00:00,1.072526,1.072685,1.069131,1.069290,50
2023-01-03 10:00:00,1.069290,1.069573,1.066492,1.066775,50
2023-01-03 11:00:00,1.066775,1.070324,1.065631,1.069180,50
2023-01-03 12:00:00,1.069180,1.069997,1.062210,1.063028,50
2023-01-03 13:00:00,1.063028,1.063549,1.060257,1.060779,50
2023-01-03 14:00:00,1.060779,1.064228,1.060103,1.063552,50
2023-01-03 15:00:00,1.063552,1.065581,1.062405,1.064434,50
2023-01-03 16:00:00,1.064434,1.067229,1.064155,1.066950,50
2023-01-03 17:00:00,1.066950,1.068370,1.066213,1.067633,50
2023-01-03 18:00:00,1.067633,1.067651,1.066045,1.066063,50
2023-01-03 19:00:00,1.066063,1.067359,1.065497,1.066793,50
2023-01-03 20:00:00,1.066793,1.067067,1.061108,1.061382,50
2023-01-03 21:00:00,1.061382,1.061779,1.054280,1.054677,50
2023-01-03 22:00:00,1.054677,1.055257,1.054218,1.054798,50
2023-01-03 23:00:00,1.054798,1.056353,1.054300,1.055855,50
2023-01-04 00:00:00,1.055855,1.058608,1.055828,1.058581,50
2023-01-04 01:00:00,1.058581,1.058701,1.057300,1.057420,50
2023-01-04 02:00:00,1.057420,1.057680,1.056312,1.056572,50
2023-01-04 03:00:00,1.056572,1.056959,1.055022,1.055409,50
2023-01-04 04:00:00,1.055409,1.055510,1.054520,1.054621,50
2023-01-04 05:00:00,1.054621,1.056237,1.054225,1.055841,50
2023-01-04 06:00:00,1.055841,1.056316,1.055629,1.056103,50
2023-01-04 07:00:00,1.056103,1.056261,1.055172,1.055330,50
2023-01-04 08:00:00,1.055330,1.056160,1.054900,1.055730,50
2023-01-04 09:00:00,1.055730,1.058032,1.055675,1.057976,50
2023-01-04 10:00:00,1.057976,1.059034,1.057493,1.058550,50
2023-01-04 11:00:00,1.058550,1.059650,1.058389,1.059489,50
2023-01-04 12:00:00,1.059489,1.060364,1.059301,1.060176,50
2023-01-04 13:00:00,1.060176,1.060282,1.059487,1.059592,50
2023-01-04 14:00:00,1.059592,1.060015,1.059350,1.059773,50
2023-01-04 15:00:00,1.059773,1.061128,1.059336,1.060692,50
2023-01-04 16:00:00,1.060692,1.062030,1.060577,1.061915,50
2023-01-04 17:00:00,1.061915,1.062470,1.061628,1.062182,50
2023-01-04 18:00:00,1.062182,1.062584,1.061954,1.062356,50
2023-01-04 19:00:00,1.062356,1.062702,1.062199,1.062546,50
2023-01-04 20:00:00,1.062546,1.062613,1.062309,1.062377,50
2023-01-04 21:00:00,1.062377,1.062738,1.060637,1.060999,50
2023-01-04 22:00:00,1.060999,1.062745,1.060784,1.062530,50
2023-01-04 23:00:00,1.062530,1.062773,1.061779,1.062022,50
2023-01-05 00:00:00,1.062022,1.064356,1.061655,1.063989,50
2023-01-05 01:00:00,1.063989,1.064578,1.062960,1.063550,50
2023-01-05 02:00:00,1.063550,1.063653,1.061512,1.061615,50
2023-01-05 03:00:00,1.061615,1.062492,1.061061,1.061938,50
2023-01-05 04:00:00,1.061938,1.062524,1.061886,1.062471,50
2023-01-05 05:00:00,1.062471,1.062649,1.057519,1.057696,50
2023-01-05 06:00:00,1.057696,1.058254,1.056120,1.056678,50
2023-01-05 07:00:00,1.056678,1.057390,1.056521,1.057233,50
2023-01-05 08:00:00,1.057233,1.057345,1.056699,1.056810,50
2023-01-05 09:00:00,1.056810,1.057645,1.056400,1.057235,50
2023-01-05 10:00:00,1.057235,1.057763,1.053595,1.054124,50
2023-01-05 11:00:00,1.054124,1.054128,1.050218,1.050222,50
2023-01-05 12:00:00,1.050222,1.051490,1.049665,1.050933,50
2023-01-05 13:00:00,1.050933,1.054002,1.050451,1.053520,50
2023-01-05 14:00:00,1.053520,1.054414,1.053520,1.054413,50
2023-01-05 15:00:00,1.054413,1.058455,1.053944,1.057986,50
2023-01-05 16:00:00,1.057986,1.057986,1.056508,1.056508,50
2023-01-05 17:00:00,1.056508,1.056966,1.055498,1.055956,50
2023-01-05 18:00:00,1.055956,1.057373,1.055452,1.056869,50
2023-01-05 19:00:00,1.056869,1.057364,1.056551,1.057046,50
2023-01-05 20:00:00,1.057046,1.058182,1.056749,1.057885,50
2023-01-05 21:00:00,1.057885,1.058540,1.056636,1.057291,50
2023-01-05 22:00:00,1.057291,1.057451,1.055596,1.055756,50
2023-01-05 23:00:00,1.055756,1.056140,1.051805,1.052189,50
2023-01-06 00:00:00,1.052189,1.057070,1.052062,1.056944,50
2023-01-06 01:00:00,1.056944,1.057423,1.055826,1.056305,50
2023-01-06 02:00:00,1.056305,1.056653,1.053819,1.054168,50
2023-01-06 03:00:00,1.054168,1.054790,1.053287,1.053910,50
2023-01-06 04:00:00,1.053910,1.054391,1.051986,1.052467,50
2023-01-06 05:00:00,1.052467,1.052977,1.052169,1.052679,50
2023-01-06 06:00:00,1.052679,1.053102,1.049821,1.050244,50
2023-01-06 07:00:00,1.050244,1.050818,1.050065,1.050639,50
2023-01-06 08:00:00,1.050639,1.051440,1.049581,1.050383,50
2023-01-06 09:00:00,1.050383,1.051310,1.049684,1.050611,50
2023-01-06 10:00:00,1.050611,1.051121,1.050289,1.050799,50
2023-01-06 11:00:00,1.050799,1.053067,1.050621,1.052890,50
2023-01-06 12:00:00,1.052890,1.054619,1.052525,1.054254,50
2023-01-06 13:00:00,1.054254,1.055836,1.053733,1.055315,50
2023-01-06 14:00:00,1.055315,1.055679,1.052389,1.052753,50
2023-01-06 15:00:00,1.052753,1.053892,1.051985,1.053123,50
2023-01-06 16:00:00,1.053123,1.053573,1.053082,1.053532,50
2023-01-06 17:00:00,1.053532,1.056487,1.053253,1.056208,50
2023-01-06 18:00:00,1.056208,1.059842,1.055786,1.059421,50
2023-01-06 19:00:00,1.059421,1.060437,1.059383,1.060400,50
2023-01-06 20:00:00,1.060400,1.062591,1.060019,1.062210,50
2023-01-06 21:00:00,1.062210,1.064321,1.061743,1.063853,50
2023-01-06 22:00:00,1.063853,1.064102,1.062047,1.062295,50
2023-01-06 23:00:00,1.062295,1.063107,1.061098,1.061909,50
2023-01-09 00:00:00,1.061909,1.062926,1.060459,1.061476,50
2023-01-09 01:00:00,1.061476,1.063170,1.061112,1.062807,50
2023-01-09 02:00:00,1.062807,1.069871,1.062090,1.069155,50
2023-01-09 03:00:00,1.069155,1.078389,1.068305,1.077539,50
2023-01-09 04:00:00,1.077539,1.078430,1.071875,1.072766,50
2023-01-09 05:00:00,1.072766,1.073835,1.070463,1.071533,50
2023-01-09 06:00:00,1.071533,1.073926,1.071347,1.073740,50
2023-01-09 07:00:00,1.073740,1.074265,1.070320,1.070845,50
2023-01-09 08:00:00,1.070845,1.070997,1.062828,1.062980,50
2023-01-09 09:00:00,1.062980,1.071492,1.062139,1.070650,50
2023-01-09 10:00:00,1.070650,1.070917,1.068887,1.069153,50
2023-01-09 11:00:00,1.069153,1.073764,1.068844,1.073455,50
2023-01-09 12:00:00,1.073455,1.073749,1.071719,1.072012,50
2023-01-09 13:00:00,1.072012,1.074356,1.071171,1.073514,50
2023-01-09 14:00:00,1.073514,1.079195,1.072954,1.078635,50
2023-01-09 15:00:00,1.078635,1.079606,1.077323,1.078295,50
2023-01-09 16:00:00,1.078295,1.078985,1.072441,1.073131,50
2023-01-09 17:00:00,1.073131,1.073819,1.069957,1.070644,50
2023-01-09 18:00:00,1.070644,1.074446,1.069859,1.073660,50
2023-01-09 19:00:00,1.073660,1.074050,1.070315,1.070705,50
2023-01-09 20:00:00,1.070705,1.071173,1.065150,1.065618,50
2023-01-09 21:00:00,1.065618,1.065952,1.061674,1.062008,50
2023-01-09 22:00:00,1.062008,1.062248,1.061061,1.061301,50
2023-01-09 23:00:00,1.061301,1.076905,1.060243,1.075847,50
2023-01-10 00:00:00,1.075847,1.075992,1.074026,1.074171,50
2023-01-10 01:00:00,1.074171,1.075785,1.074062,1.075676,50
2023-01-10 02:00:00,1.075676,1.075996,1.075490,1.075810,50
2023-01-10 03:00:00,1.075810,1.075859,1.075714,1.075763,50
2023-01-10 04:00:00,1.075763,1.076378,1.075745,1.076360,50
2023-01-10 05:00:00,1.076360,1.076472,1.075392,1.075504,50
2023-01-10 06:00:00,1.075504,1.075667,1.075299,1.075463,50
2023-01-10 07:00:00,1.075463,1.075588,1.075250,1.075376,50
2023-01-10 08:00:00,1.075376,1.075700,1.075355,1.075679,50
2023-01-10 09:00:00,1.075679,1.075745,1.075048,1.075113,50
2023-01-10 10:00:00,1.075113,1.075422,1.075089,1.075397,50
2023-01-10 11:00:00,1.075397,1.075475,1.074555,1.074634,50
2023-01-10 12:00:00,1.074634,1.074859,1.074483,1.074709,50
2023-01-10 13:00:00,1.074709,1.074796,1.073567,1.073654,50
2023-01-10 14:00:00,1.073654,1.073758,1.073036,1.073139,50
2023-01-10 15:00:00,1.073139,1.074007,1.073096,1.073963,50
2023-01-10 16:00:00,1.073963,1.075423,1.073863,1.075323,50
2023-01-10 17:00:00,1.075323,1.075515,1.074863,1.075054,50
2023-01-10 18:00:00,1.075054,1.075385,1.074977,1.075308,50
2023-01-10 19:00:00,1.075308,1.075367,1.075082,1.075141,50
2023-01-10 20:00:00,1.075141,1.075275,1.074202,1.074336,50
2023-01-10 21:00:00,1.074336,1.074507,1.073187,1.073358,50
2023-01-10 22:00:00,1.073358,1.073369,1.073279,1.073290,50
2023-01-10 23:00:00,1.073290,1.073776,1.073167,1.073653,50
2023-01-11 00:00:00,1.073653,1.073674,1.072194,1.072215,50
2023-01-11 01:00:00,1.072215,1.072736,1.072156,1.072678,50
2023-01-11 02:00:00,1.072678,1.072682,1.072607,1.072611,50
2023-01-11 03:00:00,1.072611,1.073403,1.072501,1.073293,50
2023-01-11 04:00:00,1.073293,1.073350,1.072904,1.072961,50
2023-01-11 05:00:00,1.072961,1.073077,1.072914,1.073031,50
2023-01-11 06:00:00,1.073031,1.073617,1.072977,1.073564,50
2023-01-11 07:00:00,1.073564,1.073746,1.072978,1.073160,50
2023-01-11 08:00:00,1.073160,1.073540,1.073135,1.073515,50
2023-01-11 09:00:00,1.073515,1.073689,1.072909,1.073083,50
2023-01-11 10:00:00,1.073083,1.073406,1.072909,1.073231,50
2023-01-11 11:00:00,1.073231,1.073616,1.073192,1.073576,50
2023-01-11 12:00:00,1.073576,1.073781,1.073416,1.073621,50
2023-01-11 13:00:00,1.073621,1.074328,1.073583,1.074290,50
2023-01-11 14:00:00,1.074290,1.075082,1.074165,1.074957,50
2023-01-11 15:00:00,1.074957,1.075019,1.074933,1.074995,50
2023-01-11 16:00:00,1.074995,1.075218,1.074934,1.075157,50
2023-01-11 17:00:00,1.075157,1.075532,1.075061,1.075437,50
2023-01-11 18:00:00,1.075437,1.075509,1.074973,1.075045,50
2023-01-11 19:00:00,1.075045,1.075205,1.074476,1.074636,50
2023-01-11 20:00:00,1.074636,1.074761,1.074031,1.074156,50
2023-01-11 21:00:00,1.074156,1.074162,1.074112,1.074118,50
2023-01-11 22:00:00,1.074118,1.074226,1.073576,1.073684,50
2023-01-11 23:00:00,1.073684,1.074016,1.073667,1.073998,50
2023-01-12 00:00:00,1.073998,1.077861,1.073570,1.077432,50
2023-01-12 01:00:00,1.077432,1.078081,1.076904,1.077554,50
2023-01-12 02:00:00,1.077554,1.078879,1.077118,1.078444,50
2023-01-12 03:00:00,1.078444,1.078568,1.076072,1.076195,50
2023-01-12 04:00:00,1.076195,1.076690,1.073904,1.074399,50
2023-01-12 05:00:00,1.074399,1.078363,1.074219,1.078183,50
2023-01-12 06:00:00,1.078183,1.078466,1.075324,1.075607,50
2023-01-12 07:00:00,1.075607,1.075920,1.075517,1.075830,50
2023-01-12 08:00:00,1.075830,1.075870,1.073786,1.073826,50
2023-01-12 09:00:00,1.073826,1.075430,1.073572,1.075176,50
2023-01-12 10:00:00,1.075176,1.077093,1.075166,1.077083,50
2023-01-12 11:00:00,1.077083,1.080760,1.076816,1.080493,50
2023-01-12 12:00:00,1.080493,1.084491,1.079904,1.083902,50
2023-01-12 13:00:00,1.083902,1.084594,1.080517,1.081209,50
2023-01-12 14:00:00,1.081209,1.081502,1.079229,1.079522,50
2023-01-12 15:00:00,1.079522,1.079597,1.077563,1.077637,50
2023-01-12 16:00:00,1.077637,1.077877,1.075999,1.076239,50
2023-01-12 17:00:00,1.076239,1.076902,1.076195,1.076858,50
2023-01-12 18:00:00,1.076858,1.077009,1.076401,1.076552,50
2023-01-12 19:00:00,1.076552,1.076983,1.073867,1.074297,50
2023-01-12 20:00:00,1.074297,1.074725,1.071920,1.072348,50
2023-01-12 21:00:00,1.072348,1.079764,1.072326,1.079743,50
2023-01-12 22:00:00,1.079743,1.080081,1.075294,1.075632,50
2023-01-12 23:00:00,1.075632,1.082544,1.075339,1.082251,50
2023-01-13 00:00:00,1.082251,1.082617,1.082069,1.082435,50
2023-01-13 01:00:00,1.082435,1.082608,1.082375,1.082548,50
2023-01-13 02:00:00,1.082548,1.082615,1.082177,1.082243,50
2023-01-13 03:00:00,1.082243,1.082390,1.082153,1.082300,50
2023-01-13 04:00:00,1.082300,1.083360,1.082116,1.083176,50
2023-01-13 05:00:00,1.083176,1.083236,1.082919,1.082979,50
2023-01-13 06:00:00,1.082979,1.083344,1.082922,1.083288,50
2023-01-13 07:00:00,1.083288,1.083371,1.082810,1.082893,50
2023-01-13 08:00:00,1.082893,1.083028,1.082194,1.082328,50
2023-01-13 09:00:00,1.082328,1.082382,1.081364,1.081418,50
2023-01-13 10:00:00,1.081418,1.081452,1.081128,1.081162,50
2023-01-13 11:00:00,1.081162,1.081328,1.081019,1.081185,50
2023-01-13 12:00:00,1.081185,1.081297,1.080733,1.080845,50
2023-01-13 13:00:00,1.080845,1.080957,1.080401,1.080514,50
2023-01-13 14:00:00,1.080514,1.081237,1.080511,1.081234,50
2023-01-13 15:00:00,1.081234,1.081368,1.081186,1.081319,50
2023-01-13 16:00:00,1.081319,1.081648,1.081300,1.081628,50
2023-01-13 17:00:00,1.081628,1.081699,1.081089,1.081160,50
2023-01-13 18:00:00,1.081160,1.081336,1.080828,1.081005,50
2023-01-13 19:00:00,1.081005,1.081197,1.080567,1.080759,50
2023-01-13 20:00:00,1.080759,1.080924,1.080130,1.080295,50
2023-01-13 21:00:00,1.080295,1.080367,1.079973,1.080044,50
2023-01-13 22:00:00,1.080044,1.080692,1.079934,1.080581,50
2023-01-13 23:00:00,1.080581,1.081256,1.080407,1.081081,50
2023-01-17 00:00:00,1.081081,1.081908,1.080998,1.081825,50
2023-01-17 01:00:00,1.081825,1.081949,1.081626,1.081750,50
2023-01-17 02:00:00,1.081750,1.081844,1.081397,1.081492,50
2023-01-17 03:00:00,1.081492,1.081697,1.081452,1.081657,50
2023-01-17 04:00:00,1.081657,1.081831,1.081103,1.081278,50
2023-01-17 05:00:00,1.081278,1.081285,1.081040,1.081047,50
2023-01-17 06:00:00,1.081047,1.081114,1.080822,1.080888,50
2023-01-17 07:00:00,1.080888,1.080952,1.080742,1.080806,50
2023-01-17 08:00:00,1.080806,1.080994,1.080283,1.080471,50
2023-01-17 09:00:00,1.080471,1.080494,1.080281,1.080303,50
2023-01-17 10:00:00,1.080303,1.080416,1.079990,1.080103,50
2023-01-17 11:00:00,1.080103,1.080592,1.079919,1.080408,50
2023-01-17 12:00:00,1.080408,1.080527,1.080201,1.080320,50
2023-01-17 13:00:00,1.080320,1.080500,1.079633,1.079814,50
2023-01-17 14:00:00,1.079814,1.079890,1.079573,1.079649,50
2023-01-17 15:00:00,1.079649,1.079906,1.079564,1.079821,50
2023-01-17 16:00:00,1.079821,1.079952,1.079749,1.079880,50
2023-01-17 17:00:00,1.079880,1.079952,1.079415,1.079486,50
2023-01-17 18:00:00,1.079486,1.079554,1.078840,1.078907,50
2023-01-17 19:00:00,1.078907,1.079022,1.078893,1.079007,50
2023-01-17 20:00:00,1.079007,1.079199,1.078514,1.078706,50
2023-01-17 21:00:00,1.078706,1.079143,1.078563,1.079001,50
2023-01-17 22:00:00,1.079001,1.079133,1.078818,1.078950,50
2023-01-17 23:00:00,1.078950,1.079434,1.078846,1.079331,50
2023-01-18 00:00:00,1.079331,1.080018,1.079275,1.079962,50
2023-01-18 01:00:00,1.079962,1.080362,1.079730,1.080130,50
2023-01-18 02:00:00,1.080130,1.080349,1.078434,1.078653,50
2023-01-18 03:00:00,1.078653,1.079784,1.078540,1.079671,50
2023-01-18 04:00:00,1.079671,1.082090,1.079610,1.082030,50
2023-01-18 05:00:00,1.082030,1.082492,1.081818,1.082281,50
2023-01-18 06:00:00,1.082281,1.082437,1.081713,1.081869,50
2023-01-18 07:00:00,1.081869,1.081971,1.080380,1.080483,50
2023-01-18 08:00:00,1.080483,1.080746,1.080395,1.080658,50
2023-01-18 09:00:00,1.080658,1.080762,1.080048,1.080151,50
2023-01-18 10:00:00,1.080151,1.080782,1.080013,1.080643,50
2023-01-18 11:00:00,1.080643,1.080694,1.079538,1.079589,50
2023-01-18 12:00:00,1.079589,1.080544,1.079589,1.080543,50
2023-01-18 13:00:00,1.080543,1.081949,1.080411,1.081816,50
2023-01-18 14:00:00,1.081816,1.081877,1.080565,1.080626,50
2023-01-18 15:00:00,1.080626,1.081112,1.080610,1.081096,50
2023-01-18 16:00:00,1.081096,1.082223,1.081017,1.082143,50
2023-01-18 17:00:00,1.082143,1.082942,1.081951,1.082751,50
2023-01-18 18:00:00,1.082751,1.083279,1.082514,1.083042,50
2023-01-18 19:00:00,1.083042,1.083061,1.083034,1.083052,50
2023-01-18 20:00:00,1.083052,1.083476,1.082823,1.083246,50
2023-01-18 21:00:00,1.083246,1.083484,1.083160,1.083398,50
2023-01-18 22:00:00,1.083398,1.083642,1.082674,1.082918,50
2023-01-18 23:00:00,1.082918,1.083170,1.082467,1.082720,50
2023-01-19 00:00:00,1.082720,1.083076,1.082675,1.083031,50
2023-01-19 01:00:00,1.083031,1.083387,1.082851,1.083208,50
2023-01-19 02:00:00,1.083208,1.083587,1.083084,1.083463,50
2023-01-19 03:00:00,1.083463,1.083541,1.083008,1.083086,50
2023-01-19 04:00:00,1.083086,1.083178,1.082469,1.082562,50
2023-01-19 05:00:00,1.082562,1.082698,1.082330,1.082466,50
2023-01-19 06:00:00,1.082466,1.082614,1.082000,1.082147,50
2023-01-19 07:00:00,1.082147,1.082809,1.081996,1.082657,50
2023-01-19 08:00:00,1.082657,1.082854,1.082592,1.082789,50
2023-01-19 09:00:00,1.082789,1.082977,1.082505,1.082693,50
2023-01-19 10:00:00,1.082693,1.082842,1.082239,1.082388,50
2023-01-19 11:00:00,1.082388,1.082440,1.082212,1.082264,50
2023-01-19 12:00:00,1.082264,1.082298,1.081903,1.081936,50
2023-01-19 13:00:00,1.081936,1.082020,1.081365,1.081448,50
2023-01-19 14:00:00,1.081448,1.081697,1.081398,1.081646,50
2023-01-19 15:00:00,1.081646,1.081875,1.081475,1.081704,50
2023-01-19 16:00:00,1.081704,1.081706,1.080884,1.080885,50
2023-01-19 17:00:00,1.080885,1.081045,1.080579,1.080738,50
2023-01-19 18:00:00,1.080738,1.081001,1.080707,1.080969,50
2023-01-19 19:00:00,1.080969,1.081127,1.080063,1.080221,50
2023-01-19 20:00:00,1.080221,1.080559,1.080136,1.080475,50
2023-01-19 21:00:00,1.080475,1.080797,1.080449,1.080771,50
2023-01-19 22:00:00,1.080771,1.080963,1.080224,1.080416,50
2023-01-19 23:00:00,1.080416,1.081046,1.080334,1.080964,50
2023-01-20 00:00:00,1.080964,1.082148,1.080826,1.082010,50
2023-01-20 01:00:00,1.082010,1.082146,1.081660,1.081796,50
2023-01-20 02:00:00,1.081796,1.081987,1.081594,1.081784,50
2023-01-20 03:00:00,1.081784,1.081824,1.081239,1.081279,50
2023-01-20 04:00:00,1.081279,1.081377,1.081217,1.081315,50
2023-01-20 05:00:00,1.081315,1.081409,1.080299,1.080393,50
2023-01-20 06:00:00,1.080393,1.081164,1.080334,1.081104,50
2023-01-20 07:00:00,1.081104,1.081445,1.081047,1.081388,50
2023-01-20 08:00:00,1.081388,1.081427,1.080864,1.080903,50
2023-01-20 09:00:00,1.080903,1.081324,1.080723,1.081144,50
2023-01-20 10:00:00,1.081144,1.081572,1.080955,1.081383,50
2023-01-20 11:00:00,1.081383,1.081553,1.081164,1.081335,50
2023-01-20 12:00:00,1.081335,1.081489,1.081142,1.081297,50
2023-01-20 13:00:00,1.081297,1.081549,1.081218,1.081469,50
2023-01-20 14:00:00,1.081469,1.081714,1.081409,1.081653,50
2023-01-20 15:00:00,1.081653,1.081732,1.081362,1.081440,50
2023-01-20 16:00:00,1.081440,1.081514,1.081437,1.081511,50
2023-01-20 17:00:00,1.081511,1.082044,1.081488,1.082021,50
2023-01-20 18:00:00,1.082021,1.082685,1.081929,1.082592,50
2023-01-20 19:00:00,1.082592,1.082691,1.082512,1.082610,50
2023-01-20 20:00:00,1.082610,1.082738,1.081765,1.081892,50
2023-01-20 21:00:00,1.081892,1.083089,1.081783,1.082980,50
2023-01-20 22:00:00,1.082980,1.083662,1.082961,1.083643,50
2023-01-20 23:00:00,1.083643,1.083808,1.082906,1.083072,50
2023-01-23 00:00:00,1.083072,1.084051,1.082965,1.083945,50
2023-01-23 01:00:00,1.083945,1.084737,1.083943,1.084735,50
2023-01-23 02:00:00,1.084735,1.086059,1.084458,1.085781,50
2023-01-23 03:00:00,1.085781,1.086000,1.085377,1.085596,50
2023-01-23 04:00:00,1.085596,1.086850,1.085364,1.086618,50
2023-01-23 05:00:00,1.086618,1.086804,1.086062,1.086249,50
2023-01-23 06:00:00,1.086249,1.086532,1.084305,1.084587,50
2023-01-23 07:00:00,1.084587,1.084699,1.082886,1.082997,50
2023-01-23 08:00:00,1.082997,1.083092,1.082985,1.083081,50
2023-01-23 09:00:00,1.083081,1.083463,1.082978,1.083360,50
2023-01-23 10:00:00,1.083360,1.083606,1.083235,1.083481,50
2023-01-23 11:00:00,1.083481,1.083958,1.083249,1.083726,50
2023-01-23 12:00:00,1.083726,1.083727,1.083238,1.083239,50
2023-01-23 13:00:00,1.083239,1.083679,1.082994,1.083434,50
2023-01-23 14:00:00,1.083434,1.084259,1.083334,1.084159,50
2023-01-23 15:00:00,1.084159,1.084663,1.084152,1.084656,50
2023-01-23 16:00:00,1.084656,1.084829,1.082765,1.082939,50
2023-01-23 17:00:00,1.082939,1.084425,1.082689,1.084175,50
2023-01-23 18:00:00,1.084175,1.085829,1.084000,1.085655,50
2023-01-23 19:00:00,1.085655,1.085984,1.085444,1.085773,50
2023-01-23 20:00:00,1.085773,1.087293,1.085647,1.087167,50
2023-01-23 21:00:00,1.087167,1.087280,1.086135,1.086249,50
2023-01-23 22:00:00,1.086249,1.086570,1.086242,1.086563,50
2023-01-23 23:00:00,1.086563,1.086813,1.086234,1.086484,50
2023-01-24 00:00:00,1.086484,1.086567,1.085248,1.085331,50
2023-01-24 01:00:00,1.085331,1.086658,1.085226,1.086553,50
2023-01-24 02:00:00,1.086553,1.086674,1.086450,1.086571,50
2023-01-24 03:00:00,1.086571,1.087834,1.086434,1.087696,50
2023-01-24 04:00:00,1.087696,1.087872,1.087001,1.087176,50
2023-01-24 05:00:00,1.087176,1.087366,1.086551,1.086741,50
2023-01-24 06:00:00,1.086741,1.087224,1.086626,1.087109,50
2023-01-24 07:00:00,1.087109,1.087232,1.086819,1.086941,50
2023-01-24 08:00:00,1.086941,1.087057,1.086531,1.086647,50
2023-01-24 09:00:00,1.086647,1.087068,1.086579,1.087001,50
2023-01-24 10:00:00,1.087001,1.087154,1.086367,1.086520,50
2023-01-24 11:00:00,1.086520,1.086624,1.086496,1.086600,50
2023-01-24 12:00:00,1.086600,1.087622,1.086416,1.087439,50
2023-01-24 13:00:00,1.087439,1.087826,1.087345,1.087732,50
2023-01-24 14:00:00,1.087732,1.087879,1.087555,1.087702,50
2023-01-24 15:00:00,1.087702,1.087986,1.087567,1.087850,50
2023-01-24 16:00:00,1.087850,1.087891,1.087834,1.087875,50
2023-01-24 17:00:00,1.087875,1.088201,1.087792,1.088118,50
2023-01-24 18:00:00,1.088118,1.088318,1.088043,1.088243,50
2023-01-24 19:00:00,1.088243,1.088267,1.088028,1.088052,50
2023-01-24 20:00:00,1.088052,1.088465,1.087907,1.088320,50
2023-01-24 21:00:00,1.088320,1.088610,1.088238,1.088529,50
2023-01-24 22:00:00,1.088529,1.088658,1.088174,1.088303,50
2023-01-24 23:00:00,1.088303,1.088311,1.087303,1.087311,50
2023-01-25 00:00:00,1.087311,1.088826,1.087138,1.088652,50
2023-01-25 01:00:00,1.088652,1.089125,1.088457,1.088930,50
2023-01-25 02:00:00,1.088930,1.088954,1.088447,1.088471,50
2023-01-25 03:00:00,1.088471,1.088564,1.087582,1.087675,50
2023-01-25 04:00:00,1.087675,1.088527,1.087526,1.088379,50
2023-01-25 05:00:00,1.088379,1.088394,1.087045,1.087061,50
2023-01-25 06:00:00,1.087061,1.087269,1.086534,1.086742,50
2023-01-25 07:00:00,1.086742,1.088223,1.086569,1.088050,50
2023-01-25 08:00:00,1.088050,1.089228,1.087961,1.089139,50
2023-01-25 09:00:00,1.089139,1.089149,1.088481,1.088491,50
2023-01-25 10:00:00,1.088491,1.089673,1.088468,1.089651,50
2023-01-25 11:00:00,1.089651,1.090178,1.089643,1.090171,50
2023-01-25 12:00:00,1.090171,1.090599,1.090111,1.090539,50
2023-01-25 13:00:00,1.090539,1.090598,1.089713,1.089772,50
2023-01-25 14:00:00,1.089772,1.090456,1.089736,1.090420,50
2023-01-25 15:00:00,1.090420,1.090534,1.090050,1.090164,50
2023-01-25 16:00:00,1.090164,1.090901,1.089972,1.090709,50
2023-01-25 17:00:00,1.090709,1.090877,1.090103,1.090270,50
2023-01-25 18:00:00,1.090270,1.090422,1.089894,1.090045,50
2023-01-25 19:00:00,1.090045,1.090268,1.089524,1.089746,50
2023-01-25 20:00:00,1.089746,1.090253,1.089622,1.090129,50
2023-01-25 21:00:00,1.090129,1.090137,1.089156,1.089164,50
2023-01-25 22:00:00,1.089164,1.089785,1.089143,1.089765,50
2023-01-25 23:00:00,1.089765,1.090185,1.089735,1.090156,50
2023-01-26 00:00:00,1.090156,1.090566,1.090120,1.090530,50
2023-01-26 01:00:00,1.090530,1.090770,1.089757,1.089997,50
2023-01-26 02:00:00,1.089997,1.090261,1.089117,1.089381,50
2023-01-26 03:00:00,1.089381,1.089788,1.089134,1.089541,50
2023-01-26 04:00:00,1.089541,1.090265,1.089501,1.090225,50
2023-01-26 05:00:00,1.090225,1.090503,1.089925,1.090203,50
2023-01-26 06:00:00,1.090203,1.090272,1.089403,1.089471,50
2023-01-26 07:00:00,1.089471,1.089710,1.087847,1.088086,50
2023-01-26 08:00:00,1.088086,1.088323,1.087590,1.087828,50
2023-01-26 09:00:00,1.087828,1.087984,1.086546,1.086703,50
2023-01-26 10:00:00,1.086703,1.086927,1.085667,1.085891,50
2023-01-26 11:00:00,1.085891,1.086883,1.085661,1.086652,50
2023-01-26 12:00:00,1.086652,1.087772,1.086413,1.087533,50
2023-01-26 13:00:00,1.087533,1.088063,1.087441,1.087971,50
2023-01-26 14:00:00,1.087971,1.088259,1.087364,1.087652,50
2023-01-26 15:00:00,1.087652,1.089819,1.087466,1.089634,50
2023-01-26 16:00:00,1.089634,1.089740,1.089031,1.089137,50
2023-01-26 17:00:00,1.089137,1.089349,1.089101,1.089313,50
2023-01-26 18:00:00,1.089313,1.090629,1.089062,1.090378,50
2023-01-26 19:00:00,1.090378,1.090890,1.090084,1.090596,50
2023-01-26 20:00:00,1.090596,1.091127,1.090335,1.090867,50
2023-01-26 21:00:00,1.090867,1.091063,1.090644,1.090840,50
2023-01-26 22:00:00,1.090840,1.091058,1.088698,1.088916,50
2023-01-26 23:00:00,1.088916,1.089033,1.086485,1.086602,50
2023-01-27 00:00:00,1.086602,1.087944,1.086417,1.087759,50
2023-01-27 01:00:00,1.087759,1.087950,1.087142,1.087333,50
2023-01-27 02:00:00,1.087333,1.087463,1.086230,1.086359,50
2023-01-27 03:00:00,1.086359,1.086408,1.086259,1.086307,50
2023-01-27 04:00:00,1.086307,1.086336,1.085721,1.085750,50
2023-01-27 05:00:00,1.085750,1.086942,1.085702,1.086894,50
2023-01-27 06:00:00,1.086894,1.087057,1.086750,1.086913,50
2023-01-27 07:00:00,1.086913,1.087013,1.086586,1.086686,50
2023-01-27 08:00:00,1.086686,1.086744,1.086416,1.086475,50
2023-01-27 09:00:00,1.086475,1.086478,1.086395,1.086399,50
2023-01-27 10:00:00,1.086399,1.086468,1.085812,1.085880,50
2023-01-27 11:00:00,1.085880,1.085957,1.085724,1.085801,50
2023-01-27 12:00:00,1.085801,1.086232,1.085787,1.086219,50
2023-01-27 13:00:00,1.086219,1.086267,1.085700,1.085749,50
2023-01-27 14:00:00,1.085749,1.085807,1.085670,1.085728,50
2023-01-27 15:00:00,1.085728,1.086125,1.085646,1.086044,50
2023-01-27 16:00:00,1.086044,1.086140,1.085790,1.085886,50
2023-01-27 17:00:00,1.085886,1.085997,1.085502,1.085612,50
2023-01-27 18:00:00,1.085612,1.085778,1.084961,1.085127,50
2023-01-27 19:00:00,1.085127,1.085185,1.084976,1.085034,50
2023-01-27 20:00:00,1.085034,1.085052,1.084943,1.084962,50
2023-01-27 21:00:00,1.084962,1.085021,1.084723,1.084782,50
2023-01-27 22:00:00,1.084782,1.084824,1.084460,1.084502,50
2023-01-27 23:00:00,1.084502,1.085771,1.084389,1.085658,50
2023-01-30 00:00:00,1.085658,1.085726,1.084967,1.085035,50
2023-01-30 01:00:00,1.085035,1.085078,1.084804,1.084847,50
2023-01-30 02:00:00,1.084847,1.085014,1.084393,1.084559,50
2023-01-30 03:00:00,1.084559,1.084703,1.084435,1.084578,50
2023-01-30 04:00:00,1.084578,1.084940,1.084510,1.084871,50
2023-01-30 05:00:00,1.084871,1.085052,1.084774,1.084954,50
2023-01-30 06:00:00,1.084954,1.085022,1.084918,1.084985,50
2023-01-30 07:00:00,1.084985,1.085647,1.084801,1.085463,50
2023-01-30 08:00:00,1.085463,1.086339,1.085285,1.086162,50
2023-01-30 09:00:00,1.086162,1.086773,1.086050,1.086661,50
2023-01-30 10:00:00,1.086661,1.086775,1.086631,1.086745,50
2023-01-30 11:00:00,1.086745,1.087207,1.086559,1.087021,50
2023-01-30 12:00:00,1.087021,1.087388,1.086979,1.087346,50
2023-01-30 13:00:00,1.087346,1.087357,1.087030,1.087041,50
2023-01-30 14:00:00,1.087041,1.087202,1.086959,1.087120,50
2023-01-30 15:00:00,1.087120,1.087402,1.087046,1.087328,50
2023-01-30 16:00:00,1.087328,1.087495,1.087038,1.087204,50
2023-01-30 17:00:00,1.087204,1.087552,1.087176,1.087523,50
2023-01-30 18:00:00,1.087523,1.087535,1.087492,1.087504,50
2023-01-30 19:00:00,1.087504,1.087727,1.087418,1.087640,50
2023-01-30 20:00:00,1.087640,1.087673,1.087632,1.087665,50
2023-01-30 21:00:00,1.087665,1.087795,1.087481,1.087611,50
2023-01-30 22:00:00,1.087611,1.087915,1.087515,1.087819,50
2023-01-30 23:00:00,1.087819,1.087990,1.086549,1.086720,50
2023-01-31 00:00:00,1.086720,1.087516,1.086547,1.087343,50
2023-01-31 01:00:00,1.087343,1.088063,1.087157,1.087877,50
2023-01-31 02:00:00,1.087877,1.087922,1.087361,1.087406,50
2023-01-31 03:00:00,1.087406,1.087449,1.087163,1.087205,50
2023-01-31 04:00:00,1.087205,1.087362,1.086594,1.086750,50
2023-01-31 05:00:00,1.086750,1.086803,1.086422,1.086475,50
2023-01-31 06:00:00,1.086475,1.086528,1.086114,1.086167,50
2023-01-31 07:00:00,1.086167,1.086177,1.086123,1.086133,50
2023-01-31 08:00:00,1.086133,1.086553,1.085984,1.086404,50
2023-01-31 09:00:00,1.086404,1.086676,1.086358,1.086630,50
2023-01-31 10:00:00,1.086630,1.086683,1.086597,1.086649,50
2023-01-31 11:00:00,1.086649,1.086769,1.086427,1.086547,50
2023-01-31 12:00:00,1.086547,1.086563,1.086242,1.086258,50
2023-01-31 13:00:00,1.086258,1.086797,1.086105,1.086644,50
2023-01-31 14:00:00,1.086644,1.086660,1.086165,1.086181,50
2023-01-31 15:00:00,1.086181,1.086370,1.085830,1.086020,50
2023-01-31 16:00:00,1.086020,1.086712,1.085994,1.086686,50
2023-01-31 17:00:00,1.086686,1.086714,1.085804,1.085832,50
2023-01-31 18:00:00,1.085832,1.085922,1.085460,1.085551,50
2023-01-31 19:00:00,1.085551,1.085700,1.085272,1.085421,50
2023-01-31 20:00:00,1.085421,1.086157,1.085326,1.086062,50
2023-01-31 21:00:00,1.086062,1.086200,1.085283,1.085422,50
2023-01-31 22:00:00,1.085422,1.085469,1.084572,1.084620,50
2023-01-31 23:00:00,1.084620,1.085944,1.084452,1.085776,50
2023-02-01 00:00:00,1.085776,1.085776,1.085711,1.085711,50
2023-02-01 01:00:00,1.085711,1.086200,1.084132,1.084621,50
2023-02-01 02:00:00,1.084621,1.085499,1.084193,1.085071,50
2023-02-01 03:00:00,1.085071,1.085921,1.084610,1.085460,50
2023-02-01 04:00:00,1.085460,1.085743,1.084309,1.084591,50
2023-02-01 05:00:00,1.084591,1.087190,1.084224,1.086824,50
2023-02-01 06:00:00,1.086824,1.088180,1.086467,1.087824,50
2023-02-01 07:00:00,1.087824,1.087990,1.087215,1.087381,50
2023-02-01 08:00:00,1.087381,1.087391,1.086159,1.086169,50
2023-02-01 09:00:00,1.086169,1.086978,1.085826,1.086634,50
2023-02-01 10:00:00,1.086634,1.088245,1.086159,1.087769,50
2023-02-01 11:00:00,1.087769,1.087822,1.087131,1.087183,50
2023-02-01 12:00:00,1.087183,1.087528,1.086300,1.086645,50
2023-02-01 13:00:00,1.086645,1.088171,1.086399,1.087925,50
2023-02-01 14:00:00,1.087925,1.089536,1.087728,1.089339,50
2023-02-01 15:00:00,1.089339,1.089713,1.088992,1.089366,50
2023-02-01 16:00:00,1.089366,1.091191,1.089068,1.090893,50
2023-02-01 17:00:00,1.090893,1.092852,1.090504,1.092464,50
2023-02-01 18:00:00,1.092464,1.092678,1.089549,1.089763,50
2023-02-01 19:00:00,1.089763,1.091094,1.089533,1.090863,50
2023-02-01 20:00:00,1.090863,1.091173,1.089735,1.090045,50
2023-02-01 21:00:00,1.090045,1.090608,1.089932,1.090495,50
2023-02-01 22:00:00,1.090495,1.093344,1.090039,1.092888,50
2023-02-01 23:00:00,1.092888,1.092916,1.091676,1.091703,50
2023-02-02 00:00:00,1.091703,1.091836,1.091224,1.091357,50
2023-02-02 01:00:00,1.091357,1.091592,1.091331,1.091567,50
2023-02-02 02:00:00,1.091567,1.092801,1.091394,1.092629,50
2023-02-02 03:00:00,1.092629,1.092972,1.092569,1.092913,50
2023-02-02 04:00:00,1.092913,1.093101,1.092281,1.092469,50
2023-02-02 05:00:00,1.092469,1.092502,1.091585,1.091619,50
2023-02-02 06:00:00,1.091619,1.091710,1.090580,1.090671,50
2023-02-02 07:00:00,1.090671,1.090896,1.090611,1.090835,50
2023-02-02 08:00:00,1.090835,1.091687,1.090714,1.091566,50
2023-02-02 09:00:00,1.091566,1.091578,1.090889,1.090901,50
2023-02-02 10:00:00,1.090901,1.090912,1.090114,1.090125,50
2023-02-02 11:00:00,1.090125,1.091321,1.090061,1.091257,50
2023-02-02 12:00:00,1.091257,1.091268,1.091136,1.091147,50
2023-02-02 13:00:00,1.091147,1.091553,1.090987,1.091393,50
2023-02-02 14:00:00,1.091393,1.091416,1.091364,1.091387,50
2023-02-02 15:00:00,1.091387,1.092201,1.091327,1.092141,50
2023-02-02 16:00:00,1.092141,1.092627,1.092038,1.092524,50
2023-02-02 17:00:00,1.092524,1.092546,1.092046,1.092069,50
2023-02-02 18:00:00,1.092069,1.092256,1.091613,1.091800,50
2023-02-02 19:00:00,1.091800,1.091858,1.091311,1.091369,50
2023-02-02 20:00:00,1.091369,1.093210,1.091257,1.093098,50
2023-02-02 21:00:00,1.093098,1.093442,1.093057,1.093400,50
2023-02-02 22:00:00,1.093400,1.093449,1.092708,1.092756,50
2023-02-02 23:00:00,1.092756,1.092880,1.091699,1.091822,50
2023-02-03 00:00:00,1.091822,1.091901,1.088251,1.088329,50
2023-02-03 01:00:00,1.088329,1.091340,1.087832,1.090842,50
2023-02-03 02:00:00,1.090842,1.091808,1.090243,1.091209,50
2023-02-03 03:00:00,1.091209,1.092407,1.091140,1.092339,50
2023-02-03 04:00:00,1.092339,1.092897,1.090873,1.091432,50
2023-02-03 05:00:00,1.091432,1.092478,1.090899,1.091944,50
2023-02-03 06:00:00,1.091944,1.092027,1.091001,1.091084,50
2023-02-03 07:00:00,1.091084,1.094230,1.090511,1.093657,50
2023-02-03 08:00:00,1.093657,1.093739,1.092986,1.093068,50
2023-02-03 09:00:00,1.093068,1.093122,1.093053,1.093106,50
2023-02-03 10:00:00,1.093106,1.094319,1.092477,1.093690,50
2023-02-03 11:00:00,1.093690,1.094396,1.092149,1.092856,50
2023-02-03 12:00:00,1.092856,1.093370,1.092464,1.092978,50
2023-02-03 13:00:00,1.092978,1.093737,1.091734,1.092493,50
2023-02-03 14:00:00,1.092493,1.092963,1.091001,1.091471,50
2023-02-03 15:00:00,1.091471,1.092163,1.089191,1.089883,50
2023-02-03 16:00:00,1.089883,1.090232,1.086421,1.086770,50
2023-02-03 17:00:00,1.086770,1.087113,1.083960,1.084303,50
2023-02-03 18:00:00,1.084303,1.085030,1.083518,1.084246,50
2023-02-03 19:00:00,1.084246,1.084692,1.082538,1.082985,50
2023-02-03 20:00:00,1.082985,1.083358,1.082121,1.082494,50
2023-02-03 21:00:00,1.082494,1.083324,1.081801,1.082631,50
2023-02-03 22:00:00,1.082631,1.083219,1.081061,1.081649,50
2023-02-03 23:00:00,1.081649,1.083095,1.081040,1.082485,50
2023-02-06 00:00:00,1.082485,1.083316,1.082319,1.083150,50
2023-02-06 01:00:00,1.083150,1.084621,1.083079,1.084551,50
2023-02-06 02:00:00,1.084551,1.084725,1.084194,1.084367,50
2023-02-06 03:00:00,1.084367,1.084853,1.080809,1.081295,50
2023-02-06 04:00:00,1.081295,1.081675,1.079506,1.079886,50
2023-02-06 05:00:00,1.079886,1.080497,1.078033,1.078644,50
2023-02-06 06:00:00,1.078644,1.080832,1.078578,1.080765,50
2023-02-06 07:00:00,1.080765,1.082302,1.080037,1.081574,50
2023-02-06 08:00:00,1.081574,1.082426,1.079298,1.080150,50
2023-02-06 09:00:00,1.080150,1.080792,1.077663,1.078305,50
2023-02-06 10:00:00,1.078305,1.082173,1.077660,1.081528,50
2023-02-06 11:00:00,1.081528,1.082278,1.080791,1.081541,50
2023-02-06 12:00:00,1.081541,1.081623,1.077380,1.077462,50
2023-02-06 13:00:00,1.077462,1.077863,1.076329,1.076729,50
2023-02-06 14:00:00,1.076729,1.076798,1.075252,1.075321,50
2023-02-06 15:00:00,1.075321,1.075999,1.071980,1.072658,50
2023-02-06 16:00:00,1.072658,1.076246,1.072191,1.075779,50
2023-02-06 17:00:00,1.075779,1.076015,1.075687,1.075923,50
2023-02-06 18:00:00,1.075923,1.076309,1.074943,1.075329,50
2023-02-06 19:00:00,1.075329,1.076003,1.073334,1.074008,50
2023-02-06 20:00:00,1.074008,1.074487,1.071094,1.071573,50
2023-02-06 21:00:00,1.071573,1.071679,1.069985,1.070090,50
2023-02-06 22:00:00,1.070090,1.071988,1.069277,1.071175,50
2023-02-06 23:00:00,1.071175,1.072205,1.071126,1.072156,50
2023-02-07 00:00:00,1.072156,1.072706,1.072086,1.072635,50
2023-02-07 01:00:00,1.072635,1.072982,1.072596,1.072942,50
2023-02-07 02:00:00,1.072942,1.072962,1.071852,1.071872,50
2023-02-07 03:00:00,1.071872,1.072450,1.071844,1.072422,50
2023-02-07 04:00:00,1.072422,1.072515,1.072366,1.072458,50
2023-02-07 05:00:00,1.072458,1.072573,1.071559,1.071674,50
2023-02-07 06:00:00,1.071674,1.071843,1.071096,1.071265,50
2023-02-07 07:00:00,1.071265,1.071314,1.071126,1.071175,50
2023-02-07 08:00:00,1.071175,1.072096,1.070996,1.071917,50
2023-02-07 09:00:00,1.071917,1.072991,1.071885,1.072958,50
2023-02-07 10:00:00,1.072958,1.073055,1.072430,1.072527,50
2023-02-07 11:00:00,1.072527,1.072670,1.071319,1.071463,50
2023-02-07 12:00:00,1.071463,1.072313,1.071289,1.072139,50
2023-02-07 13:00:00,1.072139,1.072315,1.071319,1.071495,50
2023-02-07 14:00:00,1.071495,1.071679,1.071037,1.071221,50
2023-02-07 15:00:00,1.071221,1.071707,1.071205,1.071691,50
2023-02-07 16:00:00,1.071691,1.071858,1.071168,1.071335,50
2023-02-07 17:00:00,1.071335,1.071335,1.070640,1.070641,50
2023-02-07 18:00:00,1.070641,1.070729,1.069802,1.069890,50
2023-02-07 19:00:00,1.069890,1.070067,1.069820,1.069996,50
2023-02-07 20:00:00,1.069996,1.070080,1.069664,1.069747,50
2023-02-07 21:00:00,1.069747,1.070149,1.069730,1.070133,50
2023-02-07 22:00:00,1.070133,1.070211,1.070017,1.070095,50
2023-02-07 23:00:00,1.070095,1.070680,1.069965,1.070549,50
2023-02-08 00:00:00,1.070549,1.070564,1.070254,1.070269,50
2023-02-08 01:00:00,1.070269,1.070674,1.070246,1.070650,50
2023-02-08 02:00:00,1.070650,1.070881,1.070623,1.070853,50
2023-02-08 03:00:00,1.070853,1.071232,1.070809,1.071187,50
2023-02-08 04:00:00,1.071187,1.071252,1.071015,1.071080,50
2023-02-08 05:00:00,1.071080,1.071133,1.070745,1.070798,50
2023-02-08 06:00:00,1.070798,1.070967,1.070423,1.070592,50
2023-02-08 07:00:00,1.070592,1.070985,1.070479,1.070872,50
2023-02-08 08:00:00,1.070872,1.071511,1.070830,1.071469,50
2023-02-08 09:00:00,1.071469,1.071476,1.071364,1.071372,50
2023-02-08 10:00:00,1.071372,1.071531,1.071019,1.071178,50
2023-02-08 11:00:00,1.071178,1.071809,1.071045,1.071676,50
2023-02-08 12:00:00,1.071676,1.072134,1.071452,1.071910,50
2023-02-08 13:00:00,1.071910,1.071946,1.071436,1.071471,50
2023-02-08 14:00:00,1.071471,1.071732,1.071421,1.071682,50
2023-02-08 15:00:00,1.071682,1.071908,1.070991,1.071217,50
2023-02-08 16:00:00,1.071217,1.071283,1.071083,1.071148,50
2023-02-08 17:00:00,1.071148,1.072493,1.070925,1.072270,50
2023-02-08 18:00:00,1.072270,1.073621,1.072029,1.073380,50
2023-02-08 19:00:00,1.073380,1.073801,1.073252,1.073673,50
2023-02-08 20:00:00,1.073673,1.073847,1.073079,1.073253,50
2023-02-08 21:00:00,1.073253,1.074035,1.073214,1.073997,50
2023-02-08 22:00:00,1.073997,1.074199,1.073592,1.073794,50
2023-02-08 23:00:00,1.073794,1.073943,1.073273,1.073422,50
2023-02-09 00:00:00,1.073422,1.074641,1.073364,1.074583,50
2023-02-09 01:00:00,1.074583,1.075374,1.074565,1.075356,50
2023-02-09 02:00:00,1.075356,1.075379,1.074924,1.074946,50
2023-02-09 03:00:00,1.074946,1.074950,1.073423,1.073426,50
2023-02-09 04:00:00,1.073426,1.073427,1.072903,1.072904,50
2023-02-09 05:00:00,1.072904,1.073585,1.072786,1.073467,50
2023-02-09 06:00:00,1.073467,1.073533,1.072845,1.072911,50
2023-02-09 07:00:00,1.072911,1.073551,1.072829,1.073469,50
2023-02-09 08:00:00,1.073469,1.074663,1.073339,1.074534,50
2023-02-09 09:00:00,1.074534,1.074604,1.072820,1.072891,50
2023-02-09 10:00:00,1.072891,1.074381,1.072725,1.074216,50
2023-02-09 11:00:00,1.074216,1.074270,1.073523,1.073577,50
2023-02-09 12:00:00,1.073577,1.074125,1.073466,1.074014,50
2023-02-09 13:00:00,1.074014,1.074251,1.073931,1.074169,50
2023-02-09 14:00:00,1.074169,1.075091,1.074004,1.074926,50
2023-02-09 15:00:00,1.074926,1.075027,1.074558,1.074659,50
2023-02-09 16:00:00,1.074659,1.075255,1.074597,1.075193,50
2023-02-09 17:00:00,1.075193,1.076088,1.074986,1.075880,50
2023-02-09 18:00:00,1.075880,1.076471,1.075706,1.076297,50
2023-02-09 19:00:00,1.076297,1.076374,1.076041,1.076118,50
2023-02-09 20:00:00,1.076118,1.076269,1.075734,1.075885,50
2023-02-09 21:00:00,1.075885,1.076304,1.075773,1.076192,50
2023-02-09 22:00:00,1.076192,1.076619,1.076183,1.076610,50
2023-02-09 23:00:00,1.076610,1.076657,1.076031,1.076079,50
2023-02-10 00:00:00,1.076079,1.076257,1.075693,1.075871,50
2023-02-10 01:00:00,1.075871,1.076499,1.075168,1.075796,50
2023-02-10 02:00:00,1.075796,1.075983,1.073923,1.074110,50
2023-02-10 03:00:00,1.074110,1.074451,1.073128,1.073469,50
2023-02-10 04:00:00,1.073469,1.074439,1.073044,1.074014,50
2023-02-10 05:00:00,1.074014,1.074746,1.072356,1.073087,50
2023-02-10 06:00:00,1.073087,1.073644,1.069596,1.070154,50
2023-02-10 07:00:00,1.070154,1.071737,1.069514,1.071097,50
2023-02-10 08:00:00,1.071097,1.071363,1.067744,1.068010,50
2023-02-10 09:00:00,1.068010,1.068276,1.065333,1.065599,50
2023-02-10 10:00:00,1.065599,1.066262,1.064531,1.065194,50
2023-02-10 11:00:00,1.065194,1.067275,1.064748,1.066830,50
2023-02-10 12:00:00,1.066830,1.067378,1.065959,1.066507,50
2023-02-10 13:00:00,1.066507,1.067482,1.066433,1.067407,50
2023-02-10 14:00:00,1.067407,1.069380,1.067360,1.069333,50
2023-02-10 15:00:00,1.069333,1.070649,1.069007,1.070323,50
2023-02-10 16:00:00,1.070323,1.070557,1.069383,1.069617,50
2023-02-10 17:00:00,1.069617,1.072099,1.069414,1.071896,50
2023-02-10 18:00:00,1.071896,1.078270,1.071275,1.077649,50
2023-02-10 19:00:00,1.077649,1.078349,1.075503,1.076204,50
2023-02-10 20:00:00,1.076204,1.076670,1.076033,1.076499,50
2023-02-10 21:00:00,1.076499,1.076575,1.074803,1.074880,50
2023-02-10 22:00:00,1.074880,1.075023,1.071825,1.071969,50
2023-02-10 23:00:00,1.071969,1.072109,1.066868,1.067008,50
2023-02-13 00:00:00,1.067008,1.067399,1.066791,1.067182,50
2023-02-13 01:00:00,1.067182,1.067408,1.065821,1.066047,50
2023-02-13 02:00:00,1.066047,1.069604,1.065759,1.069315,50
2023-02-13 03:00:00,1.069315,1.069598,1.069137,1.069420,50
2023-02-13 04:00:00,1.069420,1.069575,1.068430,1.068585,50
2023-02-13 05:00:00,1.068585,1.070883,1.068324,1.070622,50
2023-02-13 06:00:00,1.070622,1.071298,1.070256,1.070932,50
2023-02-13 07:00:00,1.070932,1.071859,1.070665,1.071592,50
2023-02-13 08:00:00,1.071592,1.071603,1.070443,1.070454,50
2023-02-13 09:00:00,1.070454,1.071266,1.070333,1.071145,50
2023-02-13 10:00:00,1.071145,1.072031,1.070756,1.071642,50
2023-02-13 11:00:00,1.071642,1.072315,1.071253,1.071926,50
2023-02-13 12:00:00,1.071926,1.072892,1.071806,1.072772,50
2023-02-13 13:00:00,1.072772,1.072858,1.070437,1.070523,50
2023-02-13 14:00:00,1.070523,1.070525,1.070147,1.070149,50
2023-02-13 15:00:00,1.070149,1.070199,1.069729,1.069778,50
2023-02-13 16:00:00,1.069778,1.070336,1.069749,1.070307,50
2023-02-13 17:00:00,1.070307,1.070704,1.068884,1.069280,50
2023-02-13 18:00:00,1.069280,1.071095,1.068898,1.070713,50
2023-02-13 19:00:00,1.070713,1.070849,1.070498,1.070634,50
2023-02-13 20:00:00,1.070634,1.070645,1.070593,1.070604,50
2023-02-13 21:00:00,1.070604,1.070973,1.070167,1.070537,50
2023-02-13 22:00:00,1.070537,1.071450,1.070286,1.071199,50
2023-02-13 23:00:00,1.071199,1.072176,1.070835,1.071811,50
2023-02-14 00:00:00,1.071811,1.071847,1.070340,1.070375,50
2023-02-14 01:00:00,1.070375,1.070576,1.070196,1.070396,50
2023-02-14 02:00:00,1.070396,1.070814,1.070335,1.070753,50
2023-02-14 03:00:00,1.070753,1.071063,1.070665,1.070976,50
2023-02-14 04:00:00,1.070976,1.071752,1.070795,1.071571,50
2023-02-14 05:00:00,1.071571,1.071876,1.071456,1.071761,50
2023-02-14 06:00:00,1.071761,1.071962,1.071699,1.071899,50
2023-02-14 07:00:00,1.071899,1.072288,1.071855,1.072244,50
2023-02-14 08:00:00,1.072244,1.072480,1.072068,1.072304,50
2023-02-14 09:00:00,1.072304,1.072443,1.072034,1.072173,50
2023-02-14 10:00:00,1.072173,1.072502,1.072051,1.072381,50
2023-02-14 11:00:00,1.072381,1.072788,1.072274,1.072681,50
2023-02-14 12:00:00,1.072681,1.073044,1.072503,1.072866,50
2023-02-14 13:00:00,1.072866,1.072891,1.072388,1.072412,50
2023-02-14 14:00:00,1.072412,1.072484,1.071690,1.071761,50
2023-02-14 15:00:00,1.071761,1.071918,1.070943,1.071100,50
2023-02-14 16:00:00,1.071100,1.071286,1.070973,1.071159,50
2023-02-14 17:00:00,1.071159,1.071744,1.071040,1.071625,50
2023-02-14 18:00:00,1.071625,1.072127,1.071498,1.072000,50
2023-02-14 19:00:00,1.072000,1.072744,1.071909,1.072653,50
2023-02-14 20:00:00,1.072653,1.073481,1.072545,1.073373,50
2023-02-14 21:00:00,1.073373,1.073546,1.073290,1.073463,50
2023-02-14 22:00:00,1.073463,1.073646,1.072951,1.073134,50
2023-02-14 23:00:00,1.073134,1.073187,1.072104,1.072156,50
2023-02-15 00:00:00,1.072156,1.072975,1.071931,1.072751,50
2023-02-15 01:00:00,1.072751,1.072926,1.071007,1.071183,50
2023-02-15 02:00:00,1.071183,1.071251,1.071179,1.071247,50
2023-02-15 03:00:00,1.071247,1.071329,1.071181,1.071263,50
2023-02-15 04:00:00,1.071263,1.072022,1.071124,1.071884,50
2023-02-15 05:00:00,1.071884,1.071979,1.071762,1.071858,50
2023-02-15 06:00:00,1.071858,1.072171,1.071821,1.072134,50
2023-02-15 07:00:00,1.072134,1.072968,1.072094,1.072929,50
2023-02-15 08:00:00,1.072929,1.073168,1.071577,1.071817,50
2023-02-15 09:00:00,1.071817,1.071995,1.071269,1.071447,50
2023-02-15 10:00:00,1.071447,1.071599,1.070606,1.070758,50
2023-02-15 11:00:00,1.070758,1.070768,1.070193,1.070202,50
2023-02-15 12:00:00,1.070202,1.070473,1.069953,1.070223,50
2023-02-15 13:00:00,1.070223,1.070547,1.069356,1.069680,50
2023-02-15 14:00:00,1.069680,1.069918,1.068014,1.068252,50
2023-02-15 15:00:00,1.068252,1.068705,1.068095,1.068547,50
2023-02-15 16:00:00,1.068547,1.068780,1.068171,1.068404,50
2023-02-15 17:00:00,1.068404,1.068610,1.067277,1.067483,50
2023-02-15 18:00:00,1.067483,1.068668,1.067439,1.068624,50
2023-02-15 19:00:00,1.068624,1.069969,1.068445,1.069789,50
2023-02-15 20:00:00,1.069789,1.071224,1.069588,1.071022,50
2023-02-15 21:00:00,1.071022,1.071435,1.070960,1.071373,50
2023-02-15 22:00:00,1.071373,1.071953,1.071287,1.071867,50
2023-02-15 23:00:00,1.071867,1.071971,1.068158,1.068262,50
2023-02-16 00:00:00,1.068262,1.068925,1.068138,1.068800,50
2023-02-16 01:00:00,1.068800,1.068843,1.068309,1.068351,50
2023-02-16 02:00:00,1.068351,1.068431,1.067690,1.067770,50
2023-02-16 03:00:00,1.067770,1.067952,1.067125,1.067307,50
2023-02-16 04:00:00,1.067307,1.067374,1.067104,1.067172,50
2023-02-16 05:00:00,1.067172,1.067203,1.066785,1.066816,50
2023-02-16 06:00:00,1.066816,1.066889,1.066643,1.066716,50
2023-02-16 07:00:00,1.066716,1.067485,1.066689,1.067457,50
2023-02-16 08:00:00,1.067457,1.068066,1.067298,1.067907,50
2023-02-16 09:00:00,1.067907,1.068292,1.067778,1.068163,50
2023-02-16 10:00:00,1.068163,1.068852,1.068119,1.068808,50
2023-02-16 11:00:00,1.068808,1.069139,1.068626,1.068958,50
2023-02-16 12:00:00,1.068958,1.069046,1.068787,1.068875,50
2023-02-16 13:00:00,1.068875,1.068940,1.068298,1.068362,50
2023-02-16 14:00:00,1.068362,1.068841,1.068192,1.068671,50
2023-02-16 15:00:00,1.068671,1.068929,1.068640,1.068899,50
2023-02-16 16:00:00,1.068899,1.068981,1.068848,1.068931,50
2023-02-16 17:00:00,1.068931,1.069011,1.068836,1.068916,50
2023-02-16 18:00:00,1.068916,1.069418,1.068750,1.069252,50
2023-02-16 19:00:00,1.069252,1.069460,1.069182,1.069391,50
2023-02-16 20:00:00,1.069391,1.069772,1.069284,1.069665,50
2023-02-16 21:00:00,1.069665,1.069954,1.069633,1.069922,50
2023-02-16 22:00:00,1.069922,1.069969,1.069413,1.069461,50
2023-02-16 23:00:00,1.069461,1.069531,1.068307,1.068376,50
2023-02-17 00:00:00,1.068376,1.068886,1.068320,1.068829,50
2023-02-17 01:00:00,1.068829,1.069008,1.068737,1.068916,50
2023-02-17 02:00:00,1.068916,1.069097,1.068571,1.068752,50
2023-02-17 03:00:00,1.068752,1.069113,1.068657,1.069018,50
2023-02-17 04:00:00,1.069018,1.069101,1.068801,1.068883,50
2023-02-17 05:00:00,1.068883,1.069029,1.068726,1.068873,50
2023-02-17 06:00:00,1.068873,1.069510,1.068740,1.069378,50
2023-02-17 07:00:00,1.069378,1.069424,1.069338,1.069385,50
2023-02-17 08:00:00,1.069385,1.069547,1.068937,1.069099,50
2023-02-17 09:00:00,1.069099,1.069845,1.068947,1.069693,50
2023-02-17 10:00:00,1.069693,1.069742,1.069073,1.069122,50
2023-02-17 11:00:00,1.069122,1.069223,1.068593,1.068694,50
2023-02-17 12:00:00,1.068694,1.068818,1.068024,1.068149,50
2023-02-17 13:00:00,1.068149,1.068219,1.067704,1.067774,50
2023-02-17 14:00:00,1.067774,1.068361,1.067644,1.068231,50
2023-02-17 15:00:00,1.068231,1.068349,1.067997,1.068115,50
2023-02-17 16:00:00,1.068115,1.068199,1.068017,1.068100,50
2023-02-17 17:00:00,1.068100,1.068494,1.067951,1.068344,50
2023-02-17 18:00:00,1.068344,1.068376,1.067625,1.067657,50
2023-02-17 19:00:00,1.067657,1.067792,1.067239,1.067374,50
2023-02-17 20:00:00,1.067374,1.067524,1.067087,1.067237,50
2023-02-17 21:00:00,1.067237,1.067365,1.066850,1.066978,50
2023-02-17 22:00:00,1.066978,1.067152,1.066497,1.066670,50
2023-02-17 23:00:00,1.066670,1.067960,1.066516,1.067806,50
2023-02-21 00:00:00,1.067806,1.067920,1.067592,1.067706,50
2023-02-21 01:00:00,1.067706,1.068101,1.067581,1.067976,50
2023-02-21 02:00:00,1.067976,1.068479,1.067820,1.068323,50
2023-02-21 03:00:00,1.068323,1.068385,1.067707,1.067769,50
2023-02-21 04:00:00,1.067769,1.067894,1.067552,1.067678,50
2023-02-21 05:00:00,1.067678,1.068330,1.067490,1.068143,50
2023-02-21 06:00:00,1.068143,1.068326,1.067509,1.067693,50
2023-02-21 07:00:00,1.067693,1.067732,1.067527,1.067567,50
2023-02-21 08:00:00,1.067567,1.067634,1.067434,1.067500,50
2023-02-21 09:00:00,1.067500,1.067538,1.067204,1.067241,50
2023-02-21 10:00:00,1.067241,1.067355,1.066851,1.066966,50
2023-02-21 11:00:00,1.066966,1.067375,1.066874,1.067283,50
2023-02-21 12:00:00,1.067283,1.067424,1.067173,1.067314,50
2023-02-21 13:00:00,1.067314,1.067370,1.066263,1.066320,50
2023-02-21 14:00:00,1.066320,1.066498,1.065045,1.065223,50
2023-02-21 15:00:00,1.065223,1.065243,1.065106,1.065126,50
2023-02-21 16:00:00,1.065126,1.066023,1.064936,1.065833,50
2023-02-21 17:00:00,1.065833,1.066324,1.065673,1.066164,50
2023-02-21 18:00:00,1.066164,1.066308,1.066019,1.066163,50
2023-02-21 19:00:00,1.066163,1.066620,1.066042,1.066500,50
2023-02-21 20:00:00,1.066500,1.066684,1.066113,1.066298,50
2023-02-21 21:00:00,1.066298,1.066388,1.066132,1.066223,50
2023-02-21 22:00:00,1.066223,1.066822,1.066040,1.066639,50
2023-02-21 23:00:00,1.066639,1.066820,1.065462,1.065644,50
2023-02-22 00:00:00,1.065644,1.065906,1.065251,1.065514,50
2023-02-22 01:00:00,1.065514,1.065795,1.064999,1.065281,50
2023-02-22 02:00:00,1.065281,1.065560,1.064319,1.064597,50
2023-02-22 03:00:00,1.064597,1.065263,1.064412,1.065078,50
2023-02-22 04:00:00,1.065078,1.066259,1.064807,1.065988,50
2023-02-22 05:00:00,1.065988,1.066365,1.065764,1.066141,50
2023-02-22 06:00:00,1.066141,1.066149,1.065589,1.065596,50
2023-02-22 07:00:00,1.065596,1.066465,1.065454,1.066323,50
2023-02-22 08:00:00,1.066323,1.066431,1.064996,1.065104,50
2023-02-22 09:00:00,1.065104,1.065214,1.063605,1.063715,50
2023-02-22 10:00:00,1.063715,1.063858,1.063336,1.063479,50
2023-02-22 11:00:00,1.063479,1.063619,1.063111,1.063251,50
2023-02-22 12:00:00,1.063251,1.063360,1.062858,1.062967,50
2023-02-22 13:00:00,1.062967,1.063007,1.062386,1.062425,50
2023-02-22 14:00:00,1.062425,1.062705,1.062303,1.062583,50
2023-02-22 15:00:00,1.062583,1.062957,1.062494,1.062869,50
2023-02-22 16:00:00,1.062869,1.063112,1.062282,1.062526,50
2023-02-22 17:00:00,1.062526,1.062532,1.061950,1.061956,50
2023-02-22 18:00:00,1.061956,1.061994,1.061783,1.061821,50
2023-02-22 19:00:00,1.061821,1.062139,1.061662,1.061981,50
2023-02-22 20:00:00,1.061981,1.062005,1.061590,1.061614,50
2023-02-22 21:00:00,1.061614,1.061953,1.061533,1.061872,50
2023-02-22 22:00:00,1.061872,1.062074,1.061367,1.061569,50
2023-02-22 23:00:00,1.061569,1.062526,1.061290,1.062248,50
2023-02-23 00:00:00,1.062248,1.062575,1.061760,1.062087,50
2023-02-23 01:00:00,1.062087,1.062089,1.061557,1.061559,50
2023-02-23 02:00:00,1.061559,1.061851,1.060829,1.061122,50
2023-02-23 03:00:00,1.061122,1.061176,1.061074,1.061128,50
2023-02-23 04:00:00,1.061128,1.061202,1.060783,1.060858,50
2023-02-23 05:00:00,1.060858,1.061250,1.060827,1.061219,50
2023-02-23 06:00:00,1.061219,1.062791,1.061106,1.062678,50
2023-02-23 07:00:00,1.062678,1.062938,1.061567,1.061827,50
2023-02-23 08:00:00,1.061827,1.062311,1.061712,1.062196,50
2023-02-23 09:00:00,1.062196,1.062382,1.060868,1.061054,50
2023-02-23 10:00:00,1.061054,1.061292,1.059422,1.059660,50
2023-02-23 11:00:00,1.059660,1.059937,1.058655,1.058932,50
2023-02-23 12:00:00,1.058932,1.059183,1.058748,1.058999,50
2023-02-23 13:00:00,1.058999,1.059177,1.058807,1.058985,50
2023-02-23 14:00:00,1.058985,1.059117,1.058315,1.058447,50
2023-02-23 15:00:00,1.058447,1.058695,1.057502,1.057751,50
2023-02-23 16:00:00,1.057751,1.057906,1.057370,1.057526,50
2023-02-23 17:00:00,1.057526,1.058833,1.057206,1.058512,50
2023-02-23 18:00:00,1.058512,1.058818,1.057865,1.058171,50
2023-02-23 19:00:00,1.058171,1.058322,1.058076,1.058227,50
2023-02-23 20:00:00,1.058227,1.058833,1.057901,1.058507,50
2023-02-23 21:00:00,1.058507,1.058812,1.058030,1.058335,50
2023-02-23 22:00:00,1.058335,1.058520,1.057476,1.057661,50
2023-02-23 23:00:00,1.057661,1.058611,1.057363,1.058313,50
2023-02-24 00:00:00,1.058313,1.058998,1.058152,1.058837,50
2023-02-24 01:00:00,1.058837,1.059368,1.058542,1.059072,50
2023-02-24 02:00:00,1.059072,1.059140,1.058606,1.058674,50
2023-02-24 03:00:00,1.058674,1.058707,1.058020,1.058052,50
2023-02-24 04:00:00,1.058052,1.058188,1.057572,1.057707,50
2023-02-24 05:00:00,1.057707,1.057710,1.057316,1.057318,50
2023-02-24 06:00:00,1.057318,1.057345,1.056184,1.056210,50
2023-02-24 07:00:00,1.056210,1.056768,1.056003,1.056561,50
2023-02-24 08:00:00,1.056561,1.057055,1.056247,1.056741,50
2023-02-24 09:00:00,1.056741,1.057051,1.056035,1.056345,50
2023-02-24 10:00:00,1.056345,1.056603,1.056055,1.056313,50
2023-02-24 11:00:00,1.056313,1.056668,1.056175,1.056529,50
2023-02-24 12:00:00,1.056529,1.056779,1.056261,1.056511,50
2023-02-24 13:00:00,1.056511,1.056746,1.056116,1.056351,50
2023-02-24 14:00:00,1.056351,1.056596,1.055517,1.055762,50
2023-02-24 15:00:00,1.055762,1.055914,1.054377,1.054529,50
2023-02-24 16:00:00,1.054529,1.055074,1.054291,1.054835,50
2023-02-24 17:00:00,1.054835,1.054943,1.054288,1.054396,50
2023-02-24 18:00:00,1.054396,1.054590,1.054308,1.054503,50
2023-02-24 19:00:00,1.054503,1.054559,1.054173,1.054229,50
2023-02-24 20:00:00,1.054229,1.054390,1.054110,1.054272,50
2023-02-24 21:00:00,1.054272,1.054412,1.053785,1.053925,50
2023-02-24 22:00:00,1.053925,1.054027,1.053770,1.053872,50
2023-02-24 23:00:00,1.053872,1.054798,1.053593,1.054519,50
2023-02-27 00:00:00,1.054519,1.054927,1.054371,1.054779,50
2023-02-27 01:00:00,1.054779,1.055089,1.054182,1.054492,50
2023-02-27 02:00:00,1.054492,1.055047,1.054160,1.054715,50
2023-02-27 03:00:00,1.054715,1.055589,1.054349,1.055222,50
2023-02-27 04:00:00,1.055222,1.055514,1.053221,1.053513,50
2023-02-27 05:00:00,1.053513,1.054260,1.053331,1.054077,50
2023-02-27 06:00:00,1.054077,1.054271,1.053934,1.054128,50
2023-02-27 07:00:00,1.054128,1.055333,1.053965,1.055171,50
2023-02-27 08:00:00,1.055171,1.055329,1.054689,1.054846,50
2023-02-27 09:00:00,1.054846,1.055839,1.054472,1.055464,50
2023-02-27 10:00:00,1.055464,1.056530,1.055115,1.056181,50
2023-02-27 11:00:00,1.056181,1.056815,1.056090,1.056724,50
2023-02-27 12:00:00,1.056724,1.059246,1.056613,1.059134,50
2023-02-27 13:00:00,1.059134,1.059152,1.058970,1.058989,50
2023-02-27 14:00:00,1.058989,1.059382,1.058268,1.058662,50
2023-02-27 15:00:00,1.058662,1.058687,1.057101,1.057126,50
2023-02-27 16:00:00,1.057126,1.057291,1.056920,1.057085,50
2023-02-27 17:00:00,1.057085,1.057561,1.057008,1.057483,50
2023-02-27 18:00:00,1.057483,1.057567,1.056381,1.056464,50
2023-02-27 19:00:00,1.056464,1.056908,1.056066,1.056511,50
2023-02-27 20:00:00,1.056511,1.057458,1.056326,1.057274,50
2023-02-27 21:00:00,1.057274,1.057756,1.057007,1.057488,50
2023-02-27 22:00:00,1.057488,1.060065,1.057138,1.059714,50
2023-02-27 23:00:00,1.059714,1.059935,1.059325,1.059547,50
2023-02-28 00:00:00,1.059547,1.059695,1.058478,1.058626,50
2023-02-28 01:00:00,1.058626,1.058763,1.058310,1.058446,50
2023-02-28 02:00:00,1.058446,1.058940,1.058317,1.058812,50
2023-02-28 03:00:00,1.058812,1.059133,1.058630,1.058952,50
2023-02-28 04:00:00,1.058952,1.059103,1.058560,1.058711,50
2023-02-28 05:00:00,1.058711,1.059452,1.058698,1.059439,50
2023-02-28 06:00:00,1.059439,1.059758,1.059370,1.059689,50
2023-02-28 07:00:00,1.059689,1.060168,1.059682,1.060162,50
2023-02-28 08:00:00,1.060162,1.060635,1.059988,1.060462,50
2023-02-28 09:00:00,1.060462,1.060735,1.060330,1.060603,50
2023-02-28 10:00:00,1.060603,1.060645,1.060048,1.060090,50
2023-02-28 11:00:00,1.060090,1.060953,1.060055,1.060918,50
2023-02-28 12:00:00,1.060918,1.061335,1.060875,1.061291,50
2023-02-28 13:00:00,1.061291,1.061590,1.061175,1.061474,50
2023-02-28 14:00:00,1.061474,1.061566,1.060841,1.060933,50
2023-02-28 15:00:00,1.060933,1.060934,1.060709,1.060710,50
2023-02-28 16:00:00,1.060710,1.061097,1.060586,1.060972,50
2023-02-28 17:00:00,1.060972,1.061351,1.060917,1.061296,50
2023-02-28 18:00:00,1.061296,1.061351,1.061044,1.061098,50
2023-02-28 19:00:00,1.061098,1.061289,1.060574,1.060765,50
2023-02-28 20:00:00,1.060765,1.061072,1.060592,1.060900,50
2023-02-28 21:00:00,1.060900,1.061173,1.060733,1.061006,50
2023-02-28 22:00:00,1.061006,1.061587,1.060836,1.061418,50
2023-02-28 23:00:00,1.061418,1.061526,1.060112,1.060221,50
2023-03-01 00:00:00,1.060221,1.060348,1.059673,1.059801,50
2023-03-01 01:00:00,1.059801,1.061431,1.059341,1.060971,50
2023-03-01 02:00:00,1.060971,1.063164,1.060420,1.062612,50
2023-03-01 03:00:00,1.062612,1.063371,1.062574,1.063333,50
2023-03-01 04:00:00,1.063333,1.063434,1.061872,1.061972,50
2023-03-01 05:00:00,1.061972,1.062522,1.060246,1.060796,50
2023-03-01 06:00:00,1.060796,1.060858,1.060277,1.060340,50
2023-03-01 07:00:00,1.060340,1.060389,1.059428,1.059477,50
2023-03-01 08:00:00,1.059477,1.060013,1.058678,1.059214,50
2023-03-01 09:00:00,1.059214,1.059383,1.058626,1.058795,50
2023-03-01 10:00:00,1.058795,1.059713,1.058786,1.059704,50
2023-03-01 11:00:00,1.059704,1.060362,1.059363,1.060021,50
2023-03-01 12:00:00,1.060021,1.061459,1.059908,1.061345,50
2023-03-01 13:00:00,1.061345,1.062849,1.061114,1.062618,50
2023-03-01 14:00:00,1.062618,1.062814,1.060089,1.060284,50
2023-03-01 15:00:00,1.060284,1.062322,1.059794,1.061832,50
2023-03-01 16:00:00,1.061832,1.062397,1.060905,1.061470,50
2023-03-01 17:00:00,1.061470,1.064802,1.060895,1.064226,50
2023-03-01 18:00:00,1.064226,1.064524,1.063873,1.064170,50
2023-03-01 19:00:00,1.064170,1.069331,1.063614,1.068776,50
2023-03-01 20:00:00,1.068776,1.069187,1.067213,1.067625,50
2023-03-01 21:00:00,1.067625,1.067978,1.067296,1.067648,50
2023-03-01 22:00:00,1.067648,1.068495,1.067261,1.068107,50
2023-03-01 23:00:00,1.068107,1.068500,1.066957,1.067350,50
2023-03-02 00:00:00,1.067350,1.067802,1.061771,1.062224,50
2023-03-02 01:00:00,1.062224,1.062405,1.061791,1.061973,50
2023-03-02 02:00:00,1.061973,1.062023,1.061588,1.061638,50
2023-03-02 03:00:00,1.061638,1.063636,1.061393,1.063391,50
2023-03-02 04:00:00,1.063391,1.065875,1.062874,1.065359,50
2023-03-02 05:00:00,1.065359,1.065797,1.065130,1.065569,50
2023-03-02 06:00:00,1.065569,1.067634,1.065211,1.067276,50
2023-03-02 07:00:00,1.067276,1.067784,1.066238,1.066745,50
2023-03-02 08:00:00,1.066745,1.069092,1.066564,1.068910,50
2023-03-02 09:00:00,1.068910,1.069479,1.064633,1.065202,50
2023-03-02 10:00:00,1.065202,1.065500,1.065175,1.065473,50
2023-03-02 11:00:00,1.065473,1.065803,1.065178,1.065508,50
2023-03-02 12:00:00,1.065508,1.065666,1.061420,1.061578,50
2023-03-02 13:00:00,1.061578,1.063359,1.061466,1.063247,50
2023-03-02 14:00:00,1.063247,1.063836,1.059777,1.060366,50
2023-03-02 15:00:00,1.060366,1.061321,1.060258,1.061212,50
2023-03-02 16:00:00,1.061212,1.061723,1.060459,1.060971,50
2023-03-02 17:00:00,1.060971,1.061280,1.060213,1.060522,50
2023-03-02 18:00:00,1.060522,1.061142,1.057553,1.058173,50
2023-03-02 19:00:00,1.058173,1.059264,1.057592,1.058684,50
2023-03-02 20:00:00,1.058684,1.059173,1.058673,1.059162,50
2023-03-02 21:00:00,1.059162,1.060538,1.058539,1.059914,50
2023-03-02 22:00:00,1.059914,1.060280,1.058846,1.059213,50
2023-03-02 23:00:00,1.059213,1.060023,1.058736,1.059547,50
2023-03-03 00:00:00,1.059547,1.059758,1.059433,1.059644,50
2023-03-03 01:00:00,1.059644,1.059742,1.058869,1.058966,50
2023-03-03 02:00:00,1.058966,1.059701,1.058936,1.059670,50
2023-03-03 03:00:00,1.059670,1.059811,1.059517,1.059658,50
2023-03-03 04:00:00,1.059658,1.060061,1.059527,1.059930,50
2023-03-03 05:00:00,1.059930,1.060097,1.059646,1.059813,50
2023-03-03 06:00:00,1.059813,1.059903,1.059414,1.059503,50
2023-03-03 07:00:00,1.059503,1.059518,1.059501,1.059515,50
2023-03-03 08:00:00,1.059515,1.059823,1.059444,1.059753,50
2023-03-03 09:00:00,1.059753,1.059873,1.059651,1.059772,50
2023-03-03 10:00:00,1.059772,1.059885,1.059597,1.059710,50
2023-03-03 11:00:00,1.059710,1.060133,1.059653,1.060076,50
2023-03-03 12:00:00,1.060076,1.060147,1.059373,1.059444,50
2023-03-03 13:00:00,1.059444,1.059526,1.059074,1.059156,50
2023-03-03 14:00:00,1.059156,1.059607,1.058984,1.059435,50
2023-03-03 15:00:00,1.059435,1.060228,1.059411,1.060204,50
2023-03-03 16:00:00,1.060204,1.060229,1.059584,1.059609,50
2023-03-03 17:00:00,1.059609,1.060507,1.059430,1.060329,50
2023-03-03 18:00:00,1.060329,1.060436,1.059973,1.060080,50
2023-03-03 19:00:00,1.060080,1.060296,1.060077,1.060294,50
2023-03-03 20:00:00,1.060294,1.060898,1.060253,1.060857,50
2023-03-03 21:00:00,1.060857,1.062226,1.060782,1.062151,50
2023-03-03 22:00:00,1.062151,1.062250,1.061495,1.061594,50
2023-03-03 23:00:00,1.061594,1.061752,1.061413,1.061571,50
2023-03-06 00:00:00,1.061571,1.061908,1.060217,1.060554,50
2023-03-06 01:00:00,1.060554,1.062924,1.060536,1.062905,50
2023-03-06 02:00:00,1.062905,1.062945,1.062064,1.062105,50
2023-03-06 03:00:00,1.062105,1.063005,1.061817,1.062717,50
2023-03-06 04:00:00,1.062717,1.064296,1.062173,1.063752,50
2023-03-06 05:00:00,1.063752,1.063997,1.061228,1.061473,50
2023-03-06 06:00:00,1.061473,1.062118,1.060728,1.061374,50
2023-03-06 07:00:00,1.061374,1.061761,1.060691,1.061079,50
2023-03-06 08:00:00,1.061079,1.061154,1.059930,1.060004,50
2023-03-06 09:00:00,1.060004,1.061077,1.059640,1.060713,50
2023-03-06 10:00:00,1.060713,1.061358,1.060024,1.060670,50
2023-03-06 11:00:00,1.060670,1.062217,1.060470,1.062017,50
2023-03-06 12:00:00,1.062017,1.062565,1.061185,1.061732,50
2023-03-06 13:00:00,1.061732,1.063899,1.061301,1.063467,50
2023-03-06 14:00:00,1.063467,1.065578,1.063301,1.065412,50
2023-03-06 15:00:00,1.065412,1.066077,1.064885,1.065550,50
2023-03-06 16:00:00,1.065550,1.067379,1.065423,1.067251,50
2023-03-06 17:00:00,1.067251,1.067536,1.066763,1.067048,50
2023-03-06 18:00:00,1.067048,1.067554,1.065599,1.066106,50
2023-03-06 19:00:00,1.066106,1.068213,1.066074,1.068181,50
2023-03-06 20:00:00,1.068181,1.068751,1.065751,1.066321,50
2023-03-06 21:00:00,1.066321,1.069236,1.066087,1.069002,50
2023-03-06 22:00:00,1.069002,1.071398,1.068575,1.070971,50
2023-03-06 23:00:00,1.070971,1.071396,1.068980,1.069404,50
2023-03-07 00:00:00,1.069404,1.070165,1.057809,1.058570,50
2023-03-07 01:00:00,1.058570,1.068996,1.058459,1.068885,50
2023-03-07 02:00:00,1.068885,1.068950,1.060558,1.060623,50
2023-03-07 03:00:00,1.060623,1.069764,1.060083,1.069224,50
2023-03-07 04:00:00,1.069224,1.072746,1.068302,1.071824,50
2023-03-07 05:00:00,1.071824,1.072455,1.062966,1.063597,50
2023-03-07 06:00:00,1.063597,1.064352,1.061218,1.061973,50
2023-03-07 07:00:00,1.061973,1.062433,1.060909,1.061369,50
2023-03-07 08:00:00,1.061369,1.071237,1.060375,1.070244,50
2023-03-07 09:00:00,1.070244,1.070488,1.062391,1.062634,50
2023-03-07 10:00:00,1.062634,1.062655,1.061098,1.061119,50
2023-03-07 11:00:00,1.061119,1.063366,1.060527,1.062774,50
2023-03-07 12:00:00,1.062774,1.063289,1.054696,1.055211,50
2023-03-07 13:00:00,1.055211,1.058365,1.055010,1.058164,50
2023-03-07 14:00:00,1.058164,1.060032,1.058083,1.059952,50
2023-03-07 15:00:00,1.059952,1.060555,1.055746,1.056350,50
2023-03-07 16:00:00,1.056350,1.056597,1.054780,1.055027,50
2023-03-07 17:00:00,1.055027,1.058910,1.054884,1.058767,50
2023-03-07 18:00:00,1.058767,1.059762,1.054877,1.055872,50
2023-03-07 19:00:00,1.055872,1.058623,1.054880,1.057632,50
2023-03-07 20:00:00,1.057632,1.060397,1.057474,1.060238,50
2023-03-07 21:00:00,1.060238,1.060248,1.057205,1.057215,50
2023-03-07 22:00:00,1.057215,1.057964,1.054648,1.055397,50
2023-03-07 23:00:00,1.055397,1.057786,1.054917,1.057306,50
2023-03-08 00:00:00,1.057306,1.057417,1.056135,1.056247,50
2023-03-08 01:00:00,1.056247,1.057279,1.056164,1.057196,50
2023-03-08 02:00:00,1.057196,1.057313,1.056944,1.057062,50
2023-03-08 03:00:00,1.057062,1.057408,1.056894,1.057240,50
2023-03-08 04:00:00,1.057240,1.057296,1.056165,1.056220,50
2023-03-08 05:00:00,1.056220,1.056498,1.056114,1.056392,50
2023-03-08 06:00:00,1.056392,1.056418,1.056265,1.056291,50
2023-03-08 07:00:00,1.056291,1.056402,1.055968,1.056080,50
2023-03-08 08:00:00,1.056080,1.056222,1.055514,1.055657,50
2023-03-08 09:00:00,1.055657,1.055749,1.055572,1.055665,50
2023-03-08 10:00:00,1.055665,1.057432,1.055643,1.057411,50
2023-03-08 11:00:00,1.057411,1.057978,1.057230,1.057797,50
2023-03-08 12:00:00,1.057797,1.057956,1.057468,1.057627,50
2023-03-08 13:00:00,1.057627,1.057797,1.056874,1.057044,50
2023-03-08 14:00:00,1.057044,1.057261,1.057012,1.057229,50
2023-03-08 15:00:00,1.057229,1.057435,1.055903,1.056109,50
2023-03-08 16:00:00,1.056109,1.056840,1.056007,1.056739,50
2023-03-08 17:00:00,1.056739,1.056805,1.056702,1.056768,50
2023-03-08 18:00:00,1.056768,1.056829,1.056641,1.056702,50
2023-03-08 19:00:00,1.056702,1.056904,1.056686,1.056888,50
2023-03-08 20:00:00,1.056888,1.057054,1.056684,1.056851,50
2023-03-08 21:00:00,1.056851,1.057046,1.055369,1.055564,50
2023-03-08 22:00:00,1.055564,1.055751,1.054174,1.054362,50
2023-03-08 23:00:00,1.054362,1.055000,1.054214,1.054852,50
2023-03-09 00:00:00,1.054852,1.055339,1.054664,1.055151,50
2023-03-09 01:00:00,1.055151,1.055265,1.054804,1.054918,50
2023-03-09 02:00:00,1.054918,1.055016,1.054620,1.054718,50
2023-03-09 03:00:00,1.054718,1.054784,1.054235,1.054301,50
2023-03-09 04:00:00,1.054301,1.054303,1.054270,1.054272,50
2023-03-09 05:00:00,1.054272,1.054786,1.054222,1.054737,50
2023-03-09 06:00:00,1.054737,1.055668,1.054496,1.055427,50
2023-03-09 07:00:00,1.055427,1.055557,1.054673,1.054803,50
2023-03-09 08:00:00,1.054803,1.056322,1.054691,1.056209,50
2023-03-09 09:00:00,1.056209,1.056777,1.055990,1.056558,50
2023-03-09 10:00:00,1.056558,1.057347,1.056410,1.057200,50
2023-03-09 11:00:00,1.057200,1.057438,1.056919,1.057157,50
2023-03-09 12:00:00,1.057157,1.057570,1.057069,1.057482,50
2023-03-09 13:00:00,1.057482,1.057816,1.057430,1.057764,50
2023-03-09 14:00:00,1.057764,1.057988,1.057053,1.057277,50
2023-03-09 15:00:00,1.057277,1.057660,1.057238,1.057621,50
2023-03-09 16:00:00,1.057621,1.058526,1.057428,1.058334,50
2023-03-09 17:00:00,1.058334,1.058479,1.057585,1.057730,50
2023-03-09 18:00:00,1.057730,1.057969,1.056969,1.057208,50
2023-03-09 19:00:00,1.057208,1.057438,1.056239,1.056469,50
2023-03-09 20:00:00,1.056469,1.056630,1.055980,1.056141,50
2023-03-09 21:00:00,1.056141,1.056602,1.056132,1.056593,50
2023-03-09 22:00:00,1.056593,1.056599,1.055875,1.055881,50
2023-03-09 23:00:00,1.055881,1.057869,1.055766,1.057753,50
2023-03-10 00:00:00,1.057753,1.060005,1.057375,1.059626,50
2023-03-10 01:00:00,1.059626,1.061492,1.059011,1.060877,50
2023-03-10 02:00:00,1.060877,1.061727,1.060320,1.061169,50
2023-03-10 03:00:00,1.061169,1.061279,1.058839,1.058948,50
2023-03-10 04:00:00,1.058948,1.059390,1.058333,1.058776,50
2023-03-10 05:00:00,1.058776,1.058860,1.057176,1.057261,50
2023-03-10 06:00:00,1.057261,1.057810,1.057257,1.057806,50
2023-03-10 07:00:00,1.057806,1.058076,1.055860,1.056130,50
2023-03-10 08:00:00,1.056130,1.058037,1.055602,1.057510,50
2023-03-10 09:00:00,1.057510,1.058657,1.057124,1.058271,50
2023-03-10 10:00:00,1.058271,1.061583,1.058140,1.061452,50
2023-03-10 11:00:00,1.061452,1.063014,1.060878,1.062441,50
2023-03-10 12:00:00,1.062441,1.064292,1.061818,1.063669,50
2023-03-10 13:00:00,1.063669,1.063830,1.063083,1.063244,50
2023-03-10 14:00:00,1.063244,1.063550,1.062043,1.062349,50
2023-03-10 15:00:00,1.062349,1.065072,1.061914,1.064637,50
2023-03-10 16:00:00,1.064637,1.065510,1.064022,1.064895,50
2023-03-10 17:00:00,1.064895,1.065846,1.064809,1.065760,50
2023-03-10 18:00:00,1.065760,1.066638,1.065382,1.066261,50
2023-03-10 19:00:00,1.066261,1.068155,1.065600,1.067494,50
2023-03-10 20:00:00,1.067494,1.067910,1.064481,1.064896,50
2023-03-10 21:00:00,1.064896,1.065385,1.061772,1.062261,50
2023-03-10 22:00:00,1.062261,1.063664,1.061732,1.063136,50
2023-03-10 23:00:00,1.063136,1.066217,1.062790,1.065871,50
2023-03-13 00:00:00,1.065871,1.065940,1.064658,1.064727,50
2023-03-13 01:00:00,1.064727,1.065242,1.063869,1.064384,50
2023-03-13 02:00:00,1.064384,1.067181,1.063959,1.066756,50
2023-03-13 03:00:00,1.066756,1.067171,1.065814,1.066229,50
2023-03-13 04:00:00,1.066229,1.066780,1.064132,1.064683,50
2023-03-13 05:00:00,1.064683,1.065253,1.064437,1.065007,50
2023-03-13 06:00:00,1.065007,1.065411,1.064770,1.065174,50
2023-03-13 07:00:00,1.065174,1.066178,1.064910,1.065913,50
2023-03-13 08:00:00,1.065913,1.066166,1.065267,1.065519,50
2023-03-13 09:00:00,1.065519,1.067534,1.065102,1.067116,50
2023-03-13 10:00:00,1.067116,1.067789,1.067112,1.067785,50
2023-03-13 11:00:00,1.067785,1.070853,1.067495,1.070563,50
2023-03-13 12:00:00,1.070563,1.071534,1.070229,1.071200,50
2023-03-13 13:00:00,1.071200,1.071718,1.070984,1.071502,50
2023-03-13 14:00:00,1.071502,1.073080,1.071488,1.073066,50
2023-03-13 15:00:00,1.073066,1.074485,1.072626,1.074045,50
2023-03-13 16:00:00,1.074045,1.074051,1.073225,1.073231,50
2023-03-13 17:00:00,1.073231,1.074489,1.072879,1.074136,50
2023-03-13 18:00:00,1.074136,1.074232,1.073335,1.073431,50
2023-03-13 19:00:00,1.073431,1.074816,1.073409,1.074794,50
2023-03-13 20:00:00,1.074794,1.074907,1.074075,1.074188,50
2023-03-13 21:00:00,1.074188,1.074647,1.074147,1.074606,50
2023-03-13 22:00:00,1.074606,1.074700,1.073681,1.073775,50
2023-03-13 23:00:00,1.073775,1.074203,1.072879,1.073307,50
2023-03-14 00:00:00,1.073307,1.073716,1.073279,1.073688,50
2023-03-14 01:00:00,1.073688,1.073808,1.072693,1.072813,50
2023-03-14 02:00:00,1.072813,1.072935,1.072090,1.072212,50
2023-03-14 03:00:00,1.072212,1.072341,1.070994,1.071123,50
2023-03-14 04:00:00,1.071123,1.071775,1.071076,1.071728,50
2023-03-14 05:00:00,1.071728,1.072232,1.071710,1.072214,50
2023-03-14 06:00:00,1.072214,1.073032,1.072150,1.072967,50
2023-03-14 07:00:00,1.072967,1.073786,1.072835,1.073653,50
2023-03-14 08:00:00,1.073653,1.073751,1.072621,1.072720,50
2023-03-14 09:00:00,1.072720,1.072864,1.072316,1.072460,50
2023-03-14 10:00:00,1.072460,1.073240,1.072377,1.073157,50
2023-03-14 11:00:00,1.073157,1.073886,1.073080,1.073809,50
2023-03-14 12:00:00,1.073809,1.073984,1.072700,1.072875,50
2023-03-14 13:00:00,1.072875,1.073790,1.072843,1.073758,50
2023-03-14 14:00:00,1.073758,1.074203,1.073718,1.074163,50
2023-03-14 15:00:00,1.074163,1.074277,1.073655,1.073769,50
2023-03-14 16:00:00,1.073769,1.073891,1.072650,1.072772,50
2023-03-14 17:00:00,1.072772,1.072856,1.071654,1.071737,50
2023-03-14 18:00:00,1.071737,1.072244,1.071629,1.072136,50
2023-03-14 19:00:00,1.072136,1.073225,1.072051,1.073140,50
2023-03-14 20:00:00,1.073140,1.074137,1.073011,1.074008,50
2023-03-14 21:00:00,1.074008,1.074180,1.073504,1.073675,50
2023-03-14 22:00:00,1.073675,1.073835,1.073347,1.073506,50
2023-03-14 23:00:00,1.073506,1.073629,1.072033,1.072156,50
2023-03-15 00:00:00,1.072156,1.072806,1.058015,1.058664,50
2023-03-15 01:00:00,1.058664,1.060529,1.057434,1.059299,50
2023-03-15 02:00:00,1.059299,1.061586,1.058402,1.060690,50
2023-03-15 03:00:00,1.060690,1.069085,1.059395,1.067790,50
2023-03-15 04:00:00,1.067790,1.068180,1.067005,1.067395,50
2023-03-15 05:00:00,1.067395,1.067973,1.065058,1.065636,50
2023-03-15 06:00:00,1.065636,1.068366,1.064727,1.067457,50
2023-03-15 07:00:00,1.067457,1.070316,1.065977,1.068836,50
2023-03-15 08:00:00,1.068836,1.076852,1.067868,1.075884,50
2023-03-15 09:00:00,1.075884,1.076627,1.068700,1.069443,50
2023-03-15 10:00:00,1.069443,1.069836,1.067480,1.067873,50
2023-03-15 11:00:00,1.067873,1.069941,1.067432,1.069500,50
2023-03-15 12:00:00,1.069500,1.069838,1.066392,1.066730,50
2023-03-15 13:00:00,1.066730,1.068274,1.063621,1.065165,50
2023-03-15 14:00:00,1.065165,1.066553,1.063308,1.064696,50
2023-03-15 15:00:00,1.064696,1.066975,1.063295,1.065575,50
2023-03-15 16:00:00,1.065575,1.066402,1.064417,1.065245,50
2023-03-15 17:00:00,1.065245,1.066354,1.062046,1.063155,50
2023-03-15 18:00:00,1.063155,1.063619,1.058961,1.059426,50
2023-03-15 19:00:00,1.059426,1.060180,1.054858,1.055612,50
2023-03-15 20:00:00,1.055612,1.055840,1.053583,1.053811,50
2023-03-15 21:00:00,1.053811,1.054468,1.049134,1.049791,50
2023-03-15 22:00:00,1.049791,1.050907,1.049396,1.050512,50
2023-03-15 23:00:00,1.050512,1.053675,1.050355,1.053519,50
2023-03-16 00:00:00,1.053519,1.055177,1.053387,1.055045,50
2023-03-16 01:00:00,1.055045,1.055462,1.053828,1.054245,50
2023-03-16 02:00:00,1.054245,1.054318,1.054042,1.054116,50
2023-03-16 03:00:00,1.054116,1.054554,1.052547,1.052985,50
2023-03-16 04:00:00,1.052985,1.053573,1.051185,1.051773,50
2023-03-16 05:00:00,1.051773,1.054567,1.051166,1.053959,50
2023-03-16 06:00:00,1.053959,1.054246,1.053774,1.054061,50
2023-03-16 07:00:00,1.054061,1.054365,1.053484,1.053788,50
2023-03-16 08:00:00,1.053788,1.056149,1.053111,1.055472,50
2023-03-16 09:00:00,1.055472,1.058658,1.055216,1.058401,50
2023-03-16 10:00:00,1.058401,1.060847,1.057674,1.060119,50
2023-03-16 11:00:00,1.060119,1.061846,1.059973,1.061700,50
2023-03-16 12:00:00,1.061700,1.062316,1.059975,1.060592,50
2023-03-16 13:00:00,1.060592,1.062647,1.060562,1.062617,50
2023-03-16 14:00:00,1.062617,1.064483,1.062128,1.063994,50
2023-03-16 15:00:00,1.063994,1.064584,1.061787,1.062378,50
2023-03-16 16:00:00,1.062378,1.062779,1.060880,1.061281,50
2023-03-16 17:00:00,1.061281,1.062639,1.060817,1.062175,50
2023-03-16 18:00:00,1.062175,1.062845,1.059875,1.060545,50
2023-03-16 19:00:00,1.060545,1.061276,1.058260,1.058991,50
2023-03-16 20:00:00,1.058991,1.059122,1.057353,1.057484,50
2023-03-16 21:00:00,1.057484,1.058829,1.057101,1.058445,50
2023-03-16 22:00:00,1.058445,1.058475,1.057216,1.057245,50
2023-03-16 23:00:00,1.057245,1.062525,1.056968,1.062248,50
2023-03-17 00:00:00,1.062248,1.063710,1.062138,1.063600,50
2023-03-17 01:00:00,1.063600,1.063653,1.063158,1.063211,50
2023-03-17 02:00:00,1.063211,1.063783,1.063016,1.063589,50
2023-03-17 03:00:00,1.063589,1.063797,1.061936,1.062145,50
2023-03-17 04:00:00,1.062145,1.062275,1.061619,1.061750,50
2023-03-17 05:00:00,1.061750,1.062732,1.061726,1.062708,50
2023-03-17 06:00:00,1.062708,1.062880,1.062352,1.062524,50
2023-03-17 07:00:00,1.062524,1.062997,1.062364,1.062837,50
2023-03-17 08:00:00,1.062837,1.063020,1.062067,1.062251,50
2023-03-17 09:00:00,1.062251,1.063280,1.062047,1.063075,50
2023-03-17 10:00:00,1.063075,1.063814,1.062872,1.063610,50
2023-03-17 11:00:00,1.063610,1.064477,1.063456,1.064323,50
2023-03-17 12:00:00,1.064323,1.064405,1.064021,1.064103,50
2023-03-17 13:00:00,1.064103,1.064512,1.063992,1.064400,50
2023-03-17 14:00:00,1.064400,1.064506,1.063751,1.063857,50
2023-03-17 15:00:00,1.063857,1.064271,1.063698,1.064112,50
2023-03-17 16:00:00,1.064112,1.064243,1.062767,1.062898,50
2023-03-17 17:00:00,1.062898,1.063379,1.062725,1.063207,50
2023-03-17 18:00:00,1.063207,1.063697,1.063099,1.063589,50
2023-03-17 19:00:00,1.063589,1.063712,1.063257,1.063380,50
2023-03-17 20:00:00,1.063380,1.064414,1.063179,1.064213,50
2023-03-17 21:00:00,1.064213,1.064379,1.063984,1.064149,50
2023-03-17 22:00:00,1.064149,1.065428,1.063955,1.065234,50
2023-03-17 23:00:00,1.065234,1.065380,1.064590,1.064736,50
2023-03-20 00:00:00,1.064736,1.067817,1.064466,1.067547,50
2023-03-20 01:00:00,1.067547,1.067570,1.063229,1.063252,50
2023-03-20 02:00:00,1.063252,1.068605,1.062792,1.068145,50
2023-03-20 03:00:00,1.068145,1.068731,1.068083,1.068668,50
2023-03-20 04:00:00,1.068668,1.069089,1.068555,1.068976,50
2023-03-20 05:00:00,1.068976,1.069441,1.067868,1.068333,50
2023-03-20 06:00:00,1.068333,1.069917,1.068057,1.069641,50
2023-03-20 07:00:00,1.069641,1.069986,1.065771,1.066116,50
2023-03-20 08:00:00,1.066116,1.068605,1.065736,1.068225,50
2023-03-20 09:00:00,1.068225,1.073721,1.067915,1.073411,50
2023-03-20 10:00:00,1.073411,1.073676,1.071623,1.071887,50
2023-03-20 11:00:00,1.071887,1.073736,1.071792,1.073640,50
2023-03-20 12:00:00,1.073640,1.073729,1.071705,1.071794,50
2023-03-20 13:00:00,1.071794,1.071921,1.069019,1.069146,50
2023-03-20 14:00:00,1.069146,1.069299,1.068957,1.069110,50
2023-03-20 15:00:00,1.069110,1.069310,1.067228,1.067428,50
2023-03-20 16:00:00,1.067428,1.067984,1.065751,1.066307,50
2023-03-20 17:00:00,1.066307,1.066553,1.066174,1.066420,50
2023-03-20 18:00:00,1.066420,1.066502,1.065966,1.066047,50
2023-03-20 19:00:00,1.066047,1.068596,1.065880,1.068428,50
2023-03-20 20:00:00,1.068428,1.070240,1.068346,1.070158,50
2023-03-20 21:00:00,1.070158,1.071554,1.069641,1.071037,50
2023-03-20 22:00:00,1.071037,1.072157,1.070443,1.071563,50
2023-03-20 23:00:00,1.071563,1.072633,1.071086,1.072156,50
2023-03-21 00:00:00,1.072156,1.072217,1.071176,1.071237,50
2023-03-21 01:00:00,1.071237,1.072597,1.071129,1.072489,50
2023-03-21 02:00:00,1.072489,1.073958,1.072392,1.073861,50
2023-03-21 03:00:00,1.073861,1.074029,1.073452,1.073620,50
2023-03-21 04:00:00,1.073620,1.073960,1.072466,1.072807,50
2023-03-21 05:00:00,1.072807,1.072990,1.072713,1.072896,50
2023-03-21 06:00:00,1.072896,1.075396,1.072652,1.075152,50
2023-03-21 07:00:00,1.075152,1.077976,1.074993,1.077817,50
2023-03-21 08:00:00,1.077817,1.077953,1.077701,1.077837,50
2023-03-21 09:00:00,1.077837,1.077955,1.076991,1.077109,50
2023-03-21 10:00:00,1.077109,1.077419,1.075553,1.075862,50
2023-03-21 11:00:00,1.075862,1.076198,1.074688,1.075024,50
2023-03-21 12:00:00,1.075024,1.075961,1.074732,1.075669,50
2023-03-21 13:00:00,1.075669,1.076023,1.074887,1.075241,50
2023-03-21 14:00:00,1.075241,1.075530,1.074712,1.075002,50
2023-03-21 15:00:00,1.075002,1.075688,1.074883,1.075569,50
2023-03-21 16:00:00,1.075569,1.075662,1.073655,1.073748,50
2023-03-21 17:00:00,1.073748,1.073973,1.072374,1.072599,50
2023-03-21 18:00:00,1.072599,1.072841,1.072306,1.072548,50
2023-03-21 19:00:00,1.072548,1.072860,1.071718,1.072030,50
2023-03-21 20:00:00,1.072030,1.072390,1.071407,1.071767,50
2023-03-21 21:00:00,1.071767,1.072357,1.071450,1.072040,50
2023-03-21 22:00:00,1.072040,1.073016,1.071652,1.072628,50
2023-03-21 23:00:00,1.072628,1.077158,1.072360,1.076890,50
2023-03-22 00:00:00,1.076890,1.076977,1.076719,1.076806,50
2023-03-22 01:00:00,1.076806,1.077283,1.076739,1.077215,50
2023-03-22 02:00:00,1.077215,1.077575,1.077074,1.077434,50
2023-03-22 03:00:00,1.077434,1.077628,1.077036,1.077230,50
2023-03-22 04:00:00,1.077230,1.077414,1.077012,1.077196,50
2023-03-22 05:00:00,1.077196,1.077434,1.077157,1.077394,50
2023-03-22 06:00:00,1.077394,1.077727,1.077246,1.077579,50
2023-03-22 07:00:00,1.077579,1.077778,1.077483,1.077682,50
2023-03-22 08:00:00,1.077682,1.078052,1.077489,1.077859,50
2023-03-22 09:00:00,1.077859,1.078619,1.077670,1.078430,50
2023-03-22 10:00:00,1.078430,1.078596,1.078335,1.078502,50
2023-03-22 11:00:00,1.078502,1.078862,1.078326,1.078686,50
2023-03-22 12:00:00,1.078686,1.079470,1.078513,1.079298,50
2023-03-22 13:00:00,1.079298,1.079319,1.078978,1.079000,50
2023-03-22 14:00:00,1.079000,1.079295,1.078920,1.079215,50
2023-03-22 15:00:00,1.079215,1.079561,1.079030,1.079376,50
2023-03-22 16:00:00,1.079376,1.079725,1.079331,1.079679,50
2023-03-22 17:00:00,1.079679,1.079765,1.079572,1.079658,50
2023-03-22 18:00:00,1.079658,1.079780,1.079210,1.079332,50
2023-03-22 19:00:00,1.079332,1.079401,1.078927,1.078996,50
2023-03-22 20:00:00,1.078996,1.079150,1.078781,1.078934,50
2023-03-22 21:00:00,1.078934,1.078970,1.078817,1.078852,50
2023-03-22 22:00:00,1.078852,1.078969,1.078641,1.078758,50
2023-03-22 23:00:00,1.078758,1.079322,1.078650,1.079214,50
2023-03-23 00:00:00,1.079214,1.086632,1.078404,1.085821,50
2023-03-23 01:00:00,1.085821,1.088542,1.085107,1.087827,50
2023-03-23 02:00:00,1.087827,1.088373,1.086466,1.087012,50
2023-03-23 03:00:00,1.087012,1.087377,1.086398,1.086763,50
2023-03-23 04:00:00,1.086763,1.087110,1.081830,1.082177,50
2023-03-23 05:00:00,1.082177,1.082303,1.081988,1.082114,50
2023-03-23 06:00:00,1.082114,1.082147,1.080046,1.080080,50
2023-03-23 07:00:00,1.080080,1.080873,1.078444,1.079237,50
2023-03-23 08:00:00,1.079237,1.080056,1.078912,1.079731,50
2023-03-23 09:00:00,1.079731,1.080049,1.077489,1.077808,50
2023-03-23 10:00:00,1.077808,1.078205,1.076867,1.077263,50
2023-03-23 11:00:00,1.077263,1.081491,1.076458,1.080685,50
2023-03-23 12:00:00,1.080685,1.083337,1.079936,1.082588,50
2023-03-23 13:00:00,1.082588,1.086486,1.082023,1.085921,50
2023-03-23 14:00:00,1.085921,1.088289,1.085278,1.087647,50
2023-03-23 15:00:00,1.087647,1.088078,1.085665,1.086096,50
2023-03-23 16:00:00,1.086096,1.086628,1.084891,1.085423,50
2023-03-23 17:00:00,1.085423,1.086075,1.084701,1.085353,50
2023-03-23 18:00:00,1.085353,1.087364,1.084809,1.086820,50
2023-03-23 19:00:00,1.086820,1.089674,1.086780,1.089634,50
2023-03-23 20:00:00,1.089634,1.090015,1.088909,1.089290,50
2023-03-23 21:00:00,1.089290,1.089770,1.086258,1.086738,50
2023-03-23 22:00:00,1.086738,1.089213,1.086188,1.088663,50
2023-03-23 23:00:00,1.088663,1.089732,1.087899,1.088969,50
2023-03-24 00:00:00,1.088969,1.089803,1.079648,1.080482,50
2023-03-24 01:00:00,1.080482,1.080974,1.076174,1.076665,50
2023-03-24 02:00:00,1.076665,1.080548,1.075690,1.079573,50
2023-03-24 03:00:00,1.079573,1.080624,1.074061,1.075111,50
2023-03-24 04:00:00,1.075111,1.076059,1.072979,1.073927,50
2023-03-24 05:00:00,1.073927,1.074194,1.073718,1.073985,50
2023-03-24 06:00:00,1.073985,1.074426,1.073356,1.073797,50
2023-03-24 07:00:00,1.073797,1.074041,1.073522,1.073767,50
2023-03-24 08:00:00,1.073767,1.074251,1.073181,1.073665,50
2023-03-24 09:00:00,1.073665,1.074621,1.072749,1.073705,50
2023-03-24 10:00:00,1.073705,1.076745,1.073174,1.076214,50
2023-03-24 11:00:00,1.076214,1.080583,1.075860,1.080230,50
2023-03-24 12:00:00,1.080230,1.091700,1.080053,1.091524,50
2023-03-24 13:00:00,1.091524,1.091674,1.083181,1.083331,50
2023-03-24 14:00:00,1.083331,1.084214,1.074534,1.075417,50
2023-03-24 15:00:00,1.075417,1.076438,1.072894,1.073915,50
2023-03-24 16:00:00,1.073915,1.074869,1.072708,1.073662,50
2023-03-24 17:00:00,1.073662,1.073726,1.073658,1.073722,50
2023-03-24 18:00:00,1.073722,1.074009,1.073386,1.073673,50
2023-03-24 19:00:00,1.073673,1.073824,1.073496,1.073647,50
2023-03-24 20:00:00,1.073647,1.074144,1.073142,1.073640,50
2023-03-24 21:00:00,1.073640,1.073866,1.073423,1.073649,50
2023-03-24 22:00:00,1.073649,1.075435,1.073126,1.074912,50
2023-03-24 23:00:00,1.074912,1.076679,1.074428,1.076195,50
2023-03-27 00:00:00,1.076195,1.077666,1.075999,1.077471,50
2023-03-27 01:00:00,1.077471,1.078369,1.077300,1.078198,50
2023-03-27 02:00:00,1.078198,1.078222,1.076878,1.076902,50
2023-03-27 03:00:00,1.076902,1.077413,1.076879,1.077391,50
2023-03-27 04:00:00,1.077391,1.078812,1.077288,1.078708,50
2023-03-27 05:00:00,1.078708,1.078757,1.077672,1.077720,50
2023-03-27 06:00:00,1.077720,1.077774,1.077290,1.077343,50
2023-03-27 07:00:00,1.077343,1.077557,1.076449,1.076662,50
2023-03-27 08:00:00,1.076662,1.077629,1.076451,1.077418,50
2023-03-27 09:00:00,1.077418,1.077421,1.077008,1.077012,50
2023-03-27 10:00:00,1.077012,1.077608,1.077007,1.077603,50
2023-03-27 11:00:00,1.077603,1.078825,1.077462,1.078685,50
2023-03-27 12:00:00,1.078685,1.079612,1.078472,1.079399,50
2023-03-27 13:00:00,1.079399,1.079598,1.078558,1.078758,50
2023-03-27 14:00:00,1.078758,1.078913,1.078258,1.078413,50
2023-03-27 15:00:00,1.078413,1.078579,1.076395,1.076561,50
2023-03-27 16:00:00,1.076561,1.076669,1.075552,1.075660,50
2023-03-27 17:00:00,1.075660,1.076402,1.075551,1.076292,50
2023-03-27 18:00:00,1.076292,1.076485,1.075758,1.075951,50
2023-03-27 19:00:00,1.075951,1.076943,1.075926,1.076919,50
2023-03-27 20:00:00,1.076919,1.077072,1.076709,1.076862,50
2023-03-27 21:00:00,1.076862,1.077898,1.076700,1.077737,50
2023-03-27 22:00:00,1.077737,1.078876,1.077702,1.078841,50
2023-03-27 23:00:00,1.078841,1.079038,1.078668,1.078865,50
2023-03-28 00:00:00,1.078865,1.081081,1.078723,1.080939,50
2023-03-28 01:00:00,1.080939,1.081238,1.080259,1.080558,50
2023-03-28 02:00:00,1.080558,1.083480,1.080139,1.083061,50
2023-03-28 03:00:00,1.083061,1.085732,1.082792,1.085463,50
2023-03-28 04:00:00,1.085463,1.085885,1.081960,1.082382,50
2023-03-28 05:00:00,1.082382,1.084915,1.082011,1.084545,50
2023-03-28 06:00:00,1.084545,1.084574,1.083681,1.083710,50
2023-03-28 07:00:00,1.083710,1.083823,1.082247,1.082361,50
2023-03-28 08:00:00,1.082361,1.084812,1.082055,1.084506,50
2023-03-28 09:00:00,1.084506,1.084727,1.083654,1.083875,50
2023-03-28 10:00:00,1.083875,1.083877,1.080385,1.080388,50
2023-03-28 11:00:00,1.080388,1.081583,1.080008,1.081203,50
2023-03-28 12:00:00,1.081203,1.083530,1.080903,1.083230,50
2023-03-28 13:00:00,1.083230,1.083430,1.082618,1.082818,50
2023-03-28 14:00:00,1.082818,1.083059,1.082148,1.082389,50
2023-03-28 15:00:00,1.082389,1.082468,1.079361,1.079440,50
2023-03-28 16:00:00,1.079440,1.079694,1.078032,1.078286,50
2023-03-28 17:00:00,1.078286,1.078949,1.078221,1.078883,50
2023-03-28 18:00:00,1.078883,1.081095,1.078576,1.080788,50
2023-03-28 19:00:00,1.080788,1.081223,1.079760,1.080195,50
2023-03-28 20:00:00,1.080195,1.081591,1.080095,1.081491,50
2023-03-28 21:00:00,1.081491,1.082692,1.081369,1.082570,50
2023-03-28 22:00:00,1.082570,1.082835,1.079279,1.079545,50
2023-03-28 23:00:00,1.079545,1.084768,1.079140,1.084363,50
2023-03-29 00:00:00,1.084363,1.084818,1.084331,1.084786,50
2023-03-29 01:00:00,1.084786,1.085047,1.084707,1.084968,50
2023-03-29 02:00:00,1.084968,1.085022,1.084898,1.084952,50
2023-03-29 03:00:00,1.084952,1.084990,1.084826,1.084864,50
2023-03-29 04:00:00,1.084864,1.084998,1.084397,1.084531,50
2023-03-29 05:00:00,1.084531,1.084538,1.084416,1.084423,50
2023-03-29 06:00:00,1.084423,1.085142,1.084388,1.085107,50
2023-03-29 07:00:00,1.085107,1.085245,1.084341,1.084479,50
2023-03-29 08:00:00,1.084479,1.084653,1.084101,1.084275,50
2023-03-29 09:00:00,1.084275,1.084940,1.084216,1.084881,50
2023-03-29 10:00:00,1.084881,1.085048,1.084330,1.084496,50
2023-03-29 11:00:00,1.084496,1.084671,1.084334,1.084509,50
2023-03-29 12:00:00,1.084509,1.084539,1.084046,1.084076,50
2023-03-29 13:00:00,1.084076,1.084447,1.083897,1.084269,50
2023-03-29 14:00:00,1.084269,1.084302,1.083094,1.083127,50
2023-03-29 15:00:00,1.083127,1.083456,1.083035,1.083364,50
2023-03-29 16:00:00,1.083364,1.083380,1.083332,1.083348,50
2023-03-29 17:00:00,1.083348,1.083366,1.083198,1.083217,50
2023-03-29 18:00:00,1.083217,1.083346,1.082343,1.082473,50
2023-03-29 19:00:00,1.082473,1.083629,1.082309,1.083465,50
2023-03-29 20:00:00,1.083465,1.083531,1.083443,1.083509,50
2023-03-29 21:00:00,1.083509,1.083573,1.082801,1.082865,50
2023-03-29 22:00:00,1.082865,1.082984,1.082311,1.082430,50
2023-03-29 23:00:00,1.082430,1.082718,1.082315,1.082603,50
2023-03-30 00:00:00,1.082603,1.086573,1.082039,1.086010,50
2023-03-30 01:00:00,1.086010,1.086392,1.084337,1.084719,50
2023-03-30 02:00:00,1.084719,1.085933,1.084577,1.085791,50
2023-03-30 03:00:00,1.085791,1.088218,1.085207,1.087634,50
2023-03-30 04:00:00,1.087634,1.089307,1.087136,1.088810,50
2023-03-30 05:00:00,1.088810,1.090509,1.088278,1.089978,50
2023-03-30 06:00:00,1.089978,1.090183,1.085511,1.085717,50
2023-03-30 07:00:00,1.085717,1.086417,1.085530,1.086230,50
2023-03-30 08:00:00,1.086230,1.087113,1.085632,1.086514,50
2023-03-30 09:00:00,1.086514,1.087082,1.084951,1.085519,50
2023-03-30 10:00:00,1.085519,1.085580,1.082300,1.082361,50
2023-03-30 11:00:00,1.082361,1.087594,1.082312,1.087545,50
2023-03-30 12:00:00,1.087545,1.088339,1.087464,1.088257,50
2023-03-30 13:00:00,1.088257,1.088663,1.086694,1.087101,50
2023-03-30 14:00:00,1.087101,1.087255,1.080985,1.081139,50
2023-03-30 15:00:00,1.081139,1.082079,1.081036,1.081976,50
2023-03-30 16:00:00,1.081976,1.083626,1.081657,1.083307,50
2023-03-30 17:00:00,1.083307,1.083899,1.082395,1.082987,50
2023-03-30 18:00:00,1.082987,1.083281,1.082616,1.082911,50
2023-03-30 19:00:00,1.082911,1.090552,1.082860,1.090501,50
2023-03-30 20:00:00,1.090501,1.091467,1.090416,1.091381,50
2023-03-30 21:00:00,1.091381,1.091565,1.088576,1.088760,50
2023-03-30 22:00:00,1.088760,1.088964,1.085318,1.085523,50
2023-03-30 23:00:00,1.085523,1.090047,1.085395,1.089918,50
2023-03-31 00:00:00,1.089918,1.090315,1.089738,1.090136,50
2023-03-31 01:00:00,1.090136,1.090280,1.089601,1.089746,50
2023-03-31 02:00:00,1.089746,1.090286,1.089563,1.090103,50
2023-03-31 03:00:00,1.090103,1.090510,1.090005,1.090412,50
2023-03-31 04:00:00,1.090412,1.090627,1.090248,1.090463,50
2023-03-31 05:00:00,1.090463,1.090584,1.088433,1.088553,50
2023-03-31 06:00:00,1.088553,1.090147,1.088414,1.090008,50
2023-03-31 07:00:00,1.090008,1.090231,1.089706,1.089929,50
2023-03-31 08:00:00,1.089929,1.090133,1.088786,1.088990,50
2023-03-31 09:00:00,1.088990,1.089153,1.087691,1.087855,50
2023-03-31 10:00:00,1.087855,1.087992,1.086511,1.086648,50
2023-03-31 11:00:00,1.086648,1.086832,1.086594,1.086778,50
2023-03-31 12:00:00,1.086778,1.087145,1.086586,1.086953,50
2023-03-31 13:00:00,1.086953,1.087268,1.086859,1.087174,50
2023-03-31 14:00:00,1.087174,1.088435,1.087089,1.088350,50
2023-03-31 15:00:00,1.088350,1.088547,1.086875,1.087073,50
2023-03-31 16:00:00,1.087073,1.088728,1.086963,1.088619,50
2023-03-31 17:00:00,1.088619,1.088779,1.088111,1.088271,50
2023-03-31 18:00:00,1.088271,1.088314,1.087734,1.087776,50
2023-03-31 19:00:00,1.087776,1.087949,1.087302,1.087474,50
2023-03-31 20:00:00,1.087474,1.088498,1.087256,1.088279,50
2023-03-31 21:00:00,1.088279,1.088420,1.087270,1.087411,50
2023-03-31 22:00:00,1.087411,1.088739,1.087217,1.088545,50
2023-03-31 23:00:00,1.088545,1.088676,1.087062,1.087193,50
2023-04-03 00:00:00,1.087193,1.087289,1.086410,1.086506,50
2023-04-03 01:00:00,1.086506,1.086919,1.086491,1.086903,50
2023-04-03 02:00:00,1.086903,1.087002,1.086813,1.086911,50
2023-04-03 03:00:00,1.086911,1.086994,1.086870,1.086953,50
2023-04-03 04:00:00,1.086953,1.087356,1.086874,1.087277,50
2023-04-03 05:00:00,1.087277,1.087752,1.087224,1.087700,50
2023-04-03 06:00:00,1.087700,1.088211,1.087561,1.088072,50
2023-04-03 07:00:00,1.088072,1.088145,1.087953,1.088027,50
2023-04-03 08:00:00,1.088027,1.088106,1.087939,1.088018,50
2023-04-03 09:00:00,1.088018,1.088101,1.087602,1.087685,50
2023-04-03 10:00:00,1.087685,1.088373,1.087561,1.088249,50
2023-04-03 11:00:00,1.088249,1.088654,1.088172,1.088576,50
2023-04-03 12:00:00,1.088576,1.089046,1.088427,1.088897,50
2023-04-03 13:00:00,1.088897,1.089192,1.088760,1.089055,50
2023-04-03 14:00:00,1.089055,1.089340,1.088989,1.089274,50
2023-04-03 15:00:00,1.089274,1.089386,1.088657,1.088769,50
2023-04-03 16:00:00,1.088769,1.088942,1.088645,1.088818,50
2023-04-03 17:00:00,1.088818,1.088822,1.088714,1.088718,50
2023-04-03 18:00:00,1.088718,1.089169,1.088637,1.089088,50
2023-04-03 19:00:00,1.089088,1.089278,1.089032,1.089222,50
2023-04-03 20:00:00,1.089222,1.089292,1.088985,1.089056,50
2023-04-03 21:00:00,1.089056,1.089444,1.088976,1.089365,50
2023-04-03 22:00:00,1.089365,1.089678,1.089176,1.089490,50
2023-04-03 23:00:00,1.089490,1.089637,1.088940,1.089087,50
2023-04-04 00:00:00,1.089087,1.093299,1.088616,1.092828,50
2023-04-04 01:00:00,1.092828,1.093272,1.091579,1.092023,50
2023-04-04 02:00:00,1.092023,1.092749,1.091936,1.092662,50
2023-04-04 03:00:00,1.092662,1.092718,1.092140,1.092197,50
2023-04-04 04:00:00,1.092197,1.093209,1.091744,1.092757,50
2023-04-04 05:00:00,1.092757,1.093068,1.092073,1.092384,50
2023-04-04 06:00:00,1.092384,1.094111,1.092374,1.094100,50
2023-04-04 07:00:00,1.094100,1.094503,1.093995,1.094397,50
2023-04-04 08:00:00,1.094397,1.095998,1.094231,1.095832,50
2023-04-04 09:00:00,1.095832,1.096036,1.093623,1.093827,50
2023-04-04 10:00:00,1.093827,1.093958,1.090111,1.090242,50
2023-04-04 11:00:00,1.090242,1.090396,1.089362,1.089517,50
2023-04-04 12:00:00,1.089517,1.090529,1.089238,1.090251,50
2023-04-04 13:00:00,1.090251,1.090710,1.089471,1.089930,50
2023-04-04 14:00:00,1.089930,1.091342,1.089578,1.090990,50
2023-04-04 15:00:00,1.090990,1.091461,1.089598,1.090068,50
2023-04-04 16:00:00,1.090068,1.090072,1.087982,1.087986,50
2023-04-04 17:00:00,1.087986,1.088129,1.087752,1.087895,50
2023-04-04 18:00:00,1.087895,1.089487,1.087448,1.089040,50
2023-04-04 19:00:00,1.089040,1.090715,1.088743,1.090419,50
2023-04-04 20:00:00,1.090419,1.092495,1.090255,1.092331,50
2023-04-04 21:00:00,1.092331,1.094672,1.092201,1.094543,50
2023-04-04 22:00:00,1.094543,1.096668,1.094118,1.096243,50
2023-04-04 23:00:00,1.096243,1.096742,1.094552,1.095050,50
2023-04-05 00:00:00,1.095050,1.095067,1.094836,1.094853,50
2023-04-05 01:00:00,1.094853,1.095075,1.094106,1.094329,50
2023-04-05 02:00:00,1.094329,1.095159,1.094155,1.094984,50
2023-04-05 03:00:00,1.094984,1.095693,1.094747,1.095456,50
2023-04-05 04:00:00,1.095456,1.095745,1.095248,1.095538,50
2023-04-05 05:00:00,1.095538,1.095661,1.094694,1.094817,50
2023-04-05 06:00:00,1.094817,1.095719,1.094794,1.095696,50
2023-04-05 07:00:00,1.095696,1.095748,1.094877,1.094929,50
2023-04-05 08:00:00,1.094929,1.095161,1.093536,1.093768,50
2023-04-05 09:00:00,1.093768,1.093949,1.093530,1.093711,50
2023-04-05 10:00:00,1.093711,1.093711,1.092787,1.092787,50
2023-04-05 11:00:00,1.092787,1.092996,1.092149,1.092358,50
2023-04-05 12:00:00,1.092358,1.092875,1.092337,1.092853,50
2023-04-05 13:00:00,1.092853,1.092855,1.091671,1.091673,50
2023-04-05 14:00:00,1.091673,1.091917,1.091339,1.091584,50
2023-04-05 15:00:00,1.091584,1.091832,1.091328,1.091576,50
2023-04-05 16:00:00,1.091576,1.091787,1.091478,1.091689,50
2023-04-05 17:00:00,1.091689,1.092337,1.091473,1.092121,50
2023-04-05 18:00:00,1.092121,1.093719,1.092062,1.093660,50
2023-04-05 19:00:00,1.093660,1.093708,1.092137,1.092185,50
2023-04-05 20:00:00,1.092185,1.092397,1.090965,1.091177,50
2023-04-05 21:00:00,1.091177,1.092233,1.091102,1.092158,50
2023-04-05 22:00:00,1.092158,1.093686,1.092136,1.093664,50
2023-04-05 23:00:00,1.093664,1.093899,1.091587,1.091822,50
2023-04-06 00:00:00,1.091822,1.091924,1.090522,1.090624,50
2023-04-06 01:00:00,1.090624,1.090977,1.090527,1.090880,50
2023-04-06 02:00:00,1.090880,1.090962,1.090557,1.090639,50
2023-04-06 03:00:00,1.090639,1.091772,1.090618,1.091751,50
2023-04-06 04:00:00,1.091751,1.091797,1.090554,1.090601,50
2023-04-06 05:00:00,1.090601,1.090950,1.090410,1.090759,50
2023-04-06 06:00:00,1.090759,1.091172,1.090683,1.091097,50
2023-04-06 07:00:00,1.091097,1.091202,1.090839,1.090944,50
2023-04-06 08:00:00,1.090944,1.093266,1.090760,1.093082,50
2023-04-06 09:00:00,1.093082,1.093199,1.091921,1.092039,50
2023-04-06 10:00:00,1.092039,1.092075,1.091302,1.091338,50
2023-04-06 11:00:00,1.091338,1.091392,1.091326,1.091379,50
2023-04-06 12:00:00,1.091379,1.091413,1.091110,1.091143,50
2023-04-06 13:00:00,1.091143,1.091750,1.091122,1.091728,50
2023-04-06 14:00:00,1.091728,1.092579,1.091693,1.092544,50
2023-04-06 15:00:00,1.092544,1.093047,1.092513,1.093016,50
2023-04-06 16:00:00,1.093016,1.093117,1.092952,1.093053,50
2023-04-06 17:00:00,1.093053,1.093145,1.091978,1.092070,50
2023-04-06 18:00:00,1.092070,1.092298,1.091995,1.092223,50
2023-04-06 19:00:00,1.092223,1.093687,1.092150,1.093614,50
2023-04-06 20:00:00,1.093614,1.093981,1.093512,1.093879,50
2023-04-06 21:00:00,1.093879,1.093924,1.093415,1.093460,50
2023-04-06 22:00:00,1.093460,1.093649,1.091191,1.091380,50
2023-04-06 23:00:00,1.091380,1.092704,1.091333,1.092657,50
2023-04-07 00:00:00,1.092657,1.092676,1.092444,1.092462,50
2023-04-07 01:00:00,1.092462,1.092662,1.092292,1.092492,50
2023-04-07 02:00:00,1.092492,1.092580,1.091737,1.091825,50
2023-04-07 03:00:00,1.091825,1.092104,1.091749,1.092028,50
2023-04-07 04:00:00,1.092028,1.093173,1.091870,1.093015,50
2023-04-07 05:00:00,1.093015,1.093774,1.092880,1.093639,50
2023-04-07 06:00:00,1.093639,1.093724,1.092820,1.092905,50
2023-04-07 07:00:00,1.092905,1.092981,1.092357,1.092433,50
2023-04-07 08:00:00,1.092433,1.092539,1.092263,1.092370,50
2023-04-07 09:00:00,1.092370,1.092534,1.091838,1.092001,50
2023-04-07 10:00:00,1.092001,1.092489,1.091862,1.092350,50
2023-04-07 11:00:00,1.092350,1.092367,1.091606,1.091623,50
2023-04-07 12:00:00,1.091623,1.091629,1.090901,1.090907,50
2023-04-07 13:00:00,1.090907,1.091254,1.090836,1.091183,50
2023-04-07 14:00:00,1.091183,1.091345,1.091127,1.091288,50
2023-04-07 15:00:00,1.091288,1.091441,1.090900,1.091053,50
2023-04-07 16:00:00,1.091053,1.091251,1.090934,1.091131,50
2023-04-07 17:00:00,1.091131,1.091159,1.090769,1.090797,50
2023-04-07 18:00:00,1.090797,1.091464,1.090714,1.091382,50
2023-04-07 19:00:00,1.091382,1.091503,1.091268,1.091390,50
2023-04-07 20:00:00,1.091390,1.091484,1.091044,1.091139,50
2023-04-07 21:00:00,1.091139,1.091189,1.090865,1.090916,50
2023-04-07 22:00:00,1.090916,1.091051,1.090229,1.090364,50
2023-04-07 23:00:00,1.090364,1.091401,1.090309,1.091346,50
2023-04-10 00:00:00,1.091346,1.092545,1.090768,1.091967,50
2023-04-10 01:00:00,1.091967,1.093212,1.091568,1.092813,50
2023-04-10 02:00:00,1.092813,1.093139,1.090313,1.090639,50
2023-04-10 03:00:00,1.090639,1.092377,1.090527,1.092265,50
2023-04-10 04:00:00,1.092265,1.092464,1.090948,1.091146,50
2023-04-10 05:00:00,1.091146,1.091400,1.089913,1.090167,50
2023-04-10 06:00:00,1.090167,1.091184,1.090077,1.091095,50
2023-04-10 07:00:00,1.091095,1.091301,1.090509,1.090715,50
2023-04-10 08:00:00,1.090715,1.091684,1.090489,1.091459,50
2023-04-10 09:00:00,1.091459,1.091912,1.089962,1.090416,50
2023-04-10 10:00:00,1.090416,1.090975,1.088417,1.088976,50
2023-04-10 11:00:00,1.088976,1.088981,1.086103,1.086109,50
2023-04-10 12:00:00,1.086109,1.086772,1.086025,1.086688,50
2023-04-10 13:00:00,1.086688,1.087215,1.084608,1.085134,50
2023-04-10 14:00:00,1.085134,1.085233,1.085128,1.085227,50
2023-04-10 15:00:00,1.085227,1.085386,1.084814,1.084973,50
2023-04-10 16:00:00,1.084973,1.085320,1.082458,1.082805,50
2023-04-10 17:00:00,1.082805,1.084176,1.082477,1.083848,50
2023-04-10 18:00:00,1.083848,1.084007,1.083714,1.083873,50
2023-04-10 19:00:00,1.083873,1.084337,1.082080,1.082544,50
2023-04-10 20:00:00,1.082544,1.083128,1.082105,1.082689,50
2023-04-10 21:00:00,1.082689,1.083804,1.082686,1.083800,50
2023-04-10 22:00:00,1.083800,1.084239,1.082818,1.083256,50
2023-04-10 23:00:00,1.083256,1.084243,1.083024,1.084011,50
2023-04-11 00:00:00,1.084011,1.085393,1.083965,1.085347,50
2023-04-11 01:00:00,1.085347,1.085846,1.085016,1.085514,50
2023-04-11 02:00:00,1.085514,1.087255,1.085240,1.086980,50
2023-04-11 03:00:00,1.086980,1.087137,1.082530,1.082687,50
2023-04-11 04:00:00,1.082687,1.083627,1.082168,1.083108,50
2023-04-11 05:00:00,1.083108,1.086755,1.082762,1.086409,50
2023-04-11 06:00:00,1.086409,1.090328,1.086109,1.090028,50
2023-04-11 07:00:00,1.090028,1.090507,1.088573,1.089052,50
2023-04-11 08:00:00,1.089052,1.089540,1.088831,1.089320,50
2023-04-11 09:00:00,1.089320,1.092499,1.088776,1.091956,50
2023-04-11 10:00:00,1.091956,1.092337,1.089873,1.090255,50
2023-04-11 11:00:00,1.090255,1.090467,1.088707,1.088920,50
2023-04-11 12:00:00,1.088920,1.089173,1.086190,1.086443,50
2023-04-11 13:00:00,1.086443,1.087448,1.085905,1.086909,50
2023-04-11 14:00:00,1.086909,1.089252,1.086571,1.088913,50
2023-04-11 15:00:00,1.088913,1.088921,1.086987,1.086994,50
2023-04-11 16:00:00,1.086994,1.087468,1.085418,1.085892,50
2023-04-11 17:00:00,1.085892,1.086122,1.084293,1.084524,50
2023-04-11 18:00:00,1.084524,1.084690,1.083950,1.084117,50
2023-04-11 19:00:00,1.084117,1.086570,1.083847,1.086300,50
2023-04-11 20:00:00,1.086300,1.090449,1.086186,1.090335,50
2023-04-11 21:00:00,1.090335,1.090706,1.086502,1.086873,50
2023-04-11 22:00:00,1.086873,1.089359,1.086529,1.089015,50
2023-04-11 23:00:00,1.089015,1.090888,1.088758,1.090631,50
2023-04-12 00:00:00,1.090631,1.095154,1.090617,1.095140,50
2023-04-12 01:00:00,1.095140,1.096185,1.094526,1.095571,50
2023-04-12 02:00:00,1.095571,1.095958,1.093940,1.094327,50
2023-04-12 03:00:00,1.094327,1.095326,1.094148,1.095147,50
2023-04-12 04:00:00,1.095147,1.096420,1.094582,1.095855,50
2023-04-12 05:00:00,1.095855,1.096374,1.094830,1.095349,50
2023-04-12 06:00:00,1.095349,1.095580,1.092388,1.092619,50
2023-04-12 07:00:00,1.092619,1.093160,1.091448,1.091989,50
2023-04-12 08:00:00,1.091989,1.093227,1.091849,1.093087,50
2023-04-12 09:00:00,1.093087,1.093498,1.091206,1.091617,50
2023-04-12 10:00:00,1.091617,1.091972,1.089802,1.090158,50
2023-04-12 11:00:00,1.090158,1.093095,1.089612,1.092549,50
2023-04-12 12:00:00,1.092549,1.092767,1.092336,1.092554,50
2023-04-12 13:00:00,1.092554,1.093003,1.092286,1.092734,50
2023-04-12 14:00:00,1.092734,1.093253,1.090989,1.091508,50
2023-04-12 15:00:00,1.091508,1.092372,1.091162,1.092027,50
2023-04-12 16:00:00,1.092027,1.092488,1.090597,1.091059,50
2023-04-12 17:00:00,1.091059,1.091489,1.089948,1.090379,50
2023-04-12 18:00:00,1.090379,1.090828,1.088576,1.089026,50
2023-04-12 19:00:00,1.089026,1.092731,1.088426,1.092130,50
2023-04-12 20:00:00,1.092130,1.093596,1.091803,1.093268,50
2023-04-12 21:00:00,1.093268,1.093719,1.092048,1.092499,50
2023-04-12 22:00:00,1.092499,1.096205,1.092246,1.095953,50
2023-04-12 23:00:00,1.095953,1.098681,1.095931,1.098660,50
2023-04-13 00:00:00,1.098660,1.098953,1.097928,1.098221,50
2023-04-13 01:00:00,1.098221,1.098599,1.097611,1.097989,50
2023-04-13 02:00:00,1.097989,1.099419,1.097424,1.098855,50
2023-04-13 03:00:00,1.098855,1.100675,1.098791,1.100611,50
2023-04-13 04:00:00,1.100611,1.100936,1.099138,1.099462,50
2023-04-13 05:00:00,1.099462,1.100404,1.099189,1.100130,50
2023-04-13 06:00:00,1.100130,1.101015,1.099691,1.100575,50
2023-04-13 07:00:00,1.100575,1.101012,1.100229,1.100665,50
2023-04-13 08:00:00,1.100665,1.102281,1.100411,1.102026,50
2023-04-13 09:00:00,1.102026,1.102102,1.101674,1.101749,50
2023-04-13 10:00:00,1.101749,1.102902,1.101444,1.102598,50
2023-04-13 11:00:00,1.102598,1.103167,1.102146,1.102715,50
2023-04-13 12:00:00,1.102715,1.103256,1.101686,1.102228,50
2023-04-13 13:00:00,1.102228,1.102734,1.101968,1.102473,50
2023-04-13 14:00:00,1.102473,1.103296,1.102181,1.103004,50
2023-04-13 15:00:00,1.103004,1.103853,1.102546,1.103396,50
2023-04-13 16:00:00,1.103396,1.103961,1.103140,1.103705,50
2023-04-13 17:00:00,1.103705,1.104320,1.103474,1.104089,50
2023-04-13 18:00:00,1.104089,1.104976,1.103668,1.104555,50
2023-04-13 19:00:00,1.104555,1.105060,1.103515,1.104019,50
2023-04-13 20:00:00,1.104019,1.104459,1.103365,1.103805,50
2023-04-13 21:00:00,1.103805,1.105069,1.103273,1.104537,50
2023-04-13 22:00:00,1.104537,1.105914,1.104439,1.105816,50
2023-04-13 23:00:00,1.105816,1.106119,1.105157,1.105461,50
2023-04-14 00:00:00,1.105461,1.107044,1.105194,1.106777,50
2023-04-14 01:00:00,1.106777,1.107332,1.105277,1.105832,50
2023-04-14 02:00:00,1.105832,1.106914,1.105434,1.106516,50
2023-04-14 03:00:00,1.106516,1.106995,1.104246,1.104725,50
2023-04-14 04:00:00,1.104725,1.104836,1.104445,1.104555,50
2023-04-14 05:00:00,1.104555,1.104656,1.102358,1.102458,50
2023-04-14 06:00:00,1.102458,1.102493,1.099989,1.100023,50
2023-04-14 07:00:00,1.100023,1.100511,1.097587,1.098076,50
2023-04-14 08:00:00,1.098076,1.101987,1.097706,1.101618,50
2023-04-14 09:00:00,1.101618,1.101767,1.101564,1.101713,50
2023-04-14 10:00:00,1.101713,1.103511,1.101424,1.103222,50
2023-04-14 11:00:00,1.103222,1.105762,1.102897,1.105438,50
2023-04-14 12:00:00,1.105438,1.107242,1.105138,1.106942,50
2023-04-14 13:00:00,1.106942,1.107330,1.103706,1.104094,50
2023-04-14 14:00:00,1.104094,1.104715,1.103490,1.104111,50
2023-04-14 15:00:00,1.104111,1.104343,1.101994,1.102226,50
2023-04-14 16:00:00,1.102226,1.102625,1.100376,1.100776,50
2023-04-14 17:00:00,1.100776,1.101344,1.100300,1.100868,50
2023-04-14 18:00:00,1.100868,1.101386,1.099095,1.099614,50
2023-04-14 19:00:00,1.099614,1.099955,1.099348,1.099690,50
2023-04-14 20:00:00,1.099690,1.101650,1.099353,1.101314,50
2023-04-14 21:00:00,1.101314,1.101771,1.100033,1.100490,50
2023-04-14 22:00:00,1.100490,1.100897,1.097890,1.098297,50
2023-04-14 23:00:00,1.098297,1.098775,1.097579,1.098056,50
2023-04-17 00:00:00,1.098056,1.098278,1.097607,1.097829,50
2023-04-17 01:00:00,1.097829,1.097964,1.096935,1.097071,50
2023-04-17 02:00:00,1.097071,1.097305,1.095025,1.095258,50
2023-04-17 03:00:00,1.095258,1.095906,1.095120,1.095768,50
2023-04-17 04:00:00,1.095768,1.095994,1.094087,1.094312,50
2023-04-17 05:00:00,1.094312,1.094983,1.093902,1.094572,50
2023-04-17 06:00:00,1.094572,1.094969,1.094560,1.094957,50
2023-04-17 07:00:00,1.094957,1.096025,1.094472,1.095540,50
2023-04-17 08:00:00,1.095540,1.095902,1.094783,1.095145,50
2023-04-17 09:00:00,1.095145,1.095499,1.094391,1.094745,50
2023-04-17 10:00:00,1.094745,1.094829,1.093930,1.094015,50
2023-04-17 11:00:00,1.094015,1.094368,1.092211,1.092564,50
2023-04-17 12:00:00,1.092564,1.092568,1.091160,1.091164,50
2023-04-17 13:00:00,1.091164,1.093199,1.090850,1.092885,50
2023-04-17 14:00:00,1.092885,1.093089,1.091658,1.091862,50
2023-04-17 15:00:00,1.091862,1.093258,1.091351,1.092748,50
2023-04-17 16:00:00,1.092748,1.093258,1.092698,1.093208,50
2023-04-17 17:00:00,1.093208,1.093483,1.091517,1.091792,50
2023-04-17 18:00:00,1.091792,1.092108,1.091398,1.091714,50
2023-04-17 19:00:00,1.091714,1.092248,1.091173,1.091707,50
2023-04-17 20:00:00,1.091707,1.091956,1.090697,1.090946,50
2023-04-17 21:00:00,1.090946,1.091172,1.089921,1.090146,50
2023-04-17 22:00:00,1.090146,1.091269,1.089858,1.090980,50
2023-04-17 23:00:00,1.090980,1.091902,1.090543,1.091465,50
2023-04-18 00:00:00,1.091465,1.092427,1.091208,1.092170,50
2023-04-18 01:00:00,1.092170,1.092647,1.092035,1.092513,50
2023-04-18 02:00:00,1.092513,1.092649,1.092006,1.092142,50
2023-04-18 03:00:00,1.092142,1.092244,1.091882,1.091984,50
2023-04-18 04:00:00,1.091984,1.094235,1.091801,1.094052,50
2023-04-18 05:00:00,1.094052,1.094537,1.093960,1.094445,50
2023-04-18 06:00:00,1.094445,1.094480,1.093783,1.093817,50
2023-04-18 07:00:00,1.093817,1.094360,1.093684,1.094226,50
2023-04-18 08:00:00,1.094226,1.094248,1.093184,1.093205,50
2023-04-18 09:00:00,1.093205,1.093465,1.091146,1.091406,50
2023-04-18 10:00:00,1.091406,1.091480,1.090530,1.090604,50
2023-04-18 11:00:00,1.090604,1.092731,1.090502,1.092629,50
2023-04-18 12:00:00,1.092629,1.092785,1.091607,1.091763,50
2023-04-18 13:00:00,1.091763,1.094108,1.091502,1.093847,50
2023-04-18 14:00:00,1.093847,1.094150,1.093421,1.093723,50
2023-04-18 15:00:00,1.093723,1.094022,1.092984,1.093283,50
2023-04-18 16:00:00,1.093283,1.093748,1.093192,1.093657,50
2023-04-18 17:00:00,1.093657,1.093953,1.093163,1.093459,50
2023-04-18 18:00:00,1.093459,1.094798,1.093124,1.094463,50
2023-04-18 19:00:00,1.094463,1.095306,1.094256,1.095100,50
2023-04-18 20:00:00,1.095100,1.095623,1.094760,1.095283,50
2023-04-18 21:00:00,1.095283,1.095517,1.095022,1.095256,50
2023-04-18 22:00:00,1.095256,1.096719,1.095168,1.096631,50
2023-04-18 23:00:00,1.096631,1.096713,1.095689,1.095770,50
2023-04-19 00:00:00,1.095770,1.097242,1.095702,1.097173,50
2023-04-19 01:00:00,1.097173,1.097307,1.096829,1.096963,50
2023-04-19 02:00:00,1.096963,1.097129,1.096380,1.096546,50
2023-04-19 03:00:00,1.096546,1.096585,1.096477,1.096516,50
2023-04-19 04:00:00,1.096516,1.097071,1.096405,1.096959,50
2023-04-19 05:00:00,1.096959,1.097041,1.096959,1.097040,50
2023-04-19 06:00:00,1.097040,1.097151,1.096546,1.096657,50
2023-04-19 07:00:00,1.096657,1.096670,1.096192,1.096205,50
2023-04-19 08:00:00,1.096205,1.096319,1.095487,1.095601,50
2023-04-19 09:00:00,1.095601,1.095653,1.094479,1.094531,50
2023-04-19 10:00:00,1.094531,1.094682,1.094110,1.094260,50
2023-04-19 11:00:00,1.094260,1.094335,1.094088,1.094163,50
2023-04-19 12:00:00,1.094163,1.094799,1.094017,1.094653,50
2023-04-19 13:00:00,1.094653,1.095183,1.094541,1.095071,50
2023-04-19 14:00:00,1.095071,1.095138,1.093820,1.093887,50
2023-04-19 15:00:00,1.093887,1.095276,1.093729,1.095118,50
2023-04-19 16:00:00,1.095118,1.095198,1.094866,1.094945,50
2023-04-19 17:00:00,1.094945,1.094973,1.094097,1.094125,50
2023-04-19 18:00:00,1.094125,1.094524,1.094124,1.094522,50
2023-04-19 19:00:00,1.094522,1.095287,1.094434,1.095199,50
2023-04-19 20:00:00,1.095199,1.096550,1.095145,1.096496,50
2023-04-19 21:00:00,1.096496,1.096558,1.095700,1.095763,50
2023-04-19 22:00:00,1.095763,1.095922,1.095295,1.095454,50
2023-04-19 23:00:00,1.095454,1.095605,1.095139,1.095290,50
2023-04-20 00:00:00,1.095290,1.095948,1.095106,1.095763,50
2023-04-20 01:00:00,1.095763,1.096260,1.095680,1.096177,50
2023-04-20 02:00:00,1.096177,1.096355,1.096129,1.096307,50
2023-04-20 03:00:00,1.096307,1.096342,1.095326,1.095361,50
2023-04-20 04:00:00,1.095361,1.095380,1.094466,1.094486,50
2023-04-20 05:00:00,1.094486,1.095320,1.094390,1.095225,50
2023-04-20 06:00:00,1.095225,1.095515,1.095214,1.095505,50
2023-04-20 07:00:00,1.095505,1.095928,1.095382,1.095806,50
2023-04-20 08:00:00,1.095806,1.095870,1.095646,1.095710,50
2023-04-20 09:00:00,1.095710,1.095942,1.095681,1.095913,50
2023-04-20 10:00:00,1.095913,1.096246,1.095818,1.096151,50
2023-04-20 11:00:00,1.096151,1.096348,1.096028,1.096226,50
2023-04-20 12:00:00,1.096226,1.096393,1.095919,1.096087,50
2023-04-20 13:00:00,1.096087,1.096685,1.096067,1.096665,50
2023-04-20 14:00:00,1.096665,1.096764,1.096516,1.096615,50
2023-04-20 15:00:00,1.096615,1.096890,1.096586,1.096861,50
2023-04-20 16:00:00,1.096861,1.097144,1.096681,1.096964,50
2023-04-20 17:00:00,1.096964,1.097808,1.096933,1.097777,50
2023-04-20 18:00:00,1.097777,1.097865,1.097545,1.097633,50
2023-04-20 19:00:00,1.097633,1.097758,1.097347,1.097472,50
2023-04-20 20:00:00,1.097472,1.097619,1.097008,1.097156,50
2023-04-20 21:00:00,1.097156,1.097223,1.096921,1.096989,50
2023-04-20 22:00:00,1.096989,1.097191,1.096812,1.097015,50
2023-04-20 23:00:00,1.097015,1.097087,1.096900,1.096972,50
2023-04-21 00:00:00,1.096972,1.097116,1.096816,1.096959,50
2023-04-21 01:00:00,1.096959,1.097152,1.096702,1.096896,50
2023-04-21 02:00:00,1.096896,1.096974,1.096752,1.096830,50
2023-04-21 03:00:00,1.096830,1.096961,1.095563,1.095695,50
2023-04-21 04:00:00,1.095695,1.095803,1.095506,1.095614,50
2023-04-21 05:00:00,1.095614,1.095722,1.095399,1.095507,50
2023-04-21 06:00:00,1.095507,1.095649,1.095401,1.095543,50
2023-04-21 07:00:00,1.095543,1.096287,1.095376,1.096120,50
2023-04-21 08:00:00,1.096120,1.097224,1.095938,1.097043,50
2023-04-21 09:00:00,1.097043,1.097226,1.096721,1.096905,50
2023-04-21 10:00:00,1.096905,1.096930,1.095947,1.095972,50
2023-04-21 11:00:00,1.095972,1.096141,1.095633,1.095801,50
2023-04-21 12:00:00,1.095801,1.096585,1.095779,1.096562,50
2023-04-21 13:00:00,1.096562,1.097187,1.096531,1.097156,50
2023-04-21 14:00:00,1.097156,1.097186,1.096877,1.096907,50
2023-04-21 15:00:00,1.096907,1.096924,1.096532,1.096549,50
2023-04-21 16:00:00,1.096549,1.096636,1.096046,1.096133,50
2023-04-21 17:00:00,1.096133,1.096663,1.096112,1.096642,50
2023-04-21 18:00:00,1.096642,1.097318,1.096556,1.097232,50
2023-04-21 19:00:00,1.097232,1.097408,1.096889,1.097065,50
2023-04-21 20:00:00,1.097065,1.098297,1.096984,1.098215,50
2023-04-21 21:00:00,1.098215,1.098433,1.098200,1.098417,50
2023-04-21 22:00:00,1.098417,1.098948,1.098267,1.098799,50
2023-04-21 23:00:00,1.098799,1.098902,1.097230,1.097333,50
2023-04-24 00:00:00,1.097333,1.100725,1.097004,1.100395,50
2023-04-24 01:00:00,1.100395,1.100399,1.098582,1.098585,50
2023-04-24 02:00:00,1.098585,1.098983,1.097382,1.097780,50
2023-04-24 03:00:00,1.097780,1.098002,1.097063,1.097285,50
2023-04-24 04:00:00,1.097285,1.099369,1.097091,1.099174,50
2023-04-24 05:00:00,1.099174,1.099213,1.097582,1.097621,50
2023-04-24 06:00:00,1.097621,1.098582,1.097552,1.098513,50
2023-04-24 07:00:00,1.098513,1.098543,1.097224,1.097254,50
2023-04-24 08:00:00,1.097254,1.097295,1.096643,1.096684,50
2023-04-24 09:00:00,1.096684,1.097036,1.095917,1.096269,50
2023-04-24 10:00:00,1.096269,1.096893,1.096102,1.096726,50
2023-04-24 11:00:00,1.096726,1.098459,1.096378,1.098110,50
2023-04-24 12:00:00,1.098110,1.098780,1.097670,1.098340,50
2023-04-24 13:00:00,1.098340,1.099840,1.098061,1.099561,50
2023-04-24 14:00:00,1.099561,1.100422,1.099469,1.100330,50
2023-04-24 15:00:00,1.100330,1.100401,1.100206,1.100277,50
2023-04-24 16:00:00,1.100277,1.100709,1.099784,1.100215,50
2023-04-24 17:00:00,1.100215,1.100435,1.099628,1.099848,50
2023-04-24 18:00:00,1.099848,1.099998,1.099075,1.099226,50
2023-04-24 19:00:00,1.099226,1.099653,1.097703,1.098130,50
2023-04-24 20:00:00,1.098130,1.099784,1.098055,1.099709,50
2023-04-24 21:00:00,1.099709,1.101129,1.099316,1.100737,50
2023-04-24 22:00:00,1.100737,1.102065,1.100732,1.102061,50
2023-04-24 23:00:00,1.102061,1.102853,1.101865,1.102657,50
2023-04-25 00:00:00,1.102657,1.104206,1.102270,1.103818,50
2023-04-25 01:00:00,1.103818,1.104005,1.103199,1.103385,50
2023-04-25 02:00:00,1.103385,1.103851,1.101535,1.102002,50
2023-04-25 03:00:00,1.102002,1.103471,1.101567,1.103037,50
2023-04-25 04:00:00,1.103037,1.103684,1.102941,1.103589,50
2023-04-25 05:00:00,1.103589,1.103976,1.101730,1.102117,50
2023-04-25 06:00:00,1.102117,1.102385,1.100369,1.100636,50
2023-04-25 07:00:00,1.100636,1.101328,1.100342,1.101034,50
2023-04-25 08:00:00,1.101034,1.101425,1.098418,1.098809,50
2023-04-25 09:00:00,1.098809,1.099137,1.098130,1.098459,50
2023-04-25 10:00:00,1.098459,1.098871,1.098133,1.098545,50
2023-04-25 11:00:00,1.098545,1.098975,1.096682,1.097112,50
2023-04-25 12:00:00,1.097112,1.097186,1.096538,1.096612,50
2023-04-25 13:00:00,1.096612,1.096645,1.095658,1.095691,50
2023-04-25 14:00:00,1.095691,1.096825,1.095551,1.096685,50
2023-04-25 15:00:00,1.096685,1.096860,1.095799,1.095974,50
2023-04-25 16:00:00,1.095974,1.096038,1.095729,1.095793,50
2023-04-25 17:00:00,1.095793,1.097346,1.095773,1.097325,50
2023-04-25 18:00:00,1.097325,1.097560,1.096297,1.096532,50
2023-04-25 19:00:00,1.096532,1.098373,1.096113,1.097954,50
2023-04-25 20:00:00,1.097954,1.099053,1.097575,1.098674,50
2023-04-25 21:00:00,1.098674,1.099574,1.098451,1.099352,50
2023-04-25 22:00:00,1.099352,1.099777,1.098703,1.099129,50
2023-04-25 23:00:00,1.099129,1.099416,1.096565,1.096852,50
2023-04-26 00:00:00,1.096852,1.098350,1.096648,1.098146,50
2023-04-26 01:00:00,1.098146,1.098551,1.097625,1.098031,50
2023-04-26 02:00:00,1.098031,1.098121,1.097381,1.097471,50
2023-04-26 03:00:00,1.097471,1.102233,1.097389,1.102151,50
2023-04-26 04:00:00,1.102151,1.104369,1.101658,1.103876,50
2023-04-26 05:00:00,1.103876,1.103936,1.101049,1.101108,50
2023-04-26 06:00:00,1.101108,1.104764,1.100414,1.104070,50
2023-04-26 07:00:00,1.104070,1.107068,1.103892,1.106890,50
2023-04-26 08:00:00,1.106890,1.107507,1.102184,1.102801,50
2023-04-26 09:00:00,1.102801,1.104801,1.102123,1.104123,50
2023-04-26 10:00:00,1.104123,1.104173,1.101379,1.101429,50
2023-04-26 11:00:00,1.101429,1.104440,1.101148,1.104158,50
2023-04-26 12:00:00,1.104158,1.104692,1.103810,1.104344,50
2023-04-26 13:00:00,1.104344,1.104507,1.102056,1.102219,50
2023-04-26 14:00:00,1.102219,1.102396,1.098973,1.099151,50
2023-04-26 15:00:00,1.099151,1.099426,1.098745,1.099021,50
2023-04-26 16:00:00,1.099021,1.099354,1.097530,1.097863,50
2023-04-26 17:00:00,1.097863,1.098052,1.095894,1.096082,50
2023-04-26 18:00:00,1.096082,1.096508,1.095474,1.095900,50
2023-04-26 19:00:00,1.095900,1.096281,1.095268,1.095649,50
2023-04-26 20:00:00,1.095649,1.096035,1.095000,1.095386,50
2023-04-26 21:00:00,1.095386,1.097685,1.095361,1.097659,50
2023-04-26 22:00:00,1.097659,1.101516,1.097019,1.100876,50
2023-04-26 23:00:00,1.100876,1.105495,1.100598,1.105217,50
2023-04-27 00:00:00,1.105217,1.105476,1.101905,1.102164,50
2023-04-27 01:00:00,1.102164,1.102510,1.101891,1.102237,50
2023-04-27 02:00:00,1.102237,1.104739,1.102123,1.104625,50
2023-04-27 03:00:00,1.104625,1.104837,1.104171,1.104382,50
2023-04-27 04:00:00,1.104382,1.104655,1.104059,1.104331,50
2023-04-27 05:00:00,1.104331,1.104604,1.101985,1.102258,50
2023-04-27 06:00:00,1.102258,1.104280,1.102061,1.104083,50
2023-04-27 07:00:00,1.104083,1.104592,1.103886,1.104395,50
2023-04-27 08:00:00,1.104395,1.105270,1.104353,1.105229,50
2023-04-27 09:00:00,1.105229,1.106171,1.104981,1.105923,50
2023-04-27 10:00:00,1.105923,1.106138,1.104880,1.105095,50
2023-04-27 11:00:00,1.105095,1.105299,1.104941,1.105145,50
2023-04-27 12:00:00,1.105145,1.105398,1.103734,1.103988,50
2023-04-27 13:00:00,1.103988,1.104231,1.103403,1.103646,50
2023-04-27 14:00:00,1.103646,1.104812,1.103364,1.104529,50
2023-04-27 15:00:00,1.104529,1.104917,1.104313,1.104701,50
2023-04-27 16:00:00,1.104701,1.104850,1.102631,1.102780,50
2023-04-27 17:00:00,1.102780,1.102950,1.102413,1.102583,50
2023-04-27 18:00:00,1.102583,1.102597,1.102435,1.102449,50
2023-04-27 19:00:00,1.102449,1.102566,1.101469,1.101585,50
2023-04-27 20:00:00,1.101585,1.103158,1.101512,1.103086,50
2023-04-27 21:00:00,1.103086,1.103126,1.102041,1.102082,50
2023-04-27 22:00:00,1.102082,1.102111,1.101739,1.101768,50
2023-04-27 23:00:00,1.101768,1.102005,1.101449,1.101686,50
2023-04-28 00:00:00,1.101686,1.102958,1.101615,1.102887,50
2023-04-28 01:00:00,1.102887,1.102955,1.102186,1.102254,50
2023-04-28 02:00:00,1.102254,1.102300,1.101694,1.101740,50
2023-04-28 03:00:00,1.101740,1.101908,1.101279,1.101447,50
2023-04-28 04:00:00,1.101447,1.101750,1.101254,1.101558,50
2023-04-28 05:00:00,1.101558,1.101602,1.101281,1.101325,50
2023-04-28 06:00:00,1.101325,1.101468,1.101042,1.101185,50
2023-04-28 07:00:00,1.101185,1.101997,1.101042,1.101854,50
2023-04-28 08:00:00,1.101854,1.102412,1.101716,1.102274,50
2023-04-28 09:00:00,1.102274,1.102951,1.102196,1.102874,50
2023-04-28 10:00:00,1.102874,1.102898,1.102216,1.102240,50
2023-04-28 11:00:00,1.102240,1.103139,1.102097,1.102996,50
2023-04-28 12:00:00,1.102996,1.103090,1.102767,1.102861,50
2023-04-28 13:00:00,1.102861,1.103929,1.102777,1.103845,50
2023-04-28 14:00:00,1.103845,1.104392,1.103687,1.104234,50
2023-04-28 15:00:00,1.104234,1.104266,1.104028,1.104060,50
2023-04-28 16:00:00,1.104060,1.104108,1.104006,1.104054,50
2023-04-28 17:00:00,1.104054,1.104247,1.103993,1.104186,50
2023-04-28 18:00:00,1.104186,1.104383,1.103907,1.104104,50
2023-04-28 19:00:00,1.104104,1.104593,1.104008,1.104497,50
2023-04-28 20:00:00,1.104497,1.104602,1.102953,1.103057,50
2023-04-28 21:00:00,1.103057,1.103215,1.102695,1.102854,50
2023-04-28 22:00:00,1.102854,1.102919,1.102557,1.102622,50
2023-04-28 23:00:00,1.102622,1.104013,1.102606,1.103996,50
2023-05-01 00:00:00,1.103996,1.104102,1.102466,1.102571,50
2023-05-01 01:00:00,1.102571,1.103845,1.102048,1.103322,50
2023-05-01 02:00:00,1.103322,1.105965,1.102758,1.105401,50
2023-05-01 03:00:00,1.105401,1.105703,1.104170,1.104472,50
2023-05-01 04:00:00,1.104472,1.105243,1.104352,1.105123,50
2023-05-01 05:00:00,1.105123,1.105273,1.104629,1.104779,50
2023-05-01 06:00:00,1.104779,1.105565,1.104263,1.105048,50
2023-05-01 07:00:00,1.105048,1.105758,1.104654,1.105364,50
2023-05-01 08:00:00,1.105364,1.105804,1.102831,1.103271,50
2023-05-01 09:00:00,1.103271,1.103814,1.102793,1.103335,50
2023-05-01 10:00:00,1.103335,1.103489,1.102348,1.102502,50
2023-05-01 11:00:00,1.102502,1.102879,1.101841,1.102218,50
2023-05-01 12:00:00,1.102218,1.102255,1.099885,1.099922,50
2023-05-01 13:00:00,1.099922,1.100712,1.099606,1.100396,50
2023-05-01 14:00:00,1.100396,1.101708,1.100076,1.101389,50
2023-05-01 15:00:00,1.101389,1.102335,1.101375,1.102321,50
2023-05-01 16:00:00,1.102321,1.102632,1.101049,1.101360,50
2023-05-01 17:00:00,1.101360,1.103862,1.100977,1.103479,50
2023-05-01 18:00:00,1.103479,1.103623,1.101294,1.101439,50
2023-05-01 19:00:00,1.101439,1.101639,1.100247,1.100447,50
2023-05-01 20:00:00,1.100447,1.101013,1.100015,1.100581,50
2023-05-01 21:00:00,1.100581,1.101118,1.097785,1.098322,50
2023-05-01 22:00:00,1.098322,1.098410,1.095934,1.096022,50
2023-05-01 23:00:00,1.096022,1.096978,1.096016,1.096972,50
2023-05-02 00:00:00,1.096972,1.097269,1.096898,1.097195,50
2023-05-02 01:00:00,1.097195,1.097578,1.097193,1.097575,50
2023-05-02 02:00:00,1.097575,1.098278,1.097482,1.098185,50
2023-05-02 03:00:00,1.098185,1.098201,1.098132,1.098148,50
2023-05-02 04:00:00,1.098148,1.098231,1.097156,1.097239,50
2023-05-02 05:00:00,1.097239,1.098629,1.097120,1.098510,50
2023-05-02 06:00:00,1.098510,1.099377,1.098464,1.099331,50
2023-05-02 07:00:00,1.099331,1.099470,1.098594,1.098734,50
2023-05-02 08:00:00,1.098734,1.100523,1.098513,1.100302,50
2023-05-02 09:00:00,1.100302,1.100429,1.099791,1.099918,50
2023-05-02 10:00:00,1.099918,1.100046,1.099338,1.099467,50
2023-05-02 11:00:00,1.099467,1.099631,1.099230,1.099394,50
2023-05-02 12:00:00,1.099394,1.099403,1.098470,1.098479,50
2023-05-02 13:00:00,1.098479,1.099112,1.098296,1.098929,50
2023-05-02 14:00:00,1.098929,1.099144,1.098906,1.099121,50
2023-05-02 15:00:00,1.099121,1.099244,1.099000,1.099123,50
2023-05-02 16:00:00,1.099123,1.099772,1.098935,1.099584,50
2023-05-02 17:00:00,1.099584,1.099584,1.099508,1.099508,50
2023-05-02 18:00:00,1.099508,1.100093,1.099341,1.099926,50
2023-05-02 19:00:00,1.099926,1.100123,1.099405,1.099603,50
2023-05-02 20:00:00,1.099603,1.100109,1.099545,1.100052,50
2023-05-02 21:00:00,1.100052,1.100263,1.098229,1.098440,50
2023-05-02 22:00:00,1.098440,1.100133,1.098220,1.099913,50
2023-05-02 23:00:00,1.099913,1.099944,1.099716,1.099747,50
2023-05-03 00:00:00,1.099747,1.099858,1.099175,1.099286,50
2023-05-03 01:00:00,1.099286,1.100975,1.099105,1.100794,50
2023-05-03 02:00:00,1.100794,1.100851,1.100415,1.100472,50
2023-05-03 03:00:00,1.100472,1.100896,1.099096,1.099520,50
2023-05-03 04:00:00,1.099520,1.100412,1.099348,1.100241,50
2023-05-03 05:00:00,1.100241,1.100466,1.099171,1.099396,50
2023-05-03 06:00:00,1.099396,1.100668,1.099090,1.100362,50
2023-05-03 07:00:00,1.100362,1.101855,1.100135,1.101628,50
2023-05-03 08:00:00,1.101628,1.101882,1.100107,1.100361,50
2023-05-03 09:00:00,1.100361,1.102688,1.100004,1.102331,50
2023-05-03 10:00:00,1.102331,1.106177,1.102024,1.105871,50
2023-05-03 11:00:00,1.105871,1.106250,1.104179,1.104559,50
2023-05-03 12:00:00,1.104559,1.104896,1.103681,1.104019,50
2023-05-03 13:00:00,1.104019,1.104296,1.102120,1.102397,50
2023-05-03 14:00:00,1.102397,1.104148,1.102182,1.103933,50
2023-05-03 15:00:00,1.103933,1.103936,1.102900,1.102903,50
2023-05-03 16:00:00,1.102903,1.103891,1.102613,1.103600,50
2023-05-03 17:00:00,1.103600,1.104602,1.103386,1.104388,50
2023-05-03 18:00:00,1.104388,1.104711,1.104285,1.104608,50
2023-05-03 19:00:00,1.104608,1.104657,1.104354,1.104402,50
2023-05-03 20:00:00,1.104402,1.104673,1.103224,1.103495,50
2023-05-03 21:00:00,1.103495,1.103745,1.102152,1.102403,50
2023-05-03 22:00:00,1.102403,1.102491,1.102399,1.102487,50
2023-05-03 23:00:00,1.102487,1.105074,1.102264,1.104850,50
2023-05-04 00:00:00,1.104850,1.105792,1.104676,1.105617,50
2023-05-04 01:00:00,1.105617,1.105649,1.105597,1.105629,50
2023-05-04 02:00:00,1.105629,1.105664,1.103987,1.104022,50
2023-05-04 03:00:00,1.104022,1.104105,1.103540,1.103624,50
2023-05-04 04:00:00,1.103624,1.105003,1.103311,1.104691,50
2023-05-04 05:00:00,1.104691,1.105015,1.103946,1.104270,50
2023-05-04 06:00:00,1.104270,1.104270,1.104263,1.104263,50
2023-05-04 07:00:00,1.104263,1.104411,1.103130,1.103277,50
2023-05-04 08:00:00,1.103277,1.103531,1.101412,1.101665,50
2023-05-04 09:00:00,1.101665,1.101681,1.101387,1.101403,50
2023-05-04 10:00:00,1.101403,1.101633,1.101213,1.101443,50
2023-05-04 11:00:00,1.101443,1.101465,1.100704,1.100725,50
2023-05-04 12:00:00,1.100725,1.101315,1.100521,1.101111,50
2023-05-04 13:00:00,1.101111,1.101304,1.100705,1.100898,50
2023-05-04 14:00:00,1.100898,1.101838,1.100657,1.101596,50
2023-05-04 15:00:00,1.101596,1.101729,1.100122,1.100254,50
2023-05-04 16:00:00,1.100254,1.100380,1.100053,1.100179,50
2023-05-04 17:00:00,1.100179,1.100923,1.099987,1.100731,50
2023-05-04 18:00:00,1.100731,1.100824,1.100375,1.100468,50
2023-05-04 19:00:00,1.100468,1.101499,1.100298,1.101329,50
2023-05-04 20:00:00,1.101329,1.101547,1.101061,1.101279,50
2023-05-04 21:00:00,1.101279,1.101480,1.101192,1.101394,50
2023-05-04 22:00:00,1.101394,1.102253,1.101149,1.102009,50
2023-05-04 23:00:00,1.102009,1.102304,1.100663,1.100958,50
2023-05-05 00:00:00,1.100958,1.100997,1.100929,1.100968,50
2023-05-05 01:00:00,1.100968,1.101140,1.100479,1.100651,50
2023-05-05 02:00:00,1.100651,1.100782,1.100427,1.100558,50
2023-05-05 03:00:00,1.100558,1.101586,1.100409,1.101438,50
2023-05-05 04:00:00,1.101438,1.102662,1.101320,1.102544,50
2023-05-05 05:00:00,1.102544,1.103065,1.102413,1.102933,50
2023-05-05 06:00:00,1.102933,1.103606,1.102743,1.103416,50
2023-05-05 07:00:00,1.103416,1.103622,1.103255,1.103462,50
2023-05-05 08:00:00,1.103462,1.103556,1.102983,1.103078,50
2023-05-05 09:00:00,1.103078,1.103120,1.101679,1.101722,50
2023-05-05 10:00:00,1.101722,1.101770,1.100105,1.100154,50
2023-05-05 11:00:00,1.100154,1.101511,1.100125,1.101482,50
2023-05-05 12:00:00,1.101482,1.101996,1.101380,1.101894,50
2023-05-05 13:00:00,1.101894,1.101910,1.101551,1.101567,50
2023-05-05 14:00:00,1.101567,1.102183,1.101468,1.102084,50
2023-05-05 15:00:00,1.102084,1.103431,1.102056,1.103402,50
2023-05-05 16:00:00,1.103402,1.103568,1.102662,1.102828,50
2023-05-05 17:00:00,1.102828,1.102903,1.101201,1.101276,50
2023-05-05 18:00:00,1.101276,1.102308,1.101111,1.102143,50
2023-05-05 19:00:00,1.102143,1.102638,1.101971,1.102465,50
2023-05-05 20:00:00,1.102465,1.102635,1.101619,1.101789,50
2023-05-05 21:00:00,1.101789,1.102499,1.101598,1.102307,50
2023-05-05 22:00:00,1.102307,1.102401,1.101936,1.102030,50
2023-05-05 23:00:00,1.102030,1.102792,1.101895,1.102657,50
2023-05-08 00:00:00,1.102657,1.102690,1.101105,1.101138,50
2023-05-08 01:00:00,1.101138,1.101327,1.100970,1.101159,50
2023-05-08 02:00:00,1.101159,1.101318,1.100894,1.101053,50
2023-05-08 03:00:00,1.101053,1.101693,1.100903,1.101544,50
2023-05-08 04:00:00,1.101544,1.101691,1.101412,1.101559,50
2023-05-08 05:00:00,1.101559,1.101712,1.101449,1.101602,50
2023-05-08 06:00:00,1.101602,1.101832,1.101496,1.101726,50
2023-05-08 07:00:00,1.101726,1.101852,1.100574,1.100701,50
2023-05-08 08:00:00,1.100701,1.101468,1.100614,1.101382,50
2023-05-08 09:00:00,1.101382,1.102999,1.101362,1.102979,50
2023-05-08 10:00:00,1.102979,1.103585,1.102923,1.103528,50
2023-05-08 11:00:00,1.103528,1.103593,1.103121,1.103185,50
2023-05-08 12:00:00,1.103185,1.104091,1.103061,1.103967,50
2023-05-08 13:00:00,1.103967,1.104134,1.102699,1.102866,50
2023-05-08 14:00:00,1.102866,1.102959,1.102572,1.102664,50
2023-05-08 15:00:00,1.102664,1.103224,1.102585,1.103145,50
2023-05-08 16:00:00,1.103145,1.103308,1.103074,1.103237,50
2023-05-08 17:00:00,1.103237,1.104121,1.103122,1.104007,50
2023-05-08 18:00:00,1.104007,1.104143,1.103651,1.103788,50
2023-05-08 19:00:00,1.103788,1.103892,1.102346,1.102450,50
2023-05-08 20:00:00,1.102450,1.102530,1.102397,1.102477,50
2023-05-08 21:00:00,1.102477,1.102642,1.101303,1.101468,50
2023-05-08 22:00:00,1.101468,1.101522,1.101459,1.101513,50
2023-05-08 23:00:00,1.101513,1.102112,1.101451,1.102050,50
2023-05-09 00:00:00,1.102050,1.102053,1.100014,1.100017,50
2023-05-09 01:00:00,1.100017,1.101148,1.099766,1.100898,50
2023-05-09 02:00:00,1.100898,1.102705,1.100445,1.102252,50
2023-05-09 03:00:00,1.102252,1.102390,1.102004,1.102142,50
2023-05-09 04:00:00,1.102142,1.103833,1.101710,1.103402,50
2023-05-09 05:00:00,1.103402,1.103903,1.101055,1.101557,50
2023-05-09 06:00:00,1.101557,1.102074,1.101079,1.101597,50
2023-05-09 07:00:00,1.101597,1.101764,1.100896,1.101063,50
2023-05-09 08:00:00,1.101063,1.101216,1.100202,1.100354,50
2023-05-09 09:00:00,1.100354,1.100552,1.098833,1.099031,50
2023-05-09 10:00:00,1.099031,1.099049,1.098027,1.098045,50
2023-05-09 11:00:00,1.098045,1.099129,1.098032,1.099116,50
2023-05-09 12:00:00,1.099116,1.099250,1.098119,1.098253,50
2023-05-09 13:00:00,1.098253,1.098359,1.097932,1.098038,50
2023-05-09 14:00:00,1.098038,1.098457,1.096793,1.097212,50
2023-05-09 15:00:00,1.097212,1.097402,1.096426,1.096616,50
2023-05-09 16:00:00,1.096616,1.097861,1.096584,1.097829,50
2023-05-09 17:00:00,1.097829,1.098001,1.095418,1.095590,50
2023-05-09 18:00:00,1.095590,1.097813,1.095519,1.097741,50
2023-05-09 19:00:00,1.097741,1.097754,1.097507,1.097520,50
2023-05-09 20:00:00,1.097520,1.097860,1.096979,1.097319,50
2023-05-09 21:00:00,1.097319,1.098013,1.097182,1.097876,50
2023-05-09 22:00:00,1.097876,1.098028,1.095870,1.096022,50
2023-05-09 23:00:00,1.096022,1.096131,1.095181,1.095290,50
2023-05-10 00:00:00,1.095290,1.095329,1.094898,1.094937,50
2023-05-10 01:00:00,1.094937,1.095522,1.094811,1.095397,50
2023-05-10 02:00:00,1.095397,1.095564,1.094938,1.095105,50
2023-05-10 03:00:00,1.095105,1.095223,1.094901,1.095019,50
2023-05-10 04:00:00,1.095019,1.095172,1.094842,1.094995,50
2023-05-10 05:00:00,1.094995,1.095131,1.094170,1.094306,50
2023-05-10 06:00:00,1.094306,1.094959,1.094205,1.094859,50
2023-05-10 07:00:00,1.094859,1.095046,1.094654,1.094841,50
2023-05-10 08:00:00,1.094841,1.094994,1.094645,1.094799,50
2023-05-10 09:00:00,1.094799,1.095474,1.094686,1.095361,50
2023-05-10 10:00:00,1.095361,1.095431,1.095186,1.095256,50
2023-05-10 11:00:00,1.095256,1.095471,1.095203,1.095419,50
2023-05-10 12:00:00,1.095419,1.096441,1.095235,1.096257,50
2023-05-10 13:00:00,1.096257,1.097069,1.096115,1.096927,50
2023-05-10 14:00:00,1.096927,1.097131,1.096859,1.097063,50
2023-05-10 15:00:00,1.097063,1.097247,1.097037,1.097221,50
2023-05-10 16:00:00,1.097221,1.097321,1.096382,1.096481,50
2023-05-10 17:00:00,1.096481,1.097338,1.096466,1.097323,50
2023-05-10 18:00:00,1.097323,1.097463,1.097302,1.097443,50
2023-05-10 19:00:00,1.097443,1.097529,1.096897,1.096984,50
2023-05-10 20:00:00,1.096984,1.097157,1.096980,1.097153,50
2023-05-10 21:00:00,1.097153,1.097317,1.096906,1.097070,50
2023-05-10 22:00:00,1.097070,1.097390,1.097038,1.097359,50
2023-05-10 23:00:00,1.097359,1.097546,1.096425,1.096611,50
2023-05-11 00:00:00,1.096611,1.096798,1.091349,1.091536,50
2023-05-11 01:00:00,1.091536,1.092309,1.091226,1.091999,50
2023-05-11 02:00:00,1.091999,1.094073,1.091918,1.093991,50
2023-05-11 03:00:00,1.093991,1.094065,1.093197,1.093271,50
2023-05-11 04:00:00,1.093271,1.093648,1.093103,1.093481,50
2023-05-11 05:00:00,1.093481,1.093824,1.092606,1.092949,50
2023-05-11 06:00:00,1.092949,1.093059,1.091358,1.091468,50
2023-05-11 07:00:00,1.091468,1.092726,1.091154,1.092412,50
2023-05-11 08:00:00,1.092412,1.092579,1.091554,1.091720,50
2023-05-11 09:00:00,1.091720,1.091895,1.091697,1.091872,50
2023-05-11 10:00:00,1.091872,1.091986,1.090464,1.090578,50
2023-05-11 11:00:00,1.090578,1.091522,1.090350,1.091294,50
2023-05-11 12:00:00,1.091294,1.093897,1.091194,1.093798,50
2023-05-11 13:00:00,1.093798,1.093887,1.092476,1.092565,50
2023-05-11 14:00:00,1.092565,1.092938,1.092103,1.092476,50
2023-05-11 15:00:00,1.092476,1.094870,1.092266,1.094660,50
2023-05-11 16:00:00,1.094660,1.094794,1.094447,1.094581,50
2023-05-11 17:00:00,1.094581,1.096092,1.094412,1.095923,50
2023-05-11 18:00:00,1.095923,1.097070,1.095840,1.096987,50
2023-05-11 19:00:00,1.096987,1.097890,1.096714,1.097617,50
2023-05-11 20:00:00,1.097617,1.097777,1.095942,1.096102,50
2023-05-11 21:00:00,1.096102,1.096285,1.094445,1.094628,50
2023-05-11 22:00:00,1.094628,1.094692,1.092704,1.092768,50
2023-05-11 23:00:00,1.092768,1.092955,1.091397,1.091584,50
2023-05-12 00:00:00,1.091584,1.092029,1.089760,1.090205,50
2023-05-12 01:00:00,1.090205,1.092744,1.089777,1.092317,50
2023-05-12 02:00:00,1.092317,1.092812,1.091742,1.092238,50
2023-05-12 03:00:00,1.092238,1.092571,1.091953,1.092287,50
2023-05-12 04:00:00,1.092287,1.092389,1.090790,1.090892,50
2023-05-12 05:00:00,1.090892,1.091110,1.090458,1.090676,50
2023-05-12 06:00:00,1.090676,1.090978,1.089705,1.090007,50
2023-05-12 07:00:00,1.090007,1.092586,1.089779,1.092357,50
2023-05-12 08:00:00,1.092357,1.092627,1.089026,1.089295,50
2023-05-12 09:00:00,1.089295,1.091038,1.089141,1.090884,50
2023-05-12 10:00:00,1.090884,1.093127,1.090526,1.092769,50
2023-05-12 11:00:00,1.092769,1.092940,1.092234,1.092405,50
2023-05-12 12:00:00,1.092405,1.092742,1.089768,1.090105,50
2023-05-12 13:00:00,1.090105,1.090177,1.088074,1.088146,50
2023-05-12 14:00:00,1.088146,1.088292,1.086700,1.086846,50
2023-05-12 15:00:00,1.086846,1.086955,1.086223,1.086333,50
2023-05-12 16:00:00,1.086333,1.088500,1.086220,1.088387,50
2023-05-12 17:00:00,1.088387,1.088678,1.087348,1.087639,50
2023-05-12 18:00:00,1.087639,1.088355,1.087198,1.087914,50
2023-05-12 19:00:00,1.087914,1.088207,1.086030,1.086322,50
2023-05-12 20:00:00,1.086322,1.086584,1.085510,1.085771,50
2023-05-12 21:00:00,1.085771,1.086150,1.084095,1.084473,50
2023-05-12 22:00:00,1.084473,1.085113,1.084276,1.084915,50
2023-05-12 23:00:00,1.084915,1.085773,1.084801,1.085658,50
2023-05-15 00:00:00,1.085658,1.087673,1.085545,1.087560,50
2023-05-15 01:00:00,1.087560,1.088189,1.087517,1.088146,50
2023-05-15 02:00:00,1.088146,1.088348,1.087973,1.088175,50
2023-05-15 03:00:00,1.088175,1.088251,1.087894,1.087970,50
2023-05-15 04:00:00,1.087970,1.088097,1.086734,1.086861,50
2023-05-15 05:00:00,1.086861,1.086950,1.086305,1.086393,50
2023-05-15 06:00:00,1.086393,1.086589,1.086107,1.086302,50
2023-05-15 07:00:00,1.086302,1.086606,1.086129,1.086433,50
2023-05-15 08:00:00,1.086433,1.087102,1.086336,1.087006,50
2023-05-15 09:00:00,1.087006,1.087186,1.086733,1.086914,50
2023-05-15 10:00:00,1.086914,1.087224,1.086847,1.087157,50
2023-05-15 11:00:00,1.087157,1.087286,1.086183,1.086312,50
2023-05-15 12:00:00,1.086312,1.086333,1.084892,1.084913,50
2023-05-15 13:00:00,1.084913,1.085642,1.084880,1.085609,50
2023-05-15 14:00:00,1.085609,1.085846,1.085575,1.085812,50
2023-05-15 15:00:00,1.085812,1.085900,1.085642,1.085730,50
2023-05-15 16:00:00,1.085730,1.087002,1.085659,1.086932,50
2023-05-15 17:00:00,1.086932,1.087253,1.086906,1.087227,50
2023-05-15 18:00:00,1.087227,1.087397,1.086920,1.087091,50
2023-05-15 19:00:00,1.087091,1.087223,1.087009,1.087141,50
2023-05-15 20:00:00,1.087141,1.088005,1.087136,1.088000,50
2023-05-15 21:00:00,1.088000,1.088152,1.087570,1.087722,50
2023-05-15 22:00:00,1.087722,1.087864,1.087638,1.087781,50
2023-05-15 23:00:00,1.087781,1.087795,1.087415,1.087429,50
2023-05-16 00:00:00,1.087429,1.088331,1.087331,1.088233,50
2023-05-16 01:00:00,1.088233,1.088291,1.087957,1.088016,50
2023-05-16 02:00:00,1.088016,1.088691,1.087970,1.088646,50
2023-05-16 03:00:00,1.088646,1.088793,1.088271,1.088418,50
2023-05-16 04:00:00,1.088418,1.088455,1.087554,1.087591,50
2023-05-16 05:00:00,1.087591,1.088030,1.087429,1.087868,50
2023-05-16 06:00:00,1.087868,1.088016,1.087627,1.087775,50
2023-05-16 07:00:00,1.087775,1.087854,1.086579,1.086658,50
2023-05-16 08:00:00,1.086658,1.087111,1.086514,1.086967,50
2023-05-16 09:00:00,1.086967,1.087068,1.086427,1.086527,50
2023-05-16 10:00:00,1.086527,1.087122,1.086481,1.087076,50
2023-05-16 11:00:00,1.087076,1.087157,1.086172,1.086253,50
2023-05-16 12:00:00,1.086253,1.086295,1.085983,1.086024,50
2023-05-16 13:00:00,1.086024,1.086094,1.086007,1.086077,50
2023-05-16 14:00:00,1.086077,1.086107,1.085543,1.085573,50
2023-05-16 15:00:00,1.085573,1.085968,1.085456,1.085851,50
2023-05-16 16:00:00,1.085851,1.085864,1.085373,1.085386,50
2023-05-16 17:00:00,1.085386,1.086249,1.085274,1.086137,50
2023-05-16 18:00:00,1.086137,1.086435,1.085979,1.086277,50
2023-05-16 19:00:00,1.086277,1.086896,1.086094,1.086713,50
2023-05-16 20:00:00,1.086713,1.087761,1.086645,1.087693,50
2023-05-16 21:00:00,1.087693,1.088268,1.087520,1.088094,50
2023-05-16 22:00:00,1.088094,1.088400,1.088051,1.088356,50
2023-05-16 23:00:00,1.088356,1.088528,1.086430,1.086602,50
2023-05-17 00:00:00,1.086602,1.086758,1.086310,1.086466,50
2023-05-17 01:00:00,1.086466,1.087370,1.086162,1.087066,50
2023-05-17 02:00:00,1.087066,1.087574,1.086763,1.087271,50
2023-05-17 03:00:00,1.087271,1.087404,1.087100,1.087233,50
2023-05-17 04:00:00,1.087233,1.087364,1.086219,1.086351,50
2023-05-17 05:00:00,1.086351,1.086634,1.084221,1.084504,50
2023-05-17 06:00:00,1.084504,1.084647,1.084288,1.084430,50
2023-05-17 07:00:00,1.084430,1.084811,1.084391,1.084772,50
2023-05-17 08:00:00,1.084772,1.084932,1.084315,1.084475,50
2023-05-17 09:00:00,1.084475,1.084748,1.084206,1.084479,50
2023-05-17 10:00:00,1.084479,1.084645,1.084289,1.084455,50
2023-05-17 11:00:00,1.084455,1.085927,1.084356,1.085828,50
2023-05-17 12:00:00,1.085828,1.086043,1.084991,1.085206,50
2023-05-17 13:00:00,1.085206,1.085378,1.084067,1.084239,50
2023-05-17 14:00:00,1.084239,1.084314,1.083512,1.083586,50
2023-05-17 15:00:00,1.083586,1.084174,1.083387,1.083974,50
2023-05-17 16:00:00,1.083974,1.084854,1.083764,1.084643,50
2023-05-17 17:00:00,1.084643,1.084973,1.084364,1.084694,50
2023-05-17 18:00:00,1.084694,1.084924,1.084398,1.084628,50
2023-05-17 19:00:00,1.084628,1.084713,1.084375,1.084460,50
2023-05-17 20:00:00,1.084460,1.085343,1.084319,1.085202,50
2023-05-17 21:00:00,1.085202,1.085488,1.083257,1.083544,50
2023-05-17 22:00:00,1.083544,1.083837,1.082456,1.082749,50
2023-05-17 23:00:00,1.082749,1.083037,1.082666,1.082954,50
2023-05-18 00:00:00,1.082954,1.083117,1.081441,1.081604,50
2023-05-18 01:00:00,1.081604,1.081838,1.080650,1.080884,50
2023-05-18 02:00:00,1.080884,1.081143,1.080153,1.080411,50
2023-05-18 03:00:00,1.080411,1.080485,1.079775,1.079849,50
2023-05-18 04:00:00,1.079849,1.080153,1.078603,1.078907,50
2023-05-18 05:00:00,1.078907,1.081775,1.078751,1.081619,50
2023-05-18 06:00:00,1.081619,1.082519,1.081349,1.082249,50
2023-05-18 07:00:00,1.082249,1.082439,1.081601,1.081792,50
2023-05-18 08:00:00,1.081792,1.081922,1.081179,1.081309,50
2023-05-18 09:00:00,1.081309,1.082710,1.081235,1.082636,50
2023-05-18 10:00:00,1.082636,1.082685,1.081179,1.081227,50
2023-05-18 11:00:00,1.081227,1.081551,1.079268,1.079592,50
2023-05-18 12:00:00,1.079592,1.079718,1.078244,1.078370,50
2023-05-18 13:00:00,1.078370,1.078655,1.076228,1.076513,50
2023-05-18 14:00:00,1.076513,1.082479,1.076405,1.082372,50
2023-05-18 15:00:00,1.082372,1.082750,1.081002,1.081381,50
2023-05-18 16:00:00,1.081381,1.084368,1.081041,1.084028,50
2023-05-18 17:00:00,1.084028,1.084047,1.082355,1.082374,50
2023-05-18 18:00:00,1.082374,1.082731,1.080934,1.081291,50
2023-05-18 19:00:00,1.081291,1.081496,1.079664,1.079869,50
2023-05-18 20:00:00,1.079869,1.083991,1.079444,1.083566,50
2023-05-18 21:00:00,1.083566,1.083901,1.078799,1.079133,50
2023-05-18 22:00:00,1.079133,1.079225,1.078534,1.078625,50
2023-05-18 23:00:00,1.078625,1.079027,1.077184,1.077586,50
2023-05-19 00:00:00,1.077586,1.078904,1.077380,1.078698,50
2023-05-19 01:00:00,1.078698,1.078772,1.076649,1.076723,50
2023-05-19 02:00:00,1.076723,1.077158,1.076625,1.077060,50
2023-05-19 03:00:00,1.077060,1.078104,1.076834,1.077878,50
2023-05-19 04:00:00,1.077878,1.078057,1.077085,1.077264,50
2023-05-19 05:00:00,1.077264,1.077543,1.077069,1.077348,50
2023-05-19 06:00:00,1.077348,1.078987,1.077148,1.078787,50
2023-05-19 07:00:00,1.078787,1.080033,1.078477,1.079724,50
2023-05-19 08:00:00,1.079724,1.079734,1.078862,1.078872,50
2023-05-19 09:00:00,1.078872,1.080668,1.078559,1.080355,50
2023-05-19 10:00:00,1.080355,1.081609,1.080121,1.081376,50
2023-05-19 11:00:00,1.081376,1.081725,1.080549,1.080898,50
2023-05-19 12:00:00,1.080898,1.080960,1.080836,1.080898,50
2023-05-19 13:00:00,1.080898,1.080911,1.080548,1.080560,50
2023-05-19 14:00:00,1.080560,1.080929,1.080452,1.080821,50
2023-05-19 15:00:00,1.080821,1.080893,1.080241,1.080313,50
2023-05-19 16:00:00,1.080313,1.081105,1.080111,1.080903,50
2023-05-19 17:00:00,1.080903,1.081007,1.079742,1.079846,50
2023-05-19 18:00:00,1.079846,1.081343,1.079840,1.081336,50
2023-05-19 19:00:00,1.081336,1.081435,1.080736,1.080834,50
2023-05-19 20:00:00,1.080834,1.081176,1.079951,1.080292,50
2023-05-19 21:00:00,1.080292,1.080700,1.079950,1.080357,50
2023-05-19 22:00:00,1.080357,1.082356,1.080115,1.082114,50
2023-05-19 23:00:00,1.082114,1.082220,1.081794,1.081900,50
2023-05-22 00:00:00,1.081900,1.081956,1.081399,1.081455,50
2023-05-22 01:00:00,1.081455,1.082559,1.081311,1.082415,50
2023-05-22 02:00:00,1.082415,1.082449,1.081687,1.081720,50
2023-05-22 03:00:00,1.081720,1.082081,1.081581,1.081942,50
2023-05-22 04:00:00,1.081942,1.082135,1.081359,1.081552,50
2023-05-22 05:00:00,1.081552,1.081682,1.080091,1.080221,50
2023-05-22 06:00:00,1.080221,1.080264,1.079593,1.079636,50
2023-05-22 07:00:00,1.079636,1.079987,1.079616,1.079967,50
2023-05-22 08:00:00,1.079967,1.080769,1.079816,1.080618,50
2023-05-22 09:00:00,1.080618,1.080716,1.080359,1.080457,50
2023-05-22 10:00:00,1.080457,1.081458,1.080357,1.081358,50
2023-05-22 11:00:00,1.081358,1.081435,1.081036,1.081113,50
2023-05-22 12:00:00,1.081113,1.081355,1.080983,1.081225,50
2023-05-22 13:00:00,1.081225,1.082129,1.081078,1.081982,50
2023-05-22 14:00:00,1.081982,1.082656,1.081886,1.082560,50
2023-05-22 15:00:00,1.082560,1.082915,1.082523,1.082878,50
2023-05-22 16:00:00,1.082878,1.083025,1.082436,1.082583,50
2023-05-22 17:00:00,1.082583,1.082772,1.082068,1.082257,50
2023-05-22 18:00:00,1.082257,1.082446,1.081601,1.081791,50
2023-05-22 19:00:00,1.081791,1.081835,1.080818,1.080863,50
2023-05-22 20:00:00,1.080863,1.080884,1.080611,1.080632,50
2023-05-22 21:00:00,1.080632,1.080822,1.079958,1.080148,50
2023-05-22 22:00:00,1.080148,1.080605,1.079985,1.080443,50
2023-05-22 23:00:00,1.080443,1.080735,1.080321,1.080614,50
2023-05-23 00:00:00,1.080614,1.080920,1.080414,1.080721,50
2023-05-23 01:00:00,1.080721,1.080932,1.080593,1.080804,50
2023-05-23 02:00:00,1.080804,1.081045,1.079593,1.079834,50
2023-05-23 03:00:00,1.079834,1.080108,1.078290,1.078564,50
2023-05-23 04:00:00,1.078564,1.078590,1.078287,1.078313,50
2023-05-23 05:00:00,1.078313,1.079149,1.078277,1.079113,50
2023-05-23 06:00:00,1.079113,1.079132,1.078404,1.078423,50
2023-05-23 07:00:00,1.078423,1.078955,1.078369,1.078902,50
2023-05-23 08:00:00,1.078902,1.079029,1.077777,1.077905,50
2023-05-23 09:00:00,1.077905,1.078008,1.077638,1.077741,50
2023-05-23 10:00:00,1.077741,1.078749,1.077684,1.078692,50
2023-05-23 11:00:00,1.078692,1.079661,1.078440,1.079409,50
2023-05-23 12:00:00,1.079409,1.079474,1.079303,1.079368,50
2023-05-23 13:00:00,1.079368,1.079599,1.077496,1.077727,50
2023-05-23 14:00:00,1.077727,1.077866,1.077672,1.077811,50
2023-05-23 15:00:00,1.077811,1.078523,1.077592,1.078304,50
2023-05-23 16:00:00,1.078304,1.078588,1.078167,1.078451,50
2023-05-23 17:00:00,1.078451,1.078685,1.078261,1.078495,50
2023-05-23 18:00:00,1.078495,1.079023,1.078296,1.078824,50
2023-05-23 19:00:00,1.078824,1.078918,1.077786,1.077880,50
2023-05-23 20:00:00,1.077880,1.078306,1.077690,1.078116,50
2023-05-23 21:00:00,1.078116,1.078210,1.077547,1.077641,50
2023-05-23 22:00:00,1.077641,1.077919,1.076146,1.076424,50
2023-05-23 23:00:00,1.076424,1.077189,1.076356,1.077122,50
2023-05-24 00:00:00,1.077122,1.077189,1.075938,1.076005,50
2023-05-24 01:00:00,1.076005,1.076168,1.075831,1.075993,50
2023-05-24 02:00:00,1.075993,1.076051,1.075845,1.075903,50
2023-05-24 03:00:00,1.075903,1.077410,1.075833,1.077340,50
2023-05-24 04:00:00,1.077340,1.078288,1.077150,1.078098,50
2023-05-24 05:00:00,1.078098,1.078178,1.077435,1.077515,50
2023-05-24 06:00:00,1.077515,1.077643,1.076233,1.076360,50
2023-05-24 07:00:00,1.076360,1.076481,1.075429,1.075551,50
2023-05-24 08:00:00,1.075551,1.077100,1.075518,1.077068,50
2023-05-24 09:00:00,1.077068,1.077178,1.076723,1.076833,50
2023-05-24 10:00:00,1.076833,1.077282,1.076721,1.077169,50
2023-05-24 11:00:00,1.077169,1.077294,1.076228,1.076353,50
2023-05-24 12:00:00,1.076353,1.076440,1.075832,1.075918,50
2023-05-24 13:00:00,1.075918,1.077029,1.075796,1.076907,50
2023-05-24 14:00:00,1.076907,1.077967,1.076875,1.077935,50
2023-05-24 15:00:00,1.077935,1.078100,1.077023,1.077189,50
2023-05-24 16:00:00,1.077189,1.077908,1.077155,1.077874,50
2023-05-24 17:00:00,1.077874,1.077987,1.076617,1.076730,50
2023-05-24 18:00:00,1.076730,1.076873,1.075636,1.075780,50
2023-05-24 19:00:00,1.075780,1.076399,1.075673,1.076292,50
2023-05-24 20:00:00,1.076292,1.076480,1.075127,1.075315,50
2023-05-24 21:00:00,1.075315,1.075337,1.074851,1.074874,50
2023-05-24 22:00:00,1.074874,1.075012,1.074733,1.074871,50
2023-05-24 23:00:00,1.074871,1.075937,1.074781,1.075847,50
2023-05-25 00:00:00,1.075847,1.075946,1.074864,1.074964,50
2023-05-25 01:00:00,1.074964,1.076725,1.074755,1.076516,50
2023-05-25 02:00:00,1.076516,1.076546,1.075525,1.075555,50
2023-05-25 03:00:00,1.075555,1.076668,1.075398,1.076510,50
2023-05-25 04:00:00,1.076510,1.076646,1.076305,1.076441,50
2023-05-25 05:00:00,1.076441,1.076477,1.076430,1.076466,50
2023-05-25 06:00:00,1.076466,1.076611,1.075116,1.075261,50
2023-05-25 07:00:00,1.075261,1.075854,1.075046,1.075639,50
2023-05-25 08:00:00,1.075639,1.075871,1.074475,1.074707,50
2023-05-25 09:00:00,1.074707,1.075188,1.074692,1.075172,50
2023-05-25 10:00:00,1.075172,1.075263,1.074886,1.074977,50
2023-05-25 11:00:00,1.074977,1.075132,1.074709,1.074864,50
2023-05-25 12:00:00,1.074864,1.075043,1.074754,1.074933,50
2023-05-25 13:00:00,1.074933,1.074962,1.074127,1.074156,50
2023-05-25 14:00:00,1.074156,1.074302,1.074099,1.074245,50
2023-05-25 15:00:00,1.074245,1.074388,1.073862,1.074005,50
2023-05-25 16:00:00,1.074005,1.074278,1.073055,1.073327,50
2023-05-25 17:00:00,1.073327,1.074094,1.073140,1.073907,50
2023-05-25 18:00:00,1.073907,1.074114,1.073520,1.073727,50
2023-05-25 19:00:00,1.073727,1.073940,1.072732,1.072944,50
2023-05-25 20:00:00,1.072944,1.073174,1.072255,1.072486,50
2023-05-25 21:00:00,1.072486,1.072590,1.072064,1.072168,50
2023-05-25 22:00:00,1.072168,1.072447,1.071553,1.071832,50
2023-05-25 23:00:00,1.071832,1.072569,1.071764,1.072501,50
2023-05-26 00:00:00,1.072501,1.072678,1.072461,1.072638,50
2023-05-26 01:00:00,1.072638,1.072737,1.072209,1.072307,50
2023-05-26 02:00:00,1.072307,1.073656,1.072184,1.073534,50
2023-05-26 03:00:00,1.073534,1.073556,1.072542,1.072565,50
2023-05-26 04:00:00,1.072565,1.072737,1.072482,1.072654,50
2023-05-26 05:00:00,1.072654,1.072817,1.071932,1.072094,50
2023-05-26 06:00:00,1.072094,1.072206,1.071014,1.071126,50
2023-05-26 07:00:00,1.071126,1.071303,1.070732,1.070909,50
2023-05-26 08:00:00,1.070909,1.070965,1.070472,1.070527,50
2023-05-26 09:00:00,1.070527,1.070650,1.070197,1.070320,50
2023-05-26 10:00:00,1.070320,1.070906,1.070234,1.070820,50
2023-05-26 11:00:00,1.070820,1.072150,1.070810,1.072140,50
2023-05-26 12:00:00,1.072140,1.072370,1.072021,1.072251,50
2023-05-26 13:00:00,1.072251,1.072390,1.072157,1.072296,50
2023-05-26 14:00:00,1.072296,1.072302,1.071953,1.071959,50
2023-05-26 15:00:00,1.071959,1.071987,1.071873,1.071901,50
2023-05-26 16:00:00,1.071901,1.072063,1.071799,1.071961,50
2023-05-26 17:00:00,1.071961,1.072906,1.071788,1.072733,50
2023-05-26 18:00:00,1.072733,1.072860,1.072690,1.072816,50
2023-05-26 19:00:00,1.072816,1.072880,1.072092,1.072156,50
2023-05-26 20:00:00,1.072156,1.072961,1.072062,1.072867,50
2023-05-26 21:00:00,1.072867,1.072941,1.072627,1.072701,50
2023-05-26 22:00:00,1.072701,1.072866,1.072072,1.072238,50
2023-05-26 23:00:00,1.072238,1.072326,1.071264,1.071352,50
2023-05-30 00:00:00,1.071352,1.071380,1.070118,1.070146,50
2023-05-30 01:00:00,1.070146,1.070397,1.069974,1.070225,50
2023-05-30 02:00:00,1.070225,1.070407,1.070051,1.070233,50
2023-05-30 03:00:00,1.070233,1.070745,1.070184,1.070697,50
2023-05-30 04:00:00,1.070697,1.070753,1.070689,1.070745,50
2023-05-30 05:00:00,1.070745,1.071045,1.070731,1.071030,50
2023-05-30 06:00:00,1.071030,1.071292,1.071000,1.071262,50
2023-05-30 07:00:00,1.071262,1.071407,1.070985,1.071131,50
2023-05-30 08:00:00,1.071131,1.071182,1.070634,1.070686,50
2023-05-30 09:00:00,1.070686,1.070711,1.070482,1.070507,50
2023-05-30 10:00:00,1.070507,1.070854,1.070347,1.070694,50
2023-05-30 11:00:00,1.070694,1.070814,1.070484,1.070604,50
2023-05-30 12:00:00,1.070604,1.070974,1.070584,1.070955,50
2023-05-30 13:00:00,1.070955,1.071363,1.070942,1.071351,50
2023-05-30 14:00:00,1.071351,1.071879,1.071304,1.071832,50
2023-05-30 15:00:00,1.071832,1.072099,1.071676,1.071943,50
2023-05-30 16:00:00,1.071943,1.072117,1.071770,1.071944,50
2023-05-30 17:00:00,1.071944,1.072078,1.071778,1.071911,50
2023-05-30 18:00:00,1.071911,1.072003,1.071170,1.071262,50
2023-05-30 19:00:00,1.071262,1.071295,1.070901,1.070935,50
2023-05-30 20:00:00,1.070935,1.071684,1.070870,1.071620,50
2023-05-30 21:00:00,1.071620,1.072280,1.071496,1.072156,50
2023-05-30 22:00:00,1.072156,1.073232,1.071987,1.073063,50
2023-05-30 23:00:00,1.073063,1.073213,1.072006,1.072156,50
2023-05-31 00:00:00,1.072156,1.073430,1.071628,1.072902,50
2023-05-31 01:00:00,1.072902,1.073828,1.072578,1.073504,50
2023-05-31 02:00:00,1.073504,1.073840,1.071963,1.072299,50
2023-05-31 03:00:00,1.072299,1.072437,1.072037,1.072174,50
2023-05-31 04:00:00,1.072174,1.072672,1.071396,1.071894,50
2023-05-31 05:00:00,1.071894,1.072387,1.069018,1.069511,50
2023-05-31 06:00:00,1.069511,1.070008,1.068233,1.068730,50
2023-05-31 07:00:00,1.068730,1.069225,1.067736,1.068231,50
2023-05-31 08:00:00,1.068231,1.068426,1.067542,1.067737,50
2023-05-31 09:00:00,1.067737,1.068230,1.066857,1.067350,50
2023-05-31 10:00:00,1.067350,1.068598,1.067039,1.068286,50
2023-05-31 11:00:00,1.068286,1.071035,1.067997,1.070745,50
2023-05-31 12:00:00,1.070745,1.071754,1.070729,1.071738,50
2023-05-31 13:00:00,1.071738,1.071817,1.070857,1.070936,50
2023-05-31 14:00:00,1.070936,1.071918,1.070532,1.071514,50
2023-05-31 15:00:00,1.071514,1.072066,1.069063,1.069614,50
2023-05-31 16:00:00,1.069614,1.070047,1.067997,1.068431,50
2023-05-31 17:00:00,1.068431,1.068859,1.067119,1.067547,50
2023-05-31 18:00:00,1.067547,1.067953,1.065897,1.066303,50
2023-05-31 19:00:00,1.066303,1.066381,1.063990,1.064069,50
2023-05-31 20:00:00,1.064069,1.065683,1.063713,1.065327,50
2023-05-31 21:00:00,1.065327,1.067206,1.065117,1.066996,50
2023-05-31 22:00:00,1.066996,1.068096,1.066470,1.067570,50
2023-05-31 23:00:00,1.067570,1.067967,1.065019,1.065417,50
2023-06-01 00:00:00,1.065417,1.066246,1.065322,1.066151,50
2023-06-01 01:00:00,1.066151,1.073013,1.065432,1.072294,50
2023-06-01 02:00:00,1.072294,1.072362,1.071355,1.071423,50
2023-06-01 03:00:00,1.071423,1.072576,1.070651,1.071804,50
2023-06-01 04:00:00,1.071804,1.074983,1.071689,1.074869,50
2023-06-01 05:00:00,1.074869,1.075353,1.072659,1.073144,50
2023-06-01 06:00:00,1.073144,1.075166,1.072511,1.074533,50
2023-06-01 07:00:00,1.074533,1.075252,1.071270,1.071989,50
2023-06-01 08:00:00,1.071989,1.073037,1.071414,1.072463,50
2023-06-01 09:00:00,1.072463,1.073467,1.072036,1.073040,50
2023-06-01 10:00:00,1.073040,1.073306,1.070802,1.071069,50
2023-06-01 11:00:00,1.071069,1.071522,1.068907,1.069360,50
2023-06-01 12:00:00,1.069360,1.070090,1.067825,1.068555,50
2023-06-01 13:00:00,1.068555,1.068809,1.068057,1.068311,50
2023-06-01 14:00:00,1.068311,1.071089,1.068100,1.070878,50
2023-06-01 15:00:00,1.070878,1.073406,1.070311,1.072839,50
2023-06-01 16:00:00,1.072839,1.074078,1.072117,1.073356,50
2023-06-01 17:00:00,1.073356,1.073884,1.072935,1.073463,50
2023-06-01 18:00:00,1.073463,1.074508,1.072887,1.073932,50
2023-06-01 19:00:00,1.073932,1.074566,1.073804,1.074437,50
2023-06-01 20:00:00,1.074437,1.075473,1.073881,1.074917,50
2023-06-01 21:00:00,1.074917,1.075941,1.074624,1.075649,50
2023-06-01 22:00:00,1.075649,1.077706,1.075043,1.077101,50
2023-06-01 23:00:00,1.077101,1.077471,1.074782,1.075153,50
2023-06-02 00:00:00,1.075153,1.075879,1.074981,1.075707,50
2023-06-02 01:00:00,1.075707,1.075754,1.075029,1.075076,50
2023-06-02 02:00:00,1.075076,1.075130,1.074976,1.075030,50
2023-06-02 03:00:00,1.075030,1.075154,1.073593,1.073717,50
2023-06-02 04:00:00,1.073717,1.074011,1.073522,1.073816,50
2023-06-02 05:00:00,1.073816,1.074051,1.073678,1.073913,50
2023-06-02 06:00:00,1.073913,1.074077,1.073894,1.074058,50
2023-06-02 07:00:00,1.074058,1.074750,1.074019,1.074711,50
2023-06-02 08:00:00,1.074711,1.074836,1.073590,1.073715,50
2023-06-02 09:00:00,1.073715,1.073857,1.073352,1.073493,50
2023-06-02 10:00:00,1.073493,1.073511,1.073342,1.073360,50
2023-06-02 11:00:00,1.073360,1.073441,1.072592,1.072673,50
2023-06-02 12:00:00,1.072673,1.072959,1.072658,1.072944,50
2023-06-02 13:00:00,1.072944,1.073124,1.071793,1.071973,50
2023-06-02 14:00:00,1.071973,1.072195,1.071816,1.072038,50
2023-06-02 15:00:00,1.072038,1.072263,1.071668,1.071893,50
2023-06-02 16:00:00,1.071893,1.072374,1.071827,1.072308,50
2023-06-02 17:00:00,1.072308,1.072635,1.072204,1.072531,50
2023-06-02 18:00:00,1.072531,1.073504,1.072530,1.073503,50
2023-06-02 19:00:00,1.073503,1.073641,1.073348,1.073486,50
2023-06-02 20:00:00,1.073486,1.073534,1.072571,1.072619,50
2023-06-02 21:00:00,1.072619,1.072781,1.071897,1.072060,50
2023-06-02 22:00:00,1.072060,1.072654,1.071909,1.072503,50
2023-06-02 23:00:00,1.072503,1.072616,1.072272,1.072386,50
2023-06-05 00:00:00,1.072386,1.072991,1.072207,1.072812,50
2023-06-05 01:00:00,1.072812,1.073127,1.072777,1.073092,50
2023-06-05 02:00:00,1.073092,1.073502,1.072950,1.073359,50
2023-06-05 03:00:00,1.073359,1.074010,1.073229,1.073879,50
2023-06-05 04:00:00,1.073879,1.073894,1.073735,1.073750,50
2023-06-05 05:00:00,1.073750,1.073779,1.073202,1.073231,50
2023-06-05 06:00:00,1.073231,1.073311,1.072364,1.072443,50
2023-06-05 07:00:00,1.072443,1.072503,1.072187,1.072247,50
2023-06-05 08:00:00,1.072247,1.072380,1.072087,1.072220,50
2023-06-05 09:00:00,1.072220,1.072220,1.071726,1.071726,50
2023-06-05 10:00:00,1.071726,1.071839,1.071571,1.071684,50
2023-06-05 11:00:00,1.071684,1.071971,1.071613,1.071900,50
2023-06-05 12:00:00,1.071900,1.072216,1.071716,1.072032,50
2023-06-05 13:00:00,1.072032,1.072177,1.071927,1.072072,50
2023-06-05 14:00:00,1.072072,1.072220,1.071467,1.071615,50
2023-06-05 15:00:00,1.071615,1.072022,1.071461,1.071868,50
2023-06-05 16:00:00,1.071868,1.071981,1.070959,1.071072,50
2023-06-05 17:00:00,1.071072,1.071348,1.071031,1.071307,50
2023-06-05 18:00:00,1.071307,1.071692,1.071297,1.071683,50
2023-06-05 19:00:00,1.071683,1.071802,1.070543,1.070663,50
2023-06-05 20:00:00,1.070663,1.071384,1.070557,1.071277,50
2023-06-05 21:00:00,1.071277,1.071314,1.070994,1.071030,50
2023-06-05 22:00:00,1.071030,1.071738,1.070927,1.071635,50
2023-06-05 23:00:00,1.071635,1.072272,1.071520,1.072156,50
2023-06-06 00:00:00,1.072156,1.072245,1.071264,1.071353,50
2023-06-06 01:00:00,1.071353,1.071399,1.071221,1.071268,50
2023-06-06 02:00:00,1.071268,1.071507,1.071190,1.071429,50
2023-06-06 03:00:00,1.071429,1.072838,1.071275,1.072684,50
2023-06-06 04:00:00,1.072684,1.072802,1.072125,1.072243,50
2023-06-06 05:00:00,1.072243,1.072335,1.071640,1.071732,50
2023-06-06 06:00:00,1.071732,1.071855,1.071634,1.071758,50
2023-06-06 07:00:00,1.071758,1.071938,1.070662,1.070842,50
2023-06-06 08:00:00,1.070842,1.071390,1.070805,1.071354,50
2023-06-06 09:00:00,1.071354,1.071438,1.070819,1.070903,50
2023-06-06 10:00:00,1.070903,1.071960,1.070731,1.071788,50
2023-06-06 11:00:00,1.071788,1.072217,1.071641,1.072070,50
2023-06-06 12:00:00,1.072070,1.072080,1.071246,1.071256,50
2023-06-06 13:00:00,1.071256,1.071426,1.071197,1.071367,50
2023-06-06 14:00:00,1.071367,1.072170,1.071159,1.071963,50
2023-06-06 15:00:00,1.071963,1.072398,1.071830,1.072265,50
2023-06-06 16:00:00,1.072265,1.072624,1.072216,1.072575,50
2023-06-06 17:00:00,1.072575,1.072706,1.071241,1.071371,50
2023-06-06 18:00:00,1.071371,1.072057,1.071185,1.071871,50
2023-06-06 19:00:00,1.071871,1.072082,1.070761,1.070973,50
2023-06-06 20:00:00,1.070973,1.071148,1.069098,1.069273,50
2023-06-06 21:00:00,1.069273,1.069464,1.068801,1.068991,50
2023-06-06 22:00:00,1.068991,1.070200,1.068878,1.070087,50
2023-06-06 23:00:00,1.070087,1.070200,1.069405,1.069519,50
2023-06-07 00:00:00,1.069519,1.069758,1.069377,1.069616,50
2023-06-07 01:00:00,1.069616,1.070121,1.069519,1.070024,50
2023-06-07 02:00:00,1.070024,1.070315,1.069840,1.070132,50
2023-06-07 03:00:00,1.070132,1.070620,1.070012,1.070500,50
2023-06-07 04:00:00,1.070500,1.070586,1.069630,1.069716,50
2023-06-07 05:00:00,1.069716,1.069768,1.069667,1.069719,50
2023-06-07 06:00:00,1.069719,1.070303,1.069611,1.070195,50
2023-06-07 07:00:00,1.070195,1.070375,1.069989,1.070169,50
2023-06-07 08:00:00,1.070169,1.070247,1.069741,1.069818,50
2023-06-07 09:00:00,1.069818,1.070052,1.069675,1.069909,50
2023-06-07 10:00:00,1.069909,1.069957,1.069422,1.069470,50
2023-06-07 11:00:00,1.069470,1.069756,1.069419,1.069705,50
2023-06-07 12:00:00,1.069705,1.069915,1.069669,1.069878,50
2023-06-07 13:00:00,1.069878,1.070036,1.069610,1.069767,50
2023-06-07 14:00:00,1.069767,1.069900,1.068901,1.069035,50
2023-06-07 15:00:00,1.069035,1.069102,1.068586,1.068654,50
2023-06-07 16:00:00,1.068654,1.068875,1.068489,1.068710,50
2023-06-07 17:00:00,1.068710,1.068841,1.068126,1.068257,50
2023-06-07 18:00:00,1.068257,1.068759,1.068137,1.068640,50
2023-06-07 19:00:00,1.068640,1.069149,1.068635,1.069144,50
2023-06-07 20:00:00,1.069144,1.070450,1.068992,1.070297,50
2023-06-07 21:00:00,1.070297,1.070482,1.070062,1.070246,50
2023-06-07 22:00:00,1.070246,1.071473,1.070240,1.071467,50
2023-06-07 23:00:00,1.071467,1.071511,1.070162,1.070205,50
2023-06-08 00:00:00,1.070205,1.072840,1.070163,1.072797,50
2023-06-08 01:00:00,1.072797,1.073210,1.071866,1.072278,50
2023-06-08 02:00:00,1.072278,1.072598,1.070128,1.070447,50
2023-06-08 03:00:00,1.070447,1.070659,1.069167,1.069378,50
2023-06-08 04:00:00,1.069378,1.071190,1.068754,1.070565,50
2023-06-08 05:00:00,1.070565,1.070727,1.069508,1.069670,50
2023-06-08 06:00:00,1.069670,1.070051,1.068255,1.068636,50
2023-06-08 07:00:00,1.068636,1.070029,1.068622,1.070015,50
2023-06-08 08:00:00,1.070015,1.071338,1.069429,1.070752,50
2023-06-08 09:00:00,1.070752,1.071955,1.070414,1.071617,50
2023-06-08 10:00:00,1.071617,1.072794,1.071082,1.072259,50
2023-06-08 11:00:00,1.072259,1.073048,1.071715,1.072504,50
2023-06-08 12:00:00,1.072504,1.075770,1.072025,1.075291,50
2023-06-08 13:00:00,1.075291,1.079145,1.075243,1.079097,50
2023-06-08 14:00:00,1.079097,1.079206,1.078654,1.078762,50
2023-06-08 15:00:00,1.078762,1.078842,1.075463,1.075542,50
2023-06-08 16:00:00,1.075542,1.077749,1.075389,1.077596,50
2023-06-08 17:00:00,1.077596,1.079280,1.076941,1.078625,50
2023-06-08 18:00:00,1.078625,1.079158,1.076931,1.077464,50
2023-06-08 19:00:00,1.077464,1.078118,1.075839,1.076494,50
2023-06-08 20:00:00,1.076494,1.077988,1.076235,1.077730,50
2023-06-08 21:00:00,1.077730,1.080074,1.077276,1.079620,50
2023-06-08 22:00:00,1.079620,1.079981,1.078695,1.079057,50
2023-06-08 23:00:00,1.079057,1.079713,1.077395,1.078051,50
2023-06-09 00:00:00,1.078051,1.078286,1.077809,1.078044,50
2023-06-09 01:00:00,1.078044,1.078188,1.077467,1.077611,50
2023-06-09 02:00:00,1.077611,1.077810,1.076466,1.076665,50
2023-06-09 03:00:00,1.076665,1.077277,1.076402,1.077015,50
2023-06-09 04:00:00,1.077015,1.077494,1.076898,1.077378,50
2023-06-09 05:00:00,1.077378,1.077692,1.077346,1.077659,50
2023-06-09 06:00:00,1.077659,1.077966,1.077422,1.077729,50
2023-06-09 07:00:00,1.077729,1.077801,1.077615,1.077688,50
2023-06-09 08:00:00,1.077688,1.077740,1.077252,1.077304,50
2023-06-09 09:00:00,1.077304,1.077985,1.077066,1.077747,50
2023-06-09 10:00:00,1.077747,1.077757,1.077291,1.077302,50
2023-06-09 11:00:00,1.077302,1.078132,1.077124,1.077955,50
2023-06-09 12:00:00,1.077955,1.078015,1.077133,1.077193,50
2023-06-09 13:00:00,1.077193,1.077208,1.076545,1.076560,50
2023-06-09 14:00:00,1.076560,1.076784,1.075000,1.075224,50
2023-06-09 15:00:00,1.075224,1.075748,1.075186,1.075710,50
2023-06-09 16:00:00,1.075710,1.075811,1.075361,1.075462,50
2023-06-09 17:00:00,1.075462,1.075845,1.075447,1.075830,50
2023-06-09 18:00:00,1.075830,1.075866,1.075058,1.075094,50
2023-06-09 19:00:00,1.075094,1.075276,1.074458,1.074640,50
2023-06-09 20:00:00,1.074640,1.074829,1.074348,1.074537,50
2023-06-09 21:00:00,1.074537,1.075356,1.074447,1.075266,50
2023-06-09 22:00:00,1.075266,1.075478,1.074250,1.074462,50
2023-06-09 23:00:00,1.074462,1.075083,1.074301,1.074922,50
2023-06-12 00:00:00,1.074922,1.075039,1.074564,1.074682,50
2023-06-12 01:00:00,1.074682,1.074733,1.074446,1.074497,50
2023-06-12 02:00:00,1.074497,1.074526,1.074260,1.074289,50
2023-06-12 03:00:00,1.074289,1.074512,1.074235,1.074458,50
2023-06-12 04:00:00,1.074458,1.074620,1.074254,1.074415,50
2023-06-12 05:00:00,1.074415,1.074596,1.073813,1.073993,50
2023-06-12 06:00:00,1.073993,1.074029,1.073159,1.073195,50
2023-06-12 07:00:00,1.073195,1.074003,1.073019,1.073828,50
2023-06-12 08:00:00,1.073828,1.074260,1.073710,1.074142,50
2023-06-12 09:00:00,1.074142,1.074182,1.073382,1.073423,50
2023-06-12 10:00:00,1.073423,1.073495,1.073245,1.073318,50
2023-06-12 11:00:00,1.073318,1.073788,1.073289,1.073759,50
2023-06-12 12:00:00,1.073759,1.074393,1.073683,1.074317,50
2023-06-12 13:00:00,1.074317,1.075426,1.074294,1.075403,50
2023-06-12 14:00:00,1.075403,1.075510,1.074412,1.074519,50
2023-06-12 15:00:00,1.074519,1.074695,1.073439,1.073615,50
2023-06-12 16:00:00,1.073615,1.073623,1.073390,1.073398,50
2023-06-12 17:00:00,1.073398,1.073481,1.073364,1.073446,50
2023-06-12 18:00:00,1.073446,1.074242,1.073404,1.074200,50
2023-06-12 19:00:00,1.074200,1.074236,1.073808,1.073844,50
2023-06-12 20:00:00,1.073844,1.074117,1.073787,1.074059,50
2023-06-12 21:00:00,1.074059,1.074382,1.073970,1.074293,50
2023-06-12 22:00:00,1.074293,1.075147,1.074188,1.075042,50
2023-06-12 23:00:00,1.075042,1.075151,1.074582,1.074691,50
2023-06-13 00:00:00,1.074691,1.074781,1.074085,1.074175,50
2023-06-13 01:00:00,1.074175,1.075265,1.073894,1.074984,50
2023-06-13 02:00:00,1.074984,1.075342,1.074098,1.074456,50
2023-06-13 03:00:00,1.074456,1.075072,1.074096,1.074713,50
2023-06-13 04:00:00,1.074713,1.075795,1.074694,1.075776,50
2023-06-13 05:00:00,1.075776,1.076382,1.075409,1.076015,50
2023-06-13 06:00:00,1.076015,1.076627,1.075913,1.076526,50
2023-06-13 07:00:00,1.076526,1.076863,1.075993,1.076330,50
2023-06-13 08:00:00,1.076330,1.077065,1.076082,1.076817,50
2023-06-13 09:00:00,1.076817,1.076878,1.075288,1.075349,50
2023-06-13 10:00:00,1.075349,1.075654,1.074973,1.075278,50
2023-06-13 11:00:00,1.075278,1.075545,1.074237,1.074504,50
2023-06-13 12:00:00,1.074504,1.075733,1.074272,1.075500,50
2023-06-13 13:00:00,1.075500,1.076564,1.075123,1.076187,50
2023-06-13 14:00:00,1.076187,1.076511,1.075835,1.076159,50
2023-06-13 15:00:00,1.076159,1.076224,1.076118,1.076184,50
2023-06-13 16:00:00,1.076184,1.076824,1.075996,1.076636,50
2023-06-13 17:00:00,1.076636,1.077477,1.076543,1.077384,50
2023-06-13 18:00:00,1.077384,1.077783,1.077168,1.077567,50
2023-06-13 19:00:00,1.077567,1.078449,1.077565,1.078447,50
2023-06-13 20:00:00,1.078447,1.079176,1.078108,1.078836,50
2023-06-13 21:00:00,1.078836,1.079568,1.078717,1.079449,50
2023-06-13 22:00:00,1.079449,1.079805,1.078968,1.079324,50
2023-06-13 23:00:00,1.079324,1.079580,1.078958,1.079214,50
2023-06-14 00:00:00,1.079214,1.084891,1.078678,1.084355,50
2023-06-14 01:00:00,1.084355,1.085051,1.084303,1.084999,50
2023-06-14 02:00:00,1.084999,1.085356,1.081136,1.081493,50
2023-06-14 03:00:00,1.081493,1.083489,1.081291,1.083288,50
2023-06-14 04:00:00,1.083288,1.083929,1.082931,1.083572,50
2023-06-14 05:00:00,1.083572,1.084058,1.080689,1.081176,50
2023-06-14 06:00:00,1.081176,1.082058,1.080992,1.081874,50
2023-06-14 07:00:00,1.081874,1.082079,1.079989,1.080195,50
2023-06-14 08:00:00,1.080195,1.082299,1.079945,1.082049,50
2023-06-14 09:00:00,1.082049,1.082507,1.080668,1.081126,50
2023-06-14 10:00:00,1.081126,1.081487,1.077517,1.077878,50
2023-06-14 11:00:00,1.077878,1.078101,1.077781,1.078004,50
2023-06-14 12:00:00,1.078004,1.080345,1.077861,1.080203,50
2023-06-14 13:00:00,1.080203,1.081203,1.080032,1.081032,50
2023-06-14 14:00:00,1.081032,1.082348,1.080783,1.082100,50
2023-06-14 15:00:00,1.082100,1.083341,1.081560,1.082802,50
2023-06-14 16:00:00,1.082802,1.083243,1.082479,1.082920,50
2023-06-14 17:00:00,1.082920,1.083280,1.082067,1.082427,50
2023-06-14 18:00:00,1.082427,1.082472,1.081157,1.081203,50
2023-06-14 19:00:00,1.081203,1.081556,1.080685,1.081039,50
2023-06-14 20:00:00,1.081039,1.084334,1.080594,1.083889,50
2023-06-14 21:00:00,1.083889,1.085791,1.083504,1.085406,50
2023-06-14 22:00:00,1.085406,1.087439,1.085161,1.087195,50
2023-06-14 23:00:00,1.087195,1.087714,1.085375,1.085894,50
2023-06-15 00:00:00,1.085894,1.092039,1.085798,1.091943,50
2023-06-15 01:00:00,1.091943,1.092195,1.089671,1.089923,50
2023-06-15 02:00:00,1.089923,1.090400,1.088585,1.089063,50
2023-06-15 03:00:00,1.089063,1.089885,1.089052,1.089874,50
2023-06-15 04:00:00,1.089874,1.091363,1.089613,1.091103,50
2023-06-15 05:00:00,1.091103,1.094400,1.090928,1.094225,50
2023-06-15 06:00:00,1.094225,1.094318,1.091309,1.091402,50
2023-06-15 07:00:00,1.091402,1.091654,1.090930,1.091181,50
2023-06-15 08:00:00,1.091181,1.091437,1.088193,1.088449,50
2023-06-15 09:00:00,1.088449,1.088781,1.085891,1.086222,50
2023-06-15 10:00:00,1.086222,1.086563,1.085485,1.085826,50
2023-06-15 11:00:00,1.085826,1.086237,1.084705,1.085116,50
2023-06-15 12:00:00,1.085116,1.086929,1.084583,1.086395,50
2023-06-15 13:00:00,1.086395,1.086549,1.085082,1.085236,50
2023-06-15 14:00:00,1.085236,1.085507,1.084152,1.084422,50
2023-06-15 15:00:00,1.084422,1.085917,1.084141,1.085636,50
2023-06-15 16:00:00,1.085636,1.087201,1.085585,1.087149,50
2023-06-15 17:00:00,1.087149,1.087749,1.085999,1.086598,50
2023-06-15 18:00:00,1.086598,1.092395,1.086376,1.092173,50
2023-06-15 19:00:00,1.092173,1.092573,1.090815,1.091215,50
2023-06-15 20:00:00,1.091215,1.091287,1.091132,1.091205,50
2023-06-15 21:00:00,1.091205,1.091689,1.091121,1.091606,50
2023-06-15 22:00:00,1.091606,1.092734,1.091112,1.092241,50
2023-06-15 23:00:00,1.092241,1.093860,1.091635,1.093255,50
2023-06-16 00:00:00,1.093255,1.093871,1.093181,1.093797,50
2023-06-16 01:00:00,1.093797,1.094680,1.093653,1.094535,50
2023-06-16 02:00:00,1.094535,1.094618,1.094198,1.094281,50
2023-06-16 03:00:00,1.094281,1.094322,1.094149,1.094189,50
2023-06-16 04:00:00,1.094189,1.094429,1.094070,1.094310,50
2023-06-16 05:00:00,1.094310,1.094383,1.093768,1.093841,50
2023-06-16 06:00:00,1.093841,1.093882,1.093803,1.093844,50
2023-06-16 07:00:00,1.093844,1.093869,1.093402,1.093427,50
2023-06-16 08:00:00,1.093427,1.093591,1.092358,1.092522,50
2023-06-16 09:00:00,1.092522,1.092531,1.092115,1.092124,50
2023-06-16 10:00:00,1.092124,1.092315,1.091714,1.091904,50
2023-06-16 11:00:00,1.091904,1.092049,1.091594,1.091739,50
2023-06-16 12:00:00,1.091739,1.091883,1.091472,1.091617,50
2023-06-16 13:00:00,1.091617,1.091781,1.091093,1.091257,50
2023-06-16 14:00:00,1.091257,1.091904,1.091198,1.091844,50
2023-06-16 15:00:00,1.091844,1.092636,1.091770,1.092562,50
2023-06-16 16:00:00,1.092562,1.092788,1.092454,1.092681,50
2023-06-16 17:00:00,1.092681,1.093263,1.092528,1.093110,50
2023-06-16 18:00:00,1.093110,1.094163,1.093090,1.094143,50
2023-06-16 19:00:00,1.094143,1.094543,1.094048,1.094449,50
2023-06-16 20:00:00,1.094449,1.094470,1.093964,1.093985,50
2023-06-16 21:00:00,1.093985,1.094128,1.093610,1.093754,50
2023-06-16 22:00:00,1.093754,1.093790,1.093097,1.093133,50
2023-06-16 23:00:00,1.093133,1.093313,1.092358,1.092538,50
2023-06-20 00:00:00,1.092538,1.092635,1.091256,1.091353,50
2023-06-20 01:00:00,1.091353,1.092548,1.091238,1.092433,50
2023-06-20 02:00:00,1.092433,1.092931,1.092313,1.092810,50
2023-06-20 03:00:00,1.092810,1.093113,1.092736,1.093038,50
2023-06-20 04:00:00,1.093038,1.093046,1.093011,1.093019,50
2023-06-20 05:00:00,1.093019,1.093130,1.092509,1.092621,50
2023-06-20 06:00:00,1.092621,1.092624,1.091966,1.091969,50
2023-06-20 07:00:00,1.091969,1.092052,1.091261,1.091344,50
2023-06-20 08:00:00,1.091344,1.091358,1.090233,1.090247,50
2023-06-20 09:00:00,1.090247,1.090319,1.090071,1.090143,50
2023-06-20 10:00:00,1.090143,1.090547,1.089938,1.090342,50
2023-06-20 11:00:00,1.090342,1.090359,1.089765,1.089782,50
2023-06-20 12:00:00,1.089782,1.090586,1.089635,1.090438,50
2023-06-20 13:00:00,1.090438,1.090550,1.090400,1.090511,50
2023-06-20 14:00:00,1.090511,1.090577,1.089508,1.089574,50
2023-06-20 15:00:00,1.089574,1.089688,1.089423,1.089537,50
2023-06-20 16:00:00,1.089537,1.089871,1.089507,1.089841,50
2023-06-20 17:00:00,1.089841,1.089911,1.089693,1.089763,50
2023-06-20 18:00:00,1.089763,1.090154,1.089679,1.090070,50
2023-06-20 19:00:00,1.090070,1.090105,1.089965,1.090000,50
2023-06-20 20:00:00,1.090000,1.090190,1.089793,1.089984,50
2023-06-20 21:00:00,1.089984,1.090045,1.089892,1.089953,50
2023-06-20 22:00:00,1.089953,1.090139,1.089847,1.090033,50
2023-06-20 23:00:00,1.090033,1.090160,1.089910,1.090037,50
2023-06-21 00:00:00,1.090037,1.093791,1.089793,1.093546,50
2023-06-21 01:00:00,1.093546,1.093904,1.091722,1.092079,50
2023-06-21 02:00:00,1.092079,1.092988,1.091750,1.092659,50
2023-06-21 03:00:00,1.092659,1.092959,1.092296,1.092596,50
2023-06-21 04:00:00,1.092596,1.092797,1.090212,1.090413,50
2023-06-21 05:00:00,1.090413,1.090685,1.088762,1.089034,50
2023-06-21 06:00:00,1.089034,1.089887,1.088815,1.089668,50
2023-06-21 07:00:00,1.089668,1.090053,1.088953,1.089338,50
2023-06-21 08:00:00,1.089338,1.090540,1.089155,1.090357,50
2023-06-21 09:00:00,1.090357,1.090595,1.090092,1.090330,50
2023-06-21 10:00:00,1.090330,1.090798,1.090151,1.090619,50
2023-06-21 11:00:00,1.090619,1.091248,1.090553,1.091182,50
2023-06-21 12:00:00,1.091182,1.093302,1.091088,1.093208,50
2023-06-21 13:00:00,1.093208,1.093415,1.091862,1.092069,50
2023-06-21 14:00:00,1.092069,1.094415,1.091914,1.094260,50
2023-06-21 15:00:00,1.094260,1.094286,1.093934,1.093960,50
2023-06-21 16:00:00,1.093960,1.094326,1.093742,1.094108,50
2023-06-21 17:00:00,1.094108,1.094524,1.092078,1.092494,50
2023-06-21 18:00:00,1.092494,1.093025,1.092155,1.092686,50
2023-06-21 19:00:00,1.092686,1.093329,1.092559,1.093202,50
2023-06-21 20:00:00,1.093202,1.094812,1.092978,1.094587,50
2023-06-21 21:00:00,1.094587,1.095328,1.094412,1.095152,50
2023-06-21 22:00:00,1.095152,1.096269,1.094936,1.096053,50
2023-06-21 23:00:00,1.096053,1.096226,1.094878,1.095050,50
2023-06-22 00:00:00,1.095050,1.095243,1.094409,1.094602,50
2023-06-22 01:00:00,1.094602,1.094686,1.094123,1.094206,50
2023-06-22 02:00:00,1.094206,1.094295,1.093438,1.093527,50
2023-06-22 03:00:00,1.093527,1.094576,1.093433,1.094482,50
2023-06-22 04:00:00,1.094482,1.094545,1.093710,1.093774,50
2023-06-22 05:00:00,1.093774,1.094131,1.093773,1.094131,50
2023-06-22 06:00:00,1.094131,1.095865,1.094053,1.095787,50
2023-06-22 07:00:00,1.095787,1.095793,1.095165,1.095170,50
2023-06-22 08:00:00,1.095170,1.096242,1.095092,1.096163,50
2023-06-22 09:00:00,1.096163,1.096795,1.096018,1.096650,50
2023-06-22 10:00:00,1.096650,1.096733,1.095139,1.095223,50
2023-06-22 11:00:00,1.095223,1.095314,1.094673,1.094764,50
2023-06-22 12:00:00,1.094764,1.095232,1.094580,1.095047,50
2023-06-22 13:00:00,1.095047,1.095196,1.095044,1.095193,50
2023-06-22 14:00:00,1.095193,1.096879,1.095127,1.096813,50
2023-06-22 15:00:00,1.096813,1.096840,1.095985,1.096012,50
2023-06-22 16:00:00,1.096012,1.096100,1.095586,1.095674,50
2023-06-22 17:00:00,1.095674,1.095748,1.095220,1.095294,50
2023-06-22 18:00:00,1.095294,1.095993,1.095211,1.095910,50
2023-06-22 19:00:00,1.095910,1.096056,1.095530,1.095677,50
2023-06-22 20:00:00,1.095677,1.095859,1.094601,1.094783,50
2023-06-22 21:00:00,1.094783,1.094944,1.093748,1.093910,50
2023-06-22 22:00:00,1.093910,1.094362,1.093729,1.094181,50
2023-06-22 23:00:00,1.094181,1.095340,1.094132,1.095290,50
2023-06-23 00:00:00,1.095290,1.095459,1.092567,1.092736,50
2023-06-23 01:00:00,1.092736,1.092889,1.090256,1.090409,50
2023-06-23 02:00:00,1.090409,1.090616,1.089716,1.089924,50
2023-06-23 03:00:00,1.089924,1.092675,1.089921,1.092672,50
2023-06-23 04:00:00,1.092672,1.094687,1.092333,1.094348,50
2023-06-23 05:00:00,1.094348,1.094689,1.094096,1.094437,50
2023-06-23 06:00:00,1.094437,1.094481,1.093223,1.093267,50
2023-06-23 07:00:00,1.093267,1.094736,1.093161,1.094630,50
2023-06-23 08:00:00,1.094630,1.095391,1.094253,1.095015,50
2023-06-23 09:00:00,1.095015,1.096719,1.094899,1.096602,50
2023-06-23 10:00:00,1.096602,1.097081,1.093242,1.093721,50
2023-06-23 11:00:00,1.093721,1.093946,1.093389,1.093614,50
2023-06-23 12:00:00,1.093614,1.093903,1.091437,1.091726,50
2023-06-23 13:00:00,1.091726,1.092634,1.091222,1.092130,50
2023-06-23 14:00:00,1.092130,1.093375,1.091745,1.092990,50
2023-06-23 15:00:00,1.092990,1.094035,1.092840,1.093886,50
2023-06-23 16:00:00,1.093886,1.094046,1.092915,1.093076,50
2023-06-23 17:00:00,1.093076,1.093491,1.090479,1.090895,50
2023-06-23 18:00:00,1.090895,1.091293,1.090511,1.090909,50
2023-06-23 19:00:00,1.090909,1.091293,1.090636,1.091021,50
2023-06-23 20:00:00,1.091021,1.091281,1.089271,1.089531,50
2023-06-23 21:00:00,1.089531,1.089881,1.089474,1.089825,50
2023-06-23 22:00:00,1.089825,1.090014,1.088227,1.088417,50
2023-06-23 23:00:00,1.088417,1.089120,1.088028,1.088732,50
2023-06-26 00:00:00,1.088732,1.090899,1.088599,1.090766,50
2023-06-26 01:00:00,1.090766,1.090778,1.090304,1.090316,50
2023-06-26 02:00:00,1.090316,1.090851,1.090193,1.090728,50
2023-06-26 03:00:00,1.090728,1.090952,1.090568,1.090792,50
2023-06-26 04:00:00,1.090792,1.090850,1.090785,1.090843,50
2023-06-26 05:00:00,1.090843,1.091217,1.090796,1.091170,50
2023-06-26 06:00:00,1.091170,1.091531,1.091136,1.091497,50
2023-06-26 07:00:00,1.091497,1.091584,1.091159,1.091247,50
2023-06-26 08:00:00,1.091247,1.091282,1.090969,1.091004,50
2023-06-26 09:00:00,1.091004,1.091102,1.090550,1.090648,50
2023-06-26 10:00:00,1.090648,1.090656,1.090034,1.090041,50
2023-06-26 11:00:00,1.090041,1.090221,1.089587,1.089767,50
2023-06-26 12:00:00,1.089767,1.089859,1.089491,1.089582,50
2023-06-26 13:00:00,1.089582,1.089662,1.088946,1.089027,50
2023-06-26 14:00:00,1.089027,1.089212,1.088636,1.088821,50
2023-06-26 15:00:00,1.088821,1.088867,1.088177,1.088224,50
2023-06-26 16:00:00,1.088224,1.089078,1.088107,1.088962,50
2023-06-26 17:00:00,1.088962,1.089190,1.088811,1.089039,50
2023-06-26 18:00:00,1.089039,1.089499,1.088985,1.089445,50
2023-06-26 19:00:00,1.089445,1.089943,1.089313,1.089811,50
2023-06-26 20:00:00,1.089811,1.090441,1.089620,1.090250,50
2023-06-26 21:00:00,1.090250,1.090503,1.090178,1.090431,50
2023-06-26 22:00:00,1.090431,1.090609,1.090215,1.090393,50
2023-06-26 23:00:00,1.090393,1.091101,1.090281,1.090988,50
2023-06-27 00:00:00,1.090988,1.091192,1.089934,1.090138,50
2023-06-27 01:00:00,1.090138,1.090540,1.089671,1.090073,50
2023-06-27 02:00:00,1.090073,1.091057,1.090026,1.091010,50
2023-06-27 03:00:00,1.091010,1.091722,1.090764,1.091476,50
2023-06-27 04:00:00,1.091476,1.093273,1.091459,1.093256,50
2023-06-27 05:00:00,1.093256,1.093438,1.093107,1.093288,50
2023-06-27 06:00:00,1.093288,1.093493,1.093273,1.093478,50
2023-06-27 07:00:00,1.093478,1.093690,1.093395,1.093607,50
2023-06-27 08:00:00,1.093607,1.094594,1.093290,1.094277,50
2023-06-27 09:00:00,1.094277,1.094670,1.093937,1.094330,50
2023-06-27 10:00:00,1.094330,1.094497,1.094091,1.094258,50
2023-06-27 11:00:00,1.094258,1.095038,1.093941,1.094720,50
2023-06-27 12:00:00,1.094720,1.094873,1.094583,1.094736,50
2023-06-27 13:00:00,1.094736,1.095305,1.094536,1.095105,50
2023-06-27 14:00:00,1.095105,1.095461,1.094302,1.094658,50
2023-06-27 15:00:00,1.094658,1.095640,1.094259,1.095241,50
2023-06-27 16:00:00,1.095241,1.095801,1.094902,1.095463,50
2023-06-27 17:00:00,1.095463,1.095656,1.094628,1.094822,50
2023-06-27 18:00:00,1.094822,1.095531,1.094701,1.095411,50
2023-06-27 19:00:00,1.095411,1.095699,1.095348,1.095636,50
2023-06-27 20:00:00,1.095636,1.096052,1.095174,1.095591,50
2023-06-27 21:00:00,1.095591,1.096476,1.095499,1.096385,50
2023-06-27 22:00:00,1.096385,1.097376,1.096168,1.097159,50
2023-06-27 23:00:00,1.097159,1.097435,1.095854,1.096131,50
2023-06-28 00:00:00,1.096131,1.096533,1.095089,1.095491,50
2023-06-28 01:00:00,1.095491,1.095628,1.095018,1.095154,50
2023-06-28 02:00:00,1.095154,1.095375,1.094849,1.095069,50
2023-06-28 03:00:00,1.095069,1.095228,1.094402,1.094560,50
2023-06-28 04:00:00,1.094560,1.094822,1.093104,1.093366,50
2023-06-28 05:00:00,1.093366,1.094487,1.093170,1.094291,50
2023-06-28 06:00:00,1.094291,1.095273,1.094272,1.095255,50
2023-06-28 07:00:00,1.095255,1.096369,1.095132,1.096247,50
2023-06-28 08:00:00,1.096247,1.096459,1.093700,1.093912,50
2023-06-28 09:00:00,1.093912,1.093943,1.092199,1.092230,50
2023-06-28 10:00:00,1.092230,1.093650,1.091785,1.093205,50
2023-06-28 11:00:00,1.093205,1.093264,1.090644,1.090704,50
2023-06-28 12:00:00,1.090704,1.091092,1.090674,1.091063,50
2023-06-28 13:00:00,1.091063,1.091330,1.089963,1.090230,50
2023-06-28 14:00:00,1.090230,1.090406,1.089136,1.089312,50
2023-06-28 15:00:00,1.089312,1.090544,1.089066,1.090298,50
2023-06-28 16:00:00,1.090298,1.090444,1.089101,1.089246,50
2023-06-28 17:00:00,1.089246,1.090062,1.088998,1.089813,50
2023-06-28 18:00:00,1.089813,1.090096,1.089540,1.089823,50
2023-06-28 19:00:00,1.089823,1.090332,1.089502,1.090012,50
2023-06-28 20:00:00,1.090012,1.090900,1.089860,1.090748,50
2023-06-28 21:00:00,1.090748,1.090853,1.090408,1.090513,50
2023-06-28 22:00:00,1.090513,1.091284,1.090441,1.091211,50
2023-06-28 23:00:00,1.091211,1.091254,1.090351,1.090394,50
2023-06-29 00:00:00,1.090394,1.091040,1.090252,1.090899,50
2023-06-29 01:00:00,1.090899,1.090913,1.090770,1.090784,50
2023-06-29 02:00:00,1.090784,1.090952,1.089955,1.090123,50
2023-06-29 03:00:00,1.090123,1.090234,1.089634,1.089745,50
2023-06-29 04:00:00,1.089745,1.089842,1.089700,1.089797,50
2023-06-29 05:00:00,1.089797,1.089938,1.089521,1.089662,50
2023-06-29 06:00:00,1.089662,1.090137,1.089631,1.090106,50
2023-06-29 07:00:00,1.090106,1.090190,1.089208,1.089292,50
2023-06-29 08:00:00,1.089292,1.089307,1.088537,1.088552,50
2023-06-29 09:00:00,1.088552,1.088684,1.087923,1.088056,50
2023-06-29 10:00:00,1.088056,1.088565,1.087876,1.088385,50
2023-06-29 11:00:00,1.088385,1.088456,1.087595,1.087666,50
2023-06-29 12:00:00,1.087666,1.087819,1.087482,1.087634,50
2023-06-29 13:00:00,1.087634,1.087910,1.087566,1.087842,50
2023-06-29 14:00:00,1.087842,1.088549,1.087774,1.088481,50
2023-06-29 15:00:00,1.088481,1.089167,1.088413,1.089099,50
2023-06-29 16:00:00,1.089099,1.089236,1.088808,1.088945,50
2023-06-29 17:00:00,1.088945,1.088948,1.088513,1.088516,50
2023-06-29 18:00:00,1.088516,1.088624,1.088019,1.088126,50
2023-06-29 19:00:00,1.088126,1.088468,1.088035,1.088377,50
2023-06-29 20:00:00,1.088377,1.089027,1.088261,1.088910,50
2023-06-29 21:00:00,1.088910,1.088953,1.088823,1.088866,50
2023-06-29 22:00:00,1.088866,1.089123,1.088801,1.089058,50
2023-06-29 23:00:00,1.089058,1.089190,1.088007,1.088139,50
2023-06-30 00:00:00,1.088139,1.091671,1.087933,1.091464,50
2023-06-30 01:00:00,1.091464,1.091469,1.090766,1.090771,50
2023-06-30 02:00:00,1.090771,1.091972,1.090552,1.091753,50
2023-06-30 03:00:00,1.091753,1.091929,1.090794,1.090970,50
2023-06-30 04:00:00,1.090970,1.091161,1.090804,1.090995,50
2023-06-30 05:00:00,1.090995,1.091076,1.090126,1.090207,50
2023-06-30 06:00:00,1.090207,1.090394,1.089700,1.089888,50
2023-06-30 07:00:00,1.089888,1.090191,1.087075,1.087379,50
2023-06-30 08:00:00,1.087379,1.088326,1.087263,1.088210,50
2023-06-30 09:00:00,1.088210,1.090175,1.088175,1.090140,50
2023-06-30 10:00:00,1.090140,1.090788,1.089861,1.090509,50
2023-06-30 11:00:00,1.090509,1.090579,1.089910,1.089979,50
2023-06-30 12:00:00,1.089979,1.090417,1.089946,1.090384,50
2023-06-30 13:00:00,1.090384,1.092951,1.090135,1.092702,50
2023-06-30 14:00:00,1.092702,1.092914,1.090534,1.090746,50
2023-06-30 15:00:00,1.090746,1.091253,1.090473,1.090979,50
2023-06-30 16:00:00,1.090979,1.091769,1.090702,1.091492,50
2023-06-30 17:00:00,1.091492,1.092511,1.091372,1.092392,50
2023-06-30 18:00:00,1.092392,1.092559,1.091908,1.092074,50
2023-06-30 19:00:00,1.092074,1.092405,1.092031,1.092362,50
2023-06-30 20:00:00,1.092362,1.092589,1.091342,1.091569,50
2023-06-30 21:00:00,1.091569,1.091763,1.090174,1.090367,50
2023-06-30 22:00:00,1.090367,1.091157,1.090091,1.090881,50
2023-06-30 23:00:00,1.090881,1.092244,1.090579,1.091941,50
2023-07-03 00:00:00,1.091941,1.092077,1.091806,1.091941,50
2023-07-03 01:00:00,1.091941,1.091952,1.091931,1.091941,50
2023-07-03 02:00:00,1.091941,1.092079,1.091804,1.091941,50
2023-07-03 03:00:00,1.091941,1.092050,1.091833,1.091941,50
2023-07-03 04:00:00,1.091941,1.091946,1.091936,1.091941,50
2023-07-03 05:00:00,1.091941,1.092105,1.091778,1.091941,50
2023-07-03 06:00:00,1.091941,1.091956,1.091926,1.091941,50
2023-07-03 07:00:00,1.091941,1.092051,1.091832,1.091941,50
2023-07-03 08:00:00,1.091941,1.092096,1.091787,1.091941,50
2023-07-03 09:00:00,1.091941,1.092128,1.091755,1.091941,50
2023-07-03 10:00:00,1.091941,1.091959,1.091924,1.091941,50
2023-07-03 11:00:00,1.091941,1.092052,1.091831,1.091941,50
2023-07-03 12:00:00,1.091941,1.091975,1.091908,1.091941,50
2023-07-03 13:00:00,1.091941,1.091987,1.091896,1.091941,50
2023-07-03 14:00:00,1.091941,1.091970,1.091913,1.091941,50
2023-07-03 15:00:00,1.091941,1.092067,1.091816,1.091941,50
2023-07-03 16:00:00,1.091941,1.092121,1.091761,1.091941,50
2023-07-03 17:00:00,1.091941,1.092043,1.091840,1.091941,50
2023-07-03 18:00:00,1.091941,1.092067,1.091816,1.091941,50
2023-07-03 19:00:00,1.091941,1.092061,1.091822,1.091941,50
2023-07-03 20:00:00,1.091941,1.092019,1.091864,1.091941,50
2023-07-03 21:00:00,1.091941,1.092042,1.091841,1.091941,50
2023-07-03 22:00:00,1.091941,1.092030,1.091853,1.091941,50
2023-07-03 23:00:00,1.091941,1.092062,1.091821,1.091941,50
2023-07-05 00:00:00,1.091941,1.092158,1.088704,1.088921,50
2023-07-05 01:00:00,1.088921,1.089162,1.086565,1.086806,50
2023-07-05 02:00:00,1.086806,1.087662,1.086622,1.087478,50
2023-07-05 03:00:00,1.087478,1.088227,1.087349,1.088098,50
2023-07-05 04:00:00,1.088098,1.089483,1.088063,1.089449,50
2023-07-05 05:00:00,1.089449,1.089656,1.089294,1.089501,50
2023-07-05 06:00:00,1.089501,1.089595,1.088523,1.088617,50
2023-07-05 07:00:00,1.088617,1.088766,1.088260,1.088409,50
2023-07-05 08:00:00,1.088409,1.089316,1.088065,1.088973,50
2023-07-05 09:00:00,1.088973,1.090058,1.088672,1.089758,50
2023-07-05 10:00:00,1.089758,1.089860,1.088781,1.088883,50
2023-07-05 11:00:00,1.088883,1.089299,1.087735,1.088151,50
2023-07-05 12:00:00,1.088151,1.089860,1.088137,1.089847,50
2023-07-05 13:00:00,1.089847,1.090143,1.088421,1.088718,50
2023-07-05 14:00:00,1.088718,1.090762,1.088430,1.090474,50
2023-07-05 15:00:00,1.090474,1.093354,1.090083,1.092962,50
2023-07-05 16:00:00,1.092962,1.093132,1.091605,1.091776,50
2023-07-05 17:00:00,1.091776,1.091866,1.090574,1.090665,50
2023-07-05 18:00:00,1.090665,1.090826,1.090376,1.090536,50
2023-07-05 19:00:00,1.090536,1.091290,1.090404,1.091157,50
2023-07-05 20:00:00,1.091157,1.091293,1.088567,1.088703,50
2023-07-05 21:00:00,1.088703,1.088910,1.088023,1.088230,50
2023-07-05 22:00:00,1.088230,1.088614,1.085433,1.085818,50
2023-07-05 23:00:00,1.085818,1.087224,1.085432,1.086838,50
2023-07-06 00:00:00,1.086838,1.086983,1.085671,1.085816,50
2023-07-06 01:00:00,1.085816,1.085960,1.085549,1.085693,50
2023-07-06 02:00:00,1.085693,1.085766,1.085370,1.085444,50
2023-07-06 03:00:00,1.085444,1.085887,1.085423,1.085866,50
2023-07-06 04:00:00,1.085866,1.086117,1.085780,1.086031,50
2023-07-06 05:00:00,1.086031,1.086660,1.085837,1.086466,50
2023-07-06 06:00:00,1.086466,1.086507,1.086134,1.086175,50
2023-07-06 07:00:00,1.086175,1.086711,1.086151,1.086687,50
2023-07-06 08:00:00,1.086687,1.086876,1.086492,1.086681,50
2023-07-06 09:00:00,1.086681,1.086856,1.086101,1.086276,50
2023-07-06 10:00:00,1.086276,1.086322,1.086247,1.086294,50
2023-07-06 11:00:00,1.086294,1.086546,1.086159,1.086412,50
2023-07-06 12:00:00,1.086412,1.087485,1.086218,1.087291,50
2023-07-06 13:00:00,1.087291,1.087486,1.086809,1.087004,50
2023-07-06 14:00:00,1.087004,1.087168,1.086551,1.086715,50
2023-07-06 15:00:00,1.086715,1.087182,1.086580,1.087046,50
2023-07-06 16:00:00,1.087046,1.087540,1.087023,1.087517,50
2023-07-06 17:00:00,1.087517,1.087712,1.087065,1.087260,50
2023-07-06 18:00:00,1.087260,1.087367,1.086558,1.086665,50
2023-07-06 19:00:00,1.086665,1.087154,1.086646,1.087136,50
2023-07-06 20:00:00,1.087136,1.087185,1.087029,1.087078,50
2023-07-06 21:00:00,1.087078,1.087576,1.086933,1.087431,50
2023-07-06 22:00:00,1.087431,1.088553,1.087349,1.088472,50
2023-07-06 23:00:00,1.088472,1.088525,1.087258,1.087311,50
2023-07-07 00:00:00,1.087311,1.092648,1.086963,1.092300,50
2023-07-07 01:00:00,1.092300,1.092399,1.091737,1.091836,50
2023-07-07 02:00:00,1.091836,1.092241,1.089684,1.090089,50
2023-07-07 03:00:00,1.090089,1.091520,1.089598,1.091029,50
2023-07-07 04:00:00,1.091029,1.092343,1.090512,1.091827,50
2023-07-07 05:00:00,1.091827,1.091952,1.088037,1.088162,50
2023-07-07 06:00:00,1.088162,1.088772,1.087873,1.088483,50
2023-07-07 07:00:00,1.088483,1.089069,1.084913,1.085499,50
2023-07-07 08:00:00,1.085499,1.091047,1.084799,1.090347,50
2023-07-07 09:00:00,1.090347,1.090711,1.088838,1.089201,50
2023-07-07 10:00:00,1.089201,1.089859,1.087311,1.087969,50
2023-07-07 11:00:00,1.087969,1.088343,1.086777,1.087151,50
2023-07-07 12:00:00,1.087151,1.087483,1.086789,1.087121,50
2023-07-07 13:00:00,1.087121,1.088093,1.086662,1.087635,50
2023-07-07 14:00:00,1.087635,1.088255,1.087354,1.087974,50
2023-07-07 15:00:00,1.087974,1.089075,1.087783,1.088883,50
2023-07-07 16:00:00,1.088883,1.092684,1.088196,1.091997,50
2023-07-07 17:00:00,1.091997,1.094034,1.091439,1.093476,50
2023-07-07 18:00:00,1.093476,1.094007,1.092123,1.092653,50
2023-07-07 19:00:00,1.092653,1.092975,1.091040,1.091361,50
2023-07-07 20:00:00,1.091361,1.093736,1.091015,1.093389,50
2023-07-07 21:00:00,1.093389,1.096846,1.093237,1.096694,50
2023-07-07 22:00:00,1.096694,1.096874,1.096427,1.096607,50
2023-07-07 23:00:00,1.096607,1.096628,1.096350,1.096371,50
2023-07-10 00:00:00,1.096371,1.097740,1.096181,1.097550,50
2023-07-10 01:00:00,1.097550,1.097691,1.096963,1.097104,50
2023-07-10 02:00:00,1.097104,1.097180,1.096666,1.096742,50
2023-07-10 03:00:00,1.096742,1.096938,1.096543,1.096739,50
2023-07-10 04:00:00,1.096739,1.096833,1.096495,1.096590,50
2023-07-10 05:00:00,1.096590,1.096778,1.095628,1.095817,50
2023-07-10 06:00:00,1.095817,1.096166,1.095654,1.096003,50
2023-07-10 07:00:00,1.096003,1.096094,1.095935,1.096026,50
2023-07-10 08:00:00,1.096026,1.096706,1.095899,1.096579,50
2023-07-10 09:00:00,1.096579,1.097521,1.096355,1.097297,50
2023-07-10 10:00:00,1.097297,1.097490,1.096567,1.096759,50
2023-07-10 11:00:00,1.096759,1.096906,1.096350,1.096497,50
2023-07-10 12:00:00,1.096497,1.096939,1.096400,1.096842,50
2023-07-10 13:00:00,1.096842,1.097910,1.096826,1.097894,50
2023-07-10 14:00:00,1.097894,1.097955,1.096791,1.096852,50
2023-07-10 15:00:00,1.096852,1.097587,1.096694,1.097429,50
2023-07-10 16:00:00,1.097429,1.097512,1.097214,1.097297,50
2023-07-10 17:00:00,1.097297,1.097499,1.097081,1.097284,50
2023-07-10 18:00:00,1.097284,1.097706,1.097209,1.097631,50
2023-07-10 19:00:00,1.097631,1.098261,1.097441,1.098071,50
2023-07-10 20:00:00,1.098071,1.098371,1.097909,1.098209,50
2023-07-10 21:00:00,1.098209,1.099153,1.098193,1.099137,50
2023-07-10 22:00:00,1.099137,1.099895,1.098938,1.099697,50
2023-07-10 23:00:00,1.099697,1.099750,1.099090,1.099143,50
2023-07-11 00:00:00,1.099143,1.099206,1.099080,1.099143,50
2023-07-11 01:00:00,1.099143,1.099335,1.098950,1.099143,50
2023-07-11 02:00:00,1.099143,1.099298,1.098987,1.099143,50
2023-07-11 03:00:00,1.099143,1.099260,1.099025,1.099143,50
2023-07-11 04:00:00,1.099143,1.099157,1.099128,1.099143,50
2023-07-11 05:00:00,1.099143,1.099200,1.099086,1.099143,50
2023-07-11 06:00:00,1.099143,1.099149,1.099137,1.099143,50
2023-07-11 07:00:00,1.099143,1.099295,1.098990,1.099143,50
2023-07-11 08:00:00,1.099143,1.099301,1.098984,1.099143,50
2023-07-11 09:00:00,1.099143,1.099304,1.098982,1.099143,50
2023-07-11 10:00:00,1.099143,1.099212,1.099074,1.099143,50
2023-07-11 11:00:00,1.099143,1.099247,1.099039,1.099143,50
2023-07-11 12:00:00,1.099143,1.099250,1.099035,1.099143,50
2023-07-11 13:00:00,1.099143,1.099279,1.099006,1.099143,50
2023-07-11 14:00:00,1.099143,1.099273,1.099013,1.099143,50
2023-07-11 15:00:00,1.099143,1.099211,1.099074,1.099143,50
2023-07-11 16:00:00,1.099143,1.099288,1.098997,1.099143,50
2023-07-11 17:00:00,1.099143,1.099274,1.099012,1.099143,50
2023-07-11 18:00:00,1.099143,1.099287,1.098998,1.099143,50
2023-07-11 19:00:00,1.099143,1.099165,1.099121,1.099143,50
2023-07-11 20:00:00,1.099143,1.099269,1.099016,1.099143,50
2023-07-11 21:00:00,1.099143,1.099295,1.098990,1.099143,50
2023-07-11 22:00:00,1.099143,1.099183,1.099102,1.099143,50
2023-07-11 23:00:00,1.099143,1.099274,1.099011,1.099143,50
2023-07-12 00:00:00,1.099143,1.099281,1.096646,1.096784,50
2023-07-12 01:00:00,1.096784,1.099614,1.096576,1.099407,50
2023-07-12 02:00:00,1.099407,1.099962,1.097643,1.098199,50
2023-07-12 03:00:00,1.098199,1.098247,1.096454,1.096502,50
2023-07-12 04:00:00,1.096502,1.099298,1.096055,1.098851,50
2023-07-12 05:00:00,1.098851,1.101261,1.097988,1.100398,50
2023-07-12 06:00:00,1.100398,1.100563,1.100342,1.100507,50
2023-07-12 07:00:00,1.100507,1.101569,1.099367,1.100429,50
2023-07-12 08:00:00,1.100429,1.105931,1.099709,1.105211,50
2023-07-12 09:00:00,1.105211,1.108015,1.105107,1.107911,50
2023-07-12 10:00:00,1.107911,1.108811,1.105897,1.106797,50
2023-07-12 11:00:00,1.106797,1.109423,1.105787,1.108413,50
2023-07-12 12:00:00,1.108413,1.108844,1.107499,1.107930,50
2023-07-12 13:00:00,1.107930,1.108440,1.107747,1.108257,50
2023-07-12 14:00:00,1.108257,1.110130,1.107501,1.109373,50
2023-07-12 15:00:00,1.109373,1.111300,1.108747,1.110674,50
2023-07-12 16:00:00,1.110674,1.111138,1.108958,1.109423,50
2023-07-12 17:00:00,1.109423,1.111158,1.109182,1.110917,50
2023-07-12 18:00:00,1.110917,1.113820,1.110150,1.113053,50
2023-07-12 19:00:00,1.113053,1.115554,1.112487,1.114988,50
2023-07-12 20:00:00,1.114988,1.115459,1.113217,1.113687,50
2023-07-12 21:00:00,1.113687,1.113971,1.110451,1.110735,50
2023-07-12 22:00:00,1.110735,1.112988,1.110391,1.112644,50
2023-07-12 23:00:00,1.112644,1.113724,1.111267,1.112347,50
2023-07-13 00:00:00,1.112347,1.117539,1.112205,1.117397,50
2023-07-13 01:00:00,1.117397,1.117419,1.115548,1.115570,50
2023-07-13 02:00:00,1.115570,1.118234,1.115108,1.117773,50
2023-07-13 03:00:00,1.117773,1.119045,1.117184,1.118456,50
2023-07-13 04:00:00,1.118456,1.118777,1.115650,1.115971,50
2023-07-13 05:00:00,1.115971,1.116551,1.113381,1.113960,50
2023-07-13 06:00:00,1.113960,1.114540,1.112012,1.112592,50
2023-07-13 07:00:00,1.112592,1.113305,1.112139,1.112853,50
2023-07-13 08:00:00,1.112853,1.113494,1.112782,1.113423,50
2023-07-13 09:00:00,1.113423,1.114008,1.111920,1.112505,50
2023-07-13 10:00:00,1.112505,1.114084,1.112263,1.113842,50
2023-07-13 11:00:00,1.113842,1.114417,1.111389,1.111964,50
2023-07-13 12:00:00,1.111964,1.114720,1.111495,1.114251,50
2023-07-13 13:00:00,1.114251,1.114767,1.113298,1.113815,50
2023-07-13 14:00:00,1.113815,1.114404,1.112830,1.113419,50
2023-07-13 15:00:00,1.113419,1.116314,1.113248,1.116143,50
2023-07-13 16:00:00,1.116143,1.118712,1.115548,1.118117,50
2023-07-13 17:00:00,1.118117,1.118589,1.117838,1.118309,50
2023-07-13 18:00:00,1.118309,1.118796,1.113028,1.113515,50
2023-07-13 19:00:00,1.113515,1.114089,1.110353,1.110928,50
2023-07-13 20:00:00,1.110928,1.112198,1.110628,1.111899,50
2023-07-13 21:00:00,1.111899,1.118263,1.111437,1.117801,50
2023-07-13 22:00:00,1.117801,1.121136,1.117495,1.120831,50
2023-07-13 23:00:00,1.120831,1.121160,1.119116,1.119445,50
2023-07-14 00:00:00,1.119445,1.119658,1.118969,1.119183,50
2023-07-14 01:00:00,1.119183,1.119831,1.119126,1.119774,50
2023-07-14 02:00:00,1.119774,1.120077,1.118760,1.119063,50
2023-07-14 03:00:00,1.119063,1.119294,1.118359,1.118589,50
2023-07-14 04:00:00,1.118589,1.119686,1.118335,1.119431,50
2023-07-14 05:00:00,1.119431,1.119906,1.119086,1.119561,50
2023-07-14 06:00:00,1.119561,1.119762,1.119388,1.119589,50
2023-07-14 07:00:00,1.119589,1.120851,1.119381,1.120643,50
2023-07-14 08:00:00,1.120643,1.122078,1.120296,1.121731,50
2023-07-14 09:00:00,1.121731,1.121863,1.121532,1.121665,50
2023-07-14 10:00:00,1.121665,1.122250,1.121443,1.122028,50
2023-07-14 11:00:00,1.122028,1.122742,1.121923,1.122637,50
2023-07-14 12:00:00,1.122637,1.122780,1.122607,1.122750,50
2023-07-14 13:00:00,1.122750,1.123370,1.122703,1.123322,50
2023-07-14 14:00:00,1.123322,1.123579,1.123040,1.123296,50
2023-07-14 15:00:00,1.123296,1.124910,1.122964,1.124577,50
2023-07-14 16:00:00,1.124577,1.124763,1.124238,1.124424,50
2023-07-14 17:00:00,1.124424,1.124462,1.123446,1.123484,50
2023-07-14 18:00:00,1.123484,1.123587,1.121974,1.122077,50
2023-07-14 19:00:00,1.122077,1.122705,1.121926,1.122554,50
2023-07-14 20:00:00,1.122554,1.123750,1.122257,1.123453,50
2023-07-14 21:00:00,1.123453,1.123708,1.122836,1.123091,50
2023-07-14 22:00:00,1.123091,1.123391,1.122148,1.122448,50
2023-07-14 23:00:00,1.122448,1.123780,1.122389,1.123722,50
2023-07-17 00:00:00,1.123722,1.124977,1.123552,1.124807,50
2023-07-17 01:00:00,1.124807,1.125382,1.124768,1.125344,50
2023-07-17 02:00:00,1.125344,1.125413,1.125161,1.125230,50
2023-07-17 03:00:00,1.125230,1.125345,1.124484,1.124600,50
2023-07-17 04:00:00,1.124600,1.124662,1.124513,1.124576,50
2023-07-17 05:00:00,1.124576,1.124724,1.123987,1.124135,50
2023-07-17 06:00:00,1.124135,1.124642,1.124112,1.124619,50
2023-07-17 07:00:00,1.124619,1.124665,1.124182,1.124228,50
2023-07-17 08:00:00,1.124228,1.124632,1.124074,1.124478,50
2023-07-17 09:00:00,1.124478,1.124640,1.123535,1.123698,50
2023-07-17 10:00:00,1.123698,1.123858,1.123193,1.123352,50
2023-07-17 11:00:00,1.123352,1.123406,1.123021,1.123075,50
2023-07-17 12:00:00,1.123075,1.123308,1.122906,1.123140,50
2023-07-17 13:00:00,1.123140,1.123645,1.122955,1.123460,50
2023-07-17 14:00:00,1.123460,1.123611,1.123137,1.123287,50
2023-07-17 15:00:00,1.123287,1.123416,1.123014,1.123142,50
2023-07-17 16:00:00,1.123142,1.123174,1.123005,1.123037,50
2023-07-17 17:00:00,1.123037,1.123321,1.122981,1.123264,50
2023-07-17 18:00:00,1.123264,1.123388,1.123050,1.123173,50
2023-07-17 19:00:00,1.123173,1.123320,1.122712,1.122859,50
2023-07-17 20:00:00,1.122859,1.122953,1.122471,1.122565,50
2023-07-17 21:00:00,1.122565,1.122951,1.122429,1.122816,50
2023-07-17 22:00:00,1.122816,1.122903,1.122518,1.122605,50
2023-07-17 23:00:00,1.122605,1.123602,1.122599,1.123596,50
2023-07-18 00:00:00,1.123596,1.124752,1.123492,1.124648,50
2023-07-18 01:00:00,1.124648,1.124778,1.124369,1.124499,50
2023-07-18 02:00:00,1.124499,1.124567,1.123742,1.123811,50
2023-07-18 03:00:00,1.123811,1.123829,1.122930,1.122948,50
2023-07-18 04:00:00,1.122948,1.123093,1.121429,1.121573,50
2023-07-18 05:00:00,1.121573,1.122036,1.121467,1.121929,50
2023-07-18 06:00:00,1.121929,1.123244,1.121914,1.123229,50
2023-07-18 07:00:00,1.123229,1.123474,1.123219,1.123464,50
2023-07-18 08:00:00,1.123464,1.124058,1.123393,1.123987,50
2023-07-18 09:00:00,1.123987,1.124413,1.123818,1.124244,50
2023-07-18 10:00:00,1.124244,1.124498,1.124208,1.124462,50
2023-07-18 11:00:00,1.124462,1.124482,1.123585,1.123605,50
2023-07-18 12:00:00,1.123605,1.123791,1.122489,1.122675,50
2023-07-18 13:00:00,1.122675,1.122728,1.121946,1.121999,50
2023-07-18 14:00:00,1.121999,1.122592,1.121976,1.122569,50
2023-07-18 15:00:00,1.122569,1.122674,1.122300,1.122405,50
2023-07-18 16:00:00,1.122405,1.123685,1.122314,1.123594,50
2023-07-18 17:00:00,1.123594,1.123769,1.122507,1.122681,50
2023-07-18 18:00:00,1.122681,1.122699,1.122477,1.122495,50
2023-07-18 19:00:00,1.122495,1.122581,1.121196,1.121281,50
2023-07-18 20:00:00,1.121281,1.122967,1.121150,1.122836,50
2023-07-18 21:00:00,1.122836,1.122902,1.122050,1.122116,50
2023-07-18 22:00:00,1.122116,1.122415,1.121955,1.122255,50
2023-07-18 23:00:00,1.122255,1.122452,1.122137,1.122334,50
2023-07-19 00:00:00,1.122334,1.122472,1.121921,1.122058,50
2023-07-19 01:00:00,1.122058,1.122191,1.121519,1.121652,50
2023-07-19 02:00:00,1.121652,1.121779,1.121236,1.121364,50
2023-07-19 03:00:00,1.121364,1.121673,1.121283,1.121592,50
2023-07-19 04:00:00,1.121592,1.123070,1.121435,1.122912,50
2023-07-19 05:00:00,1.122912,1.123004,1.122592,1.122683,50
2023-07-19 06:00:00,1.122683,1.122825,1.121913,1.122055,50
2023-07-19 07:00:00,1.122055,1.122150,1.121043,1.121138,50
2023-07-19 08:00:00,1.121138,1.121352,1.120489,1.120703,50
2023-07-19 09:00:00,1.120703,1.122480,1.120496,1.122273,50
2023-07-19 10:00:00,1.122273,1.122411,1.120949,1.121087,50
2023-07-19 11:00:00,1.121087,1.121201,1.120541,1.120655,50
2023-07-19 12:00:00,1.120655,1.120739,1.119763,1.119846,50
2023-07-19 13:00:00,1.119846,1.119904,1.119409,1.119467,50
2023-07-19 14:00:00,1.119467,1.119833,1.119301,1.119667,50
2023-07-19 15:00:00,1.119667,1.120237,1.119600,1.120170,50
2023-07-19 16:00:00,1.120170,1.120234,1.119112,1.119176,50
2023-07-19 17:00:00,1.119176,1.119222,1.118820,1.118867,50
2023-07-19 18:00:00,1.118867,1.118897,1.118850,1.118880,50
2023-07-19 19:00:00,1.118880,1.119489,1.118638,1.119247,50
2023-07-19 20:00:00,1.119247,1.119644,1.119220,1.119616,50
2023-07-19 21:00:00,1.119616,1.120767,1.119465,1.120616,50
2023-07-19 22:00:00,1.120616,1.121736,1.120568,1.121688,50
2023-07-19 23:00:00,1.121688,1.121878,1.119255,1.119445,50
2023-07-20 00:00:00,1.119445,1.121028,1.119058,1.120641,50
2023-07-20 01:00:00,1.120641,1.121041,1.118401,1.118801,50
2023-07-20 02:00:00,1.118801,1.120008,1.118463,1.119670,50
2023-07-20 03:00:00,1.119670,1.120112,1.118319,1.118761,50
2023-07-20 04:00:00,1.118761,1.119526,1.118648,1.119413,50
2023-07-20 05:00:00,1.119413,1.120572,1.119095,1.120255,50
2023-07-20 06:00:00,1.120255,1.120750,1.118993,1.119488,50
2023-07-20 07:00:00,1.119488,1.119732,1.118325,1.118569,50
2023-07-20 08:00:00,1.118569,1.118694,1.116763,1.116888,50
2023-07-20 09:00:00,1.116888,1.117089,1.115198,1.115398,50
2023-07-20 10:00:00,1.115398,1.115604,1.114366,1.114572,50
2023-07-20 11:00:00,1.114572,1.115368,1.114332,1.115128,50
2023-07-20 12:00:00,1.115128,1.115533,1.113584,1.113989,50
2023-07-20 13:00:00,1.113989,1.115250,1.113963,1.115223,50
2023-07-20 14:00:00,1.115223,1.115262,1.113810,1.113848,50
2023-07-20 15:00:00,1.113848,1.113962,1.112328,1.112442,50
2023-07-20 16:00:00,1.112442,1.113774,1.112346,1.113678,50
2023-07-20 17:00:00,1.113678,1.114011,1.113532,1.113865,50
2023-07-20 18:00:00,1.113865,1.114636,1.113776,1.114546,50
2023-07-20 19:00:00,1.114546,1.114630,1.112467,1.112551,50
2023-07-20 20:00:00,1.112551,1.112887,1.111929,1.112265,50
2023-07-20 21:00:00,1.112265,1.113702,1.111784,1.113221,50
2023-07-20 22:00:00,1.113221,1.113693,1.112882,1.113354,50
2023-07-20 23:00:00,1.113354,1.113804,1.113013,1.113462,50
2023-07-21 00:00:00,1.113462,1.114136,1.113417,1.114091,50
2023-07-21 01:00:00,1.114091,1.114419,1.114059,1.114387,50
2023-07-21 02:00:00,1.114387,1.114459,1.113163,1.113235,50
2023-07-21 03:00:00,1.113235,1.113524,1.113190,1.113479,50
2023-07-21 04:00:00,1.113479,1.113560,1.113137,1.113218,50
2023-07-21 05:00:00,1.113218,1.113806,1.113077,1.113665,50
2023-07-21 06:00:00,1.113665,1.113812,1.113321,1.113468,50
2023-07-21 07:00:00,1.113468,1.113607,1.112899,1.113038,50
2023-07-21 08:00:00,1.113038,1.113218,1.113028,1.113207,50
2023-07-21 09:00:00,1.113207,1.113327,1.111827,1.111946,50
2023-07-21 10:00:00,1.111946,1.112166,1.111846,1.112066,50
2023-07-21 11:00:00,1.112066,1.112365,1.112041,1.112340,50
2023-07-21 12:00:00,1.112340,1.112470,1.111385,1.111515,50
2023-07-21 13:00:00,1.111515,1.111850,1.111427,1.111762,50
2023-07-21 14:00:00,1.111762,1.112225,1.111650,1.112113,50
2023-07-21 15:00:00,1.112113,1.112244,1.111705,1.111836,50
2023-07-21 16:00:00,1.111836,1.111842,1.111662,1.111669,50
2023-07-21 17:00:00,1.111669,1.112498,1.111583,1.112412,50
2023-07-21 18:00:00,1.112412,1.112525,1.111641,1.111754,50
2023-07-21 19:00:00,1.111754,1.111893,1.110912,1.111051,50
2023-07-21 20:00:00,1.111051,1.111351,1.110960,1.111259,50
2023-07-21 21:00:00,1.111259,1.112875,1.111153,1.112769,50
2023-07-21 22:00:00,1.112769,1.113051,1.112716,1.112999,50
2023-07-21 23:00:00,1.112999,1.113104,1.111871,1.111976,50
2023-07-24 00:00:00,1.111976,1.112269,1.109285,1.109578,50
2023-07-24 01:00:00,1.109578,1.110225,1.109445,1.110091,50
2023-07-24 02:00:00,1.110091,1.110343,1.109692,1.109944,50
2023-07-24 03:00:00,1.109944,1.111882,1.109743,1.111680,50
2023-07-24 04:00:00,1.111680,1.112719,1.111389,1.112428,50
2023-07-24 05:00:00,1.112428,1.112896,1.112248,1.112715,50
2023-07-24 06:00:00,1.112715,1.112877,1.112469,1.112631,50
2023-07-24 07:00:00,1.112631,1.112659,1.112041,1.112069,50
2023-07-24 08:00:00,1.112069,1.112239,1.111168,1.111338,50
2023-07-24 09:00:00,1.111338,1.111819,1.111235,1.111716,50
2023-07-24 10:00:00,1.111716,1.111978,1.109938,1.110199,50
2023-07-24 11:00:00,1.110199,1.110389,1.110044,1.110233,50
2023-07-24 12:00:00,1.110233,1.110463,1.109887,1.110117,50
2023-07-24 13:00:00,1.110117,1.110165,1.109631,1.109679,50
2023-07-24 14:00:00,1.109679,1.109942,1.108989,1.109251,50
2023-07-24 15:00:00,1.109251,1.109977,1.109164,1.109889,50
2023-07-24 16:00:00,1.109889,1.110024,1.109863,1.109998,50
2023-07-24 17:00:00,1.109998,1.110263,1.109169,1.109434,50
2023-07-24 18:00:00,1.109434,1.110231,1.109390,1.110187,50
2023-07-24 19:00:00,1.110187,1.110388,1.108876,1.109077,50
2023-07-24 20:00:00,1.109077,1.109324,1.108711,1.108957,50
2023-07-24 21:00:00,1.108957,1.109165,1.107714,1.107921,50
2023-07-24 22:00:00,1.107921,1.108101,1.107766,1.107946,50
2023-07-24 23:00:00,1.107946,1.108557,1.107668,1.108279,50
2023-07-25 00:00:00,1.108279,1.108490,1.107109,1.107320,50
2023-07-25 01:00:00,1.107320,1.107518,1.106929,1.107128,50
2023-07-25 02:00:00,1.107128,1.107493,1.107082,1.107447,50
2023-07-25 03:00:00,1.107447,1.108159,1.107188,1.107900,50
2023-07-25 04:00:00,1.107900,1.108031,1.107758,1.107889,50
2023-07-25 05:00:00,1.107889,1.109199,1.107630,1.108940,50
2023-07-25 06:00:00,1.108940,1.109134,1.108657,1.108851,50
2023-07-25 07:00:00,1.108851,1.108876,1.107618,1.107643,50
2023-07-25 08:00:00,1.107643,1.107917,1.105707,1.105981,50
2023-07-25 09:00:00,1.105981,1.106162,1.105315,1.105496,50
2023-07-25 10:00:00,1.105496,1.105643,1.104789,1.104937,50
2023-07-25 11:00:00,1.104937,1.105606,1.104829,1.105498,50
2023-07-25 12:00:00,1.105498,1.105613,1.104817,1.104931,50
2023-07-25 13:00:00,1.104931,1.105066,1.104177,1.104311,50
2023-07-25 14:00:00,1.104311,1.105024,1.104155,1.104868,50
2023-07-25 15:00:00,1.104868,1.105465,1.104824,1.105421,50
2023-07-25 16:00:00,1.105421,1.105671,1.105224,1.105473,50
2023-07-25 17:00:00,1.105473,1.105914,1.105288,1.105729,50
2023-07-25 18:00:00,1.105729,1.105812,1.105355,1.105438,50
2023-07-25 19:00:00,1.105438,1.105635,1.105121,1.105319,50
2023-07-25 20:00:00,1.105319,1.105416,1.104952,1.105049,50
2023-07-25 21:00:00,1.105049,1.105614,1.104841,1.105406,50
2023-07-25 22:00:00,1.105406,1.105887,1.105253,1.105734,50
2023-07-25 23:00:00,1.105734,1.105774,1.104933,1.104972,50
2023-07-26 00:00:00,1.104972,1.105420,1.104960,1.105408,50
2023-07-26 01:00:00,1.105408,1.105631,1.105254,1.105477,50
2023-07-26 02:00:00,1.105477,1.105641,1.105116,1.105280,50
2023-07-26 03:00:00,1.105280,1.105482,1.104480,1.104682,50
2023-07-26 04:00:00,1.104682,1.104714,1.104377,1.104409,50
2023-07-26 05:00:00,1.104409,1.104857,1.104285,1.104733,50
2023-07-26 06:00:00,1.104733,1.105248,1.104636,1.105151,50
2023-07-26 07:00:00,1.105151,1.105827,1.104990,1.105666,50
2023-07-26 08:00:00,1.105666,1.106310,1.105518,1.106162,50
2023-07-26 09:00:00,1.106162,1.106699,1.106077,1.106614,50
2023-07-26 10:00:00,1.106614,1.106818,1.106219,1.106423,50
2023-07-26 11:00:00,1.106423,1.106813,1.106275,1.106665,50
2023-07-26 12:00:00,1.106665,1.107691,1.106566,1.107592,50
2023-07-26 13:00:00,1.107592,1.108033,1.107446,1.107887,50
2023-07-26 14:00:00,1.107887,1.108025,1.107708,1.107845,50
2023-07-26 15:00:00,1.107845,1.108304,1.107621,1.108079,50
2023-07-26 16:00:00,1.108079,1.108278,1.107620,1.107818,50
2023-07-26 17:00:00,1.107818,1.108031,1.107770,1.107984,50
2023-07-26 18:00:00,1.107984,1.108216,1.106982,1.107215,50
2023-07-26 19:00:00,1.107215,1.107400,1.106502,1.106688,50
2023-07-26 20:00:00,1.106688,1.107674,1.106680,1.107666,50
2023-07-26 21:00:00,1.107666,1.107963,1.107513,1.107809,50
2023-07-26 22:00:00,1.107809,1.107880,1.107427,1.107497,50
2023-07-26 23:00:00,1.107497,1.107893,1.107392,1.107788,50
2023-07-27 00:00:00,1.107788,1.107827,1.107687,1.107726,50
2023-07-27 01:00:00,1.107726,1.108148,1.105028,1.105450,50
2023-07-27 02:00:00,1.105450,1.105707,1.104460,1.104717,50
2023-07-27 03:00:00,1.104717,1.104795,1.101549,1.101627,50
2023-07-27 04:00:00,1.101627,1.102772,1.100958,1.102103,50
2023-07-27 05:00:00,1.102103,1.104104,1.101913,1.103914,50
2023-07-27 06:00:00,1.103914,1.104455,1.101460,1.102001,50
2023-07-27 07:00:00,1.102001,1.102426,1.099014,1.099439,50
2023-07-27 08:00:00,1.099439,1.101269,1.098830,1.100660,50
2023-07-27 09:00:00,1.100660,1.101028,1.097771,1.098139,50
2023-07-27 10:00:00,1.098139,1.099073,1.098011,1.098945,50
2023-07-27 11:00:00,1.098945,1.100575,1.098501,1.100131,50
2023-07-27 12:00:00,1.100131,1.101392,1.099626,1.100887,50
2023-07-27 13:00:00,1.100887,1.101902,1.100481,1.101497,50
2023-07-27 14:00:00,1.101497,1.101591,1.100907,1.101002,50
2023-07-27 15:00:00,1.101002,1.102742,1.100602,1.102342,50
2023-07-27 16:00:00,1.102342,1.104572,1.101700,1.103930,50
2023-07-27 17:00:00,1.103930,1.104249,1.101907,1.102226,50
2023-07-27 18:00:00,1.102226,1.105441,1.101646,1.104861,50
2023-07-27 19:00:00,1.104861,1.106441,1.104406,1.105987,50
2023-07-27 20:00:00,1.105987,1.106289,1.103804,1.104107,50
2023-07-27 21:00:00,1.104107,1.104467,1.102911,1.103271,50
2023-07-27 22:00:00,1.103271,1.103319,1.102100,1.102149,50
2023-07-27 23:00:00,1.102149,1.102689,1.099207,1.099747,50
2023-07-28 00:00:00,1.099747,1.103061,1.099681,1.102994,50
2023-07-28 01:00:00,1.102994,1.103449,1.102716,1.103170,50
2023-07-28 02:00:00,1.103170,1.103353,1.102140,1.102323,50
2023-07-28 03:00:00,1.102323,1.102627,1.101906,1.102210,50
2023-07-28 04:00:00,1.102210,1.102303,1.100824,1.100918,50
2023-07-28 05:00:00,1.100918,1.101193,1.099474,1.099748,50
2023-07-28 06:00:00,1.099748,1.103066,1.099411,1.102729,50
2023-07-28 07:00:00,1.102729,1.102965,1.101645,1.101881,50
2023-07-28 08:00:00,1.101881,1.102162,1.099127,1.099408,50
2023-07-28 09:00:00,1.099408,1.100421,1.099108,1.100121,50
2023-07-28 10:00:00,1.100121,1.100246,1.099320,1.099445,50
2023-07-28 11:00:00,1.099445,1.101398,1.099347,1.101299,50
2023-07-28 12:00:00,1.101299,1.101538,1.100209,1.100447,50
2023-07-28 13:00:00,1.100447,1.100577,1.098792,1.098922,50
2023-07-28 14:00:00,1.098922,1.100562,1.098813,1.100454,50
2023-07-28 15:00:00,1.100454,1.100601,1.100211,1.100358,50
2023-07-28 16:00:00,1.100358,1.102246,1.100153,1.102041,50
2023-07-28 17:00:00,1.102041,1.102803,1.101844,1.102606,50
2023-07-28 18:00:00,1.102606,1.105013,1.102293,1.104700,50
2023-07-28 19:00:00,1.104700,1.105032,1.104116,1.104448,50
2023-07-28 20:00:00,1.104448,1.104676,1.104174,1.104402,50
2023-07-28 21:00:00,1.104402,1.104672,1.103150,1.103420,50
2023-07-28 22:00:00,1.103420,1.103681,1.102160,1.102421,50
2023-07-28 23:00:00,1.102421,1.103937,1.102359,1.103875,50
2023-07-31 00:00:00,1.103875,1.104086,1.103791,1.104002,50
2023-07-31 01:00:00,1.104002,1.104024,1.103768,1.103790,50
2023-07-31 02:00:00,1.103790,1.103847,1.103187,1.103243,50
2023-07-31 03:00:00,1.103243,1.103406,1.102679,1.102842,50
2023-07-31 04:00:00,1.102842,1.103051,1.102766,1.102976,50
2023-07-31 05:00:00,1.102976,1.103114,1.102820,1.102958,50
2023-07-31 06:00:00,1.102958,1.103114,1.102912,1.103069,50
2023-07-31 07:00:00,1.103069,1.103258,1.102457,1.102646,50
2023-07-31 08:00:00,1.102646,1.102686,1.101966,1.102006,50
2023-07-31 09:00:00,1.102006,1.102440,1.101995,1.102429,50
2023-07-31 10:00:00,1.102429,1.102475,1.101917,1.101963,50
2023-07-31 11:00:00,1.101963,1.102138,1.101696,1.101871,50
2023-07-31 12:00:00,1.101871,1.101945,1.101235,1.101309,50
2023-07-31 13:00:00,1.101309,1.101827,1.101189,1.101706,50
2023-07-31 14:00:00,1.101706,1.101997,1.101609,1.101900,50
2023-07-31 15:00:00,1.101900,1.101967,1.101526,1.101592,50
2023-07-31 16:00:00,1.101592,1.101819,1.101502,1.101729,50
2023-07-31 17:00:00,1.101729,1.101925,1.101663,1.101859,50
2023-07-31 18:00:00,1.101859,1.102589,1.101661,1.102392,50
2023-07-31 19:00:00,1.102392,1.103671,1.102220,1.103498,50
2023-07-31 20:00:00,1.103498,1.103845,1.103326,1.103672,50
2023-07-31 21:00:00,1.103672,1.104160,1.103555,1.104043,50
2023-07-31 22:00:00,1.104043,1.104195,1.103660,1.103813,50
2023-07-31 23:00:00,1.103813,1.103821,1.102042,1.102050,50
2023-08-01 00:00:00,1.102050,1.102209,1.099140,1.099299,50
2023-08-01 01:00:00,1.099299,1.100165,1.099220,1.100086,50
2023-08-01 02:00:00,1.100086,1.100425,1.099496,1.099835,50
2023-08-01 03:00:00,1.099835,1.101437,1.099712,1.101315,50
2023-08-01 04:00:00,1.101315,1.103110,1.100982,1.102777,50
2023-08-01 05:00:00,1.102777,1.103291,1.102372,1.102885,50
2023-08-01 06:00:00,1.102885,1.103153,1.102204,1.102472,50
2023-08-01 07:00:00,1.102472,1.103270,1.102243,1.103041,50
2023-08-01 08:00:00,1.103041,1.103355,1.101266,1.101579,50
2023-08-01 09:00:00,1.101579,1.101810,1.100623,1.100854,50
2023-08-01 10:00:00,1.100854,1.101209,1.099673,1.100028,50
2023-08-01 11:00:00,1.100028,1.101209,1.099650,1.100831,50
2023-08-01 12:00:00,1.100831,1.101351,1.100653,1.101173,50
2023-08-01 13:00:00,1.101173,1.101412,1.099507,1.099746,50
2023-08-01 14:00:00,1.099746,1.099786,1.099016,1.099056,50
2023-08-01 15:00:00,1.099056,1.099311,1.098835,1.099089,50
2023-08-01 16:00:00,1.099089,1.099326,1.097570,1.097806,50
2023-08-01 17:00:00,1.097806,1.098233,1.097415,1.097842,50
2023-08-01 18:00:00,1.097842,1.098649,1.097524,1.098331,50
2023-08-01 19:00:00,1.098331,1.098337,1.097665,1.097671,50
2023-08-01 20:00:00,1.097671,1.097989,1.096244,1.096563,50
2023-08-01 21:00:00,1.096563,1.097709,1.096488,1.097634,50
2023-08-01 22:00:00,1.097634,1.097939,1.095797,1.096101,50
2023-08-01 23:00:00,1.096101,1.097508,1.095686,1.097093,50
2023-08-02 00:00:00,1.097093,1.097283,1.097057,1.097248,50
2023-08-02 01:00:00,1.097248,1.097382,1.096969,1.097103,50
2023-08-02 02:00:00,1.097103,1.097445,1.096869,1.097210,50
2023-08-02 03:00:00,1.097210,1.097723,1.097106,1.097619,50
2023-08-02 04:00:00,1.097619,1.097842,1.097014,1.097237,50
2023-08-02 05:00:00,1.097237,1.097729,1.097207,1.097699,50
2023-08-02 06:00:00,1.097699,1.097760,1.096820,1.096881,50
2023-08-02 07:00:00,1.096881,1.097064,1.096639,1.096822,50
2023-08-02 08:00:00,1.096822,1.097036,1.096540,1.096754,50
2023-08-02 09:00:00,1.096754,1.096970,1.096418,1.096634,50
2023-08-02 10:00:00,1.096634,1.096822,1.096595,1.096783,50
2023-08-02 11:00:00,1.096783,1.096930,1.095804,1.095952,50
2023-08-02 12:00:00,1.095952,1.096016,1.095364,1.095429,50
2023-08-02 13:00:00,1.095429,1.095632,1.093832,1.094036,50
2023-08-02 14:00:00,1.094036,1.094559,1.093878,1.094401,50
2023-08-02 15:00:00,1.094401,1.094588,1.093092,1.093279,50
2023-08-02 16:00:00,1.093279,1.093700,1.093066,1.093487,50
2023-08-02 17:00:00,1.093487,1.093755,1.092936,1.093205,50
2023-08-02 18:00:00,1.093205,1.094390,1.093078,1.094263,50
2023-08-02 19:00:00,1.094263,1.094534,1.093531,1.093802,50
2023-08-02 20:00:00,1.093802,1.094966,1.093723,1.094887,50
2023-08-02 21:00:00,1.094887,1.095127,1.094558,1.094798,50
2023-08-02 22:00:00,1.094798,1.094827,1.094469,1.094497,50
2023-08-02 23:00:00,1.094497,1.094692,1.093658,1.093853,50
2023-08-03 00:00:00,1.093853,1.093859,1.093095,1.093101,50
2023-08-03 01:00:00,1.093101,1.093215,1.092848,1.092961,50
2023-08-03 02:00:00,1.092961,1.092977,1.092632,1.092647,50
2023-08-03 03:00:00,1.092647,1.092774,1.092513,1.092640,50
2023-08-03 04:00:00,1.092640,1.092720,1.092549,1.092630,50
2023-08-03 05:00:00,1.092630,1.093329,1.092523,1.093223,50
2023-08-03 06:00:00,1.093223,1.094007,1.093073,1.093857,50
2023-08-03 07:00:00,1.093857,1.094010,1.093582,1.093735,50
2023-08-03 08:00:00,1.093735,1.094605,1.093601,1.094470,50
2023-08-03 09:00:00,1.094470,1.094528,1.094179,1.094237,50
2023-08-03 10:00:00,1.094237,1.094418,1.094218,1.094400,50
2023-08-03 11:00:00,1.094400,1.094649,1.094285,1.094534,50
2023-08-03 12:00:00,1.094534,1.095041,1.094429,1.094936,50
2023-08-03 13:00:00,1.094936,1.095290,1.094760,1.095114,50
2023-08-03 14:00:00,1.095114,1.095550,1.094941,1.095376,50
2023-08-03 15:00:00,1.095376,1.095473,1.095339,1.095436,50
2023-08-03 16:00:00,1.095436,1.095601,1.095355,1.095520,50
2023-08-03 17:00:00,1.095520,1.095895,1.095380,1.095755,50
2023-08-03 18:00:00,1.095755,1.095925,1.095672,1.095842,50
2023-08-03 19:00:00,1.095842,1.096033,1.095380,1.095571,50
2023-08-03 20:00:00,1.095571,1.095599,1.095568,1.095596,50
2023-08-03 21:00:00,1.095596,1.095678,1.095272,1.095354,50
2023-08-03 22:00:00,1.095354,1.095520,1.095177,1.095343,50
2023-08-03 23:00:00,1.095343,1.095530,1.094504,1.094691,50
2023-08-04 00:00:00,1.094691,1.095045,1.092549,1.092903,50
2023-08-04 01:00:00,1.092903,1.095427,1.092256,1.094780,50
2023-08-04 02:00:00,1.094780,1.095717,1.094576,1.095514,50
2023-08-04 03:00:00,1.095514,1.095548,1.095010,1.095044,50
2023-08-04 04:00:00,1.095044,1.097257,1.094370,1.096583,50
2023-08-04 05:00:00,1.096583,1.100341,1.095930,1.099689,50
2023-08-04 06:00:00,1.099689,1.102575,1.099110,1.101996,50
2023-08-04 07:00:00,1.101996,1.102026,1.100841,1.100870,50
2023-08-04 08:00:00,1.100870,1.101066,1.099104,1.099300,50
2023-08-04 09:00:00,1.099300,1.099432,1.098805,1.098938,50
2023-08-04 10:00:00,1.098938,1.099625,1.097791,1.098478,50
2023-08-04 11:00:00,1.098478,1.098571,1.096921,1.097015,50
2023-08-04 12:00:00,1.097015,1.099090,1.096919,1.098994,50
2023-08-04 13:00:00,1.098994,1.100826,1.098828,1.100660,50
2023-08-04 14:00:00,1.100660,1.103881,1.100066,1.103287,50
2023-08-04 15:00:00,1.103287,1.103818,1.103139,1.103670,50
2023-08-04 16:00:00,1.103670,1.104729,1.102931,1.103990,50
2023-08-04 17:00:00,1.103990,1.104222,1.103146,1.103378,50
2023-08-04 18:00:00,1.103378,1.105907,1.102890,1.105419,50
2023-08-04 19:00:00,1.105419,1.105563,1.104818,1.104962,50
2023-08-04 20:00:00,1.104962,1.105275,1.104742,1.105056,50
2023-08-04 21:00:00,1.105056,1.106055,1.104406,1.105405,50
2023-08-04 22:00:00,1.105405,1.106154,1.104647,1.105396,50
2023-08-04 23:00:00,1.105396,1.105578,1.103449,1.103631,50
2023-08-07 00:00:00,1.103631,1.103853,1.103552,1.103773,50
2023-08-07 01:00:00,1.103773,1.104414,1.103719,1.104359,50
2023-08-07 02:00:00,1.104359,1.104364,1.104039,1.104044,50
2023-08-07 03:00:00,1.104044,1.104301,1.103557,1.103814,50
2023-08-07 04:00:00,1.103814,1.104070,1.103698,1.103954,50
2023-08-07 05:00:00,1.103954,1.104138,1.103025,1.103209,50
2023-08-07 06:00:00,1.103209,1.103721,1.103062,1.103574,50
2023-08-07 07:00:00,1.103574,1.103840,1.102624,1.102890,50
2023-08-07 08:00:00,1.102890,1.102910,1.102706,1.102727,50
2023-08-07 09:00:00,1.102727,1.102921,1.101573,1.101767,50
2023-08-07 10:00:00,1.101767,1.102021,1.101372,1.101626,50
2023-08-07 11:00:00,1.101626,1.101922,1.101540,1.101836,50
2023-08-07 12:00:00,1.101836,1.102194,1.101703,1.102062,50
2023-08-07 13:00:00,1.102062,1.102164,1.101790,1.101893,50
2023-08-07 14:00:00,1.101893,1.101992,1.100170,1.100269,50
2023-08-07 15:00:00,1.100269,1.100558,1.099374,1.099664,50
2023-08-07 16:00:00,1.099664,1.099734,1.099336,1.099406,50
2023-08-07 17:00:00,1.099406,1.099984,1.099180,1.099759,50
2023-08-07 18:00:00,1.099759,1.099772,1.099466,1.099479,50
2023-08-07 19:00:00,1.099479,1.099973,1.099240,1.099734,50
2023-08-07 20:00:00,1.099734,1.099758,1.099709,1.099733,50
2023-08-07 21:00:00,1.099733,1.099975,1.099019,1.099261,50
2023-08-07 22:00:00,1.099261,1.099958,1.099240,1.099938,50
2023-08-07 23:00:00,1.099938,1.100055,1.099872,1.099989,50
2023-08-08 00:00:00,1.099989,1.100335,1.098618,1.098964,50
2023-08-08 01:00:00,1.098964,1.099019,1.098653,1.098709,50
2023-08-08 02:00:00,1.098709,1.099386,1.098493,1.099170,50
2023-08-08 03:00:00,1.099170,1.099741,1.098867,1.099438,50
2023-08-08 04:00:00,1.099438,1.100345,1.099423,1.100330,50
2023-08-08 05:00:00,1.100330,1.100722,1.099837,1.100229,50
2023-08-08 06:00:00,1.100229,1.100658,1.099994,1.100423,50
2023-08-08 07:00:00,1.100423,1.101163,1.100237,1.100977,50
2023-08-08 08:00:00,1.100977,1.101145,1.100429,1.100597,50
2023-08-08 09:00:00,1.100597,1.101050,1.100223,1.100676,50
2023-08-08 10:00:00,1.100676,1.100895,1.099093,1.099313,50
2023-08-08 11:00:00,1.099313,1.099495,1.098512,1.098694,50
2023-08-08 12:00:00,1.098694,1.099089,1.096325,1.096720,50
2023-08-08 13:00:00,1.096720,1.096995,1.096644,1.096919,50
2023-08-08 14:00:00,1.096919,1.097112,1.096469,1.096662,50
2023-08-08 15:00:00,1.096662,1.097556,1.096278,1.097172,50
2023-08-08 16:00:00,1.097172,1.097520,1.096558,1.096906,50
2023-08-08 17:00:00,1.096906,1.097229,1.095795,1.096118,50
2023-08-08 18:00:00,1.096118,1.096472,1.095715,1.096069,50
2023-08-08 19:00:00,1.096069,1.096130,1.095401,1.095462,50
2023-08-08 20:00:00,1.095462,1.096067,1.095183,1.095788,50
2023-08-08 21:00:00,1.095788,1.095997,1.094666,1.094875,50
2023-08-08 22:00:00,1.094875,1.096094,1.094461,1.095680,50
2023-08-08 23:00:00,1.095680,1.096084,1.094646,1.095050,50
2023-08-09 00:00:00,1.095050,1.095221,1.094762,1.094933,50
2023-08-09 01:00:00,1.094933,1.095217,1.094872,1.095155,50
2023-08-09 02:00:00,1.095155,1.095291,1.094625,1.094761,50
2023-08-09 03:00:00,1.094761,1.094868,1.094562,1.094670,50
2023-08-09 04:00:00,1.094670,1.094928,1.094529,1.094787,50
2023-08-09 05:00:00,1.094787,1.094988,1.094369,1.094570,50
2023-08-09 06:00:00,1.094570,1.095091,1.094461,1.094982,50
2023-08-09 07:00:00,1.094982,1.095056,1.094845,1.094919,50
2023-08-09 08:00:00,1.094919,1.095475,1.094822,1.095378,50
2023-08-09 09:00:00,1.095378,1.095851,1.095235,1.095707,50
2023-08-09 10:00:00,1.095707,1.096035,1.095506,1.095833,50
2023-08-09 11:00:00,1.095833,1.096953,1.095635,1.096754,50
2023-08-09 12:00:00,1.096754,1.096815,1.096598,1.096659,50
2023-08-09 13:00:00,1.096659,1.096679,1.096427,1.096446,50
2023-08-09 14:00:00,1.096446,1.096934,1.096255,1.096743,50
2023-08-09 15:00:00,1.096743,1.096784,1.096631,1.096672,50
2023-08-09 16:00:00,1.096672,1.096847,1.096535,1.096709,50
2023-08-09 17:00:00,1.096709,1.096739,1.096668,1.096698,50
2023-08-09 18:00:00,1.096698,1.096799,1.096453,1.096554,50
2023-08-09 19:00:00,1.096554,1.097164,1.096408,1.097017,50
2023-08-09 20:00:00,1.097017,1.097210,1.096772,1.096965,50
2023-08-09 21:00:00,1.096965,1.097345,1.096892,1.097273,50
2023-08-09 22:00:00,1.097273,1.097733,1.097187,1.097647,50
2023-08-09 23:00:00,1.097647,1.097810,1.097291,1.097454,50
2023-08-10 00:00:00,1.097454,1.098922,1.097127,1.098595,50
2023-08-10 01:00:00,1.098595,1.098835,1.098276,1.098517,50
2023-08-10 02:00:00,1.098517,1.099030,1.098287,1.098800,50
2023-08-10 03:00:00,1.098800,1.102278,1.098625,1.102102,50
2023-08-10 04:00:00,1.102102,1.102168,1.098383,1.098449,50
2023-08-10 05:00:00,1.098449,1.101243,1.098444,1.101238,50
2023-08-10 06:00:00,1.101238,1.101431,1.100509,1.100702,50
2023-08-10 07:00:00,1.100702,1.100985,1.099198,1.099480,50
2023-08-10 08:00:00,1.099480,1.102296,1.099138,1.101954,50
2023-08-10 09:00:00,1.101954,1.102419,1.101921,1.102386,50
2023-08-10 10:00:00,1.102386,1.102409,1.101350,1.101373,50
2023-08-10 11:00:00,1.101373,1.101397,1.098703,1.098727,50
2023-08-10 12:00:00,1.098727,1.099170,1.098674,1.099117,50
2023-08-10 13:00:00,1.099117,1.099376,1.096372,1.096632,50
2023-08-10 14:00:00,1.096632,1.097733,1.096399,1.097500,50
2023-08-10 15:00:00,1.097500,1.098903,1.097219,1.098622,50
2023-08-10 16:00:00,1.098622,1.101068,1.098489,1.100934,50
2023-08-10 17:00:00,1.100934,1.100993,1.099681,1.099740,50
2023-08-10 18:00:00,1.099740,1.101424,1.099440,1.101125,50
2023-08-10 19:00:00,1.101125,1.101954,1.100781,1.101610,50
2023-08-10 20:00:00,1.101610,1.101651,1.100090,1.100131,50
2023-08-10 21:00:00,1.100131,1.100752,1.100111,1.100732,50
2023-08-10 22:00:00,1.100732,1.101095,1.100694,1.101057,50
2023-08-10 23:00:00,1.101057,1.101675,1.100947,1.101564,50
2023-08-11 00:00:00,1.101564,1.102950,1.101105,1.102491,50
2023-08-11 01:00:00,1.102491,1.102693,1.102365,1.102566,50
2023-08-11 02:00:00,1.102566,1.102891,1.101667,1.101992,50
2023-08-11 03:00:00,1.101992,1.102810,1.101929,1.102747,50
2023-08-11 04:00:00,1.102747,1.102892,1.101528,1.101673,50
2023-08-11 05:00:00,1.101673,1.101854,1.099803,1.099984,50
2023-08-11 06:00:00,1.099984,1.101387,1.099756,1.101159,50
2023-08-11 07:00:00,1.101159,1.101471,1.099155,1.099468,50
2023-08-11 08:00:00,1.099468,1.099651,1.099014,1.099197,50
2023-08-11 09:00:00,1.099197,1.099758,1.099016,1.099577,50
2023-08-11 10:00:00,1.099577,1.100533,1.099187,1.100143,50
2023-08-11 11:00:00,1.100143,1.100327,1.099334,1.099518,50
2023-08-11 12:00:00,1.099518,1.101258,1.099174,1.100914,50
2023-08-11 13:00:00,1.100914,1.101285,1.097784,1.098155,50
2023-08-11 14:00:00,1.098155,1.098603,1.097312,1.097760,50
2023-08-11 15:00:00,1.097760,1.097874,1.096374,1.096487,50
2023-08-11 16:00:00,1.096487,1.096610,1.096089,1.096213,50
2023-08-11 17:00:00,1.096213,1.096588,1.095132,1.095507,50
2023-08-11 18:00:00,1.095507,1.095648,1.095057,1.095198,50
2023-08-11 19:00:00,1.095198,1.095448,1.094707,1.094957,50
2023-08-11 20:00:00,1.094957,1.095113,1.094312,1.094467,50
2023-08-11 21:00:00,1.094467,1.096892,1.094014,1.096438,50
2023-08-11 22:00:00,1.096438,1.097925,1.096191,1.097677,50
2023-08-11 23:00:00,1.097677,1.097777,1.095551,1.095650,50
2023-08-14 00:00:00,1.095650,1.096417,1.095578,1.096344,50
2023-08-14 01:00:00,1.096344,1.096588,1.094701,1.094945,50
2023-08-14 02:00:00,1.094945,1.095087,1.093436,1.093578,50
2023-08-14 03:00:00,1.093578,1.093819,1.092836,1.093078,50
2023-08-14 04:00:00,1.093078,1.093369,1.092816,1.093107,50
2023-08-14 05:00:00,1.093107,1.093317,1.091849,1.092058,50
2023-08-14 06:00:00,1.092058,1.092248,1.091573,1.091762,50
2023-08-14 07:00:00,1.091762,1.092514,1.091561,1.092312,50
2023-08-14 08:00:00,1.092312,1.093268,1.092267,1.093223,50
2023-08-14 09:00:00,1.093223,1.095367,1.093011,1.095155,50
2023-08-14 10:00:00,1.095155,1.095932,1.094883,1.095660,50
2023-08-14 11:00:00,1.095660,1.096409,1.095466,1.096215,50
2023-08-14 12:00:00,1.096215,1.096409,1.094805,1.094999,50
2023-08-14 13:00:00,1.094999,1.095237,1.092280,1.092519,50
2023-08-14 14:00:00,1.092519,1.093188,1.092349,1.093018,50
2023-08-14 15:00:00,1.093018,1.093295,1.091209,1.091486,50
2023-08-14 16:00:00,1.091486,1.092174,1.091236,1.091924,50
2023-08-14 17:00:00,1.091924,1.092087,1.091915,1.092078,50
2023-08-14 18:00:00,1.092078,1.092914,1.091860,1.092697,50
2023-08-14 19:00:00,1.092697,1.092850,1.092050,1.092204,50
2023-08-14 20:00:00,1.092204,1.092825,1.092018,1.092640,50
2023-08-14 21:00:00,1.092640,1.093128,1.092535,1.093024,50
2023-08-14 22:00:00,1.093024,1.094300,1.092751,1.094028,50
2023-08-14 23:00:00,1.094028,1.094099,1.092108,1.092180,50
2023-08-15 00:00:00,1.092180,1.092297,1.091134,1.091251,50
2023-08-15 01:00:00,1.091251,1.091302,1.091243,1.091294,50
2023-08-15 02:00:00,1.091294,1.091314,1.090819,1.090839,50
2023-08-15 03:00:00,1.090839,1.091090,1.090689,1.090939,50
2023-08-15 04:00:00,1.090939,1.091190,1.090915,1.091165,50
2023-08-15 05:00:00,1.091165,1.091523,1.091088,1.091446,50
2023-08-15 06:00:00,1.091446,1.092177,1.091310,1.092041,50
2023-08-15 07:00:00,1.092041,1.092154,1.091257,1.091370,50
2023-08-15 08:00:00,1.091370,1.091513,1.090778,1.090921,50
2023-08-15 09:00:00,1.090921,1.091138,1.090920,1.091137,50
2023-08-15 10:00:00,1.091137,1.091242,1.090968,1.091074,50
2023-08-15 11:00:00,1.091074,1.091128,1.090816,1.090870,50
2023-08-15 12:00:00,1.090870,1.091503,1.090736,1.091369,50
2023-08-15 13:00:00,1.091369,1.091419,1.091291,1.091342,50
2023-08-15 14:00:00,1.091342,1.091517,1.090866,1.091041,50
2023-08-15 15:00:00,1.091041,1.091108,1.090921,1.090988,50
2023-08-15 16:00:00,1.090988,1.091782,1.090946,1.091740,50
2023-08-15 17:00:00,1.091740,1.092181,1.091631,1.092072,50
2023-08-15 18:00:00,1.092072,1.092627,1.092047,1.092602,50
2023-08-15 19:00:00,1.092602,1.093536,1.092444,1.093378,50
2023-08-15 20:00:00,1.093378,1.093445,1.093369,1.093436,50
2023-08-15 21:00:00,1.093436,1.093551,1.093033,1.093147,50
2023-08-15 22:00:00,1.093147,1.093521,1.093003,1.093377,50
2023-08-15 23:00:00,1.093377,1.093439,1.092714,1.092777,50
2023-08-16 00:00:00,1.092777,1.093001,1.092608,1.092832,50
2023-08-16 01:00:00,1.092832,1.092891,1.092163,1.092222,50
2023-08-16 02:00:00,1.092222,1.092375,1.092159,1.092312,50
2023-08-16 03:00:00,1.092312,1.092928,1.092310,1.092927,50
2023-08-16 04:00:00,1.092927,1.093056,1.092737,1.092867,50
2023-08-16 05:00:00,1.092867,1.092968,1.092659,1.092760,50
2023-08-16 06:00:00,1.092760,1.092931,1.092631,1.092803,50
2023-08-16 07:00:00,1.092803,1.092806,1.092632,1.092634,50
2023-08-16 08:00:00,1.092634,1.092638,1.092131,1.092134,50
2023-08-16 09:00:00,1.092134,1.092282,1.091415,1.091563,50
2023-08-16 10:00:00,1.091563,1.092798,1.091506,1.092741,50
2023-08-16 11:00:00,1.092741,1.092938,1.092426,1.092623,50
2023-08-16 12:00:00,1.092623,1.092758,1.092316,1.092451,50
2023-08-16 13:00:00,1.092451,1.092486,1.092246,1.092281,50
2023-08-16 14:00:00,1.092281,1.092441,1.091693,1.091852,50
2023-08-16 15:00:00,1.091852,1.092008,1.091239,1.091394,50
2023-08-16 16:00:00,1.091394,1.091503,1.090612,1.090720,50
2023-08-16 17:00:00,1.090720,1.090912,1.089725,1.089917,50
2023-08-16 18:00:00,1.089917,1.092021,1.089737,1.091840,50
2023-08-16 19:00:00,1.091840,1.093101,1.091684,1.092944,50
2023-08-16 20:00:00,1.092944,1.093419,1.092778,1.093253,50
2023-08-16 21:00:00,1.093253,1.093394,1.091621,1.091761,50
2023-08-16 22:00:00,1.091761,1.092389,1.091651,1.092279,50
2023-08-16 23:00:00,1.092279,1.092350,1.090323,1.090394,50
2023-08-17 00:00:00,1.090394,1.090528,1.090052,1.090187,50
2023-08-17 01:00:00,1.090187,1.090411,1.089651,1.089876,50
2023-08-17 02:00:00,1.089876,1.090888,1.089844,1.090856,50
2023-08-17 03:00:00,1.090856,1.091047,1.090796,1.090986,50
2023-08-17 04:00:00,1.090986,1.091230,1.090275,1.090518,50
2023-08-17 05:00:00,1.090518,1.090696,1.089829,1.090007,50
2023-08-17 06:00:00,1.090007,1.090412,1.089848,1.090253,50
2023-08-17 07:00:00,1.090253,1.090383,1.089762,1.089892,50
2023-08-17 08:00:00,1.089892,1.090126,1.089876,1.090111,50
2023-08-17 09:00:00,1.090111,1.090206,1.089332,1.089427,50
2023-08-17 10:00:00,1.089427,1.089985,1.089374,1.089932,50
2023-08-17 11:00:00,1.089932,1.090546,1.089870,1.090484,50
2023-08-17 12:00:00,1.090484,1.090602,1.089641,1.089759,50
2023-08-17 13:00:00,1.089759,1.089784,1.089231,1.089257,50
2023-08-17 14:00:00,1.089257,1.089803,1.089053,1.089599,50
2023-08-17 15:00:00,1.089599,1.089634,1.088952,1.088987,50
2023-08-17 16:00:00,1.088987,1.088988,1.088139,1.088139,50
2023-08-17 17:00:00,1.088139,1.088266,1.087320,1.087447,50
2023-08-17 18:00:00,1.087447,1.087638,1.087380,1.087571,50
2023-08-17 19:00:00,1.087571,1.087883,1.087517,1.087828,50
2023-08-17 20:00:00,1.087828,1.088009,1.087243,1.087423,50
2023-08-17 21:00:00,1.087423,1.087582,1.086678,1.086836,50
2023-08-17 22:00:00,1.086836,1.087785,1.086625,1.087574,50
2023-08-17 23:00:00,1.087574,1.087815,1.087188,1.087429,50
2023-08-18 00:00:00,1.087429,1.087547,1.085739,1.085857,50
2023-08-18 01:00:00,1.085857,1.086438,1.085826,1.086406,50
2023-08-18 02:00:00,1.086406,1.086515,1.086266,1.086375,50
2023-08-18 03:00:00,1.086375,1.086395,1.086248,1.086268,50
2023-08-18 04:00:00,1.086268,1.086396,1.085967,1.086095,50
2023-08-18 05:00:00,1.086095,1.086254,1.085870,1.086028,50
2023-08-18 06:00:00,1.086028,1.086782,1.085845,1.086598,50
2023-08-18 07:00:00,1.086598,1.086938,1.086427,1.086767,50
2023-08-18 08:00:00,1.086767,1.087267,1.086651,1.087152,50
2023-08-18 09:00:00,1.087152,1.087337,1.086935,1.087120,50
2023-08-18 10:00:00,1.087120,1.087256,1.086873,1.087010,50
2023-08-18 11:00:00,1.087010,1.087139,1.086748,1.086878,50
2023-08-18 12:00:00,1.086878,1.087110,1.086867,1.087099,50
2023-08-18 13:00:00,1.087099,1.087249,1.087091,1.087240,50
2023-08-18 14:00:00,1.087240,1.087788,1.087190,1.087738,50
2023-08-18 15:00:00,1.087738,1.088147,1.087563,1.087972,50
2023-08-18 16:00:00,1.087972,1.088339,1.087795,1.088162,50
2023-08-18 17:00:00,1.088162,1.088625,1.088001,1.088464,50
2023-08-18 18:00:00,1.088464,1.088757,1.088369,1.088662,50
2023-08-18 19:00:00,1.088662,1.088770,1.088624,1.088731,50
2023-08-18 20:00:00,1.088731,1.088805,1.088452,1.088525,50
2023-08-18 21:00:00,1.088525,1.089028,1.088341,1.088844,50
2023-08-18 22:00:00,1.088844,1.088891,1.088686,1.088733,50
2023-08-18 23:00:00,1.088733,1.088905,1.087376,1.087548,50
2023-08-21 00:00:00,1.087548,1.088231,1.087477,1.088160,50
2023-08-21 01:00:00,1.088160,1.088638,1.088086,1.088565,50
2023-08-21 02:00:00,1.088565,1.089359,1.088559,1.089353,50
2023-08-21 03:00:00,1.089353,1.089559,1.089252,1.089458,50
2023-08-21 04:00:00,1.089458,1.089642,1.088602,1.088786,50
2023-08-21 05:00:00,1.088786,1.088804,1.088724,1.088742,50
2023-08-21 06:00:00,1.088742,1.088880,1.088105,1.088243,50
2023-08-21 07:00:00,1.088243,1.089099,1.088110,1.088966,50
2023-08-21 08:00:00,1.088966,1.089291,1.088778,1.089103,50
2023-08-21 09:00:00,1.089103,1.089882,1.089053,1.089832,50
2023-08-21 10:00:00,1.089832,1.089952,1.088848,1.088968,50
2023-08-21 11:00:00,1.088968,1.088983,1.088688,1.088703,50
2023-08-21 12:00:00,1.088703,1.089115,1.088675,1.089087,50
2023-08-21 13:00:00,1.089087,1.089208,1.087728,1.087850,50
2023-08-21 14:00:00,1.087850,1.087886,1.087461,1.087498,50
2023-08-21 15:00:00,1.087498,1.087522,1.086793,1.086818,50
2023-08-21 16:00:00,1.086818,1.086976,1.086407,1.086566,50
2023-08-21 17:00:00,1.086566,1.087587,1.086448,1.087469,50
2023-08-21 18:00:00,1.087469,1.087598,1.087288,1.087416,50
2023-08-21 19:00:00,1.087416,1.087515,1.086823,1.086921,50
2023-08-21 20:00:00,1.086921,1.087252,1.086749,1.087080,50
2023-08-21 21:00:00,1.087080,1.087830,1.086960,1.087710,50
2023-08-21 22:00:00,1.087710,1.087791,1.087325,1.087406,50
2023-08-21 23:00:00,1.087406,1.089046,1.087210,1.088850,50
2023-08-22 00:00:00,1.088850,1.089075,1.086568,1.086793,50
2023-08-22 01:00:00,1.086793,1.087042,1.086448,1.086697,50
2023-08-22 02:00:00,1.086697,1.087010,1.086027,1.086340,50
2023-08-22 03:00:00,1.086340,1.087529,1.086270,1.087458,50
2023-08-22 04:00:00,1.087458,1.087612,1.086685,1.086839,50
2023-08-22 05:00:00,1.086839,1.087418,1.086499,1.087079,50
2023-08-22 06:00:00,1.087079,1.087862,1.086917,1.087700,50
2023-08-22 07:00:00,1.087700,1.087876,1.087695,1.087871,50
2023-08-22 08:00:00,1.087871,1.089728,1.087844,1.089700,50
2023-08-22 09:00:00,1.089700,1.089880,1.088434,1.088614,50
2023-08-22 10:00:00,1.088614,1.088690,1.088208,1.088284,50
2023-08-22 11:00:00,1.088284,1.088430,1.087462,1.087607,50
2023-08-22 12:00:00,1.087607,1.087768,1.085821,1.085982,50
2023-08-22 13:00:00,1.085982,1.085991,1.085453,1.085462,50
2023-08-22 14:00:00,1.085462,1.085588,1.085419,1.085545,50
2023-08-22 15:00:00,1.085545,1.085886,1.084914,1.085255,50
2023-08-22 16:00:00,1.085255,1.087197,1.085031,1.086973,50
2023-08-22 17:00:00,1.086973,1.087187,1.086644,1.086858,50
2023-08-22 18:00:00,1.086858,1.087012,1.085258,1.085412,50
2023-08-22 19:00:00,1.085412,1.085718,1.083926,1.084233,50
2023-08-22 20:00:00,1.084233,1.084935,1.084025,1.084727,50
2023-08-22 21:00:00,1.084727,1.085232,1.084411,1.084916,50
2023-08-22 22:00:00,1.084916,1.084937,1.084485,1.084505,50
2023-08-22 23:00:00,1.084505,1.084733,1.084370,1.084599,50
2023-08-23 00:00:00,1.084599,1.084897,1.084535,1.084834,50
2023-08-23 01:00:00,1.084834,1.085140,1.084822,1.085129,50
2023-08-23 02:00:00,1.085129,1.085566,1.085014,1.085450,50
2023-08-23 03:00:00,1.085450,1.085713,1.085420,1.085682,50
2023-08-23 04:00:00,1.085682,1.085862,1.085621,1.085801,50
2023-08-23 05:00:00,1.085801,1.085880,1.085791,1.085871,50
2023-08-23 06:00:00,1.085871,1.085916,1.085312,1.085357,50
2023-08-23 07:00:00,1.085357,1.086013,1.085209,1.085864,50
2023-08-23 08:00:00,1.085864,1.086156,1.085814,1.086106,50
2023-08-23 09:00:00,1.086106,1.086286,1.085325,1.085505,50
2023-08-23 10:00:00,1.085505,1.085708,1.085472,1.085676,50
2023-08-23 11:00:00,1.085676,1.085787,1.085233,1.085344,50
2023-08-23 12:00:00,1.085344,1.085973,1.085342,1.085971,50
2023-08-23 13:00:00,1.085971,1.086693,1.085836,1.086558,50
2023-08-23 14:00:00,1.086558,1.086983,1.086363,1.086788,50
2023-08-23 15:00:00,1.086788,1.086899,1.086216,1.086327,50
2023-08-23 16:00:00,1.086327,1.086739,1.086214,1.086625,50
2023-08-23 17:00:00,1.086625,1.087152,1.086526,1.087053,50
2023-08-23 18:00:00,1.087053,1.087151,1.086572,1.086670,50
2023-08-23 19:00:00,1.086670,1.086774,1.086251,1.086355,50
2023-08-23 20:00:00,1.086355,1.086459,1.085667,1.085772,50
2023-08-23 21:00:00,1.085772,1.086295,1.085616,1.086139,50
2023-08-23 22:00:00,1.086139,1.086367,1.086133,1.086361,50
2023-08-23 23:00:00,1.086361,1.086512,1.086098,1.086248,50
2023-08-24 00:00:00,1.086248,1.087075,1.086151,1.086977,50
2023-08-24 01:00:00,1.086977,1.087044,1.086357,1.086424,50
2023-08-24 02:00:00,1.086424,1.086702,1.085999,1.086277,50
2023-08-24 03:00:00,1.086277,1.086566,1.085442,1.085731,50
2023-08-24 04:00:00,1.085731,1.085934,1.085060,1.085263,50
2023-08-24 05:00:00,1.085263,1.085842,1.085137,1.085716,50
2023-08-24 06:00:00,1.085716,1.085909,1.085453,1.085645,50
2023-08-24 07:00:00,1.085645,1.087009,1.085373,1.086736,50
2023-08-24 08:00:00,1.086736,1.086803,1.085771,1.085838,50
2023-08-24 09:00:00,1.085838,1.086088,1.085353,1.085604,50
2023-08-24 10:00:00,1.085604,1.085839,1.084440,1.084675,50
2023-08-24 11:00:00,1.084675,1.085001,1.084562,1.084888,50
2023-08-24 12:00:00,1.084888,1.085006,1.084637,1.084754,50
2023-08-24 13:00:00,1.084754,1.084879,1.084660,1.084785,50
2023-08-24 14:00:00,1.084785,1.084836,1.084358,1.084409,50
2023-08-24 15:00:00,1.084409,1.084597,1.083051,1.083239,50
2023-08-24 16:00:00,1.083239,1.083406,1.082475,1.082642,50
2023-08-24 17:00:00,1.082642,1.082670,1.082128,1.082156,50
2023-08-24 18:00:00,1.082156,1.082312,1.081717,1.081873,50
2023-08-24 19:00:00,1.081873,1.082229,1.081791,1.082146,50
2023-08-24 20:00:00,1.082146,1.082232,1.081892,1.081978,50
2023-08-24 21:00:00,1.081978,1.082903,1.081730,1.082655,50
2023-08-24 22:00:00,1.082655,1.082906,1.082649,1.082901,50
2023-08-24 23:00:00,1.082901,1.082948,1.082555,1.082603,50
2023-08-25 00:00:00,1.082603,1.082758,1.082164,1.082319,50
2023-08-25 01:00:00,1.082319,1.082764,1.082142,1.082587,50
2023-08-25 02:00:00,1.082587,1.082911,1.082275,1.082599,50
2023-08-25 03:00:00,1.082599,1.082875,1.081199,1.081475,50
2023-08-25 04:00:00,1.081475,1.082303,1.081281,1.082109,50
2023-08-25 05:00:00,1.082109,1.082325,1.080908,1.081123,50
2023-08-25 06:00:00,1.081123,1.082388,1.080997,1.082262,50
2023-08-25 07:00:00,1.082262,1.082448,1.079808,1.079995,50
2023-08-25 08:00:00,1.079995,1.081954,1.079777,1.081736,50
2023-08-25 09:00:00,1.081736,1.081868,1.080702,1.080835,50
2023-08-25 10:00:00,1.080835,1.081318,1.080574,1.081058,50
2023-08-25 11:00:00,1.081058,1.082055,1.081057,1.082054,50
2023-08-25 12:00:00,1.082054,1.082376,1.079413,1.079735,50
2023-08-25 13:00:00,1.079735,1.079989,1.078169,1.078424,50
2023-08-25 14:00:00,1.078424,1.078609,1.078379,1.078565,50
2023-08-25 15:00:00,1.078565,1.078575,1.077968,1.077978,50
2023-08-25 16:00:00,1.077978,1.080794,1.077876,1.080692,50
2023-08-25 17:00:00,1.080692,1.081931,1.080538,1.081777,50
2023-08-25 18:00:00,1.081777,1.081933,1.081242,1.081398,50
2023-08-25 19:00:00,1.081398,1.081945,1.081275,1.081821,50
2023-08-25 20:00:00,1.081821,1.082092,1.081578,1.081848,50
2023-08-25 21:00:00,1.081848,1.082046,1.080426,1.080624,50
2023-08-25 22:00:00,1.080624,1.080909,1.079729,1.080015,50
2023-08-25 23:00:00,1.080015,1.080243,1.078521,1.078749,50
2023-08-28 00:00:00,1.078749,1.078799,1.078185,1.078235,50
2023-08-28 01:00:00,1.078235,1.078596,1.078057,1.078418,50
2023-08-28 02:00:00,1.078418,1.078871,1.078318,1.078770,50
2023-08-28 03:00:00,1.078770,1.078938,1.078484,1.078651,50
2023-08-28 04:00:00,1.078651,1.078928,1.078616,1.078892,50
2023-08-28 05:00:00,1.078892,1.079907,1.078726,1.079740,50
2023-08-28 06:00:00,1.079740,1.080554,1.079554,1.080367,50
2023-08-28 07:00:00,1.080367,1.080618,1.080315,1.080566,50
2023-08-28 08:00:00,1.080566,1.080704,1.080273,1.080411,50
2023-08-28 09:00:00,1.080411,1.080785,1.080252,1.080626,50
2023-08-28 10:00:00,1.080626,1.080809,1.080296,1.080479,50
2023-08-28 11:00:00,1.080479,1.080861,1.080364,1.080745,50
2023-08-28 12:00:00,1.080745,1.080853,1.080120,1.080227,50
2023-08-28 13:00:00,1.080227,1.080379,1.079517,1.079669,50
2023-08-28 14:00:00,1.079669,1.079753,1.079332,1.079416,50
2023-08-28 15:00:00,1.079416,1.079489,1.079404,1.079477,50
2023-08-28 16:00:00,1.079477,1.079517,1.079442,1.079482,50
2023-08-28 17:00:00,1.079482,1.079948,1.079475,1.079941,50
2023-08-28 18:00:00,1.079941,1.080365,1.079918,1.080342,50
2023-08-28 19:00:00,1.080342,1.080968,1.080219,1.080844,50
2023-08-28 20:00:00,1.080844,1.081313,1.080683,1.081151,50
2023-08-28 21:00:00,1.081151,1.081549,1.081080,1.081478,50
2023-08-28 22:00:00,1.081478,1.081486,1.081091,1.081098,50
2023-08-28 23:00:00,1.081098,1.081130,1.080933,1.080964,50
2023-08-29 00:00:00,1.080964,1.081216,1.080588,1.080840,50
2023-08-29 01:00:00,1.080840,1.080966,1.080016,1.080143,50
2023-08-29 02:00:00,1.080143,1.081489,1.080031,1.081377,50
2023-08-29 03:00:00,1.081377,1.081975,1.081097,1.081695,50
2023-08-29 04:00:00,1.081695,1.082227,1.081691,1.082222,50
2023-08-29 05:00:00,1.082222,1.082894,1.081951,1.082623,50
2023-08-29 06:00:00,1.082623,1.082806,1.081242,1.081426,50
2023-08-29 07:00:00,1.081426,1.083544,1.081204,1.083323,50
2023-08-29 08:00:00,1.083323,1.083890,1.083022,1.083590,50
2023-08-29 09:00:00,1.083590,1.083698,1.083550,1.083659,50
2023-08-29 10:00:00,1.083659,1.083937,1.083535,1.083813,50
2023-08-29 11:00:00,1.083813,1.083938,1.082934,1.083059,50
2023-08-29 12:00:00,1.083059,1.083389,1.083028,1.083359,50
2023-08-29 13:00:00,1.083359,1.084037,1.083029,1.083707,50
2023-08-29 14:00:00,1.083707,1.084435,1.083680,1.084407,50
2023-08-29 15:00:00,1.084407,1.084743,1.084251,1.084587,50
2023-08-29 16:00:00,1.084587,1.086105,1.084373,1.085890,50
2023-08-29 17:00:00,1.085890,1.086113,1.085009,1.085231,50
2023-08-29 18:00:00,1.085231,1.085780,1.084980,1.085529,50
2023-08-29 19:00:00,1.085529,1.085650,1.085313,1.085434,50
2023-08-29 20:00:00,1.085434,1.085490,1.085012,1.085068,50
2023-08-29 21:00:00,1.085068,1.085110,1.084975,1.085017,50
2023-08-29 22:00:00,1.085017,1.085244,1.084241,1.084469,50
2023-08-29 23:00:00,1.084469,1.085406,1.084132,1.085069,50
2023-08-30 00:00:00,1.085069,1.085276,1.083484,1.083691,50
2023-08-30 01:00:00,1.083691,1.085484,1.083215,1.085009,50
2023-08-30 02:00:00,1.085009,1.085062,1.084955,1.085008,50
2023-08-30 03:00:00,1.085008,1.085380,1.083180,1.083552,50
2023-08-30 04:00:00,1.083552,1.085684,1.083136,1.085268,50
2023-08-30 05:00:00,1.085268,1.085605,1.083717,1.084054,50
2023-08-30 06:00:00,1.084054,1.084501,1.083937,1.084384,50
2023-08-30 07:00:00,1.084384,1.085737,1.084318,1.085671,50
2023-08-30 08:00:00,1.085671,1.085675,1.084222,1.084226,50
2023-08-30 09:00:00,1.084226,1.085885,1.083660,1.085319,50
2023-08-30 10:00:00,1.085319,1.086736,1.084795,1.086213,50
2023-08-30 11:00:00,1.086213,1.086466,1.085177,1.085430,50
2023-08-30 12:00:00,1.085430,1.087977,1.085192,1.087739,50
2023-08-30 13:00:00,1.087739,1.089487,1.087349,1.089097,50
2023-08-30 14:00:00,1.089097,1.089410,1.088024,1.088336,50
2023-08-30 15:00:00,1.088336,1.088513,1.085433,1.085610,50
2023-08-30 16:00:00,1.085610,1.087529,1.085205,1.087124,50
2023-08-30 17:00:00,1.087124,1.087630,1.086883,1.087389,50
2023-08-30 18:00:00,1.087389,1.088186,1.086906,1.087703,50
2023-08-30 19:00:00,1.087703,1.088083,1.086627,1.087007,50
2023-08-30 20:00:00,1.087007,1.087182,1.086119,1.086294,50
2023-08-30 21:00:00,1.086294,1.092955,1.085965,1.092626,50
2023-08-30 22:00:00,1.092626,1.093264,1.092252,1.092890,50
2023-08-30 23:00:00,1.092890,1.093222,1.092325,1.092657,50
2023-08-31 00:00:00,1.092657,1.094859,1.092173,1.094375,50
2023-08-31 01:00:00,1.094375,1.094455,1.093059,1.093139,50
2023-08-31 02:00:00,1.093139,1.094859,1.092411,1.094131,50
2023-08-31 03:00:00,1.094131,1.094714,1.088478,1.089061,50
2023-08-31 04:00:00,1.089061,1.089695,1.087878,1.088512,50
2023-08-31 05:00:00,1.088512,1.089019,1.083351,1.083858,50
2023-08-31 06:00:00,1.083858,1.086367,1.083197,1.085706,50
2023-08-31 07:00:00,1.085706,1.086089,1.082935,1.083318,50
2023-08-31 08:00:00,1.083318,1.083679,1.083251,1.083611,50
2023-08-31 09:00:00,1.083611,1.084794,1.083395,1.084577,50
2023-08-31 10:00:00,1.084577,1.084776,1.081942,1.082141,50
2023-08-31 11:00:00,1.082141,1.085865,1.081419,1.085144,50
2023-08-31 12:00:00,1.085144,1.085380,1.084989,1.085224,50
2023-08-31 13:00:00,1.085224,1.085253,1.083464,1.083493,50
2023-08-31 14:00:00,1.083493,1.089179,1.082837,1.088523,50
2023-08-31 15:00:00,1.088523,1.089116,1.087773,1.088365,50
2023-08-31 16:00:00,1.088365,1.088805,1.086872,1.087311,50
2023-08-31 17:00:00,1.087311,1.088136,1.087030,1.087856,50
2023-08-31 18:00:00,1.087856,1.091755,1.087721,1.091620,50
2023-08-31 19:00:00,1.091620,1.092003,1.085954,1.086337,50
2023-08-31 20:00:00,1.086337,1.087548,1.085772,1.086982,50
2023-08-31 21:00:00,1.086982,1.087587,1.081806,1.082412,50
2023-08-31 22:00:00,1.082412,1.085650,1.082359,1.085597,50
2023-08-31 23:00:00,1.085597,1.085971,1.083519,1.083893,50
2023-09-01 00:00:00,1.083893,1.084497,1.083607,1.084212,50
2023-09-01 01:00:00,1.084212,1.085067,1.083993,1.084848,50
2023-09-01 02:00:00,1.084848,1.084961,1.084810,1.084922,50
2023-09-01 03:00:00,1.084922,1.085061,1.084581,1.084720,50
2023-09-01 04:00:00,1.084720,1.084797,1.084399,1.084475,50
2023-09-01 05:00:00,1.084475,1.084798,1.082724,1.083047,50
2023-09-01 06:00:00,1.083047,1.083723,1.082696,1.083372,50
2023-09-01 07:00:00,1.083372,1.083641,1.082977,1.083246,50
2023-09-01 08:00:00,1.083246,1.083471,1.080961,1.081186,50
2023-09-01 09:00:00,1.081186,1.081576,1.080586,1.080976,50
2023-09-01 10:00:00,1.080976,1.081242,1.079787,1.080053,50
2023-09-01 11:00:00,1.080053,1.080139,1.079525,1.079612,50
2023-09-01 12:00:00,1.079612,1.080843,1.079219,1.080450,50
2023-09-01 13:00:00,1.080450,1.080799,1.080183,1.080531,50
2023-09-01 14:00:00,1.080531,1.080914,1.080148,1.080531,50
2023-09-01 15:00:00,1.080531,1.080690,1.079575,1.079734,50
2023-09-01 16:00:00,1.079734,1.080852,1.079497,1.080615,50
2023-09-01 17:00:00,1.080615,1.080892,1.079979,1.080257,50
2023-09-01 18:00:00,1.080257,1.080491,1.078491,1.078725,50
2023-09-01 19:00:00,1.078725,1.079875,1.078691,1.079840,50
2023-09-01 20:00:00,1.079840,1.079926,1.079103,1.079189,50
2023-09-01 21:00:00,1.079189,1.079343,1.078762,1.078916,50
2023-09-01 22:00:00,1.078916,1.078925,1.077868,1.077877,50
2023-09-01 23:00:00,1.077877,1.078762,1.077864,1.078749,50
2023-09-05 00:00:00,1.078749,1.079743,1.078338,1.079332,50
2023-09-05 01:00:00,1.079332,1.080240,1.079045,1.079952,50
2023-09-05 02:00:00,1.079952,1.080092,1.079177,1.079317,50
2023-09-05 03:00:00,1.079317,1.079925,1.079222,1.079830,50
2023-09-05 04:00:00,1.079830,1.080238,1.078430,1.078838,50
2023-09-05 05:00:00,1.078838,1.078898,1.078763,1.078823,50
2023-09-05 06:00:00,1.078823,1.079366,1.078412,1.078955,50
2023-09-05 07:00:00,1.078955,1.079201,1.077902,1.078148,50
2023-09-05 08:00:00,1.078148,1.078176,1.077533,1.077561,50
2023-09-05 09:00:00,1.077561,1.077739,1.076401,1.076579,50
2023-09-05 10:00:00,1.076579,1.076855,1.075069,1.075345,50
2023-09-05 11:00:00,1.075345,1.075740,1.073760,1.074155,50
2023-09-05 12:00:00,1.074155,1.074346,1.073184,1.073375,50
2023-09-05 13:00:00,1.073375,1.073731,1.071798,1.072155,50
2023-09-05 14:00:00,1.072155,1.073038,1.071728,1.072612,50
2023-09-05 15:00:00,1.072612,1.073305,1.072331,1.073023,50
2023-09-05 16:00:00,1.073023,1.073099,1.072529,1.072604,50
2023-09-05 17:00:00,1.072604,1.073269,1.072454,1.073119,50
2023-09-05 18:00:00,1.073119,1.074400,1.072739,1.074019,50
2023-09-05 19:00:00,1.074019,1.074687,1.073767,1.074435,50
2023-09-05 20:00:00,1.074435,1.074724,1.074009,1.074298,50
2023-09-05 21:00:00,1.074298,1.074738,1.072069,1.072508,50
2023-09-05 22:00:00,1.072508,1.072739,1.071296,1.071528,50
2023-09-05 23:00:00,1.071528,1.073197,1.071062,1.072731,50
2023-09-06 00:00:00,1.072731,1.073389,1.072576,1.073234,50
2023-09-06 01:00:00,1.073234,1.073361,1.072960,1.073087,50
2023-09-06 02:00:00,1.073087,1.073105,1.072436,1.072454,50
2023-09-06 03:00:00,1.072454,1.072635,1.071941,1.072122,50
2023-09-06 04:00:00,1.072122,1.072278,1.071880,1.072036,50
2023-09-06 05:00:00,1.072036,1.072046,1.071425,1.071435,50
2023-09-06 06:00:00,1.071435,1.071512,1.070723,1.070800,50
2023-09-06 07:00:00,1.070800,1.071123,1.070783,1.071106,50
2023-09-06 08:00:00,1.071106,1.071282,1.070423,1.070600,50
2023-09-06 09:00:00,1.070600,1.070685,1.070435,1.070520,50
2023-09-06 10:00:00,1.070520,1.070890,1.070410,1.070779,50
2023-09-06 11:00:00,1.070779,1.070948,1.070683,1.070853,50
2023-09-06 12:00:00,1.070853,1.071032,1.070410,1.070590,50
2023-09-06 13:00:00,1.070590,1.071288,1.070428,1.071126,50
2023-09-06 14:00:00,1.071126,1.071560,1.071054,1.071488,50
2023-09-06 15:00:00,1.071488,1.071592,1.070905,1.071009,50
2023-09-06 16:00:00,1.071009,1.071190,1.070830,1.071011,50
2023-09-06 17:00:00,1.071011,1.071145,1.070300,1.070435,50
2023-09-06 18:00:00,1.070435,1.070804,1.070292,1.070662,50
2023-09-06 19:00:00,1.070662,1.071732,1.070483,1.071552,50
2023-09-06 20:00:00,1.071552,1.071821,1.071480,1.071749,50
2023-09-06 21:00:00,1.071749,1.073129,1.071611,1.072991,50
2023-09-06 22:00:00,1.072991,1.073734,1.072905,1.073649,50
2023-09-06 23:00:00,1.073649,1.073693,1.071307,1.071352,50
2023-09-07 00:00:00,1.071352,1.072383,1.071327,1.072358,50
2023-09-07 01:00:00,1.072358,1.072478,1.071804,1.071924,50
2023-09-07 02:00:00,1.071924,1.072040,1.071619,1.071735,50
2023-09-07 03:00:00,1.071735,1.071794,1.070314,1.070374,50
2023-09-07 04:00:00,1.070374,1.070531,1.070098,1.070255,50
2023-09-07 05:00:00,1.070255,1.070383,1.069745,1.069873,50
2023-09-07 06:00:00,1.069873,1.070839,1.069681,1.070647,50
2023-09-07 07:00:00,1.070647,1.070745,1.069843,1.069942,50
2023-09-07 08:00:00,1.069942,1.070160,1.069774,1.069992,50
2023-09-07 09:00:00,1.069992,1.070111,1.069936,1.070055,50
2023-09-07 10:00:00,1.070055,1.070122,1.070044,1.070111,50
2023-09-07 11:00:00,1.070111,1.070268,1.070078,1.070234,50
2023-09-07 12:00:00,1.070234,1.070422,1.069787,1.069974,50
2023-09-07 13:00:00,1.069974,1.070040,1.069222,1.069288,50
2023-09-07 14:00:00,1.069288,1.069719,1.069254,1.069685,50
2023-09-07 15:00:00,1.069685,1.069818,1.069395,1.069528,50
2023-09-07 16:00:00,1.069528,1.069643,1.069342,1.069456,50
2023-09-07 17:00:00,1.069456,1.069782,1.069401,1.069727,50
2023-09-07 18:00:00,1.069727,1.070552,1.069569,1.070394,50
2023-09-07 19:00:00,1.070394,1.070558,1.070175,1.070339,50
2023-09-07 20:00:00,1.070339,1.070618,1.070195,1.070473,50
2023-09-07 21:00:00,1.070473,1.070773,1.070331,1.070630,50
2023-09-07 22:00:00,1.070630,1.070972,1.070501,1.070843,50
2023-09-07 23:00:00,1.070843,1.070916,1.070362,1.070435,50
2023-09-08 00:00:00,1.070435,1.070440,1.069797,1.069803,50
2023-09-08 01:00:00,1.069803,1.069980,1.069724,1.069901,50
2023-09-08 02:00:00,1.069901,1.070010,1.069157,1.069265,50
2023-09-08 03:00:00,1.069265,1.069268,1.069055,1.069058,50
2023-09-08 04:00:00,1.069058,1.069585,1.068984,1.069511,50
2023-09-08 05:00:00,1.069511,1.069731,1.069438,1.069659,50
2023-09-08 06:00:00,1.069659,1.070265,1.069512,1.070119,50
2023-09-08 07:00:00,1.070119,1.070223,1.069843,1.069946,50
2023-09-08 08:00:00,1.069946,1.071032,1.069762,1.070848,50
2023-09-08 09:00:00,1.070848,1.071003,1.070485,1.070640,50
2023-09-08 10:00:00,1.070640,1.071394,1.070476,1.071229,50
2023-09-08 11:00:00,1.071229,1.071376,1.070847,1.070993,50
2023-09-08 12:00:00,1.070993,1.071093,1.070771,1.070870,50
2023-09-08 13:00:00,1.070870,1.071071,1.070847,1.071047,50
2023-09-08 14:00:00,1.071047,1.071135,1.070591,1.070679,50
2023-09-08 15:00:00,1.070679,1.071203,1.070640,1.071164,50
2023-09-08 16:00:00,1.071164,1.071473,1.071147,1.071456,50
2023-09-08 17:00:00,1.071456,1.072158,1.071306,1.072008,50
2023-09-08 18:00:00,1.072008,1.072163,1.071555,1.071710,50
2023-09-08 19:00:00,1.071710,1.072448,1.071532,1.072270,50
2023-09-08 20:00:00,1.072270,1.072326,1.071968,1.072024,50
2023-09-08 21:00:00,1.072024,1.072178,1.071993,1.072147,50
2023-09-08 22:00:00,1.072147,1.072181,1.071429,1.071463,50
2023-09-08 23:00:00,1.071463,1.071626,1.070730,1.070893,50
2023-09-11 00:00:00,1.070893,1.071287,1.070889,1.071283,50
2023-09-11 01:00:00,1.071283,1.072173,1.071069,1.071958,50
2023-09-11 02:00:00,1.071958,1.071999,1.071819,1.071860,50
2023-09-11 03:00:00,1.071860,1.071862,1.071622,1.071625,50
2023-09-11 04:00:00,1.071625,1.072299,1.071352,1.072025,50
2023-09-11 05:00:00,1.072025,1.072153,1.070956,1.071083,50
2023-09-11 06:00:00,1.071083,1.071149,1.070137,1.070203,50
2023-09-11 07:00:00,1.070203,1.070952,1.070001,1.070750,50
2023-09-11 08:00:00,1.070750,1.070778,1.070554,1.070581,50
2023-09-11 09:00:00,1.070581,1.071748,1.070319,1.071486,50
2023-09-11 10:00:00,1.071486,1.071917,1.071464,1.071895,50
2023-09-11 11:00:00,1.071895,1.072323,1.071664,1.072092,50
2023-09-11 12:00:00,1.072092,1.072987,1.071936,1.072831,50
2023-09-11 13:00:00,1.072831,1.072860,1.072149,1.072179,50
2023-09-11 14:00:00,1.072179,1.073524,1.071939,1.073284,50
2023-09-11 15:00:00,1.073284,1.073579,1.073207,1.073502,50
2023-09-11 16:00:00,1.073502,1.073647,1.072917,1.073062,50
2023-09-11 17:00:00,1.073062,1.073863,1.072786,1.073587,50
2023-09-11 18:00:00,1.073587,1.073751,1.073436,1.073600,50
2023-09-11 19:00:00,1.073600,1.074928,1.073451,1.074778,50
2023-09-11 20:00:00,1.074778,1.074894,1.074271,1.074387,50
2023-09-11 21:00:00,1.074387,1.074489,1.074050,1.074152,50
2023-09-11 22:00:00,1.074152,1.075128,1.073867,1.074843,50
2023-09-11 23:00:00,1.074843,1.074881,1.074307,1.074345,50
2023-09-12 00:00:00,1.074345,1.074455,1.073096,1.073206,50
2023-09-12 01:00:00,1.073206,1.073689,1.073084,1.073567,50
2023-09-12 02:00:00,1.073567,1.073742,1.073328,1.073503,50
2023-09-12 03:00:00,1.073503,1.073612,1.073053,1.073162,50
2023-09-12 04:00:00,1.073162,1.074359,1.073061,1.074258,50
2023-09-12 05:00:00,1.074258,1.074342,1.073942,1.074026,50
2023-09-12 06:00:00,1.074026,1.074359,1.073869,1.074202,50
2023-09-12 07:00:00,1.074202,1.074846,1.074061,1.074706,50
2023-09-12 08:00:00,1.074706,1.074856,1.074294,1.074444,50
2023-09-12 09:00:00,1.074444,1.074586,1.074378,1.074520,50
2023-09-12 10:00:00,1.074520,1.074569,1.074136,1.074185,50
2023-09-12 11:00:00,1.074185,1.075169,1.074106,1.075089,50
2023-09-12 12:00:00,1.075089,1.075136,1.073997,1.074044,50
2023-09-12 13:00:00,1.074044,1.074300,1.073977,1.074234,50
2023-09-12 14:00:00,1.074234,1.074286,1.073898,1.073950,50
2023-09-12 15:00:00,1.073950,1.073963,1.073636,1.073649,50
2023-09-12 16:00:00,1.073649,1.073666,1.072135,1.072152,50
2023-09-12 17:00:00,1.072152,1.072875,1.072100,1.072823,50
2023-09-12 18:00:00,1.072823,1.072925,1.071807,1.071909,50
2023-09-12 19:00:00,1.071909,1.072132,1.071742,1.071966,50
2023-09-12 20:00:00,1.071966,1.072718,1.071802,1.072554,50
2023-09-12 21:00:00,1.072554,1.072724,1.071701,1.071871,50
2023-09-12 22:00:00,1.071871,1.072208,1.071800,1.072136,50
2023-09-12 23:00:00,1.072136,1.072617,1.072135,1.072616,50
2023-09-13 00:00:00,1.072616,1.072675,1.071661,1.071719,50
2023-09-13 01:00:00,1.071719,1.071921,1.071553,1.071755,50
2023-09-13 02:00:00,1.071755,1.072284,1.071711,1.072240,50
2023-09-13 03:00:00,1.072240,1.072512,1.072068,1.072340,50
2023-09-13 04:00:00,1.072340,1.072412,1.072024,1.072097,50
2023-09-13 05:00:00,1.072097,1.072706,1.071960,1.072569,50
2023-09-13 06:00:00,1.072569,1.073132,1.072477,1.073040,50
2023-09-13 07:00:00,1.073040,1.073559,1.072932,1.073451,50
2023-09-13 08:00:00,1.073451,1.073797,1.073337,1.073684,50
2023-09-13 09:00:00,1.073684,1.073770,1.073589,1.073675,50
2023-09-13 10:00:00,1.073675,1.074368,1.073484,1.074176,50
2023-09-13 11:00:00,1.074176,1.074239,1.074138,1.074200,50
2023-09-13 12:00:00,1.074200,1.074370,1.073891,1.074062,50
2023-09-13 13:00:00,1.074062,1.074357,1.073871,1.074166,50
2023-09-13 14:00:00,1.074166,1.074238,1.073649,1.073721,50
2023-09-13 15:00:00,1.073721,1.073929,1.073544,1.073751,50
2023-09-13 16:00:00,1.073751,1.073796,1.073724,1.073769,50
2023-09-13 17:00:00,1.073769,1.073873,1.073573,1.073677,50
2023-09-13 18:00:00,1.073677,1.073757,1.073547,1.073627,50
2023-09-13 19:00:00,1.073627,1.073829,1.073440,1.073642,50
2023-09-13 20:00:00,1.073642,1.073833,1.073479,1.073670,50
2023-09-13 21:00:00,1.073670,1.074251,1.073566,1.074147,50
2023-09-13 22:00:00,1.074147,1.074595,1.074026,1.074474,50
2023-09-13 23:00:00,1.074474,1.074523,1.073604,1.073653,50
2023-09-14 00:00:00,1.073653,1.074022,1.072832,1.073202,50
2023-09-14 01:00:00,1.073202,1.073386,1.071573,1.071757,50
2023-09-14 02:00:00,1.071757,1.075211,1.071732,1.075186,50
2023-09-14 03:00:00,1.075186,1.075811,1.073184,1.073808,50
2023-09-14 04:00:00,1.073808,1.074011,1.071071,1.071274,50
2023-09-14 05:00:00,1.071274,1.071737,1.070212,1.070674,50
2023-09-14 06:00:00,1.070674,1.071205,1.070348,1.070879,50
2023-09-14 07:00:00,1.070879,1.071073,1.068649,1.068843,50
2023-09-14 08:00:00,1.068843,1.072007,1.068698,1.071862,50
2023-09-14 09:00:00,1.071862,1.072154,1.069601,1.069894,50
2023-09-14 10:00:00,1.069894,1.072207,1.069307,1.071620,50
2023-09-14 11:00:00,1.071620,1.072028,1.069440,1.069848,50
2023-09-14 12:00:00,1.069848,1.070520,1.069583,1.070255,50
2023-09-14 13:00:00,1.070255,1.070538,1.064829,1.065113,50
2023-09-14 14:00:00,1.065113,1.068329,1.064584,1.067800,50
2023-09-14 15:00:00,1.067800,1.068365,1.067253,1.067818,50
2023-09-14 16:00:00,1.067818,1.067995,1.067817,1.067994,50
2023-09-14 17:00:00,1.067994,1.068175,1.067468,1.067649,50
2023-09-14 18:00:00,1.067649,1.068301,1.067213,1.067865,50
2023-09-14 19:00:00,1.067865,1.067959,1.066262,1.066356,50
2023-09-14 20:00:00,1.066356,1.067430,1.066082,1.067157,50
2023-09-14 21:00:00,1.067157,1.067682,1.066175,1.066700,50
2023-09-14 22:00:00,1.066700,1.067227,1.063923,1.064451,50
2023-09-14 23:00:00,1.064451,1.066516,1.063920,1.065984,50
2023-09-15 00:00:00,1.065984,1.067104,1.065981,1.067100,50
2023-09-15 01:00:00,1.067100,1.067255,1.065540,1.065695,50
2023-09-15 02:00:00,1.065695,1.066480,1.065516,1.066301,50
2023-09-15 03:00:00,1.066301,1.066434,1.064933,1.065066,50
2023-09-15 04:00:00,1.065066,1.066238,1.065054,1.066226,50
2023-09-15 05:00:00,1.066226,1.066313,1.066127,1.066213,50
2023-09-15 06:00:00,1.066213,1.066846,1.066023,1.066656,50
2023-09-15 07:00:00,1.066656,1.066666,1.066406,1.066416,50
2023-09-15 08:00:00,1.066416,1.066700,1.066285,1.066569,50
2023-09-15 09:00:00,1.066569,1.066671,1.065579,1.065681,50
2023-09-15 10:00:00,1.065681,1.065834,1.065253,1.065405,50
2023-09-15 11:00:00,1.065405,1.066251,1.065274,1.066120,50
2023-09-15 12:00:00,1.066120,1.066186,1.065273,1.065339,50
2023-09-15 13:00:00,1.065339,1.066890,1.065270,1.066821,50
2023-09-15 14:00:00,1.066821,1.066924,1.066773,1.066876,50
2023-09-15 15:00:00,1.066876,1.066899,1.066276,1.066299,50
2023-09-15 16:00:00,1.066299,1.066458,1.065943,1.066102,50
2023-09-15 17:00:00,1.066102,1.066199,1.065711,1.065808,50
2023-09-15 18:00:00,1.065808,1.066995,1.065636,1.066824,50
2023-09-15 19:00:00,1.066824,1.067893,1.066703,1.067772,50
2023-09-15 20:00:00,1.067772,1.068200,1.067770,1.068198,50
2023-09-15 21:00:00,1.068198,1.068320,1.067600,1.067722,50
2023-09-15 22:00:00,1.067722,1.067783,1.067560,1.067621,50
2023-09-15 23:00:00,1.067621,1.067694,1.067277,1.067350,50
2023-09-18 00:00:00,1.067350,1.069302,1.067316,1.069269,50
2023-09-18 01:00:00,1.069269,1.069358,1.068886,1.068975,50
2023-09-18 02:00:00,1.068975,1.069044,1.068201,1.068271,50
2023-09-18 03:00:00,1.068271,1.068455,1.067696,1.067881,50
2023-09-18 04:00:00,1.067881,1.067957,1.067850,1.067926,50
2023-09-18 05:00:00,1.067926,1.068033,1.067491,1.067598,50
2023-09-18 06:00:00,1.067598,1.067648,1.067151,1.067201,50
2023-09-18 07:00:00,1.067201,1.067391,1.067161,1.067352,50
2023-09-18 08:00:00,1.067352,1.067751,1.067161,1.067560,50
2023-09-18 09:00:00,1.067560,1.067712,1.067408,1.067560,50
2023-09-18 10:00:00,1.067560,1.067611,1.067558,1.067609,50
2023-09-18 11:00:00,1.067609,1.067613,1.067222,1.067226,50
2023-09-18 12:00:00,1.067226,1.067290,1.066897,1.066961,50
2023-09-18 13:00:00,1.066961,1.067001,1.066790,1.066830,50
2023-09-18 14:00:00,1.066830,1.067692,1.066664,1.067526,50
2023-09-18 15:00:00,1.067526,1.067532,1.067271,1.067278,50
2023-09-18 16:00:00,1.067278,1.067493,1.067206,1.067422,50
2023-09-18 17:00:00,1.067422,1.067736,1.067314,1.067628,50
2023-09-18 18:00:00,1.067628,1.068536,1.067606,1.068514,50
2023-09-18 19:00:00,1.068514,1.069409,1.068421,1.069316,50
2023-09-18 20:00:00,1.069316,1.069618,1.069223,1.069524,50
2023-09-18 21:00:00,1.069524,1.070101,1.069462,1.070039,50
2023-09-18 22:00:00,1.070039,1.070194,1.069736,1.069892,50
2023-09-18 23:00:00,1.069892,1.069973,1.069437,1.069519,50
2023-09-19 00:00:00,1.069519,1.070469,1.069329,1.070279,50
2023-09-19 01:00:00,1.070279,1.070375,1.069582,1.069679,50
2023-09-19 02:00:00,1.069679,1.069821,1.068708,1.068850,50
2023-09-19 03:00:00,1.068850,1.068929,1.068639,1.068718,50
2023-09-19 04:00:00,1.068718,1.068725,1.068396,1.068403,50
2023-09-19 05:00:00,1.068403,1.068576,1.068262,1.068435,50
2023-09-19 06:00:00,1.068435,1.068630,1.068424,1.068619,50
2023-09-19 07:00:00,1.068619,1.068631,1.068286,1.068298,50
2023-09-19 08:00:00,1.068298,1.068445,1.067893,1.068040,50
2023-09-19 09:00:00,1.068040,1.068081,1.067304,1.067345,50
2023-09-19 10:00:00,1.067345,1.068035,1.067277,1.067967,50
2023-09-19 11:00:00,1.067967,1.068355,1.067905,1.068293,50
2023-09-19 12:00:00,1.068293,1.069117,1.068194,1.069018,50
2023-09-19 13:00:00,1.069018,1.069117,1.068825,1.068925,50
2023-09-19 14:00:00,1.068925,1.069005,1.068899,1.068979,50
2023-09-19 15:00:00,1.068979,1.069363,1.068974,1.069358,50
2023-09-19 16:00:00,1.069358,1.069517,1.068873,1.069032,50
2023-09-19 17:00:00,1.069032,1.069093,1.069009,1.069070,50
2023-09-19 18:00:00,1.069070,1.069303,1.069003,1.069237,50
2023-09-19 19:00:00,1.069237,1.069392,1.068730,1.068885,50
2023-09-19 20:00:00,1.068885,1.068904,1.068603,1.068622,50
2023-09-19 21:00:00,1.068622,1.068638,1.068563,1.068579,50
2023-09-19 22:00:00,1.068579,1.068648,1.068183,1.068252,50
2023-09-19 23:00:00,1.068252,1.068451,1.068177,1.068376,50
2023-09-20 00:00:00,1.068376,1.070348,1.068182,1.070154,50
2023-09-20 01:00:00,1.070154,1.070217,1.068792,1.068856,50
2023-09-20 02:00:00,1.068856,1.068916,1.067697,1.067758,50
2023-09-20 03:00:00,1.067758,1.069342,1.067536,1.069121,50
2023-09-20 04:00:00,1.069121,1.070165,1.068961,1.070005,50
2023-09-20 05:00:00,1.070005,1.070252,1.069789,1.070036,50
2023-09-20 06:00:00,1.070036,1.070147,1.068351,1.068463,50
2023-09-20 07:00:00,1.068463,1.069774,1.068215,1.069527,50
2023-09-20 08:00:00,1.069527,1.069601,1.068755,1.068828,50
2023-09-20 09:00:00,1.068828,1.069224,1.068575,1.068970,50
2023-09-20 10:00:00,1.068970,1.070707,1.068819,1.070555,50
2023-09-20 11:00:00,1.070555,1.070724,1.070309,1.070477,50
2023-09-20 12:00:00,1.070477,1.070782,1.070244,1.070549,50
2023-09-20 13:00:00,1.070549,1.070711,1.069622,1.069784,50
2023-09-20 14:00:00,1.069784,1.070170,1.069704,1.070090,50
2023-09-20 15:00:00,1.070090,1.070952,1.069932,1.070794,50
2023-09-20 16:00:00,1.070794,1.071273,1.070793,1.071272,50
2023-09-20 17:00:00,1.071272,1.071364,1.070778,1.070869,50
2023-09-20 18:00:00,1.070869,1.071134,1.070636,1.070901,50
2023-09-20 19:00:00,1.070901,1.070927,1.070730,1.070757,50
2023-09-20 20:00:00,1.070757,1.071215,1.070571,1.071029,50
2023-09-20 21:00:00,1.071029,1.071177,1.070622,1.070770,50
2023-09-20 22:00:00,1.070770,1.071151,1.070733,1.071113,50
2023-09-20 23:00:00,1.071113,1.071480,1.071100,1.071467,50
2023-09-21 00:00:00,1.071467,1.072506,1.071434,1.072472,50
2023-09-21 01:00:00,1.072472,1.072511,1.071523,1.071562,50
2023-09-21 02:00:00,1.071562,1.071920,1.070848,1.071206,50
2023-09-21 03:00:00,1.071206,1.071380,1.070947,1.071121,50
2023-09-21 04:00:00,1.071121,1.071279,1.069076,1.069234,50
2023-09-21 05:00:00,1.069234,1.069376,1.068829,1.068971,50
2023-09-21 06:00:00,1.068971,1.069115,1.068517,1.068661,50
2023-09-21 07:00:00,1.068661,1.068766,1.068445,1.068550,50
2023-09-21 08:00:00,1.068550,1.068562,1.068261,1.068273,50
2023-09-21 09:00:00,1.068273,1.068767,1.068254,1.068749,50
2023-09-21 10:00:00,1.068749,1.069080,1.067704,1.068035,50
2023-09-21 11:00:00,1.068035,1.068407,1.066251,1.066623,50
2023-09-21 12:00:00,1.066623,1.067327,1.066318,1.067023,50
2023-09-21 13:00:00,1.067023,1.067281,1.065175,1.065434,50
2023-09-21 14:00:00,1.065434,1.065996,1.065070,1.065632,50
2023-09-21 15:00:00,1.065632,1.067441,1.065362,1.067171,50
2023-09-21 16:00:00,1.067171,1.067592,1.066807,1.067228,50
2023-09-21 17:00:00,1.067228,1.067920,1.066916,1.067608,50
2023-09-21 18:00:00,1.067608,1.067774,1.066893,1.067059,50
2023-09-21 19:00:00,1.067059,1.068041,1.066950,1.067932,50
2023-09-21 20:00:00,1.067932,1.068171,1.067616,1.067855,50
2023-09-21 21:00:00,1.067855,1.069139,1.067592,1.068875,50
2023-09-21 22:00:00,1.068875,1.069170,1.068359,1.068654,50
2023-09-21 23:00:00,1.068654,1.068814,1.066279,1.066439,50
2023-09-22 00:00:00,1.066439,1.067765,1.066270,1.067596,50
2023-09-22 01:00:00,1.067596,1.067668,1.067115,1.067187,50
2023-09-22 02:00:00,1.067187,1.067251,1.067105,1.067169,50
2023-09-22 03:00:00,1.067169,1.067216,1.066962,1.067008,50
2023-09-22 04:00:00,1.067008,1.067161,1.066686,1.066838,50
2023-09-22 05:00:00,1.066838,1.066870,1.066168,1.066199,50
2023-09-22 06:00:00,1.066199,1.066329,1.065995,1.066124,50
2023-09-22 07:00:00,1.066124,1.066528,1.065941,1.066344,50
2023-09-22 08:00:00,1.066344,1.066523,1.065937,1.066116,50
2023-09-22 09:00:00,1.066116,1.066179,1.065390,1.065453,50
2023-09-22 10:00:00,1.065453,1.065544,1.065281,1.065372,50
2023-09-22 11:00:00,1.065372,1.065525,1.064583,1.064736,50
2023-09-22 12:00:00,1.064736,1.064871,1.064478,1.064613,50
2023-09-22 13:00:00,1.064613,1.064953,1.064444,1.064784,50
2023-09-22 14:00:00,1.064784,1.064976,1.064646,1.064837,50
2023-09-22 15:00:00,1.064837,1.065074,1.064813,1.065050,50
2023-09-22 16:00:00,1.065050,1.065418,1.065039,1.065407,50
2023-09-22 17:00:00,1.065407,1.065521,1.065115,1.065229,50
2023-09-22 18:00:00,1.065229,1.065527,1.065102,1.065399,50
2023-09-22 19:00:00,1.065399,1.065591,1.065263,1.065455,50
2023-09-22 20:00:00,1.065455,1.065555,1.065404,1.065504,50
2023-09-22 21:00:00,1.065504,1.065693,1.065163,1.065352,50
2023-09-22 22:00:00,1.065352,1.065504,1.065055,1.065208,50
2023-09-22 23:00:00,1.065208,1.066144,1.065048,1.065984,50
2023-09-25 00:00:00,1.065984,1.066069,1.062728,1.062812,50
2023-09-25 01:00:00,1.062812,1.062943,1.060050,1.060181,50
2023-09-25 02:00:00,1.060181,1.063711,1.059695,1.063225,50
2023-09-25 03:00:00,1.063225,1.063481,1.062392,1.062648,50
2023-09-25 04:00:00,1.062648,1.063798,1.062509,1.063659,50
2023-09-25 05:00:00,1.063659,1.064517,1.063209,1.064067,50
2023-09-25 06:00:00,1.064067,1.064199,1.063533,1.063665,50
2023-09-25 07:00:00,1.063665,1.064130,1.059174,1.059639,50
2023-09-25 08:00:00,1.059639,1.059951,1.057408,1.057720,50
2023-09-25 09:00:00,1.057720,1.058946,1.057495,1.058721,50
2023-09-25 10:00:00,1.058721,1.061584,1.058231,1.061093,50
2023-09-25 11:00:00,1.061093,1.061313,1.061033,1.061252,50
2023-09-25 12:00:00,1.061252,1.063868,1.061020,1.063636,50
2023-09-25 13:00:00,1.063636,1.063710,1.063550,1.063625,50
2023-09-25 14:00:00,1.063625,1.063887,1.062036,1.062297,50
2023-09-25 15:00:00,1.062297,1.064156,1.061994,1.063853,50
2023-09-25 16:00:00,1.063853,1.065758,1.063403,1.065309,50
2023-09-25 17:00:00,1.065309,1.066773,1.065234,1.066698,50
2023-09-25 18:00:00,1.066698,1.067905,1.066155,1.067362,50
2023-09-25 19:00:00,1.067362,1.067595,1.066780,1.067013,50
2023-09-25 20:00:00,1.067013,1.067095,1.065704,1.065786,50
2023-09-25 21:00:00,1.065786,1.066171,1.062201,1.062586,50
2023-09-25 22:00:00,1.062586,1.063080,1.061811,1.062305,50
2023-09-25 23:00:00,1.062305,1.062659,1.058744,1.059098,50
2023-09-26 00:00:00,1.059098,1.059709,1.058936,1.059547,50
2023-09-26 01:00:00,1.059547,1.059850,1.059363,1.059665,50
2023-09-26 02:00:00,1.059665,1.059846,1.059505,1.059685,50
2023-09-26 03:00:00,1.059685,1.059921,1.059552,1.059788,50
2023-09-26 04:00:00,1.059788,1.059805,1.059426,1.059443,50
2023-09-26 05:00:00,1.059443,1.059511,1.058928,1.058995,50
2023-09-26 06:00:00,1.058995,1.059018,1.058796,1.058819,50
2023-09-26 07:00:00,1.058819,1.058889,1.058447,1.058517,50
2023-09-26 08:00:00,1.058517,1.058707,1.058402,1.058593,50
2023-09-26 09:00:00,1.058593,1.058675,1.058544,1.058627,50
2023-09-26 10:00:00,1.058627,1.058775,1.058365,1.058513,50
2023-09-26 11:00:00,1.058513,1.058633,1.058188,1.058308,50
2023-09-26 12:00:00,1.058308,1.058491,1.057835,1.058018,50
2023-09-26 13:00:00,1.058018,1.058070,1.057931,1.057983,50
2023-09-26 14:00:00,1.057983,1.058172,1.057598,1.057787,50
2023-09-26 15:00:00,1.057787,1.057916,1.057756,1.057884,50
2023-09-26 16:00:00,1.057884,1.058028,1.057383,1.057527,50
2023-09-26 17:00:00,1.057527,1.057552,1.057038,1.057064,50
2023-09-26 18:00:00,1.057064,1.057338,1.056973,1.057247,50
2023-09-26 19:00:00,1.057247,1.057388,1.057004,1.057145,50
2023-09-26 20:00:00,1.057145,1.057155,1.056606,1.056616,50
2023-09-26 21:00:00,1.056616,1.056998,1.056454,1.056836,50
2023-09-26 22:00:00,1.056836,1.057130,1.056781,1.057075,50
2023-09-26 23:00:00,1.057075,1.057328,1.057053,1.057306,50
2023-09-27 00:00:00,1.057306,1.057948,1.057048,1.057690,50
2023-09-27 01:00:00,1.057690,1.058216,1.056350,1.056876,50
2023-09-27 02:00:00,1.056876,1.056924,1.056651,1.056700,50
2023-09-27 03:00:00,1.056700,1.057206,1.055952,1.056458,50
2023-09-27 04:00:00,1.056458,1.056758,1.055592,1.055891,50
2023-09-27 05:00:00,1.055891,1.056123,1.055429,1.055660,50
2023-09-27 06:00:00,1.055660,1.055774,1.054487,1.054602,50
2023-09-27 07:00:00,1.054602,1.054728,1.054387,1.054513,50
2023-09-27 08:00:00,1.054513,1.054749,1.054342,1.054578,50
2023-09-27 09:00:00,1.054578,1.054617,1.053322,1.053361,50
2023-09-27 10:00:00,1.053361,1.053676,1.052541,1.052857,50
2023-09-27 11:00:00,1.052857,1.053173,1.051897,1.052212,50
2023-09-27 12:00:00,1.052212,1.052322,1.050828,1.050937,50
2023-09-27 13:00:00,1.050937,1.051356,1.050322,1.050741,50
2023-09-27 14:00:00,1.050741,1.051173,1.049957,1.050389,50
2023-09-27 15:00:00,1.050389,1.050899,1.049566,1.050076,50
2023-09-27 16:00:00,1.050076,1.050479,1.049302,1.049705,50
2023-09-27 17:00:00,1.049705,1.050560,1.049471,1.050325,50
2023-09-27 18:00:00,1.050325,1.051877,1.050178,1.051729,50
2023-09-27 19:00:00,1.051729,1.053172,1.051422,1.052865,50
2023-09-27 20:00:00,1.052865,1.053366,1.051314,1.051815,50
2023-09-27 21:00:00,1.051815,1.052169,1.051681,1.052035,50
2023-09-27 22:00:00,1.052035,1.052482,1.051526,1.051973,50
2023-09-27 23:00:00,1.051973,1.052422,1.050523,1.050972,50
2023-09-28 00:00:00,1.050972,1.051457,1.049577,1.050061,50
2023-09-28 01:00:00,1.050061,1.050618,1.049709,1.050265,50
2023-09-28 02:00:00,1.050265,1.050470,1.049411,1.049616,50
2023-09-28 03:00:00,1.049616,1.050360,1.049063,1.049808,50
2023-09-28 04:00:00,1.049808,1.050940,1.049375,1.050507,50
2023-09-28 05:00:00,1.050507,1.051614,1.050046,1.051153,50
2023-09-28 06:00:00,1.051153,1.051591,1.051140,1.051578,50
2023-09-28 07:00:00,1.051578,1.052397,1.051295,1.052114,50
2023-09-28 08:00:00,1.052114,1.052705,1.051932,1.052523,50
2023-09-28 09:00:00,1.052523,1.052828,1.051795,1.052100,50
2023-09-28 10:00:00,1.052100,1.052294,1.051814,1.052008,50
2023-09-28 11:00:00,1.052008,1.052897,1.051990,1.052879,50
2023-09-28 12:00:00,1.052879,1.052916,1.052607,1.052644,50
2023-09-28 13:00:00,1.052644,1.053699,1.052536,1.053591,50
2023-09-28 14:00:00,1.053591,1.054283,1.053232,1.053924,50
2023-09-28 15:00:00,1.053924,1.054718,1.053455,1.054249,50
2023-09-28 16:00:00,1.054249,1.054845,1.054234,1.054830,50
2023-09-28 17:00:00,1.054830,1.055156,1.054591,1.054917,50
2023-09-28 18:00:00,1.054917,1.056987,1.054906,1.056976,50
2023-09-28 19:00:00,1.056976,1.058308,1.056411,1.057744,50
2023-09-28 20:00:00,1.057744,1.057832,1.057238,1.057326,50
2023-09-28 21:00:00,1.057326,1.058205,1.057115,1.057994,50
2023-09-28 22:00:00,1.057994,1.059290,1.057725,1.059021,50
2023-09-28 23:00:00,1.059021,1.059265,1.057510,1.057753,50
2023-09-29 00:00:00,1.057753,1.058156,1.057629,1.058031,50
2023-09-29 01:00:00,1.058031,1.058189,1.057267,1.057425,50
2023-09-29 02:00:00,1.057425,1.057567,1.056912,1.057054,50
2023-09-29 03:00:00,1.057054,1.057566,1.057025,1.057538,50
2023-09-29 04:00:00,1.057538,1.057571,1.057434,1.057468,50
2023-09-29 05:00:00,1.057468,1.057598,1.057058,1.057189,50
2023-09-29 06:00:00,1.057189,1.057254,1.056833,1.056898,50
2023-09-29 07:00:00,1.056898,1.057015,1.056385,1.056502,50
2023-09-29 08:00:00,1.056502,1.056666,1.056492,1.056657,50
2023-09-29 09:00:00,1.056657,1.056927,1.056648,1.056918,50
2023-09-29 10:00:00,1.056918,1.056919,1.056877,1.056878,50
2023-09-29 11:00:00,1.056878,1.057297,1.056821,1.057241,50
2023-09-29 12:00:00,1.057241,1.057853,1.057134,1.057747,50
2023-09-29 13:00:00,1.057747,1.058523,1.057569,1.058346,50
2023-09-29 14:00:00,1.058346,1.058889,1.058280,1.058823,50
2023-09-29 15:00:00,1.058823,1.059824,1.058676,1.059677,50
2023-09-29 16:00:00,1.059677,1.059826,1.059181,1.059330,50
2023-09-29 17:00:00,1.059330,1.059364,1.058980,1.059014,50
2023-09-29 18:00:00,1.059014,1.059058,1.058459,1.058503,50
2023-09-29 19:00:00,1.058503,1.058595,1.058410,1.058502,50
2023-09-29 20:00:00,1.058502,1.058502,1.058275,1.058275,50
2023-09-29 21:00:00,1.058275,1.058311,1.058187,1.058223,50
2023-09-29 22:00:00,1.058223,1.059243,1.058156,1.059175,50
2023-09-29 23:00:00,1.059175,1.059228,1.058372,1.058425,50
2023-10-02 00:00:00,1.058425,1.060550,1.057989,1.060114,50
2023-10-02 01:00:00,1.060114,1.060208,1.056520,1.056614,50
2023-10-02 02:00:00,1.056614,1.056720,1.051793,1.051900,50
2023-10-02 03:00:00,1.051900,1.053729,1.051218,1.053047,50
2023-10-02 04:00:00,1.053047,1.059729,1.052346,1.059027,50
2023-10-02 05:00:00,1.059027,1.059922,1.058646,1.059541,50
2023-10-02 06:00:00,1.059541,1.059958,1.056450,1.056868,50
2023-10-02 07:00:00,1.056868,1.057040,1.056686,1.056858,50
2023-10-02 08:00:00,1.056858,1.057455,1.055078,1.055675,50
2023-10-02 09:00:00,1.055675,1.056052,1.050721,1.051097,50
2023-10-02 10:00:00,1.051097,1.056085,1.050997,1.055986,50
2023-10-02 11:00:00,1.055986,1.056489,1.050867,1.051371,50
2023-10-02 12:00:00,1.051371,1.051492,1.049611,1.049731,50
2023-10-02 13:00:00,1.049731,1.052371,1.049660,1.052299,50
2023-10-02 14:00:00,1.052299,1.054643,1.052173,1.054517,50
2023-10-02 15:00:00,1.054517,1.054753,1.053241,1.053477,50
2023-10-02 16:00:00,1.053477,1.053705,1.049800,1.050027,50
2023-10-02 17:00:00,1.050027,1.050212,1.049738,1.049922,50
2023-10-02 18:00:00,1.049922,1.053599,1.049324,1.053001,50
2023-10-02 19:00:00,1.053001,1.053432,1.052066,1.052497,50
2023-10-02 20:00:00,1.052497,1.052922,1.050271,1.050696,50
2023-10-02 21:00:00,1.050696,1.050806,1.049814,1.049924,50
2023-10-02 22:00:00,1.049924,1.050432,1.049212,1.049720,50
2023-10-02 23:00:00,1.049720,1.050263,1.049436,1.049979,50
2023-10-03 00:00:00,1.049979,1.050355,1.049822,1.050198,50
2023-10-03 01:00:00,1.050198,1.050584,1.049913,1.050299,50
2023-10-03 02:00:00,1.050299,1.050955,1.050226,1.050882,50
2023-10-03 03:00:00,1.050882,1.051179,1.050286,1.050582,50
2023-10-03 04:00:00,1.050582,1.050782,1.050544,1.050744,50
2023-10-03 05:00:00,1.050744,1.050805,1.050245,1.050306,50
2023-10-03 06:00:00,1.050306,1.050417,1.049622,1.049733,50
2023-10-03 07:00:00,1.049733,1.049901,1.049553,1.049720,50
2023-10-03 08:00:00,1.049720,1.050255,1.049537,1.050072,50
2023-10-03 09:00:00,1.050072,1.050269,1.049047,1.049245,50
2023-10-03 10:00:00,1.049245,1.049568,1.048695,1.049019,50
2023-10-03 11:00:00,1.049019,1.049020,1.048105,1.048106,50
2023-10-03 12:00:00,1.048106,1.048334,1.047998,1.048226,50
2023-10-03 13:00:00,1.048226,1.048400,1.048203,1.048377,50
2023-10-03 14:00:00,1.048377,1.048404,1.048085,1.048112,50
2023-10-03 15:00:00,1.048112,1.048418,1.047392,1.047698,50
2023-10-03 16:00:00,1.047698,1.047903,1.047183,1.047389,50
2023-10-03 17:00:00,1.047389,1.047812,1.047196,1.047619,50
2023-10-03 18:00:00,1.047619,1.047692,1.047600,1.047673,50
2023-10-03 19:00:00,1.047673,1.048902,1.047387,1.048616,50
2023-10-03 20:00:00,1.048616,1.048982,1.046500,1.046866,50
2023-10-03 21:00:00,1.046866,1.047223,1.045158,1.045514,50
2023-10-03 22:00:00,1.045514,1.045830,1.044711,1.045027,50
2023-10-03 23:00:00,1.045027,1.045643,1.044644,1.045260,50
2023-10-04 00:00:00,1.045260,1.050311,1.044900,1.049951,50
2023-10-04 01:00:00,1.049951,1.050228,1.048201,1.048477,50
2023-10-04 02:00:00,1.048477,1.048478,1.047426,1.047426,50
2023-10-04 03:00:00,1.047426,1.047701,1.044927,1.045201,50
2023-10-04 04:00:00,1.045201,1.045673,1.043925,1.044396,50
2023-10-04 05:00:00,1.044396,1.044530,1.043829,1.043963,50
2023-10-04 06:00:00,1.043963,1.047456,1.043715,1.047209,50
2023-10-04 07:00:00,1.047209,1.050124,1.046705,1.049620,50
2023-10-04 08:00:00,1.049620,1.051056,1.049168,1.050603,50
2023-10-04 09:00:00,1.050603,1.050684,1.048753,1.048834,50
2023-10-04 10:00:00,1.048834,1.050629,1.048462,1.050257,50
2023-10-04 11:00:00,1.050257,1.050673,1.046659,1.047076,50
2023-10-04 12:00:00,1.047076,1.048479,1.046895,1.048298,50
2023-10-04 13:00:00,1.048298,1.050124,1.047817,1.049642,50
2023-10-04 14:00:00,1.049642,1.050131,1.048022,1.048510,50
2023-10-04 15:00:00,1.048510,1.049254,1.048303,1.049047,50
2023-10-04 16:00:00,1.049047,1.051559,1.048897,1.051408,50
2023-10-04 17:00:00,1.051408,1.051576,1.051390,1.051558,50
2023-10-04 18:00:00,1.051558,1.053142,1.051459,1.053043,50
2023-10-04 19:00:00,1.053043,1.053190,1.051965,1.052112,50
2023-10-04 20:00:00,1.052112,1.052254,1.047406,1.047547,50
2023-10-04 21:00:00,1.047547,1.048746,1.047509,1.048707,50
2023-10-04 22:00:00,1.048707,1.048756,1.043940,1.043989,50
2023-10-04 23:00:00,1.043989,1.051848,1.043887,1.051746,50
2023-10-05 00:00:00,1.051746,1.052054,1.051652,1.051961,50
2023-10-05 01:00:00,1.051961,1.052086,1.051557,1.051682,50
2023-10-05 02:00:00,1.051682,1.052406,1.051563,1.052286,50
2023-10-05 03:00:00,1.052286,1.052441,1.051942,1.052096,50
2023-10-05 04:00:00,1.052096,1.052122,1.051580,1.051606,50
2023-10-05 05:00:00,1.051606,1.051793,1.051485,1.051671,50
2023-10-05 06:00:00,1.051671,1.051681,1.051101,1.051111,50
2023-10-05 07:00:00,1.051111,1.051193,1.051043,1.051125,50
2023-10-05 08:00:00,1.051125,1.051189,1.050601,1.050665,50
2023-10-05 09:00:00,1.050665,1.051572,1.050654,1.051561,50
2023-10-05 10:00:00,1.051561,1.051632,1.051314,1.051385,50
2023-10-05 11:00:00,1.051385,1.051921,1.051204,1.051741,50
2023-10-05 12:00:00,1.051741,1.052107,1.051554,1.051921,50
2023-10-05 13:00:00,1.051921,1.052341,1.051737,1.052158,50
2023-10-05 14:00:00,1.052158,1.052588,1.052090,1.052520,50
2023-10-05 15:00:00,1.052520,1.052667,1.052114,1.052262,50
2023-10-05 16:00:00,1.052262,1.052480,1.052217,1.052435,50
2023-10-05 17:00:00,1.052435,1.052997,1.052329,1.052891,50
2023-10-05 18:00:00,1.052891,1.053488,1.052888,1.053485,50
2023-10-05 19:00:00,1.053485,1.053915,1.053394,1.053823,50
2023-10-05 20:00:00,1.053823,1.053842,1.053582,1.053602,50
2023-10-05 21:00:00,1.053602,1.053702,1.053172,1.053272,50
2023-10-05 22:00:00,1.053272,1.053402,1.052643,1.052772,50
2023-10-05 23:00:00,1.052772,1.052795,1.052719,1.052742,50
2023-10-06 00:00:00,1.052742,1.059158,1.052268,1.058683,50
2023-10-06 01:00:00,1.058683,1.058777,1.057488,1.057581,50
2023-10-06 02:00:00,1.057581,1.057870,1.057155,1.057443,50
2023-10-06 03:00:00,1.057443,1.057936,1.056216,1.056708,50
2023-10-06 04:00:00,1.056708,1.057175,1.053835,1.054302,50
2023-10-06 05:00:00,1.054302,1.055513,1.054021,1.055231,50
2023-10-06 06:00:00,1.055231,1.055557,1.053654,1.053979,50
2023-10-06 07:00:00,1.053979,1.056219,1.053905,1.056145,50
2023-10-06 08:00:00,1.056145,1.056669,1.054141,1.054665,50
2023-10-06 09:00:00,1.054665,1.054735,1.051311,1.051382,50
2023-10-06 10:00:00,1.051382,1.053801,1.051297,1.053717,50
2023-10-06 11:00:00,1.053717,1.055631,1.053509,1.055423,50
2023-10-06 12:00:00,1.055423,1.055546,1.054541,1.054663,50
2023-10-06 13:00:00,1.054663,1.055819,1.054645,1.055801,50
2023-10-06 14:00:00,1.055801,1.059108,1.055560,1.058868,50
2023-10-06 15:00:00,1.058868,1.058908,1.058730,1.058770,50
2023-10-06 16:00:00,1.058770,1.058885,1.057783,1.057898,50
2023-10-06 17:00:00,1.057898,1.058456,1.057627,1.058186,50
2023-10-06 18:00:00,1.058186,1.058932,1.057937,1.058683,50
2023-10-06 19:00:00,1.058683,1.058991,1.058278,1.058586,50
2023-10-06 20:00:00,1.058586,1.058882,1.058538,1.058834,50
2023-10-06 21:00:00,1.058834,1.059975,1.058626,1.059767,50
2023-10-06 22:00:00,1.059767,1.061261,1.059414,1.060907,50
2023-10-06 23:00:00,1.060907,1.061203,1.059251,1.059547,50
2023-10-10 00:00:00,1.059547,1.059673,1.059043,1.059170,50
2023-10-10 01:00:00,1.059170,1.059392,1.058988,1.059210,50
2023-10-10 02:00:00,1.059210,1.060376,1.059065,1.060231,50
2023-10-10 03:00:00,1.060231,1.060421,1.058888,1.059079,50
2023-10-10 04:00:00,1.059079,1.060261,1.058957,1.060139,50
2023-10-10 05:00:00,1.060139,1.060148,1.060089,1.060098,50
2023-10-10 06:00:00,1.060098,1.060335,1.059926,1.060163,50
2023-10-10 07:00:00,1.060163,1.060365,1.060036,1.060239,50
2023-10-10 08:00:00,1.060239,1.060842,1.060157,1.060760,50
2023-10-10 09:00:00,1.060760,1.062411,1.060614,1.062264,50
2023-10-10 10:00:00,1.062264,1.062267,1.061668,1.061670,50
2023-10-10 11:00:00,1.061670,1.061779,1.060700,1.060808,50
2023-10-10 12:00:00,1.060808,1.062141,1.060807,1.062140,50
2023-10-10 13:00:00,1.062140,1.062160,1.060599,1.060620,50
2023-10-10 14:00:00,1.060620,1.060659,1.059723,1.059762,50
2023-10-10 15:00:00,1.059762,1.060338,1.059645,1.060221,50
2023-10-10 16:00:00,1.060221,1.060378,1.059660,1.059817,50
2023-10-10 17:00:00,1.059817,1.061534,1.059673,1.061390,50
2023-10-10 18:00:00,1.061390,1.061560,1.059969,1.060140,50
2023-10-10 19:00:00,1.060140,1.060240,1.059729,1.059828,50
2023-10-10 20:00:00,1.059828,1.059869,1.059704,1.059745,50
2023-10-10 21:00:00,1.059745,1.060609,1.059696,1.060560,50
2023-10-10 22:00:00,1.060560,1.061132,1.060439,1.061010,50
2023-10-10 23:00:00,1.061010,1.061920,1.060887,1.061797,50
2023-10-11 00:00:00,1.061797,1.061884,1.061056,1.061144,50
2023-10-11 01:00:00,1.061144,1.061853,1.061056,1.061765,50
2023-10-11 02:00:00,1.061765,1.061875,1.061440,1.061550,50
2023-10-11 03:00:00,1.061550,1.062315,1.061471,1.062236,50
2023-10-11 04:00:00,1.062236,1.062474,1.062215,1.062452,50
2023-10-11 05:00:00,1.062452,1.063197,1.062359,1.063105,50
2023-10-11 06:00:00,1.063105,1.063513,1.063094,1.063502,50
2023-10-11 07:00:00,1.063502,1.063678,1.062542,1.062718,50
2023-10-11 08:00:00,1.062718,1.062917,1.062711,1.062911,50
2023-10-11 09:00:00,1.062911,1.063456,1.062857,1.063402,50
2023-10-11 10:00:00,1.063402,1.063428,1.062842,1.062868,50
2023-10-11 11:00:00,1.062868,1.062988,1.062426,1.062546,50
2023-10-11 12:00:00,1.062546,1.062669,1.061909,1.062032,50
2023-10-11 13:00:00,1.062032,1.062086,1.061568,1.061621,50
2023-10-11 14:00:00,1.061621,1.061636,1.061048,1.061062,50
2023-10-11 15:00:00,1.061062,1.061302,1.061019,1.061258,50
2023-10-11 16:00:00,1.061258,1.061413,1.060430,1.060584,50
2023-10-11 17:00:00,1.060584,1.060773,1.060504,1.060692,50
2023-10-11 18:00:00,1.060692,1.060727,1.060647,1.060681,50
2023-10-11 19:00:00,1.060681,1.060843,1.060154,1.060316,50
2023-10-11 20:00:00,1.060316,1.060922,1.060301,1.060907,50
2023-10-11 21:00:00,1.060907,1.061393,1.060734,1.061220,50
2023-10-11 22:00:00,1.061220,1.061816,1.061219,1.061815,50
2023-10-11 23:00:00,1.061815,1.062182,1.061654,1.062022,50
2023-10-12 00:00:00,1.062022,1.062059,1.059090,1.059127,50
2023-10-12 01:00:00,1.059127,1.062160,1.058812,1.061845,50
2023-10-12 02:00:00,1.061845,1.062207,1.061150,1.061512,50
2023-10-12 03:00:00,1.061512,1.063812,1.061067,1.063367,50
2023-10-12 04:00:00,1.063367,1.063715,1.061622,1.061970,50
2023-10-12 05:00:00,1.061970,1.062002,1.060541,1.060572,50
2023-10-12 06:00:00,1.060572,1.060653,1.057683,1.057763,50
2023-10-12 07:00:00,1.057763,1.058133,1.057492,1.057861,50
2023-10-12 08:00:00,1.057861,1.059208,1.057836,1.059183,50
2023-10-12 09:00:00,1.059183,1.061439,1.058946,1.061202,50
2023-10-12 10:00:00,1.061202,1.061338,1.058605,1.058740,50
2023-10-12 11:00:00,1.058740,1.059082,1.058353,1.058695,50
2023-10-12 12:00:00,1.058695,1.058719,1.058254,1.058278,50
2023-10-12 13:00:00,1.058278,1.059061,1.058039,1.058822,50
2023-10-12 14:00:00,1.058822,1.059172,1.057677,1.058027,50
2023-10-12 15:00:00,1.058027,1.058330,1.056466,1.056769,50
2023-10-12 16:00:00,1.056769,1.057264,1.056665,1.057160,50
2023-10-12 17:00:00,1.057160,1.057555,1.056085,1.056480,50
2023-10-12 18:00:00,1.056480,1.056651,1.053781,1.053953,50
2023-10-12 19:00:00,1.053953,1.057843,1.053801,1.057691,50
2023-10-12 20:00:00,1.057691,1.058161,1.056643,1.057113,50
2023-10-12 21:00:00,1.057113,1.058147,1.056807,1.057840,50
2023-10-12 22:00:00,1.057840,1.057972,1.055003,1.055135,50
2023-10-12 23:00:00,1.055135,1.055370,1.055063,1.055298,50
2023-10-13 00:00:00,1.055298,1.056513,1.055102,1.056317,50
2023-10-13 01:00:00,1.056317,1.056605,1.054082,1.054370,50
2023-10-13 02:00:00,1.054370,1.054983,1.054205,1.054818,50
2023-10-13 03:00:00,1.054818,1.055251,1.054570,1.055003,50
2023-10-13 04:00:00,1.055003,1.055148,1.053929,1.054075,50
2023-10-13 05:00:00,1.054075,1.054167,1.053750,1.053842,50
2023-10-13 06:00:00,1.053842,1.054242,1.052816,1.053216,50
2023-10-13 07:00:00,1.053216,1.053412,1.051943,1.052140,50
2023-10-13 08:00:00,1.052140,1.055174,1.051746,1.054780,50
2023-10-13 09:00:00,1.054780,1.055101,1.052759,1.053079,50
2023-10-13 10:00:00,1.053079,1.054804,1.052926,1.054651,50
2023-10-13 11:00:00,1.054651,1.054982,1.053927,1.054258,50
2023-10-13 12:00:00,1.054258,1.055368,1.054152,1.055262,50
2023-10-13 13:00:00,1.055262,1.055616,1.052377,1.052730,50
2023-10-13 14:00:00,1.052730,1.053095,1.052083,1.052447,50
2023-10-13 15:00:00,1.052447,1.053490,1.052107,1.053149,50
2023-10-13 16:00:00,1.053149,1.053368,1.052364,1.052583,50
2023-10-13 17:00:00,1.052583,1.054182,1.052216,1.053814,50
2023-10-13 18:00:00,1.053814,1.054201,1.052890,1.053278,50
2023-10-13 19:00:00,1.053278,1.053379,1.051830,1.051932,50
2023-10-13 20:00:00,1.051932,1.052135,1.051347,1.051550,50
2023-10-13 21:00:00,1.051550,1.051795,1.049665,1.049910,50
2023-10-13 22:00:00,1.049910,1.050125,1.048964,1.049180,50
2023-10-13 23:00:00,1.049180,1.050538,1.048841,1.050200,50
2023-10-16 00:00:00,1.050200,1.050693,1.050136,1.050630,50
2023-10-16 01:00:00,1.050630,1.050985,1.049798,1.050154,50
2023-10-16 02:00:00,1.050154,1.051619,1.050080,1.051545,50
2023-10-16 03:00:00,1.051545,1.052585,1.051247,1.052287,50
2023-10-16 04:00:00,1.052287,1.053751,1.052222,1.053686,50
2023-10-16 05:00:00,1.053686,1.053728,1.052760,1.052801,50
2023-10-16 06:00:00,1.052801,1.053052,1.052794,1.053045,50
2023-10-16 07:00:00,1.053045,1.053286,1.049670,1.049911,50
2023-10-16 08:00:00,1.049911,1.053459,1.049614,1.053162,50
2023-10-16 09:00:00,1.053162,1.053360,1.050683,1.050881,50
2023-10-16 10:00:00,1.050881,1.053438,1.050652,1.053209,50
2023-10-16 11:00:00,1.053209,1.053615,1.052983,1.053389,50
2023-10-16 12:00:00,1.053389,1.053469,1.051386,1.051466,50
2023-10-16 13:00:00,1.051466,1.051832,1.051105,1.051470,50
2023-10-16 14:00:00,1.051470,1.051583,1.050133,1.050246,50
2023-10-16 15:00:00,1.050246,1.051461,1.049973,1.051188,50
2023-10-16 16:00:00,1.051188,1.051350,1.050948,1.051110,50
2023-10-16 17:00:00,1.051110,1.051467,1.050638,1.050996,50
2023-10-16 18:00:00,1.050996,1.053576,1.050970,1.053550,50
2023-10-16 19:00:00,1.053550,1.053714,1.053233,1.053397,50
2023-10-16 20:00:00,1.053397,1.053700,1.052441,1.052743,50
2023-10-16 21:00:00,1.052743,1.053620,1.052577,1.053454,50
2023-10-16 22:00:00,1.053454,1.054712,1.053413,1.054671,50
2023-10-16 23:00:00,1.054671,1.054836,1.054464,1.054630,50
2023-10-17 00:00:00,1.054630,1.054662,1.053659,1.053691,50
2023-10-17 01:00:00,1.053691,1.054095,1.053434,1.053838,50
2023-10-17 02:00:00,1.053838,1.054328,1.053743,1.054234,50
2023-10-17 03:00:00,1.054234,1.055298,1.054113,1.055177,50
2023-10-17 04:00:00,1.055177,1.055207,1.054871,1.054901,50
2023-10-17 05:00:00,1.054901,1.055678,1.054818,1.055594,50
2023-10-17 06:00:00,1.055594,1.056234,1.055572,1.056212,50
2023-10-17 07:00:00,1.056212,1.056267,1.055980,1.056035,50
2023-10-17 08:00:00,1.056035,1.056426,1.055117,1.055507,50
2023-10-17 09:00:00,1.055507,1.057026,1.055213,1.056732,50
2023-10-17 10:00:00,1.056732,1.056905,1.055483,1.055657,50
2023-10-17 11:00:00,1.055657,1.056016,1.055560,1.055919,50
2023-10-17 12:00:00,1.055919,1.057008,1.055638,1.056727,50
2023-10-17 13:00:00,1.056727,1.058054,1.056518,1.057845,50
2023-10-17 14:00:00,1.057845,1.057886,1.057446,1.057486,50
2023-10-17 15:00:00,1.057486,1.058978,1.057274,1.058766,50
2023-10-17 16:00:00,1.058766,1.059136,1.057805,1.058175,50
2023-10-17 17:00:00,1.058175,1.058228,1.057973,1.058026,50
2023-10-17 18:00:00,1.058026,1.058312,1.057273,1.057559,50
2023-10-17 19:00:00,1.057559,1.058906,1.057423,1.058770,50
2023-10-17 20:00:00,1.058770,1.059206,1.058698,1.059134,50
2023-10-17 21:00:00,1.059134,1.059672,1.058829,1.059367,50
2023-10-17 22:00:00,1.059367,1.059817,1.059252,1.059703,50
2023-10-17 23:00:00,1.059703,1.059893,1.059132,1.059322,50
2023-10-18 00:00:00,1.059322,1.059700,1.058836,1.059214,50
2023-10-18 01:00:00,1.059214,1.059297,1.058828,1.058911,50
2023-10-18 02:00:00,1.058911,1.060438,1.058640,1.060168,50
2023-10-18 03:00:00,1.060168,1.060359,1.058564,1.058755,50
2023-10-18 04:00:00,1.058755,1.059772,1.058664,1.059682,50
2023-10-18 05:00:00,1.059682,1.059878,1.059373,1.059569,50
2023-10-18 06:00:00,1.059569,1.060327,1.059125,1.059883,50
2023-10-18 07:00:00,1.059883,1.060211,1.059206,1.059534,50
2023-10-18 08:00:00,1.059534,1.059844,1.059009,1.059319,50
2023-10-18 09:00:00,1.059319,1.060906,1.058864,1.060452,50
2023-10-18 10:00:00,1.060452,1.060933,1.059726,1.060208,50
2023-10-18 11:00:00,1.060208,1.060400,1.059940,1.060132,50
2023-10-18 12:00:00,1.060132,1.060617,1.059697,1.060182,50
2023-10-18 13:00:00,1.060182,1.060633,1.060098,1.060549,50
2023-10-18 14:00:00,1.060549,1.060823,1.059118,1.059392,50
2023-10-18 15:00:00,1.059392,1.060446,1.058976,1.060030,50
2023-10-18 16:00:00,1.060030,1.060449,1.059076,1.059496,50
2023-10-18 17:00:00,1.059496,1.059741,1.059304,1.059549,50
2023-10-18 18:00:00,1.059549,1.059876,1.058046,1.058372,50
2023-10-18 19:00:00,1.058372,1.058487,1.056533,1.056649,50
2023-10-18 20:00:00,1.056649,1.057761,1.056547,1.057659,50
2023-10-18 21:00:00,1.057659,1.057865,1.054078,1.054285,50
2023-10-18 22:00:00,1.054285,1.054404,1.051840,1.051959,50
2023-10-18 23:00:00,1.051959,1.053380,1.051765,1.053186,50
2023-10-19 00:00:00,1.053186,1.053265,1.052783,1.052863,50
2023-10-19 01:00:00,1.052863,1.052938,1.052354,1.052429,50
2023-10-19 02:00:00,1.052429,1.052898,1.052256,1.052725,50
2023-10-19 03:00:00,1.052725,1.053347,1.052584,1.053206,50
2023-10-19 04:00:00,1.053206,1.053770,1.052894,1.053458,50
2023-10-19 05:00:00,1.053458,1.055000,1.053157,1.054699,50
2023-10-19 06:00:00,1.054699,1.055176,1.054641,1.055118,50
2023-10-19 07:00:00,1.055118,1.055230,1.054177,1.054289,50
2023-10-19 08:00:00,1.054289,1.054914,1.054100,1.054725,50
2023-10-19 09:00:00,1.054725,1.055210,1.054481,1.054965,50
2023-10-19 10:00:00,1.054965,1.055117,1.054521,1.054673,50
2023-10-19 11:00:00,1.054673,1.054977,1.054331,1.054635,50
2023-10-19 12:00:00,1.054635,1.054649,1.053607,1.053621,50
2023-10-19 13:00:00,1.053621,1.055034,1.053400,1.054813,50
2023-10-19 14:00:00,1.054813,1.055910,1.054562,1.055658,50
2023-10-19 15:00:00,1.055658,1.056921,1.055376,1.056639,50
2023-10-19 16:00:00,1.056639,1.056760,1.055978,1.056099,50
2023-10-19 17:00:00,1.056099,1.056243,1.055449,1.055593,50
2023-10-19 18:00:00,1.055593,1.056051,1.055337,1.055795,50
2023-10-19 19:00:00,1.055795,1.056011,1.055618,1.055834,50
2023-10-19 20:00:00,1.055834,1.056607,1.055684,1.056457,50
2023-10-19 21:00:00,1.056457,1.056774,1.055615,1.055932,50
2023-10-19 22:00:00,1.055932,1.056808,1.055877,1.056753,50
2023-10-19 23:00:00,1.056753,1.057260,1.056463,1.056971,50
2023-10-20 00:00:00,1.056971,1.057076,1.056943,1.057048,50
2023-10-20 01:00:00,1.057048,1.057287,1.057007,1.057246,50
2023-10-20 02:00:00,1.057246,1.057394,1.057134,1.057281,50
2023-10-20 03:00:00,1.057281,1.057352,1.057091,1.057161,50
2023-10-20 04:00:00,1.057161,1.057761,1.057120,1.057719,50
2023-10-20 05:00:00,1.057719,1.057901,1.057510,1.057692,50
2023-10-20 06:00:00,1.057692,1.058207,1.057611,1.058125,50
2023-10-20 07:00:00,1.058125,1.058613,1.058080,1.058567,50
2023-10-20 08:00:00,1.058567,1.058580,1.058185,1.058197,50
2023-10-20 09:00:00,1.058197,1.058301,1.057940,1.058044,50
2023-10-20 10:00:00,1.058044,1.058167,1.057805,1.057928,50
2023-10-20 11:00:00,1.057928,1.058525,1.057756,1.058353,50
2023-10-20 12:00:00,1.058353,1.058597,1.058332,1.058575,50
2023-10-20 13:00:00,1.058575,1.059141,1.058518,1.059085,50
2023-10-20 14:00:00,1.059085,1.059223,1.058640,1.058778,50
2023-10-20 15:00:00,1.058778,1.059596,1.058703,1.059521,50
2023-10-20 16:00:00,1.059521,1.059560,1.059112,1.059150,50
2023-10-20 17:00:00,1.059150,1.059333,1.058886,1.059069,50
2023-10-20 18:00:00,1.059069,1.059566,1.059014,1.059511,50
2023-10-20 19:00:00,1.059511,1.059647,1.058692,1.058828,50
2023-10-20 20:00:00,1.058828,1.059080,1.058722,1.058974,50
2023-10-20 21:00:00,1.058974,1.059503,1.058917,1.059446,50
2023-10-20 22:00:00,1.059446,1.059632,1.058937,1.059122,50
2023-10-20 23:00:00,1.059122,1.059317,1.059015,1.059210,50
2023-10-23 00:00:00,1.059210,1.059221,1.058900,1.058911,50
2023-10-23 01:00:00,1.058911,1.059029,1.058737,1.058856,50
2023-10-23 02:00:00,1.058856,1.059091,1.058769,1.059005,50
2023-10-23 03:00:00,1.059005,1.059197,1.058663,1.058856,50
2023-10-23 04:00:00,1.058856,1.059022,1.058614,1.058780,50
2023-10-23 05:00:00,1.058780,1.059759,1.058347,1.059325,50
2023-10-23 06:00:00,1.059325,1.060061,1.059197,1.059933,50
2023-10-23 07:00:00,1.059933,1.060410,1.059500,1.059978,50
2023-10-23 08:00:00,1.059978,1.060608,1.059619,1.060250,50
2023-10-23 09:00:00,1.060250,1.060648,1.059259,1.059658,50
2023-10-23 10:00:00,1.059658,1.059875,1.059584,1.059802,50
2023-10-23 11:00:00,1.059802,1.059943,1.059392,1.059534,50
2023-10-23 12:00:00,1.059534,1.060749,1.059224,1.060439,50
2023-10-23 13:00:00,1.060439,1.060941,1.060199,1.060701,50
2023-10-23 14:00:00,1.060701,1.061147,1.060320,1.060765,50
2023-10-23 15:00:00,1.060765,1.061046,1.060713,1.060993,50
2023-10-23 16:00:00,1.060993,1.063781,1.060569,1.063357,50
2023-10-23 17:00:00,1.063357,1.064165,1.063098,1.063906,50
2023-10-23 18:00:00,1.063906,1.064121,1.063711,1.063926,50
2023-10-23 19:00:00,1.063926,1.064687,1.063919,1.064680,50
2023-10-23 20:00:00,1.064680,1.064838,1.064391,1.064549,50
2023-10-23 21:00:00,1.064549,1.066127,1.064127,1.065705,50
2023-10-23 22:00:00,1.065705,1.065780,1.064796,1.064871,50
2023-10-23 23:00:00,1.064871,1.065188,1.064305,1.064623,50
2023-10-24 00:00:00,1.064623,1.065030,1.060924,1.061331,50
2023-10-24 01:00:00,1.061331,1.061540,1.060619,1.060827,50
2023-10-24 02:00:00,1.060827,1.062618,1.060464,1.062255,50
2023-10-24 03:00:00,1.062255,1.062965,1.061831,1.062541,50
2023-10-24 04:00:00,1.062541,1.062643,1.060169,1.060271,50
2023-10-24 05:00:00,1.060271,1.060329,1.060040,1.060098,50
2023-10-24 06:00:00,1.060098,1.060371,1.059198,1.059471,50
2023-10-24 07:00:00,1.059471,1.060927,1.059183,1.060639,50
2023-10-24 08:00:00,1.060639,1.062410,1.060598,1.062369,50
2023-10-24 09:00:00,1.062369,1.064300,1.062082,1.064013,50
2023-10-24 10:00:00,1.064013,1.064067,1.063777,1.063831,50
2023-10-24 11:00:00,1.063831,1.064254,1.061507,1.061930,50
2023-10-24 12:00:00,1.061930,1.064388,1.061765,1.064223,50
2023-10-24 13:00:00,1.064223,1.064614,1.063510,1.063900,50
2023-10-24 14:00:00,1.063900,1.063906,1.063461,1.063466,50
2023-10-24 15:00:00,1.063466,1.065934,1.063170,1.065638,50
2023-10-24 16:00:00,1.065638,1.065794,1.062240,1.062397,50
2023-10-24 17:00:00,1.062397,1.062415,1.061822,1.061840,50
2023-10-24 18:00:00,1.061840,1.062160,1.060253,1.060573,50
2023-10-24 19:00:00,1.060573,1.060986,1.058119,1.058531,50
2023-10-24 20:00:00,1.058531,1.058965,1.058261,1.058695,50
2023-10-24 21:00:00,1.058695,1.059664,1.058281,1.059250,50
2023-10-24 22:00:00,1.059250,1.061297,1.059185,1.061232,50
2023-10-24 23:00:00,1.061232,1.061460,1.059319,1.059547,50
2023-10-25 00:00:00,1.059547,1.059717,1.057308,1.057478,50
2023-10-25 01:00:00,1.057478,1.057636,1.057201,1.057358,50
2023-10-25 02:00:00,1.057358,1.057775,1.057304,1.057721,50
2023-10-25 03:00:00,1.057721,1.057824,1.057451,1.057554,50
2023-10-25 04:00:00,1.057554,1.057916,1.057365,1.057727,50
2023-10-25 05:00:00,1.057727,1.057976,1.057687,1.057936,50
2023-10-25 06:00:00,1.057936,1.058062,1.057501,1.057627,50
2023-10-25 07:00:00,1.057627,1.057756,1.057298,1.057427,50
2023-10-25 08:00:00,1.057427,1.057575,1.057346,1.057495,50
2023-10-25 09:00:00,1.057495,1.057803,1.057490,1.057798,50
2023-10-25 10:00:00,1.057798,1.058263,1.057703,1.058169,50
2023-10-25 11:00:00,1.058169,1.059366,1.057985,1.059182,50
2023-10-25 12:00:00,1.059182,1.060682,1.059018,1.060517,50
2023-10-25 13:00:00,1.060517,1.060676,1.060112,1.060271,50
2023-10-25 14:00:00,1.060271,1.060382,1.060126,1.060237,50
2023-10-25 15:00:00,1.060237,1.060364,1.059920,1.060047,50
2023-10-25 16:00:00,1.060047,1.060196,1.059916,1.060065,50
2023-10-25 17:00:00,1.060065,1.060130,1.059738,1.059804,50
2023-10-25 18:00:00,1.059804,1.060472,1.059619,1.060288,50
2023-10-25 19:00:00,1.060288,1.060444,1.059195,1.059351,50
2023-10-25 20:00:00,1.059351,1.059500,1.058461,1.058611,50
2023-10-25 21:00:00,1.058611,1.058677,1.058304,1.058370,50
2023-10-25 22:00:00,1.058370,1.058469,1.057725,1.057824,50
2023-10-25 23:00:00,1.057824,1.058362,1.057775,1.058313,50
2023-10-26 00:00:00,1.058313,1.058741,1.054983,1.055412,50
2023-10-26 01:00:00,1.055412,1.055786,1.054388,1.054762,50
2023-10-26 02:00:00,1.054762,1.059096,1.054717,1.059051,50
2023-10-26 03:00:00,1.059051,1.059396,1.056862,1.057207,50
2023-10-26 04:00:00,1.057207,1.058162,1.057116,1.058071,50
2023-10-26 05:00:00,1.058071,1.059617,1.057792,1.059338,50
2023-10-26 06:00:00,1.059338,1.059765,1.055749,1.056175,50
2023-10-26 07:00:00,1.056175,1.056437,1.054146,1.054408,50
2023-10-26 08:00:00,1.054408,1.058038,1.054381,1.058011,50
2023-10-26 09:00:00,1.058011,1.058592,1.057795,1.058377,50
2023-10-26 10:00:00,1.058377,1.058651,1.055955,1.056229,50
2023-10-26 11:00:00,1.056229,1.058047,1.056074,1.057892,50
2023-10-26 12:00:00,1.057892,1.058144,1.057351,1.057603,50
2023-10-26 13:00:00,1.057603,1.058983,1.057315,1.058694,50
2023-10-26 14:00:00,1.058694,1.059009,1.054512,1.054826,50
2023-10-26 15:00:00,1.054826,1.055207,1.051779,1.052160,50
2023-10-26 16:00:00,1.052160,1.054017,1.051874,1.053730,50
2023-10-26 17:00:00,1.053730,1.055904,1.053429,1.055603,50
2023-10-26 18:00:00,1.055603,1.056225,1.055432,1.056053,50
2023-10-26 19:00:00,1.056053,1.056277,1.054526,1.054749,50
2023-10-26 20:00:00,1.054749,1.055161,1.052935,1.053346,50
2023-10-26 21:00:00,1.053346,1.056469,1.053078,1.056201,50
2023-10-26 22:00:00,1.056201,1.056580,1.054483,1.054862,50
2023-10-26 23:00:00,1.054862,1.055221,1.052826,1.053186,50
2023-10-27 00:00:00,1.053186,1.053551,1.052688,1.053053,50
2023-10-27 01:00:00,1.053053,1.055488,1.052681,1.055117,50
2023-10-27 02:00:00,1.055117,1.055303,1.053984,1.054170,50
2023-10-27 03:00:00,1.054170,1.054531,1.053388,1.053749,50
2023-10-27 04:00:00,1.053749,1.054079,1.052980,1.053310,50
2023-10-27 05:00:00,1.053310,1.053610,1.051860,1.052160,50
2023-10-27 06:00:00,1.052160,1.052284,1.051856,1.051981,50
2023-10-27 07:00:00,1.051981,1.053218,1.051660,1.052897,50
2023-10-27 08:00:00,1.052897,1.053280,1.052301,1.052684,50
2023-10-27 09:00:00,1.052684,1.055449,1.052212,1.054976,50
2023-10-27 10:00:00,1.054976,1.057580,1.054837,1.057440,50
2023-10-27 11:00:00,1.057440,1.058849,1.057208,1.058616,50
2023-10-27 12:00:00,1.058616,1.059163,1.058251,1.058797,50
2023-10-27 13:00:00,1.058797,1.060364,1.058789,1.060355,50
2023-10-27 14:00:00,1.060355,1.060652,1.060117,1.060415,50
2023-10-27 15:00:00,1.060415,1.060893,1.059201,1.059679,50
2023-10-27 16:00:00,1.059679,1.059986,1.058179,1.058486,50
2023-10-27 17:00:00,1.058486,1.058981,1.057711,1.058206,50
2023-10-27 18:00:00,1.058206,1.058675,1.057208,1.057677,50
2023-10-27 19:00:00,1.057677,1.058154,1.056501,1.056979,50
2023-10-27 20:00:00,1.056979,1.057862,1.056883,1.057766,50
2023-10-27 21:00:00,1.057766,1.058232,1.055823,1.056289,50
2023-10-27 22:00:00,1.056289,1.056659,1.054929,1.055299,50
2023-10-27 23:00:00,1.055299,1.059462,1.055047,1.059210,50
2023-10-30 00:00:00,1.059210,1.059392,1.058520,1.058702,50
2023-10-30 01:00:00,1.058702,1.059771,1.058595,1.059664,50
2023-10-30 02:00:00,1.059664,1.059896,1.059553,1.059785,50
2023-10-30 03:00:00,1.059785,1.060214,1.059614,1.060043,50
2023-10-30 04:00:00,1.060043,1.061049,1.059812,1.060818,50
2023-10-30 05:00:00,1.060818,1.060900,1.059395,1.059477,50
2023-10-30 06:00:00,1.059477,1.060025,1.059379,1.059927,50
2023-10-30 07:00:00,1.059927,1.060149,1.058471,1.058692,50
2023-10-30 08:00:00,1.058692,1.058903,1.058437,1.058647,50
2023-10-30 09:00:00,1.058647,1.059539,1.058472,1.059363,50
2023-10-30 10:00:00,1.059363,1.059546,1.059218,1.059400,50
2023-10-30 11:00:00,1.059400,1.060130,1.059280,1.060010,50
2023-10-30 12:00:00,1.060010,1.060184,1.059796,1.059971,50
2023-10-30 13:00:00,1.059971,1.060806,1.059749,1.060584,50
2023-10-30 14:00:00,1.060584,1.061659,1.060489,1.061564,50
2023-10-30 15:00:00,1.061564,1.062220,1.061555,1.062211,50
2023-10-30 16:00:00,1.062211,1.062361,1.061319,1.061469,50
2023-10-30 17:00:00,1.061469,1.061546,1.060004,1.060081,50
2023-10-30 18:00:00,1.060081,1.062820,1.059846,1.062585,50
2023-10-30 19:00:00,1.062585,1.062792,1.062043,1.062251,50
2023-10-30 20:00:00,1.062251,1.062456,1.059795,1.060000,50
2023-10-30 21:00:00,1.060000,1.060185,1.059367,1.059551,50
2023-10-30 22:00:00,1.059551,1.060660,1.059494,1.060603,50
2023-10-30 23:00:00,1.060603,1.062085,1.060541,1.062022,50
2023-10-31 00:00:00,1.062022,1.063245,1.061855,1.063077,50
2023-10-31 01:00:00,1.063077,1.063273,1.061742,1.061938,50
2023-10-31 02:00:00,1.061938,1.063189,1.061614,1.062865,50
2023-10-31 03:00:00,1.062865,1.063283,1.062253,1.062670,50
2023-10-31 04:00:00,1.062670,1.063388,1.062314,1.063032,50
2023-10-31 05:00:00,1.063032,1.063275,1.062167,1.062410,50
2023-10-31 06:00:00,1.062410,1.062805,1.060716,1.061110,50
2023-10-31 07:00:00,1.061110,1.061207,1.060964,1.061061,50
2023-10-31 08:00:00,1.061061,1.061186,1.059289,1.059414,50
2023-10-31 09:00:00,1.059414,1.060201,1.059293,1.060081,50
2023-10-31 10:00:00,1.060081,1.060148,1.059590,1.059657,50
2023-10-31 11:00:00,1.059657,1.059792,1.058763,1.058897,50
2023-10-31 12:00:00,1.058897,1.059917,1.058511,1.059531,50
2023-10-31 13:00:00,1.059531,1.059935,1.059316,1.059721,50
2023-10-31 14:00:00,1.059721,1.059933,1.057859,1.058071,50
2023-10-31 15:00:00,1.058071,1.058898,1.057720,1.058546,50
2023-10-31 16:00:00,1.058546,1.060454,1.058252,1.060159,50
2023-10-31 17:00:00,1.060159,1.060320,1.060146,1.060306,50
2023-10-31 18:00:00,1.060306,1.060624,1.058925,1.059243,50
2023-10-31 19:00:00,1.059243,1.059301,1.059232,1.059290,50
2023-10-31 20:00:00,1.059290,1.059331,1.057329,1.057370,50
2023-10-31 21:00:00,1.057370,1.057742,1.056145,1.056517,50
2023-10-31 22:00:00,1.056517,1.056772,1.055438,1.055692,50
2023-10-31 23:00:00,1.055692,1.056982,1.055458,1.056747,50
2023-11-01 00:00:00,1.056747,1.057230,1.056672,1.057155,50
2023-11-01 01:00:00,1.057155,1.057384,1.055398,1.055628,50
2023-11-01 02:00:00,1.055628,1.057359,1.055595,1.057326,50
2023-11-01 03:00:00,1.057326,1.057407,1.056869,1.056950,50
2023-11-01 04:00:00,1.056950,1.057150,1.055754,1.055954,50
2023-11-01 05:00:00,1.055954,1.056645,1.055751,1.056442,50
2023-11-01 06:00:00,1.056442,1.056901,1.056208,1.056667,50
2023-11-01 07:00:00,1.056667,1.056709,1.055335,1.055378,50
2023-11-01 08:00:00,1.055378,1.056031,1.055308,1.055962,50
2023-11-01 09:00:00,1.055962,1.056632,1.055951,1.056622,50
2023-11-01 10:00:00,1.056622,1.056860,1.056382,1.056620,50
2023-11-01 11:00:00,1.056620,1.056673,1.056534,1.056587,50
2023-11-01 12:00:00,1.056587,1.056822,1.055739,1.055974,50
2023-11-01 13:00:00,1.055974,1.056166,1.055691,1.055882,50
2023-11-01 14:00:00,1.055882,1.056048,1.054872,1.055037,50
2023-11-01 15:00:00,1.055037,1.055055,1.054248,1.054266,50
2023-11-01 16:00:00,1.054266,1.055260,1.054164,1.055158,50
2023-11-01 17:00:00,1.055158,1.055251,1.054542,1.054635,50
2023-11-01 18:00:00,1.054635,1.054816,1.053461,1.053641,50
2023-11-01 19:00:00,1.053641,1.054458,1.053432,1.054249,50
2023-11-01 20:00:00,1.054249,1.054259,1.053574,1.053585,50
2023-11-01 21:00:00,1.053585,1.053783,1.053074,1.053273,50
2023-11-01 22:00:00,1.053273,1.054424,1.053037,1.054188,50
2023-11-01 23:00:00,1.054188,1.054241,1.053799,1.053852,50
2023-11-02 00:00:00,1.053852,1.055080,1.053518,1.054746,50
2023-11-02 01:00:00,1.054746,1.057550,1.054343,1.057146,50
2023-11-02 02:00:00,1.057146,1.059944,1.057041,1.059839,50
2023-11-02 03:00:00,1.059839,1.060820,1.059662,1.060643,50
2023-11-02 04:00:00,1.060643,1.063382,1.060024,1.062764,50
2023-11-02 05:00:00,1.062764,1.063000,1.058096,1.058333,50
2023-11-02 06:00:00,1.058333,1.058509,1.057923,1.058099,50
2023-11-02 07:00:00,1.058099,1.063988,1.057476,1.063364,50
2023-11-02 08:00:00,1.063364,1.063597,1.060836,1.061069,50
2023-11-02 09:00:00,1.061069,1.063941,1.060513,1.063386,50
2023-11-02 10:00:00,1.063386,1.063704,1.059901,1.060219,50
2023-11-02 11:00:00,1.060219,1.060354,1.058042,1.058177,50
2023-11-02 12:00:00,1.058177,1.060716,1.057666,1.060205,50
2023-11-02 13:00:00,1.060205,1.061867,1.060040,1.061702,50
2023-11-02 14:00:00,1.061702,1.061787,1.056524,1.056610,50
2023-11-02 15:00:00,1.056610,1.060183,1.056044,1.059617,50
2023-11-02 16:00:00,1.059617,1.061768,1.059596,1.061747,50
2023-11-02 17:00:00,1.061747,1.061951,1.059475,1.059680,50
2023-11-02 18:00:00,1.059680,1.059727,1.057222,1.057270,50
2023-11-02 19:00:00,1.057270,1.057748,1.056429,1.056906,50
2023-11-02 20:00:00,1.056906,1.058659,1.056310,1.058063,50
2023-11-02 21:00:00,1.058063,1.058429,1.057225,1.057591,50
2023-11-02 22:00:00,1.057591,1.057811,1.056431,1.056651,50
2023-11-02 23:00:00,1.056651,1.062281,1.056166,1.061797,50
2023-11-03 00:00:00,1.061797,1.065974,1.061754,1.065931,50
2023-11-03 01:00:00,1.065931,1.066483,1.060929,1.061480,50
2023-11-03 02:00:00,1.061480,1.061664,1.059310,1.059495,50
2023-11-03 03:00:00,1.059495,1.064813,1.058849,1.064167,50
2023-11-03 04:00:00,1.064167,1.064530,1.061261,1.061624,50
2023-11-03 05:00:00,1.061624,1.068000,1.061297,1.067674,50
2023-11-03 06:00:00,1.067674,1.072009,1.066778,1.071114,50
2023-11-03 07:00:00,1.071114,1.071480,1.070698,1.071063,50
2023-11-03 08:00:00,1.071063,1.071070,1.067288,1.067294,50
2023-11-03 09:00:00,1.067294,1.067509,1.060921,1.061136,50
2023-11-03 10:00:00,1.061136,1.070905,1.060613,1.070382,50
2023-11-03 11:00:00,1.070382,1.073817,1.069648,1.073083,50
2023-11-03 12:00:00,1.073083,1.073344,1.070242,1.070504,50
2023-11-03 13:00:00,1.070504,1.073138,1.069562,1.072196,50
2023-11-03 14:00:00,1.072196,1.075482,1.071940,1.075226,50
2023-11-03 15:00:00,1.075226,1.076015,1.070217,1.071006,50
2023-11-03 16:00:00,1.071006,1.071840,1.069030,1.069863,50
2023-11-03 17:00:00,1.069863,1.076343,1.069129,1.075609,50
2023-11-03 18:00:00,1.075609,1.076334,1.072026,1.072751,50
2023-11-03 19:00:00,1.072751,1.072970,1.071583,1.071801,50
2023-11-03 20:00:00,1.071801,1.072454,1.066588,1.067241,50
2023-11-03 21:00:00,1.067241,1.070689,1.066792,1.070239,50
2023-11-03 22:00:00,1.070239,1.070723,1.068208,1.068691,50
2023-11-03 23:00:00,1.068691,1.073462,1.068536,1.073307,50
2023-11-06 00:00:00,1.073307,1.073544,1.073203,1.073440,50
2023-11-06 01:00:00,1.073440,1.073498,1.073219,1.073278,50
2023-11-06 02:00:00,1.073278,1.073413,1.072844,1.072978,50
2023-11-06 03:00:00,1.072978,1.073062,1.072303,1.072387,50
2023-11-06 04:00:00,1.072387,1.072592,1.072385,1.072590,50
2023-11-06 05:00:00,1.072590,1.073331,1.072413,1.073154,50
2023-11-06 06:00:00,1.073154,1.073275,1.072861,1.072982,50
2023-11-06 07:00:00,1.072982,1.073063,1.072787,1.072868,50
2023-11-06 08:00:00,1.072868,1.073151,1.072842,1.073125,50
2023-11-06 09:00:00,1.073125,1.073286,1.072914,1.073075,50
2023-11-06 10:00:00,1.073075,1.073474,1.072883,1.073282,50
2023-11-06 11:00:00,1.073282,1.073380,1.072469,1.072566,50
2023-11-06 12:00:00,1.072566,1.073391,1.072521,1.073345,50
2023-11-06 13:00:00,1.073345,1.073645,1.073188,1.073487,50
2023-11-06 14:00:00,1.073487,1.073557,1.073228,1.073297,50
2023-11-06 15:00:00,1.073297,1.073797,1.073157,1.073657,50
2023-11-06 16:00:00,1.073657,1.074999,1.073488,1.074830,50
2023-11-06 17:00:00,1.074830,1.075770,1.074671,1.075611,50
2023-11-06 18:00:00,1.075611,1.075642,1.075355,1.075386,50
2023-11-06 19:00:00,1.075386,1.075451,1.075024,1.075090,50
2023-11-06 20:00:00,1.075090,1.075253,1.074193,1.074357,50
2023-11-06 21:00:00,1.074357,1.074380,1.073833,1.073856,50
2023-11-06 22:00:00,1.073856,1.073902,1.072889,1.072935,50
2023-11-06 23:00:00,1.072935,1.074694,1.072931,1.074691,50
2023-11-07 00:00:00,1.074691,1.075153,1.071901,1.072363,50
2023-11-07 01:00:00,1.072363,1.075066,1.072076,1.074778,50
2023-11-07 02:00:00,1.074778,1.075017,1.073931,1.074170,50
2023-11-07 03:00:00,1.074170,1.075133,1.074122,1.075085,50
2023-11-07 04:00:00,1.075085,1.075131,1.074432,1.074478,50
2023-11-07 05:00:00,1.074478,1.074635,1.074104,1.074261,50
2023-11-07 06:00:00,1.074261,1.074356,1.071939,1.072033,50
2023-11-07 07:00:00,1.072033,1.072378,1.069365,1.069709,50
2023-11-07 08:00:00,1.069709,1.072876,1.069569,1.072736,50
2023-11-07 09:00:00,1.072736,1.072927,1.072552,1.072743,50
2023-11-07 10:00:00,1.072743,1.073027,1.068259,1.068543,50
2023-11-07 11:00:00,1.068543,1.068787,1.067781,1.068025,50
2023-11-07 12:00:00,1.068025,1.070029,1.067599,1.069603,50
2023-11-07 13:00:00,1.069603,1.069907,1.067221,1.067524,50
2023-11-07 14:00:00,1.067524,1.071505,1.067414,1.071395,50
2023-11-07 15:00:00,1.071395,1.072176,1.071235,1.072016,50
2023-11-07 16:00:00,1.072016,1.075228,1.071530,1.074742,50
2023-11-07 17:00:00,1.074742,1.076015,1.074613,1.075886,50
2023-11-07 18:00:00,1.075886,1.076040,1.072479,1.072633,50
2023-11-07 19:00:00,1.072633,1.072951,1.068891,1.069209,50
2023-11-07 20:00:00,1.069209,1.070706,1.068904,1.070401,50
2023-11-07 21:00:00,1.070401,1.070470,1.068051,1.068120,50
2023-11-07 22:00:00,1.068120,1.069847,1.068040,1.069767,50
2023-11-07 23:00:00,1.069767,1.070108,1.068377,1.068719,50
2023-11-08 00:00:00,1.068719,1.070356,1.068637,1.070275,50
2023-11-08 01:00:00,1.070275,1.070469,1.069017,1.069212,50
2023-11-08 02:00:00,1.069212,1.069279,1.068523,1.068590,50
2023-11-08 03:00:00,1.068590,1.070092,1.068451,1.069953,50
2023-11-08 04:00:00,1.069953,1.070737,1.069931,1.070715,50
2023-11-08 05:00:00,1.070715,1.070763,1.069509,1.069557,50
2023-11-08 06:00:00,1.069557,1.070172,1.069404,1.070018,50
2023-11-08 07:00:00,1.070018,1.070192,1.068276,1.068450,50
2023-11-08 08:00:00,1.068450,1.068504,1.068115,1.068169,50
2023-11-08 09:00:00,1.068169,1.070152,1.067947,1.069931,50
2023-11-08 10:00:00,1.069931,1.069968,1.069739,1.069776,50
2023-11-08 11:00:00,1.069776,1.069991,1.068966,1.069181,50
2023-11-08 12:00:00,1.069181,1.069515,1.069152,1.069486,50
2023-11-08 13:00:00,1.069486,1.070050,1.069368,1.069933,50
2023-11-08 14:00:00,1.069933,1.070633,1.069794,1.070494,50
2023-11-08 15:00:00,1.070494,1.070571,1.070283,1.070360,50
2023-11-08 16:00:00,1.070360,1.072102,1.070274,1.072016,50
2023-11-08 17:00:00,1.072016,1.072153,1.070381,1.070518,50
2023-11-08 18:00:00,1.070518,1.070631,1.070030,1.070142,50
2023-11-08 19:00:00,1.070142,1.070360,1.069806,1.070024,50
2023-11-08 20:00:00,1.070024,1.070125,1.068663,1.068764,50
2023-11-08 21:00:00,1.068764,1.070402,1.068632,1.070270,50
2023-11-08 22:00:00,1.070270,1.071217,1.070137,1.071085,50
2023-11-08 23:00:00,1.071085,1.071502,1.071049,1.071467,50
2023-11-09 00:00:00,1.071467,1.071624,1.070834,1.070991,50
2023-11-09 01:00:00,1.070991,1.071086,1.070423,1.070517,50
2023-11-09 02:00:00,1.070517,1.070612,1.070421,1.070516,50
2023-11-09 03:00:00,1.070516,1.071960,1.070344,1.071788,50
2023-11-09 04:00:00,1.071788,1.071952,1.071040,1.071204,50
2023-11-09 05:00:00,1.071204,1.071331,1.071183,1.071310,50
2023-11-09 06:00:00,1.071310,1.071599,1.071265,1.071554,50
2023-11-09 07:00:00,1.071554,1.071715,1.070336,1.070498,50
2023-11-09 08:00:00,1.070498,1.070538,1.069931,1.069972,50
2023-11-09 09:00:00,1.069972,1.070106,1.069611,1.069745,50
2023-11-09 10:00:00,1.069745,1.071160,1.069624,1.071039,50
2023-11-09 11:00:00,1.071039,1.072773,1.070874,1.072608,50
2023-11-09 12:00:00,1.072608,1.072825,1.072452,1.072669,50
2023-11-09 13:00:00,1.072669,1.072769,1.072520,1.072620,50
2023-11-09 14:00:00,1.072620,1.072772,1.071547,1.071699,50
2023-11-09 15:00:00,1.071699,1.071728,1.071291,1.071320,50
2023-11-09 16:00:00,1.071320,1.071353,1.070875,1.070908,50
2023-11-09 17:00:00,1.070908,1.071175,1.070812,1.071079,50
2023-11-09 18:00:00,1.071079,1.071223,1.070963,1.071107,50
2023-11-09 19:00:00,1.071107,1.071249,1.070306,1.070448,50
2023-11-09 20:00:00,1.070448,1.070618,1.069461,1.069631,50
2023-11-09 21:00:00,1.069631,1.071122,1.069523,1.071014,50
2023-11-09 22:00:00,1.071014,1.071074,1.070606,1.070666,50
2023-11-09 23:00:00,1.070666,1.071134,1.070539,1.071008,50
2023-11-13 00:00:00,1.071008,1.071680,1.070891,1.071563,50
2023-11-13 01:00:00,1.071563,1.072239,1.071421,1.072097,50
2023-11-13 02:00:00,1.072097,1.072106,1.071272,1.071281,50
2023-11-13 03:00:00,1.071281,1.071313,1.070804,1.070837,50
2023-11-13 04:00:00,1.070837,1.071173,1.070776,1.071112,50
2023-11-13 05:00:00,1.071112,1.071283,1.070076,1.070247,50
2023-11-13 06:00:00,1.070247,1.070627,1.070102,1.070482,50
2023-11-13 07:00:00,1.070482,1.070876,1.070386,1.070780,50
2023-11-13 08:00:00,1.070780,1.070842,1.070268,1.070330,50
2023-11-13 09:00:00,1.070330,1.071055,1.070260,1.070985,50
2023-11-13 10:00:00,1.070985,1.071335,1.070900,1.071251,50
2023-11-13 11:00:00,1.071251,1.071336,1.070191,1.070276,50
2023-11-13 12:00:00,1.070276,1.070454,1.069497,1.069675,50
2023-11-13 13:00:00,1.069675,1.070322,1.069615,1.070262,50
2023-11-13 14:00:00,1.070262,1.070309,1.070248,1.070295,50
2023-11-13 15:00:00,1.070295,1.070417,1.069164,1.069286,50
2023-11-13 16:00:00,1.069286,1.070830,1.069136,1.070680,50
2023-11-13 17:00:00,1.070680,1.070681,1.070075,1.070076,50
2023-11-13 18:00:00,1.070076,1.070135,1.069655,1.069715,50
2023-11-13 19:00:00,1.069715,1.069898,1.068708,1.068891,50
2023-11-13 20:00:00,1.068891,1.069037,1.068741,1.068887,50
2023-11-13 21:00:00,1.068887,1.069241,1.068762,1.069116,50
2023-11-13 22:00:00,1.069116,1.069301,1.068976,1.069160,50
2023-11-13 23:00:00,1.069160,1.070148,1.068989,1.069976,50
2023-11-14 00:00:00,1.069976,1.071626,1.068633,1.070282,50
2023-11-14 01:00:00,1.070282,1.070817,1.069381,1.069915,50
2023-11-14 02:00:00,1.069915,1.071665,1.069791,1.071541,50
2023-11-14 03:00:00,1.071541,1.076100,1.070288,1.074847,50
2023-11-14 04:00:00,1.074847,1.080448,1.074641,1.080242,50
2023-11-14 05:00:00,1.080242,1.083224,1.079130,1.082112,50
2023-11-14 06:00:00,1.082112,1.083339,1.080101,1.081328,50
2023-11-14 07:00:00,1.081328,1.082963,1.081037,1.082672,50
2023-11-14 08:00:00,1.082672,1.083409,1.081262,1.081999,50
2023-11-14 09:00:00,1.081999,1.085052,1.080670,1.083723,50
2023-11-14 10:00:00,1.083723,1.090402,1.082681,1.089361,50
2023-11-14 11:00:00,1.089361,1.090235,1.085407,1.086282,50
2023-11-14 12:00:00,1.086282,1.087522,1.079119,1.080360,50
2023-11-14 13:00:00,1.080360,1.081223,1.074516,1.075379,50
2023-11-14 14:00:00,1.075379,1.079043,1.074197,1.077861,50
2023-11-14 15:00:00,1.077861,1.078141,1.074336,1.074616,50
2023-11-14 16:00:00,1.074616,1.076617,1.073514,1.075515,50
2023-11-14 17:00:00,1.075515,1.076716,1.072390,1.073591,50
2023-11-14 18:00:00,1.073591,1.074490,1.073403,1.074302,50
2023-11-14 19:00:00,1.074302,1.078976,1.073898,1.078572,50
2023-11-14 20:00:00,1.078572,1.079465,1.075484,1.076376,50
2023-11-14 21:00:00,1.076376,1.081456,1.075078,1.080158,50
2023-11-14 22:00:00,1.080158,1.080307,1.074181,1.074330,50
2023-11-14 23:00:00,1.074330,1.087291,1.073170,1.086130,50
2023-11-15 00:00:00,1.086130,1.086143,1.086032,1.086045,50
2023-11-15 01:00:00,1.086045,1.086132,1.085870,1.085957,50
2023-11-15 02:00:00,1.085957,1.086148,1.085291,1.085483,50
2023-11-15 03:00:00,1.085483,1.085522,1.084772,1.084811,50
2023-11-15 04:00:00,1.084811,1.084929,1.083972,1.084090,50
2023-11-15 05:00:00,1.084090,1.084988,1.083979,1.084877,50
2023-11-15 06:00:00,1.084877,1.085051,1.084561,1.084734,50
2023-11-15 07:00:00,1.084734,1.085817,1.084601,1.085684,50
2023-11-15 08:00:00,1.085684,1.087382,1.085648,1.087346,50
2023-11-15 09:00:00,1.087346,1.087491,1.086501,1.086647,50
2023-11-15 10:00:00,1.086647,1.086913,1.086558,1.086824,50
2023-11-15 11:00:00,1.086824,1.086976,1.086283,1.086435,50
2023-11-15 12:00:00,1.086435,1.086553,1.086346,1.086464,50
2023-11-15 13:00:00,1.086464,1.086549,1.086235,1.086320,50
2023-11-15 14:00:00,1.086320,1.086513,1.086253,1.086446,50
2023-11-15 15:00:00,1.086446,1.086937,1.086313,1.086803,50
2023-11-15 16:00:00,1.086803,1.087168,1.086633,1.086998,50
2023-11-15 17:00:00,1.086998,1.087041,1.086130,1.086173,50
2023-11-15 18:00:00,1.086173,1.087313,1.086035,1.087175,50
2023-11-15 19:00:00,1.087175,1.087199,1.086969,1.086992,50
2023-11-15 20:00:00,1.086992,1.087113,1.085825,1.085946,50
2023-11-15 21:00:00,1.085946,1.086033,1.085430,1.085517,50
2023-11-15 22:00:00,1.085517,1.085615,1.085462,1.085559,50
2023-11-15 23:00:00,1.085559,1.085669,1.085195,1.085305,50
2023-11-16 00:00:00,1.085305,1.085378,1.084876,1.084949,50
2023-11-16 01:00:00,1.084949,1.085853,1.084855,1.085759,50
2023-11-16 02:00:00,1.085759,1.085941,1.085643,1.085825,50
2023-11-16 03:00:00,1.085825,1.086872,1.085768,1.086815,50
2023-11-16 04:00:00,1.086815,1.086819,1.086535,1.086539,50
2023-11-16 05:00:00,1.086539,1.086594,1.086328,1.086383,50
2023-11-16 06:00:00,1.086383,1.086831,1.086347,1.086795,50
2023-11-16 07:00:00,1.086795,1.086877,1.086102,1.086184,50
2023-11-16 08:00:00,1.086184,1.086276,1.085398,1.085490,50
2023-11-16 09:00:00,1.085490,1.085677,1.085225,1.085413,50
2023-11-16 10:00:00,1.085413,1.085474,1.084708,1.084768,50
2023-11-16 11:00:00,1.084768,1.084857,1.083729,1.083818,50
2023-11-16 12:00:00,1.083818,1.084478,1.083791,1.084451,50
2023-11-16 13:00:00,1.084451,1.084459,1.083551,1.083560,50
2023-11-16 14:00:00,1.083560,1.084124,1.083469,1.084034,50
2023-11-16 15:00:00,1.084034,1.084082,1.083771,1.083819,50
2023-11-16 16:00:00,1.083819,1.084294,1.083712,1.084188,50
2023-11-16 17:00:00,1.084188,1.084791,1.084099,1.084703,50
2023-11-16 18:00:00,1.084703,1.084787,1.084083,1.084167,50
2023-11-16 19:00:00,1.084167,1.084927,1.084048,1.084808,50
2023-11-16 20:00:00,1.084808,1.084968,1.084496,1.084656,50
2023-11-16 21:00:00,1.084656,1.084792,1.084172,1.084308,50
2023-11-16 22:00:00,1.084308,1.084427,1.083689,1.083809,50
2023-11-16 23:00:00,1.083809,1.085140,1.083738,1.085069,50
2023-11-17 00:00:00,1.085069,1.085968,1.084932,1.085831,50
2023-11-17 01:00:00,1.085831,1.086054,1.084981,1.085205,50
2023-11-17 02:00:00,1.085205,1.085350,1.084514,1.084659,50
2023-11-17 03:00:00,1.084659,1.084754,1.084408,1.084503,50
2023-11-17 04:00:00,1.084503,1.085042,1.084272,1.084811,50
2023-11-17 05:00:00,1.084811,1.085446,1.084665,1.085299,50
2023-11-17 06:00:00,1.085299,1.085515,1.084891,1.085107,50
2023-11-17 07:00:00,1.085107,1.086600,1.084944,1.086437,50
2023-11-17 08:00:00,1.086437,1.086645,1.084573,1.084781,50
2023-11-17 09:00:00,1.084781,1.084959,1.084451,1.084629,50
2023-11-17 10:00:00,1.084629,1.084826,1.084608,1.084804,50
2023-11-17 11:00:00,1.084804,1.085038,1.084541,1.084775,50
2023-11-17 12:00:00,1.084775,1.085587,1.084566,1.085378,50
2023-11-17 13:00:00,1.085378,1.085514,1.084723,1.084859,50
2023-11-17 14:00:00,1.084859,1.086087,1.084648,1.085877,50
2023-11-17 15:00:00,1.085877,1.086457,1.085697,1.086277,50
2023-11-17 16:00:00,1.086277,1.086503,1.084938,1.085164,50
2023-11-17 17:00:00,1.085164,1.086203,1.085075,1.086115,50
2023-11-17 18:00:00,1.086115,1.086631,1.086078,1.086594,50
2023-11-17 19:00:00,1.086594,1.088151,1.086364,1.087922,50
2023-11-17 20:00:00,1.087922,1.088420,1.087723,1.088221,50
2023-11-17 21:00:00,1.088221,1.088271,1.087802,1.087852,50
2023-11-17 22:00:00,1.087852,1.088515,1.087806,1.088469,50
2023-11-17 23:00:00,1.088469,1.088664,1.087707,1.087903,50
2023-11-20 00:00:00,1.087903,1.088096,1.086399,1.086593,50
2023-11-20 01:00:00,1.086593,1.090599,1.086168,1.090174,50
2023-11-20 02:00:00,1.090174,1.092205,1.089811,1.091842,50
2023-11-20 03:00:00,1.091842,1.093117,1.091362,1.092637,50
2023-11-20 04:00:00,1.092637,1.093467,1.092148,1.092978,50
2023-11-20 05:00:00,1.092978,1.093359,1.091441,1.091822,50
2023-11-20 06:00:00,1.091822,1.093255,1.091718,1.093151,50
2023-11-20 07:00:00,1.093151,1.093624,1.090336,1.090809,50
2023-11-20 08:00:00,1.090809,1.090859,1.089001,1.089051,50
2023-11-20 09:00:00,1.089051,1.091159,1.088941,1.091049,50
2023-11-20 10:00:00,1.091049,1.092860,1.090527,1.092338,50
2023-11-20 11:00:00,1.092338,1.092737,1.090326,1.090724,50
2023-11-20 12:00:00,1.090724,1.094592,1.090440,1.094307,50
2023-11-20 13:00:00,1.094307,1.096201,1.093866,1.095761,50
2023-11-20 14:00:00,1.095761,1.095827,1.093406,1.093472,50
2023-11-20 15:00:00,1.093472,1.095716,1.093142,1.095386,50
2023-11-20 16:00:00,1.095386,1.095568,1.094867,1.095048,50
2023-11-20 17:00:00,1.095048,1.095225,1.092239,1.092417,50
2023-11-20 18:00:00,1.092417,1.093060,1.091978,1.092622,50
2023-11-20 19:00:00,1.092622,1.093302,1.092498,1.093178,50
2023-11-20 20:00:00,1.093178,1.094201,1.093164,1.094186,50
2023-11-20 21:00:00,1.094186,1.094332,1.092710,1.092856,50
2023-11-20 22:00:00,1.092856,1.093292,1.091455,1.091891,50
2023-11-20 23:00:00,1.091891,1.094675,1.091667,1.094451,50
2023-11-21 00:00:00,1.094451,1.094701,1.094383,1.094633,50
2023-11-21 01:00:00,1.094633,1.094915,1.094619,1.094901,50
2023-11-21 02:00:00,1.094901,1.095111,1.094804,1.095014,50
2023-11-21 03:00:00,1.095014,1.095131,1.093618,1.093735,50
2023-11-21 04:00:00,1.093735,1.093869,1.093409,1.093543,50
2023-11-21 05:00:00,1.093543,1.093957,1.093542,1.093955,50
2023-11-21 06:00:00,1.093955,1.094068,1.093894,1.094007,50
2023-11-21 07:00:00,1.094007,1.094179,1.093528,1.093699,50
2023-11-21 08:00:00,1.093699,1.093834,1.093194,1.093329,50
2023-11-21 09:00:00,1.093329,1.093376,1.093316,1.093362,50
2023-11-21 10:00:00,1.093362,1.093555,1.093088,1.093280,50
2023-11-21 11:00:00,1.093280,1.093477,1.093179,1.093376,50
2023-11-21 12:00:00,1.093376,1.093552,1.093111,1.093286,50
2023-11-21 13:00:00,1.093286,1.093446,1.092769,1.092928,50
2023-11-21 14:00:00,1.092928,1.092955,1.091898,1.091925,50
2023-11-21 15:00:00,1.091925,1.092455,1.091846,1.092375,50
2023-11-21 16:00:00,1.092375,1.093034,1.092266,1.092926,50
2023-11-21 17:00:00,1.092926,1.093143,1.092766,1.092983,50
2023-11-21 18:00:00,1.092983,1.093176,1.091543,1.091737,50
2023-11-21 19:00:00,1.091737,1.092453,1.091593,1.092309,50
2023-11-21 20:00:00,1.092309,1.092331,1.092248,1.092271,50
2023-11-21 21:00:00,1.092271,1.093899,1.092174,1.093802,50
2023-11-21 22:00:00,1.093802,1.093893,1.093495,1.093586,50
2023-11-21 23:00:00,1.093586,1.093680,1.092206,1.092299,50
2023-11-22 00:00:00,1.092299,1.092502,1.085827,1.086030,50
2023-11-22 01:00:00,1.086030,1.087718,1.085748,1.087436,50
2023-11-22 02:00:00,1.087436,1.087560,1.087248,1.087372,50
2023-11-22 03:00:00,1.087372,1.087702,1.086740,1.087069,50
2023-11-22 04:00:00,1.087069,1.088744,1.086834,1.088508,50
2023-11-22 05:00:00,1.088508,1.088942,1.087838,1.088272,50
2023-11-22 06:00:00,1.088272,1.089346,1.087879,1.088953,50
2023-11-22 07:00:00,1.088953,1.089633,1.088925,1.089605,50
2023-11-22 08:00:00,1.089605,1.091072,1.089422,1.090890,50
2023-11-22 09:00:00,1.090890,1.091676,1.090833,1.091620,50
2023-11-22 10:00:00,1.091620,1.091797,1.091217,1.091394,50
2023-11-22 11:00:00,1.091394,1.091701,1.090270,1.090578,50
2023-11-22 12:00:00,1.090578,1.091415,1.090181,1.091019,50
2023-11-22 13:00:00,1.091019,1.093206,1.090874,1.093062,50
2023-11-22 14:00:00,1.093062,1.093324,1.092978,1.093241,50
2023-11-22 15:00:00,1.093241,1.093305,1.092693,1.092757,50
2023-11-22 16:00:00,1.092757,1.092780,1.092174,1.092197,50
2023-11-22 17:00:00,1.092197,1.093694,1.091848,1.093344,50
2023-11-22 18:00:00,1.093344,1.093360,1.092353,1.092369,50
2023-11-22 19:00:00,1.092369,1.092410,1.091501,1.091543,50
2023-11-22 20:00:00,1.091543,1.091544,1.090793,1.090795,50
2023-11-22 21:00:00,1.090795,1.090955,1.089546,1.089707,50
2023-11-22 22:00:00,1.089707,1.090081,1.088825,1.089199,50
2023-11-22 23:00:00,1.089199,1.089405,1.086869,1.087075,50
2023-11-24 00:00:00,1.087075,1.088826,1.086607,1.088358,50
2023-11-24 01:00:00,1.088358,1.090063,1.088122,1.089826,50
2023-11-24 02:00:00,1.089826,1.090074,1.086482,1.086730,50
2023-11-24 03:00:00,1.086730,1.086843,1.085807,1.085920,50
2023-11-24 04:00:00,1.085920,1.087081,1.085648,1.086809,50
2023-11-24 05:00:00,1.086809,1.089259,1.086293,1.088743,50
2023-11-24 06:00:00,1.088743,1.090728,1.088398,1.090383,50
2023-11-24 07:00:00,1.090383,1.090693,1.089628,1.089938,50
2023-11-24 08:00:00,1.089938,1.091477,1.089742,1.091281,50
2023-11-24 09:00:00,1.091281,1.091653,1.089276,1.089648,50
2023-11-24 10:00:00,1.089648,1.092006,1.089445,1.091803,50
2023-11-24 11:00:00,1.091803,1.091890,1.089905,1.089992,50
2023-11-24 12:00:00,1.089992,1.090119,1.087870,1.087997,50
2023-11-24 13:00:00,1.087997,1.088339,1.086487,1.086829,50
2023-11-24 14:00:00,1.086829,1.087129,1.085515,1.085815,50
2023-11-24 15:00:00,1.085815,1.087558,1.085415,1.087159,50
2023-11-24 16:00:00,1.087159,1.089934,1.086847,1.089623,50
2023-11-24 17:00:00,1.089623,1.089960,1.087514,1.087852,50
2023-11-24 18:00:00,1.087852,1.088024,1.086613,1.086786,50
2023-11-24 19:00:00,1.086786,1.088642,1.086604,1.088460,50
2023-11-24 20:00:00,1.088460,1.091172,1.088137,1.090849,50
2023-11-24 21:00:00,1.090849,1.094746,1.090737,1.094634,50
2023-11-24 22:00:00,1.094634,1.094846,1.093564,1.093776,50
2023-11-24 23:00:00,1.093776,1.094153,1.092997,1.093374,50
2023-11-27 00:00:00,1.093374,1.093431,1.093040,1.093097,50
2023-11-27 01:00:00,1.093097,1.093109,1.092744,1.092755,50
2023-11-27 02:00:00,1.092755,1.092879,1.092408,1.092532,50
2023-11-27 03:00:00,1.092532,1.092673,1.092316,1.092457,50
2023-11-27 04:00:00,1.092457,1.092549,1.092303,1.092395,50
2023-11-27 05:00:00,1.092395,1.092499,1.092148,1.092252,50
2023-11-27 06:00:00,1.092252,1.092642,1.092088,1.092478,50
2023-11-27 07:00:00,1.092478,1.092724,1.092344,1.092590,50
2023-11-27 08:00:00,1.092590,1.092785,1.091717,1.091913,50
2023-11-27 09:00:00,1.091913,1.091967,1.091876,1.091930,50
2023-11-27 10:00:00,1.091930,1.092139,1.091804,1.092013,50
2023-11-27 11:00:00,1.092013,1.092479,1.091906,1.092372,50
2023-11-27 12:00:00,1.092372,1.092402,1.091899,1.091929,50
2023-11-27 13:00:00,1.091929,1.092093,1.091750,1.091914,50
2023-11-27 14:00:00,1.091914,1.092102,1.091909,1.092096,50
2023-11-27 15:00:00,1.092096,1.093053,1.091982,1.092938,50
2023-11-27 16:00:00,1.092938,1.093130,1.092740,1.092932,50
2023-11-27 17:00:00,1.092932,1.093512,1.092765,1.093345,50
2023-11-27 18:00:00,1.093345,1.093757,1.093220,1.093633,50
2023-11-27 19:00:00,1.093633,1.094028,1.093490,1.093885,50
2023-11-27 20:00:00,1.093885,1.094064,1.093803,1.093981,50
2023-11-27 21:00:00,1.093981,1.094575,1.093827,1.094421,50
2023-11-27 22:00:00,1.094421,1.094999,1.094330,1.094909,50
2023-11-27 23:00:00,1.094909,1.095084,1.093558,1.093733,50
2023-11-28 00:00:00,1.093733,1.096326,1.093381,1.095974,50
2023-11-28 01:00:00,1.095974,1.096030,1.094154,1.094211,50
2023-11-28 02:00:00,1.094211,1.094736,1.092234,1.092760,50
2023-11-28 03:00:00,1.092760,1.094259,1.092351,1.093850,50
2023-11-28 04:00:00,1.093850,1.094048,1.093767,1.093965,50
2023-11-28 05:00:00,1.093965,1.094209,1.092093,1.092336,50
2023-11-28 06:00:00,1.092336,1.094896,1.091849,1.094409,50
2023-11-28 07:00:00,1.094409,1.095714,1.093849,1.095154,50
2023-11-28 08:00:00,1.095154,1.097475,1.094718,1.097039,50
2023-11-28 09:00:00,1.097039,1.097193,1.096775,1.096929,50
2023-11-28 10:00:00,1.096929,1.097255,1.094849,1.095174,50
2023-11-28 11:00:00,1.095174,1.096278,1.094793,1.095897,50
2023-11-28 12:00:00,1.095897,1.096188,1.095501,1.095793,50
2023-11-28 13:00:00,1.095793,1.097304,1.095738,1.097249,50
2023-11-28 14:00:00,1.097249,1.098857,1.097034,1.098641,50
2023-11-28 15:00:00,1.098641,1.101166,1.098305,1.100830,50
2023-11-28 16:00:00,1.100830,1.101355,1.099013,1.099538,50
2023-11-28 17:00:00,1.099538,1.101472,1.098983,1.100917,50
2023-11-28 18:00:00,1.100917,1.102604,1.100424,1.102112,50
2023-11-28 19:00:00,1.102112,1.102446,1.101606,1.101940,50
2023-11-28 20:00:00,1.101940,1.102141,1.101899,1.102099,50
2023-11-28 21:00:00,1.102099,1.102644,1.100468,1.101013,50
2023-11-28 22:00:00,1.101013,1.101284,1.101001,1.101273,50
2023-11-28 23:00:00,1.101273,1.101568,1.100421,1.100715,50
2023-11-29 00:00:00,1.100715,1.100884,1.098067,1.098236,50
2023-11-29 01:00:00,1.098236,1.098496,1.097848,1.098108,50
2023-11-29 02:00:00,1.098108,1.101260,1.098092,1.101244,50
2023-11-29 03:00:00,1.101244,1.101405,1.099967,1.100127,50
2023-11-29 04:00:00,1.100127,1.100412,1.099057,1.099342,50
2023-11-29 05:00:00,1.099342,1.101718,1.099111,1.101488,50
2023-11-29 06:00:00,1.101488,1.101585,1.099697,1.099794,50
2023-11-29 07:00:00,1.099794,1.099874,1.099338,1.099419,50
2023-11-29 08:00:00,1.099419,1.099869,1.099114,1.099565,50
2023-11-29 09:00:00,1.099565,1.099839,1.098509,1.098783,50
2023-11-29 10:00:00,1.098783,1.099089,1.098190,1.098497,50
2023-11-29 11:00:00,1.098497,1.098541,1.098309,1.098353,50
2023-11-29 12:00:00,1.098353,1.098631,1.098144,1.098423,50
2023-11-29 13:00:00,1.098423,1.099285,1.098280,1.099142,50
2023-11-29 14:00:00,1.099142,1.099290,1.098643,1.098791,50
2023-11-29 15:00:00,1.098791,1.100395,1.098525,1.100129,50
2023-11-29 16:00:00,1.100129,1.100426,1.098406,1.098703,50
2023-11-29 17:00:00,1.098703,1.098932,1.097953,1.098182,50
2023-11-29 18:00:00,1.098182,1.099990,1.097872,1.099680,50
2023-11-29 19:00:00,1.099680,1.099914,1.098710,1.098944,50
2023-11-29 20:00:00,1.098944,1.099159,1.097239,1.097453,50
2023-11-29 21:00:00,1.097453,1.098793,1.097346,1.098686,50
2023-11-29 22:00:00,1.098686,1.098874,1.097826,1.098013,50
2023-11-29 23:00:00,1.098013,1.098051,1.096815,1.096852,50
2023-11-30 00:00:00,1.096852,1.097732,1.096369,1.097249,50
2023-11-30 01:00:00,1.097249,1.097665,1.095296,1.095713,50
2023-11-30 02:00:00,1.095713,1.096131,1.093747,1.094165,50
2023-11-30 03:00:00,1.094165,1.094596,1.093929,1.094360,50
2023-11-30 04:00:00,1.094360,1.094785,1.093125,1.093550,50
2023-11-30 05:00:00,1.093550,1.093708,1.091587,1.091746,50
2023-11-30 06:00:00,1.091746,1.092003,1.091630,1.091887,50
2023-11-30 07:00:00,1.091887,1.092474,1.091497,1.092084,50
2023-11-30 08:00:00,1.092084,1.092219,1.091576,1.091711,50
2023-11-30 09:00:00,1.091711,1.092805,1.091407,1.092501,50
2023-11-30 10:00:00,1.092501,1.093306,1.092334,1.093139,50
2023-11-30 11:00:00,1.093139,1.093241,1.092177,1.092279,50
2023-11-30 12:00:00,1.092279,1.092632,1.090969,1.091323,50
2023-11-30 13:00:00,1.091323,1.091802,1.091193,1.091672,50
2023-11-30 14:00:00,1.091672,1.091791,1.091225,1.091343,50
2023-11-30 15:00:00,1.091343,1.091785,1.090673,1.091114,50
2023-11-30 16:00:00,1.091114,1.091607,1.090681,1.091173,50
2023-11-30 17:00:00,1.091173,1.091567,1.090343,1.090737,50
2023-11-30 18:00:00,1.090737,1.091290,1.090509,1.091061,50
2023-11-30 19:00:00,1.091061,1.091226,1.089768,1.089933,50
2023-11-30 20:00:00,1.089933,1.090367,1.089096,1.089530,50
2023-11-30 21:00:00,1.089530,1.090151,1.089515,1.090136,50
2023-11-30 22:00:00,1.090136,1.090570,1.089613,1.090047,50
2023-11-30 23:00:00,1.090047,1.091033,1.089764,1.090750,50
2023-12-01 00:00:00,1.090750,1.091491,1.090533,1.091274,50
2023-12-01 01:00:00,1.091274,1.091395,1.090715,1.090836,50
2023-12-01 02:00:00,1.090836,1.091028,1.090017,1.090210,50
2023-12-01 03:00:00,1.090210,1.090292,1.090014,1.090096,50
2023-12-01 04:00:00,1.090096,1.091285,1.090049,1.091238,50
2023-12-01 05:00:00,1.091238,1.091375,1.089399,1.089535,50
2023-12-01 06:00:00,1.089535,1.089579,1.088890,1.088934,50
2023-12-01 07:00:00,1.088934,1.088983,1.088273,1.088322,50
2023-12-01 08:00:00,1.088322,1.088331,1.088181,1.088190,50
2023-12-01 09:00:00,1.088190,1.088258,1.087694,1.087761,50
2023-12-01 10:00:00,1.087761,1.088472,1.087566,1.088277,50
2023-12-01 11:00:00,1.088277,1.088501,1.087964,1.088188,50
2023-12-01 12:00:00,1.088188,1.088365,1.088034,1.088211,50
2023-12-01 13:00:00,1.088211,1.088237,1.087165,1.087191,50
2023-12-01 14:00:00,1.087191,1.087991,1.087143,1.087944,50
2023-12-01 15:00:00,1.087944,1.089725,1.087777,1.089558,50
2023-12-01 16:00:00,1.089558,1.089650,1.088650,1.088742,50
2023-12-01 17:00:00,1.088742,1.089380,1.088518,1.089156,50
2023-12-01 18:00:00,1.089156,1.089209,1.088823,1.088876,50
2023-12-01 19:00:00,1.088876,1.089795,1.088681,1.089600,50
2023-12-01 20:00:00,1.089600,1.089967,1.089507,1.089874,50
2023-12-01 21:00:00,1.089874,1.090831,1.089657,1.090613,50
2023-12-01 22:00:00,1.090613,1.091351,1.090401,1.091139,50
2023-12-01 23:00:00,1.091139,1.091357,1.087566,1.087784,50
2023-12-04 00:00:00,1.087784,1.087970,1.087623,1.087809,50
2023-12-04 01:00:00,1.087809,1.087959,1.087438,1.087588,50
2023-12-04 02:00:00,1.087588,1.087864,1.086138,1.086414,50
2023-12-04 03:00:00,1.086414,1.086417,1.085529,1.085532,50
2023-12-04 04:00:00,1.085532,1.085760,1.084102,1.084329,50
2023-12-04 05:00:00,1.084329,1.086959,1.083894,1.086524,50
2023-12-04 06:00:00,1.086524,1.087642,1.086224,1.087343,50
2023-12-04 07:00:00,1.087343,1.087498,1.087044,1.087200,50
2023-12-04 08:00:00,1.087200,1.088497,1.087064,1.088361,50
2023-12-04 09:00:00,1.088361,1.088452,1.086093,1.086184,50
2023-12-04 10:00:00,1.086184,1.086412,1.084227,1.084455,50
2023-12-04 11:00:00,1.084455,1.084456,1.083785,1.083786,50
2023-12-04 12:00:00,1.083786,1.084145,1.083026,1.083385,50
2023-12-04 13:00:00,1.083385,1.083630,1.081186,1.081431,50
2023-12-04 14:00:00,1.081431,1.082674,1.081285,1.082528,50
2023-12-04 15:00:00,1.082528,1.082722,1.082418,1.082612,50
2023-12-04 16:00:00,1.082612,1.082664,1.081232,1.081285,50
2023-12-04 17:00:00,1.081285,1.083995,1.080848,1.083558,50
2023-12-04 18:00:00,1.083558,1.085362,1.083245,1.085049,50
2023-12-04 19:00:00,1.085049,1.085288,1.083373,1.083612,50
2023-12-04 20:00:00,1.083612,1.084450,1.083291,1.084130,50
2023-12-04 21:00:00,1.084130,1.085699,1.083947,1.085516,50
2023-12-04 22:00:00,1.085516,1.085900,1.083075,1.083459,50
2023-12-04 23:00:00,1.083459,1.083775,1.082052,1.082368,50
2023-12-05 00:00:00,1.082368,1.082628,1.080768,1.081028,50
2023-12-05 01:00:00,1.081028,1.081088,1.080618,1.080679,50
2023-12-05 02:00:00,1.080679,1.080893,1.080189,1.080403,50
2023-12-05 03:00:00,1.080403,1.080649,1.079991,1.080238,50
2023-12-05 04:00:00,1.080238,1.080355,1.079298,1.079415,50
2023-12-05 05:00:00,1.079415,1.080661,1.079350,1.080596,50
2023-12-05 06:00:00,1.080596,1.081582,1.080399,1.081384,50
2023-12-05 07:00:00,1.081384,1.081777,1.081244,1.081637,50
2023-12-05 08:00:00,1.081637,1.082387,1.081529,1.082280,50
2023-12-05 09:00:00,1.082280,1.083227,1.082145,1.083092,50
2023-12-05 10:00:00,1.083092,1.083142,1.082649,1.082699,50
2023-12-05 11:00:00,1.082699,1.082804,1.082166,1.082271,50
2023-12-05 12:00:00,1.082271,1.082692,1.082117,1.082538,50
2023-12-05 13:00:00,1.082538,1.082609,1.082206,1.082277,50
2023-12-05 14:00:00,1.082277,1.082366,1.082140,1.082229,50
2023-12-05 15:00:00,1.082229,1.082277,1.081284,1.081332,50
2023-12-05 16:00:00,1.081332,1.081408,1.081268,1.081344,50
2023-12-05 17:00:00,1.081344,1.081505,1.079544,1.079705,50
2023-12-05 18:00:00,1.079705,1.079781,1.079644,1.079720,50
2023-12-05 19:00:00,1.079720,1.079735,1.078441,1.078456,50
2023-12-05 20:00:00,1.078456,1.078554,1.077926,1.078025,50
2023-12-05 21:00:00,1.078025,1.079967,1.077952,1.079895,50
2023-12-05 22:00:00,1.079895,1.080070,1.078650,1.078825,50
2023-12-05 23:00:00,1.078825,1.078907,1.078666,1.078749,50
2023-12-06 00:00:00,1.078749,1.078896,1.077813,1.077961,50
2023-12-06 01:00:00,1.077961,1.078071,1.077879,1.077989,50
2023-12-06 02:00:00,1.077989,1.079013,1.077877,1.078901,50
2023-12-06 03:00:00,1.078901,1.079491,1.078741,1.079331,50
2023-12-06 04:00:00,1.079331,1.079458,1.078108,1.078234,50
2023-12-06 05:00:00,1.078234,1.079069,1.078116,1.078951,50
2023-12-06 06:00:00,1.078951,1.079048,1.078247,1.078343,50
2023-12-06 07:00:00,1.078343,1.078424,1.078136,1.078217,50
2023-12-06 08:00:00,1.078217,1.078275,1.078130,1.078188,50
2023-12-06 09:00:00,1.078188,1.078276,1.077159,1.077247,50
2023-12-06 10:00:00,1.077247,1.078563,1.077055,1.078372,50
2023-12-06 11:00:00,1.078372,1.079605,1.078319,1.079552,50
2023-12-06 12:00:00,1.079552,1.080022,1.079393,1.079862,50
2023-12-06 13:00:00,1.079862,1.080012,1.079665,1.079816,50
2023-12-06 14:00:00,1.079816,1.080168,1.079732,1.080084,50
2023-12-06 15:00:00,1.080084,1.080619,1.079948,1.080484,50
2023-12-06 16:00:00,1.080484,1.080547,1.079509,1.079572,50
2023-12-06 17:00:00,1.079572,1.079582,1.079180,1.079190,50
2023-12-06 18:00:00,1.079190,1.079454,1.079057,1.079321,50
2023-12-06 19:00:00,1.079321,1.079335,1.079113,1.079127,50
2023-12-06 20:00:00,1.079127,1.080124,1.078957,1.079954,50
2023-12-06 21:00:00,1.079954,1.080167,1.079879,1.080093,50
2023-12-06 22:00:00,1.080093,1.080269,1.080073,1.080249,50
2023-12-06 23:00:00,1.080249,1.080370,1.078861,1.078981,50
2023-12-07 00:00:00,1.078981,1.079036,1.077909,1.077964,50
2023-12-07 01:00:00,1.077964,1.078063,1.077768,1.077867,50
2023-12-07 02:00:00,1.077867,1.078030,1.077847,1.078010,50
2023-12-07 03:00:00,1.078010,1.078299,1.077853,1.078142,50
2023-12-07 04:00:00,1.078142,1.078208,1.077790,1.077856,50
2023-12-07 05:00:00,1.077856,1.078046,1.077406,1.077595,50
2023-12-07 06:00:00,1.077595,1.078292,1.077493,1.078190,50
2023-12-07 07:00:00,1.078190,1.078295,1.078182,1.078287,50
2023-12-07 08:00:00,1.078287,1.078594,1.078227,1.078534,50
2023-12-07 09:00:00,1.078534,1.078688,1.078286,1.078439,50
2023-12-07 10:00:00,1.078439,1.079076,1.078318,1.078955,50
2023-12-07 11:00:00,1.078955,1.078976,1.078882,1.078903,50
2023-12-07 12:00:00,1.078903,1.079484,1.078712,1.079293,50
2023-12-07 13:00:00,1.079293,1.079569,1.079110,1.079387,50
2023-12-07 14:00:00,1.079387,1.079528,1.079005,1.079146,50
2023-12-07 15:00:00,1.079146,1.079668,1.079066,1.079588,50
2023-12-07 16:00:00,1.079588,1.079638,1.079327,1.079378,50
2023-12-07 17:00:00,1.079378,1.079458,1.079305,1.079385,50
2023-12-07 18:00:00,1.079385,1.079674,1.079287,1.079576,50
2023-12-07 19:00:00,1.079576,1.080193,1.079400,1.080018,50
2023-12-07 20:00:00,1.080018,1.080559,1.079883,1.080424,50
2023-12-07 21:00:00,1.080424,1.080904,1.080354,1.080834,50
2023-12-07 22:00:00,1.080834,1.080860,1.080466,1.080493,50
2023-12-07 23:00:00,1.080493,1.080555,1.079385,1.079447,50
2023-12-08 00:00:00,1.079447,1.079847,1.073495,1.073895,50
2023-12-08 01:00:00,1.073895,1.074423,1.073724,1.074252,50
2023-12-08 02:00:00,1.074252,1.076123,1.074191,1.076062,50
2023-12-08 03:00:00,1.076062,1.076274,1.075770,1.075983,50
2023-12-08 04:00:00,1.075983,1.077494,1.075783,1.077294,50
2023-12-08 05:00:00,1.077294,1.077524,1.076819,1.077049,50
2023-12-08 06:00:00,1.077049,1.077359,1.076930,1.077240,50
2023-12-08 07:00:00,1.077240,1.077445,1.077228,1.077434,50
2023-12-08 08:00:00,1.077434,1.079084,1.077147,1.078797,50
2023-12-08 09:00:00,1.078797,1.080381,1.078513,1.080097,50
2023-12-08 10:00:00,1.080097,1.080287,1.079374,1.079564,50
2023-12-08 11:00:00,1.079564,1.079582,1.078377,1.078395,50
2023-12-08 12:00:00,1.078395,1.080809,1.078007,1.080422,50
2023-12-08 13:00:00,1.080422,1.080565,1.080088,1.080232,50
2023-12-08 14:00:00,1.080232,1.080482,1.078181,1.078431,50
2023-12-08 15:00:00,1.078431,1.079350,1.078130,1.079049,50
2023-12-08 16:00:00,1.079049,1.079244,1.077357,1.077552,50
2023-12-08 17:00:00,1.077552,1.077929,1.075795,1.076172,50
2023-12-08 18:00:00,1.076172,1.076920,1.075801,1.076549,50
2023-12-08 19:00:00,1.076549,1.076659,1.075996,1.076106,50
2023-12-08 20:00:00,1.076106,1.076113,1.075061,1.075068,50
2023-12-08 21:00:00,1.075068,1.075442,1.074936,1.075310,50
2023-12-08 22:00:00,1.075310,1.075570,1.074469,1.074728,50
2023-12-08 23:00:00,1.074728,1.075104,1.074199,1.074576,50
2023-12-11 00:00:00,1.074576,1.074740,1.072857,1.073021,50
2023-12-11 01:00:00,1.073021,1.073358,1.072978,1.073315,50
2023-12-11 02:00:00,1.073315,1.073505,1.073197,1.073387,50
2023-12-11 03:00:00,1.073387,1.073569,1.073379,1.073561,50
2023-12-11 04:00:00,1.073561,1.073593,1.073428,1.073460,50
2023-12-11 05:00:00,1.073460,1.073622,1.073295,1.073457,50
2023-12-11 06:00:00,1.073457,1.074166,1.073293,1.074002,50
2023-12-11 07:00:00,1.074002,1.074844,1.073920,1.074762,50
2023-12-11 08:00:00,1.074762,1.075576,1.074708,1.075522,50
2023-12-11 09:00:00,1.075522,1.075529,1.075081,1.075088,50
2023-12-11 10:00:00,1.075088,1.075877,1.074914,1.075703,50
2023-12-11 11:00:00,1.075703,1.075873,1.075496,1.075667,50
2023-12-11 12:00:00,1.075667,1.075958,1.075498,1.075789,50
2023-12-11 13:00:00,1.075789,1.076260,1.075774,1.076245,50
2023-12-11 14:00:00,1.076245,1.076437,1.075708,1.075901,50
2023-12-11 15:00:00,1.075901,1.075924,1.075304,1.075328,50
2023-12-11 16:00:00,1.075328,1.075424,1.075116,1.075212,50
2023-12-11 17:00:00,1.075212,1.075265,1.075162,1.075215,50
2023-12-11 18:00:00,1.075215,1.075252,1.074484,1.074521,50
2023-12-11 19:00:00,1.074521,1.074539,1.074353,1.074371,50
2023-12-11 20:00:00,1.074371,1.074472,1.073754,1.073855,50
2023-12-11 21:00:00,1.073855,1.074212,1.073729,1.074086,50
2023-12-11 22:00:00,1.074086,1.074213,1.073470,1.073596,50
2023-12-11 23:00:00,1.073596,1.074749,1.073539,1.074691,50
2023-12-12 00:00:00,1.074691,1.077210,1.074370,1.076889,50
2023-12-12 01:00:00,1.076889,1.077596,1.076615,1.077322,50
2023-12-12 02:00:00,1.077322,1.077736,1.077103,1.077518,50
2023-12-12 03:00:00,1.077518,1.077803,1.077221,1.077506,50
2023-12-12 04:00:00,1.077506,1.077571,1.077396,1.077461,50
2023-12-12 05:00:00,1.077461,1.077487,1.075087,1.075113,50
2023-12-12 06:00:00,1.075113,1.075265,1.074279,1.074431,50
2023-12-12 07:00:00,1.074431,1.074690,1.073574,1.073833,50
2023-12-12 08:00:00,1.073833,1.074743,1.073740,1.074649,50
2023-12-12 09:00:00,1.074649,1.077118,1.074615,1.077083,50
2023-12-12 10:00:00,1.077083,1.078916,1.077031,1.078863,50
2023-12-12 11:00:00,1.078863,1.079545,1.078713,1.079395,50
2023-12-12 12:00:00,1.079395,1.079859,1.079376,1.079840,50
2023-12-12 13:00:00,1.079840,1.079998,1.079595,1.079754,50
2023-12-12 14:00:00,1.079754,1.080012,1.078040,1.078298,50
2023-12-12 15:00:00,1.078298,1.078550,1.076511,1.076763,50
2023-12-12 16:00:00,1.076763,1.078008,1.076529,1.077775,50
2023-12-12 17:00:00,1.077775,1.078009,1.074391,1.074626,50
2023-12-12 18:00:00,1.074626,1.076755,1.074590,1.076719,50
2023-12-12 19:00:00,1.076719,1.077720,1.076703,1.077704,50
2023-12-12 20:00:00,1.077704,1.078005,1.076546,1.076847,50
2023-12-12 21:00:00,1.076847,1.077968,1.076724,1.077844,50
2023-12-12 22:00:00,1.077844,1.078040,1.077831,1.078026,50
2023-12-12 23:00:00,1.078026,1.079217,1.077791,1.078981,50
2023-12-13 00:00:00,1.078981,1.078994,1.078094,1.078107,50
2023-12-13 01:00:00,1.078107,1.078146,1.077580,1.077619,50
2023-12-13 02:00:00,1.077619,1.078474,1.077429,1.078283,50
2023-12-13 03:00:00,1.078283,1.078335,1.078134,1.078187,50
2023-12-13 04:00:00,1.078187,1.078353,1.077617,1.077783,50
2023-12-13 05:00:00,1.077783,1.078234,1.077664,1.078116,50
2023-12-13 06:00:00,1.078116,1.078220,1.077433,1.077537,50
2023-12-13 07:00:00,1.077537,1.077706,1.077438,1.077607,50
2023-12-13 08:00:00,1.077607,1.077642,1.077507,1.077543,50
2023-12-13 09:00:00,1.077543,1.078335,1.077380,1.078172,50
2023-12-13 10:00:00,1.078172,1.078233,1.078060,1.078121,50
2023-12-13 11:00:00,1.078121,1.079109,1.077998,1.078986,50
2023-12-13 12:00:00,1.078986,1.079323,1.078983,1.079321,50
2023-12-13 13:00:00,1.079321,1.079415,1.078811,1.078905,50
2023-12-13 14:00:00,1.078905,1.078946,1.078834,1.078875,50
2023-12-13 15:00:00,1.078875,1.079278,1.078848,1.079252,50
2023-12-13 16:00:00,1.079252,1.079609,1.079221,1.079579,50
2023-12-13 17:00:00,1.079579,1.080283,1.079490,1.080195,50
2023-12-13 18:00:00,1.080195,1.080955,1.080014,1.080775,50
2023-12-13 19:00:00,1.080775,1.080793,1.079982,1.080000,50
2023-12-13 20:00:00,1.080000,1.080095,1.079703,1.079798,50
2023-12-13 21:00:00,1.079798,1.080452,1.079682,1.080335,50
2023-12-13 22:00:00,1.080335,1.080522,1.079769,1.079956,50
2023-12-13 23:00:00,1.079956,1.080111,1.079176,1.079331,50
2023-12-14 00:00:00,1.079331,1.083302,1.077809,1.081781,50
2023-12-14 01:00:00,1.081781,1.081916,1.075112,1.075248,50
2023-12-14 02:00:00,1.075248,1.080556,1.074258,1.079566,50
2023-12-14 03:00:00,1.079566,1.085943,1.079159,1.085536,50
2023-12-14 04:00:00,1.085536,1.088891,1.085264,1.088619,50
2023-12-14 05:00:00,1.088619,1.098380,1.086984,1.096744,50
2023-12-14 06:00:00,1.096744,1.098025,1.092424,1.093705,50
2023-12-14 07:00:00,1.093705,1.094652,1.091106,1.092053,50
2023-12-14 08:00:00,1.092053,1.098013,1.091622,1.097581,50
2023-12-14 09:00:00,1.097581,1.099046,1.089052,1.090517,50
2023-12-14 10:00:00,1.090517,1.091951,1.084287,1.085722,50
2023-12-14 11:00:00,1.085722,1.088454,1.085608,1.088340,50
2023-12-14 12:00:00,1.088340,1.092733,1.087601,1.091994,50
2023-12-14 13:00:00,1.091994,1.095593,1.091965,1.095565,50
2023-12-14 14:00:00,1.095565,1.096352,1.090472,1.091260,50
2023-12-14 15:00:00,1.091260,1.091415,1.090062,1.090217,50
2023-12-14 16:00:00,1.090217,1.093441,1.089185,1.092409,50
2023-12-14 17:00:00,1.092409,1.097959,1.091897,1.097446,50
2023-12-14 18:00:00,1.097446,1.097680,1.095579,1.095813,50
2023-12-14 19:00:00,1.095813,1.096569,1.095721,1.096477,50
2023-12-14 20:00:00,1.096477,1.102821,1.095433,1.101777,50
2023-12-14 21:00:00,1.101777,1.102544,1.099006,1.099772,50
2023-12-14 22:00:00,1.099772,1.101203,1.098778,1.100209,50
2023-12-14 23:00:00,1.100209,1.101644,1.098312,1.099747,50
2023-12-15 00:00:00,1.099747,1.100753,1.099638,1.100643,50
2023-12-15 01:00:00,1.100643,1.101220,1.100198,1.100775,50
2023-12-15 02:00:00,1.100775,1.101334,1.098262,1.098821,50
2023-12-15 03:00:00,1.098821,1.099458,1.098178,1.098815,50
2023-12-15 04:00:00,1.098815,1.099410,1.095796,1.096390,50
2023-12-15 05:00:00,1.096390,1.097467,1.096248,1.097325,50
2023-12-15 06:00:00,1.097325,1.098347,1.096798,1.097820,50
2023-12-15 07:00:00,1.097820,1.098087,1.094462,1.094729,50
2023-12-15 08:00:00,1.094729,1.096153,1.094257,1.095682,50
2023-12-15 09:00:00,1.095682,1.099312,1.095338,1.098968,50
2023-12-15 10:00:00,1.098968,1.099585,1.098759,1.099376,50
2023-12-15 11:00:00,1.099376,1.101726,1.099195,1.101545,50
2023-12-15 12:00:00,1.101545,1.101904,1.099245,1.099603,50
2023-12-15 13:00:00,1.099603,1.099659,1.097256,1.097312,50
2023-12-15 14:00:00,1.097312,1.098066,1.095987,1.096741,50
2023-12-15 15:00:00,1.096741,1.096756,1.096708,1.096722,50
2023-12-15 16:00:00,1.096722,1.097013,1.096511,1.096802,50
2023-12-15 17:00:00,1.096802,1.097565,1.094883,1.095646,50
2023-12-15 18:00:00,1.095646,1.096141,1.093804,1.094299,50
2023-12-15 19:00:00,1.094299,1.095364,1.093870,1.094935,50
2023-12-15 20:00:00,1.094935,1.094989,1.093127,1.093181,50
2023-12-15 21:00:00,1.093181,1.096408,1.092988,1.096215,50
2023-12-15 22:00:00,1.096215,1.096763,1.093643,1.094190,50
2023-12-15 23:00:00,1.094190,1.094480,1.090341,1.090631,50
2023-12-18 00:00:00,1.090631,1.090983,1.090605,1.090956,50
2023-12-18 01:00:00,1.090956,1.091026,1.090452,1.090521,50
2023-12-18 02:00:00,1.090521,1.090583,1.090241,1.090303,50
2023-12-18 03:00:00,1.090303,1.090435,1.089517,1.089649,50
2023-12-18 04:00:00,1.089649,1.090225,1.089598,1.090175,50
2023-12-18 05:00:00,1.090175,1.090225,1.089898,1.089948,50
2023-12-18 06:00:00,1.089948,1.089991,1.089632,1.089675,50
2023-12-18 07:00:00,1.089675,1.090158,1.089515,1.089999,50
2023-12-18 08:00:00,1.089999,1.090311,1.089895,1.090207,50
2023-12-18 09:00:00,1.090207,1.090675,1.090036,1.090504,50
2023-12-18 10:00:00,1.090504,1.091615,1.090379,1.091489,50
2023-12-18 11:00:00,1.091489,1.092168,1.091483,1.092162,50
2023-12-18 12:00:00,1.092162,1.092450,1.092010,1.092298,50
2023-12-18 13:00:00,1.092298,1.092389,1.091833,1.091924,50
2023-12-18 14:00:00,1.091924,1.092833,1.091854,1.092763,50
2023-12-18 15:00:00,1.092763,1.092885,1.092733,1.092855,50
2023-12-18 16:00:00,1.092855,1.093077,1.092702,1.092924,50
2023-12-18 17:00:00,1.092924,1.092998,1.092448,1.092522,50
2023-12-18 18:00:00,1.092522,1.092813,1.092467,1.092758,50
2023-12-18 19:00:00,1.092758,1.092929,1.092512,1.092683,50
2023-12-18 20:00:00,1.092683,1.092880,1.092408,1.092604,50
2023-12-18 21:00:00,1.092604,1.092773,1.091904,1.092074,50
2023-12-18 22:00:00,1.092074,1.092169,1.091882,1.091977,50
2023-12-18 23:00:00,1.091977,1.092102,1.091816,1.091941,50
2023-12-19 00:00:00,1.091941,1.092073,1.091754,1.091886,50
2023-12-19 01:00:00,1.091886,1.092336,1.091033,1.091483,50
2023-12-19 02:00:00,1.091483,1.091933,1.090889,1.091340,50
2023-12-19 03:00:00,1.091340,1.091725,1.090406,1.090791,50
2023-12-19 04:00:00,1.090791,1.092041,1.090389,1.091639,50
2023-12-19 05:00:00,1.091639,1.092005,1.090822,1.091188,50
2023-12-19 06:00:00,1.091188,1.093431,1.090914,1.093157,50
2023-12-19 07:00:00,1.093157,1.094393,1.092930,1.094167,50
2023-12-19 08:00:00,1.094167,1.094412,1.094025,1.094270,50
2023-12-19 09:00:00,1.094270,1.095768,1.094198,1.095697,50
2023-12-19 10:00:00,1.095697,1.097028,1.095467,1.096798,50
2023-12-19 11:00:00,1.096798,1.097281,1.096732,1.097214,50
2023-12-19 12:00:00,1.097214,1.097581,1.096824,1.097190,50
2023-12-19 13:00:00,1.097190,1.097198,1.096684,1.096691,50
2023-12-19 14:00:00,1.096691,1.096925,1.096255,1.096489,50
2023-12-19 15:00:00,1.096489,1.096842,1.094984,1.095337,50
2023-12-19 16:00:00,1.095337,1.095730,1.095069,1.095463,50
2023-12-19 17:00:00,1.095463,1.096328,1.095347,1.096212,50
2023-12-19 18:00:00,1.096212,1.096713,1.095961,1.096461,50
2023-12-19 19:00:00,1.096461,1.097133,1.096374,1.097046,50
2023-12-19 20:00:00,1.097046,1.098212,1.096818,1.097985,50
2023-12-19 21:00:00,1.097985,1.098564,1.097715,1.098295,50
2023-12-19 22:00:00,1.098295,1.098658,1.097373,1.097737,50
2023-12-19 23:00:00,1.097737,1.098119,1.097312,1.097695,50
2023-12-20 00:00:00,1.097695,1.097777,1.097579,1.097662,50
2023-12-20 01:00:00,1.097662,1.098436,1.097510,1.098285,50
2023-12-20 02:00:00,1.098285,1.098390,1.097543,1.097648,50
2023-12-20 03:00:00,1.097648,1.098480,1.097484,1.098316,50
2023-12-20 04:00:00,1.098316,1.098354,1.097181,1.097219,50
2023-12-20 05:00:00,1.097219,1.097273,1.095971,1.096024,50
2023-12-20 06:00:00,1.096024,1.096081,1.095641,1.095697,50
2023-12-20 07:00:00,1.095697,1.095969,1.095586,1.095858,50
2023-12-20 08:00:00,1.095858,1.096156,1.095691,1.095989,50
2023-12-20 09:00:00,1.095989,1.096298,1.095804,1.096112,50
2023-12-20 10:00:00,1.096112,1.096216,1.095984,1.096088,50
2023-12-20 11:00:00,1.096088,1.096226,1.095581,1.095718,50
2023-12-20 12:00:00,1.095718,1.096567,1.095594,1.096443,50
2023-12-20 13:00:00,1.096443,1.096619,1.094853,1.095029,50
2023-12-20 14:00:00,1.095029,1.096072,1.094941,1.095984,50
2023-12-20 15:00:00,1.095984,1.096111,1.095882,1.096009,50
2023-12-20 16:00:00,1.096009,1.096652,1.095943,1.096585,50
2023-12-20 17:00:00,1.096585,1.096650,1.096403,1.096468,50
2023-12-20 18:00:00,1.096468,1.096715,1.096309,1.096556,50
2023-12-20 19:00:00,1.096556,1.096621,1.095646,1.095711,50
2023-12-20 20:00:00,1.095711,1.095890,1.095354,1.095533,50
2023-12-20 21:00:00,1.095533,1.095534,1.095189,1.095190,50
2023-12-20 22:00:00,1.095190,1.095955,1.095068,1.095833,50
2023-12-20 23:00:00,1.095833,1.095954,1.095529,1.095650,50
2023-12-21 00:00:00,1.095650,1.096788,1.095374,1.096512,50
2023-12-21 01:00:00,1.096512,1.096969,1.096302,1.096759,50
2023-12-21 02:00:00,1.096759,1.096849,1.096402,1.096492,50
2023-12-21 03:00:00,1.096492,1.096526,1.096486,1.096520,50
2023-12-21 04:00:00,1.096520,1.096838,1.096400,1.096718,50
2023-12-21 05:00:00,1.096718,1.096768,1.096259,1.096309,50
2023-12-21 06:00:00,1.096309,1.096535,1.095796,1.096022,50
2023-12-21 07:00:00,1.096022,1.096153,1.095397,1.095527,50
2023-12-21 08:00:00,1.095527,1.096611,1.095251,1.096334,50
2023-12-21 09:00:00,1.096334,1.096515,1.095514,1.095695,50
2023-12-21 10:00:00,1.095695,1.096035,1.095587,1.095927,50
2023-12-21 11:00:00,1.095927,1.096997,1.095767,1.096837,50
2023-12-21 12:00:00,1.096837,1.097582,1.096673,1.097418,50
2023-12-21 13:00:00,1.097418,1.097596,1.096203,1.096381,50
2023-12-21 14:00:00,1.096381,1.098107,1.096154,1.097880,50
2023-12-21 15:00:00,1.097880,1.098538,1.097672,1.098329,50
2023-12-21 16:00:00,1.098329,1.098411,1.097354,1.097436,50
2023-12-21 17:00:00,1.097436,1.097653,1.097292,1.097509,50
2023-12-21 18:00:00,1.097509,1.097676,1.096768,1.096935,50
2023-12-21 19:00:00,1.096935,1.097681,1.096663,1.097409,50
2023-12-21 20:00:00,1.097409,1.098647,1.097409,1.098647,50
2023-12-21 21:00:00,1.098647,1.098731,1.097950,1.098034,50
2023-12-21 22:00:00,1.098034,1.099461,1.097895,1.099322,50
2023-12-21 23:00:00,1.099322,1.099457,1.098887,1.099022,50
2023-12-22 00:00:00,1.099022,1.099203,1.098821,1.099002,50
2023-12-22 01:00:00,1.099002,1.100105,1.098869,1.099973,50
2023-12-22 02:00:00,1.099973,1.100196,1.099937,1.100160,50
2023-12-22 03:00:00,1.100160,1.100631,1.100086,1.100557,50
2023-12-22 04:00:00,1.100557,1.100677,1.100364,1.100484,50
2023-12-22 05:00:00,1.100484,1.100526,1.099670,1.099713,50
2023-12-22 06:00:00,1.099713,1.100352,1.099619,1.100259,50
2023-12-22 07:00:00,1.100259,1.100284,1.099674,1.099699,50
2023-12-22 08:00:00,1.099699,1.099773,1.098507,1.098580,50
2023-12-22 09:00:00,1.098580,1.098744,1.098256,1.098420,50
2023-12-22 10:00:00,1.098420,1.098496,1.098201,1.098278,50
2023-12-22 11:00:00,1.098278,1.099399,1.098089,1.099210,50
2023-12-22 12:00:00,1.099210,1.100353,1.099169,1.100313,50
2023-12-22 13:00:00,1.100313,1.101711,1.100183,1.101581,50
2023-12-22 14:00:00,1.101581,1.101634,1.100229,1.100282,50
2023-12-22 15:00:00,1.100282,1.100282,1.099817,1.099817,50
2023-12-22 16:00:00,1.099817,1.099829,1.099060,1.099072,50
2023-12-22 17:00:00,1.099072,1.099602,1.098926,1.099456,50
2023-12-22 18:00:00,1.099456,1.099648,1.098841,1.099032,50
2023-12-22 19:00:00,1.099032,1.099154,1.098514,1.098636,50
2023-12-22 20:00:00,1.098636,1.099639,1.098566,1.099569,50
2023-12-22 21:00:00,1.099569,1.099967,1.099400,1.099798,50
2023-12-22 22:00:00,1.099798,1.099885,1.099768,1.099854,50
2023-12-22 23:00:00,1.099854,1.101025,1.099666,1.100837,50
2023-12-26 00:00:00,1.100837,1.102088,1.100686,1.101937,50
2023-12-26 01:00:00,1.101937,1.101982,1.101364,1.101408,50
2023-12-26 02:00:00,1.101408,1.101436,1.100452,1.100479,50
2023-12-26 03:00:00,1.100479,1.100701,1.100183,1.100405,50
2023-12-26 04:00:00,1.100405,1.100415,1.100292,1.100302,50
2023-12-26 05:00:00,1.100302,1.101114,1.100145,1.100958,50
2023-12-26 06:00:00,1.100958,1.101909,1.100928,1.101879,50
2023-12-26 07:00:00,1.101879,1.102526,1.101837,1.102483,50
2023-12-26 08:00:00,1.102483,1.103007,1.102469,1.102993,50
2023-12-26 09:00:00,1.102993,1.103521,1.102812,1.103339,50
2023-12-26 10:00:00,1.103339,1.103397,1.103102,1.103160,50
2023-12-26 11:00:00,1.103160,1.103331,1.102934,1.103104,50
2023-12-26 12:00:00,1.103104,1.103236,1.103016,1.103148,50
2023-12-26 13:00:00,1.103148,1.103562,1.103133,1.103547,50
2023-12-26 14:00:00,1.103547,1.103846,1.103491,1.103790,50
2023-12-26 15:00:00,1.103790,1.103919,1.103289,1.103418,50
2023-12-26 16:00:00,1.103418,1.103994,1.103404,1.103980,50
2023-12-26 17:00:00,1.103980,1.104174,1.103460,1.103654,50
2023-12-26 18:00:00,1.103654,1.104080,1.103618,1.104044,50
2023-12-26 19:00:00,1.104044,1.104106,1.103127,1.103189,50
2023-12-26 20:00:00,1.103189,1.103348,1.102061,1.102219,50
2023-12-26 21:00:00,1.102219,1.102848,1.102105,1.102733,50
2023-12-26 22:00:00,1.102733,1.102810,1.102496,1.102573,50
2023-12-26 23:00:00,1.102573,1.103724,1.102358,1.103509,50
2023-12-27 00:00:00,1.103509,1.108141,1.103465,1.108098,50
2023-12-27 01:00:00,1.108098,1.109922,1.107567,1.109391,50
2023-12-27 02:00:00,1.109391,1.109803,1.106729,1.107140,50
2023-12-27 03:00:00,1.107140,1.107674,1.106586,1.107119,50
2023-12-27 04:00:00,1.107119,1.107367,1.105738,1.105986,50
2023-12-27 05:00:00,1.105986,1.108883,1.105380,1.108277,50
2023-12-27 06:00:00,1.108277,1.110045,1.107782,1.109550,50
2023-12-27 07:00:00,1.109550,1.110786,1.109013,1.110249,50
2023-12-27 08:00:00,1.110249,1.112384,1.110226,1.112361,50
2023-12-27 09:00:00,1.112361,1.112904,1.110785,1.111328,50
2023-12-27 10:00:00,1.111328,1.111957,1.109511,1.110140,50
2023-12-27 11:00:00,1.110140,1.110623,1.108251,1.108734,50
2023-12-27 12:00:00,1.108734,1.109027,1.104372,1.104664,50
2023-12-27 13:00:00,1.104664,1.105072,1.101532,1.101939,50
2023-12-27 14:00:00,1.101939,1.105032,1.101761,1.104853,50
2023-12-27 15:00:00,1.104853,1.105034,1.104724,1.104905,50
2023-12-27 16:00:00,1.104905,1.105493,1.103803,1.104392,50
2023-12-27 17:00:00,1.104392,1.108505,1.103969,1.108082,50
2023-12-27 18:00:00,1.108082,1.110136,1.107504,1.109559,50
2023-12-27 19:00:00,1.109559,1.109716,1.104538,1.104695,50
2023-12-27 20:00:00,1.104695,1.110698,1.104425,1.110428,50
2023-12-27 21:00:00,1.110428,1.113118,1.109887,1.112577,50
2023-12-27 22:00:00,1.112577,1.113021,1.112484,1.112928,50
2023-12-27 23:00:00,1.112928,1.113271,1.111015,1.111358,50
2023-12-28 00:00:00,1.111358,1.112298,1.111202,1.112141,50
2023-12-28 01:00:00,1.112141,1.112467,1.111093,1.111419,50
2023-12-28 02:00:00,1.111419,1.112433,1.111156,1.112170,50
2023-12-28 03:00:00,1.112170,1.112176,1.112133,1.112139,50
2023-12-28 04:00:00,1.112139,1.112460,1.111729,1.112050,50
2023-12-28 05:00:00,1.112050,1.112331,1.110766,1.111047,50
2023-12-28 06:00:00,1.111047,1.111199,1.110950,1.111102,50
2023-12-28 07:00:00,1.111102,1.111431,1.108971,1.109300,50
2023-12-28 08:00:00,1.109300,1.109356,1.109171,1.109227,50
2023-12-28 09:00:00,1.109227,1.109548,1.107182,1.107503,50
2023-12-28 10:00:00,1.107503,1.107706,1.106695,1.106898,50
2023-12-28 11:00:00,1.106898,1.106906,1.106477,1.106485,50
2023-12-28 12:00:00,1.106485,1.108325,1.106208,1.108049,50
2023-12-28 13:00:00,1.108049,1.108696,1.107941,1.108588,50
2023-12-28 14:00:00,1.108588,1.108613,1.108239,1.108263,50
2023-12-28 15:00:00,1.108263,1.108802,1.108207,1.108746,50
2023-12-28 16:00:00,1.108746,1.109669,1.108716,1.109639,50
2023-12-28 17:00:00,1.109639,1.110787,1.109485,1.110633,50
2023-12-28 18:00:00,1.110633,1.110731,1.109968,1.110066,50
2023-12-28 19:00:00,1.110066,1.110379,1.108641,1.108954,50
2023-12-28 20:00:00,1.108954,1.109085,1.108158,1.108289,50
2023-12-28 21:00:00,1.108289,1.109938,1.108252,1.109901,50
2023-12-28 22:00:00,1.109901,1.109903,1.109690,1.109691,50
2023-12-28 23:00:00,1.109691,1.109932,1.107056,1.107297,50
2023-12-29 00:00:00,1.107297,1.108545,1.107157,1.108405,50
2023-12-29 01:00:00,1.108405,1.108570,1.107935,1.108100,50
2023-12-29 02:00:00,1.108100,1.108175,1.106814,1.106889,50
2023-12-29 03:00:00,1.106889,1.107020,1.106336,1.106467,50
2023-12-29 04:00:00,1.106467,1.106729,1.106321,1.106583,50
2023-12-29 05:00:00,1.106583,1.106891,1.106566,1.106873,50
2023-12-29 06:00:00,1.106873,1.107025,1.105652,1.105803,50
2023-12-29 07:00:00,1.105803,1.106643,1.105764,1.106604,50
2023-12-29 08:00:00,1.106604,1.106824,1.106547,1.106766,50
2023-12-29 09:00:00,1.106766,1.106814,1.105703,1.105751,50
2023-12-29 10:00:00,1.105751,1.106350,1.105694,1.106293,50
2023-12-29 11:00:00,1.106293,1.106481,1.106001,1.106189,50
2023-12-29 12:00:00,1.106189,1.106276,1.105953,1.106039,50
2023-12-29 13:00:00,1.106039,1.106210,1.105642,1.105812,50
2023-12-29 14:00:00,1.105812,1.105951,1.105785,1.105924,50
2023-12-29 15:00:00,1.105924,1.106552,1.105874,1.106503,50
2023-12-29 16:00:00,1.106503,1.108192,1.106501,1.108190,50
2023-12-29 17:00:00,1.108190,1.108284,1.107862,1.107956,50
2023-12-29 18:00:00,1.107956,1.108145,1.105645,1.105835,50
2023-12-29 19:00:00,1.105835,1.105938,1.104983,1.105087,50
2023-12-29 20:00:00,1.105087,1.106279,1.104943,1.106136,50
2023-12-29 21:00:00,1.106136,1.106169,1.105780,1.105812,50
2023-12-29 22:00:00,1.105812,1.106428,1.105801,1.106416,50
2023-12-29 23:00:00,1.106416,1.106461,1.106150,1.106195,50
2024-01-02 00:00:00,1.106195,1.106494,1.103174,1.103473,50
2024-01-02 01:00:00,1.103473,1.103612,1.102365,1.102504,50
2024-01-02 02:00:00,1.102504,1.103026,1.099952,1.100474,50
2024-01-02 03:00:00,1.100474,1.101179,1.094178,1.094882,50
2024-01-02 04:00:00,1.094882,1.095504,1.092920,1.093541,50
2024-01-02 05:00:00,1.093541,1.094740,1.092809,1.094007,50
2024-01-02 06:00:00,1.094007,1.096472,1.093385,1.095849,50
2024-01-02 07:00:00,1.095849,1.096617,1.095271,1.096039,50
2024-01-02 08:00:00,1.096039,1.099009,1.095816,1.098786,50
2024-01-02 09:00:00,1.098786,1.099635,1.096185,1.097034,50
2024-01-02 10:00:00,1.097034,1.097911,1.095491,1.096368,50
2024-01-02 11:00:00,1.096368,1.098271,1.095719,1.097622,50
2024-01-02 12:00:00,1.097622,1.101214,1.096739,1.100331,50
2024-01-02 13:00:00,1.100331,1.101883,1.099549,1.101100,50
2024-01-02 14:00:00,1.101100,1.102663,1.100323,1.101886,50
2024-01-02 15:00:00,1.101886,1.103083,1.101216,1.102412,50
2024-01-02 16:00:00,1.102412,1.104814,1.101693,1.104095,50
2024-01-02 17:00:00,1.104095,1.104707,1.102110,1.102722,50
2024-01-02 18:00:00,1.102722,1.102835,1.099542,1.099656,50
2024-01-02 19:00:00,1.099656,1.101980,1.098914,1.101238,50
2024-01-02 20:00:00,1.101238,1.102236,1.100926,1.101923,50
2024-01-02 21:00:00,1.101923,1.103837,1.101353,1.103267,50
2024-01-02 22:00:00,1.103267,1.104064,1.101226,1.102023,50
2024-01-02 23:00:00,1.102023,1.102459,1.095213,1.095650,50
2024-01-03 00:00:00,1.095650,1.096205,1.095543,1.096097,50
2024-01-03 01:00:00,1.096097,1.096225,1.095400,1.095528,50
2024-01-03 02:00:00,1.095528,1.095687,1.094894,1.095054,50
2024-01-03 03:00:00,1.095054,1.096089,1.094653,1.095689,50
2024-01-03 04:00:00,1.095689,1.096010,1.095251,1.095572,50
2024-01-03 05:00:00,1.095572,1.095611,1.094465,1.094504,50
2024-01-03 06:00:00,1.094504,1.095067,1.094271,1.094834,50
2024-01-03 07:00:00,1.094834,1.094951,1.093818,1.093935,50
2024-01-03 08:00:00,1.093935,1.094039,1.093679,1.093784,50
2024-01-03 09:00:00,1.093784,1.094134,1.092229,1.092580,50
2024-01-03 10:00:00,1.092580,1.092607,1.091986,1.092013,50
2024-01-03 11:00:00,1.092013,1.092308,1.091531,1.091826,50
2024-01-03 12:00:00,1.091826,1.092183,1.091192,1.091549,50
2024-01-03 13:00:00,1.091549,1.091681,1.091548,1.091680,50
2024-01-03 14:00:00,1.091680,1.092156,1.091562,1.092038,50
2024-01-03 15:00:00,1.092038,1.092355,1.091426,1.091743,50
2024-01-03 16:00:00,1.091743,1.092447,1.091724,1.092428,50
2024-01-03 17:00:00,1.092428,1.092574,1.091650,1.091796,50
2024-01-03 18:00:00,1.091796,1.091890,1.090020,1.090115,50
2024-01-03 19:00:00,1.090115,1.090966,1.089759,1.090610,50
2024-01-03 20:00:00,1.090610,1.091382,1.090284,1.091056,50
2024-01-03 21:00:00,1.091056,1.091363,1.089606,1.089913,50
2024-01-03 22:00:00,1.089913,1.090346,1.089802,1.090235,50
2024-01-03 23:00:00,1.090235,1.090915,1.090190,1.090869,50
2024-01-04 00:00:00,1.090869,1.093025,1.090486,1.092641,50
2024-01-04 01:00:00,1.092641,1.094103,1.092287,1.093748,50
2024-01-04 02:00:00,1.093748,1.093848,1.093128,1.093228,50
2024-01-04 03:00:00,1.093228,1.093427,1.092466,1.092665,50
2024-01-04 04:00:00,1.092665,1.093656,1.092428,1.093419,50
2024-01-04 05:00:00,1.093419,1.095122,1.093156,1.094859,50
2024-01-04 06:00:00,1.094859,1.095134,1.094137,1.094412,50
2024-01-04 07:00:00,1.094412,1.094439,1.093984,1.094010,50
2024-01-04 08:00:00,1.094010,1.094290,1.092413,1.092693,50
2024-01-04 09:00:00,1.092693,1.092759,1.092038,1.092105,50
2024-01-04 10:00:00,1.092105,1.092303,1.091377,1.091576,50
2024-01-04 11:00:00,1.091576,1.091789,1.089700,1.089913,50
2024-01-04 12:00:00,1.089913,1.091312,1.089870,1.091268,50
2024-01-04 13:00:00,1.091268,1.091526,1.090591,1.090848,50
2024-01-04 14:00:00,1.090848,1.092155,1.090619,1.091927,50
2024-01-04 15:00:00,1.091927,1.092022,1.091655,1.091750,50
2024-01-04 16:00:00,1.091750,1.092055,1.091310,1.091614,50
2024-01-04 17:00:00,1.091614,1.093798,1.091557,1.093741,50
2024-01-04 18:00:00,1.093741,1.094112,1.093313,1.093684,50
2024-01-04 19:00:00,1.093684,1.094243,1.093652,1.094212,50
2024-01-04 20:00:00,1.094212,1.095333,1.093888,1.095008,50
2024-01-04 21:00:00,1.095008,1.096083,1.094791,1.095866,50
2024-01-04 22:00:00,1.095866,1.096664,1.095808,1.096606,50
2024-01-04 23:00:00,1.096606,1.096717,1.095540,1.095650,50
2024-01-05 00:00:00,1.095650,1.095771,1.095530,1.095650,50
2024-01-05 01:00:00,1.095650,1.095813,1.095488,1.095650,50
2024-01-05 02:00:00,1.095650,1.095799,1.095501,1.095650,50
2024-01-05 03:00:00,1.095650,1.095706,1.095595,1.095650,50
2024-01-05 04:00:00,1.095650,1.095715,1.095585,1.095650,50
2024-01-05 05:00:00,1.095650,1.095729,1.095571,1.095650,50
2024-01-05 06:00:00,1.095650,1.095694,1.095606,1.095650,50
2024-01-05 07:00:00,1.095650,1.095824,1.095476,1.095650,50
2024-01-05 08:00:00,1.095650,1.095824,1.095477,1.095650,50
2024-01-05 09:00:00,1.095650,1.095756,1.095544,1.095650,50
2024-01-05 10:00:00,1.095650,1.095754,1.095546,1.095650,50
2024-01-05 11:00:00,1.095650,1.095652,1.095649,1.095650,50
2024-01-05 12:00:00,1.095650,1.095815,1.095485,1.095650,50
2024-01-05 13:00:00,1.095650,1.095752,1.095548,1.095650,50
2024-01-05 14:00:00,1.095650,1.095689,1.095612,1.095650,50
2024-01-05 15:00:00,1.095650,1.095809,1.095492,1.095650,50
2024-01-05 16:00:00,1.095650,1.095758,1.095542,1.095650,50
2024-01-05 17:00:00,1.095650,1.095662,1.095638,1.095650,50
2024-01-05 18:00:00,1.095650,1.095750,1.095551,1.095650,50
2024-01-05 19:00:00,1.095650,1.095689,1.095612,1.095650,50
2024-01-05 20:00:00,1.095650,1.095658,1.095642,1.095650,50
2024-01-05 21:00:00,1.095650,1.095704,1.095596,1.095650,50
2024-01-05 22:00:00,1.095650,1.095764,1.095536,1.095650,50
2024-01-05 23:00:00,1.095650,1.095818,1.095483,1.095650,50
2024-01-08 00:00:00,1.095650,1.095713,1.095491,1.095553,50
2024-01-08 01:00:00,1.095553,1.096140,1.095484,1.096071,50
2024-01-08 02:00:00,1.096071,1.096590,1.095896,1.096415,50
2024-01-08 03:00:00,1.096415,1.097335,1.096407,1.097327,50
2024-01-08 04:00:00,1.097327,1.097474,1.097324,1.097471,50
2024-01-08 05:00:00,1.097471,1.097476,1.097393,1.097399,50
2024-01-08 06:00:00,1.097399,1.098413,1.097244,1.098259,50
2024-01-08 07:00:00,1.098259,1.098409,1.097377,1.097527,50
2024-01-08 08:00:00,1.097527,1.097645,1.097216,1.097334,50
2024-01-08 09:00:00,1.097334,1.097376,1.096577,1.096619,50
2024-01-08 10:00:00,1.096619,1.096765,1.096116,1.096262,50
2024-01-08 11:00:00,1.096262,1.096290,1.094938,1.094966,50
2024-01-08 12:00:00,1.094966,1.095167,1.094810,1.095011,50
2024-01-08 13:00:00,1.095011,1.096717,1.094814,1.096519,50
2024-01-08 14:00:00,1.096519,1.096677,1.095295,1.095453,50
2024-01-08 15:00:00,1.095453,1.096158,1.095423,1.096128,50
2024-01-08 16:00:00,1.096128,1.096185,1.095908,1.095965,50
2024-01-08 17:00:00,1.095965,1.096201,1.095908,1.096144,50
2024-01-08 18:00:00,1.096144,1.096639,1.095963,1.096458,50
2024-01-08 19:00:00,1.096458,1.096605,1.095791,1.095938,50
2024-01-08 20:00:00,1.095938,1.096019,1.095845,1.095927,50
2024-01-08 21:00:00,1.095927,1.095984,1.095064,1.095121,50
2024-01-08 22:00:00,1.095121,1.096678,1.095106,1.096664,50
2024-01-08 23:00:00,1.096664,1.097717,1.096521,1.097574,50
2024-01-09 00:00:00,1.097574,1.097821,1.097437,1.097683,50
2024-01-09 01:00:00,1.097683,1.097945,1.095721,1.095982,50
2024-01-09 02:00:00,1.095982,1.096936,1.095808,1.096762,50
2024-01-09 03:00:00,1.096762,1.096856,1.095667,1.095761,50
2024-01-09 04:00:00,1.095761,1.095910,1.095696,1.095845,50
2024-01-09 05:00:00,1.095845,1.096169,1.094772,1.095096,50
2024-01-09 06:00:00,1.095096,1.095248,1.093951,1.094102,50
2024-01-09 07:00:00,1.094102,1.095408,1.093987,1.095293,50
2024-01-09 08:00:00,1.095293,1.095465,1.094552,1.094725,50
2024-01-09 09:00:00,1.094725,1.095452,1.094483,1.095210,50
2024-01-09 10:00:00,1.095210,1.095375,1.094631,1.094796,50
2024-01-09 11:00:00,1.094796,1.094885,1.093903,1.093992,50
2024-01-09 12:00:00,1.093992,1.094112,1.093671,1.093790,50
2024-01-09 13:00:00,1.093790,1.093819,1.093638,1.093667,50
2024-01-09 14:00:00,1.093667,1.093864,1.093467,1.093664,50
2024-01-09 15:00:00,1.093664,1.093856,1.092486,1.092678,50
2024-01-09 16:00:00,1.092678,1.093279,1.092389,1.092990,50
2024-01-09 17:00:00,1.092990,1.093811,1.092902,1.093722,50
2024-01-09 18:00:00,1.093722,1.094336,1.093668,1.094282,50
2024-01-09 19:00:00,1.094282,1.095054,1.093981,1.094753,50
2024-01-09 20:00:00,1.094753,1.095021,1.093815,1.094083,50
2024-01-09 21:00:00,1.094083,1.094574,1.094011,1.094502,50
2024-01-09 22:00:00,1.094502,1.095182,1.094323,1.095002,50
2024-01-09 23:00:00,1.095002,1.095041,1.093455,1.093494,50
2024-01-10 00:00:00,1.093494,1.093668,1.092829,1.093003,50
2024-01-10 01:00:00,1.093003,1.093115,1.092896,1.093008,50
2024-01-10 02:00:00,1.093008,1.093362,1.092975,1.093328,50
2024-01-10 03:00:00,1.093328,1.094273,1.093315,1.094260,50
2024-01-10 04:00:00,1.094260,1.094573,1.094163,1.094475,50
2024-01-10 05:00:00,1.094475,1.095358,1.094309,1.095192,50
2024-01-10 06:00:00,1.095192,1.095323,1.095111,1.095242,50
2024-01-10 07:00:00,1.095242,1.095276,1.094667,1.094701,50
2024-01-10 08:00:00,1.094701,1.095142,1.094608,1.095050,50
2024-01-10 09:00:00,1.095050,1.095925,1.094938,1.095814,50
2024-01-10 10:00:00,1.095814,1.096480,1.095617,1.096283,50
2024-01-10 11:00:00,1.096283,1.096323,1.096175,1.096214,50
2024-01-10 12:00:00,1.096214,1.096306,1.095899,1.095990,50
2024-01-10 13:00:00,1.095990,1.096057,1.095861,1.095928,50
2024-01-10 14:00:00,1.095928,1.096093,1.095462,1.095626,50
2024-01-10 15:00:00,1.095626,1.095666,1.095021,1.095061,50
2024-01-10 16:00:00,1.095061,1.096002,1.094904,1.095845,50
2024-01-10 17:00:00,1.095845,1.096139,1.095671,1.095965,50
2024-01-10 18:00:00,1.095965,1.096070,1.095699,1.095804,50
2024-01-10 19:00:00,1.095804,1.095920,1.095573,1.095690,50
2024-01-10 20:00:00,1.095690,1.095923,1.095491,1.095724,50
2024-01-10 21:00:00,1.095724,1.095746,1.095707,1.095729,50
2024-01-10 22:00:00,1.095729,1.096520,1.095723,1.096514,50
2024-01-10 23:00:00,1.096514,1.096586,1.095938,1.096011,50
2024-01-11 00:00:00,1.096011,1.096675,1.095876,1.096541,50
2024-01-11 01:00:00,1.096541,1.096614,1.096378,1.096451,50
2024-01-11 02:00:00,1.096451,1.096508,1.096371,1.096428,50
2024-01-11 03:00:00,1.096428,1.096884,1.096335,1.096791,50
2024-01-11 04:00:00,1.096791,1.096809,1.096016,1.096035,50
2024-01-11 05:00:00,1.096035,1.096045,1.095557,1.095567,50
2024-01-11 06:00:00,1.095567,1.095585,1.094779,1.094797,50
2024-01-11 07:00:00,1.094797,1.094953,1.094515,1.094671,50
2024-01-11 08:00:00,1.094671,1.094852,1.094307,1.094488,50
2024-01-11 09:00:00,1.094488,1.095007,1.094394,1.094913,50
2024-01-11 10:00:00,1.094913,1.095062,1.094720,1.094869,50
2024-01-11 11:00:00,1.094869,1.095013,1.093869,1.094012,50
2024-01-11 12:00:00,1.094012,1.094291,1.093931,1.094210,50
2024-01-11 13:00:00,1.094210,1.094684,1.094052,1.094527,50
2024-01-11 14:00:00,1.094527,1.094776,1.094472,1.094721,50
2024-01-11 15:00:00,1.094721,1.095075,1.094604,1.094958,50
2024-01-11 16:00:00,1.094958,1.095056,1.094694,1.094792,50
2024-01-11 17:00:00,1.094792,1.094890,1.094491,1.094589,50
2024-01-11 18:00:00,1.094589,1.094680,1.094274,1.094366,50
2024-01-11 19:00:00,1.094366,1.094494,1.093440,1.093568,50
2024-01-11 20:00:00,1.093568,1.094312,1.093451,1.094195,50
2024-01-11 21:00:00,1.094195,1.094265,1.093957,1.094027,50
2024-01-11 22:00:00,1.094027,1.094209,1.093497,1.093679,50
2024-01-11 23:00:00,1.093679,1.094474,1.093536,1.094331,50
2024-01-12 00:00:00,1.094331,1.094456,1.094280,1.094404,50
2024-01-12 01:00:00,1.094404,1.094844,1.094380,1.094820,50
2024-01-12 02:00:00,1.094820,1.095003,1.094062,1.094244,50
2024-01-12 03:00:00,1.094244,1.094440,1.093773,1.093969,50
2024-01-12 04:00:00,1.093969,1.094124,1.093474,1.093629,50
2024-01-12 05:00:00,1.093629,1.093797,1.093524,1.093692,50
2024-01-12 06:00:00,1.093692,1.094503,1.093579,1.094389,50
2024-01-12 07:00:00,1.094389,1.094647,1.094369,1.094627,50
2024-01-12 08:00:00,1.094627,1.094669,1.094509,1.094551,50
2024-01-12 09:00:00,1.094551,1.094707,1.093875,1.094031,50
2024-01-12 10:00:00,1.094031,1.094395,1.094020,1.094384,50
2024-01-12 11:00:00,1.094384,1.094471,1.093381,1.093467,50
2024-01-12 12:00:00,1.093467,1.094325,1.093323,1.094181,50
2024-01-12 13:00:00,1.094181,1.094952,1.094061,1.094832,50
2024-01-12 14:00:00,1.094832,1.094996,1.094828,1.094992,50
2024-01-12 15:00:00,1.094992,1.095476,1.094974,1.095458,50
2024-01-12 16:00:00,1.095458,1.095572,1.094879,1.094993,50
2024-01-12 17:00:00,1.094993,1.095657,1.094954,1.095618,50
2024-01-12 18:00:00,1.095618,1.096115,1.095484,1.095981,50
2024-01-12 19:00:00,1.095981,1.096366,1.095887,1.096272,50
2024-01-12 20:00:00,1.096272,1.096877,1.096150,1.096755,50
2024-01-12 21:00:00,1.096755,1.096811,1.095457,1.095513,50
2024-01-12 22:00:00,1.095513,1.095575,1.095228,1.095289,50
2024-01-12 23:00:00,1.095289,1.096072,1.095107,1.095890,50
2024-01-16 00:00:00,1.095890,1.096257,1.095738,1.096105,50
2024-01-16 01:00:00,1.096105,1.097293,1.096026,1.097214,50
2024-01-16 02:00:00,1.097214,1.097303,1.096607,1.096695,50
2024-01-16 03:00:00,1.096695,1.096893,1.096390,1.096588,50
2024-01-16 04:00:00,1.096588,1.096873,1.095701,1.095986,50
2024-01-16 05:00:00,1.095986,1.096218,1.095864,1.096097,50
2024-01-16 06:00:00,1.096097,1.096892,1.095689,1.096484,50
2024-01-16 07:00:00,1.096484,1.098055,1.095846,1.097417,50
2024-01-16 08:00:00,1.097417,1.097947,1.095486,1.096016,50
2024-01-16 09:00:00,1.096016,1.096751,1.095573,1.096309,50
2024-01-16 10:00:00,1.096309,1.096684,1.096202,1.096577,50
2024-01-16 11:00:00,1.096577,1.096989,1.095695,1.096107,50
2024-01-16 12:00:00,1.096107,1.097268,1.095724,1.096884,50
2024-01-16 13:00:00,1.096884,1.097009,1.095088,1.095213,50
2024-01-16 14:00:00,1.095213,1.095759,1.093079,1.093624,50
2024-01-16 15:00:00,1.093624,1.093789,1.093497,1.093662,50
2024-01-16 16:00:00,1.093662,1.094134,1.092419,1.092891,50
2024-01-16 17:00:00,1.092891,1.093337,1.091173,1.091620,50
2024-01-16 18:00:00,1.091620,1.092083,1.091186,1.091649,50
2024-01-16 19:00:00,1.091649,1.092235,1.089393,1.089979,50
2024-01-16 20:00:00,1.089979,1.090216,1.089842,1.090079,50
2024-01-16 21:00:00,1.090079,1.090275,1.089262,1.089458,50
2024-01-16 22:00:00,1.089458,1.089911,1.088139,1.088592,50
2024-01-16 23:00:00,1.088592,1.089083,1.087766,1.088258,50
2024-01-17 00:00:00,1.088258,1.088413,1.087485,1.087641,50
2024-01-17 01:00:00,1.087641,1.087827,1.086977,1.087163,50
2024-01-17 02:00:00,1.087163,1.087164,1.086329,1.086330,50
2024-01-17 03:00:00,1.086330,1.086759,1.086314,1.086743,50
2024-01-17 04:00:00,1.086743,1.086934,1.086641,1.086831,50
2024-01-17 05:00:00,1.086831,1.087115,1.086784,1.087067,50
2024-01-17 06:00:00,1.087067,1.087275,1.086807,1.087014,50
2024-01-17 07:00:00,1.087014,1.087196,1.086907,1.087089,50
2024-01-17 08:00:00,1.087089,1.087286,1.086451,1.086649,50
2024-01-17 09:00:00,1.086649,1.086974,1.086475,1.086800,50
2024-01-17 10:00:00,1.086800,1.086982,1.085755,1.085938,50
2024-01-17 11:00:00,1.085938,1.085947,1.085463,1.085472,50
2024-01-17 12:00:00,1.085472,1.085877,1.085291,1.085696,50
2024-01-17 13:00:00,1.085696,1.086091,1.085537,1.085931,50
2024-01-17 14:00:00,1.085931,1.085941,1.085277,1.085288,50
2024-01-17 15:00:00,1.085288,1.085450,1.085117,1.085280,50
2024-01-17 16:00:00,1.085280,1.085468,1.085272,1.085460,50
2024-01-17 17:00:00,1.085460,1.086155,1.085292,1.085987,50
2024-01-17 18:00:00,1.085987,1.086194,1.085859,1.086067,50
2024-01-17 19:00:00,1.086067,1.086595,1.085946,1.086474,50
2024-01-17 20:00:00,1.086474,1.086631,1.086460,1.086616,50
2024-01-17 21:00:00,1.086616,1.087140,1.086441,1.086965,50
2024-01-17 22:00:00,1.086965,1.087067,1.086096,1.086198,50
2024-01-17 23:00:00,1.086198,1.086389,1.085585,1.085776,50
2024-01-18 00:00:00,1.085776,1.085900,1.084407,1.084531,50
2024-01-18 01:00:00,1.084531,1.084982,1.084502,1.084953,50
2024-01-18 02:00:00,1.084953,1.086259,1.084943,1.086248,50
2024-01-18 03:00:00,1.086248,1.086356,1.086162,1.086270,50
2024-01-18 04:00:00,1.086270,1.086453,1.086149,1.086332,50
2024-01-18 05:00:00,1.086332,1.087062,1.086228,1.086958,50
2024-01-18 06:00:00,1.086958,1.087146,1.085805,1.085994,50
2024-01-18 07:00:00,1.085994,1.086100,1.085596,1.085702,50
2024-01-18 08:00:00,1.085702,1.085711,1.085308,1.085316,50
2024-01-18 09:00:00,1.085316,1.085333,1.084868,1.084885,50
2024-01-18 10:00:00,1.084885,1.085514,1.084793,1.085421,50
2024-01-18 11:00:00,1.085421,1.085985,1.085289,1.085853,50
2024-01-18 12:00:00,1.085853,1.086616,1.085758,1.086522,50
2024-01-18 13:00:00,1.086522,1.086662,1.086500,1.086640,50
2024-01-18 14:00:00,1.086640,1.086657,1.086604,1.086621,50
2024-01-18 15:00:00,1.086621,1.087313,1.086560,1.087252,50
2024-01-18 16:00:00,1.087252,1.087374,1.086140,1.086262,50
2024-01-18 17:00:00,1.086262,1.087720,1.086184,1.087642,50
2024-01-18 18:00:00,1.087642,1.087708,1.086390,1.086457,50
2024-01-18 19:00:00,1.086457,1.086572,1.086216,1.086331,50
2024-01-18 20:00:00,1.086331,1.086674,1.086168,1.086511,50
2024-01-18 21:00:00,1.086511,1.087383,1.086456,1.087328,50
2024-01-18 22:00:00,1.087328,1.087338,1.085517,1.085527,50
2024-01-18 23:00:00,1.085527,1.086293,1.085482,1.086248,50
2024-01-19 00:00:00,1.086248,1.086424,1.085575,1.085751,50
2024-01-19 01:00:00,1.085751,1.086215,1.085637,1.086101,50
2024-01-19 02:00:00,1.086101,1.086959,1.086075,1.086933,50
2024-01-19 03:00:00,1.086933,1.087060,1.086886,1.087013,50
2024-01-19 04:00:00,1.087013,1.087365,1.087011,1.087363,50
2024-01-19 05:00:00,1.087363,1.087536,1.087303,1.087476,50
2024-01-19 06:00:00,1.087476,1.087506,1.087440,1.087470,50
2024-01-19 07:00:00,1.087470,1.088440,1.087449,1.088419,50
2024-01-19 08:00:00,1.088419,1.088676,1.088281,1.088537,50
2024-01-19 09:00:00,1.088537,1.088622,1.088533,1.088617,50
2024-01-19 10:00:00,1.088617,1.089046,1.088545,1.088974,50
2024-01-19 11:00:00,1.088974,1.089404,1.088766,1.089196,50
2024-01-19 12:00:00,1.089196,1.089368,1.087613,1.087785,50
2024-01-19 13:00:00,1.087785,1.087844,1.087716,1.087775,50
2024-01-19 14:00:00,1.087775,1.088527,1.087774,1.088526,50
2024-01-19 15:00:00,1.088526,1.089218,1.088361,1.089053,50
2024-01-19 16:00:00,1.089053,1.089396,1.088886,1.089228,50
2024-01-19 17:00:00,1.089228,1.089345,1.088504,1.088621,50
2024-01-19 18:00:00,1.088621,1.088780,1.088314,1.088474,50
2024-01-19 19:00:00,1.088474,1.088665,1.088376,1.088567,50
2024-01-19 20:00:00,1.088567,1.088724,1.087535,1.087691,50
2024-01-19 21:00:00,1.087691,1.088038,1.087594,1.087940,50
2024-01-19 22:00:00,1.087940,1.087956,1.087907,1.087922,50
2024-01-19 23:00:00,1.087922,1.088890,1.087763,1.088732,50
2024-01-22 00:00:00,1.088732,1.088797,1.088724,1.088789,50
2024-01-22 01:00:00,1.088789,1.088819,1.088573,1.088603,50
2024-01-22 02:00:00,1.088603,1.088716,1.088084,1.088197,50
2024-01-22 03:00:00,1.088197,1.088272,1.088088,1.088163,50
2024-01-22 04:00:00,1.088163,1.088229,1.087806,1.087872,50
2024-01-22 05:00:00,1.087872,1.088778,1.087770,1.088676,50
2024-01-22 06:00:00,1.088676,1.088854,1.088415,1.088593,50
2024-01-22 07:00:00,1.088593,1.088679,1.087977,1.088063,50
2024-01-22 08:00:00,1.088063,1.088185,1.087370,1.087492,50
2024-01-22 09:00:00,1.087492,1.087621,1.087324,1.087453,50
2024-01-22 10:00:00,1.087453,1.088728,1.087277,1.088552,50
2024-01-22 11:00:00,1.088552,1.088707,1.088256,1.088411,50
2024-01-22 12:00:00,1.088411,1.088723,1.088323,1.088636,50
2024-01-22 13:00:00,1.088636,1.088947,1.088576,1.088887,50
2024-01-22 14:00:00,1.088887,1.088993,1.088624,1.088731,50
2024-01-22 15:00:00,1.088731,1.089032,1.088644,1.088945,50
2024-01-22 16:00:00,1.088945,1.089617,1.088773,1.089445,50
2024-01-22 17:00:00,1.089445,1.089517,1.088431,1.088503,50
2024-01-22 18:00:00,1.088503,1.089361,1.088334,1.089192,50
2024-01-22 19:00:00,1.089192,1.089488,1.089073,1.089369,50
2024-01-22 20:00:00,1.089369,1.089785,1.089236,1.089652,50
2024-01-22 21:00:00,1.089652,1.090111,1.089641,1.090100,50
2024-01-22 22:00:00,1.090100,1.090745,1.090076,1.090722,50
2024-01-22 23:00:00,1.090722,1.090884,1.089281,1.089443,50
2024-01-23 00:00:00,1.089443,1.089863,1.087699,1.088119,50
2024-01-23 01:00:00,1.088119,1.089225,1.087647,1.088753,50
2024-01-23 02:00:00,1.088753,1.088797,1.087843,1.087887,50
2024-01-23 03:00:00,1.087887,1.088668,1.087867,1.088648,50
2024-01-23 04:00:00,1.088648,1.088736,1.086038,1.086126,50
2024-01-23 05:00:00,1.086126,1.086450,1.084863,1.085187,50
2024-01-23 06:00:00,1.085187,1.085482,1.083592,1.083887,50
2024-01-23 07:00:00,1.083887,1.084864,1.083438,1.084415,50
2024-01-23 08:00:00,1.084415,1.084552,1.083654,1.083791,50
2024-01-23 09:00:00,1.083791,1.085013,1.083735,1.084958,50
2024-01-23 10:00:00,1.084958,1.085145,1.081469,1.081657,50
2024-01-23 11:00:00,1.081657,1.082008,1.081552,1.081904,50
2024-01-23 12:00:00,1.081904,1.085670,1.081491,1.085257,50
2024-01-23 13:00:00,1.085257,1.085301,1.083427,1.083471,50
2024-01-23 14:00:00,1.083471,1.085812,1.082979,1.085320,50
2024-01-23 15:00:00,1.085320,1.086328,1.085126,1.086134,50
2024-01-23 16:00:00,1.086134,1.086643,1.085243,1.085752,50
2024-01-23 17:00:00,1.085752,1.085907,1.083997,1.084152,50
2024-01-23 18:00:00,1.084152,1.084671,1.083303,1.083822,50
2024-01-23 19:00:00,1.083822,1.085165,1.083563,1.084906,50
2024-01-23 20:00:00,1.084906,1.089798,1.084452,1.089344,50
2024-01-23 21:00:00,1.089344,1.090391,1.088892,1.089939,50
2024-01-23 22:00:00,1.089939,1.090457,1.089453,1.089971,50
2024-01-23 23:00:00,1.089971,1.090377,1.082548,1.082954,50
2024-01-24 00:00:00,1.082954,1.088505,1.082744,1.088295,50
2024-01-24 01:00:00,1.088295,1.088376,1.087751,1.087832,50
2024-01-24 02:00:00,1.087832,1.088243,1.086096,1.086506,50
2024-01-24 03:00:00,1.086506,1.087874,1.086094,1.087461,50
2024-01-24 04:00:00,1.087461,1.087611,1.085652,1.085802,50
2024-01-24 05:00:00,1.085802,1.086367,1.083650,1.084215,50
2024-01-24 06:00:00,1.084215,1.084732,1.081602,1.082119,50
2024-01-24 07:00:00,1.082119,1.083320,1.082097,1.083297,50
2024-01-24 08:00:00,1.083297,1.083343,1.081469,1.081514,50
2024-01-24 09:00:00,1.081514,1.083367,1.081423,1.083277,50
2024-01-24 10:00:00,1.083277,1.084355,1.082741,1.083819,50
2024-01-24 11:00:00,1.083819,1.085360,1.083766,1.085308,50
2024-01-24 12:00:00,1.085308,1.087944,1.084870,1.087506,50
2024-01-24 13:00:00,1.087506,1.091416,1.087357,1.091268,50
2024-01-24 14:00:00,1.091268,1.092006,1.090858,1.091596,50
2024-01-24 15:00:00,1.091596,1.091801,1.090774,1.090979,50
2024-01-24 16:00:00,1.090979,1.091048,1.090417,1.090486,50
2024-01-24 17:00:00,1.090486,1.090810,1.088781,1.089105,50
2024-01-24 18:00:00,1.089105,1.089571,1.088586,1.089052,50
2024-01-24 19:00:00,1.089052,1.089384,1.088734,1.089066,50
2024-01-24 20:00:00,1.089066,1.089640,1.085255,1.085829,50
2024-01-24 21:00:00,1.085829,1.087641,1.085437,1.087249,50
2024-01-24 22:00:00,1.087249,1.089322,1.086841,1.088914,50
2024-01-24 23:00:00,1.088914,1.090379,1.088691,1.090156,50
2024-01-25 00:00:00,1.090156,1.090428,1.089016,1.089288,50
2024-01-25 01:00:00,1.089288,1.091377,1.089085,1.091174,50
2024-01-25 02:00:00,1.091174,1.091673,1.090957,1.091455,50
2024-01-25 03:00:00,1.091455,1.091962,1.089819,1.090326,50
2024-01-25 04:00:00,1.090326,1.090354,1.089329,1.089357,50
2024-01-25 05:00:00,1.089357,1.089631,1.088269,1.088543,50
2024-01-25 06:00:00,1.088543,1.089081,1.087543,1.088081,50
2024-01-25 07:00:00,1.088081,1.088335,1.087366,1.087621,50
2024-01-25 08:00:00,1.087621,1.087724,1.087495,1.087598,50
2024-01-25 09:00:00,1.087598,1.087812,1.086933,1.087147,50
2024-01-25 10:00:00,1.087147,1.087254,1.086138,1.086246,50
2024-01-25 11:00:00,1.086246,1.086546,1.084000,1.084301,50
2024-01-25 12:00:00,1.084301,1.086220,1.083911,1.085830,50
2024-01-25 13:00:00,1.085830,1.085916,1.085197,1.085282,50
2024-01-25 14:00:00,1.085282,1.085421,1.084672,1.084811,50
2024-01-25 15:00:00,1.084811,1.085116,1.084171,1.084476,50
2024-01-25 16:00:00,1.084476,1.084961,1.083959,1.084444,50
2024-01-25 17:00:00,1.084444,1.084955,1.083309,1.083820,50
2024-01-25 18:00:00,1.083820,1.085358,1.083470,1.085007,50
2024-01-25 19:00:00,1.085007,1.085521,1.084146,1.084660,50
2024-01-25 20:00:00,1.084660,1.084835,1.084444,1.084620,50
2024-01-25 21:00:00,1.084620,1.085017,1.084193,1.084590,50
2024-01-25 22:00:00,1.084590,1.084974,1.081976,1.082359,50
2024-01-25 23:00:00,1.082359,1.084103,1.081915,1.083658,50
2024-01-26 00:00:00,1.083658,1.083864,1.083442,1.083648,50
2024-01-26 01:00:00,1.083648,1.083689,1.083400,1.083442,50
2024-01-26 02:00:00,1.083442,1.083899,1.083340,1.083797,50
2024-01-26 03:00:00,1.083797,1.083818,1.083631,1.083652,50
2024-01-26 04:00:00,1.083652,1.083956,1.083513,1.083817,50
2024-01-26 05:00:00,1.083817,1.083972,1.083570,1.083724,50
2024-01-26 06:00:00,1.083724,1.084607,1.083606,1.084488,50
2024-01-26 07:00:00,1.084488,1.084641,1.084394,1.084547,50
2024-01-26 08:00:00,1.084547,1.085038,1.084435,1.084926,50
2024-01-26 09:00:00,1.084926,1.084974,1.084400,1.084448,50
2024-01-26 10:00:00,1.084448,1.085150,1.084211,1.084913,50
2024-01-26 11:00:00,1.084913,1.085246,1.084759,1.085092,50
2024-01-26 12:00:00,1.085092,1.085315,1.084634,1.084856,50
2024-01-26 13:00:00,1.084856,1.084950,1.084323,1.084417,50
2024-01-26 14:00:00,1.084417,1.084609,1.084319,1.084512,50
2024-01-26 15:00:00,1.084512,1.084554,1.084468,1.084510,50
2024-01-26 16:00:00,1.084510,1.084590,1.083985,1.084065,50
2024-01-26 17:00:00,1.084065,1.084648,1.084038,1.084621,50
2024-01-26 18:00:00,1.084621,1.084914,1.084560,1.084853,50
2024-01-26 19:00:00,1.084853,1.085197,1.084749,1.085093,50
2024-01-26 20:00:00,1.085093,1.085862,1.084905,1.085673,50
2024-01-26 21:00:00,1.085673,1.086412,1.085568,1.086307,50
2024-01-26 22:00:00,1.086307,1.087319,1.086178,1.087191,50
2024-01-26 23:00:00,1.087191,1.087300,1.086493,1.086602,50
2024-01-29 00:00:00,1.086602,1.086956,1.085240,1.085594,50
2024-01-29 01:00:00,1.085594,1.086590,1.085105,1.086100,50
2024-01-29 02:00:00,1.086100,1.086498,1.084714,1.085111,50
2024-01-29 03:00:00,1.085111,1.085281,1.084539,1.084708,50
2024-01-29 04:00:00,1.084708,1.087527,1.084584,1.087403,50
2024-01-29 05:00:00,1.087403,1.087763,1.086416,1.086776,50
2024-01-29 06:00:00,1.086776,1.088236,1.086316,1.087777,50
2024-01-29 07:00:00,1.087777,1.088191,1.086924,1.087339,50
2024-01-29 08:00:00,1.087339,1.087614,1.087246,1.087521,50
2024-01-29 09:00:00,1.087521,1.087977,1.085612,1.086067,50
2024-01-29 10:00:00,1.086067,1.086261,1.085251,1.085444,50
2024-01-29 11:00:00,1.085444,1.086041,1.085177,1.085774,50
2024-01-29 12:00:00,1.085774,1.086415,1.085315,1.085956,50
2024-01-29 13:00:00,1.085956,1.086337,1.083440,1.083821,50
2024-01-29 14:00:00,1.083821,1.086092,1.083728,1.085999,50
2024-01-29 15:00:00,1.085999,1.086137,1.085403,1.085541,50
2024-01-29 16:00:00,1.085541,1.086040,1.085263,1.085762,50
2024-01-29 17:00:00,1.085762,1.085933,1.085467,1.085638,50
2024-01-29 18:00:00,1.085638,1.085981,1.083049,1.083392,50
2024-01-29 19:00:00,1.083392,1.083839,1.081680,1.082128,50
2024-01-29 20:00:00,1.082128,1.082513,1.079171,1.079556,50
2024-01-29 21:00:00,1.079556,1.079959,1.079322,1.079724,50
2024-01-29 22:00:00,1.079724,1.080309,1.079581,1.080166,50
2024-01-29 23:00:00,1.080166,1.080799,1.080097,1.080731,50
2024-01-30 00:00:00,1.080731,1.082163,1.080486,1.081918,50
2024-01-30 01:00:00,1.081918,1.082161,1.080473,1.080716,50
2024-01-30 02:00:00,1.080716,1.080959,1.080179,1.080423,50
2024-01-30 03:00:00,1.080423,1.080821,1.080186,1.080584,50
2024-01-30 04:00:00,1.080584,1.080876,1.079712,1.080004,50
2024-01-30 05:00:00,1.080004,1.083026,1.079760,1.082783,50
2024-01-30 06:00:00,1.082783,1.083296,1.082600,1.083114,50
2024-01-30 07:00:00,1.083114,1.083644,1.083074,1.083604,50
2024-01-30 08:00:00,1.083604,1.083674,1.081933,1.082002,50
2024-01-30 09:00:00,1.082002,1.082227,1.081304,1.081529,50
2024-01-30 10:00:00,1.081529,1.081923,1.081239,1.081633,50
2024-01-30 11:00:00,1.081633,1.082301,1.081625,1.082293,50
2024-01-30 12:00:00,1.082293,1.082866,1.082209,1.082782,50
2024-01-30 13:00:00,1.082782,1.084678,1.082561,1.084457,50
2024-01-30 14:00:00,1.084457,1.084588,1.083205,1.083335,50
2024-01-30 15:00:00,1.083335,1.084887,1.083179,1.084730,50
2024-01-30 16:00:00,1.084730,1.084996,1.083176,1.083442,50
2024-01-30 17:00:00,1.083442,1.083835,1.083278,1.083670,50
2024-01-30 18:00:00,1.083670,1.085186,1.083574,1.085090,50
2024-01-30 19:00:00,1.085090,1.085292,1.083549,1.083751,50
2024-01-30 20:00:00,1.083751,1.083755,1.082150,1.082154,50
2024-01-30 21:00:00,1.082154,1.082716,1.082078,1.082640,50
2024-01-30 22:00:00,1.082640,1.082928,1.081939,1.082227,50
2024-01-30 23:00:00,1.082227,1.084567,1.082024,1.084363,50
2024-01-31 00:00:00,1.084363,1.084510,1.083536,1.083682,50
2024-01-31 01:00:00,1.083682,1.085191,1.083487,1.084996,50
2024-01-31 02:00:00,1.084996,1.085190,1.084179,1.084373,50
2024-01-31 03:00:00,1.084373,1.084393,1.083868,1.083888,50
2024-01-31 04:00:00,1.083888,1.085358,1.083835,1.085305,50
2024-01-31 05:00:00,1.085305,1.086017,1.085289,1.086000,50
2024-01-31 06:00:00,1.086000,1.086152,1.083601,1.083753,50
2024-01-31 07:00:00,1.083753,1.085221,1.083664,1.085132,50
2024-01-31 08:00:00,1.085132,1.086617,1.085095,1.086580,50
2024-01-31 09:00:00,1.086580,1.086656,1.084144,1.084220,50
2024-01-31 10:00:00,1.084220,1.084883,1.084150,1.084813,50
2024-01-31 11:00:00,1.084813,1.084884,1.084384,1.084455,50
2024-01-31 12:00:00,1.084455,1.084480,1.083852,1.083877,50
2024-01-31 13:00:00,1.083877,1.084068,1.083598,1.083789,50
2024-01-31 14:00:00,1.083789,1.083915,1.083682,1.083807,50
2024-01-31 15:00:00,1.083807,1.084059,1.083775,1.084027,50
2024-01-31 16:00:00,1.084027,1.084677,1.083985,1.084634,50
2024-01-31 17:00:00,1.084634,1.084819,1.084061,1.084245,50
2024-01-31 18:00:00,1.084245,1.084413,1.083979,1.084147,50
2024-01-31 19:00:00,1.084147,1.084188,1.083981,1.084022,50
2024-01-31 20:00:00,1.084022,1.084092,1.083616,1.083686,50
2024-01-31 21:00:00,1.083686,1.083688,1.083322,1.083324,50
2024-01-31 22:00:00,1.083324,1.083645,1.083149,1.083470,50
2024-01-31 23:00:00,1.083470,1.085592,1.083419,1.085541,50
2024-02-01 00:00:00,1.085541,1.085543,1.085123,1.085126,50
2024-02-01 01:00:00,1.085126,1.085782,1.084942,1.085598,50
2024-02-01 02:00:00,1.085598,1.085718,1.084865,1.084985,50
2024-02-01 03:00:00,1.084985,1.085265,1.084835,1.085114,50
2024-02-01 04:00:00,1.085114,1.086293,1.084953,1.086132,50
2024-02-01 05:00:00,1.086132,1.086509,1.085982,1.086359,50
2024-02-01 06:00:00,1.086359,1.086516,1.085812,1.085968,50
2024-02-01 07:00:00,1.085968,1.085970,1.085776,1.085778,50
2024-02-01 08:00:00,1.085778,1.085915,1.085439,1.085576,50
2024-02-01 09:00:00,1.085576,1.085641,1.085034,1.085099,50
2024-02-01 10:00:00,1.085099,1.085587,1.085093,1.085580,50
2024-02-01 11:00:00,1.085580,1.085645,1.084895,1.084960,50
2024-02-01 12:00:00,1.084960,1.085868,1.084927,1.085834,50
2024-02-01 13:00:00,1.085834,1.085881,1.085123,1.085170,50
2024-02-01 14:00:00,1.085170,1.086204,1.085025,1.086059,50
2024-02-01 15:00:00,1.086059,1.086555,1.085997,1.086494,50
2024-02-01 16:00:00,1.086494,1.086688,1.085949,1.086143,50
2024-02-01 17:00:00,1.086143,1.086756,1.086037,1.086650,50
2024-02-01 18:00:00,1.086650,1.086681,1.086365,1.086396,50
2024-02-01 19:00:00,1.086396,1.086447,1.086073,1.086124,50
2024-02-01 20:00:00,1.086124,1.086514,1.085957,1.086347,50
2024-02-01 21:00:00,1.086347,1.087594,1.086154,1.087401,50
2024-02-01 22:00:00,1.087401,1.087644,1.087251,1.087494,50
2024-02-01 23:00:00,1.087494,1.087610,1.086368,1.086484,50
2024-02-02 00:00:00,1.086484,1.087116,1.085546,1.086178,50
2024-02-02 01:00:00,1.086178,1.086832,1.085865,1.086519,50
2024-02-02 02:00:00,1.086519,1.086570,1.083101,1.083152,50
2024-02-02 03:00:00,1.083152,1.083293,1.079795,1.079937,50
2024-02-02 04:00:00,1.079937,1.081229,1.079340,1.080632,50
2024-02-02 05:00:00,1.080632,1.082121,1.080218,1.081707,50
2024-02-02 06:00:00,1.081707,1.082115,1.079924,1.080331,50
2024-02-02 07:00:00,1.080331,1.081225,1.080122,1.081016,50
2024-02-02 08:00:00,1.081016,1.083462,1.080812,1.083258,50
2024-02-02 09:00:00,1.083258,1.088288,1.083002,1.088031,50
2024-02-02 10:00:00,1.088031,1.088218,1.085734,1.085921,50
2024-02-02 11:00:00,1.085921,1.086481,1.083375,1.083936,50
2024-02-02 12:00:00,1.083936,1.084410,1.080470,1.080945,50
2024-02-02 13:00:00,1.080945,1.084830,1.080705,1.084590,50
2024-02-02 14:00:00,1.084590,1.084886,1.082701,1.082997,50
2024-02-02 15:00:00,1.082997,1.083172,1.080893,1.081068,50
2024-02-02 16:00:00,1.081068,1.082886,1.080571,1.082388,50
2024-02-02 17:00:00,1.082388,1.082597,1.081724,1.081933,50
2024-02-02 18:00:00,1.081933,1.082088,1.079320,1.079475,50
2024-02-02 19:00:00,1.079475,1.079693,1.079150,1.079367,50
2024-02-02 20:00:00,1.079367,1.079486,1.078627,1.078746,50
2024-02-02 21:00:00,1.078746,1.078795,1.077153,1.077202,50
2024-02-02 22:00:00,1.077202,1.078823,1.077028,1.078649,50
2024-02-02 23:00:00,1.078649,1.079250,1.078147,1.078749,50
2024-02-05 00:00:00,1.078749,1.079415,1.078342,1.079008,50
2024-02-05 01:00:00,1.079008,1.079107,1.078323,1.078422,50
2024-02-05 02:00:00,1.078422,1.078631,1.077831,1.078040,50
2024-02-05 03:00:00,1.078040,1.079349,1.077802,1.079112,50
2024-02-05 04:00:00,1.079112,1.079205,1.078526,1.078619,50
2024-02-05 05:00:00,1.078619,1.078946,1.078404,1.078730,50
2024-02-05 06:00:00,1.078730,1.079075,1.078490,1.078834,50
2024-02-05 07:00:00,1.078834,1.078922,1.077425,1.077513,50
2024-02-05 08:00:00,1.077513,1.077649,1.076851,1.076987,50
2024-02-05 09:00:00,1.076987,1.077159,1.075876,1.076048,50
2024-02-05 10:00:00,1.076048,1.077637,1.075662,1.077252,50
2024-02-05 11:00:00,1.077252,1.077431,1.075551,1.075731,50
2024-02-05 12:00:00,1.075731,1.075925,1.074425,1.074618,50
2024-02-05 13:00:00,1.074618,1.076342,1.074473,1.076197,50
2024-02-05 14:00:00,1.076197,1.076846,1.075881,1.076530,50
2024-02-05 15:00:00,1.076530,1.076744,1.075468,1.075682,50
2024-02-05 16:00:00,1.075682,1.076040,1.074098,1.074457,50
2024-02-05 17:00:00,1.074457,1.074716,1.073839,1.074098,50
2024-02-05 18:00:00,1.074098,1.076024,1.073831,1.075756,50
2024-02-05 19:00:00,1.075756,1.075949,1.074311,1.074504,50
2024-02-05 20:00:00,1.074504,1.074541,1.073356,1.073393,50
2024-02-05 21:00:00,1.073393,1.073987,1.073275,1.073869,50
2024-02-05 22:00:00,1.073869,1.073985,1.072682,1.072799,50
2024-02-05 23:00:00,1.072799,1.073993,1.072458,1.073653,50
2024-02-06 00:00:00,1.073653,1.073665,1.073467,1.073480,50
2024-02-06 01:00:00,1.073480,1.074446,1.073390,1.074356,50
2024-02-06 02:00:00,1.074356,1.075424,1.074217,1.075285,50
2024-02-06 03:00:00,1.075285,1.075296,1.074939,1.074950,50
2024-02-06 04:00:00,1.074950,1.075144,1.074781,1.074975,50
2024-02-06 05:00:00,1.074975,1.075471,1.074821,1.075317,50
2024-02-06 06:00:00,1.075317,1.075464,1.074916,1.075063,50
2024-02-06 07:00:00,1.075063,1.076137,1.074942,1.076016,50
2024-02-06 08:00:00,1.076016,1.076102,1.075644,1.075730,50
2024-02-06 09:00:00,1.075730,1.075899,1.075308,1.075477,50
2024-02-06 10:00:00,1.075477,1.075615,1.075308,1.075446,50
2024-02-06 11:00:00,1.075446,1.075553,1.075136,1.075243,50
2024-02-06 12:00:00,1.075243,1.075345,1.074786,1.074889,50
2024-02-06 13:00:00,1.074889,1.075057,1.074690,1.074858,50
2024-02-06 14:00:00,1.074858,1.074920,1.074698,1.074760,50
2024-02-06 15:00:00,1.074760,1.074934,1.074105,1.074278,50
2024-02-06 16:00:00,1.074278,1.074304,1.072944,1.072970,50
2024-02-06 17:00:00,1.072970,1.073045,1.072715,1.072790,50
2024-02-06 18:00:00,1.072790,1.073415,1.072648,1.073272,50
2024-02-06 19:00:00,1.073272,1.073958,1.073229,1.073915,50
2024-02-06 20:00:00,1.073915,1.074072,1.073569,1.073725,50
2024-02-06 21:00:00,1.073725,1.074631,1.073611,1.074516,50
2024-02-06 22:00:00,1.074516,1.075357,1.074415,1.075256,50
2024-02-06 23:00:00,1.075256,1.075377,1.075033,1.075153,50
2024-02-07 00:00:00,1.075153,1.075172,1.074954,1.074973,50
2024-02-07 01:00:00,1.074973,1.075803,1.074847,1.075677,50
2024-02-07 02:00:00,1.075677,1.076565,1.075673,1.076561,50
2024-02-07 03:00:00,1.076561,1.076752,1.076178,1.076368,50
2024-02-07 04:00:00,1.076368,1.076444,1.076300,1.076376,50
2024-02-07 05:00:00,1.076376,1.077306,1.076206,1.077137,50
2024-02-07 06:00:00,1.077137,1.077268,1.076604,1.076735,50
2024-02-07 07:00:00,1.076735,1.077702,1.076670,1.077637,50
2024-02-07 08:00:00,1.077637,1.077772,1.077317,1.077452,50
2024-02-07 09:00:00,1.077452,1.077610,1.076830,1.076989,50
2024-02-07 10:00:00,1.076989,1.077103,1.075672,1.075786,50
2024-02-07 11:00:00,1.075786,1.076046,1.075738,1.075997,50
2024-02-07 12:00:00,1.075997,1.076048,1.075502,1.075552,50
2024-02-07 13:00:00,1.075552,1.076362,1.075469,1.076279,50
2024-02-07 14:00:00,1.076279,1.076359,1.076250,1.076331,50
2024-02-07 15:00:00,1.076331,1.076450,1.075846,1.075965,50
2024-02-07 16:00:00,1.075965,1.076066,1.075644,1.075744,50
2024-02-07 17:00:00,1.075744,1.076028,1.075732,1.076016,50
2024-02-07 18:00:00,1.076016,1.076109,1.075469,1.075562,50
2024-02-07 19:00:00,1.075562,1.075599,1.075077,1.075115,50
2024-02-07 20:00:00,1.075115,1.075279,1.075095,1.075259,50
2024-02-07 21:00:00,1.075259,1.075677,1.075154,1.075572,50
2024-02-07 22:00:00,1.075572,1.075612,1.075478,1.075518,50
2024-02-07 23:00:00,1.075518,1.076994,1.075414,1.076890,50
2024-02-08 00:00:00,1.076890,1.076958,1.076241,1.076308,50
2024-02-08 01:00:00,1.076308,1.076341,1.075798,1.075830,50
2024-02-08 02:00:00,1.075830,1.075997,1.075339,1.075506,50
2024-02-08 03:00:00,1.075506,1.076143,1.075412,1.076049,50
2024-02-08 04:00:00,1.076049,1.076540,1.075880,1.076371,50
2024-02-08 05:00:00,1.076371,1.077497,1.076316,1.077443,50
2024-02-08 06:00:00,1.077443,1.077540,1.076201,1.076298,50
2024-02-08 07:00:00,1.076298,1.076467,1.076263,1.076431,50
2024-02-08 08:00:00,1.076431,1.076440,1.076212,1.076220,50
2024-02-08 09:00:00,1.076220,1.076305,1.076104,1.076188,50
2024-02-08 10:00:00,1.076188,1.077461,1.076000,1.077273,50
2024-02-08 11:00:00,1.077273,1.078016,1.077272,1.078015,50
2024-02-08 12:00:00,1.078015,1.078110,1.076263,1.076359,50
2024-02-08 13:00:00,1.076359,1.076541,1.076149,1.076331,50
2024-02-08 14:00:00,1.076331,1.076800,1.076191,1.076660,50
2024-02-08 15:00:00,1.076660,1.077910,1.076470,1.077720,50
2024-02-08 16:00:00,1.077720,1.078024,1.077684,1.077989,50
2024-02-08 17:00:00,1.077989,1.078215,1.077944,1.078170,50
2024-02-08 18:00:00,1.078170,1.078359,1.078043,1.078233,50
2024-02-08 19:00:00,1.078233,1.078633,1.078163,1.078563,50
2024-02-08 20:00:00,1.078563,1.078887,1.078414,1.078738,50
2024-02-08 21:00:00,1.078738,1.078921,1.078109,1.078292,50
2024-02-08 22:00:00,1.078292,1.078404,1.077887,1.077999,50
2024-02-08 23:00:00,1.077999,1.078076,1.077277,1.077354,50
2024-02-09 00:00:00,1.077354,1.077521,1.077149,1.077316,50
2024-02-09 01:00:00,1.077316,1.077417,1.076843,1.076944,50
2024-02-09 02:00:00,1.076944,1.077944,1.076769,1.077769,50
2024-02-09 03:00:00,1.077769,1.077951,1.077229,1.077410,50
2024-02-09 04:00:00,1.077410,1.078742,1.077302,1.078634,50
2024-02-09 05:00:00,1.078634,1.078793,1.078601,1.078759,50
2024-02-09 06:00:00,1.078759,1.078876,1.077684,1.077801,50
2024-02-09 07:00:00,1.077801,1.079553,1.077626,1.079378,50
2024-02-09 08:00:00,1.079378,1.079444,1.078208,1.078274,50
2024-02-09 09:00:00,1.078274,1.078466,1.076848,1.077039,50
2024-02-09 10:00:00,1.077039,1.077462,1.076889,1.077312,50
2024-02-09 11:00:00,1.077312,1.077576,1.077307,1.077570,50
2024-02-09 12:00:00,1.077570,1.077883,1.077495,1.077808,50
2024-02-09 13:00:00,1.077808,1.077927,1.077066,1.077185,50
2024-02-09 14:00:00,1.077185,1.077434,1.077062,1.077311,50
2024-02-09 15:00:00,1.077311,1.077459,1.076997,1.077146,50
2024-02-09 16:00:00,1.077146,1.077246,1.076781,1.076880,50
2024-02-09 17:00:00,1.076880,1.076987,1.076642,1.076749,50
2024-02-09 18:00:00,1.076749,1.078627,1.076707,1.078586,50
2024-02-09 19:00:00,1.078586,1.079437,1.078436,1.079286,50
2024-02-09 20:00:00,1.079286,1.079441,1.079113,1.079267,50
2024-02-09 21:00:00,1.079267,1.079456,1.077616,1.077805,50
2024-02-09 22:00:00,1.077805,1.078047,1.077729,1.077971,50
2024-02-09 23:00:00,1.077971,1.078173,1.077966,1.078167,50
2024-02-12 00:00:00,1.078167,1.079054,1.078007,1.078894,50
2024-02-12 01:00:00,1.078894,1.078939,1.078666,1.078711,50
2024-02-12 02:00:00,1.078711,1.078972,1.078683,1.078944,50
2024-02-12 03:00:00,1.078944,1.079525,1.078796,1.079377,50
2024-02-12 04:00:00,1.079377,1.079492,1.079024,1.079139,50
2024-02-12 05:00:00,1.079139,1.079155,1.078864,1.078880,50
2024-02-12 06:00:00,1.078880,1.078993,1.078151,1.078264,50
2024-02-12 07:00:00,1.078264,1.078577,1.078078,1.078391,50
2024-02-12 08:00:00,1.078391,1.078533,1.078081,1.078224,50
2024-02-12 09:00:00,1.078224,1.078328,1.077844,1.077949,50
2024-02-12 10:00:00,1.077949,1.078318,1.077850,1.078219,50
2024-02-12 11:00:00,1.078219,1.078354,1.077785,1.077920,50
2024-02-12 12:00:00,1.077920,1.078319,1.077822,1.078222,50
2024-02-12 13:00:00,1.078222,1.078226,1.077885,1.077889,50
2024-02-12 14:00:00,1.077889,1.078067,1.077752,1.077930,50
2024-02-12 15:00:00,1.077930,1.077937,1.077544,1.077550,50
2024-02-12 16:00:00,1.077550,1.077577,1.077470,1.077496,50
2024-02-12 17:00:00,1.077496,1.077595,1.077353,1.077452,50
2024-02-12 18:00:00,1.077452,1.077554,1.076847,1.076949,50
2024-02-12 19:00:00,1.076949,1.077141,1.076617,1.076808,50
2024-02-12 20:00:00,1.076808,1.076964,1.076591,1.076746,50
2024-02-12 21:00:00,1.076746,1.076806,1.076275,1.076335,50
2024-02-12 22:00:00,1.076335,1.076565,1.076202,1.076432,50
2024-02-12 23:00:00,1.076432,1.077447,1.076338,1.077354,50
2024-02-13 00:00:00,1.077354,1.077606,1.074801,1.075053,50
2024-02-13 01:00:00,1.075053,1.075116,1.073440,1.073503,50
2024-02-13 02:00:00,1.073503,1.075529,1.073201,1.075227,50
2024-02-13 03:00:00,1.075227,1.076267,1.075129,1.076169,50
2024-02-13 04:00:00,1.076169,1.076467,1.075892,1.076190,50
2024-02-13 05:00:00,1.076190,1.076432,1.075931,1.076173,50
2024-02-13 06:00:00,1.076173,1.076494,1.076048,1.076368,50
2024-02-13 07:00:00,1.076368,1.077549,1.076111,1.077291,50
2024-02-13 08:00:00,1.077291,1.078329,1.076876,1.077914,50
2024-02-13 09:00:00,1.077914,1.078654,1.077676,1.078417,50
2024-02-13 10:00:00,1.078417,1.078690,1.077482,1.077756,50
2024-02-13 11:00:00,1.077756,1.078187,1.075216,1.075647,50
2024-02-13 12:00:00,1.075647,1.075956,1.074323,1.074632,50
2024-02-13 13:00:00,1.074632,1.075971,1.074468,1.075807,50
2024-02-13 14:00:00,1.075807,1.077599,1.075513,1.077304,50
2024-02-13 15:00:00,1.077304,1.077512,1.075729,1.075937,50
2024-02-13 16:00:00,1.075937,1.076139,1.071456,1.071657,50
2024-02-13 17:00:00,1.071657,1.072562,1.071344,1.072248,50
2024-02-13 18:00:00,1.072248,1.073425,1.072234,1.073411,50
2024-02-13 19:00:00,1.073411,1.074044,1.073129,1.073762,50
2024-02-13 20:00:00,1.073762,1.073816,1.072108,1.072162,50
2024-02-13 21:00:00,1.072162,1.073194,1.071995,1.073027,50
2024-02-13 22:00:00,1.073027,1.073420,1.071396,1.071790,50
2024-02-13 23:00:00,1.071790,1.072383,1.071448,1.072041,50
2024-02-14 00:00:00,1.072041,1.072055,1.071719,1.071733,50
2024-02-14 01:00:00,1.071733,1.071859,1.071445,1.071572,50
2024-02-14 02:00:00,1.071572,1.071971,1.071383,1.071782,50
2024-02-14 03:00:00,1.071782,1.071786,1.071756,1.071760,50
2024-02-14 04:00:00,1.071760,1.071952,1.071114,1.071306,50
2024-02-14 05:00:00,1.071306,1.071359,1.071143,1.071196,50
2024-02-14 06:00:00,1.071196,1.071324,1.071051,1.071179,50
2024-02-14 07:00:00,1.071179,1.072650,1.071001,1.072472,50
2024-02-14 08:00:00,1.072472,1.072502,1.072002,1.072031,50
2024-02-14 09:00:00,1.072031,1.072830,1.072031,1.072829,50
2024-02-14 10:00:00,1.072829,1.073043,1.072783,1.072996,50
2024-02-14 11:00:00,1.072996,1.073066,1.072774,1.072844,50
2024-02-14 12:00:00,1.072844,1.073312,1.072753,1.073221,50
2024-02-14 13:00:00,1.073221,1.073413,1.073150,1.073342,50
2024-02-14 14:00:00,1.073342,1.073430,1.072812,1.072900,50
2024-02-14 15:00:00,1.072900,1.073298,1.072887,1.073285,50
2024-02-14 16:00:00,1.073285,1.074471,1.073214,1.074400,50
2024-02-14 17:00:00,1.074400,1.074505,1.073508,1.073613,50
2024-02-14 18:00:00,1.073613,1.073795,1.073413,1.073596,50
2024-02-14 19:00:00,1.073596,1.074175,1.073583,1.074162,50
2024-02-14 20:00:00,1.074162,1.074169,1.072844,1.072851,50
2024-02-14 21:00:00,1.072851,1.073197,1.072660,1.073005,50
2024-02-14 22:00:00,1.073005,1.073473,1.072848,1.073316,50
2024-02-14 23:00:00,1.073316,1.073682,1.073172,1.073537,50
2024-02-15 00:00:00,1.073537,1.075303,1.073532,1.075298,50
2024-02-15 01:00:00,1.075298,1.075479,1.074720,1.074901,50
2024-02-15 02:00:00,1.074901,1.075504,1.074870,1.075473,50
2024-02-15 03:00:00,1.075473,1.075604,1.074911,1.075043,50
2024-02-15 04:00:00,1.075043,1.075251,1.074432,1.074641,50
2024-02-15 05:00:00,1.074641,1.075172,1.074597,1.075129,50
2024-02-15 06:00:00,1.075129,1.075288,1.075060,1.075220,50
2024-02-15 07:00:00,1.075220,1.075222,1.074755,1.074758,50
2024-02-15 08:00:00,1.074758,1.075438,1.074661,1.075341,50
2024-02-15 09:00:00,1.075341,1.075386,1.074269,1.074315,50
2024-02-15 10:00:00,1.074315,1.074395,1.073256,1.073336,50
2024-02-15 11:00:00,1.073336,1.074044,1.073150,1.073858,50
2024-02-15 12:00:00,1.073858,1.074049,1.073205,1.073396,50
2024-02-15 13:00:00,1.073396,1.073529,1.073171,1.073304,50
2024-02-15 14:00:00,1.073304,1.073389,1.072943,1.073029,50
2024-02-15 15:00:00,1.073029,1.073288,1.072886,1.073144,50
2024-02-15 16:00:00,1.073144,1.074029,1.073133,1.074017,50
2024-02-15 17:00:00,1.074017,1.075405,1.073910,1.075298,50
2024-02-15 18:00:00,1.075298,1.075433,1.075077,1.075213,50
2024-02-15 19:00:00,1.075213,1.076710,1.075090,1.076587,50
2024-02-15 20:00:00,1.076587,1.076651,1.075552,1.075616,50
2024-02-15 21:00:00,1.075616,1.075619,1.074876,1.074878,50
2024-02-15 22:00:00,1.074878,1.075402,1.074808,1.075332,50
2024-02-15 23:00:00,1.075332,1.076091,1.075320,1.076079,50
2024-02-16 00:00:00,1.076079,1.077550,1.076014,1.077486,50
2024-02-16 01:00:00,1.077486,1.078231,1.077355,1.078100,50
2024-02-16 02:00:00,1.078100,1.078164,1.077141,1.077205,50
2024-02-16 03:00:00,1.077205,1.077378,1.076831,1.077005,50
2024-02-16 04:00:00,1.077005,1.077064,1.076976,1.077035,50
2024-02-16 05:00:00,1.077035,1.077096,1.076338,1.076399,50
2024-02-16 06:00:00,1.076399,1.076472,1.076320,1.076392,50
2024-02-16 07:00:00,1.076392,1.076527,1.076172,1.076307,50
2024-02-16 08:00:00,1.076307,1.076360,1.075787,1.075840,50
2024-02-16 09:00:00,1.075840,1.075957,1.075745,1.075861,50
2024-02-16 10:00:00,1.075861,1.075909,1.075398,1.075445,50
2024-02-16 11:00:00,1.075445,1.075567,1.075343,1.075464,50
2024-02-16 12:00:00,1.075464,1.075553,1.074780,1.074869,50
2024-02-16 13:00:00,1.074869,1.075159,1.074684,1.074975,50
2024-02-16 14:00:00,1.074975,1.075394,1.074872,1.075291,50
2024-02-16 15:00:00,1.075291,1.075405,1.075171,1.075286,50
2024-02-16 16:00:00,1.075286,1.075598,1.075259,1.075571,50
2024-02-16 17:00:00,1.075571,1.076045,1.075502,1.075975,50
2024-02-16 18:00:00,1.075975,1.076378,1.075803,1.076207,50
2024-02-16 19:00:00,1.076207,1.076773,1.076073,1.076639,50
2024-02-16 20:00:00,1.076639,1.076831,1.076416,1.076607,50
2024-02-16 21:00:00,1.076607,1.076942,1.076482,1.076816,50
2024-02-16 22:00:00,1.076816,1.077142,1.076644,1.076970,50
2024-02-16 23:00:00,1.076970,1.077052,1.076807,1.076890,50
2024-02-20 00:00:00,1.076890,1.078858,1.076741,1.078708,50
2024-02-20 01:00:00,1.078708,1.078971,1.078537,1.078800,50
2024-02-20 02:00:00,1.078800,1.079656,1.078611,1.079467,50
2024-02-20 03:00:00,1.079467,1.079606,1.078933,1.079072,50
2024-02-20 04:00:00,1.079072,1.079222,1.076310,1.076460,50
2024-02-20 05:00:00,1.076460,1.079680,1.076165,1.079384,50
2024-02-20 06:00:00,1.079384,1.081537,1.079108,1.081261,50
2024-02-20 07:00:00,1.081261,1.081289,1.079136,1.079164,50
2024-02-20 08:00:00,1.079164,1.079467,1.078560,1.078863,50
2024-02-20 09:00:00,1.078863,1.079041,1.077091,1.077270,50
2024-02-20 10:00:00,1.077270,1.077434,1.075818,1.075982,50
2024-02-20 11:00:00,1.075982,1.078254,1.075669,1.077942,50
2024-02-20 12:00:00,1.077942,1.079402,1.077748,1.079209,50
2024-02-20 13:00:00,1.079209,1.080266,1.078913,1.079970,50
2024-02-20 14:00:00,1.079970,1.080292,1.079894,1.080216,50
2024-02-20 15:00:00,1.080216,1.080361,1.079233,1.079378,50
2024-02-20 16:00:00,1.079378,1.082423,1.079295,1.082340,50
2024-02-20 17:00:00,1.082340,1.082423,1.079360,1.079443,50
2024-02-20 18:00:00,1.079443,1.079601,1.078781,1.078940,50
2024-02-20 19:00:00,1.078940,1.079848,1.078803,1.079711,50
2024-02-20 20:00:00,1.079711,1.080050,1.077447,1.077786,50
2024-02-20 21:00:00,1.077786,1.078062,1.077201,1.077477,50
2024-02-20 22:00:00,1.077477,1.077883,1.077302,1.077708,50
2024-02-20 23:00:00,1.077708,1.081577,1.077563,1.081432,50
2024-02-21 00:00:00,1.081432,1.081606,1.080522,1.080696,50
2024-02-21 01:00:00,1.080696,1.080787,1.079902,1.079993,50
2024-02-21 02:00:00,1.079993,1.080139,1.079885,1.080031,50
2024-02-21 03:00:00,1.080031,1.080089,1.079927,1.079985,50
2024-02-21 04:00:00,1.079985,1.080320,1.079938,1.080274,50
2024-02-21 05:00:00,1.080274,1.080517,1.080084,1.080327,50
2024-02-21 06:00:00,1.080327,1.080835,1.080164,1.080672,50
2024-02-21 07:00:00,1.080672,1.080788,1.080415,1.080531,50
2024-02-21 08:00:00,1.080531,1.080600,1.080086,1.080155,50
2024-02-21 09:00:00,1.080155,1.080807,1.079974,1.080626,50
2024-02-21 10:00:00,1.080626,1.080664,1.080575,1.080613,50
2024-02-21 11:00:00,1.080613,1.080788,1.080268,1.080442,50
2024-02-21 12:00:00,1.080442,1.080531,1.080168,1.080257,50
2024-02-21 13:00:00,1.080257,1.080441,1.080200,1.080384,50
2024-02-21 14:00:00,1.080384,1.080965,1.080358,1.080938,50
2024-02-21 15:00:00,1.080938,1.081433,1.080758,1.081252,50
2024-02-21 16:00:00,1.081252,1.081903,1.081078,1.081729,50
2024-02-21 17:00:00,1.081729,1.082159,1.081613,1.082043,50
2024-02-21 18:00:00,1.082043,1.082247,1.082037,1.082241,50
2024-02-21 19:00:00,1.082241,1.082474,1.082175,1.082408,50
2024-02-21 20:00:00,1.082408,1.082856,1.082369,1.082818,50
2024-02-21 21:00:00,1.082818,1.082834,1.082666,1.082682,50
2024-02-21 22:00:00,1.082682,1.083208,1.082642,1.083168,50
2024-02-21 23:00:00,1.083168,1.083327,1.081624,1.081783,50
2024-02-22 00:00:00,1.081783,1.081876,1.080264,1.080357,50
2024-02-22 01:00:00,1.080357,1.080435,1.080088,1.080167,50
2024-02-22 02:00:00,1.080167,1.080901,1.080127,1.080861,50
2024-02-22 03:00:00,1.080861,1.080896,1.080810,1.080844,50
2024-02-22 04:00:00,1.080844,1.081416,1.080753,1.081324,50
2024-02-22 05:00:00,1.081324,1.081769,1.081246,1.081691,50
2024-02-22 06:00:00,1.081691,1.082051,1.081578,1.081938,50
2024-02-22 07:00:00,1.081938,1.082917,1.081847,1.082826,50
2024-02-22 08:00:00,1.082826,1.083354,1.082760,1.083288,50
2024-02-22 09:00:00,1.083288,1.083467,1.082734,1.082913,50
2024-02-22 10:00:00,1.082913,1.082996,1.082649,1.082732,50
2024-02-22 11:00:00,1.082732,1.082747,1.082236,1.082250,50
2024-02-22 12:00:00,1.082250,1.082355,1.081698,1.081802,50
2024-02-22 13:00:00,1.081802,1.081900,1.081579,1.081677,50
2024-02-22 14:00:00,1.081677,1.081973,1.081514,1.081810,50
2024-02-22 15:00:00,1.081810,1.082136,1.081756,1.082082,50
2024-02-22 16:00:00,1.082082,1.082262,1.081643,1.081824,50
2024-02-22 17:00:00,1.081824,1.081916,1.081155,1.081246,50
2024-02-22 18:00:00,1.081246,1.081291,1.080874,1.080918,50
2024-02-22 19:00:00,1.080918,1.081043,1.080801,1.080927,50
2024-02-22 20:00:00,1.080927,1.081088,1.080704,1.080865,50
2024-02-22 21:00:00,1.080865,1.081010,1.080219,1.080364,50
2024-02-22 22:00:00,1.080364,1.080430,1.079981,1.080048,50
2024-02-22 23:00:00,1.080048,1.081672,1.079924,1.081549,50
2024-02-23 00:00:00,1.081549,1.081785,1.081515,1.081751,50
2024-02-23 01:00:00,1.081751,1.083286,1.081670,1.083205,50
2024-02-23 02:00:00,1.083205,1.083331,1.082610,1.082736,50
2024-02-23 03:00:00,1.082736,1.082885,1.082017,1.082166,50
2024-02-23 04:00:00,1.082166,1.082211,1.081003,1.081048,50
2024-02-23 05:00:00,1.081048,1.081135,1.080960,1.081046,50
2024-02-23 06:00:00,1.081046,1.081892,1.081013,1.081858,50
2024-02-23 07:00:00,1.081858,1.082447,1.081666,1.082255,50
2024-02-23 08:00:00,1.082255,1.082417,1.081875,1.082037,50
2024-02-23 09:00:00,1.082037,1.082174,1.081940,1.082077,50
2024-02-23 10:00:00,1.082077,1.083054,1.081929,1.082906,50
2024-02-23 11:00:00,1.082906,1.083083,1.081791,1.081968,50
2024-02-23 12:00:00,1.081968,1.083282,1.081834,1.083148,50
2024-02-23 13:00:00,1.083148,1.083186,1.082212,1.082251,50
2024-02-23 14:00:00,1.082251,1.082330,1.081879,1.081958,50
2024-02-23 15:00:00,1.081958,1.082351,1.081827,1.082221,50
2024-02-23 16:00:00,1.082221,1.082702,1.082172,1.082653,50
2024-02-23 17:00:00,1.082653,1.082700,1.082168,1.082216,50
2024-02-23 18:00:00,1.082216,1.083305,1.082178,1.083268,50
2024-02-23 19:00:00,1.083268,1.083970,1.083115,1.083817,50
2024-02-23 20:00:00,1.083817,1.083992,1.082642,1.082817,50
2024-02-23 21:00:00,1.082817,1.082846,1.081609,1.081639,50
2024-02-23 22:00:00,1.081639,1.083016,1.081617,1.082994,50
2024-02-23 23:00:00,1.082994,1.083087,1.082745,1.082837,50
2024-02-26 00:00:00,1.082837,1.083231,1.082688,1.083082,50
2024-02-26 01:00:00,1.083082,1.083230,1.083048,1.083196,50
2024-02-26 02:00:00,1.083196,1.083319,1.082309,1.082433,50
2024-02-26 03:00:00,1.082433,1.082477,1.082252,1.082296,50
2024-02-26 04:00:00,1.082296,1.082565,1.082283,1.082551,50
2024-02-26 05:00:00,1.082551,1.082991,1.082348,1.082787,50
2024-02-26 06:00:00,1.082787,1.082957,1.082357,1.082527,50
2024-02-26 07:00:00,1.082527,1.083147,1.082525,1.083145,50
2024-02-26 08:00:00,1.083145,1.083519,1.083099,1.083473,50
2024-02-26 09:00:00,1.083473,1.083508,1.083390,1.083425,50
2024-02-26 10:00:00,1.083425,1.084190,1.083307,1.084072,50
2024-02-26 11:00:00,1.084072,1.085046,1.084048,1.085022,50
2024-02-26 12:00:00,1.085022,1.085256,1.084915,1.085149,50
2024-02-26 13:00:00,1.085149,1.085337,1.084637,1.084825,50
2024-02-26 14:00:00,1.084825,1.085045,1.084496,1.084716,50
2024-02-26 15:00:00,1.084716,1.084914,1.084481,1.084678,50
2024-02-26 16:00:00,1.084678,1.085239,1.084600,1.085161,50
2024-02-26 17:00:00,1.085161,1.085313,1.085145,1.085297,50
2024-02-26 18:00:00,1.085297,1.085555,1.085263,1.085521,50
2024-02-26 19:00:00,1.085521,1.085871,1.085417,1.085768,50
2024-02-26 20:00:00,1.085768,1.085985,1.085187,1.085404,50
2024-02-26 21:00:00,1.085404,1.085669,1.085183,1.085449,50
2024-02-26 22:00:00,1.085449,1.085904,1.085241,1.085696,50
2024-02-26 23:00:00,1.085696,1.085890,1.085347,1.085541,50
2024-02-27 00:00:00,1.085541,1.086010,1.085363,1.085832,50
2024-02-27 01:00:00,1.085832,1.085888,1.085379,1.085434,50
2024-02-27 02:00:00,1.085434,1.085752,1.085244,1.085562,50
2024-02-27 03:00:00,1.085562,1.085885,1.085415,1.085738,50
2024-02-27 04:00:00,1.085738,1.086109,1.085646,1.086017,50
2024-02-27 05:00:00,1.086017,1.086122,1.085519,1.085624,50
2024-02-27 06:00:00,1.085624,1.086513,1.085621,1.086510,50
2024-02-27 07:00:00,1.086510,1.087063,1.086371,1.086924,50
2024-02-27 08:00:00,1.086924,1.087103,1.085385,1.085564,50
2024-02-27 09:00:00,1.085564,1.086268,1.085398,1.086102,50
2024-02-27 10:00:00,1.086102,1.086251,1.086004,1.086152,50
2024-02-27 11:00:00,1.086152,1.086608,1.085959,1.086415,50
2024-02-27 12:00:00,1.086415,1.087091,1.086240,1.086916,50
2024-02-27 13:00:00,1.086916,1.087022,1.086449,1.086555,50
2024-02-27 14:00:00,1.086555,1.087061,1.086404,1.086910,50
2024-02-27 15:00:00,1.086910,1.087098,1.085685,1.085873,50
2024-02-27 16:00:00,1.085873,1.085905,1.085375,1.085408,50
2024-02-27 17:00:00,1.085408,1.085590,1.084488,1.084671,50
2024-02-27 18:00:00,1.084671,1.084709,1.084344,1.084382,50
2024-02-27 19:00:00,1.084382,1.084443,1.083910,1.083971,50
2024-02-27 20:00:00,1.083971,1.085010,1.083899,1.084937,50
2024-02-27 21:00:00,1.084937,1.085606,1.084766,1.085435,50
2024-02-27 22:00:00,1.085435,1.086710,1.085263,1.086539,50
2024-02-27 23:00:00,1.086539,1.086561,1.085636,1.085658,50
2024-02-28 00:00:00,1.085658,1.085662,1.085517,1.085520,50
2024-02-28 01:00:00,1.085520,1.086076,1.085350,1.085906,50
2024-02-28 02:00:00,1.085906,1.086461,1.085792,1.086347,50
2024-02-28 03:00:00,1.086347,1.086721,1.086180,1.086554,50
2024-02-28 04:00:00,1.086554,1.086692,1.086441,1.086579,50
2024-02-28 05:00:00,1.086579,1.086626,1.085407,1.085455,50
2024-02-28 06:00:00,1.085455,1.085537,1.083922,1.084004,50
2024-02-28 07:00:00,1.084004,1.084037,1.083802,1.083835,50
2024-02-28 08:00:00,1.083835,1.084391,1.083775,1.084331,50
2024-02-28 09:00:00,1.084331,1.084556,1.084225,1.084450,50
2024-02-28 10:00:00,1.084450,1.084528,1.083670,1.083748,50
2024-02-28 11:00:00,1.083748,1.083915,1.083379,1.083546,50
2024-02-28 12:00:00,1.083546,1.084278,1.083519,1.084251,50
2024-02-28 13:00:00,1.084251,1.084414,1.084229,1.084392,50
2024-02-28 14:00:00,1.084392,1.084525,1.083938,1.084072,50
2024-02-28 15:00:00,1.084072,1.084136,1.083304,1.083368,50
2024-02-28 16:00:00,1.083368,1.083689,1.083215,1.083537,50
2024-02-28 17:00:00,1.083537,1.083610,1.083253,1.083326,50
2024-02-28 18:00:00,1.083326,1.084571,1.083247,1.084492,50
2024-02-28 19:00:00,1.084492,1.084734,1.084368,1.084610,50
2024-02-28 20:00:00,1.084610,1.084754,1.084270,1.084414,50
2024-02-28 21:00:00,1.084414,1.085157,1.084256,1.084999,50
2024-02-28 22:00:00,1.084999,1.085023,1.084288,1.084312,50
2024-02-28 23:00:00,1.084312,1.084445,1.084113,1.084246,50
2024-02-29 00:00:00,1.084246,1.084381,1.081366,1.081501,50
2024-02-29 01:00:00,1.081501,1.082709,1.081466,1.082674,50
2024-02-29 02:00:00,1.082674,1.083490,1.082593,1.083410,50
2024-02-29 03:00:00,1.083410,1.083698,1.082742,1.083031,50
2024-02-29 04:00:00,1.083031,1.084037,1.082791,1.083797,50
2024-02-29 05:00:00,1.083797,1.084512,1.083582,1.084297,50
2024-02-29 06:00:00,1.084297,1.084485,1.083621,1.083809,50
2024-02-29 07:00:00,1.083809,1.084366,1.083553,1.084110,50
2024-02-29 08:00:00,1.084110,1.084402,1.084038,1.084330,50
2024-02-29 09:00:00,1.084330,1.085008,1.084062,1.084740,50
2024-02-29 10:00:00,1.084740,1.084766,1.084561,1.084587,50
2024-02-29 11:00:00,1.084587,1.084594,1.084095,1.084102,50
2024-02-29 12:00:00,1.084102,1.084850,1.083879,1.084627,50
2024-02-29 13:00:00,1.084627,1.085152,1.084424,1.084949,50
2024-02-29 14:00:00,1.084949,1.085190,1.083878,1.084119,50
2024-02-29 15:00:00,1.084119,1.084312,1.083694,1.083887,50
2024-02-29 16:00:00,1.083887,1.084302,1.083657,1.084073,50
2024-02-29 17:00:00,1.084073,1.084245,1.082554,1.082726,50
2024-02-29 18:00:00,1.082726,1.082953,1.081560,1.081787,50
2024-02-29 19:00:00,1.081787,1.082003,1.080493,1.080710,50
2024-02-29 20:00:00,1.080710,1.080808,1.080545,1.080643,50
2024-02-29 21:00:00,1.080643,1.080822,1.080244,1.080423,50
2024-02-29 22:00:00,1.080423,1.080578,1.079872,1.080028,50
2024-02-29 23:00:00,1.080028,1.080908,1.079850,1.080731,50
2024-03-01 00:00:00,1.080731,1.082040,1.080582,1.081891,50
2024-03-01 01:00:00,1.081891,1.081945,1.081568,1.081622,50
2024-03-01 02:00:00,1.081622,1.081728,1.080132,1.080239,50
2024-03-01 03:00:00,1.080239,1.081434,1.080186,1.081381,50
2024-03-01 04:00:00,1.081381,1.081402,1.080256,1.080277,50
2024-03-01 05:00:00,1.080277,1.081032,1.080101,1.080856,50
2024-03-01 06:00:00,1.080856,1.081449,1.080838,1.081432,50
2024-03-01 07:00:00,1.081432,1.082007,1.081316,1.081891,50
2024-03-01 08:00:00,1.081891,1.083081,1.081717,1.082907,50
2024-03-01 09:00:00,1.082907,1.083047,1.082075,1.082216,50
2024-03-01 10:00:00,1.082216,1.082464,1.082047,1.082295,50
2024-03-01 11:00:00,1.082295,1.082475,1.081046,1.081225,50
2024-03-01 12:00:00,1.081225,1.081759,1.081202,1.081736,50
2024-03-01 13:00:00,1.081736,1.081744,1.081417,1.081425,50
2024-03-01 14:00:00,1.081425,1.082554,1.081220,1.082349,50
2024-03-01 15:00:00,1.082349,1.082366,1.081310,1.081328,50
2024-03-01 16:00:00,1.081328,1.081517,1.081079,1.081269,50
2024-03-01 17:00:00,1.081269,1.082464,1.081259,1.082454,50
2024-03-01 18:00:00,1.082454,1.082487,1.082364,1.082397,50
2024-03-01 19:00:00,1.082397,1.082449,1.082292,1.082344,50
2024-03-01 20:00:00,1.082344,1.083793,1.082232,1.083681,50
2024-03-01 21:00:00,1.083681,1.083727,1.081893,1.081940,50
2024-03-01 22:00:00,1.081940,1.082052,1.081442,1.081554,50
2024-03-01 23:00:00,1.081554,1.083353,1.081390,1.083189,50
2024-03-04 00:00:00,1.083189,1.083628,1.083005,1.083444,50
2024-03-04 01:00:00,1.083444,1.083716,1.083228,1.083500,50
2024-03-04 02:00:00,1.083500,1.083737,1.083020,1.083257,50
2024-03-04 03:00:00,1.083257,1.083442,1.083073,1.083258,50
2024-03-04 04:00:00,1.083258,1.084235,1.083165,1.084142,50
2024-03-04 05:00:00,1.084142,1.084332,1.082984,1.083173,50
2024-03-04 06:00:00,1.083173,1.083334,1.082760,1.082921,50
2024-03-04 07:00:00,1.082921,1.083051,1.082448,1.082577,50
2024-03-04 08:00:00,1.082577,1.082914,1.082447,1.082784,50
2024-03-04 09:00:00,1.082784,1.083415,1.082539,1.083170,50
2024-03-04 10:00:00,1.083170,1.083518,1.082960,1.083308,50
2024-03-04 11:00:00,1.083308,1.083606,1.083268,1.083566,50
2024-03-04 12:00:00,1.083566,1.083758,1.083267,1.083459,50
2024-03-04 13:00:00,1.083459,1.084098,1.083290,1.083929,50
2024-03-04 14:00:00,1.083929,1.084546,1.083804,1.084421,50
2024-03-04 15:00:00,1.084421,1.084582,1.083488,1.083649,50
2024-03-04 16:00:00,1.083649,1.084765,1.083580,1.084695,50
2024-03-04 17:00:00,1.084695,1.084866,1.084471,1.084642,50
2024-03-04 18:00:00,1.084642,1.085299,1.084431,1.085089,50
2024-03-04 19:00:00,1.085089,1.085903,1.084876,1.085690,50
2024-03-04 20:00:00,1.085690,1.086533,1.085483,1.086326,50
2024-03-04 21:00:00,1.086326,1.086956,1.086080,1.086710,50
2024-03-04 22:00:00,1.086710,1.086920,1.086650,1.086860,50
2024-03-04 23:00:00,1.086860,1.086898,1.086210,1.086248,50
2024-03-05 00:00:00,1.086248,1.087373,1.086115,1.087239,50
2024-03-05 01:00:00,1.087239,1.087703,1.087150,1.087613,50
2024-03-05 02:00:00,1.087613,1.087633,1.087249,1.087268,50
2024-03-05 03:00:00,1.087268,1.087546,1.087126,1.087404,50
2024-03-05 04:00:00,1.087404,1.087565,1.086838,1.086999,50
2024-03-05 05:00:00,1.086999,1.087910,1.086908,1.087818,50
2024-03-05 06:00:00,1.087818,1.087985,1.086877,1.087044,50
2024-03-05 07:00:00,1.087044,1.087351,1.086981,1.087287,50
2024-03-05 08:00:00,1.087287,1.087361,1.087014,1.087087,50
2024-03-05 09:00:00,1.087087,1.087119,1.086766,1.086798,50
2024-03-05 10:00:00,1.086798,1.086985,1.085886,1.086072,50
2024-03-05 11:00:00,1.086072,1.086482,1.085953,1.086363,50
2024-03-05 12:00:00,1.086363,1.086402,1.085772,1.085811,50
2024-03-05 13:00:00,1.085811,1.085876,1.085362,1.085428,50
2024-03-05 14:00:00,1.085428,1.085513,1.084673,1.084759,50
2024-03-05 15:00:00,1.084759,1.084770,1.084549,1.084560,50
2024-03-05 16:00:00,1.084560,1.085731,1.084467,1.085638,50
2024-03-05 17:00:00,1.085638,1.085737,1.084699,1.084798,50
2024-03-05 18:00:00,1.084798,1.085727,1.084603,1.085533,50
2024-03-05 19:00:00,1.085533,1.086089,1.085463,1.086019,50
2024-03-05 20:00:00,1.086019,1.086195,1.085994,1.086171,50
2024-03-05 21:00:00,1.086171,1.086338,1.085218,1.085385,50
2024-03-05 22:00:00,1.085385,1.085709,1.085350,1.085674,50
2024-03-05 23:00:00,1.085674,1.086242,1.085563,1.086130,50
2024-03-06 00:00:00,1.086130,1.087090,1.085970,1.086930,50
2024-03-06 01:00:00,1.086930,1.087139,1.085791,1.086000,50
2024-03-06 02:00:00,1.086000,1.086417,1.084671,1.085087,50
2024-03-06 03:00:00,1.085087,1.086103,1.084839,1.085855,50
2024-03-06 04:00:00,1.085855,1.086108,1.085765,1.086019,50
2024-03-06 05:00:00,1.086019,1.088175,1.085913,1.088069,50
2024-03-06 06:00:00,1.088069,1.088190,1.088034,1.088154,50
2024-03-06 07:00:00,1.088154,1.088448,1.086775,1.087068,50
2024-03-06 08:00:00,1.087068,1.087453,1.086519,1.086904,50
2024-03-06 09:00:00,1.086904,1.086928,1.086832,1.086856,50
2024-03-06 10:00:00,1.086856,1.087283,1.085857,1.086283,50
2024-03-06 11:00:00,1.086283,1.088415,1.085960,1.088092,50
2024-03-06 12:00:00,1.088092,1.088544,1.088007,1.088459,50
2024-03-06 13:00:00,1.088459,1.088706,1.087580,1.087828,50
2024-03-06 14:00:00,1.087828,1.087845,1.086994,1.087011,50
2024-03-06 15:00:00,1.087011,1.087088,1.086012,1.086089,50
2024-03-06 16:00:00,1.086089,1.087192,1.085751,1.086854,50
2024-03-06 17:00:00,1.086854,1.088314,1.086668,1.088128,50
2024-03-06 18:00:00,1.088128,1.088952,1.087901,1.088725,50
2024-03-06 19:00:00,1.088725,1.089909,1.088446,1.089631,50
2024-03-06 20:00:00,1.089631,1.090987,1.089280,1.090636,50
2024-03-06 21:00:00,1.090636,1.090919,1.090623,1.090905,50
2024-03-06 22:00:00,1.090905,1.091334,1.090579,1.091007,50
2024-03-06 23:00:00,1.091007,1.091478,1.090875,1.091346,50
2024-03-07 00:00:00,1.091346,1.092011,1.091137,1.091802,50
2024-03-07 01:00:00,1.091802,1.092581,1.091664,1.092443,50
2024-03-07 02:00:00,1.092443,1.092571,1.092156,1.092285,50
2024-03-07 03:00:00,1.092285,1.092437,1.091778,1.091930,50
2024-03-07 04:00:00,1.091930,1.092121,1.091610,1.091801,50
2024-03-07 05:00:00,1.091801,1.092209,1.091578,1.091986,50
2024-03-07 06:00:00,1.091986,1.092166,1.090617,1.090796,50
2024-03-07 07:00:00,1.090796,1.090979,1.090713,1.090896,50
2024-03-07 08:00:00,1.090896,1.090910,1.090808,1.090823,50
2024-03-07 09:00:00,1.090823,1.090963,1.090682,1.090823,50
2024-03-07 10:00:00,1.090823,1.091679,1.090712,1.091568,50
2024-03-07 11:00:00,1.091568,1.091611,1.091231,1.091274,50
2024-03-07 12:00:00,1.091274,1.091526,1.091085,1.091337,50
2024-03-07 13:00:00,1.091337,1.091555,1.091042,1.091260,50
2024-03-07 14:00:00,1.091260,1.091492,1.091239,1.091472,50
2024-03-07 15:00:00,1.091472,1.091690,1.091350,1.091568,50
2024-03-07 16:00:00,1.091568,1.092509,1.091415,1.092356,50
2024-03-07 17:00:00,1.092356,1.092464,1.092051,1.092159,50
2024-03-07 18:00:00,1.092159,1.092530,1.092107,1.092478,50
2024-03-07 19:00:00,1.092478,1.092596,1.092288,1.092407,50
2024-03-07 20:00:00,1.092407,1.092562,1.092302,1.092457,50
2024-03-07 21:00:00,1.092457,1.093074,1.092414,1.093030,50
2024-03-07 22:00:00,1.093030,1.094267,1.092904,1.094141,50
2024-03-07 23:00:00,1.094141,1.094145,1.094088,1.094092,50
2024-03-08 00:00:00,1.094092,1.094288,1.093895,1.094092,50
2024-03-08 01:00:00,1.094092,1.094102,1.094081,1.094092,50
2024-03-08 02:00:00,1.094092,1.094232,1.093952,1.094092,50
2024-03-08 03:00:00,1.094092,1.094188,1.093996,1.094092,50
2024-03-08 04:00:00,1.094092,1.094206,1.093978,1.094092,50
2024-03-08 05:00:00,1.094092,1.094226,1.093958,1.094092,50
2024-03-08 06:00:00,1.094092,1.094222,1.093962,1.094092,50
2024-03-08 07:00:00,1.094092,1.094111,1.094072,1.094092,50
2024-03-08 08:00:00,1.094092,1.094177,1.094006,1.094092,50
2024-03-08 09:00:00,1.094092,1.094097,1.094086,1.094092,50
2024-03-08 10:00:00,1.094092,1.094129,1.094055,1.094092,50
2024-03-08 11:00:00,1.094092,1.094233,1.093951,1.094092,50
2024-03-08 12:00:00,1.094092,1.094287,1.093897,1.094092,50
2024-03-08 13:00:00,1.094092,1.094194,1.093990,1.094092,50
2024-03-08 14:00:00,1.094092,1.094199,1.093985,1.094092,50
2024-03-08 15:00:00,1.094092,1.094152,1.094032,1.094092,50
2024-03-08 16:00:00,1.094092,1.094224,1.093960,1.094092,50
2024-03-08 17:00:00,1.094092,1.094125,1.094059,1.094092,50
2024-03-08 18:00:00,1.094092,1.094229,1.093954,1.094092,50
2024-03-08 19:00:00,1.094092,1.094184,1.093999,1.094092,50
2024-03-08 20:00:00,1.094092,1.094260,1.093924,1.094092,50
2024-03-08 21:00:00,1.094092,1.094195,1.093989,1.094092,50
2024-03-08 22:00:00,1.094092,1.094187,1.093997,1.094092,50
2024-03-08 23:00:00,1.094092,1.094251,1.093933,1.094092,50
2024-03-11 00:00:00,1.094092,1.095180,1.093985,1.095073,50
2024-03-11 01:00:00,1.095073,1.095130,1.094552,1.094608,50
2024-03-11 02:00:00,1.094608,1.094642,1.094081,1.094115,50
2024-03-11 03:00:00,1.094115,1.094643,1.093939,1.094466,50
2024-03-11 04:00:00,1.094466,1.094525,1.093763,1.093822,50
2024-03-11 05:00:00,1.093822,1.093979,1.092763,1.092919,50
2024-03-11 06:00:00,1.092919,1.092998,1.092847,1.092926,50
2024-03-11 07:00:00,1.092926,1.093061,1.092539,1.092674,50
2024-03-11 08:00:00,1.092674,1.092839,1.091971,1.092136,50
2024-03-11 09:00:00,1.092136,1.092320,1.091611,1.091795,50
2024-03-11 10:00:00,1.091795,1.092289,1.091758,1.092252,50
2024-03-11 11:00:00,1.092252,1.092288,1.092117,1.092153,50
2024-03-11 12:00:00,1.092153,1.092353,1.092012,1.092213,50
2024-03-11 13:00:00,1.092213,1.093086,1.092019,1.092892,50
2024-03-11 14:00:00,1.092892,1.092903,1.092780,1.092791,50
2024-03-11 15:00:00,1.092791,1.093307,1.092661,1.093177,50
2024-03-11 16:00:00,1.093177,1.094064,1.092987,1.093874,50
2024-03-11 17:00:00,1.093874,1.093977,1.093176,1.093278,50
2024-03-11 18:00:00,1.093278,1.093351,1.092714,1.092787,50
2024-03-11 19:00:00,1.092787,1.092846,1.092784,1.092843,50
2024-03-11 20:00:00,1.092843,1.092927,1.092163,1.092246,50
2024-03-11 21:00:00,1.092246,1.092526,1.092099,1.092379,50
2024-03-11 22:00:00,1.092379,1.092454,1.091719,1.091795,50
2024-03-11 23:00:00,1.091795,1.092828,1.091744,1.092777,50
2024-03-12 00:00:00,1.092777,1.092830,1.091596,1.091650,50
2024-03-12 01:00:00,1.091650,1.092489,1.091618,1.092457,50
2024-03-12 02:00:00,1.092457,1.092818,1.092371,1.092733,50
2024-03-12 03:00:00,1.092733,1.092919,1.091980,1.092166,50
2024-03-12 04:00:00,1.092166,1.092207,1.091462,1.091503,50
2024-03-12 05:00:00,1.091503,1.091631,1.091381,1.091509,50
2024-03-12 06:00:00,1.091509,1.092199,1.091354,1.092045,50
2024-03-12 07:00:00,1.092045,1.092103,1.091838,1.091896,50
2024-03-12 08:00:00,1.091896,1.092570,1.091783,1.092458,50
2024-03-12 09:00:00,1.092458,1.092638,1.092163,1.092342,50
2024-03-12 10:00:00,1.092342,1.092496,1.092270,1.092424,50
2024-03-12 11:00:00,1.092424,1.093780,1.092232,1.093588,50
2024-03-12 12:00:00,1.093588,1.093782,1.092593,1.092786,50
2024-03-12 13:00:00,1.092786,1.093837,1.092754,1.093805,50
2024-03-12 14:00:00,1.093805,1.093845,1.092495,1.092535,50
2024-03-12 15:00:00,1.092535,1.093142,1.092353,1.092961,50
2024-03-12 16:00:00,1.092961,1.093968,1.092930,1.093937,50
2024-03-12 17:00:00,1.093937,1.093968,1.092455,1.092485,50
2024-03-12 18:00:00,1.092485,1.092837,1.092473,1.092825,50
2024-03-12 19:00:00,1.092825,1.092934,1.092676,1.092785,50
2024-03-12 20:00:00,1.092785,1.092833,1.091907,1.091955,50
2024-03-12 21:00:00,1.091955,1.092046,1.091693,1.091785,50
2024-03-12 22:00:00,1.091785,1.091861,1.091491,1.091567,50
2024-03-12 23:00:00,1.091567,1.091992,1.091397,1.091822,50
2024-03-13 00:00:00,1.091822,1.092038,1.091182,1.091397,50
2024-03-13 01:00:00,1.091397,1.091529,1.091181,1.091312,50
2024-03-13 02:00:00,1.091312,1.091995,1.091218,1.091901,50
2024-03-13 03:00:00,1.091901,1.092335,1.091714,1.092149,50
2024-03-13 04:00:00,1.092149,1.092793,1.092005,1.092650,50
2024-03-13 05:00:00,1.092650,1.093442,1.092456,1.093249,50
2024-03-13 06:00:00,1.093249,1.093312,1.093024,1.093088,50
2024-03-13 07:00:00,1.093088,1.093184,1.093024,1.093119,50
2024-03-13 08:00:00,1.093119,1.093196,1.092942,1.093018,50
2024-03-13 09:00:00,1.093018,1.093557,1.092853,1.093392,50
2024-03-13 10:00:00,1.093392,1.093596,1.093319,1.093522,50
2024-03-13 11:00:00,1.093522,1.093708,1.093396,1.093582,50
2024-03-13 12:00:00,1.093582,1.093882,1.093364,1.093664,50
2024-03-13 13:00:00,1.093664,1.094059,1.093450,1.093845,50
2024-03-13 14:00:00,1.093845,1.093869,1.093563,1.093587,50
2024-03-13 15:00:00,1.093587,1.093793,1.093531,1.093737,50
2024-03-13 16:00:00,1.093737,1.093915,1.093722,1.093900,50
2024-03-13 17:00:00,1.093900,1.094203,1.093721,1.094023,50
2024-03-13 18:00:00,1.094023,1.094292,1.093945,1.094213,50
2024-03-13 19:00:00,1.094213,1.094604,1.094037,1.094428,50
2024-03-13 20:00:00,1.094428,1.094837,1.094221,1.094630,50
2024-03-13 21:00:00,1.094630,1.094787,1.094317,1.094475,50
2024-03-13 22:00:00,1.094475,1.094742,1.094401,1.094668,50
2024-03-13 23:00:00,1.094668,1.094830,1.094289,1.094451,50
2024-03-14 00:00:00,1.094451,1.095291,1.094055,1.094895,50
2024-03-14 01:00:00,1.094895,1.095697,1.094769,1.095571,50
2024-03-14 02:00:00,1.095571,1.095886,1.095008,1.095323,50
2024-03-14 03:00:00,1.095323,1.095749,1.093295,1.093721,50
2024-03-14 04:00:00,1.093721,1.093979,1.092999,1.093257,50
2024-03-14 05:00:00,1.093257,1.093844,1.092995,1.093582,50
2024-03-14 06:00:00,1.093582,1.093806,1.092305,1.092529,50
2024-03-14 07:00:00,1.092529,1.092540,1.091972,1.091984,50
2024-03-14 08:00:00,1.091984,1.092343,1.090700,1.091059,50
2024-03-14 09:00:00,1.091059,1.091510,1.088784,1.089235,50
2024-03-14 10:00:00,1.089235,1.090403,1.088867,1.090035,50
2024-03-14 11:00:00,1.090035,1.090042,1.089843,1.089850,50
2024-03-14 12:00:00,1.089850,1.090080,1.089214,1.089444,50
2024-03-14 13:00:00,1.089444,1.090801,1.089012,1.090369,50
2024-03-14 14:00:00,1.090369,1.090674,1.088930,1.089236,50
2024-03-14 15:00:00,1.089236,1.091166,1.088983,1.090914,50
2024-03-14 16:00:00,1.090914,1.091330,1.088992,1.089408,50
2024-03-14 17:00:00,1.089408,1.090801,1.089391,1.090784,50
2024-03-14 18:00:00,1.090784,1.093842,1.090534,1.093591,50
2024-03-14 19:00:00,1.093591,1.093973,1.089814,1.090196,50
2024-03-14 20:00:00,1.090196,1.090505,1.088995,1.089305,50
2024-03-14 21:00:00,1.089305,1.089938,1.089025,1.089658,50
2024-03-14 22:00:00,1.089658,1.089894,1.088653,1.088888,50
2024-03-14 23:00:00,1.088888,1.088938,1.088801,1.088850,50
2024-03-15 00:00:00,1.088850,1.088990,1.088711,1.088850,50
2024-03-15 01:00:00,1.088850,1.089017,1.088684,1.088850,50
2024-03-15 02:00:00,1.088850,1.088883,1.088817,1.088850,50
2024-03-15 03:00:00,1.088850,1.088966,1.088734,1.088850,50
2024-03-15 04:00:00,1.088850,1.088970,1.088730,1.088850,50
2024-03-15 05:00:00,1.088850,1.088852,1.088848,1.088850,50
2024-03-15 06:00:00,1.088850,1.088895,1.088805,1.088850,50
2024-03-15 07:00:00,1.088850,1.088871,1.088830,1.088850,50
2024-03-15 08:00:00,1.088850,1.088955,1.088746,1.088850,50
2024-03-15 09:00:00,1.088850,1.088981,1.088719,1.088850,50
2024-03-15 10:00:00,1.088850,1.088941,1.088759,1.088850,50
2024-03-15 11:00:00,1.088850,1.088996,1.088705,1.088850,50
2024-03-15 12:00:00,1.088850,1.088967,1.088734,1.088850,50
2024-03-15 13:00:00,1.088850,1.089004,1.088697,1.088850,50
2024-03-15 14:00:00,1.088850,1.088900,1.088800,1.088850,50
2024-03-15 15:00:00,1.088850,1.089035,1.088665,1.088850,50
2024-03-15 16:00:00,1.088850,1.088869,1.088832,1.088850,50
2024-03-15 17:00:00,1.088850,1.088922,1.088778,1.088850,50
2024-03-15 18:00:00,1.088850,1.088857,1.088843,1.088850,50
2024-03-15 19:00:00,1.088850,1.088952,1.088748,1.088850,50
2024-03-15 20:00:00,1.088850,1.088895,1.088805,1.088850,50
2024-03-15 21:00:00,1.088850,1.088959,1.088742,1.088850,50
2024-03-15 22:00:00,1.088850,1.089005,1.088695,1.088850,50
2024-03-15 23:00:00,1.088850,1.088994,1.088707,1.088850,50
2024-03-18 00:00:00,1.088850,1.089923,1.088670,1.089743,50
2024-03-18 01:00:00,1.089743,1.089744,1.088776,1.088776,50
2024-03-18 02:00:00,1.088776,1.089044,1.088648,1.088916,50
2024-03-18 03:00:00,1.088916,1.089044,1.088560,1.088687,50
2024-03-18 04:00:00,1.088687,1.089830,1.088506,1.089649,50
2024-03-18 05:00:00,1.089649,1.090044,1.089616,1.090011,50
2024-03-18 06:00:00,1.090011,1.090012,1.088364,1.088364,50
2024-03-18 07:00:00,1.088364,1.088456,1.087007,1.087099,50
2024-03-18 08:00:00,1.087099,1.088251,1.086961,1.088113,50
2024-03-18 09:00:00,1.088113,1.088296,1.087097,1.087280,50
2024-03-18 10:00:00,1.087280,1.088129,1.087241,1.088090,50
2024-03-18 11:00:00,1.088090,1.088724,1.087980,1.088613,50
2024-03-18 12:00:00,1.088613,1.088692,1.088188,1.088267,50
2024-03-18 13:00:00,1.088267,1.089918,1.088250,1.089902,50
2024-03-18 14:00:00,1.089902,1.089962,1.089591,1.089651,50
2024-03-18 15:00:00,1.089651,1.090499,1.089490,1.090338,50
2024-03-18 16:00:00,1.090338,1.090459,1.089447,1.089568,50
2024-03-18 17:00:00,1.089568,1.089828,1.089416,1.089677,50
2024-03-18 18:00:00,1.089677,1.089830,1.089335,1.089488,50
2024-03-18 19:00:00,1.089488,1.090277,1.089421,1.090211,50
2024-03-18 20:00:00,1.090211,1.090295,1.089188,1.089272,50
2024-03-18 21:00:00,1.089272,1.089448,1.088680,1.088856,50
2024-03-18 22:00:00,1.088856,1.088936,1.088123,1.088203,50
2024-03-18 23:00:00,1.088203,1.088679,1.088138,1.088613,50
2024-03-19 00:00:00,1.088613,1.088772,1.086311,1.086470,50
2024-03-19 01:00:00,1.086470,1.086658,1.085332,1.085519,50
2024-03-19 02:00:00,1.085519,1.085623,1.085384,1.085488,50
2024-03-19 03:00:00,1.085488,1.086716,1.085377,1.086605,50
2024-03-19 04:00:00,1.086605,1.086772,1.085183,1.085350,50
2024-03-19 05:00:00,1.085350,1.085907,1.085223,1.085780,50
2024-03-19 06:00:00,1.085780,1.086240,1.085666,1.086127,50
2024-03-19 07:00:00,1.086127,1.087023,1.086122,1.087019,50
2024-03-19 08:00:00,1.087019,1.087162,1.085467,1.085610,50
2024-03-19 09:00:00,1.085610,1.086460,1.085503,1.086353,50
2024-03-19 10:00:00,1.086353,1.086573,1.085324,1.085544,50
2024-03-19 11:00:00,1.085544,1.086168,1.085459,1.086083,50
2024-03-19 12:00:00,1.086083,1.086271,1.085206,1.085393,50
2024-03-19 13:00:00,1.085393,1.085967,1.085344,1.085919,50
2024-03-19 14:00:00,1.085919,1.086089,1.085456,1.085626,50
2024-03-19 15:00:00,1.085626,1.089261,1.085521,1.089157,50
2024-03-19 16:00:00,1.089157,1.089230,1.088909,1.088983,50
2024-03-19 17:00:00,1.088983,1.089170,1.088151,1.088338,50
2024-03-19 18:00:00,1.088338,1.088963,1.088285,1.088909,50
2024-03-19 19:00:00,1.088909,1.089008,1.087680,1.087779,50
2024-03-19 20:00:00,1.087779,1.087830,1.087549,1.087600,50
2024-03-19 21:00:00,1.087600,1.087754,1.086267,1.086421,50
2024-03-19 22:00:00,1.086421,1.087115,1.086358,1.087052,50
2024-03-19 23:00:00,1.087052,1.087161,1.085784,1.085894,50
2024-03-20 00:00:00,1.085894,1.087179,1.085783,1.087067,50
2024-03-20 01:00:00,1.087067,1.087130,1.086237,1.086300,50
2024-03-20 02:00:00,1.086300,1.086315,1.085553,1.085568,50
2024-03-20 03:00:00,1.085568,1.085593,1.085239,1.085264,50
2024-03-20 04:00:00,1.085264,1.085506,1.085078,1.085320,50
2024-03-20 05:00:00,1.085320,1.085342,1.084857,1.084879,50
2024-03-20 06:00:00,1.084879,1.085072,1.084622,1.084815,50
2024-03-20 07:00:00,1.084815,1.085006,1.084265,1.084456,50
2024-03-20 08:00:00,1.084456,1.084639,1.084456,1.084639,50
2024-03-20 09:00:00,1.084639,1.084773,1.084401,1.084535,50
2024-03-20 10:00:00,1.084535,1.084536,1.084231,1.084232,50
2024-03-20 11:00:00,1.084232,1.084259,1.084121,1.084148,50
2024-03-20 12:00:00,1.084148,1.084489,1.083984,1.084325,50
2024-03-20 13:00:00,1.084325,1.084460,1.084172,1.084307,50
2024-03-20 14:00:00,1.084307,1.084814,1.084155,1.084662,50
2024-03-20 15:00:00,1.084662,1.084697,1.084521,1.084555,50
2024-03-20 16:00:00,1.084555,1.084599,1.084354,1.084398,50
2024-03-20 17:00:00,1.084398,1.084525,1.084283,1.084409,50
2024-03-20 18:00:00,1.084409,1.084440,1.084342,1.084374,50
2024-03-20 19:00:00,1.084374,1.084420,1.084177,1.084224,50
2024-03-20 20:00:00,1.084224,1.084372,1.084191,1.084340,50
2024-03-20 21:00:00,1.084340,1.084908,1.084277,1.084846,50
2024-03-20 22:00:00,1.084846,1.085649,1.084700,1.085504,50
2024-03-20 23:00:00,1.085504,1.085810,1.085352,1.085658,50
2024-03-21 00:00:00,1.085658,1.085719,1.084713,1.084773,50
2024-03-21 01:00:00,1.084773,1.084947,1.084332,1.084507,50
2024-03-21 02:00:00,1.084507,1.084570,1.084202,1.084265,50
2024-03-21 03:00:00,1.084265,1.084549,1.084178,1.084462,50
2024-03-21 04:00:00,1.084462,1.084653,1.084331,1.084523,50
2024-03-21 05:00:00,1.084523,1.084772,1.084423,1.084672,50
2024-03-21 06:00:00,1.084672,1.085085,1.084599,1.085011,50
2024-03-21 07:00:00,1.085011,1.085497,1.084961,1.085446,50
2024-03-21 08:00:00,1.085446,1.085524,1.085430,1.085508,50
2024-03-21 09:00:00,1.085508,1.085904,1.085500,1.085895,50
2024-03-21 10:00:00,1.085895,1.086089,1.085784,1.085978,50
2024-03-21 11:00:00,1.085978,1.086062,1.085694,1.085778,50
2024-03-21 12:00:00,1.085778,1.085890,1.085193,1.085306,50
2024-03-21 13:00:00,1.085306,1.085483,1.085041,1.085219,50
2024-03-21 14:00:00,1.085219,1.085500,1.085027,1.085308,50
2024-03-21 15:00:00,1.085308,1.085537,1.085186,1.085415,50
2024-03-21 16:00:00,1.085415,1.085507,1.085113,1.085206,50
2024-03-21 17:00:00,1.085206,1.085327,1.085182,1.085303,50
2024-03-21 18:00:00,1.085303,1.085652,1.085281,1.085630,50
2024-03-21 19:00:00,1.085630,1.086791,1.085441,1.086603,50
2024-03-21 20:00:00,1.086603,1.087301,1.086426,1.087124,50
2024-03-21 21:00:00,1.087124,1.087714,1.086933,1.087523,50
2024-03-21 22:00:00,1.087523,1.087565,1.086661,1.086703,50
2024-03-21 23:00:00,1.086703,1.086831,1.086002,1.086130,50
2024-03-22 00:00:00,1.086130,1.086562,1.085873,1.086305,50
2024-03-22 01:00:00,1.086305,1.087166,1.086162,1.087023,50
2024-03-22 02:00:00,1.087023,1.087218,1.084922,1.085117,50
2024-03-22 03:00:00,1.085117,1.085431,1.083703,1.084018,50
2024-03-22 04:00:00,1.084018,1.084280,1.083436,1.083698,50
2024-03-22 05:00:00,1.083698,1.084801,1.083687,1.084790,50
2024-03-22 06:00:00,1.084790,1.085596,1.084457,1.085263,50
2024-03-22 07:00:00,1.085263,1.085583,1.085012,1.085332,50
2024-03-22 08:00:00,1.085332,1.086432,1.085076,1.086176,50
2024-03-22 09:00:00,1.086176,1.086467,1.083776,1.084067,50
2024-03-22 10:00:00,1.084067,1.085991,1.084030,1.085955,50
2024-03-22 11:00:00,1.085955,1.086404,1.085906,1.086355,50
2024-03-22 12:00:00,1.086355,1.086896,1.086079,1.086620,50
2024-03-22 13:00:00,1.086620,1.086621,1.086334,1.086334,50
2024-03-22 14:00:00,1.086334,1.086943,1.086152,1.086761,50
2024-03-22 15:00:00,1.086761,1.087071,1.086003,1.086313,50
2024-03-22 16:00:00,1.086313,1.086554,1.084536,1.084776,50
2024-03-22 17:00:00,1.084776,1.085034,1.083677,1.083935,50
2024-03-22 18:00:00,1.083935,1.084044,1.083308,1.083417,50
2024-03-22 19:00:00,1.083417,1.083655,1.082247,1.082486,50
2024-03-22 20:00:00,1.082486,1.083232,1.082476,1.083222,50
2024-03-22 21:00:00,1.083222,1.085198,1.083040,1.085017,50
2024-03-22 22:00:00,1.085017,1.085151,1.083515,1.083649,50
2024-03-22 23:00:00,1.083649,1.083978,1.081337,1.081666,50
2024-03-25 00:00:00,1.081666,1.082501,1.081483,1.082318,50
2024-03-25 01:00:00,1.082318,1.082357,1.081989,1.082028,50
2024-03-25 02:00:00,1.082028,1.082369,1.081944,1.082285,50
2024-03-25 03:00:00,1.082285,1.082344,1.082078,1.082137,50
2024-03-25 04:00:00,1.082137,1.082363,1.082015,1.082241,50
2024-03-25 05:00:00,1.082241,1.082650,1.082211,1.082620,50
2024-03-25 06:00:00,1.082620,1.082961,1.082514,1.082855,50
2024-03-25 07:00:00,1.082855,1.082921,1.082628,1.082694,50
2024-03-25 08:00:00,1.082694,1.082873,1.082630,1.082808,50
2024-03-25 09:00:00,1.082808,1.082840,1.082545,1.082576,50
2024-03-25 10:00:00,1.082576,1.083590,1.082450,1.083464,50
2024-03-25 11:00:00,1.083464,1.084309,1.083443,1.084288,50
2024-03-25 12:00:00,1.084288,1.084370,1.083361,1.083443,50
2024-03-25 13:00:00,1.083443,1.083706,1.083420,1.083684,50
2024-03-25 14:00:00,1.083684,1.084036,1.083649,1.084002,50
2024-03-25 15:00:00,1.084002,1.084075,1.083315,1.083388,50
2024-03-25 16:00:00,1.083388,1.083545,1.080880,1.081037,50
2024-03-25 17:00:00,1.081037,1.081347,1.080999,1.081309,50
2024-03-25 18:00:00,1.081309,1.081826,1.081180,1.081697,50
2024-03-25 19:00:00,1.081697,1.082410,1.081528,1.082241,50
2024-03-25 20:00:00,1.082241,1.082738,1.082198,1.082695,50
2024-03-25 21:00:00,1.082695,1.084085,1.082677,1.084067,50
2024-03-25 22:00:00,1.084067,1.084192,1.083972,1.084097,50
2024-03-25 23:00:00,1.084097,1.084249,1.083507,1.083658,50
2024-03-26 00:00:00,1.083658,1.084029,1.083600,1.083970,50
2024-03-26 01:00:00,1.083970,1.084332,1.083807,1.084169,50
2024-03-26 02:00:00,1.084169,1.084273,1.083965,1.084069,50
2024-03-26 03:00:00,1.084069,1.084835,1.084027,1.084793,50
2024-03-26 04:00:00,1.084793,1.084890,1.083394,1.083492,50
2024-03-26 05:00:00,1.083492,1.084551,1.083455,1.084514,50
2024-03-26 06:00:00,1.084514,1.084679,1.084389,1.084554,50
2024-03-26 07:00:00,1.084554,1.085026,1.084459,1.084931,50
2024-03-26 08:00:00,1.084931,1.084968,1.084106,1.084143,50
2024-03-26 09:00:00,1.084143,1.084149,1.082790,1.082796,50
2024-03-26 10:00:00,1.082796,1.083413,1.082693,1.083310,50
2024-03-26 11:00:00,1.083310,1.083878,1.083197,1.083764,50
2024-03-26 12:00:00,1.083764,1.084352,1.083705,1.084293,50
2024-03-26 13:00:00,1.084293,1.084683,1.084230,1.084619,50
2024-03-26 14:00:00,1.084619,1.084721,1.083628,1.083730,50
2024-03-26 15:00:00,1.083730,1.083760,1.083552,1.083582,50
2024-03-26 16:00:00,1.083582,1.083646,1.082965,1.083029,50
2024-03-26 17:00:00,1.083029,1.083103,1.082703,1.082777,50
2024-03-26 18:00:00,1.082777,1.082818,1.082041,1.082082,50
2024-03-26 19:00:00,1.082082,1.083234,1.081988,1.083140,50
2024-03-26 20:00:00,1.083140,1.083291,1.081530,1.081682,50
2024-03-26 21:00:00,1.081682,1.083170,1.081518,1.083006,50
2024-03-26 22:00:00,1.083006,1.083056,1.082288,1.082337,50
2024-03-26 23:00:00,1.082337,1.082997,1.082295,1.082954,50
2024-03-27 00:00:00,1.082954,1.084193,1.082841,1.084079,50
2024-03-27 01:00:00,1.084079,1.084086,1.083317,1.083323,50
2024-03-27 02:00:00,1.083323,1.083331,1.082858,1.082866,50
2024-03-27 03:00:00,1.082866,1.083055,1.082299,1.082488,50
2024-03-27 04:00:00,1.082488,1.082704,1.082307,1.082523,50
2024-03-27 05:00:00,1.082523,1.083477,1.082477,1.083430,50
2024-03-27 06:00:00,1.083430,1.084193,1.083404,1.084167,50
2024-03-27 07:00:00,1.084167,1.084174,1.084007,1.084013,50
2024-03-27 08:00:00,1.084013,1.084034,1.083320,1.083340,50
2024-03-27 09:00:00,1.083340,1.083371,1.082549,1.082579,50
2024-03-27 10:00:00,1.082579,1.082745,1.081918,1.082084,50
2024-03-27 11:00:00,1.082084,1.083394,1.081986,1.083296,50
2024-03-27 12:00:00,1.083296,1.083409,1.083142,1.083255,50
2024-03-27 13:00:00,1.083255,1.083880,1.083232,1.083856,50
2024-03-27 14:00:00,1.083856,1.083997,1.083332,1.083473,50
2024-03-27 15:00:00,1.083473,1.083626,1.083078,1.083231,50
2024-03-27 16:00:00,1.083231,1.083311,1.082473,1.082553,50
2024-03-27 17:00:00,1.082553,1.083079,1.082471,1.082996,50
2024-03-27 18:00:00,1.082996,1.083242,1.082920,1.083166,50
2024-03-27 19:00:00,1.083166,1.083344,1.083040,1.083218,50
2024-03-27 20:00:00,1.083218,1.083242,1.081573,1.081597,50
2024-03-27 21:00:00,1.081597,1.081600,1.080918,1.080921,50
2024-03-27 22:00:00,1.080921,1.081329,1.080884,1.081292,50
2024-03-27 23:00:00,1.081292,1.082220,1.081206,1.082134,50
2024-03-28 00:00:00,1.082134,1.082247,1.081456,1.081570,50
2024-03-28 01:00:00,1.081570,1.082387,1.081520,1.082337,50
2024-03-28 02:00:00,1.082337,1.082852,1.082165,1.082681,50
2024-03-28 03:00:00,1.082681,1.082905,1.082536,1.082761,50
2024-03-28 04:00:00,1.082761,1.082794,1.082010,1.082043,50
2024-03-28 05:00:00,1.082043,1.082079,1.081597,1.081633,50
2024-03-28 06:00:00,1.081633,1.082423,1.081448,1.082238,50
2024-03-28 07:00:00,1.082238,1.082422,1.081681,1.081865,50
2024-03-28 08:00:00,1.081865,1.081884,1.081425,1.081444,50
2024-03-28 09:00:00,1.081444,1.081607,1.080768,1.080930,50
2024-03-28 10:00:00,1.080930,1.081134,1.080912,1.081116,50
2024-03-28 11:00:00,1.081116,1.081237,1.080780,1.080902,50
2024-03-28 12:00:00,1.080902,1.081087,1.080601,1.080787,50
2024-03-28 13:00:00,1.080787,1.081054,1.080786,1.081053,50
2024-03-28 14:00:00,1.081053,1.081755,1.080947,1.081649,50
2024-03-28 15:00:00,1.081649,1.081705,1.081441,1.081497,50
2024-03-28 16:00:00,1.081497,1.081571,1.080912,1.080986,50
2024-03-28 17:00:00,1.080986,1.081051,1.080329,1.080394,50
2024-03-28 18:00:00,1.080394,1.080420,1.079939,1.079965,50
2024-03-28 19:00:00,1.079965,1.080117,1.079898,1.080050,50
2024-03-28 20:00:00,1.080050,1.080081,1.079800,1.079831,50
2024-03-28 21:00:00,1.079831,1.079962,1.079389,1.079520,50
2024-03-28 22:00:00,1.079520,1.080727,1.079452,1.080658,50
2024-03-28 23:00:00,1.080658,1.080786,1.080019,1.080147,50
2024-03-29 00:00:00,1.080147,1.080661,1.080060,1.080575,50
2024-03-29 01:00:00,1.080575,1.081004,1.080385,1.080814,50
2024-03-29 02:00:00,1.080814,1.080847,1.079750,1.079783,50
2024-03-29 03:00:00,1.079783,1.080333,1.079773,1.080323,50
2024-03-29 04:00:00,1.080323,1.080499,1.079974,1.080150,50
2024-03-29 05:00:00,1.080150,1.080295,1.079642,1.079787,50
2024-03-29 06:00:00,1.079787,1.080660,1.079704,1.080576,50
2024-03-29 07:00:00,1.080576,1.080832,1.080460,1.080715,50
2024-03-29 08:00:00,1.080715,1.080848,1.080157,1.080290,50
2024-03-29 09:00:00,1.080290,1.080480,1.078983,1.079173,50
2024-03-29 10:00:00,1.079173,1.079569,1.079057,1.079452,50
2024-03-29 11:00:00,1.079452,1.080455,1.079432,1.080435,50
2024-03-29 12:00:00,1.080435,1.080555,1.080238,1.080358,50
2024-03-29 13:00:00,1.080358,1.081343,1.080255,1.081241,50
2024-03-29 14:00:00,1.081241,1.081298,1.080269,1.080326,50
2024-03-29 15:00:00,1.080326,1.080515,1.080166,1.080355,50
2024-03-29 16:00:00,1.080355,1.080488,1.079909,1.080042,50
2024-03-29 17:00:00,1.080042,1.080072,1.080016,1.080045,50
2024-03-29 18:00:00,1.080045,1.080087,1.079424,1.079466,50
2024-03-29 19:00:00,1.079466,1.079659,1.078527,1.078720,50
2024-03-29 20:00:00,1.078720,1.078762,1.078550,1.078591,50
2024-03-29 21:00:00,1.078591,1.078700,1.077895,1.078004,50
2024-03-29 22:00:00,1.078004,1.079193,1.077842,1.079031,50
2024-03-29 23:00:00,1.079031,1.079235,1.078895,1.079098,50
2024-04-01 00:00:00,1.079098,1.079259,1.077918,1.078079,50
2024-04-01 01:00:00,1.078079,1.078339,1.074888,1.075148,50
2024-04-01 02:00:00,1.075148,1.075360,1.075032,1.075244,50
2024-04-01 03:00:00,1.075244,1.075630,1.073678,1.074064,50
2024-04-01 04:00:00,1.074064,1.074841,1.073784,1.074560,50
2024-04-01 05:00:00,1.074560,1.076372,1.074084,1.075896,50
2024-04-01 06:00:00,1.075896,1.075959,1.074447,1.074509,50
2024-04-01 07:00:00,1.074509,1.076071,1.074134,1.075696,50
2024-04-01 08:00:00,1.075696,1.078170,1.075624,1.078098,50
2024-04-01 09:00:00,1.078098,1.078555,1.078095,1.078552,50
2024-04-01 10:00:00,1.078552,1.080283,1.078378,1.080109,50
2024-04-01 11:00:00,1.080109,1.080504,1.079861,1.080256,50
2024-04-01 12:00:00,1.080256,1.080678,1.078865,1.079287,50
2024-04-01 13:00:00,1.079287,1.079656,1.078236,1.078605,50
2024-04-01 14:00:00,1.078605,1.078841,1.076568,1.076804,50
2024-04-01 15:00:00,1.076804,1.078808,1.076336,1.078340,50
2024-04-01 16:00:00,1.078340,1.078515,1.077323,1.077497,50
2024-04-01 17:00:00,1.077497,1.077961,1.076481,1.076945,50
2024-04-01 18:00:00,1.076945,1.077030,1.075229,1.075314,50
2024-04-01 19:00:00,1.075314,1.075512,1.072889,1.073087,50
2024-04-01 20:00:00,1.073087,1.073402,1.073059,1.073374,50
2024-04-01 21:00:00,1.073374,1.073591,1.071932,1.072149,50
2024-04-01 22:00:00,1.072149,1.073140,1.071954,1.072946,50
2024-04-01 23:00:00,1.072946,1.073388,1.072865,1.073307,50
2024-04-02 00:00:00,1.073307,1.073565,1.072822,1.073079,50
2024-04-02 01:00:00,1.073079,1.073331,1.073053,1.073305,50
2024-04-02 02:00:00,1.073305,1.073843,1.073066,1.073603,50
2024-04-02 03:00:00,1.073603,1.073892,1.073598,1.073886,50
2024-04-02 04:00:00,1.073886,1.073983,1.073666,1.073763,50
2024-04-02 05:00:00,1.073763,1.073944,1.073301,1.073482,50
2024-04-02 06:00:00,1.073482,1.073846,1.073453,1.073817,50
2024-04-02 07:00:00,1.073817,1.074582,1.073581,1.074346,50
2024-04-02 08:00:00,1.074346,1.074719,1.074183,1.074556,50
2024-04-02 09:00:00,1.074556,1.074964,1.074451,1.074858,50
2024-04-02 10:00:00,1.074858,1.075726,1.074725,1.075593,50
2024-04-02 11:00:00,1.075593,1.076069,1.075469,1.075945,50
2024-04-02 12:00:00,1.075945,1.076090,1.075941,1.076085,50
2024-04-02 13:00:00,1.076085,1.076330,1.076059,1.076303,50
2024-04-02 14:00:00,1.076303,1.076687,1.076011,1.076395,50
2024-04-02 15:00:00,1.076395,1.076749,1.076151,1.076506,50
2024-04-02 16:00:00,1.076506,1.076781,1.076272,1.076547,50
2024-04-02 17:00:00,1.076547,1.076779,1.076444,1.076676,50
2024-04-02 18:00:00,1.076676,1.076767,1.076589,1.076680,50
2024-04-02 19:00:00,1.076680,1.077141,1.076556,1.077017,50
2024-04-02 20:00:00,1.077017,1.077744,1.076880,1.077607,50
2024-04-02 21:00:00,1.077607,1.077809,1.077163,1.077366,50
2024-04-02 22:00:00,1.077366,1.077460,1.077042,1.077136,50
2024-04-02 23:00:00,1.077136,1.077413,1.076612,1.076890,50
2024-04-03 00:00:00,1.076890,1.080728,1.076463,1.080302,50
2024-04-03 01:00:00,1.080302,1.080777,1.079163,1.079638,50
2024-04-03 02:00:00,1.079638,1.079885,1.078971,1.079217,50
2024-04-03 03:00:00,1.079217,1.079542,1.079205,1.079529,50
2024-04-03 04:00:00,1.079529,1.079688,1.075565,1.075724,50
2024-04-03 05:00:00,1.075724,1.082233,1.075575,1.082084,50
2024-04-03 06:00:00,1.082084,1.082225,1.079777,1.079918,50
2024-04-03 07:00:00,1.079918,1.080188,1.079607,1.079876,50
2024-04-03 08:00:00,1.079876,1.079931,1.078404,1.078458,50
2024-04-03 09:00:00,1.078458,1.081079,1.078149,1.080770,50
2024-04-03 10:00:00,1.080770,1.081163,1.078741,1.079134,50
2024-04-03 11:00:00,1.079134,1.082505,1.079101,1.082472,50
2024-04-03 12:00:00,1.082472,1.082908,1.080207,1.080643,50
2024-04-03 13:00:00,1.080643,1.080800,1.080170,1.080327,50
2024-04-03 14:00:00,1.080327,1.083085,1.080288,1.083046,50
2024-04-03 15:00:00,1.083046,1.083304,1.081973,1.082232,50
2024-04-03 16:00:00,1.082232,1.083505,1.081788,1.083061,50
2024-04-03 17:00:00,1.083061,1.083141,1.077560,1.077640,50
2024-04-03 18:00:00,1.077640,1.079241,1.077177,1.078777,50
2024-04-03 19:00:00,1.078777,1.078884,1.077647,1.077754,50
2024-04-03 20:00:00,1.077754,1.078435,1.077391,1.078073,50
2024-04-03 21:00:00,1.078073,1.078106,1.076909,1.076942,50
2024-04-03 22:00:00,1.076942,1.077457,1.076905,1.077419,50
2024-04-03 23:00:00,1.077419,1.083201,1.076938,1.082720,50
2024-04-04 00:00:00,1.082720,1.085352,1.082591,1.085223,50
2024-04-04 01:00:00,1.085223,1.086099,1.085141,1.086017,50
2024-04-04 02:00:00,1.086017,1.086033,1.084060,1.084077,50
2024-04-04 03:00:00,1.084077,1.084258,1.083424,1.083605,50
2024-04-04 04:00:00,1.083605,1.083761,1.082515,1.082670,50
2024-04-04 05:00:00,1.082670,1.082979,1.081658,1.081967,50
2024-04-04 06:00:00,1.081967,1.082689,1.081748,1.082469,50
2024-04-04 07:00:00,1.082469,1.083116,1.082292,1.082940,50
2024-04-04 08:00:00,1.082940,1.083116,1.082011,1.082187,50
2024-04-04 09:00:00,1.082187,1.082517,1.082018,1.082348,50
2024-04-04 10:00:00,1.082348,1.084345,1.082184,1.084180,50
2024-04-04 11:00:00,1.084180,1.084307,1.082401,1.082529,50
2024-04-04 12:00:00,1.082529,1.082745,1.082345,1.082562,50
2024-04-04 13:00:00,1.082562,1.083670,1.082346,1.083454,50
2024-04-04 14:00:00,1.083454,1.083548,1.082922,1.083017,50
2024-04-04 15:00:00,1.083017,1.084481,1.082779,1.084244,50
2024-04-04 16:00:00,1.084244,1.087298,1.084183,1.087237,50
2024-04-04 17:00:00,1.087237,1.087262,1.086871,1.086897,50
2024-04-04 18:00:00,1.086897,1.087163,1.086557,1.086823,50
2024-04-04 19:00:00,1.086823,1.086992,1.085675,1.085844,50
2024-04-04 20:00:00,1.085844,1.086002,1.085028,1.085186,50
2024-04-04 21:00:00,1.085186,1.085310,1.084310,1.084433,50
2024-04-04 22:00:00,1.084433,1.086364,1.084253,1.086183,50
2024-04-04 23:00:00,1.086183,1.086746,1.085921,1.086484,50
2024-04-05 00:00:00,1.086484,1.086973,1.086466,1.086955,50
2024-04-05 01:00:00,1.086955,1.087127,1.085222,1.085393,50
2024-04-05 02:00:00,1.085393,1.086597,1.085196,1.086399,50
2024-04-05 03:00:00,1.086399,1.086445,1.085652,1.085698,50
2024-04-05 04:00:00,1.085698,1.085786,1.085619,1.085707,50
2024-04-05 05:00:00,1.085707,1.086019,1.085522,1.085835,50
2024-04-05 06:00:00,1.085835,1.085929,1.085183,1.085277,50
2024-04-05 07:00:00,1.085277,1.085573,1.085237,1.085533,50
2024-04-05 08:00:00,1.085533,1.086423,1.085384,1.086274,50
2024-04-05 09:00:00,1.086274,1.086325,1.085168,1.085218,50
2024-04-05 10:00:00,1.085218,1.086058,1.085148,1.085988,50
2024-04-05 11:00:00,1.085988,1.086112,1.085139,1.085263,50
2024-04-05 12:00:00,1.085263,1.085460,1.084204,1.084401,50
2024-04-05 13:00:00,1.084401,1.084472,1.083987,1.084058,50
2024-04-05 14:00:00,1.084058,1.084141,1.083803,1.083886,50
2024-04-05 15:00:00,1.083886,1.084325,1.083692,1.084131,50
2024-04-05 16:00:00,1.084131,1.085042,1.084025,1.084936,50
2024-04-05 17:00:00,1.084936,1.084965,1.084908,1.084936,50
2024-04-05 18:00:00,1.084936,1.085048,1.084095,1.084207,50
2024-04-05 19:00:00,1.084207,1.084550,1.084195,1.084538,50
2024-04-05 20:00:00,1.084538,1.084544,1.084147,1.084154,50
2024-04-05 21:00:00,1.084154,1.084283,1.083528,1.083657,50
2024-04-05 22:00:00,1.083657,1.084435,1.083584,1.084362,50
2024-04-05 23:00:00,1.084362,1.084463,1.084028,1.084128,50
2024-04-08 00:00:00,1.084128,1.085503,1.083948,1.085323,50
2024-04-08 01:00:00,1.085323,1.085374,1.084492,1.084543,50
2024-04-08 02:00:00,1.084543,1.084702,1.084286,1.084444,50
2024-04-08 03:00:00,1.084444,1.085295,1.084374,1.085225,50
2024-04-08 04:00:00,1.085225,1.085538,1.085152,1.085465,50
2024-04-08 05:00:00,1.085465,1.085570,1.084074,1.084178,50
2024-04-08 06:00:00,1.084178,1.084501,1.084029,1.084351,50
2024-04-08 07:00:00,1.084351,1.084480,1.083440,1.083569,50
2024-04-08 08:00:00,1.083569,1.084981,1.083401,1.084814,50
2024-04-08 09:00:00,1.084814,1.085662,1.084636,1.085483,50
2024-04-08 10:00:00,1.085483,1.085645,1.083658,1.083820,50
2024-04-08 11:00:00,1.083820,1.084008,1.083522,1.083710,50
2024-04-08 12:00:00,1.083710,1.084146,1.083639,1.084075,50
2024-04-08 13:00:00,1.084075,1.084875,1.083978,1.084777,50
2024-04-08 14:00:00,1.084777,1.085175,1.084588,1.084986,50
2024-04-08 15:00:00,1.084986,1.085008,1.084253,1.084275,50
2024-04-08 16:00:00,1.084275,1.084711,1.084257,1.084693,50
2024-04-08 17:00:00,1.084693,1.084864,1.083673,1.083844,50
2024-04-08 18:00:00,1.083844,1.084031,1.083134,1.083322,50
2024-04-08 19:00:00,1.083322,1.083425,1.082986,1.083089,50
2024-04-08 20:00:00,1.083089,1.084318,1.082983,1.084213,50
2024-04-08 21:00:00,1.084213,1.084674,1.084210,1.084671,50
2024-04-08 22:00:00,1.084671,1.085338,1.084494,1.085161,50
2024-04-08 23:00:00,1.085161,1.085478,1.084988,1.085305,50
2024-04-09 00:00:00,1.085305,1.085496,1.084806,1.084997,50
2024-04-09 01:00:00,1.084997,1.085133,1.084122,1.084258,50
2024-04-09 02:00:00,1.084258,1.085935,1.084132,1.085809,50
2024-04-09 03:00:00,1.085809,1.087265,1.085653,1.087110,50
2024-04-09 04:00:00,1.087110,1.087181,1.086372,1.086443,50
2024-04-09 05:00:00,1.086443,1.086560,1.086417,1.086533,50
2024-04-09 06:00:00,1.086533,1.086603,1.085065,1.085135,50
2024-04-09 07:00:00,1.085135,1.085275,1.085046,1.085186,50
2024-04-09 08:00:00,1.085186,1.085317,1.084045,1.084176,50
2024-04-09 09:00:00,1.084176,1.084263,1.083766,1.083853,50
2024-04-09 10:00:00,1.083853,1.085092,1.083797,1.085036,50
2024-04-09 11:00:00,1.085036,1.085703,1.084877,1.085544,50
2024-04-09 12:00:00,1.085544,1.085705,1.085412,1.085572,50
2024-04-09 13:00:00,1.085572,1.086444,1.085470,1.086342,50
2024-04-09 14:00:00,1.086342,1.086407,1.085877,1.085941,50
2024-04-09 15:00:00,1.085941,1.086004,1.085864,1.085926,50
2024-04-09 16:00:00,1.085926,1.085941,1.085434,1.085449,50
2024-04-09 17:00:00,1.085449,1.085549,1.083870,1.083971,50
2024-04-09 18:00:00,1.083971,1.084280,1.083906,1.084215,50
2024-04-09 19:00:00,1.084215,1.084303,1.084101,1.084190,50
2024-04-09 20:00:00,1.084190,1.084826,1.084122,1.084758,50
2024-04-09 21:00:00,1.084758,1.084931,1.084609,1.084782,50
2024-04-09 22:00:00,1.084782,1.084827,1.084066,1.084111,50
2024-04-09 23:00:00,1.084111,1.085704,1.084065,1.085658,50
2024-04-10 00:00:00,1.085658,1.085704,1.077857,1.077902,50
2024-04-10 01:00:00,1.077902,1.078177,1.070977,1.071251,50
2024-04-10 02:00:00,1.071251,1.071902,1.070674,1.071325,50
2024-04-10 03:00:00,1.071325,1.074183,1.071072,1.073931,50
2024-04-10 04:00:00,1.073931,1.079554,1.073771,1.079394,50
2024-04-10 05:00:00,1.079394,1.081263,1.078580,1.080449,50
2024-04-10 06:00:00,1.080449,1.086043,1.079539,1.085132,50
2024-04-10 07:00:00,1.085132,1.085933,1.083243,1.084044,50
2024-04-10 08:00:00,1.084044,1.084827,1.083318,1.084101,50
2024-04-10 09:00:00,1.084101,1.088116,1.083904,1.087919,50
2024-04-10 10:00:00,1.087919,1.087953,1.085078,1.085112,50
2024-04-10 11:00:00,1.085112,1.086773,1.084562,1.086222,50
2024-04-10 12:00:00,1.086222,1.087886,1.085892,1.087555,50
2024-04-10 13:00:00,1.087555,1.088044,1.085648,1.086137,50
2024-04-10 14:00:00,1.086137,1.088165,1.086032,1.088060,50
2024-04-10 15:00:00,1.088060,1.088835,1.081735,1.082510,50
2024-04-10 16:00:00,1.082510,1.083070,1.081457,1.082017,50
2024-04-10 17:00:00,1.082017,1.082398,1.079655,1.080036,50
2024-04-10 18:00:00,1.080036,1.085055,1.079485,1.084505,50
2024-04-10 19:00:00,1.084505,1.085071,1.079395,1.079961,50
2024-04-10 20:00:00,1.079961,1.081233,1.079877,1.081149,50
2024-04-10 21:00:00,1.081149,1.081624,1.076227,1.076702,50
2024-04-10 22:00:00,1.076702,1.077254,1.076210,1.076763,50
2024-04-10 23:00:00,1.076763,1.077249,1.073166,1.073653,50
2024-04-11 00:00:00,1.073653,1.073776,1.072692,1.072815,50
2024-04-11 01:00:00,1.072815,1.072887,1.072508,1.072580,50
2024-04-11 02:00:00,1.072580,1.072776,1.072390,1.072586,50
2024-04-11 03:00:00,1.072586,1.073042,1.072400,1.072856,50
2024-04-11 04:00:00,1.072856,1.073027,1.072429,1.072601,50
2024-04-11 05:00:00,1.072601,1.072730,1.071782,1.071910,50
2024-04-11 06:00:00,1.071910,1.072327,1.071746,1.072162,50
2024-04-11 07:00:00,1.072162,1.072248,1.071600,1.071686,50
2024-04-11 08:00:00,1.071686,1.071868,1.071432,1.071614,50
2024-04-11 09:00:00,1.071614,1.073240,1.071497,1.073123,50
2024-04-11 10:00:00,1.073123,1.074616,1.073019,1.074513,50
2024-04-11 11:00:00,1.074513,1.074701,1.074004,1.074192,50
2024-04-11 12:00:00,1.074192,1.074326,1.072872,1.073005,50
2024-04-11 13:00:00,1.073005,1.073184,1.072245,1.072424,50
2024-04-11 14:00:00,1.072424,1.073218,1.072349,1.073144,50
2024-04-11 15:00:00,1.073144,1.073214,1.072244,1.072314,50
2024-04-11 16:00:00,1.072314,1.072484,1.072176,1.072346,50
2024-04-11 17:00:00,1.072346,1.072476,1.071462,1.071593,50
2024-04-11 18:00:00,1.071593,1.071692,1.071230,1.071330,50
2024-04-11 19:00:00,1.071330,1.071350,1.071276,1.071296,50
2024-04-11 20:00:00,1.071296,1.072047,1.071192,1.071942,50
2024-04-11 21:00:00,1.071942,1.072882,1.071783,1.072723,50
2024-04-11 22:00:00,1.072723,1.072842,1.072279,1.072397,50
2024-04-11 23:00:00,1.072397,1.072438,1.072115,1.072156,50
2024-04-12 00:00:00,1.072156,1.072300,1.071063,1.071206,50
2024-04-12 01:00:00,1.071206,1.072803,1.071202,1.072800,50
2024-04-12 02:00:00,1.072800,1.073277,1.072440,1.072916,50
2024-04-12 03:00:00,1.072916,1.072950,1.072284,1.072318,50
2024-04-12 04:00:00,1.072318,1.073652,1.072306,1.073640,50
2024-04-12 05:00:00,1.073640,1.073822,1.072101,1.072283,50
2024-04-12 06:00:00,1.072283,1.072660,1.071057,1.071434,50
2024-04-12 07:00:00,1.071434,1.072015,1.070806,1.071388,50
2024-04-12 08:00:00,1.071388,1.071775,1.069153,1.069541,50
2024-04-12 09:00:00,1.069541,1.069803,1.069426,1.069688,50
2024-04-12 10:00:00,1.069688,1.071093,1.069360,1.070765,50
2024-04-12 11:00:00,1.070765,1.071157,1.069487,1.069880,50
2024-04-12 12:00:00,1.069880,1.070167,1.067665,1.067952,50
2024-04-12 13:00:00,1.067952,1.068394,1.065576,1.066018,50
2024-04-12 14:00:00,1.066018,1.066295,1.065423,1.065701,50
2024-04-12 15:00:00,1.065701,1.066744,1.065533,1.066577,50
2024-04-12 16:00:00,1.066577,1.066723,1.065730,1.065877,50
2024-04-12 17:00:00,1.065877,1.066363,1.065459,1.065945,50
2024-04-12 18:00:00,1.065945,1.066600,1.065845,1.066499,50
2024-04-12 19:00:00,1.066499,1.066914,1.064882,1.065296,50
2024-04-12 20:00:00,1.065296,1.065888,1.063718,1.064309,50
2024-04-12 21:00:00,1.064309,1.065448,1.064091,1.065230,50
2024-04-12 22:00:00,1.065230,1.065838,1.064647,1.065254,50
2024-04-12 23:00:00,1.065254,1.065854,1.064136,1.064736,50
2024-04-15 00:00:00,1.064736,1.064811,1.064321,1.064396,50
2024-04-15 01:00:00,1.064396,1.064955,1.064316,1.064874,50
2024-04-15 02:00:00,1.064874,1.064886,1.063847,1.063858,50
2024-04-15 03:00:00,1.063858,1.064304,1.063834,1.064280,50
2024-04-15 04:00:00,1.064280,1.064306,1.064178,1.064205,50
2024-04-15 05:00:00,1.064205,1.065108,1.064067,1.064970,50
2024-04-15 06:00:00,1.064970,1.066015,1.064794,1.065838,50
2024-04-15 07:00:00,1.065838,1.065855,1.065685,1.065702,50
2024-04-15 08:00:00,1.065702,1.066238,1.065626,1.066163,50
2024-04-15 09:00:00,1.066163,1.066316,1.065580,1.065734,50
2024-04-15 10:00:00,1.065734,1.065767,1.065227,1.065261,50
2024-04-15 11:00:00,1.065261,1.065315,1.064325,1.064379,50
2024-04-15 12:00:00,1.064379,1.064840,1.064283,1.064745,50
2024-04-15 13:00:00,1.064745,1.064766,1.064196,1.064217,50
2024-04-15 14:00:00,1.064217,1.064862,1.064179,1.064824,50
2024-04-15 15:00:00,1.064824,1.065262,1.064744,1.065181,50
2024-04-15 16:00:00,1.065181,1.065185,1.065086,1.065090,50
2024-04-15 17:00:00,1.065090,1.065389,1.065078,1.065378,50
2024-04-15 18:00:00,1.065378,1.065554,1.064754,1.064930,50
2024-04-15 19:00:00,1.064930,1.065112,1.064771,1.064953,50
2024-04-15 20:00:00,1.064953,1.065128,1.064672,1.064847,50
2024-04-15 21:00:00,1.064847,1.064962,1.064174,1.064289,50
2024-04-15 22:00:00,1.064289,1.064334,1.063143,1.063189,50
2024-04-15 23:00:00,1.063189,1.064541,1.063044,1.064396,50
2024-04-16 00:00:00,1.064396,1.064582,1.064227,1.064413,50
2024-04-16 01:00:00,1.064413,1.064559,1.063585,1.063731,50
2024-04-16 02:00:00,1.063731,1.063858,1.063322,1.063449,50
2024-04-16 03:00:00,1.063449,1.063533,1.063416,1.063500,50
2024-04-16 04:00:00,1.063500,1.063632,1.062867,1.062999,50
2024-04-16 05:00:00,1.062999,1.063006,1.062925,1.062932,50
2024-04-16 06:00:00,1.062932,1.063024,1.062849,1.062941,50
2024-04-16 07:00:00,1.062941,1.063124,1.062778,1.062961,50
2024-04-16 08:00:00,1.062961,1.063122,1.062611,1.062771,50
2024-04-16 09:00:00,1.062771,1.063240,1.062661,1.063129,50
2024-04-16 10:00:00,1.063129,1.063227,1.062431,1.062528,50
2024-04-16 11:00:00,1.062528,1.062543,1.061995,1.062010,50
2024-04-16 12:00:00,1.062010,1.062614,1.061893,1.062497,50
2024-04-16 13:00:00,1.062497,1.062742,1.062434,1.062678,50
2024-04-16 14:00:00,1.062678,1.063221,1.062622,1.063164,50
2024-04-16 15:00:00,1.063164,1.063501,1.063118,1.063456,50
2024-04-16 16:00:00,1.063456,1.064001,1.063288,1.063833,50
2024-04-16 17:00:00,1.063833,1.064735,1.063714,1.064616,50
2024-04-16 18:00:00,1.064616,1.064752,1.064584,1.064721,50
2024-04-16 19:00:00,1.064721,1.064802,1.064349,1.064430,50
2024-04-16 20:00:00,1.064430,1.065223,1.064353,1.065146,50
2024-04-16 21:00:00,1.065146,1.065313,1.064986,1.065152,50
2024-04-16 22:00:00,1.065152,1.065235,1.065115,1.065198,50
2024-04-16 23:00:00,1.065198,1.065200,1.062810,1.062812,50
2024-04-17 00:00:00,1.062812,1.063505,1.062723,1.063416,50
2024-04-17 01:00:00,1.063416,1.063600,1.062898,1.063082,50
2024-04-17 02:00:00,1.063082,1.063128,1.062737,1.062783,50
2024-04-17 03:00:00,1.062783,1.062988,1.062645,1.062850,50
2024-04-17 04:00:00,1.062850,1.062869,1.062197,1.062216,50
2024-04-17 05:00:00,1.062216,1.063385,1.062133,1.063302,50
2024-04-17 06:00:00,1.063302,1.064160,1.063124,1.063981,50
2024-04-17 07:00:00,1.063981,1.064103,1.063771,1.063893,50
2024-04-17 08:00:00,1.063893,1.063973,1.063559,1.063639,50
2024-04-17 09:00:00,1.063639,1.064183,1.063487,1.064031,50
2024-04-17 10:00:00,1.064031,1.064397,1.063868,1.064234,50
2024-04-17 11:00:00,1.064234,1.064371,1.064145,1.064282,50
2024-04-17 12:00:00,1.064282,1.064855,1.064251,1.064823,50
2024-04-17 13:00:00,1.064823,1.064975,1.062284,1.062436,50
2024-04-17 14:00:00,1.062436,1.062446,1.061998,1.062007,50
2024-04-17 15:00:00,1.062007,1.062177,1.061861,1.062031,50
2024-04-17 16:00:00,1.062031,1.062788,1.062027,1.062783,50
2024-04-17 17:00:00,1.062783,1.063329,1.062619,1.063165,50
2024-04-17 18:00:00,1.063165,1.063492,1.063038,1.063365,50
2024-04-17 19:00:00,1.063365,1.063550,1.062747,1.062932,50
2024-04-17 20:00:00,1.062932,1.064749,1.062764,1.064582,50
2024-04-17 21:00:00,1.064582,1.064880,1.064568,1.064867,50
2024-04-17 22:00:00,1.064867,1.065002,1.064345,1.064480,50
2024-04-17 23:00:00,1.064480,1.064591,1.064285,1.064396,50
2024-04-18 00:00:00,1.064396,1.064432,1.064363,1.064399,50
2024-04-18 01:00:00,1.064399,1.064553,1.064351,1.064505,50
2024-04-18 02:00:00,1.064505,1.064608,1.064321,1.064425,50
2024-04-18 03:00:00,1.064425,1.064523,1.064073,1.064171,50
2024-04-18 04:00:00,1.064171,1.064287,1.063967,1.064083,50
2024-04-18 05:00:00,1.064083,1.064211,1.063463,1.063591,50
2024-04-18 06:00:00,1.063591,1.064955,1.063509,1.064873,50
2024-04-18 07:00:00,1.064873,1.065258,1.064697,1.065082,50
2024-04-18 08:00:00,1.065082,1.065191,1.065027,1.065136,50
2024-04-18 09:00:00,1.065136,1.065660,1.065038,1.065562,50
2024-04-18 10:00:00,1.065562,1.066325,1.065387,1.066151,50
2024-04-18 11:00:00,1.066151,1.066696,1.066001,1.066546,50
2024-04-18 12:00:00,1.066546,1.066732,1.065130,1.065315,50
2024-04-18 13:00:00,1.065315,1.065705,1.065137,1.065527,50
2024-04-18 14:00:00,1.065527,1.065918,1.065468,1.065859,50
2024-04-18 15:00:00,1.065859,1.065865,1.065674,1.065679,50
2024-04-18 16:00:00,1.065679,1.066160,1.065666,1.066147,50
2024-04-18 17:00:00,1.066147,1.066268,1.065918,1.066039,50
2024-04-18 18:00:00,1.066039,1.066111,1.065358,1.065430,50
2024-04-18 19:00:00,1.065430,1.066231,1.065301,1.066102,50
2024-04-18 20:00:00,1.066102,1.066915,1.065976,1.066789,50
2024-04-18 21:00:00,1.066789,1.066872,1.065898,1.065980,50
2024-04-18 22:00:00,1.065980,1.066116,1.065145,1.065281,50
2024-04-18 23:00:00,1.065281,1.066131,1.065134,1.065984,50
2024-04-19 00:00:00,1.065984,1.066994,1.065816,1.066826,50
2024-04-19 01:00:00,1.066826,1.067033,1.066745,1.066953,50
2024-04-19 02:00:00,1.066953,1.067247,1.066771,1.067066,50
2024-04-19 03:00:00,1.067066,1.067129,1.066223,1.066286,50
2024-04-19 04:00:00,1.066286,1.067402,1.066240,1.067356,50
2024-04-19 05:00:00,1.067356,1.067472,1.066610,1.066727,50
2024-04-19 06:00:00,1.066727,1.066933,1.066553,1.066759,50
2024-04-19 07:00:00,1.066759,1.066873,1.064984,1.065098,50
2024-04-19 08:00:00,1.065098,1.066014,1.065027,1.065943,50
2024-04-19 09:00:00,1.065943,1.066070,1.065702,1.065829,50
2024-04-19 10:00:00,1.065829,1.065859,1.064733,1.064763,50
2024-04-19 11:00:00,1.064763,1.064882,1.064733,1.064852,50
2024-04-19 12:00:00,1.064852,1.065196,1.064755,1.065099,50
2024-04-19 13:00:00,1.065099,1.065245,1.064908,1.065053,50
2024-04-19 14:00:00,1.065053,1.065381,1.064866,1.065194,50
2024-04-19 15:00:00,1.065194,1.065417,1.065181,1.065404,50
2024-04-19 16:00:00,1.065404,1.065459,1.065055,1.065110,50
2024-04-19 17:00:00,1.065110,1.066279,1.065103,1.066272,50
2024-04-19 18:00:00,1.066272,1.066373,1.065717,1.065819,50
2024-04-19 19:00:00,1.065819,1.065986,1.065471,1.065638,50
2024-04-19 20:00:00,1.065638,1.066120,1.065548,1.066030,50
2024-04-19 21:00:00,1.066030,1.066169,1.065032,1.065171,50
2024-04-19 22:00:00,1.065171,1.065281,1.064650,1.064761,50
2024-04-19 23:00:00,1.064761,1.065576,1.064716,1.065530,50
2024-04-22 00:00:00,1.065530,1.065572,1.065488,1.065530,50
2024-04-22 01:00:00,1.065530,1.065618,1.065442,1.065530,50
2024-04-22 02:00:00,1.065530,1.065698,1.065362,1.065530,50
2024-04-22 03:00:00,1.065530,1.065536,1.065525,1.065530,50
2024-04-22 04:00:00,1.065530,1.065597,1.065463,1.065530,50
2024-04-22 05:00:00,1.065530,1.065712,1.065348,1.065530,50
2024-04-22 06:00:00,1.065530,1.065606,1.065454,1.065530,50
2024-04-22 07:00:00,1.065530,1.065678,1.065383,1.065530,50
2024-04-22 08:00:00,1.065530,1.065638,1.065422,1.065530,50
2024-04-22 09:00:00,1.065530,1.065646,1.065414,1.065530,50
2024-04-22 10:00:00,1.065530,1.065563,1.065497,1.065530,50
2024-04-22 11:00:00,1.065530,1.065646,1.065414,1.065530,50
2024-04-22 12:00:00,1.065530,1.065629,1.065431,1.065530,50
2024-04-22 13:00:00,1.065530,1.065652,1.065408,1.065530,50
2024-04-22 14:00:00,1.065530,1.065627,1.065433,1.065530,50
2024-04-22 15:00:00,1.065530,1.065548,1.065512,1.065530,50
2024-04-22 16:00:00,1.065530,1.065650,1.065411,1.065530,50
2024-04-22 17:00:00,1.065530,1.065678,1.065382,1.065530,50
2024-04-22 18:00:00,1.065530,1.065686,1.065374,1.065530,50
2024-04-22 19:00:00,1.065530,1.065695,1.065365,1.065530,50
2024-04-22 20:00:00,1.065530,1.065690,1.065370,1.065530,50
2024-04-22 21:00:00,1.065530,1.065703,1.065357,1.065530,50
2024-04-22 22:00:00,1.065530,1.065602,1.065458,1.065530,50
2024-04-22 23:00:00,1.065530,1.065714,1.065346,1.065530,50
2024-04-23 00:00:00,1.065530,1.069637,1.065376,1.069483,50
2024-04-23 01:00:00,1.069483,1.069666,1.068955,1.069138,50
2024-04-23 02:00:00,1.069138,1.069266,1.066956,1.067083,50
2024-04-23 03:00:00,1.067083,1.067376,1.066430,1.066723,50
2024-04-23 04:00:00,1.066723,1.067109,1.066480,1.066867,50
2024-04-23 05:00:00,1.066867,1.067047,1.066017,1.066198,50
2024-04-23 06:00:00,1.066198,1.067558,1.066134,1.067494,50
2024-04-23 07:00:00,1.067494,1.067868,1.067363,1.067738,50
2024-04-23 08:00:00,1.067738,1.067755,1.066974,1.066991,50
2024-04-23 09:00:00,1.066991,1.067313,1.066904,1.067226,50
2024-04-23 10:00:00,1.067226,1.067396,1.066917,1.067087,50
2024-04-23 11:00:00,1.067087,1.067178,1.065586,1.065677,50
2024-04-23 12:00:00,1.065677,1.065833,1.064576,1.064732,50
2024-04-23 13:00:00,1.064732,1.067151,1.064504,1.066923,50
2024-04-23 14:00:00,1.066923,1.069225,1.066683,1.068985,50
2024-04-23 15:00:00,1.068985,1.069139,1.068376,1.068530,50
2024-04-23 16:00:00,1.068530,1.068562,1.067163,1.067196,50
2024-04-23 17:00:00,1.067196,1.067377,1.066853,1.067034,50
2024-04-23 18:00:00,1.067034,1.067537,1.066868,1.067371,50
2024-04-23 19:00:00,1.067371,1.068985,1.067039,1.068654,50
2024-04-23 20:00:00,1.068654,1.068976,1.067837,1.068160,50
2024-04-23 21:00:00,1.068160,1.070097,1.067901,1.069838,50
2024-04-23 22:00:00,1.069838,1.070434,1.069721,1.070316,50
2024-04-23 23:00:00,1.070316,1.070415,1.069420,1.069519,50
2024-04-24 00:00:00,1.069519,1.070168,1.069487,1.070136,50
2024-04-24 01:00:00,1.070136,1.070197,1.069925,1.069987,50
2024-04-24 02:00:00,1.069987,1.070040,1.069733,1.069785,50
2024-04-24 03:00:00,1.069785,1.069891,1.068361,1.068466,50
2024-04-24 04:00:00,1.068466,1.069343,1.068288,1.069164,50
2024-04-24 05:00:00,1.069164,1.069263,1.067904,1.068003,50
2024-04-24 06:00:00,1.068003,1.069809,1.067937,1.069743,50
2024-04-24 07:00:00,1.069743,1.069810,1.069552,1.069620,50
2024-04-24 08:00:00,1.069620,1.069806,1.069080,1.069266,50
2024-04-24 09:00:00,1.069266,1.069385,1.068526,1.068645,50
2024-04-24 10:00:00,1.068645,1.068646,1.067762,1.067763,50
2024-04-24 11:00:00,1.067763,1.068683,1.067720,1.068641,50
2024-04-24 12:00:00,1.068641,1.069026,1.068473,1.068857,50
2024-04-24 13:00:00,1.068857,1.069447,1.068776,1.069365,50
2024-04-24 14:00:00,1.069365,1.069815,1.069256,1.069705,50
2024-04-24 15:00:00,1.069705,1.070237,1.069531,1.070062,50
2024-04-24 16:00:00,1.070062,1.070747,1.070037,1.070722,50
2024-04-24 17:00:00,1.070722,1.070792,1.069871,1.069941,50
2024-04-24 18:00:00,1.069941,1.069969,1.069473,1.069502,50
2024-04-24 19:00:00,1.069502,1.069762,1.069477,1.069738,50
2024-04-24 20:00:00,1.069738,1.069794,1.069464,1.069520,50
2024-04-24 21:00:00,1.069520,1.069604,1.068909,1.068993,50
2024-04-24 22:00:00,1.068993,1.069039,1.067470,1.067516,50
2024-04-24 23:00:00,1.067516,1.068752,1.067482,1.068719,50
2024-04-25 00:00:00,1.068719,1.069842,1.068575,1.069698,50
2024-04-25 01:00:00,1.069698,1.069840,1.069648,1.069790,50
2024-04-25 02:00:00,1.069790,1.069844,1.069223,1.069278,50
2024-04-25 03:00:00,1.069278,1.069499,1.068398,1.068619,50
2024-04-25 04:00:00,1.068619,1.068677,1.067972,1.068031,50
2024-04-25 05:00:00,1.068031,1.070902,1.068014,1.070885,50
2024-04-25 06:00:00,1.070885,1.071046,1.070875,1.071035,50
2024-04-25 07:00:00,1.071035,1.071144,1.070461,1.070569,50
2024-04-25 08:00:00,1.070569,1.070705,1.069961,1.070096,50
2024-04-25 09:00:00,1.070096,1.071179,1.070045,1.071128,50
2024-04-25 10:00:00,1.071128,1.071291,1.070384,1.070547,50
2024-04-25 11:00:00,1.070547,1.070677,1.070476,1.070606,50
2024-04-25 12:00:00,1.070606,1.070751,1.069288,1.069433,50
2024-04-25 13:00:00,1.069433,1.070222,1.069273,1.070062,50
2024-04-25 14:00:00,1.070062,1.070202,1.069858,1.069998,50
2024-04-25 15:00:00,1.069998,1.070180,1.069764,1.069945,50
2024-04-25 16:00:00,1.069945,1.070062,1.069892,1.070009,50
2024-04-25 17:00:00,1.070009,1.071230,1.069777,1.070998,50
2024-04-25 18:00:00,1.070998,1.071729,1.070899,1.071629,50
2024-04-25 19:00:00,1.071629,1.071957,1.071621,1.071949,50
2024-04-25 20:00:00,1.071949,1.072739,1.071741,1.072531,50
2024-04-25 21:00:00,1.072531,1.073053,1.072321,1.072844,50
2024-04-25 22:00:00,1.072844,1.072874,1.072000,1.072030,50
2024-04-25 23:00:00,1.072030,1.072274,1.071912,1.072156,50
2024-04-26 00:00:00,1.072156,1.072337,1.070478,1.070658,50
2024-04-26 01:00:00,1.070658,1.070741,1.070062,1.070145,50
2024-04-26 02:00:00,1.070145,1.070426,1.070085,1.070367,50
2024-04-26 03:00:00,1.070367,1.070585,1.069084,1.069303,50
2024-04-26 04:00:00,1.069303,1.070888,1.069247,1.070832,50
2024-04-26 05:00:00,1.070832,1.071125,1.069888,1.070181,50
2024-04-26 06:00:00,1.070181,1.070443,1.069419,1.069681,50
2024-04-26 07:00:00,1.069681,1.070321,1.069548,1.070187,50
2024-04-26 08:00:00,1.070187,1.071054,1.069922,1.070789,50
2024-04-26 09:00:00,1.070789,1.071589,1.070584,1.071384,50
2024-04-26 10:00:00,1.071384,1.071452,1.070921,1.070990,50
2024-04-26 11:00:00,1.070990,1.071545,1.070807,1.071362,50
2024-04-26 12:00:00,1.071362,1.071953,1.071244,1.071835,50
2024-04-26 13:00:00,1.071835,1.072460,1.071754,1.072379,50
2024-04-26 14:00:00,1.072379,1.073086,1.072159,1.072866,50
2024-04-26 15:00:00,1.072866,1.072955,1.071911,1.071999,50
2024-04-26 16:00:00,1.071999,1.072260,1.070819,1.071079,50
2024-04-26 17:00:00,1.071079,1.071290,1.070374,1.070584,50
2024-04-26 18:00:00,1.070584,1.070723,1.069461,1.069600,50
2024-04-26 19:00:00,1.069600,1.069889,1.068210,1.068500,50
2024-04-26 20:00:00,1.068500,1.069121,1.068402,1.069023,50
2024-04-26 21:00:00,1.069023,1.069070,1.068424,1.068471,50
2024-04-26 22:00:00,1.068471,1.068540,1.067825,1.067894,50
2024-04-26 23:00:00,1.067894,1.068871,1.067628,1.068604,50
2024-04-29 00:00:00,1.068604,1.069062,1.068577,1.069034,50
2024-04-29 01:00:00,1.069034,1.069061,1.068561,1.068588,50
2024-04-29 02:00:00,1.068588,1.068662,1.068155,1.068229,50
2024-04-29 03:00:00,1.068229,1.068548,1.068187,1.068506,50
2024-04-29 04:00:00,1.068506,1.069050,1.068280,1.068823,50
2024-04-29 05:00:00,1.068823,1.068888,1.068595,1.068660,50
2024-04-29 06:00:00,1.068660,1.068796,1.067849,1.067986,50
2024-04-29 07:00:00,1.067986,1.068698,1.067935,1.068647,50
2024-04-29 08:00:00,1.068647,1.068896,1.068098,1.068347,50
2024-04-29 09:00:00,1.068347,1.068417,1.068245,1.068314,50
2024-04-29 10:00:00,1.068314,1.068509,1.068176,1.068370,50
2024-04-29 11:00:00,1.068370,1.069577,1.068129,1.069336,50
2024-04-29 12:00:00,1.069336,1.069490,1.068996,1.069150,50
2024-04-29 13:00:00,1.069150,1.069411,1.069009,1.069271,50
2024-04-29 14:00:00,1.069271,1.070101,1.069247,1.070077,50
2024-04-29 15:00:00,1.070077,1.070295,1.069946,1.070163,50
2024-04-29 16:00:00,1.070163,1.070239,1.069707,1.069783,50
2024-04-29 17:00:00,1.069783,1.070066,1.069673,1.069956,50
2024-04-29 18:00:00,1.069956,1.070562,1.069797,1.070403,50
2024-04-29 19:00:00,1.070403,1.071251,1.070249,1.071096,50
2024-04-29 20:00:00,1.071096,1.071986,1.070931,1.071821,50
2024-04-29 21:00:00,1.071821,1.072344,1.071717,1.072240,50
2024-04-29 22:00:00,1.072240,1.072372,1.072143,1.072276,50
2024-04-29 23:00:00,1.072276,1.072526,1.071446,1.071696,50
2024-04-30 00:00:00,1.071696,1.071821,1.070840,1.070964,50
2024-04-30 01:00:00,1.070964,1.071466,1.070929,1.071431,50
2024-04-30 02:00:00,1.071431,1.072005,1.071304,1.071878,50
2024-04-30 03:00:00,1.071878,1.072045,1.071815,1.071983,50
2024-04-30 04:00:00,1.071983,1.072236,1.071629,1.071883,50
2024-04-30 05:00:00,1.071883,1.071912,1.071864,1.071894,50
2024-04-30 06:00:00,1.071894,1.071956,1.071562,1.071624,50
2024-04-30 07:00:00,1.071624,1.072050,1.071396,1.071822,50
2024-04-30 08:00:00,1.071822,1.071916,1.071602,1.071696,50
2024-04-30 09:00:00,1.071696,1.072373,1.071684,1.072361,50
2024-04-30 10:00:00,1.072361,1.072488,1.072173,1.072300,50
2024-04-30 11:00:00,1.072300,1.072441,1.071336,1.071476,50
2024-04-30 12:00:00,1.071476,1.071985,1.071375,1.071884,50
2024-04-30 13:00:00,1.071884,1.072094,1.070213,1.070423,50
2024-04-30 14:00:00,1.070423,1.071246,1.070271,1.071094,50
2024-04-30 15:00:00,1.071094,1.071347,1.069689,1.069942,50
2024-04-30 16:00:00,1.069942,1.070162,1.069440,1.069660,50
2024-04-30 17:00:00,1.069660,1.069860,1.068830,1.069030,50
2024-04-30 18:00:00,1.069030,1.069043,1.068932,1.068946,50
2024-04-30 19:00:00,1.068946,1.069027,1.068913,1.068994,50
2024-04-30 20:00:00,1.068994,1.069141,1.068646,1.068792,50
2024-04-30 21:00:00,1.068792,1.068946,1.068522,1.068675,50
2024-04-30 22:00:00,1.068675,1.068757,1.068357,1.068439,50
2024-04-30 23:00:00,1.068439,1.068625,1.068190,1.068376,50
2024-05-01 00:00:00,1.068376,1.069071,1.068353,1.069048,50
2024-05-01 01:00:00,1.069048,1.069211,1.068934,1.069097,50
2024-05-01 02:00:00,1.069097,1.069390,1.068987,1.069281,50
2024-05-01 03:00:00,1.069281,1.069317,1.068445,1.068481,50
2024-05-01 04:00:00,1.068481,1.068635,1.068457,1.068611,50
2024-05-01 05:00:00,1.068611,1.068968,1.068595,1.068951,50
2024-05-01 06:00:00,1.068951,1.069230,1.068796,1.069074,50
2024-05-01 07:00:00,1.069074,1.069123,1.068839,1.068888,50
2024-05-01 08:00:00,1.068888,1.069026,1.068722,1.068860,50
2024-05-01 09:00:00,1.068860,1.069017,1.068509,1.068666,50
2024-05-01 10:00:00,1.068666,1.068787,1.068556,1.068678,50
2024-05-01 11:00:00,1.068678,1.069313,1.068522,1.069157,50
2024-05-01 12:00:00,1.069157,1.069227,1.068827,1.068897,50
2024-05-01 13:00:00,1.068897,1.069814,1.068890,1.069807,50
2024-05-01 14:00:00,1.069807,1.069813,1.069625,1.069631,50
2024-05-01 15:00:00,1.069631,1.069654,1.068714,1.068736,50
2024-05-01 16:00:00,1.068736,1.068800,1.068712,1.068775,50
2024-05-01 17:00:00,1.068775,1.068967,1.068329,1.068521,50
2024-05-01 18:00:00,1.068521,1.068534,1.067953,1.067966,50
2024-05-01 19:00:00,1.067966,1.068120,1.067882,1.068037,50
2024-05-01 20:00:00,1.068037,1.068045,1.067823,1.067831,50
2024-05-01 21:00:00,1.067831,1.067906,1.067777,1.067853,50
2024-05-01 22:00:00,1.067853,1.067934,1.066537,1.066618,50
2024-05-01 23:00:00,1.066618,1.068206,1.066446,1.068034,50
2024-05-02 00:00:00,1.068034,1.068434,1.067979,1.068379,50
2024-05-02 01:00:00,1.068379,1.068556,1.067838,1.068015,50
2024-05-02 02:00:00,1.068015,1.068041,1.067505,1.067531,50
2024-05-02 03:00:00,1.067531,1.068296,1.067326,1.068091,50
2024-05-02 04:00:00,1.068091,1.068218,1.068034,1.068162,50
2024-05-02 05:00:00,1.068162,1.068505,1.067969,1.068312,50
2024-05-02 06:00:00,1.068312,1.068442,1.068214,1.068343,50
2024-05-02 07:00:00,1.068343,1.068904,1.068166,1.068726,50
2024-05-02 08:00:00,1.068726,1.068733,1.068114,1.068120,50
2024-05-02 09:00:00,1.068120,1.068471,1.068076,1.068427,50
2024-05-02 10:00:00,1.068427,1.068545,1.068207,1.068324,50
2024-05-02 11:00:00,1.068324,1.068454,1.068078,1.068208,50
2024-05-02 12:00:00,1.068208,1.068611,1.068046,1.068449,50
2024-05-02 13:00:00,1.068449,1.069130,1.068447,1.069128,50
2024-05-02 14:00:00,1.069128,1.069151,1.068879,1.068902,50
2024-05-02 15:00:00,1.068902,1.069575,1.068837,1.069509,50
2024-05-02 16:00:00,1.069509,1.070407,1.069444,1.070342,50
2024-05-02 17:00:00,1.070342,1.070893,1.070326,1.070876,50
2024-05-02 18:00:00,1.070876,1.071128,1.070801,1.071052,50
2024-05-02 19:00:00,1.071052,1.071228,1.070531,1.070707,50
2024-05-02 20:00:00,1.070707,1.070916,1.070221,1.070430,50
2024-05-02 21:00:00,1.070430,1.070756,1.070345,1.070670,50
2024-05-02 22:00:00,1.070670,1.070714,1.070627,1.070671,50
2024-05-02 23:00:00,1.070671,1.070758,1.070462,1.070549,50
2024-05-03 00:00:00,1.070549,1.073477,1.070421,1.073349,50
2024-05-03 01:00:00,1.073349,1.073663,1.071089,1.071403,50
2024-05-03 02:00:00,1.071403,1.071645,1.069732,1.069974,50
2024-05-03 03:00:00,1.069974,1.070469,1.068763,1.069258,50
2024-05-03 04:00:00,1.069258,1.070027,1.068826,1.069595,50
2024-05-03 05:00:00,1.069595,1.071727,1.069173,1.071305,50
2024-05-03 06:00:00,1.071305,1.071791,1.071086,1.071572,50
2024-05-03 07:00:00,1.071572,1.071654,1.070705,1.070787,50
2024-05-03 08:00:00,1.070787,1.071245,1.070722,1.071180,50
2024-05-03 09:00:00,1.071180,1.072794,1.070661,1.072275,50
2024-05-03 10:00:00,1.072275,1.072662,1.071416,1.071803,50
2024-05-03 11:00:00,1.071803,1.072142,1.071643,1.071982,50
2024-05-03 12:00:00,1.071982,1.072050,1.071191,1.071258,50
2024-05-03 13:00:00,1.071258,1.073851,1.071149,1.073742,50
2024-05-03 14:00:00,1.073742,1.073838,1.073142,1.073237,50
2024-05-03 15:00:00,1.073237,1.074129,1.073071,1.073963,50
2024-05-03 16:00:00,1.073963,1.076660,1.073606,1.076303,50
2024-05-03 17:00:00,1.076303,1.076386,1.074854,1.074937,50
2024-05-03 18:00:00,1.074937,1.076966,1.074451,1.076480,50
2024-05-03 19:00:00,1.076480,1.076817,1.074027,1.074364,50
2024-05-03 20:00:00,1.074364,1.076340,1.074041,1.076017,50
2024-05-03 21:00:00,1.076017,1.078534,1.075780,1.078297,50
2024-05-03 22:00:00,1.078297,1.078507,1.076276,1.076486,50
2024-05-03 23:00:00,1.076486,1.077360,1.076131,1.077006,50
2024-05-06 00:00:00,1.077006,1.077168,1.075998,1.076160,50
2024-05-06 01:00:00,1.076160,1.076424,1.076034,1.076298,50
2024-05-06 02:00:00,1.076298,1.078641,1.076171,1.078514,50
2024-05-06 03:00:00,1.078514,1.078716,1.078440,1.078643,50
2024-05-06 04:00:00,1.078643,1.078686,1.077716,1.077759,50
2024-05-06 05:00:00,1.077759,1.078191,1.077640,1.078072,50
2024-05-06 06:00:00,1.078072,1.078244,1.076588,1.076760,50
2024-05-06 07:00:00,1.076760,1.076916,1.076492,1.076648,50
2024-05-06 08:00:00,1.076648,1.077547,1.076471,1.077370,50
2024-05-06 09:00:00,1.077370,1.078298,1.077249,1.078177,50
2024-05-06 10:00:00,1.078177,1.078399,1.078169,1.078391,50
2024-05-06 11:00:00,1.078391,1.079064,1.078220,1.078892,50
2024-05-06 12:00:00,1.078892,1.079044,1.078421,1.078573,50
2024-05-06 13:00:00,1.078573,1.078620,1.078424,1.078471,50
2024-05-06 14:00:00,1.078471,1.078943,1.078391,1.078863,50
2024-05-06 15:00:00,1.078863,1.078965,1.077635,1.077737,50
2024-05-06 16:00:00,1.077737,1.078536,1.077608,1.078407,50
2024-05-06 17:00:00,1.078407,1.078421,1.078310,1.078323,50
2024-05-06 18:00:00,1.078323,1.078359,1.078145,1.078180,50
2024-05-06 19:00:00,1.078180,1.078238,1.077858,1.077916,50
2024-05-06 20:00:00,1.077916,1.078567,1.077750,1.078402,50
2024-05-06 21:00:00,1.078402,1.079269,1.078220,1.079087,50
2024-05-06 22:00:00,1.079087,1.079169,1.078387,1.078468,50
2024-05-06 23:00:00,1.078468,1.078636,1.077767,1.077935,50
2024-05-07 00:00:00,1.077935,1.078104,1.076555,1.076724,50
2024-05-07 01:00:00,1.076724,1.076967,1.076541,1.076784,50
2024-05-07 02:00:00,1.076784,1.076892,1.076152,1.076260,50
2024-05-07 03:00:00,1.076260,1.076422,1.075519,1.075681,50
2024-05-07 04:00:00,1.075681,1.076530,1.075546,1.076394,50
2024-05-07 05:00:00,1.076394,1.077439,1.076295,1.077340,50
2024-05-07 06:00:00,1.077340,1.078078,1.077202,1.077940,50
2024-05-07 07:00:00,1.077940,1.078153,1.077867,1.078080,50
2024-05-07 08:00:00,1.078080,1.078721,1.077915,1.078555,50
2024-05-07 09:00:00,1.078555,1.078715,1.077727,1.077886,50
2024-05-07 10:00:00,1.077886,1.078029,1.077784,1.077927,50
2024-05-07 11:00:00,1.077927,1.078604,1.077804,1.078481,50
2024-05-07 12:00:00,1.078481,1.078521,1.078152,1.078192,50
2024-05-07 13:00:00,1.078192,1.078550,1.078076,1.078434,50
2024-05-07 14:00:00,1.078434,1.079002,1.078344,1.078911,50
2024-05-07 15:00:00,1.078911,1.078969,1.078456,1.078514,50
2024-05-07 16:00:00,1.078514,1.078621,1.077984,1.078091,50
2024-05-07 17:00:00,1.078091,1.078481,1.077980,1.078370,50
2024-05-07 18:00:00,1.078370,1.078410,1.077797,1.077837,50
2024-05-07 19:00:00,1.077837,1.077855,1.077282,1.077300,50
2024-05-07 20:00:00,1.077300,1.077771,1.077241,1.077711,50
2024-05-07 21:00:00,1.077711,1.077761,1.077217,1.077267,50
2024-05-07 22:00:00,1.077267,1.077308,1.077107,1.077149,50
2024-05-07 23:00:00,1.077149,1.077282,1.076525,1.076658,50
2024-05-08 00:00:00,1.076658,1.077282,1.076633,1.077256,50
2024-05-08 01:00:00,1.077256,1.077437,1.076691,1.076871,50
2024-05-08 02:00:00,1.076871,1.076905,1.075976,1.076010,50
2024-05-08 03:00:00,1.076010,1.076050,1.075264,1.075304,50
2024-05-08 04:00:00,1.075304,1.075692,1.075200,1.075588,50
2024-05-08 05:00:00,1.075588,1.075725,1.075233,1.075370,50
2024-05-08 06:00:00,1.075370,1.075609,1.075216,1.075455,50
2024-05-08 07:00:00,1.075455,1.075975,1.075279,1.075799,50
2024-05-08 08:00:00,1.075799,1.076692,1.075787,1.076681,50
2024-05-08 09:00:00,1.076681,1.077203,1.076526,1.077048,50
2024-05-08 10:00:00,1.077048,1.077217,1.076919,1.077088,50
2024-05-08 11:00:00,1.077088,1.077225,1.076187,1.076324,50
2024-05-08 12:00:00,1.076324,1.076348,1.075670,1.075694,50
2024-05-08 13:00:00,1.075694,1.075856,1.075113,1.075276,50
2024-05-08 14:00:00,1.075276,1.075489,1.075207,1.075420,50
2024-05-08 15:00:00,1.075420,1.075453,1.075135,1.075168,50
2024-05-08 16:00:00,1.075168,1.075190,1.075107,1.075129,50
2024-05-08 17:00:00,1.075129,1.075272,1.074792,1.074934,50
2024-05-08 18:00:00,1.074934,1.075006,1.074394,1.074466,50
2024-05-08 19:00:00,1.074466,1.074683,1.074367,1.074584,50
2024-05-08 20:00:00,1.074584,1.074729,1.074328,1.074473,50
2024-05-08 21:00:00,1.074473,1.074747,1.074442,1.074716,50
2024-05-08 22:00:00,1.074716,1.075064,1.074623,1.074971,50
2024-05-08 23:00:00,1.074971,1.075509,1.074962,1.075500,50
2024-05-09 00:00:00,1.075500,1.075632,1.074563,1.074695,50
2024-05-09 01:00:00,1.074695,1.075017,1.074578,1.074899,50
2024-05-09 02:00:00,1.074899,1.075773,1.074812,1.075686,50
2024-05-09 03:00:00,1.075686,1.075809,1.075582,1.075705,50
2024-05-09 04:00:00,1.075705,1.075851,1.075312,1.075458,50
2024-05-09 05:00:00,1.075458,1.075566,1.075415,1.075524,50
2024-05-09 06:00:00,1.075524,1.075829,1.075369,1.075674,50
2024-05-09 07:00:00,1.075674,1.076654,1.075583,1.076562,50
2024-05-09 08:00:00,1.076562,1.076791,1.076454,1.076683,50
2024-05-09 09:00:00,1.076683,1.076760,1.076658,1.076735,50
2024-05-09 10:00:00,1.076735,1.076895,1.075989,1.076150,50
2024-05-09 11:00:00,1.076150,1.076367,1.076077,1.076295,50
2024-05-09 12:00:00,1.076295,1.076589,1.076188,1.076482,50
2024-05-09 13:00:00,1.076482,1.077196,1.076367,1.077081,50
2024-05-09 14:00:00,1.077081,1.077103,1.076974,1.076995,50
2024-05-09 15:00:00,1.076995,1.077141,1.076873,1.077019,50
2024-05-09 16:00:00,1.077019,1.077570,1.076875,1.077426,50
2024-05-09 17:00:00,1.077426,1.077941,1.077412,1.077927,50
2024-05-09 18:00:00,1.077927,1.078030,1.077757,1.077861,50
2024-05-09 19:00:00,1.077861,1.077890,1.077151,1.077180,50
2024-05-09 20:00:00,1.077180,1.077665,1.076993,1.077478,50
2024-05-09 21:00:00,1.077478,1.077493,1.076941,1.076957,50
2024-05-09 22:00:00,1.076957,1.077250,1.076796,1.077089,50
2024-05-09 23:00:00,1.077089,1.077286,1.076925,1.077122,50
2024-05-10 00:00:00,1.077122,1.077956,1.077108,1.077943,50
2024-05-10 01:00:00,1.077943,1.077992,1.077809,1.077859,50
2024-05-10 02:00:00,1.077859,1.077939,1.077486,1.077566,50
2024-05-10 03:00:00,1.077566,1.077567,1.076611,1.076611,50
2024-05-10 04:00:00,1.076611,1.076686,1.076272,1.076347,50
2024-05-10 05:00:00,1.076347,1.077020,1.076162,1.076835,50
2024-05-10 06:00:00,1.076835,1.076903,1.076217,1.076284,50
2024-05-10 07:00:00,1.076284,1.076441,1.075465,1.075622,50
2024-05-10 08:00:00,1.075622,1.076128,1.075569,1.076075,50
2024-05-10 09:00:00,1.076075,1.077768,1.076019,1.077712,50
2024-05-10 10:00:00,1.077712,1.077765,1.076215,1.076268,50
2024-05-10 11:00:00,1.076268,1.077201,1.076130,1.077063,50
2024-05-10 12:00:00,1.077063,1.078011,1.077045,1.077993,50
2024-05-10 13:00:00,1.077993,1.078173,1.076661,1.076841,50
2024-05-10 14:00:00,1.076841,1.076851,1.076709,1.076720,50
2024-05-10 15:00:00,1.076720,1.076776,1.075847,1.075903,50
2024-05-10 16:00:00,1.075903,1.077741,1.075802,1.077640,50
2024-05-10 17:00:00,1.077640,1.079030,1.077464,1.078854,50
2024-05-10 18:00:00,1.078854,1.078967,1.077845,1.077959,50
2024-05-10 19:00:00,1.077959,1.077965,1.077167,1.077173,50
2024-05-10 20:00:00,1.077173,1.077919,1.077053,1.077798,50
2024-05-10 21:00:00,1.077798,1.077856,1.077125,1.077183,50
2024-05-10 22:00:00,1.077183,1.077225,1.076719,1.076761,50
2024-05-10 23:00:00,1.076761,1.077429,1.076687,1.077354,50
2024-05-13 00:00:00,1.077354,1.078539,1.077237,1.078422,50
2024-05-13 01:00:00,1.078422,1.078582,1.078196,1.078355,50
2024-05-13 02:00:00,1.078355,1.078529,1.077427,1.077600,50
2024-05-13 03:00:00,1.077600,1.077697,1.076743,1.076840,50
2024-05-13 04:00:00,1.076840,1.077677,1.076672,1.077510,50
2024-05-13 05:00:00,1.077510,1.078755,1.077423,1.078667,50
2024-05-13 06:00:00,1.078667,1.078842,1.078363,1.078538,50
2024-05-13 07:00:00,1.078538,1.078571,1.078386,1.078420,50
2024-05-13 08:00:00,1.078420,1.078612,1.078219,1.078411,50
2024-05-13 09:00:00,1.078411,1.079564,1.078223,1.079377,50
2024-05-13 10:00:00,1.079377,1.080255,1.079195,1.080073,50
2024-05-13 11:00:00,1.080073,1.080234,1.079505,1.079666,50
2024-05-13 12:00:00,1.079666,1.079916,1.079658,1.079908,50
2024-05-13 13:00:00,1.079908,1.079988,1.079050,1.079130,50
2024-05-13 14:00:00,1.079130,1.079345,1.079031,1.079246,50
2024-05-13 15:00:00,1.079246,1.079266,1.078932,1.078951,50
2024-05-13 16:00:00,1.078951,1.078996,1.078654,1.078699,50
2024-05-13 17:00:00,1.078699,1.079078,1.078684,1.079063,50
2024-05-13 18:00:00,1.079063,1.079180,1.078905,1.079022,50
2024-05-13 19:00:00,1.079022,1.079783,1.078969,1.079730,50
2024-05-13 20:00:00,1.079730,1.079862,1.079295,1.079428,50
2024-05-13 21:00:00,1.079428,1.080165,1.079290,1.080027,50
2024-05-13 22:00:00,1.080027,1.080187,1.079635,1.079795,50
2024-05-13 23:00:00,1.079795,1.079985,1.079374,1.079564,50
2024-05-14 00:00:00,1.079564,1.079730,1.079034,1.079200,50
2024-05-14 01:00:00,1.079200,1.079317,1.078934,1.079051,50
2024-05-14 02:00:00,1.079051,1.079323,1.078950,1.079222,50
2024-05-14 03:00:00,1.079222,1.079355,1.079153,1.079285,50
2024-05-14 04:00:00,1.079285,1.079692,1.079155,1.079562,50
2024-05-14 05:00:00,1.079562,1.079611,1.079361,1.079410,50
2024-05-14 06:00:00,1.079410,1.079485,1.079169,1.079244,50
2024-05-14 07:00:00,1.079244,1.079511,1.079184,1.079451,50
2024-05-14 08:00:00,1.079451,1.079660,1.079353,1.079562,50
2024-05-14 09:00:00,1.079562,1.079616,1.079418,1.079472,50
2024-05-14 10:00:00,1.079472,1.079665,1.079155,1.079349,50
2024-05-14 11:00:00,1.079349,1.079680,1.079309,1.079640,50
2024-05-14 12:00:00,1.079640,1.080069,1.079586,1.080015,50
2024-05-14 13:00:00,1.080015,1.080084,1.079872,1.079941,50
2024-05-14 14:00:00,1.079941,1.080068,1.079941,1.080068,50
2024-05-14 15:00:00,1.080068,1.080084,1.079762,1.079778,50
2024-05-14 16:00:00,1.079778,1.080356,1.079612,1.080190,50
2024-05-14 17:00:00,1.080190,1.080527,1.080153,1.080489,50
2024-05-14 18:00:00,1.080489,1.080658,1.080396,1.080565,50
2024-05-14 19:00:00,1.080565,1.081051,1.080560,1.081047,50
2024-05-14 20:00:00,1.081047,1.081213,1.080811,1.080978,50
2024-05-14 21:00:00,1.080978,1.082439,1.080835,1.082296,50
2024-05-14 22:00:00,1.082296,1.082383,1.081647,1.081733,50
2024-05-14 23:00:00,1.081733,1.081906,1.081610,1.081783,50
2024-05-15 00:00:00,1.081783,1.084279,1.081542,1.084038,50
2024-05-15 01:00:00,1.084038,1.084301,1.083297,1.083561,50
2024-05-15 02:00:00,1.083561,1.083758,1.083356,1.083554,50
2024-05-15 03:00:00,1.083554,1.083674,1.083468,1.083588,50
2024-05-15 04:00:00,1.083588,1.083972,1.083415,1.083798,50
2024-05-15 05:00:00,1.083798,1.083866,1.082480,1.082548,50
2024-05-15 06:00:00,1.082548,1.082812,1.082225,1.082489,50
2024-05-15 07:00:00,1.082489,1.082612,1.081675,1.081798,50
2024-05-15 08:00:00,1.081798,1.081988,1.081140,1.081331,50
2024-05-15 09:00:00,1.081331,1.081610,1.080657,1.080937,50
2024-05-15 10:00:00,1.080937,1.082112,1.080803,1.081978,50
2024-05-15 11:00:00,1.081978,1.083746,1.081919,1.083687,50
2024-05-15 12:00:00,1.083687,1.083764,1.083230,1.083307,50
2024-05-15 13:00:00,1.083307,1.083982,1.083151,1.083826,50
2024-05-15 14:00:00,1.083826,1.084712,1.083567,1.084452,50
2024-05-15 15:00:00,1.084452,1.085682,1.084162,1.085392,50
2024-05-15 16:00:00,1.085392,1.086599,1.085154,1.086362,50
2024-05-15 17:00:00,1.086362,1.086638,1.085842,1.086118,50
2024-05-15 18:00:00,1.086118,1.086956,1.086020,1.086858,50
2024-05-15 19:00:00,1.086858,1.086887,1.085929,1.085958,50
2024-05-15 20:00:00,1.085958,1.086015,1.085146,1.085202,50
2024-05-15 21:00:00,1.085202,1.085439,1.084816,1.085053,50
2024-05-15 22:00:00,1.085053,1.086801,1.084815,1.086563,50
2024-05-15 23:00:00,1.086563,1.086798,1.085777,1.086012,50
2024-05-16 00:00:00,1.086012,1.086189,1.084972,1.085149,50
2024-05-16 01:00:00,1.085149,1.085515,1.085033,1.085399,50
2024-05-16 02:00:00,1.085399,1.085967,1.085260,1.085828,50
2024-05-16 03:00:00,1.085828,1.086246,1.085737,1.086155,50
2024-05-16 04:00:00,1.086155,1.086495,1.085977,1.086317,50
2024-05-16 05:00:00,1.086317,1.087213,1.086217,1.087113,50
2024-05-16 06:00:00,1.087113,1.087114,1.086422,1.086423,50
2024-05-16 07:00:00,1.086423,1.086601,1.086066,1.086244,50
2024-05-16 08:00:00,1.086244,1.086291,1.085557,1.085603,50
2024-05-16 09:00:00,1.085603,1.086764,1.085415,1.086576,50
2024-05-16 10:00:00,1.086576,1.086960,1.086474,1.086857,50
2024-05-16 11:00:00,1.086857,1.086984,1.086371,1.086499,50
2024-05-16 12:00:00,1.086499,1.087014,1.086365,1.086880,50
2024-05-16 13:00:00,1.086880,1.086961,1.086465,1.086547,50
2024-05-16 14:00:00,1.086547,1.086698,1.085661,1.085812,50
2024-05-16 15:00:00,1.085812,1.085954,1.085342,1.085484,50
2024-05-16 16:00:00,1.085484,1.086695,1.085446,1.086657,50
2024-05-16 17:00:00,1.086657,1.087512,1.086468,1.087323,50
2024-05-16 18:00:00,1.087323,1.087412,1.087035,1.087124,50
2024-05-16 19:00:00,1.087124,1.087463,1.087109,1.087447,50
2024-05-16 20:00:00,1.087447,1.088215,1.087266,1.088033,50
2024-05-16 21:00:00,1.088033,1.088098,1.087574,1.087638,50
2024-05-16 22:00:00,1.087638,1.088553,1.087497,1.088411,50
2024-05-16 23:00:00,1.088411,1.088531,1.087427,1.087548,50
2024-05-17 00:00:00,1.087548,1.088119,1.087400,1.087971,50
2024-05-17 01:00:00,1.087971,1.088019,1.087719,1.087767,50
2024-05-17 02:00:00,1.087767,1.087891,1.087213,1.087338,50
2024-05-17 03:00:00,1.087338,1.087387,1.087245,1.087294,50
2024-05-17 04:00:00,1.087294,1.087310,1.087136,1.087152,50
2024-05-17 05:00:00,1.087152,1.087288,1.086801,1.086937,50
2024-05-17 06:00:00,1.086937,1.087002,1.086705,1.086770,50
2024-05-17 07:00:00,1.086770,1.086787,1.086692,1.086709,50
2024-05-17 08:00:00,1.086709,1.087418,1.086542,1.087251,50
2024-05-17 09:00:00,1.087251,1.087378,1.086632,1.086759,50
2024-05-17 10:00:00,1.086759,1.086914,1.086496,1.086651,50
2024-05-17 11:00:00,1.086651,1.086894,1.086561,1.086803,50
2024-05-17 12:00:00,1.086803,1.086978,1.086218,1.086392,50
2024-05-17 13:00:00,1.086392,1.086462,1.085552,1.085622,50
2024-05-17 14:00:00,1.085622,1.086008,1.085495,1.085882,50
2024-05-17 15:00:00,1.085882,1.086882,1.085711,1.086711,50
2024-05-17 16:00:00,1.086711,1.086905,1.086502,1.086696,50
2024-05-17 17:00:00,1.086696,1.086852,1.086649,1.086806,50
2024-05-17 18:00:00,1.086806,1.086930,1.086532,1.086657,50
2024-05-17 19:00:00,1.086657,1.086848,1.085983,1.086174,50
2024-05-17 20:00:00,1.086174,1.086365,1.085554,1.085745,50
2024-05-17 21:00:00,1.085745,1.086210,1.085715,1.086180,50
2024-05-17 22:00:00,1.086180,1.087268,1.086064,1.087153,50
2024-05-17 23:00:00,1.087153,1.087220,1.086890,1.086957,50
2024-05-20 00:00:00,1.086957,1.087247,1.086937,1.087228,50
2024-05-20 01:00:00,1.087228,1.087849,1.087164,1.087785,50
2024-05-20 02:00:00,1.087785,1.088353,1.087605,1.088173,50
2024-05-20 03:00:00,1.088173,1.088289,1.087127,1.087244,50
2024-05-20 04:00:00,1.087244,1.087573,1.087074,1.087403,50
2024-05-20 05:00:00,1.087403,1.087554,1.086405,1.086556,50
2024-05-20 06:00:00,1.086556,1.088121,1.086386,1.087952,50
2024-05-20 07:00:00,1.087952,1.088146,1.087160,1.087355,50
2024-05-20 08:00:00,1.087355,1.087480,1.085449,1.085574,50
2024-05-20 09:00:00,1.085574,1.085585,1.085019,1.085031,50
2024-05-20 10:00:00,1.085031,1.085049,1.084896,1.084914,50
2024-05-20 11:00:00,1.084914,1.085614,1.084738,1.085438,50
2024-05-20 12:00:00,1.085438,1.087113,1.085331,1.087005,50
2024-05-20 13:00:00,1.087005,1.087201,1.085713,1.085908,50
2024-05-20 14:00:00,1.085908,1.086344,1.085787,1.086223,50
2024-05-20 15:00:00,1.086223,1.086417,1.084818,1.085013,50
2024-05-20 16:00:00,1.085013,1.085658,1.084934,1.085579,50
2024-05-20 17:00:00,1.085579,1.085916,1.085404,1.085742,50
2024-05-20 18:00:00,1.085742,1.085923,1.085574,1.085755,50
2024-05-20 19:00:00,1.085755,1.085931,1.085493,1.085669,50
2024-05-20 20:00:00,1.085669,1.085751,1.085389,1.085471,50
2024-05-20 21:00:00,1.085471,1.086052,1.085416,1.085996,50
2024-05-20 22:00:00,1.085996,1.086631,1.085861,1.086496,50
2024-05-20 23:00:00,1.086496,1.086628,1.085998,1.086130,50
2024-05-21 00:00:00,1.086130,1.087024,1.086028,1.086922,50
2024-05-21 01:00:00,1.086922,1.086975,1.086877,1.086930,50
2024-05-21 02:00:00,1.086930,1.087441,1.086827,1.087338,50
2024-05-21 03:00:00,1.087338,1.087370,1.086489,1.086522,50
2024-05-21 04:00:00,1.086522,1.086752,1.086430,1.086661,50
2024-05-21 05:00:00,1.086661,1.086737,1.086092,1.086168,50
2024-05-21 06:00:00,1.086168,1.086537,1.086116,1.086485,50
2024-05-21 07:00:00,1.086485,1.086656,1.086219,1.086390,50
2024-05-21 08:00:00,1.086390,1.086768,1.086208,1.086586,50
2024-05-21 09:00:00,1.086586,1.086702,1.085732,1.085848,50
2024-05-21 10:00:00,1.085848,1.086474,1.085694,1.086319,50
2024-05-21 11:00:00,1.086319,1.087577,1.086199,1.087456,50
2024-05-21 12:00:00,1.087456,1.087604,1.087218,1.087365,50
2024-05-21 13:00:00,1.087365,1.087414,1.087138,1.087186,50
2024-05-21 14:00:00,1.087186,1.087260,1.087133,1.087207,50
2024-05-21 15:00:00,1.087207,1.087267,1.086375,1.086436,50
2024-05-21 16:00:00,1.086436,1.086535,1.086259,1.086358,50
2024-05-21 17:00:00,1.086358,1.086459,1.086244,1.086345,50
2024-05-21 18:00:00,1.086345,1.086523,1.085430,1.085609,50
2024-05-21 19:00:00,1.085609,1.085766,1.084306,1.084464,50
2024-05-21 20:00:00,1.084464,1.084901,1.084399,1.084836,50
2024-05-21 21:00:00,1.084836,1.084909,1.084544,1.084618,50
2024-05-21 22:00:00,1.084618,1.084755,1.084330,1.084467,50
2024-05-21 23:00:00,1.084467,1.085685,1.084323,1.085541,50
2024-05-22 00:00:00,1.085541,1.086404,1.085362,1.086225,50
2024-05-22 01:00:00,1.086225,1.086248,1.086074,1.086097,50
2024-05-22 02:00:00,1.086097,1.086243,1.085751,1.085897,50
2024-05-22 03:00:00,1.085897,1.086007,1.085537,1.085647,50
2024-05-22 04:00:00,1.085647,1.085702,1.085286,1.085341,50
2024-05-22 05:00:00,1.085341,1.085474,1.085108,1.085242,50
2024-05-22 06:00:00,1.085242,1.085314,1.084777,1.084849,50
2024-05-22 07:00:00,1.084849,1.085159,1.084804,1.085115,50
2024-05-22 08:00:00,1.085115,1.085345,1.084987,1.085217,50
2024-05-22 09:00:00,1.085217,1.085347,1.084925,1.085055,50
2024-05-22 10:00:00,1.085055,1.085256,1.084903,1.085104,50
2024-05-22 11:00:00,1.085104,1.085187,1.084587,1.084669,50
2024-05-22 12:00:00,1.084669,1.084780,1.084081,1.084192,50
2024-05-22 13:00:00,1.084192,1.084419,1.084033,1.084259,50
2024-05-22 14:00:00,1.084259,1.084445,1.084099,1.084285,50
2024-05-22 15:00:00,1.084285,1.084331,1.083760,1.083806,50
2024-05-22 16:00:00,1.083806,1.083894,1.083135,1.083224,50
2024-05-22 17:00:00,1.083224,1.083316,1.083184,1.083276,50
2024-05-22 18:00:00,1.083276,1.083337,1.083266,1.083327,50
2024-05-22 19:00:00,1.083327,1.083353,1.082948,1.082974,50
2024-05-22 20:00:00,1.082974,1.083269,1.082831,1.083126,50
2024-05-22 21:00:00,1.083126,1.083413,1.083050,1.083338,50
2024-05-22 22:00:00,1.083338,1.083402,1.083246,1.083310,50
2024-05-22 23:00:00,1.083310,1.083821,1.083147,1.083658,50
2024-05-23 00:00:00,1.083658,1.084432,1.083515,1.084289,50
2024-05-23 01:00:00,1.084289,1.084728,1.084198,1.084638,50
2024-05-23 02:00:00,1.084638,1.084972,1.084480,1.084813,50
2024-05-23 03:00:00,1.084813,1.084961,1.083868,1.084016,50
2024-05-23 04:00:00,1.084016,1.084824,1.083827,1.084635,50
2024-05-23 05:00:00,1.084635,1.084781,1.084454,1.084599,50
2024-05-23 06:00:00,1.084599,1.084600,1.083471,1.083472,50
2024-05-23 07:00:00,1.083472,1.083765,1.083340,1.083633,50
2024-05-23 08:00:00,1.083633,1.084319,1.083478,1.084164,50
2024-05-23 09:00:00,1.084164,1.084306,1.083515,1.083657,50
2024-05-23 10:00:00,1.083657,1.083714,1.083572,1.083629,50
2024-05-23 11:00:00,1.083629,1.083697,1.082751,1.082819,50
2024-05-23 12:00:00,1.082819,1.082890,1.082277,1.082348,50
2024-05-23 13:00:00,1.082348,1.082870,1.082178,1.082700,50
2024-05-23 14:00:00,1.082700,1.083370,1.082571,1.083241,50
2024-05-23 15:00:00,1.083241,1.083431,1.082927,1.083116,50
2024-05-23 16:00:00,1.083116,1.083756,1.083093,1.083732,50
2024-05-23 17:00:00,1.083732,1.083832,1.083054,1.083153,50
2024-05-23 18:00:00,1.083153,1.083453,1.082986,1.083286,50
2024-05-23 19:00:00,1.083286,1.083547,1.083205,1.083467,50
2024-05-23 20:00:00,1.083467,1.083688,1.083283,1.083504,50
2024-05-23 21:00:00,1.083504,1.083613,1.082388,1.082497,50
2024-05-23 22:00:00,1.082497,1.082602,1.081802,1.081908,50
2024-05-23 23:00:00,1.081908,1.082855,1.081773,1.082720,50
2024-05-24 00:00:00,1.082720,1.083310,1.082607,1.083197,50
2024-05-24 01:00:00,1.083197,1.083591,1.083154,1.083548,50
2024-05-24 02:00:00,1.083548,1.083850,1.083537,1.083839,50
2024-05-24 03:00:00,1.083839,1.083864,1.083819,1.083845,50
2024-05-24 04:00:00,1.083845,1.084050,1.083154,1.083359,50
2024-05-24 05:00:00,1.083359,1.083517,1.082863,1.083021,50
2024-05-24 06:00:00,1.083021,1.083146,1.082657,1.082782,50
2024-05-24 07:00:00,1.082782,1.083078,1.082668,1.082965,50
2024-05-24 08:00:00,1.082965,1.083864,1.082789,1.083687,50
2024-05-24 09:00:00,1.083687,1.083710,1.083007,1.083030,50
2024-05-24 10:00:00,1.083030,1.083192,1.082065,1.082226,50
2024-05-24 11:00:00,1.082226,1.082500,1.082054,1.082328,50
2024-05-24 12:00:00,1.082328,1.082765,1.082267,1.082704,50
2024-05-24 13:00:00,1.082704,1.083643,1.082552,1.083492,50
2024-05-24 14:00:00,1.083492,1.083558,1.083425,1.083491,50
2024-05-24 15:00:00,1.083491,1.083628,1.082934,1.083072,50
2024-05-24 16:00:00,1.083072,1.083617,1.083020,1.083565,50
2024-05-24 17:00:00,1.083565,1.084212,1.083524,1.084171,50
2024-05-24 18:00:00,1.084171,1.084829,1.083967,1.084625,50
2024-05-24 19:00:00,1.084625,1.085168,1.084581,1.085124,50
2024-05-24 20:00:00,1.085124,1.085174,1.085053,1.085102,50
2024-05-24 21:00:00,1.085102,1.085357,1.085049,1.085303,50
2024-05-24 22:00:00,1.085303,1.085408,1.084551,1.084656,50
2024-05-24 23:00:00,1.084656,1.085228,1.084615,1.085187,50
2024-05-28 00:00:00,1.085187,1.085411,1.084878,1.085102,50
2024-05-28 01:00:00,1.085102,1.085193,1.084554,1.084644,50
2024-05-28 02:00:00,1.084644,1.085015,1.084489,1.084860,50
2024-05-28 03:00:00,1.084860,1.086230,1.084697,1.086067,50
2024-05-28 04:00:00,1.086067,1.086163,1.085489,1.085584,50
2024-05-28 05:00:00,1.085584,1.086490,1.085432,1.086337,50
2024-05-28 06:00:00,1.086337,1.086614,1.086206,1.086483,50
2024-05-28 07:00:00,1.086483,1.086885,1.086340,1.086742,50
2024-05-28 08:00:00,1.086742,1.087516,1.086690,1.087464,50
2024-05-28 09:00:00,1.087464,1.087672,1.086770,1.086978,50
2024-05-28 10:00:00,1.086978,1.087133,1.086764,1.086919,50
2024-05-28 11:00:00,1.086919,1.086980,1.086428,1.086489,50
2024-05-28 12:00:00,1.086489,1.086769,1.086263,1.086544,50
2024-05-28 13:00:00,1.086544,1.086563,1.086426,1.086445,50
2024-05-28 14:00:00,1.086445,1.087371,1.086323,1.087249,50
2024-05-28 15:00:00,1.087249,1.087447,1.087183,1.087380,50
2024-05-28 16:00:00,1.087380,1.087484,1.087370,1.087474,50
2024-05-28 17:00:00,1.087474,1.087683,1.086889,1.087098,50
2024-05-28 18:00:00,1.087098,1.087326,1.086662,1.086890,50
2024-05-28 19:00:00,1.086890,1.088068,1.086707,1.087885,50
2024-05-28 20:00:00,1.087885,1.088310,1.087799,1.088223,50
2024-05-28 21:00:00,1.088223,1.088357,1.087387,1.087520,50
2024-05-28 22:00:00,1.087520,1.088416,1.087339,1.088234,50
2024-05-28 23:00:00,1.088234,1.088236,1.087900,1.087903,50
2024-05-29 00:00:00,1.087903,1.089052,1.087870,1.089020,50
2024-05-29 01:00:00,1.089020,1.089253,1.088097,1.088330,50
2024-05-29 02:00:00,1.088330,1.089732,1.087865,1.089267,50
2024-05-29 03:00:00,1.089267,1.089667,1.088144,1.088544,50
2024-05-29 04:00:00,1.088544,1.088936,1.087856,1.088249,50
2024-05-29 05:00:00,1.088249,1.088733,1.087512,1.087996,50
2024-05-29 06:00:00,1.087996,1.088256,1.085774,1.086035,50
2024-05-29 07:00:00,1.086035,1.086275,1.083685,1.083925,50
2024-05-29 08:00:00,1.083925,1.084514,1.083583,1.084172,50
2024-05-29 09:00:00,1.084172,1.084303,1.083400,1.083531,50
2024-05-29 10:00:00,1.083531,1.083972,1.081206,1.081647,50
2024-05-29 11:00:00,1.081647,1.082198,1.081273,1.081824,50
2024-05-29 12:00:00,1.081824,1.082956,1.081385,1.082517,50
2024-05-29 13:00:00,1.082517,1.083020,1.081599,1.082101,50
2024-05-29 14:00:00,1.082101,1.082632,1.079620,1.080151,50
2024-05-29 15:00:00,1.080151,1.081024,1.079927,1.080799,50
2024-05-29 16:00:00,1.080799,1.080962,1.079815,1.079978,50
2024-05-29 17:00:00,1.079978,1.080690,1.079706,1.080418,50
2024-05-29 18:00:00,1.080418,1.080569,1.079565,1.079717,50
2024-05-29 19:00:00,1.079717,1.081181,1.079591,1.081055,50
2024-05-29 20:00:00,1.081055,1.085087,1.080958,1.084990,50
2024-05-29 21:00:00,1.084990,1.085559,1.084642,1.085211,50
2024-05-29 22:00:00,1.085211,1.085264,1.084564,1.084616,50
2024-05-29 23:00:00,1.084616,1.084881,1.080816,1.081081,50
2024-05-30 00:00:00,1.081081,1.081130,1.080849,1.080898,50
2024-05-30 01:00:00,1.080898,1.081441,1.080867,1.081410,50
2024-05-30 02:00:00,1.081410,1.081489,1.080640,1.080719,50
2024-05-30 03:00:00,1.080719,1.082377,1.080540,1.082198,50
2024-05-30 04:00:00,1.082198,1.083667,1.082175,1.083644,50
2024-05-30 05:00:00,1.083644,1.083772,1.081899,1.082027,50
2024-05-30 06:00:00,1.082027,1.082876,1.081825,1.082675,50
2024-05-30 07:00:00,1.082675,1.084125,1.082635,1.084085,50
2024-05-30 08:00:00,1.084085,1.084141,1.082479,1.082534,50
2024-05-30 09:00:00,1.082534,1.082630,1.081704,1.081800,50
2024-05-30 10:00:00,1.081800,1.081834,1.081024,1.081058,50
2024-05-30 11:00:00,1.081058,1.084038,1.080852,1.083832,50
2024-05-30 12:00:00,1.083832,1.083998,1.082324,1.082491,50
2024-05-30 13:00:00,1.082491,1.083326,1.082455,1.083291,50
2024-05-30 14:00:00,1.083291,1.084188,1.083277,1.084174,50
2024-05-30 15:00:00,1.084174,1.084348,1.083775,1.083948,50
2024-05-30 16:00:00,1.083948,1.084104,1.083503,1.083659,50
2024-05-30 17:00:00,1.083659,1.083732,1.082277,1.082351,50
2024-05-30 18:00:00,1.082351,1.082357,1.082056,1.082063,50
2024-05-30 19:00:00,1.082063,1.082077,1.081000,1.081014,50
2024-05-30 20:00:00,1.081014,1.081094,1.080899,1.080979,50
2024-05-30 21:00:00,1.080979,1.082879,1.080772,1.082672,50
2024-05-30 22:00:00,1.082672,1.082787,1.081664,1.081779,50
2024-05-30 23:00:00,1.081779,1.083695,1.081742,1.083658,50
2024-05-31 00:00:00,1.083658,1.083750,1.082410,1.082502,50
2024-05-31 01:00:00,1.082502,1.082957,1.082422,1.082877,50
2024-05-31 02:00:00,1.082877,1.083036,1.082468,1.082627,50
2024-05-31 03:00:00,1.082627,1.082726,1.082622,1.082722,50
2024-05-31 04:00:00,1.082722,1.083080,1.082718,1.083075,50
2024-05-31 05:00:00,1.083075,1.083379,1.082938,1.083243,50
2024-05-31 06:00:00,1.083243,1.083259,1.083229,1.083245,50
2024-05-31 07:00:00,1.083245,1.083247,1.083099,1.083100,50
2024-05-31 08:00:00,1.083100,1.083260,1.082905,1.083065,50
2024-05-31 09:00:00,1.083065,1.083666,1.082912,1.083513,50
2024-05-31 10:00:00,1.083513,1.084126,1.083460,1.084072,50
2024-05-31 11:00:00,1.084072,1.084615,1.083880,1.084422,50
2024-05-31 12:00:00,1.084422,1.084524,1.084306,1.084408,50
2024-05-31 13:00:00,1.084408,1.084694,1.084406,1.084692,50
2024-05-31 14:00:00,1.084692,1.085069,1.084572,1.084948,50
2024-05-31 15:00:00,1.084948,1.085864,1.084840,1.085755,50
2024-05-31 16:00:00,1.085755,1.085891,1.085510,1.085645,50
2024-05-31 17:00:00,1.085645,1.085778,1.085578,1.085710,50
2024-05-31 18:00:00,1.085710,1.085814,1.085525,1.085629,50
2024-05-31 19:00:00,1.085629,1.085634,1.085461,1.085466,50
2024-05-31 20:00:00,1.085466,1.085478,1.085208,1.085220,50
2024-05-31 21:00:00,1.085220,1.085375,1.084984,1.085139,50
2024-05-31 22:00:00,1.085139,1.085549,1.084987,1.085397,50
2024-05-31 23:00:00,1.085397,1.085414,1.084582,1.084599,50
2024-06-03 00:00:00,1.084599,1.084691,1.084434,1.084526,50
2024-06-03 01:00:00,1.084526,1.084677,1.083574,1.083725,50
2024-06-03 02:00:00,1.083725,1.084855,1.083519,1.084650,50
2024-06-03 03:00:00,1.084650,1.086055,1.084520,1.085926,50
2024-06-03 04:00:00,1.085926,1.086028,1.085315,1.085417,50
2024-06-03 05:00:00,1.085417,1.085747,1.084517,1.084847,50
2024-06-03 06:00:00,1.084847,1.086172,1.084762,1.086087,50
2024-06-03 07:00:00,1.086087,1.086417,1.085450,1.085781,50
2024-06-03 08:00:00,1.085781,1.086045,1.085615,1.085880,50
2024-06-03 09:00:00,1.085880,1.086320,1.085738,1.086178,50
2024-06-03 10:00:00,1.086178,1.086444,1.085547,1.085813,50
2024-06-03 11:00:00,1.085813,1.086251,1.085728,1.086166,50
2024-06-03 12:00:00,1.086166,1.087068,1.085832,1.086734,50
2024-06-03 13:00:00,1.086734,1.087528,1.086700,1.087494,50
2024-06-03 14:00:00,1.087494,1.088586,1.087138,1.088231,50
2024-06-03 15:00:00,1.088231,1.090206,1.087867,1.089843,50
2024-06-03 16:00:00,1.089843,1.090088,1.089155,1.089400,50
2024-06-03 17:00:00,1.089400,1.089629,1.089257,1.089486,50
2024-06-03 18:00:00,1.089486,1.089613,1.088480,1.088607,50
2024-06-03 19:00:00,1.088607,1.088891,1.087844,1.088128,50
2024-06-03 20:00:00,1.088128,1.088439,1.087028,1.087340,50
2024-06-03 21:00:00,1.087340,1.088698,1.087044,1.088403,50
2024-06-03 22:00:00,1.088403,1.088671,1.086770,1.087039,50
2024-06-03 23:00:00,1.087039,1.089145,1.086863,1.088969,50
2024-06-04 00:00:00,1.088969,1.089436,1.088910,1.089378,50
2024-06-04 01:00:00,1.089378,1.089501,1.088419,1.088543,50
2024-06-04 02:00:00,1.088543,1.088624,1.088090,1.088171,50
2024-06-04 03:00:00,1.088171,1.088190,1.088112,1.088130,50
2024-06-04 04:00:00,1.088130,1.088317,1.087321,1.087507,50
2024-06-04 05:00:00,1.087507,1.087607,1.087451,1.087551,50
2024-06-04 06:00:00,1.087551,1.087985,1.087385,1.087819,50
2024-06-04 07:00:00,1.087819,1.087913,1.087662,1.087756,50
2024-06-04 08:00:00,1.087756,1.087861,1.087579,1.087684,50
2024-06-04 09:00:00,1.087684,1.087734,1.087522,1.087571,50
2024-06-04 10:00:00,1.087571,1.087631,1.086906,1.086966,50
2024-06-04 11:00:00,1.086966,1.087501,1.086938,1.087473,50
2024-06-04 12:00:00,1.087473,1.087572,1.087455,1.087554,50
2024-06-04 13:00:00,1.087554,1.087839,1.087444,1.087729,50
2024-06-04 14:00:00,1.087729,1.087921,1.087237,1.087429,50
2024-06-04 15:00:00,1.087429,1.087506,1.086907,1.086984,50
2024-06-04 16:00:00,1.086984,1.087646,1.086968,1.087631,50
2024-06-04 17:00:00,1.087631,1.087788,1.087322,1.087479,50
2024-06-04 18:00:00,1.087479,1.087643,1.086581,1.086745,50
2024-06-04 19:00:00,1.086745,1.087061,1.086700,1.087016,50
2024-06-04 20:00:00,1.087016,1.087239,1.086824,1.087047,50
2024-06-04 21:00:00,1.087047,1.087186,1.086886,1.087026,50
2024-06-04 22:00:00,1.087026,1.087058,1.086832,1.086864,50
2024-06-04 23:00:00,1.086864,1.087806,1.086843,1.087784,50
2024-06-05 00:00:00,1.087784,1.088016,1.087677,1.087909,50
2024-06-05 01:00:00,1.087909,1.088392,1.087907,1.088390,50
2024-06-05 02:00:00,1.088390,1.088410,1.088050,1.088069,50
2024-06-05 03:00:00,1.088069,1.088202,1.087691,1.087824,50
2024-06-05 04:00:00,1.087824,1.088368,1.087722,1.088266,50
2024-06-05 05:00:00,1.088266,1.088402,1.087784,1.087920,50
2024-06-05 06:00:00,1.087920,1.087991,1.087870,1.087941,50
2024-06-05 07:00:00,1.087941,1.088033,1.087928,1.088020,50
2024-06-05 08:00:00,1.088020,1.088828,1.087956,1.088764,50
2024-06-05 09:00:00,1.088764,1.088816,1.088335,1.088387,50
2024-06-05 10:00:00,1.088387,1.088728,1.088263,1.088604,50
2024-06-05 11:00:00,1.088604,1.088662,1.087627,1.087685,50
2024-06-05 12:00:00,1.087685,1.087854,1.087461,1.087629,50
2024-06-05 13:00:00,1.087629,1.087722,1.087153,1.087245,50
2024-06-05 14:00:00,1.087245,1.087891,1.087178,1.087824,50
2024-06-05 15:00:00,1.087824,1.087998,1.087164,1.087339,50
2024-06-05 16:00:00,1.087339,1.087473,1.086944,1.087078,50
2024-06-05 17:00:00,1.087078,1.087238,1.086096,1.086256,50
2024-06-05 18:00:00,1.086256,1.086281,1.086214,1.086239,50
2024-06-05 19:00:00,1.086239,1.086282,1.085462,1.085504,50
2024-06-05 20:00:00,1.085504,1.086555,1.085403,1.086453,50
2024-06-05 21:00:00,1.086453,1.086795,1.086405,1.086747,50
2024-06-05 22:00:00,1.086747,1.086854,1.086055,1.086162,50
2024-06-05 23:00:00,1.086162,1.086653,1.085994,1.086484,50
2024-06-06 00:00:00,1.086484,1.086670,1.085553,1.085739,50
2024-06-06 01:00:00,1.085739,1.086285,1.085568,1.086115,50
2024-06-06 02:00:00,1.086115,1.086869,1.086107,1.086860,50
2024-06-06 03:00:00,1.086860,1.087200,1.086806,1.087145,50
2024-06-06 04:00:00,1.087145,1.087296,1.087115,1.087266,50
2024-06-06 05:00:00,1.087266,1.087409,1.087228,1.087372,50
2024-06-06 06:00:00,1.087372,1.087541,1.087297,1.087466,50
2024-06-06 07:00:00,1.087466,1.087734,1.087462,1.087730,50
2024-06-06 08:00:00,1.087730,1.088199,1.087604,1.088073,50
2024-06-06 09:00:00,1.088073,1.088364,1.087948,1.088239,50
2024-06-06 10:00:00,1.088239,1.088367,1.087769,1.087896,50
2024-06-06 11:00:00,1.087896,1.088491,1.087760,1.088355,50
2024-06-06 12:00:00,1.088355,1.088461,1.087892,1.087999,50
2024-06-06 13:00:00,1.087999,1.088085,1.087888,1.087974,50
2024-06-06 14:00:00,1.087974,1.087998,1.087842,1.087865,50
2024-06-06 15:00:00,1.087865,1.088408,1.087735,1.088278,50
2024-06-06 16:00:00,1.088278,1.088414,1.087702,1.087837,50
2024-06-06 17:00:00,1.087837,1.088256,1.087740,1.088159,50
2024-06-06 18:00:00,1.088159,1.088162,1.087979,1.087982,50
2024-06-06 19:00:00,1.087982,1.088389,1.087877,1.088283,50
2024-06-06 20:00:00,1.088283,1.088492,1.088188,1.088397,50
2024-06-06 21:00:00,1.088397,1.089054,1.088346,1.089003,50
2024-06-06 22:00:00,1.089003,1.089136,1.088799,1.088931,50
2024-06-06 23:00:00,1.088931,1.089088,1.088101,1.088258,50
2024-06-07 00:00:00,1.088258,1.089970,1.088051,1.089763,50
2024-06-07 01:00:00,1.089763,1.090390,1.087451,1.088078,50
2024-06-07 02:00:00,1.088078,1.088624,1.087005,1.087551,50
2024-06-07 03:00:00,1.087551,1.087813,1.087396,1.087658,50
2024-06-07 04:00:00,1.087658,1.088150,1.086876,1.087368,50
2024-06-07 05:00:00,1.087368,1.087670,1.086019,1.086321,50
2024-06-07 06:00:00,1.086321,1.086356,1.085888,1.085923,50
2024-06-07 07:00:00,1.085923,1.086428,1.084821,1.085325,50
2024-06-07 08:00:00,1.085325,1.085798,1.085116,1.085589,50
2024-06-07 09:00:00,1.085589,1.086179,1.083981,1.084571,50
2024-06-07 10:00:00,1.084571,1.085158,1.083016,1.083603,50
2024-06-07 11:00:00,1.083603,1.084004,1.082989,1.083389,50
2024-06-07 12:00:00,1.083389,1.084246,1.083075,1.083932,50
2024-06-07 13:00:00,1.083932,1.084474,1.081782,1.082324,50
2024-06-07 14:00:00,1.082324,1.082750,1.078799,1.079225,50
2024-06-07 15:00:00,1.079225,1.079874,1.078897,1.079546,50
2024-06-07 16:00:00,1.079546,1.080202,1.079264,1.079920,50
2024-06-07 17:00:00,1.079920,1.080959,1.079857,1.080896,50
2024-06-07 18:00:00,1.080896,1.081251,1.080312,1.080667,50
2024-06-07 19:00:00,1.080667,1.081627,1.080395,1.081355,50
2024-06-07 20:00:00,1.081355,1.081903,1.080342,1.080890,50
2024-06-07 21:00:00,1.080890,1.081957,1.080863,1.081930,50
2024-06-07 22:00:00,1.081930,1.083141,1.081738,1.082949,50
2024-06-07 23:00:00,1.082949,1.083514,1.080166,1.080731,50
2024-06-10 00:00:00,1.080731,1.082264,1.080313,1.081846,50
2024-06-10 01:00:00,1.081846,1.082156,1.080881,1.081190,50
2024-06-10 02:00:00,1.081190,1.081551,1.078501,1.078863,50
2024-06-10 03:00:00,1.078863,1.079816,1.078779,1.079733,50
2024-06-10 04:00:00,1.079733,1.079928,1.079418,1.079613,50
2024-06-10 05:00:00,1.079613,1.079818,1.078222,1.078427,50
2024-06-10 06:00:00,1.078427,1.078728,1.077066,1.077367,50
2024-06-10 07:00:00,1.077367,1.077450,1.076818,1.076900,50
2024-06-10 08:00:00,1.076900,1.080660,1.076497,1.080257,50
2024-06-10 09:00:00,1.080257,1.081631,1.079884,1.081258,50
2024-06-10 10:00:00,1.081258,1.081324,1.078993,1.079059,50
2024-06-10 11:00:00,1.079059,1.080068,1.078834,1.079842,50
2024-06-10 12:00:00,1.079842,1.080210,1.078519,1.078886,50
2024-06-10 13:00:00,1.078886,1.079129,1.077643,1.077886,50
2024-06-10 14:00:00,1.077886,1.078320,1.073604,1.074038,50
2024-06-10 15:00:00,1.074038,1.077848,1.073820,1.077630,50
2024-06-10 16:00:00,1.077630,1.077999,1.077275,1.077644,50
2024-06-10 17:00:00,1.077644,1.077893,1.076505,1.076755,50
2024-06-10 18:00:00,1.076755,1.077982,1.076531,1.077758,50
2024-06-10 19:00:00,1.077758,1.078568,1.077722,1.078531,50
2024-06-10 20:00:00,1.078531,1.079504,1.078153,1.079126,50
2024-06-10 21:00:00,1.079126,1.079226,1.077509,1.077609,50
2024-06-10 22:00:00,1.077609,1.077970,1.076986,1.077348,50
2024-06-10 23:00:00,1.077348,1.077661,1.074840,1.075153,50
2024-06-11 00:00:00,1.075153,1.075234,1.074111,1.074191,50
2024-06-11 01:00:00,1.074191,1.074332,1.073560,1.073700,50
2024-06-11 02:00:00,1.073700,1.073790,1.073531,1.073621,50
2024-06-11 03:00:00,1.073621,1.074116,1.073581,1.074076,50
2024-06-11 04:00:00,1.074076,1.074133,1.072974,1.073032,50
2024-06-11 05:00:00,1.073032,1.073163,1.072489,1.072620,50
2024-06-11 06:00:00,1.072620,1.073573,1.072431,1.073384,50
2024-06-11 07:00:00,1.073384,1.073715,1.073378,1.073709,50
2024-06-11 08:00:00,1.073709,1.074208,1.073622,1.074121,50
2024-06-11 09:00:00,1.074121,1.074263,1.073879,1.074021,50
2024-06-11 10:00:00,1.074021,1.075247,1.073861,1.075087,50
2024-06-11 11:00:00,1.075087,1.075140,1.074605,1.074658,50
2024-06-11 12:00:00,1.074658,1.075160,1.074551,1.075052,50
2024-06-11 13:00:00,1.075052,1.075204,1.074956,1.075107,50
2024-06-11 14:00:00,1.075107,1.075413,1.074957,1.075262,50
2024-06-11 15:00:00,1.075262,1.075554,1.075220,1.075511,50
2024-06-11 16:00:00,1.075511,1.075641,1.074722,1.074852,50
2024-06-11 17:00:00,1.074852,1.075286,1.074698,1.075132,50
2024-06-11 18:00:00,1.075132,1.075418,1.074985,1.075271,50
2024-06-11 19:00:00,1.075271,1.076029,1.075082,1.075840,50
2024-06-11 20:00:00,1.075840,1.076030,1.075047,1.075238,50
2024-06-11 21:00:00,1.075238,1.075375,1.074072,1.074210,50
2024-06-11 22:00:00,1.074210,1.074572,1.074182,1.074544,50
2024-06-11 23:00:00,1.074544,1.074718,1.073133,1.073307,50
2024-06-12 00:00:00,1.073307,1.081166,1.072616,1.080475,50
2024-06-12 01:00:00,1.080475,1.081557,1.079740,1.080822,50
2024-06-12 02:00:00,1.080822,1.081385,1.076686,1.077250,50
2024-06-12 03:00:00,1.077250,1.077549,1.075014,1.075313,50
2024-06-12 04:00:00,1.075313,1.076131,1.074253,1.075071,50
2024-06-12 05:00:00,1.075071,1.075712,1.072177,1.072817,50
2024-06-12 06:00:00,1.072817,1.073267,1.070669,1.071119,50
2024-06-12 07:00:00,1.071119,1.075631,1.070564,1.075076,50
2024-06-12 08:00:00,1.075076,1.075278,1.071225,1.071426,50
2024-06-12 09:00:00,1.071426,1.072945,1.071274,1.072793,50
2024-06-12 10:00:00,1.072793,1.073048,1.072629,1.072884,50
2024-06-12 11:00:00,1.072884,1.073611,1.071398,1.072125,50
2024-06-12 12:00:00,1.072125,1.076450,1.071615,1.075939,50
2024-06-12 13:00:00,1.075939,1.076781,1.074770,1.075612,50
2024-06-12 14:00:00,1.075612,1.076032,1.075438,1.075858,50
2024-06-12 15:00:00,1.075858,1.076421,1.074470,1.075032,50
2024-06-12 16:00:00,1.075032,1.076457,1.074251,1.075675,50
2024-06-12 17:00:00,1.075675,1.079059,1.075515,1.078899,50
2024-06-12 18:00:00,1.078899,1.079394,1.078854,1.079350,50
2024-06-12 19:00:00,1.079350,1.082151,1.079259,1.082061,50
2024-06-12 20:00:00,1.082061,1.086440,1.082055,1.086434,50
2024-06-12 21:00:00,1.086434,1.087333,1.082773,1.083672,50
2024-06-12 22:00:00,1.083672,1.083696,1.083341,1.083365,50
2024-06-12 23:00:00,1.083365,1.084910,1.082701,1.084246,50
2024-06-13 00:00:00,1.084246,1.084765,1.078292,1.078811,50
2024-06-13 01:00:00,1.078811,1.080857,1.078704,1.080750,50
2024-06-13 02:00:00,1.080750,1.081177,1.080447,1.080874,50
2024-06-13 03:00:00,1.080874,1.081979,1.080494,1.081599,50
2024-06-13 04:00:00,1.081599,1.085168,1.080932,1.084501,50
2024-06-13 05:00:00,1.084501,1.084703,1.081832,1.082035,50
2024-06-13 06:00:00,1.082035,1.082293,1.081496,1.081755,50
2024-06-13 07:00:00,1.081755,1.082359,1.081069,1.081672,50
2024-06-13 08:00:00,1.081672,1.086179,1.081466,1.085972,50
2024-06-13 09:00:00,1.085972,1.086689,1.084211,1.084928,50
2024-06-13 10:00:00,1.084928,1.085067,1.082796,1.082935,50
2024-06-13 11:00:00,1.082935,1.083536,1.081265,1.081866,50
2024-06-13 12:00:00,1.081866,1.081888,1.080780,1.080802,50
2024-06-13 13:00:00,1.080802,1.081394,1.080176,1.080767,50
2024-06-13 14:00:00,1.080767,1.081368,1.080232,1.080833,50
2024-06-13 15:00:00,1.080833,1.081201,1.078156,1.078525,50
2024-06-13 16:00:00,1.078525,1.078718,1.075945,1.076137,50
2024-06-13 17:00:00,1.076137,1.077770,1.076117,1.077750,50
2024-06-13 18:00:00,1.077750,1.078020,1.074171,1.074442,50
2024-06-13 19:00:00,1.074442,1.074935,1.073396,1.073890,50
2024-06-13 20:00:00,1.073890,1.074404,1.073738,1.074252,50
2024-06-13 21:00:00,1.074252,1.075676,1.074008,1.075433,50
2024-06-13 22:00:00,1.075433,1.078789,1.074792,1.078148,50
2024-06-13 23:00:00,1.078148,1.078862,1.074902,1.075616,50
2024-06-14 00:00:00,1.075616,1.077250,1.075133,1.076767,50
2024-06-14 01:00:00,1.076767,1.077125,1.076063,1.076421,50
2024-06-14 02:00:00,1.076421,1.076538,1.075556,1.075673,50
2024-06-14 03:00:00,1.075673,1.075736,1.074687,1.074750,50
2024-06-14 04:00:00,1.074750,1.075098,1.074261,1.074610,50
2024-06-14 05:00:00,1.074610,1.074821,1.073037,1.073249,50
2024-06-14 06:00:00,1.073249,1.073721,1.072041,1.072513,50
2024-06-14 07:00:00,1.072513,1.072977,1.071850,1.072314,50
2024-06-14 08:00:00,1.072314,1.072351,1.071843,1.071880,50
2024-06-14 09:00:00,1.071880,1.072932,1.071781,1.072833,50
2024-06-14 10:00:00,1.072833,1.073914,1.072354,1.073434,50
2024-06-14 11:00:00,1.073434,1.073555,1.071684,1.071804,50
2024-06-14 12:00:00,1.071804,1.072907,1.071348,1.072451,50
2024-06-14 13:00:00,1.072451,1.073570,1.072069,1.073188,50
2024-06-14 14:00:00,1.073188,1.073551,1.072484,1.072847,50
2024-06-14 15:00:00,1.072847,1.072933,1.072751,1.072837,50
2024-06-14 16:00:00,1.072837,1.072971,1.071318,1.071452,50
2024-06-14 17:00:00,1.071452,1.072917,1.071163,1.072628,50
2024-06-14 18:00:00,1.072628,1.072710,1.071557,1.071640,50
2024-06-14 19:00:00,1.071640,1.072115,1.070685,1.071160,50
2024-06-14 20:00:00,1.071160,1.071223,1.070651,1.070714,50
2024-06-14 21:00:00,1.070714,1.071170,1.070198,1.070654,50
2024-06-14 22:00:00,1.070654,1.070793,1.069418,1.069557,50
2024-06-14 23:00:00,1.069557,1.070314,1.069105,1.069862,50
2024-06-17 00:00:00,1.069862,1.069903,1.069722,1.069763,50
2024-06-17 01:00:00,1.069763,1.069821,1.069322,1.069380,50
2024-06-17 02:00:00,1.069380,1.069595,1.069356,1.069570,50
2024-06-17 03:00:00,1.069570,1.069901,1.069441,1.069772,50
2024-06-17 04:00:00,1.069772,1.069889,1.069626,1.069743,50
2024-06-17 05:00:00,1.069743,1.069753,1.069595,1.069605,50
2024-06-17 06:00:00,1.069605,1.070200,1.069602,1.070197,50
2024-06-17 07:00:00,1.070197,1.070315,1.070138,1.070255,50
2024-06-17 08:00:00,1.070255,1.070783,1.070085,1.070612,50
2024-06-17 09:00:00,1.070612,1.070788,1.070231,1.070406,50
2024-06-17 10:00:00,1.070406,1.070715,1.070340,1.070649,50
2024-06-17 11:00:00,1.070649,1.070938,1.070474,1.070763,50
2024-06-17 12:00:00,1.070763,1.072038,1.070645,1.071920,50
2024-06-17 13:00:00,1.071920,1.072334,1.071765,1.072180,50
2024-06-17 14:00:00,1.072180,1.072462,1.072022,1.072304,50
2024-06-17 15:00:00,1.072304,1.072318,1.072299,1.072312,50
2024-06-17 16:00:00,1.072312,1.072408,1.072052,1.072148,50
2024-06-17 17:00:00,1.072148,1.072944,1.071957,1.072753,50
2024-06-17 18:00:00,1.072753,1.072878,1.072316,1.072441,50
2024-06-17 19:00:00,1.072441,1.072468,1.072419,1.072446,50
2024-06-17 20:00:00,1.072446,1.072533,1.072101,1.072187,50
2024-06-17 21:00:00,1.072187,1.072312,1.071401,1.071525,50
2024-06-17 22:00:00,1.071525,1.071715,1.071199,1.071389,50
2024-06-17 23:00:00,1.071389,1.072366,1.071293,1.072271,50
2024-06-18 00:00:00,1.072271,1.072459,1.071936,1.072124,50
2024-06-18 01:00:00,1.072124,1.072388,1.071970,1.072234,50
2024-06-18 02:00:00,1.072234,1.072416,1.072028,1.072210,50
2024-06-18 03:00:00,1.072210,1.072479,1.072110,1.072379,50
2024-06-18 04:00:00,1.072379,1.072510,1.071960,1.072091,50
2024-06-18 05:00:00,1.072091,1.072229,1.071473,1.071612,50
2024-06-18 06:00:00,1.071612,1.072120,1.071438,1.071945,50
2024-06-18 07:00:00,1.071945,1.072197,1.071758,1.072009,50
2024-06-18 08:00:00,1.072009,1.072181,1.071911,1.072083,50
2024-06-18 09:00:00,1.072083,1.072195,1.071970,1.072082,50
2024-06-18 10:00:00,1.072082,1.072172,1.072024,1.072114,50
2024-06-18 11:00:00,1.072114,1.072216,1.071814,1.071916,50
2024-06-18 12:00:00,1.071916,1.072072,1.071562,1.071718,50
2024-06-18 13:00:00,1.071718,1.072215,1.071575,1.072072,50
2024-06-18 14:00:00,1.072072,1.072764,1.071991,1.072683,50
2024-06-18 15:00:00,1.072683,1.073289,1.072678,1.073285,50
2024-06-18 16:00:00,1.073285,1.073417,1.073123,1.073255,50
2024-06-18 17:00:00,1.073255,1.073506,1.073217,1.073468,50
2024-06-18 18:00:00,1.073468,1.073855,1.073316,1.073702,50
2024-06-18 19:00:00,1.073702,1.073923,1.073666,1.073887,50
2024-06-18 20:00:00,1.073887,1.074242,1.073759,1.074114,50
2024-06-18 21:00:00,1.074114,1.074764,1.073985,1.074635,50
2024-06-18 22:00:00,1.074635,1.074742,1.074528,1.074636,50
2024-06-18 23:00:00,1.074636,1.074728,1.073790,1.073883,50
2024-06-20 00:00:00,1.073883,1.074015,1.072956,1.073088,50
2024-06-20 01:00:00,1.073088,1.073319,1.071936,1.072167,50
2024-06-20 02:00:00,1.072167,1.072939,1.072025,1.072797,50
2024-06-20 03:00:00,1.072797,1.072842,1.072044,1.072090,50
2024-06-20 04:00:00,1.072090,1.072170,1.071295,1.071376,50
2024-06-20 05:00:00,1.071376,1.071534,1.071270,1.071428,50
2024-06-20 06:00:00,1.071428,1.072082,1.071301,1.071956,50
2024-06-20 07:00:00,1.071956,1.072007,1.071198,1.071249,50
2024-06-20 08:00:00,1.071249,1.071370,1.070487,1.070608,50
2024-06-20 09:00:00,1.070608,1.070795,1.069971,1.070158,50
2024-06-20 10:00:00,1.070158,1.071688,1.069986,1.071517,50
2024-06-20 11:00:00,1.071517,1.073029,1.071364,1.072876,50
2024-06-20 12:00:00,1.072876,1.074288,1.072859,1.074271,50
2024-06-20 13:00:00,1.074271,1.074585,1.074191,1.074504,50
2024-06-20 14:00:00,1.074504,1.074549,1.073449,1.073494,50
2024-06-20 15:00:00,1.073494,1.073544,1.072407,1.072457,50
2024-06-20 16:00:00,1.072457,1.072502,1.071546,1.071591,50
2024-06-20 17:00:00,1.071591,1.071848,1.071188,1.071445,50
2024-06-20 18:00:00,1.071445,1.071520,1.070916,1.070991,50
2024-06-20 19:00:00,1.070991,1.072277,1.070769,1.072054,50
2024-06-20 20:00:00,1.072054,1.073072,1.071900,1.072917,50
2024-06-20 21:00:00,1.072917,1.073161,1.072743,1.072988,50
2024-06-20 22:00:00,1.072988,1.073498,1.072867,1.073377,50
2024-06-20 23:00:00,1.073377,1.073559,1.070596,1.070778,50
2024-06-21 00:00:00,1.070778,1.070930,1.069880,1.070031,50
2024-06-21 01:00:00,1.070031,1.070149,1.069956,1.070074,50
2024-06-21 02:00:00,1.070074,1.070879,1.070061,1.070866,50
2024-06-21 03:00:00,1.070866,1.071002,1.070589,1.070724,50
2024-06-21 04:00:00,1.070724,1.070821,1.070261,1.070358,50
2024-06-21 05:00:00,1.070358,1.070463,1.069910,1.070014,50
2024-06-21 06:00:00,1.070014,1.071316,1.069999,1.071301,50
2024-06-21 07:00:00,1.071301,1.071690,1.071209,1.071598,50
2024-06-21 08:00:00,1.071598,1.071864,1.071430,1.071696,50
2024-06-21 09:00:00,1.071696,1.071862,1.071204,1.071371,50
2024-06-21 10:00:00,1.071371,1.071465,1.070557,1.070651,50
2024-06-21 11:00:00,1.070651,1.070791,1.070619,1.070758,50
2024-06-21 12:00:00,1.070758,1.070881,1.069987,1.070109,50
2024-06-21 13:00:00,1.070109,1.070285,1.069317,1.069493,50
2024-06-21 14:00:00,1.069493,1.069712,1.069326,1.069545,50
2024-06-21 15:00:00,1.069545,1.069676,1.068356,1.068487,50
2024-06-21 16:00:00,1.068487,1.068891,1.068313,1.068717,50
2024-06-21 17:00:00,1.068717,1.069358,1.068656,1.069298,50
2024-06-21 18:00:00,1.069298,1.069338,1.068923,1.068964,50
2024-06-21 19:00:00,1.068964,1.069463,1.068798,1.069297,50
2024-06-21 20:00:00,1.069297,1.070342,1.069177,1.070222,50
2024-06-21 21:00:00,1.070222,1.070385,1.070204,1.070367,50
2024-06-21 22:00:00,1.070367,1.070389,1.069992,1.070014,50
2024-06-21 23:00:00,1.070014,1.070124,1.069294,1.069404,50
2024-06-24 00:00:00,1.069404,1.069571,1.069383,1.069550,50
2024-06-24 01:00:00,1.069550,1.069679,1.068735,1.068864,50
2024-06-24 02:00:00,1.068864,1.069032,1.068571,1.068739,50
2024-06-24 03:00:00,1.068739,1.070134,1.068719,1.070113,50
2024-06-24 04:00:00,1.070113,1.070629,1.069968,1.070484,50
2024-06-24 05:00:00,1.070484,1.072026,1.070317,1.071859,50
2024-06-24 06:00:00,1.071859,1.072588,1.071616,1.072346,50
2024-06-24 07:00:00,1.072346,1.072411,1.072054,1.072120,50
2024-06-24 08:00:00,1.072120,1.072241,1.071853,1.071974,50
2024-06-24 09:00:00,1.071974,1.072177,1.070950,1.071153,50
2024-06-24 10:00:00,1.071153,1.071529,1.071104,1.071480,50
2024-06-24 11:00:00,1.071480,1.072390,1.071461,1.072371,50
2024-06-24 12:00:00,1.072371,1.072464,1.071284,1.071378,50
2024-06-24 13:00:00,1.071378,1.072142,1.071182,1.071947,50
2024-06-24 14:00:00,1.071947,1.072086,1.071605,1.071744,50
2024-06-24 15:00:00,1.071744,1.072184,1.071494,1.071933,50
2024-06-24 16:00:00,1.071933,1.072931,1.071730,1.072727,50
2024-06-24 17:00:00,1.072727,1.073263,1.072566,1.073102,50
2024-06-24 18:00:00,1.073102,1.073379,1.072565,1.072842,50
2024-06-24 19:00:00,1.072842,1.073135,1.072670,1.072963,50
2024-06-24 20:00:00,1.072963,1.073108,1.072714,1.072858,50
2024-06-24 21:00:00,1.072858,1.073452,1.072802,1.073397,50
2024-06-24 22:00:00,1.073397,1.073643,1.072953,1.073200,50
2024-06-24 23:00:00,1.073200,1.073448,1.072483,1.072731,50
2024-06-25 00:00:00,1.072731,1.072829,1.072019,1.072117,50
2024-06-25 01:00:00,1.072117,1.072191,1.071582,1.071657,50
2024-06-25 02:00:00,1.071657,1.071790,1.071475,1.071609,50
2024-06-25 03:00:00,1.071609,1.071690,1.071292,1.071374,50
2024-06-25 04:00:00,1.071374,1.071531,1.070960,1.071117,50
2024-06-25 05:00:00,1.071117,1.071239,1.070345,1.070467,50
2024-06-25 06:00:00,1.070467,1.070640,1.070357,1.070531,50
2024-06-25 07:00:00,1.070531,1.071092,1.070360,1.070922,50
2024-06-25 08:00:00,1.070922,1.071690,1.070803,1.071571,50
2024-06-25 09:00:00,1.071571,1.071615,1.070612,1.070655,50
2024-06-25 10:00:00,1.070655,1.070778,1.070294,1.070416,50
2024-06-25 11:00:00,1.070416,1.070477,1.069974,1.070034,50
2024-06-25 12:00:00,1.070034,1.070332,1.069977,1.070274,50
2024-06-25 13:00:00,1.070274,1.070920,1.070272,1.070917,50
2024-06-25 14:00:00,1.070917,1.071060,1.070398,1.070541,50
2024-06-25 15:00:00,1.070541,1.070568,1.070125,1.070152,50
2024-06-25 16:00:00,1.070152,1.070909,1.069984,1.070741,50
2024-06-25 17:00:00,1.070741,1.070753,1.070288,1.070300,50
2024-06-25 18:00:00,1.070300,1.071115,1.070126,1.070941,50
2024-06-25 19:00:00,1.070941,1.071090,1.070627,1.070776,50
2024-06-25 20:00:00,1.070776,1.071449,1.070662,1.071335,50
2024-06-25 21:00:00,1.071335,1.071428,1.070303,1.070397,50
2024-06-25 22:00:00,1.070397,1.070468,1.070227,1.070299,50
2024-06-25 23:00:00,1.070299,1.070652,1.070196,1.070549,50
2024-06-26 00:00:00,1.070549,1.070587,1.068797,1.068834,50
2024-06-26 01:00:00,1.068834,1.069182,1.068758,1.069106,50
2024-06-26 02:00:00,1.069106,1.070578,1.069024,1.070497,50
2024-06-26 03:00:00,1.070497,1.071129,1.070398,1.071029,50
2024-06-26 04:00:00,1.071029,1.071194,1.070750,1.070914,50
2024-06-26 05:00:00,1.070914,1.070955,1.069726,1.069766,50
2024-06-26 06:00:00,1.069766,1.069875,1.068465,1.068573,50
2024-06-26 07:00:00,1.068573,1.068731,1.067510,1.067668,50
2024-06-26 08:00:00,1.067668,1.067880,1.067655,1.067867,50
2024-06-26 09:00:00,1.067867,1.069250,1.067823,1.069206,50
2024-06-26 10:00:00,1.069206,1.069376,1.068046,1.068216,50
2024-06-26 11:00:00,1.068216,1.068892,1.068079,1.068754,50
2024-06-26 12:00:00,1.068754,1.069384,1.068692,1.069322,50
2024-06-26 13:00:00,1.069322,1.069588,1.069245,1.069510,50
2024-06-26 14:00:00,1.069510,1.069669,1.067911,1.068070,50
2024-06-26 15:00:00,1.068070,1.068196,1.067794,1.067920,50
2024-06-26 16:00:00,1.067920,1.069318,1.067845,1.069243,50
2024-06-26 17:00:00,1.069243,1.070368,1.069091,1.070216,50
2024-06-26 18:00:00,1.070216,1.070535,1.070202,1.070522,50
2024-06-26 19:00:00,1.070522,1.070781,1.070356,1.070615,50
2024-06-26 20:00:00,1.070615,1.070650,1.070039,1.070073,50
2024-06-26 21:00:00,1.070073,1.070115,1.069134,1.069176,50
2024-06-26 22:00:00,1.069176,1.069369,1.069010,1.069204,50
2024-06-26 23:00:00,1.069204,1.069331,1.068020,1.068148,50
2024-06-27 00:00:00,1.068148,1.068736,1.067983,1.068572,50
2024-06-27 01:00:00,1.068572,1.068715,1.067869,1.068012,50
2024-06-27 02:00:00,1.068012,1.068285,1.067900,1.068173,50
2024-06-27 03:00:00,1.068173,1.068246,1.067882,1.067955,50
2024-06-27 04:00:00,1.067955,1.067983,1.067594,1.067622,50
2024-06-27 05:00:00,1.067622,1.067928,1.067403,1.067709,50
2024-06-27 06:00:00,1.067709,1.068006,1.067689,1.067985,50
2024-06-27 07:00:00,1.067985,1.068491,1.067919,1.068424,50
2024-06-27 08:00:00,1.068424,1.068631,1.067933,1.068140,50
2024-06-27 09:00:00,1.068140,1.068940,1.068122,1.068922,50
2024-06-27 10:00:00,1.068922,1.069533,1.068844,1.069455,50
2024-06-27 11:00:00,1.069455,1.070149,1.069236,1.069929,50
2024-06-27 12:00:00,1.069929,1.070088,1.069775,1.069934,50
2024-06-27 13:00:00,1.069934,1.070752,1.069882,1.070700,50
2024-06-27 14:00:00,1.070700,1.070917,1.070657,1.070874,50
2024-06-27 15:00:00,1.070874,1.071060,1.070268,1.070454,50
2024-06-27 16:00:00,1.070454,1.070722,1.070292,1.070559,50
2024-06-27 17:00:00,1.070559,1.070599,1.070377,1.070416,50
2024-06-27 18:00:00,1.070416,1.070597,1.070158,1.070339,50
2024-06-27 19:00:00,1.070339,1.071314,1.070227,1.071202,50
2024-06-27 20:00:00,1.071202,1.071510,1.070997,1.071305,50
2024-06-27 21:00:00,1.071305,1.071516,1.070728,1.070939,50
2024-06-27 22:00:00,1.070939,1.071082,1.069894,1.070037,50
2024-06-27 23:00:00,1.070037,1.070943,1.069873,1.070778,50
2024-06-28 00:00:00,1.070778,1.070864,1.070112,1.070198,50
2024-06-28 01:00:00,1.070198,1.070214,1.069772,1.069788,50
2024-06-28 02:00:00,1.069788,1.069973,1.069577,1.069762,50
2024-06-28 03:00:00,1.069762,1.069858,1.069742,1.069838,50
2024-06-28 04:00:00,1.069838,1.069978,1.069802,1.069942,50
2024-06-28 05:00:00,1.069942,1.070061,1.069448,1.069567,50
2024-06-28 06:00:00,1.069567,1.069702,1.069209,1.069344,50
2024-06-28 07:00:00,1.069344,1.069743,1.069156,1.069555,50
2024-06-28 08:00:00,1.069555,1.069880,1.069402,1.069727,50
2024-06-28 09:00:00,1.069727,1.070548,1.069639,1.070460,50
2024-06-28 10:00:00,1.070460,1.070816,1.070322,1.070679,50
2024-06-28 11:00:00,1.070679,1.070718,1.070585,1.070624,50
2024-06-28 12:00:00,1.070624,1.070872,1.070611,1.070860,50
2024-06-28 13:00:00,1.070860,1.071037,1.070685,1.070861,50
2024-06-28 14:00:00,1.070861,1.070932,1.070803,1.070873,50
2024-06-28 15:00:00,1.070873,1.071150,1.070823,1.071100,50
2024-06-28 16:00:00,1.071100,1.071536,1.070914,1.071350,50
2024-06-28 17:00:00,1.071350,1.071811,1.071287,1.071748,50
2024-06-28 18:00:00,1.071748,1.072258,1.071595,1.072105,50
2024-06-28 19:00:00,1.072105,1.072278,1.072033,1.072206,50
2024-06-28 20:00:00,1.072206,1.072585,1.072178,1.072557,50
2024-06-28 21:00:00,1.072557,1.072626,1.072453,1.072522,50
2024-06-28 22:00:00,1.072522,1.072686,1.072244,1.072407,50
2024-06-28 23:00:00,1.072407,1.072415,1.071115,1.071123,50
2024-07-01 00:00:00,1.071123,1.072244,1.070950,1.072071,50
2024-07-01 01:00:00,1.072071,1.072228,1.071783,1.071940,50
2024-07-01 02:00:00,1.071940,1.072864,1.071815,1.072739,50
2024-07-01 03:00:00,1.072739,1.072855,1.072379,1.072495,50
2024-07-01 04:00:00,1.072495,1.072620,1.072372,1.072497,50
2024-07-01 05:00:00,1.072497,1.072685,1.071997,1.072185,50
2024-07-01 06:00:00,1.072185,1.072368,1.071630,1.071813,50
2024-07-01 07:00:00,1.071813,1.071831,1.071541,1.071559,50
2024-07-01 08:00:00,1.071559,1.071619,1.070673,1.070733,50
2024-07-01 09:00:00,1.070733,1.070869,1.070239,1.070375,50
2024-07-01 10:00:00,1.070375,1.071429,1.070271,1.071324,50
2024-07-01 11:00:00,1.071324,1.072220,1.071192,1.072087,50
2024-07-01 12:00:00,1.072087,1.072107,1.071790,1.071810,50
2024-07-01 13:00:00,1.071810,1.071828,1.071358,1.071376,50
2024-07-01 14:00:00,1.071376,1.071693,1.071259,1.071576,50
2024-07-01 15:00:00,1.071576,1.071831,1.071559,1.071814,50
2024-07-01 16:00:00,1.071814,1.072718,1.071741,1.072645,50
2024-07-01 17:00:00,1.072645,1.073031,1.072514,1.072900,50
2024-07-01 18:00:00,1.072900,1.073002,1.072477,1.072579,50
2024-07-01 19:00:00,1.072579,1.072823,1.072409,1.072654,50
2024-07-01 20:00:00,1.072654,1.073343,1.072517,1.073207,50
2024-07-01 21:00:00,1.073207,1.073623,1.073177,1.073594,50
2024-07-01 22:00:00,1.073594,1.073685,1.073462,1.073553,50
2024-07-01 23:00:00,1.073553,1.073672,1.072727,1.072846,50
2024-07-02 00:00:00,1.072846,1.073958,1.072742,1.073854,50
2024-07-02 01:00:00,1.073854,1.074321,1.073734,1.074202,50
2024-07-02 02:00:00,1.074202,1.074373,1.073784,1.073955,50
2024-07-02 03:00:00,1.073955,1.074043,1.073836,1.073924,50
2024-07-02 04:00:00,1.073924,1.074826,1.073772,1.074675,50
2024-07-02 05:00:00,1.074675,1.074777,1.074511,1.074613,50
2024-07-02 06:00:00,1.074613,1.074739,1.073735,1.073861,50
2024-07-02 07:00:00,1.073861,1.074893,1.073828,1.074860,50
2024-07-02 08:00:00,1.074860,1.074874,1.073476,1.073490,50
2024-07-02 09:00:00,1.073490,1.074347,1.073314,1.074172,50
2024-07-02 10:00:00,1.074172,1.074619,1.074031,1.074479,50
2024-07-02 11:00:00,1.074479,1.074576,1.072898,1.072996,50
2024-07-02 12:00:00,1.072996,1.073478,1.072806,1.073288,50
2024-07-02 13:00:00,1.073288,1.073382,1.072285,1.072378,50
2024-07-02 14:00:00,1.072378,1.072421,1.072101,1.072144,50
2024-07-02 15:00:00,1.072144,1.074388,1.072002,1.074247,50
2024-07-02 16:00:00,1.074247,1.074432,1.073457,1.073642,50
2024-07-02 17:00:00,1.073642,1.073647,1.072699,1.072704,50
2024-07-02 18:00:00,1.072704,1.073855,1.072643,1.073794,50
2024-07-02 19:00:00,1.073794,1.073953,1.072271,1.072429,50
2024-07-02 20:00:00,1.072429,1.072473,1.072241,1.072284,50
2024-07-02 21:00:00,1.072284,1.072442,1.071482,1.071639,50
2024-07-02 22:00:00,1.071639,1.072995,1.071516,1.072872,50
2024-07-02 23:00:00,1.072872,1.073829,1.072696,1.073653,50
2024-07-03 00:00:00,1.073653,1.073943,1.072110,1.072400,50
2024-07-03 01:00:00,1.072400,1.073324,1.072105,1.073029,50
2024-07-03 02:00:00,1.073029,1.073500,1.073013,1.073484,50
2024-07-03 03:00:00,1.073484,1.074515,1.073121,1.074152,50
2024-07-03 04:00:00,1.074152,1.074320,1.073068,1.073235,50
2024-07-03 05:00:00,1.073235,1.075340,1.073082,1.075187,50
2024-07-03 06:00:00,1.075187,1.076248,1.074710,1.075770,50
2024-07-03 07:00:00,1.075770,1.076082,1.074976,1.075288,50
2024-07-03 08:00:00,1.075288,1.076400,1.075074,1.076186,50
2024-07-03 09:00:00,1.076186,1.079058,1.075712,1.078583,50
2024-07-03 10:00:00,1.078583,1.079629,1.078571,1.079616,50
2024-07-03 11:00:00,1.079616,1.079925,1.078704,1.079013,50
2024-07-03 12:00:00,1.079013,1.080065,1.078667,1.079719,50
2024-07-03 13:00:00,1.079719,1.079964,1.079080,1.079325,50
2024-07-03 14:00:00,1.079325,1.079695,1.078725,1.079095,50
2024-07-03 15:00:00,1.079095,1.079239,1.076811,1.076955,50
2024-07-03 16:00:00,1.076955,1.077255,1.076676,1.076976,50
2024-07-03 17:00:00,1.076976,1.078548,1.076649,1.078222,50
2024-07-03 18:00:00,1.078222,1.078462,1.078177,1.078417,50
2024-07-03 19:00:00,1.078417,1.079371,1.078148,1.079103,50
2024-07-03 20:00:00,1.079103,1.081440,1.078828,1.081166,50
2024-07-03 21:00:00,1.081166,1.081277,1.079894,1.080005,50
2024-07-03 22:00:00,1.080005,1.080385,1.078811,1.079191,50
2024-07-03 23:00:00,1.079191,1.079926,1.079178,1.079914,50
2024-07-05 00:00:00,1.079914,1.080328,1.079730,1.080145,50
2024-07-05 01:00:00,1.080145,1.080382,1.079739,1.079977,50
2024-07-05 02:00:00,1.079977,1.080940,1.079765,1.080728,50
2024-07-05 03:00:00,1.080728,1.080854,1.080218,1.080343,50
2024-07-05 04:00:00,1.080343,1.080942,1.080253,1.080851,50
2024-07-05 05:00:00,1.080851,1.081090,1.080619,1.080857,50
2024-07-05 06:00:00,1.080857,1.081375,1.080663,1.081181,50
2024-07-05 07:00:00,1.081181,1.081781,1.081075,1.081675,50
2024-07-05 08:00:00,1.081675,1.082088,1.081449,1.081862,50
2024-07-05 09:00:00,1.081862,1.082564,1.081732,1.082434,50
2024-07-05 10:00:00,1.082434,1.082674,1.081637,1.081877,50
2024-07-05 11:00:00,1.081877,1.082617,1.081855,1.082595,50
2024-07-05 12:00:00,1.082595,1.082724,1.081827,1.081956,50
2024-07-05 13:00:00,1.081956,1.082589,1.081812,1.082445,50
2024-07-05 14:00:00,1.082445,1.082599,1.081797,1.081951,50
2024-07-05 15:00:00,1.081951,1.081962,1.081362,1.081373,50
2024-07-05 16:00:00,1.081373,1.082009,1.081202,1.081838,50
2024-07-05 17:00:00,1.081838,1.081996,1.081635,1.081793,50
2024-07-05 18:00:00,1.081793,1.082257,1.081677,1.082141,50
2024-07-05 19:00:00,1.082141,1.082856,1.082037,1.082752,50
2024-07-05 20:00:00,1.082752,1.083158,1.082607,1.083013,50
2024-07-05 21:00:00,1.083013,1.083157,1.082398,1.082542,50
2024-07-05 22:00:00,1.082542,1.082828,1.082528,1.082814,50
2024-07-05 23:00:00,1.082814,1.082972,1.082679,1.082837,50
2024-07-08 00:00:00,1.082837,1.083013,1.081866,1.082042,50
2024-07-08 01:00:00,1.082042,1.082086,1.081519,1.081564,50
2024-07-08 02:00:00,1.081564,1.082795,1.081409,1.082640,50
2024-07-08 03:00:00,1.082640,1.083224,1.082515,1.083099,50
2024-07-08 04:00:00,1.083099,1.083121,1.082310,1.082333,50
2024-07-08 05:00:00,1.082333,1.083058,1.082269,1.082995,50
2024-07-08 06:00:00,1.082995,1.083646,1.082822,1.083473,50
2024-07-08 07:00:00,1.083473,1.084723,1.083282,1.084531,50
2024-07-08 08:00:00,1.084531,1.084598,1.083825,1.083892,50
2024-07-08 09:00:00,1.083892,1.084070,1.082991,1.083169,50
2024-07-08 10:00:00,1.083169,1.083270,1.081640,1.081741,50
2024-07-08 11:00:00,1.081741,1.081818,1.081556,1.081632,50
2024-07-08 12:00:00,1.081632,1.081889,1.081503,1.081759,50
2024-07-08 13:00:00,1.081759,1.082393,1.081700,1.082333,50
2024-07-08 14:00:00,1.082333,1.082485,1.081945,1.082097,50
2024-07-08 15:00:00,1.082097,1.083250,1.081943,1.083096,50
2024-07-08 16:00:00,1.083096,1.083367,1.082956,1.083227,50
2024-07-08 17:00:00,1.083227,1.084289,1.083113,1.084174,50
2024-07-08 18:00:00,1.084174,1.084898,1.084091,1.084814,50
2024-07-08 19:00:00,1.084814,1.084994,1.083188,1.083368,50
2024-07-08 20:00:00,1.083368,1.083671,1.083359,1.083661,50
2024-07-08 21:00:00,1.083661,1.084183,1.083608,1.084129,50
2024-07-08 22:00:00,1.084129,1.084244,1.083932,1.084047,50
2024-07-08 23:00:00,1.084047,1.084207,1.083380,1.083541,50
2024-07-09 00:00:00,1.083541,1.084013,1.083427,1.083899,50
2024-07-09 01:00:00,1.083899,1.083929,1.083412,1.083442,50
2024-07-09 02:00:00,1.083442,1.083533,1.082801,1.082892,50
2024-07-09 03:00:00,1.082892,1.082967,1.082673,1.082749,50
2024-07-09 04:00:00,1.082749,1.082881,1.081863,1.081995,50
2024-07-09 05:00:00,1.081995,1.082818,1.081801,1.082624,50
2024-07-09 06:00:00,1.082624,1.082752,1.082439,1.082567,50
2024-07-09 07:00:00,1.082567,1.082784,1.082547,1.082764,50
2024-07-09 08:00:00,1.082764,1.082950,1.082546,1.082732,50
2024-07-09 09:00:00,1.082732,1.082844,1.082354,1.082466,50
2024-07-09 10:00:00,1.082466,1.082742,1.082332,1.082608,50
2024-07-09 11:00:00,1.082608,1.083033,1.082510,1.082935,50
2024-07-09 12:00:00,1.082935,1.083076,1.082132,1.082272,50
2024-07-09 13:00:00,1.082272,1.082430,1.082075,1.082232,50
2024-07-09 14:00:00,1.082232,1.082304,1.081378,1.081450,50
2024-07-09 15:00:00,1.081450,1.081506,1.080807,1.080864,50
2024-07-09 16:00:00,1.080864,1.080967,1.080734,1.080837,50
2024-07-09 17:00:00,1.080837,1.080885,1.080757,1.080806,50
2024-07-09 18:00:00,1.080806,1.081552,1.080644,1.081390,50
2024-07-09 19:00:00,1.081390,1.082312,1.081223,1.082145,50
2024-07-09 20:00:00,1.082145,1.082366,1.082098,1.082319,50
2024-07-09 21:00:00,1.082319,1.082475,1.082231,1.082387,50
2024-07-09 22:00:00,1.082387,1.082619,1.082292,1.082524,50
2024-07-09 23:00:00,1.082524,1.082590,1.081249,1.081315,50
2024-07-10 00:00:00,1.081315,1.081371,1.081096,1.081152,50
2024-07-10 01:00:00,1.081152,1.081195,1.080629,1.080672,50
2024-07-10 02:00:00,1.080672,1.081581,1.080500,1.081408,50
2024-07-10 03:00:00,1.081408,1.081552,1.080660,1.080804,50
2024-07-10 04:00:00,1.080804,1.080863,1.080175,1.080234,50
2024-07-10 05:00:00,1.080234,1.080316,1.080077,1.080160,50
2024-07-10 06:00:00,1.080160,1.080488,1.080104,1.080432,50
2024-07-10 07:00:00,1.080432,1.080623,1.080120,1.080311,50
2024-07-10 08:00:00,1.080311,1.081267,1.080219,1.081175,50
2024-07-10 09:00:00,1.081175,1.081605,1.081043,1.081473,50
2024-07-10 10:00:00,1.081473,1.081632,1.081112,1.081270,50
2024-07-10 11:00:00,1.081270,1.081364,1.081136,1.081229,50
2024-07-10 12:00:00,1.081229,1.081401,1.081142,1.081314,50
2024-07-10 13:00:00,1.081314,1.081674,1.081171,1.081532,50
2024-07-10 14:00:00,1.081532,1.082212,1.081442,1.082123,50
2024-07-10 15:00:00,1.082123,1.082214,1.082073,1.082164,50
2024-07-10 16:00:00,1.082164,1.082595,1.082109,1.082540,50
2024-07-10 17:00:00,1.082540,1.083511,1.082435,1.083406,50
2024-07-10 18:00:00,1.083406,1.083537,1.082651,1.082782,50
2024-07-10 19:00:00,1.082782,1.082917,1.082460,1.082595,50
2024-07-10 20:00:00,1.082595,1.082739,1.082452,1.082596,50
2024-07-10 21:00:00,1.082596,1.082752,1.082298,1.082455,50
2024-07-10 22:00:00,1.082455,1.082690,1.082337,1.082573,50
2024-07-10 23:00:00,1.082573,1.082650,1.082174,1.082251,50
2024-07-11 00:00:00,1.082251,1.085479,1.082212,1.085440,50
2024-07-11 01:00:00,1.085440,1.085745,1.084794,1.085099,50
2024-07-11 02:00:00,1.085099,1.085324,1.081442,1.081666,50
2024-07-11 03:00:00,1.081666,1.081793,1.081184,1.081310,50
2024-07-11 04:00:00,1.081310,1.083768,1.081087,1.083545,50
2024-07-11 05:00:00,1.083545,1.084504,1.083344,1.084303,50
2024-07-11 06:00:00,1.084303,1.085888,1.084286,1.085870,50
2024-07-11 07:00:00,1.085870,1.086251,1.084296,1.084678,50
2024-07-11 08:00:00,1.084678,1.084814,1.082515,1.082652,50
2024-07-11 09:00:00,1.082652,1.082816,1.081892,1.082056,50
2024-07-11 10:00:00,1.082056,1.084261,1.081787,1.083991,50
2024-07-11 11:00:00,1.083991,1.085263,1.083765,1.085038,50
2024-07-11 12:00:00,1.085038,1.085642,1.084666,1.085271,50
2024-07-11 13:00:00,1.085271,1.087479,1.084967,1.087175,50
2024-07-11 14:00:00,1.087175,1.087357,1.085951,1.086133,50
2024-07-11 15:00:00,1.086133,1.086454,1.084442,1.084763,50
2024-07-11 16:00:00,1.084763,1.085071,1.082419,1.082726,50
2024-07-11 17:00:00,1.082726,1.082976,1.081876,1.082126,50
2024-07-11 18:00:00,1.082126,1.085866,1.081992,1.085732,50
2024-07-11 19:00:00,1.085732,1.085860,1.083886,1.084014,50
2024-07-11 20:00:00,1.084014,1.084015,1.083294,1.083295,50
2024-07-11 21:00:00,1.083295,1.083425,1.081440,1.081570,50
2024-07-11 22:00:00,1.081570,1.086418,1.081207,1.086054,50
2024-07-11 23:00:00,1.086054,1.087203,1.085808,1.086957,50
2024-07-12 00:00:00,1.086957,1.087225,1.086049,1.086317,50
2024-07-12 01:00:00,1.086317,1.087560,1.086080,1.087323,50
2024-07-12 02:00:00,1.087323,1.087554,1.087301,1.087532,50
2024-07-12 03:00:00,1.087532,1.089200,1.087459,1.089127,50
2024-07-12 04:00:00,1.089127,1.089310,1.089009,1.089192,50
2024-07-12 05:00:00,1.089192,1.090643,1.088987,1.090438,50
2024-07-12 06:00:00,1.090438,1.090485,1.089701,1.089747,50
2024-07-12 07:00:00,1.089747,1.090769,1.089599,1.090621,50
2024-07-12 08:00:00,1.090621,1.090954,1.090462,1.090796,50
2024-07-12 09:00:00,1.090796,1.090820,1.089563,1.089588,50
2024-07-12 10:00:00,1.089588,1.089711,1.089243,1.089366,50
2024-07-12 11:00:00,1.089366,1.089527,1.089282,1.089443,50
2024-07-12 12:00:00,1.089443,1.089688,1.089093,1.089339,50
2024-07-12 13:00:00,1.089339,1.089403,1.089258,1.089323,50
2024-07-12 14:00:00,1.089323,1.090680,1.089085,1.090441,50
2024-07-12 15:00:00,1.090441,1.090509,1.088335,1.088403,50
2024-07-12 16:00:00,1.088403,1.088505,1.087280,1.087383,50
2024-07-12 17:00:00,1.087383,1.087730,1.087143,1.087490,50
2024-07-12 18:00:00,1.087490,1.088169,1.087295,1.087973,50
2024-07-12 19:00:00,1.087973,1.089335,1.087790,1.089151,50
2024-07-12 20:00:00,1.089151,1.090851,1.088971,1.090672,50
2024-07-12 21:00:00,1.090672,1.090846,1.090208,1.090382,50
2024-07-12 22:00:00,1.090382,1.090530,1.089423,1.089571,50
2024-07-12 23:00:00,1.089571,1.090184,1.089543,1.090156,50
2024-07-15 00:00:00,1.090156,1.090338,1.089424,1.089605,50
2024-07-15 01:00:00,1.089605,1.089732,1.089519,1.089646,50
2024-07-15 02:00:00,1.089646,1.089754,1.089466,1.089574,50
2024-07-15 03:00:00,1.089574,1.089719,1.089415,1.089561,50
2024-07-15 04:00:00,1.089561,1.089707,1.088908,1.089054,50
2024-07-15 05:00:00,1.089054,1.089130,1.089002,1.089078,50
2024-07-15 06:00:00,1.089078,1.089247,1.088944,1.089114,50
2024-07-15 07:00:00,1.089114,1.089794,1.088962,1.089642,50
2024-07-15 08:00:00,1.089642,1.090186,1.089580,1.090124,50
2024-07-15 09:00:00,1.090124,1.090221,1.089545,1.089642,50
2024-07-15 10:00:00,1.089642,1.089866,1.089613,1.089837,50
2024-07-15 11:00:00,1.089837,1.090002,1.089225,1.089390,50
2024-07-15 12:00:00,1.089390,1.089480,1.089000,1.089090,50
2024-07-15 13:00:00,1.089090,1.089751,1.089048,1.089709,50
2024-07-15 14:00:00,1.089709,1.090977,1.089658,1.090926,50
2024-07-15 15:00:00,1.090926,1.091438,1.090895,1.091407,50
2024-07-15 16:00:00,1.091407,1.091573,1.091171,1.091337,50
2024-07-15 17:00:00,1.091337,1.091619,1.091335,1.091616,50
2024-07-15 18:00:00,1.091616,1.091630,1.091534,1.091548,50
2024-07-15 19:00:00,1.091548,1.091606,1.091486,1.091544,50
2024-07-15 20:00:00,1.091544,1.092073,1.091421,1.091950,50
2024-07-15 21:00:00,1.091950,1.092361,1.091917,1.092328,50
2024-07-15 22:00:00,1.092328,1.092521,1.091626,1.091819,50
2024-07-15 23:00:00,1.091819,1.091933,1.091112,1.091227,50
2024-07-16 00:00:00,1.091227,1.091713,1.091142,1.091628,50
2024-07-16 01:00:00,1.091628,1.091810,1.090908,1.091091,50
2024-07-16 02:00:00,1.091091,1.091222,1.090498,1.090629,50
2024-07-16 03:00:00,1.090629,1.091301,1.090481,1.091152,50
2024-07-16 04:00:00,1.091152,1.091353,1.091077,1.091278,50
2024-07-16 05:00:00,1.091278,1.091407,1.090594,1.090723,50
2024-07-16 06:00:00,1.090723,1.090788,1.090622,1.090687,50
2024-07-16 07:00:00,1.090687,1.090793,1.090569,1.090675,50
2024-07-16 08:00:00,1.090675,1.091118,1.090459,1.090902,50
2024-07-16 09:00:00,1.090902,1.091077,1.090520,1.090695,50
2024-07-16 10:00:00,1.090695,1.090712,1.089860,1.089877,50
2024-07-16 11:00:00,1.089877,1.090093,1.089344,1.089561,50
2024-07-16 12:00:00,1.089561,1.089781,1.089038,1.089257,50
2024-07-16 13:00:00,1.089257,1.089432,1.088704,1.088879,50
2024-07-16 14:00:00,1.088879,1.088971,1.088546,1.088638,50
2024-07-16 15:00:00,1.088638,1.089103,1.088475,1.088940,50
2024-07-16 16:00:00,1.088940,1.089330,1.088866,1.089256,50
2024-07-16 17:00:00,1.089256,1.089563,1.089064,1.089370,50
2024-07-16 18:00:00,1.089370,1.089457,1.088504,1.088591,50
2024-07-16 19:00:00,1.088591,1.088662,1.088162,1.088232,50
2024-07-16 20:00:00,1.088232,1.088379,1.088090,1.088237,50
2024-07-16 21:00:00,1.088237,1.088431,1.087800,1.087994,50
2024-07-16 22:00:00,1.087994,1.088386,1.087785,1.088177,50
2024-07-16 23:00:00,1.088177,1.088676,1.087996,1.088495,50
2024-07-17 00:00:00,1.088495,1.090044,1.088369,1.089918,50
2024-07-17 01:00:00,1.089918,1.090106,1.089231,1.089418,50
2024-07-17 02:00:00,1.089418,1.090013,1.089108,1.089702,50
2024-07-17 03:00:00,1.089702,1.089765,1.087668,1.087730,50
2024-07-17 04:00:00,1.087730,1.088006,1.087267,1.087543,50
2024-07-17 05:00:00,1.087543,1.089197,1.087254,1.088908,50
2024-07-17 06:00:00,1.088908,1.090166,1.088657,1.089915,50
2024-07-17 07:00:00,1.089915,1.089963,1.089270,1.089318,50
2024-07-17 08:00:00,1.089318,1.089503,1.088361,1.088546,50
2024-07-17 09:00:00,1.088546,1.088952,1.088398,1.088804,50
2024-07-17 10:00:00,1.088804,1.091127,1.088796,1.091119,50
2024-07-17 11:00:00,1.091119,1.091429,1.090005,1.090315,50
2024-07-17 12:00:00,1.090315,1.092884,1.090009,1.092579,50
2024-07-17 13:00:00,1.092579,1.092814,1.092462,1.092697,50
2024-07-17 14:00:00,1.092697,1.093092,1.090756,1.091151,50
2024-07-17 15:00:00,1.091151,1.091209,1.091148,1.091206,50
2024-07-17 16:00:00,1.091206,1.091962,1.090929,1.091685,50
2024-07-17 17:00:00,1.091685,1.093260,1.091418,1.092993,50
2024-07-17 18:00:00,1.092993,1.093147,1.092582,1.092736,50
2024-07-17 19:00:00,1.092736,1.094538,1.092404,1.094207,50
2024-07-17 20:00:00,1.094207,1.094494,1.093681,1.093969,50
2024-07-17 21:00:00,1.093969,1.094055,1.092324,1.092409,50
2024-07-17 22:00:00,1.092409,1.092435,1.091342,1.091368,50
2024-07-17 23:00:00,1.091368,1.093290,1.091332,1.093255,50
2024-07-18 00:00:00,1.093255,1.093449,1.091495,1.091689,50
2024-07-18 01:00:00,1.091689,1.091794,1.091344,1.091449,50
2024-07-18 02:00:00,1.091449,1.091804,1.091311,1.091666,50
2024-07-18 03:00:00,1.091666,1.091742,1.090940,1.091016,50
2024-07-18 04:00:00,1.091016,1.091099,1.090856,1.090939,50
2024-07-18 05:00:00,1.090939,1.090964,1.090639,1.090663,50
2024-07-18 06:00:00,1.090663,1.091690,1.090637,1.091664,50
2024-07-18 07:00:00,1.091664,1.092180,1.091486,1.092003,50
2024-07-18 08:00:00,1.092003,1.093083,1.091859,1.092939,50
2024-07-18 09:00:00,1.092939,1.093829,1.092800,1.093690,50
2024-07-18 10:00:00,1.093690,1.093690,1.093599,1.093599,50
2024-07-18 11:00:00,1.093599,1.093761,1.092597,1.092759,50
2024-07-18 12:00:00,1.092759,1.092953,1.092029,1.092223,50
2024-07-18 13:00:00,1.092223,1.092260,1.091873,1.091911,50
2024-07-18 14:00:00,1.091911,1.091964,1.091303,1.091355,50
2024-07-18 15:00:00,1.091355,1.091421,1.090893,1.090958,50
2024-07-18 16:00:00,1.090958,1.092267,1.090932,1.092241,50
2024-07-18 17:00:00,1.092241,1.092326,1.091181,1.091265,50
2024-07-18 18:00:00,1.091265,1.091467,1.091213,1.091414,50
2024-07-18 19:00:00,1.091414,1.093025,1.091244,1.092854,50
2024-07-18 20:00:00,1.092854,1.093707,1.092742,1.093595,50
2024-07-18 21:00:00,1.093595,1.093767,1.092895,1.093068,50
2024-07-18 22:00:00,1.093068,1.093972,1.093033,1.093937,50
2024-07-18 23:00:00,1.093937,1.093999,1.091284,1.091346,50
2024-07-19 00:00:00,1.091346,1.091437,1.089909,1.090000,50
2024-07-19 01:00:00,1.090000,1.090161,1.089038,1.089200,50
2024-07-19 02:00:00,1.089200,1.089631,1.089003,1.089435,50
2024-07-19 03:00:00,1.089435,1.090223,1.089285,1.090073,50
2024-07-19 04:00:00,1.090073,1.090996,1.090066,1.090989,50
2024-07-19 05:00:00,1.090989,1.091014,1.090792,1.090817,50
2024-07-19 06:00:00,1.090817,1.092049,1.090613,1.091845,50
2024-07-19 07:00:00,1.091845,1.092022,1.091339,1.091517,50
2024-07-19 08:00:00,1.091517,1.091896,1.091403,1.091783,50
2024-07-19 09:00:00,1.091783,1.091936,1.090769,1.090922,50
2024-07-19 10:00:00,1.090922,1.091299,1.090733,1.091109,50
2024-07-19 11:00:00,1.091109,1.091180,1.090916,1.090987,50
2024-07-19 12:00:00,1.090987,1.091574,1.090932,1.091519,50
2024-07-19 13:00:00,1.091519,1.091619,1.090834,1.090934,50
2024-07-19 14:00:00,1.090934,1.090943,1.090650,1.090659,50
2024-07-19 15:00:00,1.090659,1.090865,1.090127,1.090333,50
2024-07-19 16:00:00,1.090333,1.090403,1.089968,1.090038,50
2024-07-19 17:00:00,1.090038,1.090209,1.089504,1.089675,50
2024-07-19 18:00:00,1.089675,1.089886,1.089546,1.089757,50
2024-07-19 19:00:00,1.089757,1.089938,1.089587,1.089768,50
2024-07-19 20:00:00,1.089768,1.089802,1.089137,1.089171,50
2024-07-19 21:00:00,1.089171,1.089249,1.088274,1.088351,50
2024-07-19 22:00:00,1.088351,1.088462,1.088241,1.088352,50
2024-07-19 23:00:00,1.088352,1.088974,1.088228,1.088850,50
2024-07-22 00:00:00,1.088850,1.088928,1.088476,1.088553,50
2024-07-22 01:00:00,1.088553,1.088593,1.088063,1.088102,50
2024-07-22 02:00:00,1.088102,1.088813,1.087950,1.088660,50
2024-07-22 03:00:00,1.088660,1.088812,1.088329,1.088481,50
2024-07-22 04:00:00,1.088481,1.088945,1.088325,1.088788,50
2024-07-22 05:00:00,1.088788,1.088885,1.088643,1.088740,50
2024-07-22 06:00:00,1.088740,1.088741,1.088694,1.088695,50
2024-07-22 07:00:00,1.088695,1.089523,1.088593,1.089421,50
2024-07-22 08:00:00,1.089421,1.089695,1.089328,1.089602,50
2024-07-22 09:00:00,1.089602,1.090112,1.089558,1.090068,50
2024-07-22 10:00:00,1.090068,1.090208,1.088962,1.089103,50
2024-07-22 11:00:00,1.089103,1.089191,1.088450,1.088538,50
2024-07-22 12:00:00,1.088538,1.088698,1.088282,1.088442,50
2024-07-22 13:00:00,1.088442,1.088486,1.087328,1.087372,50
2024-07-22 14:00:00,1.087372,1.087529,1.086647,1.086804,50
2024-07-22 15:00:00,1.086804,1.087552,1.086776,1.087525,50
2024-07-22 16:00:00,1.087525,1.088849,1.087435,1.088759,50
2024-07-22 17:00:00,1.088759,1.089244,1.088729,1.089213,50
2024-07-22 18:00:00,1.089213,1.089386,1.088301,1.088474,50
2024-07-22 19:00:00,1.088474,1.089046,1.088306,1.088878,50
2024-07-22 20:00:00,1.088878,1.089174,1.088823,1.089118,50
2024-07-22 21:00:00,1.089118,1.089205,1.088860,1.088946,50
2024-07-22 22:00:00,1.088946,1.089041,1.088053,1.088148,50
2024-07-22 23:00:00,1.088148,1.088300,1.087869,1.088021,50
2024-07-23 00:00:00,1.088021,1.088107,1.085911,1.085997,50
2024-07-23 01:00:00,1.085997,1.086218,1.085905,1.086126,50
2024-07-23 02:00:00,1.086126,1.086443,1.086106,1.086423,50
2024-07-23 03:00:00,1.086423,1.086934,1.086304,1.086815,50
2024-07-23 04:00:00,1.086815,1.087125,1.086627,1.086936,50
2024-07-23 05:00:00,1.086936,1.087053,1.086331,1.086447,50
2024-07-23 06:00:00,1.086447,1.086506,1.085091,1.085149,50
2024-07-23 07:00:00,1.085149,1.085251,1.084943,1.085045,50
2024-07-23 08:00:00,1.085045,1.086555,1.084951,1.086462,50
2024-07-23 09:00:00,1.086462,1.087227,1.086410,1.087175,50
2024-07-23 10:00:00,1.087175,1.088613,1.086994,1.088433,50
2024-07-23 11:00:00,1.088433,1.088641,1.088308,1.088517,50
2024-07-23 12:00:00,1.088517,1.088656,1.087972,1.088111,50
2024-07-23 13:00:00,1.088111,1.088119,1.087728,1.087737,50
2024-07-23 14:00:00,1.087737,1.087833,1.087228,1.087325,50
2024-07-23 15:00:00,1.087325,1.087536,1.087315,1.087526,50
2024-07-23 16:00:00,1.087526,1.087667,1.086145,1.086286,50
2024-07-23 17:00:00,1.086286,1.086296,1.085475,1.085484,50
2024-07-23 18:00:00,1.085484,1.085983,1.085324,1.085824,50
2024-07-23 19:00:00,1.085824,1.086126,1.085738,1.086040,50
2024-07-23 20:00:00,1.086040,1.086193,1.085312,1.085465,50
2024-07-23 21:00:00,1.085465,1.085571,1.085247,1.085352,50
2024-07-23 22:00:00,1.085352,1.085510,1.084912,1.085070,50
2024-07-23 23:00:00,1.085070,1.085736,1.084874,1.085541,50
2024-07-24 00:00:00,1.085541,1.087084,1.085386,1.086929,50
2024-07-24 01:00:00,1.086929,1.087118,1.086862,1.087051,50
2024-07-24 02:00:00,1.087051,1.087174,1.085346,1.085469,50
2024-07-24 03:00:00,1.085469,1.085697,1.085395,1.085624,50
2024-07-24 04:00:00,1.085624,1.085684,1.085512,1.085572,50
2024-07-24 05:00:00,1.085572,1.085677,1.084334,1.084440,50
2024-07-24 06:00:00,1.084440,1.084573,1.083662,1.083795,50
2024-07-24 07:00:00,1.083795,1.084214,1.083622,1.084041,50
2024-07-24 08:00:00,1.084041,1.085124,1.083898,1.084981,50
2024-07-24 09:00:00,1.084981,1.085492,1.084943,1.085454,50
2024-07-24 10:00:00,1.085454,1.085757,1.085334,1.085637,50
2024-07-24 11:00:00,1.085637,1.086693,1.085495,1.086551,50
2024-07-24 12:00:00,1.086551,1.086727,1.086018,1.086194,50
2024-07-24 13:00:00,1.086194,1.086271,1.084542,1.084619,50
2024-07-24 14:00:00,1.084619,1.084965,1.084558,1.084905,50
2024-07-24 15:00:00,1.084905,1.085201,1.084893,1.085189,50
2024-07-24 16:00:00,1.085189,1.085241,1.085125,1.085176,50
2024-07-24 17:00:00,1.085176,1.085279,1.084919,1.085021,50
2024-07-24 18:00:00,1.085021,1.085504,1.084972,1.085455,50
2024-07-24 19:00:00,1.085455,1.085500,1.084168,1.084212,50
2024-07-24 20:00:00,1.084212,1.084379,1.083860,1.084027,50
2024-07-24 21:00:00,1.084027,1.084497,1.083980,1.084451,50
2024-07-24 22:00:00,1.084451,1.084594,1.084169,1.084312,50
2024-07-24 23:00:00,1.084312,1.085317,1.084300,1.085305,50
2024-07-25 00:00:00,1.085305,1.085363,1.084484,1.084542,50
2024-07-25 01:00:00,1.084542,1.084809,1.084425,1.084692,50
2024-07-25 02:00:00,1.084692,1.086057,1.084630,1.085995,50
2024-07-25 03:00:00,1.085995,1.085996,1.084955,1.084957,50
2024-07-25 04:00:00,1.084957,1.085128,1.084291,1.084462,50
2024-07-25 05:00:00,1.084462,1.084908,1.084426,1.084872,50
2024-07-25 06:00:00,1.084872,1.084957,1.084828,1.084914,50
2024-07-25 07:00:00,1.084914,1.085488,1.084882,1.085456,50
2024-07-25 08:00:00,1.085456,1.085458,1.084880,1.084882,50
2024-07-25 09:00:00,1.084882,1.085890,1.084807,1.085816,50
2024-07-25 10:00:00,1.085816,1.085982,1.085177,1.085343,50
2024-07-25 11:00:00,1.085343,1.085930,1.085220,1.085807,50
2024-07-25 12:00:00,1.085807,1.085927,1.085705,1.085826,50
2024-07-25 13:00:00,1.085826,1.085892,1.085156,1.085223,50
2024-07-25 14:00:00,1.085223,1.086682,1.085137,1.086595,50
2024-07-25 15:00:00,1.086595,1.086654,1.086506,1.086565,50
2024-07-25 16:00:00,1.086565,1.086612,1.085405,1.085452,50
2024-07-25 17:00:00,1.085452,1.085552,1.084932,1.085032,50
2024-07-25 18:00:00,1.085032,1.085221,1.085031,1.085220,50
2024-07-25 19:00:00,1.085220,1.085379,1.084513,1.084672,50
2024-07-25 20:00:00,1.084672,1.085483,1.084606,1.085417,50
2024-07-25 21:00:00,1.085417,1.085954,1.085290,1.085827,50
2024-07-25 22:00:00,1.085827,1.086747,1.085643,1.086563,50
2024-07-25 23:00:00,1.086563,1.086676,1.086017,1.086130,50
2024-07-26 00:00:00,1.086130,1.087681,1.086090,1.087641,50
2024-07-26 01:00:00,1.087641,1.087739,1.086334,1.086432,50
2024-07-26 02:00:00,1.086432,1.086495,1.085953,1.086016,50
2024-07-26 03:00:00,1.086016,1.086018,1.085092,1.085094,50
2024-07-26 04:00:00,1.085094,1.085351,1.084923,1.085181,50
2024-07-26 05:00:00,1.085181,1.085729,1.085023,1.085572,50
2024-07-26 06:00:00,1.085572,1.085657,1.085040,1.085125,50
2024-07-26 07:00:00,1.085125,1.085459,1.084984,1.085318,50
2024-07-26 08:00:00,1.085318,1.085462,1.084454,1.084599,50
2024-07-26 09:00:00,1.084599,1.085367,1.084470,1.085238,50
2024-07-26 10:00:00,1.085238,1.085394,1.084861,1.085016,50
2024-07-26 11:00:00,1.085016,1.086514,1.084916,1.086414,50
2024-07-26 12:00:00,1.086414,1.086869,1.086349,1.086805,50
2024-07-26 13:00:00,1.086805,1.086873,1.086668,1.086736,50
2024-07-26 14:00:00,1.086736,1.086883,1.085551,1.085698,50
2024-07-26 15:00:00,1.085698,1.085707,1.085683,1.085692,50
2024-07-26 16:00:00,1.085692,1.085830,1.085684,1.085821,50
2024-07-26 17:00:00,1.085821,1.085923,1.085495,1.085597,50
2024-07-26 18:00:00,1.085597,1.085633,1.084397,1.084433,50
2024-07-26 19:00:00,1.084433,1.084959,1.084382,1.084908,50
2024-07-26 20:00:00,1.084908,1.085184,1.084791,1.085067,50
2024-07-26 21:00:00,1.085067,1.085158,1.084814,1.084906,50
2024-07-26 22:00:00,1.084906,1.085040,1.084249,1.084383,50
2024-07-26 23:00:00,1.084383,1.086064,1.084213,1.085894,50
2024-07-29 00:00:00,1.085894,1.086097,1.085623,1.085826,50
2024-07-29 01:00:00,1.085826,1.085966,1.085430,1.085570,50
2024-07-29 02:00:00,1.085570,1.086168,1.085305,1.085903,50
2024-07-29 03:00:00,1.085903,1.086376,1.085663,1.086136,50
2024-07-29 04:00:00,1.086136,1.086712,1.085812,1.086388,50
2024-07-29 05:00:00,1.086388,1.086957,1.086125,1.086693,50
2024-07-29 06:00:00,1.086693,1.086769,1.086459,1.086536,50
2024-07-29 07:00:00,1.086536,1.086874,1.086325,1.086662,50
2024-07-29 08:00:00,1.086662,1.086801,1.085770,1.085909,50
2024-07-29 09:00:00,1.085909,1.086241,1.085779,1.086110,50
2024-07-29 10:00:00,1.086110,1.086189,1.085653,1.085732,50
2024-07-29 11:00:00,1.085732,1.085781,1.085474,1.085522,50
2024-07-29 12:00:00,1.085522,1.085656,1.084720,1.084853,50
2024-07-29 13:00:00,1.084853,1.085233,1.084844,1.085224,50
2024-07-29 14:00:00,1.085224,1.085373,1.084537,1.084686,50
2024-07-29 15:00:00,1.084686,1.084961,1.083107,1.083382,50
2024-07-29 16:00:00,1.083382,1.083618,1.082653,1.082889,50
2024-07-29 17:00:00,1.082889,1.083107,1.082571,1.082789,50
2024-07-29 18:00:00,1.082789,1.082906,1.082280,1.082397,50
2024-07-29 19:00:00,1.082397,1.082440,1.081725,1.081768,50
2024-07-29 20:00:00,1.081768,1.081991,1.081493,1.081715,50
2024-07-29 21:00:00,1.081715,1.081846,1.080970,1.081101,50
2024-07-29 22:00:00,1.081101,1.081773,1.080917,1.081590,50
2024-07-29 23:00:00,1.081590,1.081983,1.081507,1.081900,50
2024-07-30 00:00:00,1.081900,1.082725,1.081734,1.082559,50
2024-07-30 01:00:00,1.082559,1.083103,1.082416,1.082960,50
2024-07-30 02:00:00,1.082960,1.083150,1.082757,1.082946,50
2024-07-30 03:00:00,1.082946,1.082996,1.082945,1.082995,50
2024-07-30 04:00:00,1.082995,1.083064,1.082276,1.082345,50
2024-07-30 05:00:00,1.082345,1.082382,1.081931,1.081968,50
2024-07-30 06:00:00,1.081968,1.082462,1.081813,1.082307,50
2024-07-30 07:00:00,1.082307,1.082440,1.081947,1.082080,50
2024-07-30 08:00:00,1.082080,1.082082,1.081046,1.081048,50
2024-07-30 09:00:00,1.081048,1.081184,1.079935,1.080071,50
2024-07-30 10:00:00,1.080071,1.080976,1.079900,1.080805,50
2024-07-30 11:00:00,1.080805,1.080839,1.080601,1.080636,50
2024-07-30 12:00:00,1.080636,1.080814,1.080297,1.080475,50
2024-07-30 13:00:00,1.080475,1.080504,1.079723,1.079752,50
2024-07-30 14:00:00,1.079752,1.080823,1.079561,1.080632,50
2024-07-30 15:00:00,1.080632,1.080756,1.080250,1.080373,50
2024-07-30 16:00:00,1.080373,1.080453,1.079938,1.080018,50
2024-07-30 17:00:00,1.080018,1.081135,1.079870,1.080987,50
2024-07-30 18:00:00,1.080987,1.081997,1.080798,1.081808,50
2024-07-30 19:00:00,1.081808,1.081878,1.081584,1.081655,50
2024-07-30 20:00:00,1.081655,1.081660,1.080257,1.080262,50
2024-07-30 21:00:00,1.080262,1.082330,1.080259,1.082327,50
2024-07-30 22:00:00,1.082327,1.082429,1.081134,1.081236,50
2024-07-30 23:00:00,1.081236,1.081311,1.080772,1.080847,50
2024-07-31 00:00:00,1.080847,1.080963,1.080658,1.080774,50
2024-07-31 01:00:00,1.080774,1.081774,1.080756,1.081756,50
2024-07-31 02:00:00,1.081756,1.081865,1.079817,1.079926,50
2024-07-31 03:00:00,1.079926,1.081659,1.079777,1.081510,50
2024-07-31 04:00:00,1.081510,1.081587,1.080449,1.080527,50
2024-07-31 05:00:00,1.080527,1.080577,1.079936,1.079986,50
2024-07-31 06:00:00,1.079986,1.081377,1.079833,1.081223,50
2024-07-31 07:00:00,1.081223,1.082139,1.081217,1.082133,50
2024-07-31 08:00:00,1.082133,1.082306,1.079870,1.080043,50
2024-07-31 09:00:00,1.080043,1.080823,1.079948,1.080729,50
2024-07-31 10:00:00,1.080729,1.082697,1.080680,1.082648,50
2024-07-31 11:00:00,1.082648,1.082807,1.081846,1.082005,50
2024-07-31 12:00:00,1.082005,1.082125,1.081924,1.082045,50
2024-07-31 13:00:00,1.082045,1.082711,1.082045,1.082711,50
2024-07-31 14:00:00,1.082711,1.082829,1.082264,1.082382,50
2024-07-31 15:00:00,1.082382,1.082507,1.080701,1.080826,50
2024-07-31 16:00:00,1.080826,1.080845,1.079990,1.080008,50
2024-07-31 17:00:00,1.080008,1.081269,1.079815,1.081075,50
2024-07-31 18:00:00,1.081075,1.081103,1.081054,1.081082,50
2024-07-31 19:00:00,1.081082,1.082600,1.080899,1.082417,50
2024-07-31 20:00:00,1.082417,1.083034,1.082234,1.082850,50
2024-07-31 21:00:00,1.082850,1.083333,1.082690,1.083173,50
2024-07-31 22:00:00,1.083173,1.083242,1.082486,1.082556,50
2024-07-31 23:00:00,1.082556,1.082630,1.082177,1.082251,50
2024-08-01 00:00:00,1.082251,1.082432,1.079713,1.079894,50
2024-08-01 01:00:00,1.079894,1.080874,1.079842,1.080821,50
2024-08-01 02:00:00,1.080821,1.081282,1.080576,1.081037,50
2024-08-01 03:00:00,1.081037,1.081093,1.080637,1.080693,50
2024-08-01 04:00:00,1.080693,1.082982,1.080639,1.082928,50
2024-08-01 05:00:00,1.082928,1.083076,1.082112,1.082260,50
2024-08-01 06:00:00,1.082260,1.082475,1.080217,1.080433,50
2024-08-01 07:00:00,1.080433,1.080633,1.079288,1.079488,50
2024-08-01 08:00:00,1.079488,1.079694,1.079154,1.079360,50
2024-08-01 09:00:00,1.079360,1.079502,1.078821,1.078963,50
2024-08-01 10:00:00,1.078963,1.079202,1.078588,1.078827,50
2024-08-01 11:00:00,1.078827,1.078849,1.078166,1.078188,50
2024-08-01 12:00:00,1.078188,1.078733,1.078003,1.078548,50
2024-08-01 13:00:00,1.078548,1.078892,1.078445,1.078789,50
2024-08-01 14:00:00,1.078789,1.078916,1.078591,1.078719,50
2024-08-01 15:00:00,1.078719,1.078921,1.078131,1.078333,50
2024-08-01 16:00:00,1.078333,1.078455,1.078214,1.078336,50
2024-08-01 17:00:00,1.078336,1.078617,1.077981,1.078262,50
2024-08-01 18:00:00,1.078262,1.078493,1.078015,1.078246,50
2024-08-01 19:00:00,1.078246,1.078509,1.078223,1.078486,50
2024-08-01 20:00:00,1.078486,1.078735,1.078387,1.078636,50
2024-08-01 21:00:00,1.078636,1.079721,1.078356,1.079441,50
2024-08-01 22:00:00,1.079441,1.079612,1.078511,1.078683,50
2024-08-01 23:00:00,1.078683,1.078995,1.078553,1.078865,50
2024-08-02 00:00:00,1.078865,1.079041,1.077514,1.077691,50
2024-08-02 01:00:00,1.077691,1.078881,1.076844,1.078034,50
2024-08-02 02:00:00,1.078034,1.078607,1.077386,1.077958,50
2024-08-02 03:00:00,1.077958,1.078632,1.076512,1.077185,50
2024-08-02 04:00:00,1.077185,1.081287,1.076837,1.080938,50
2024-08-02 05:00:00,1.080938,1.084083,1.080363,1.083508,50
2024-08-02 06:00:00,1.083508,1.083733,1.082781,1.083005,50
2024-08-02 07:00:00,1.083005,1.084033,1.079813,1.080841,50
2024-08-02 08:00:00,1.080841,1.083563,1.080730,1.083451,50
2024-08-02 09:00:00,1.083451,1.088642,1.083100,1.088291,50
2024-08-02 10:00:00,1.088291,1.090981,1.087383,1.090073,50
2024-08-02 11:00:00,1.090073,1.091095,1.089649,1.090670,50
2024-08-02 12:00:00,1.090670,1.091456,1.086964,1.087750,50
2024-08-02 13:00:00,1.087750,1.091014,1.087309,1.090573,50
2024-08-02 14:00:00,1.090573,1.093344,1.090470,1.093241,50
2024-08-02 15:00:00,1.093241,1.093702,1.090867,1.091327,50
2024-08-02 16:00:00,1.091327,1.092564,1.090934,1.092171,50
2024-08-02 17:00:00,1.092171,1.094602,1.091411,1.093842,50
2024-08-02 18:00:00,1.093842,1.094635,1.090872,1.091665,50
2024-08-02 19:00:00,1.091665,1.092410,1.088343,1.089088,50
2024-08-02 20:00:00,1.089088,1.089310,1.084504,1.084725,50
2024-08-02 21:00:00,1.084725,1.084774,1.082776,1.082825,50
2024-08-02 22:00:00,1.082825,1.084257,1.082618,1.084050,50
2024-08-02 23:00:00,1.084050,1.091556,1.083840,1.091346,50
2024-08-05 00:00:00,1.091346,1.094234,1.091002,1.093890,50
2024-08-05 01:00:00,1.093890,1.094163,1.092345,1.092617,50
2024-08-05 02:00:00,1.092617,1.093004,1.092273,1.092660,50
2024-08-05 03:00:00,1.092660,1.093708,1.092538,1.093586,50
2024-08-05 04:00:00,1.093586,1.094685,1.093348,1.094447,50
2024-08-05 05:00:00,1.094447,1.094675,1.092077,1.092305,50
2024-08-05 06:00:00,1.092305,1.092595,1.091569,1.091859,50
2024-08-05 07:00:00,1.091859,1.092085,1.090408,1.090634,50
2024-08-05 08:00:00,1.090634,1.090664,1.090455,1.090485,50
2024-08-05 09:00:00,1.090485,1.092279,1.090279,1.092073,50
2024-08-05 10:00:00,1.092073,1.092095,1.091136,1.091157,50
2024-08-05 11:00:00,1.091157,1.092306,1.091107,1.092256,50
2024-08-05 12:00:00,1.092256,1.095927,1.092180,1.095852,50
2024-08-05 13:00:00,1.095852,1.095922,1.095513,1.095584,50
2024-08-05 14:00:00,1.095584,1.096780,1.095228,1.096424,50
2024-08-05 15:00:00,1.096424,1.096517,1.096304,1.096397,50
2024-08-05 16:00:00,1.096397,1.096635,1.096273,1.096511,50
2024-08-05 17:00:00,1.096511,1.096663,1.095313,1.095465,50
2024-08-05 18:00:00,1.095465,1.095713,1.094463,1.094710,50
2024-08-05 19:00:00,1.094710,1.094917,1.093740,1.093947,50
2024-08-05 20:00:00,1.093947,1.094223,1.093457,1.093733,50
2024-08-05 21:00:00,1.093733,1.094820,1.093431,1.094519,50
2024-08-05 22:00:00,1.094519,1.094664,1.094125,1.094270,50
2024-08-05 23:00:00,1.094270,1.095698,1.094222,1.095650,50
2024-08-06 00:00:00,1.095650,1.095885,1.095645,1.095880,50
2024-08-06 01:00:00,1.095880,1.096423,1.095706,1.096249,50
2024-08-06 02:00:00,1.096249,1.096421,1.095927,1.096100,50
2024-08-06 03:00:00,1.096100,1.096176,1.095769,1.095845,50
2024-08-06 04:00:00,1.095845,1.095887,1.095611,1.095653,50
2024-08-06 05:00:00,1.095653,1.095723,1.095028,1.095097,50
2024-08-06 06:00:00,1.095097,1.095257,1.094666,1.094826,50
2024-08-06 07:00:00,1.094826,1.095286,1.094634,1.095093,50
2024-08-06 08:00:00,1.095093,1.095193,1.094938,1.095038,50
2024-08-06 09:00:00,1.095038,1.095287,1.094808,1.095057,50
2024-08-06 10:00:00,1.095057,1.095259,1.094751,1.094953,50
2024-08-06 11:00:00,1.094953,1.095167,1.094303,1.094518,50
2024-08-06 12:00:00,1.094518,1.094586,1.094166,1.094235,50
2024-08-06 13:00:00,1.094235,1.094475,1.093087,1.093327,50
2024-08-06 14:00:00,1.093327,1.093447,1.092555,1.092675,50
2024-08-06 15:00:00,1.092675,1.093041,1.092588,1.092954,50
2024-08-06 16:00:00,1.092954,1.093213,1.092817,1.093076,50
2024-08-06 17:00:00,1.093076,1.093168,1.092988,1.093081,50
2024-08-06 18:00:00,1.093081,1.093253,1.092852,1.093025,50
2024-08-06 19:00:00,1.093025,1.093224,1.092710,1.092909,50
2024-08-06 20:00:00,1.092909,1.093119,1.091953,1.092164,50
2024-08-06 21:00:00,1.092164,1.092236,1.092109,1.092181,50
2024-08-06 22:00:00,1.092181,1.092498,1.091978,1.092295,50
2024-08-06 23:00:00,1.092295,1.092794,1.092158,1.092657,50
2024-08-07 00:00:00,1.092657,1.094355,1.092539,1.094236,50
2024-08-07 01:00:00,1.094236,1.094427,1.093363,1.093554,50
2024-08-07 02:00:00,1.093554,1.093860,1.093471,1.093777,50
2024-08-07 03:00:00,1.093777,1.094249,1.093621,1.094093,50
2024-08-07 04:00:00,1.094093,1.094271,1.093960,1.094138,50
2024-08-07 05:00:00,1.094138,1.094264,1.093467,1.093593,50
2024-08-07 06:00:00,1.093593,1.093831,1.093550,1.093788,50
2024-08-07 07:00:00,1.093788,1.094213,1.093635,1.094060,50
2024-08-07 08:00:00,1.094060,1.094201,1.093536,1.093677,50
2024-08-07 09:00:00,1.093677,1.093797,1.093618,1.093738,50
2024-08-07 10:00:00,1.093738,1.093791,1.093311,1.093364,50
2024-08-07 11:00:00,1.093364,1.093485,1.093131,1.093253,50
2024-08-07 12:00:00,1.093253,1.093446,1.092483,1.092676,50
2024-08-07 13:00:00,1.092676,1.092997,1.092560,1.092881,50
2024-08-07 14:00:00,1.092881,1.092924,1.091682,1.091725,50
2024-08-07 15:00:00,1.091725,1.092567,1.091541,1.092383,50
2024-08-07 16:00:00,1.092383,1.092490,1.091848,1.091954,50
2024-08-07 17:00:00,1.091954,1.092465,1.091816,1.092328,50
2024-08-07 18:00:00,1.092328,1.092394,1.091997,1.092063,50
2024-08-07 19:00:00,1.092063,1.092122,1.090900,1.090959,50
2024-08-07 20:00:00,1.090959,1.091290,1.090950,1.091281,50
2024-08-07 21:00:00,1.091281,1.091290,1.091243,1.091251,50
2024-08-07 22:00:00,1.091251,1.091580,1.091211,1.091539,50
2024-08-07 23:00:00,1.091539,1.092695,1.091382,1.092538,50
2024-08-08 00:00:00,1.092538,1.092854,1.092434,1.092750,50
2024-08-08 01:00:00,1.092750,1.093296,1.092573,1.093119,50
2024-08-08 02:00:00,1.093119,1.093601,1.093031,1.093513,50
2024-08-08 03:00:00,1.093513,1.093544,1.093123,1.093154,50
2024-08-08 04:00:00,1.093154,1.093474,1.093041,1.093361,50
2024-08-08 05:00:00,1.093361,1.093769,1.093171,1.093579,50
2024-08-08 06:00:00,1.093579,1.093673,1.092282,1.092376,50
2024-08-08 07:00:00,1.092376,1.092837,1.092184,1.092645,50
2024-08-08 08:00:00,1.092645,1.092830,1.092411,1.092596,50
2024-08-08 09:00:00,1.092596,1.092673,1.092057,1.092134,50
2024-08-08 10:00:00,1.092134,1.092206,1.091688,1.091759,50
2024-08-08 11:00:00,1.091759,1.091884,1.091192,1.091317,50
2024-08-08 12:00:00,1.091317,1.091409,1.091143,1.091235,50
2024-08-08 13:00:00,1.091235,1.091583,1.091124,1.091472,50
2024-08-08 14:00:00,1.091472,1.091622,1.090867,1.091017,50
2024-08-08 15:00:00,1.091017,1.091186,1.090624,1.090793,50
2024-08-08 16:00:00,1.090793,1.090847,1.090680,1.090733,50
2024-08-08 17:00:00,1.090733,1.090900,1.090709,1.090875,50
2024-08-08 18:00:00,1.090875,1.091261,1.090718,1.091104,50
2024-08-08 19:00:00,1.091104,1.091183,1.090766,1.090845,50
2024-08-08 20:00:00,1.090845,1.091570,1.090686,1.091411,50
2024-08-08 21:00:00,1.091411,1.091427,1.090652,1.090668,50
2024-08-08 22:00:00,1.090668,1.090783,1.090190,1.090305,50
2024-08-08 23:00:00,1.090305,1.091475,1.090176,1.091346,50
2024-08-09 00:00:00,1.091346,1.091534,1.090123,1.090311,50
2024-08-09 01:00:00,1.090311,1.091191,1.090151,1.091031,50
2024-08-09 02:00:00,1.091031,1.091496,1.091016,1.091481,50
2024-08-09 03:00:00,1.091481,1.091586,1.091182,1.091287,50
2024-08-09 04:00:00,1.091287,1.091587,1.091216,1.091516,50
2024-08-09 05:00:00,1.091516,1.092017,1.091322,1.091823,50
2024-08-09 06:00:00,1.091823,1.091965,1.091466,1.091609,50
2024-08-09 07:00:00,1.091609,1.092174,1.091482,1.092047,50
2024-08-09 08:00:00,1.092047,1.092218,1.091690,1.091861,50
2024-08-09 09:00:00,1.091861,1.092061,1.091822,1.092022,50
2024-08-09 10:00:00,1.092022,1.092179,1.091729,1.091886,50
2024-08-09 11:00:00,1.091886,1.091923,1.091861,1.091897,50
2024-08-09 12:00:00,1.091897,1.092292,1.091810,1.092205,50
2024-08-09 13:00:00,1.092205,1.092339,1.092029,1.092163,50
2024-08-09 14:00:00,1.092163,1.092248,1.092090,1.092175,50
2024-08-09 15:00:00,1.092175,1.092345,1.091862,1.092032,50
2024-08-09 16:00:00,1.092032,1.092093,1.091861,1.091923,50
2024-08-09 17:00:00,1.091923,1.092114,1.091479,1.091670,50
2024-08-09 18:00:00,1.091670,1.092312,1.091509,1.092151,50
2024-08-09 19:00:00,1.092151,1.092352,1.092013,1.092214,50
2024-08-09 20:00:00,1.092214,1.092508,1.092079,1.092373,50
2024-08-09 21:00:00,1.092373,1.093154,1.092218,1.093000,50
2024-08-09 22:00:00,1.093000,1.093453,1.092922,1.093375,50
2024-08-09 23:00:00,1.093375,1.093517,1.092396,1.092538,50
2024-08-12 00:00:00,1.092538,1.092734,1.090822,1.091018,50
2024-08-12 01:00:00,1.091018,1.092688,1.090850,1.092520,50
2024-08-12 02:00:00,1.092520,1.093098,1.092407,1.092985,50
2024-08-12 03:00:00,1.092985,1.093199,1.092928,1.093143,50
2024-08-12 04:00:00,1.093143,1.093759,1.093000,1.093616,50
2024-08-12 05:00:00,1.093616,1.094339,1.093540,1.094263,50
2024-08-12 06:00:00,1.094263,1.094391,1.093864,1.093992,50
2024-08-12 07:00:00,1.093992,1.094037,1.093871,1.093916,50
2024-08-12 08:00:00,1.093916,1.093954,1.093629,1.093668,50
2024-08-12 09:00:00,1.093668,1.094219,1.093621,1.094172,50
2024-08-12 10:00:00,1.094172,1.094226,1.093575,1.093628,50
2024-08-12 11:00:00,1.093628,1.093706,1.092989,1.093067,50
2024-08-12 12:00:00,1.093067,1.093765,1.092944,1.093642,50
2024-08-12 13:00:00,1.093642,1.093704,1.093244,1.093306,50
2024-08-12 14:00:00,1.093306,1.093310,1.093042,1.093046,50
2024-08-12 15:00:00,1.093046,1.093149,1.092383,1.092486,50
2024-08-12 16:00:00,1.092486,1.093034,1.092427,1.092975,50
2024-08-12 17:00:00,1.092975,1.093513,1.092914,1.093452,50
2024-08-12 18:00:00,1.093452,1.093600,1.092707,1.092855,50
2024-08-12 19:00:00,1.092855,1.093048,1.092526,1.092719,50
2024-08-12 20:00:00,1.092719,1.092729,1.092700,1.092710,50
2024-08-12 21:00:00,1.092710,1.093065,1.092528,1.092883,50
2024-08-12 22:00:00,1.092883,1.093511,1.092827,1.093455,50
2024-08-12 23:00:00,1.093455,1.093541,1.092691,1.092777,50
2024-08-13 00:00:00,1.092777,1.093169,1.092606,1.092998,50
2024-08-13 01:00:00,1.092998,1.093536,1.092821,1.093359,50
2024-08-13 02:00:00,1.093359,1.095284,1.093224,1.095150,50
2024-08-13 03:00:00,1.095150,1.096043,1.095043,1.095937,50
2024-08-13 04:00:00,1.095937,1.096002,1.094872,1.094937,50
2024-08-13 05:00:00,1.094937,1.095049,1.094775,1.094886,50
2024-08-13 06:00:00,1.094886,1.094967,1.094307,1.094388,50
2024-08-13 07:00:00,1.094388,1.095257,1.094173,1.095042,50
2024-08-13 08:00:00,1.095042,1.095102,1.094865,1.094925,50
2024-08-13 09:00:00,1.094925,1.095050,1.094739,1.094865,50
2024-08-13 10:00:00,1.094865,1.094872,1.094278,1.094285,50
2024-08-13 11:00:00,1.094285,1.094467,1.094268,1.094449,50
2024-08-13 12:00:00,1.094449,1.094520,1.094204,1.094274,50
2024-08-13 13:00:00,1.094274,1.094482,1.092662,1.092870,50
2024-08-13 14:00:00,1.092870,1.093635,1.092739,1.093503,50
2024-08-13 15:00:00,1.093503,1.093607,1.093477,1.093581,50
2024-08-13 16:00:00,1.093581,1.093631,1.093061,1.093111,50
2024-08-13 17:00:00,1.093111,1.094720,1.093110,1.094719,50
2024-08-13 18:00:00,1.094719,1.094779,1.094351,1.094411,50
2024-08-13 19:00:00,1.094411,1.094429,1.094325,1.094342,50
2024-08-13 20:00:00,1.094342,1.094489,1.093493,1.093640,50
2024-08-13 21:00:00,1.093640,1.093701,1.092626,1.092687,50
2024-08-13 22:00:00,1.092687,1.093061,1.092530,1.092904,50
2024-08-13 23:00:00,1.092904,1.095461,1.092853,1.095410,50
2024-08-14 00:00:00,1.095410,1.095745,1.093675,1.094009,50
2024-08-14 01:00:00,1.094009,1.095007,1.093572,1.094570,50
2024-08-14 02:00:00,1.094570,1.095077,1.094455,1.094962,50
2024-08-14 03:00:00,1.094962,1.096779,1.094397,1.096213,50
2024-08-14 04:00:00,1.096213,1.096543,1.095910,1.096240,50
2024-08-14 05:00:00,1.096240,1.097226,1.096052,1.097037,50
2024-08-14 06:00:00,1.097037,1.099987,1.096556,1.099505,50
2024-08-14 07:00:00,1.099505,1.099871,1.098197,1.098563,50
2024-08-14 08:00:00,1.098563,1.099705,1.098424,1.099566,50
2024-08-14 09:00:00,1.099566,1.099915,1.096583,1.096932,50
2024-08-14 10:00:00,1.096932,1.097257,1.096184,1.096509,50
2024-08-14 11:00:00,1.096509,1.098324,1.096240,1.098055,50
2024-08-14 12:00:00,1.098055,1.099883,1.097523,1.099351,50
2024-08-14 13:00:00,1.099351,1.100851,1.099044,1.100545,50
2024-08-14 14:00:00,1.100545,1.103437,1.100018,1.102910,50
2024-08-14 15:00:00,1.102910,1.103225,1.102086,1.102401,50
2024-08-14 16:00:00,1.102401,1.102459,1.100700,1.100757,50
2024-08-14 17:00:00,1.100757,1.101012,1.100422,1.100677,50
2024-08-14 18:00:00,1.100677,1.100770,1.100617,1.100710,50
2024-08-14 19:00:00,1.100710,1.101036,1.100631,1.100957,50
2024-08-14 20:00:00,1.100957,1.102930,1.100777,1.102750,50
2024-08-14 21:00:00,1.102750,1.103063,1.102431,1.102744,50
2024-08-14 22:00:00,1.102744,1.103908,1.102651,1.103815,50
2024-08-14 23:00:00,1.103815,1.104219,1.102011,1.102414,50
2024-08-15 00:00:00,1.102414,1.102527,1.099138,1.099251,50
2024-08-15 01:00:00,1.099251,1.100811,1.098948,1.100509,50
2024-08-15 02:00:00,1.100509,1.100791,1.100210,1.100492,50
2024-08-15 03:00:00,1.100492,1.100769,1.099425,1.099702,50
2024-08-15 04:00:00,1.099702,1.099986,1.099419,1.099703,50
2024-08-15 05:00:00,1.099703,1.099984,1.099348,1.099630,50
2024-08-15 06:00:00,1.099630,1.100781,1.099360,1.100511,50
2024-08-15 07:00:00,1.100511,1.100601,1.099673,1.099763,50
2024-08-15 08:00:00,1.099763,1.099857,1.098898,1.098992,50
2024-08-15 09:00:00,1.098992,1.098995,1.098383,1.098386,50
2024-08-15 10:00:00,1.098386,1.098961,1.098326,1.098902,50
2024-08-15 11:00:00,1.098902,1.099027,1.098328,1.098453,50
2024-08-15 12:00:00,1.098453,1.098745,1.098298,1.098590,50
2024-08-15 13:00:00,1.098590,1.098696,1.098315,1.098421,50
2024-08-15 14:00:00,1.098421,1.099325,1.098271,1.099175,50
2024-08-15 15:00:00,1.099175,1.100751,1.099071,1.100647,50
2024-08-15 16:00:00,1.100647,1.101183,1.100601,1.101137,50
2024-08-15 17:00:00,1.101137,1.103127,1.101040,1.103031,50
2024-08-15 18:00:00,1.103031,1.103443,1.102753,1.103165,50
2024-08-15 19:00:00,1.103165,1.103178,1.100797,1.100809,50
2024-08-15 20:00:00,1.100809,1.101042,1.099029,1.099262,50
2024-08-15 21:00:00,1.099262,1.099319,1.098394,1.098451,50
2024-08-15 22:00:00,1.098451,1.098546,1.097814,1.097909,50
2024-08-15 23:00:00,1.097909,1.098678,1.097891,1.098660,50
2024-08-16 00:00:00,1.098660,1.099909,1.098523,1.099773,50
2024-08-16 01:00:00,1.099773,1.099841,1.098778,1.098847,50
2024-08-16 02:00:00,1.098847,1.098983,1.098063,1.098200,50
2024-08-16 03:00:00,1.098200,1.098361,1.097769,1.097930,50
2024-08-16 04:00:00,1.097930,1.098744,1.097853,1.098667,50
2024-08-16 05:00:00,1.098667,1.098696,1.098380,1.098408,50
2024-08-16 06:00:00,1.098408,1.098574,1.098061,1.098227,50
2024-08-16 07:00:00,1.098227,1.098313,1.097983,1.098070,50
2024-08-16 08:00:00,1.098070,1.098074,1.097489,1.097493,50
2024-08-16 09:00:00,1.097493,1.097837,1.097456,1.097800,50
2024-08-16 10:00:00,1.097800,1.098043,1.097783,1.098025,50
2024-08-16 11:00:00,1.098025,1.098635,1.098007,1.098617,50
2024-08-16 12:00:00,1.098617,1.098859,1.098469,1.098711,50
2024-08-16 13:00:00,1.098711,1.098861,1.098259,1.098409,50
2024-08-16 14:00:00,1.098409,1.098506,1.098206,1.098303,50
2024-08-16 15:00:00,1.098303,1.098499,1.098233,1.098428,50
2024-08-16 16:00:00,1.098428,1.098480,1.098368,1.098420,50
2024-08-16 17:00:00,1.098420,1.098583,1.097899,1.098061,50
2024-08-16 18:00:00,1.098061,1.098638,1.097886,1.098462,50
2024-08-16 19:00:00,1.098462,1.098746,1.098357,1.098641,50
2024-08-16 20:00:00,1.098641,1.099834,1.098448,1.099641,50
2024-08-16 21:00:00,1.099641,1.099790,1.099216,1.099365,50
2024-08-16 22:00:00,1.099365,1.099662,1.099284,1.099581,50
2024-08-16 23:00:00,1.099581,1.099695,1.099512,1.099626,50
2024-08-19 00:00:00,1.099626,1.100107,1.098867,1.099348,50
2024-08-19 01:00:00,1.099348,1.099853,1.099184,1.099689,50
2024-08-19 02:00:00,1.099689,1.099915,1.098856,1.099081,50
2024-08-19 03:00:00,1.099081,1.101041,1.098561,1.100521,50
2024-08-19 04:00:00,1.100521,1.100633,1.100063,1.100175,50
2024-08-19 05:00:00,1.100175,1.100482,1.099984,1.100291,50
2024-08-19 06:00:00,1.100291,1.100396,1.098068,1.098172,50
2024-08-19 07:00:00,1.098172,1.098711,1.097602,1.098141,50
2024-08-19 08:00:00,1.098141,1.098645,1.097978,1.098482,50
2024-08-19 09:00:00,1.098482,1.101884,1.098103,1.101505,50
2024-08-19 10:00:00,1.101505,1.101800,1.101444,1.101739,50
2024-08-19 11:00:00,1.101739,1.103008,1.101451,1.102721,50
2024-08-19 12:00:00,1.102721,1.102897,1.102572,1.102748,50
2024-08-19 13:00:00,1.102748,1.104234,1.102359,1.103845,50
2024-08-19 14:00:00,1.103845,1.104010,1.102984,1.103149,50
2024-08-19 15:00:00,1.103149,1.107493,1.102630,1.106974,50
2024-08-19 16:00:00,1.106974,1.107892,1.106783,1.107701,50
2024-08-19 17:00:00,1.107701,1.107724,1.106863,1.106886,50
2024-08-19 18:00:00,1.106886,1.108748,1.106675,1.108537,50
2024-08-19 19:00:00,1.108537,1.108620,1.107466,1.107549,50
2024-08-19 20:00:00,1.107549,1.107858,1.106812,1.107121,50
2024-08-19 21:00:00,1.107121,1.107723,1.107017,1.107619,50
2024-08-19 22:00:00,1.107619,1.108045,1.106208,1.106634,50
2024-08-19 23:00:00,1.106634,1.107576,1.106109,1.107052,50
2024-08-20 00:00:00,1.107052,1.107263,1.106582,1.106793,50
2024-08-20 01:00:00,1.106793,1.108421,1.106690,1.108318,50
2024-08-20 02:00:00,1.108318,1.109063,1.108050,1.108795,50
2024-08-20 03:00:00,1.108795,1.108977,1.108276,1.108458,50
2024-08-20 04:00:00,1.108458,1.110233,1.108159,1.109934,50
2024-08-20 05:00:00,1.109934,1.110154,1.107587,1.107807,50
2024-08-20 06:00:00,1.107807,1.109548,1.107765,1.109506,50
2024-08-20 07:00:00,1.109506,1.110490,1.109322,1.110305,50
2024-08-20 08:00:00,1.110305,1.110596,1.110236,1.110527,50
2024-08-20 09:00:00,1.110527,1.110826,1.108147,1.108446,50
2024-08-20 10:00:00,1.108446,1.109065,1.108258,1.108877,50
2024-08-20 11:00:00,1.108877,1.110513,1.108849,1.110485,50
2024-08-20 12:00:00,1.110485,1.110729,1.108820,1.109063,50
2024-08-20 13:00:00,1.109063,1.110382,1.109034,1.110353,50
2024-08-20 14:00:00,1.110353,1.110375,1.109608,1.109630,50
2024-08-20 15:00:00,1.109630,1.109838,1.108103,1.108311,50
2024-08-20 16:00:00,1.108311,1.108698,1.108297,1.108684,50
2024-08-20 17:00:00,1.108684,1.109769,1.108460,1.109546,50
2024-08-20 18:00:00,1.109546,1.109573,1.107945,1.107972,50
2024-08-20 19:00:00,1.107972,1.109302,1.107880,1.109210,50
2024-08-20 20:00:00,1.109210,1.111438,1.109102,1.111331,50
2024-08-20 21:00:00,1.111331,1.111499,1.110747,1.110916,50
2024-08-20 22:00:00,1.110916,1.111087,1.109399,1.109570,50
2024-08-20 23:00:00,1.109570,1.110852,1.109336,1.110618,50
2024-08-21 00:00:00,1.110618,1.112893,1.110363,1.112638,50
2024-08-21 01:00:00,1.112638,1.114218,1.112426,1.114006,50
2024-08-21 02:00:00,1.114006,1.114061,1.113364,1.113419,50
2024-08-21 03:00:00,1.113419,1.113496,1.112808,1.112885,50
2024-08-21 04:00:00,1.112885,1.113032,1.112619,1.112766,50
2024-08-21 05:00:00,1.112766,1.113714,1.112463,1.113412,50
2024-08-21 06:00:00,1.113412,1.113413,1.112241,1.112243,50
2024-08-21 07:00:00,1.112243,1.114230,1.112010,1.113997,50
2024-08-21 08:00:00,1.113997,1.115287,1.113782,1.115073,50
2024-08-21 09:00:00,1.115073,1.115111,1.114547,1.114585,50
2024-08-21 10:00:00,1.114585,1.114773,1.114507,1.114696,50
2024-08-21 11:00:00,1.114696,1.114894,1.112322,1.112520,50
2024-08-21 12:00:00,1.112520,1.113205,1.112301,1.112985,50
2024-08-21 13:00:00,1.112985,1.113027,1.111855,1.111896,50
2024-08-21 14:00:00,1.111896,1.112137,1.111311,1.111551,50
2024-08-21 15:00:00,1.111551,1.111723,1.111332,1.111503,50
2024-08-21 16:00:00,1.111503,1.111573,1.109805,1.109875,50
2024-08-21 17:00:00,1.109875,1.111606,1.109695,1.111425,50
2024-08-21 18:00:00,1.111425,1.111933,1.111225,1.111733,50
2024-08-21 19:00:00,1.111733,1.111912,1.111229,1.111408,50
2024-08-21 20:00:00,1.111408,1.112665,1.111250,1.112507,50
2024-08-21 21:00:00,1.112507,1.113348,1.112250,1.113091,50
2024-08-21 22:00:00,1.113091,1.113341,1.113021,1.113271,50
2024-08-21 23:00:00,1.113271,1.114494,1.113108,1.114330,50
2024-08-22 00:00:00,1.114330,1.114444,1.112678,1.112792,50
2024-08-22 01:00:00,1.112792,1.112825,1.112091,1.112125,50
2024-08-22 02:00:00,1.112125,1.112243,1.111889,1.112007,50
2024-08-22 03:00:00,1.112007,1.112455,1.111765,1.112213,50
2024-08-22 04:00:00,1.112213,1.112336,1.111906,1.112029,50
2024-08-22 05:00:00,1.112029,1.112057,1.110736,1.110764,50
2024-08-22 06:00:00,1.110764,1.111367,1.110763,1.111366,50
2024-08-22 07:00:00,1.111366,1.114062,1.111324,1.114019,50
2024-08-22 08:00:00,1.114019,1.114803,1.113945,1.114729,50
2024-08-22 09:00:00,1.114729,1.114899,1.113997,1.114167,50
2024-08-22 10:00:00,1.114167,1.114384,1.112944,1.113161,50
2024-08-22 11:00:00,1.113161,1.114943,1.113114,1.114896,50
2024-08-22 12:00:00,1.114896,1.114906,1.114835,1.114845,50
2024-08-22 13:00:00,1.114845,1.114875,1.113599,1.113628,50
2024-08-22 14:00:00,1.113628,1.115027,1.113526,1.114925,50
2024-08-22 15:00:00,1.114925,1.114969,1.114302,1.114346,50
2024-08-22 16:00:00,1.114346,1.114436,1.113948,1.114037,50
2024-08-22 17:00:00,1.114037,1.114379,1.113798,1.114139,50
2024-08-22 18:00:00,1.114139,1.114173,1.113164,1.113198,50
2024-08-22 19:00:00,1.113198,1.113613,1.113062,1.113477,50
2024-08-22 20:00:00,1.113477,1.114330,1.113231,1.114084,50
2024-08-22 21:00:00,1.114084,1.114096,1.112710,1.112721,50
2024-08-22 22:00:00,1.112721,1.112820,1.111258,1.111357,50
2024-08-22 23:00:00,1.111357,1.111492,1.111223,1.111358,50
2024-08-23 00:00:00,1.111358,1.111633,1.110599,1.110874,50
2024-08-23 01:00:00,1.110874,1.111239,1.109951,1.110316,50
2024-08-23 02:00:00,1.110316,1.112351,1.110273,1.112308,50
2024-08-23 03:00:00,1.112308,1.117476,1.112209,1.117377,50
2024-08-23 04:00:00,1.117377,1.118270,1.117089,1.117982,50
2024-08-23 05:00:00,1.117982,1.119275,1.117517,1.118810,50
2024-08-23 06:00:00,1.118810,1.119304,1.115035,1.115528,50
2024-08-23 07:00:00,1.115528,1.115612,1.115126,1.115210,50
2024-08-23 08:00:00,1.115210,1.115543,1.114481,1.114815,50
2024-08-23 09:00:00,1.114815,1.114926,1.113003,1.113115,50
2024-08-23 10:00:00,1.113115,1.113254,1.111349,1.111488,50
2024-08-23 11:00:00,1.111488,1.112778,1.111350,1.112640,50
2024-08-23 12:00:00,1.112640,1.114464,1.112225,1.114048,50
2024-08-23 13:00:00,1.114048,1.115383,1.113993,1.115327,50
2024-08-23 14:00:00,1.115327,1.116789,1.114853,1.116315,50
2024-08-23 15:00:00,1.116315,1.116594,1.114853,1.115132,50
2024-08-23 16:00:00,1.115132,1.116791,1.114713,1.116372,50
2024-08-23 17:00:00,1.116372,1.116525,1.115285,1.115438,50
2024-08-23 18:00:00,1.115438,1.115554,1.114387,1.114503,50
2024-08-23 19:00:00,1.114503,1.114925,1.113630,1.114052,50
2024-08-23 20:00:00,1.114052,1.114255,1.112537,1.112740,50
2024-08-23 21:00:00,1.112740,1.113017,1.112276,1.112553,50
2024-08-23 22:00:00,1.112553,1.112783,1.110268,1.110499,50
2024-08-23 23:00:00,1.110499,1.117877,1.110190,1.117568,50
2024-08-26 00:00:00,1.117568,1.118732,1.117518,1.118681,50
2024-08-26 01:00:00,1.118681,1.118849,1.117800,1.117968,50
2024-08-26 02:00:00,1.117968,1.118057,1.116463,1.116552,50
2024-08-26 03:00:00,1.116552,1.116662,1.116218,1.116328,50
2024-08-26 04:00:00,1.116328,1.116934,1.116286,1.116892,50
2024-08-26 05:00:00,1.116892,1.117211,1.116770,1.117089,50
2024-08-26 06:00:00,1.117089,1.117365,1.116942,1.117218,50
2024-08-26 07:00:00,1.117218,1.117388,1.115664,1.115834,50
2024-08-26 08:00:00,1.115834,1.115884,1.115446,1.115496,50
2024-08-26 09:00:00,1.115496,1.115969,1.115316,1.115788,50
2024-08-26 10:00:00,1.115788,1.115958,1.115458,1.115628,50
2024-08-26 11:00:00,1.115628,1.115715,1.115245,1.115332,50
2024-08-26 12:00:00,1.115332,1.116015,1.115187,1.115870,50
2024-08-26 13:00:00,1.115870,1.115932,1.115457,1.115520,50
2024-08-26 14:00:00,1.115520,1.115894,1.115357,1.115731,50
2024-08-26 15:00:00,1.115731,1.115788,1.115587,1.115644,50
2024-08-26 16:00:00,1.115644,1.116635,1.115448,1.116438,50
2024-08-26 17:00:00,1.116438,1.116464,1.115460,1.115486,50
2024-08-26 18:00:00,1.115486,1.115716,1.115412,1.115642,50
2024-08-26 19:00:00,1.115642,1.115708,1.115637,1.115703,50
2024-08-26 20:00:00,1.115703,1.116867,1.115610,1.116774,50
2024-08-26 21:00:00,1.116774,1.117139,1.116723,1.117088,50
2024-08-26 22:00:00,1.117088,1.118146,1.117028,1.118086,50
2024-08-26 23:00:00,1.118086,1.118216,1.116316,1.116445,50
2024-08-27 00:00:00,1.116445,1.117927,1.116388,1.117870,50
2024-08-27 01:00:00,1.117870,1.117898,1.117827,1.117855,50
2024-08-27 02:00:00,1.117855,1.117915,1.117492,1.117551,50
2024-08-27 03:00:00,1.117551,1.117591,1.117324,1.117364,50
2024-08-27 04:00:00,1.117364,1.117367,1.117023,1.117026,50
2024-08-27 05:00:00,1.117026,1.117199,1.116427,1.116600,50
2024-08-27 06:00:00,1.116600,1.116665,1.116450,1.116516,50
2024-08-27 07:00:00,1.116516,1.116711,1.115705,1.115900,50
2024-08-27 08:00:00,1.115900,1.115928,1.115424,1.115451,50
2024-08-27 09:00:00,1.115451,1.115567,1.114650,1.114767,50
2024-08-27 10:00:00,1.114767,1.114869,1.114601,1.114703,50
2024-08-27 11:00:00,1.114703,1.114959,1.114691,1.114947,50
2024-08-27 12:00:00,1.114947,1.115120,1.114690,1.114863,50
2024-08-27 13:00:00,1.114863,1.114959,1.114425,1.114522,50
2024-08-27 14:00:00,1.114522,1.114999,1.114490,1.114967,50
2024-08-27 15:00:00,1.114967,1.115576,1.114791,1.115400,50
2024-08-27 16:00:00,1.115400,1.115475,1.114803,1.114877,50
2024-08-27 17:00:00,1.114877,1.115034,1.114772,1.114929,50
2024-08-27 18:00:00,1.114929,1.115216,1.114815,1.115102,50
2024-08-27 19:00:00,1.115102,1.115545,1.114916,1.115360,50
2024-08-27 20:00:00,1.115360,1.115960,1.115310,1.115910,50
2024-08-27 21:00:00,1.115910,1.116009,1.114711,1.114810,50
2024-08-27 22:00:00,1.114810,1.114913,1.114800,1.114902,50
2024-08-27 23:00:00,1.114902,1.116031,1.114818,1.115947,50
2024-08-28 00:00:00,1.115947,1.116132,1.115532,1.115717,50
2024-08-28 01:00:00,1.115717,1.115872,1.114879,1.115034,50
2024-08-28 02:00:00,1.115034,1.115067,1.115034,1.115067,50
2024-08-28 03:00:00,1.115067,1.115198,1.113763,1.113894,50
2024-08-28 04:00:00,1.113894,1.114102,1.113894,1.114102,50
2024-08-28 05:00:00,1.114102,1.114501,1.113999,1.114398,50
2024-08-28 06:00:00,1.114398,1.114521,1.114277,1.114400,50
2024-08-28 07:00:00,1.114400,1.114591,1.113637,1.113829,50
2024-08-28 08:00:00,1.113829,1.114433,1.113823,1.114428,50
2024-08-28 09:00:00,1.114428,1.114661,1.114254,1.114487,50
2024-08-28 10:00:00,1.114487,1.114492,1.113978,1.113983,50
2024-08-28 11:00:00,1.113983,1.114231,1.113563,1.113811,50
2024-08-28 12:00:00,1.113811,1.114428,1.113795,1.114412,50
2024-08-28 13:00:00,1.114412,1.114488,1.113488,1.113563,50
2024-08-28 14:00:00,1.113563,1.114560,1.113311,1.114307,50
2024-08-28 15:00:00,1.114307,1.115450,1.114044,1.115186,50
2024-08-28 16:00:00,1.115186,1.116602,1.115177,1.116593,50
2024-08-28 17:00:00,1.116593,1.116716,1.115742,1.115865,50
2024-08-28 18:00:00,1.115865,1.116066,1.115358,1.115558,50
2024-08-28 19:00:00,1.115558,1.116312,1.115391,1.116145,50
2024-08-28 20:00:00,1.116145,1.116334,1.113779,1.113969,50
2024-08-28 21:00:00,1.113969,1.113985,1.112885,1.112901,50
2024-08-28 22:00:00,1.112901,1.113080,1.112764,1.112943,50
2024-08-28 23:00:00,1.112943,1.113096,1.112565,1.112718,50
2024-08-29 00:00:00,1.112718,1.113018,1.112181,1.112480,50
2024-08-29 01:00:00,1.112480,1.112614,1.112110,1.112243,50
2024-08-29 02:00:00,1.112243,1.112575,1.110458,1.110790,50
2024-08-29 03:00:00,1.110790,1.110817,1.109178,1.109204,50
2024-08-29 04:00:00,1.109204,1.110469,1.108868,1.110133,50
2024-08-29 05:00:00,1.110133,1.111799,1.109798,1.111464,50
2024-08-29 06:00:00,1.111464,1.111904,1.111423,1.111863,50
2024-08-29 07:00:00,1.111863,1.113431,1.111787,1.113355,50
2024-08-29 08:00:00,1.113355,1.113654,1.112917,1.113216,50
2024-08-29 09:00:00,1.113216,1.113859,1.112890,1.113533,50
2024-08-29 10:00:00,1.113533,1.113803,1.112391,1.112662,50
2024-08-29 11:00:00,1.112662,1.112873,1.112178,1.112389,50
2024-08-29 12:00:00,1.112389,1.112609,1.112184,1.112404,50
2024-08-29 13:00:00,1.112404,1.112914,1.112298,1.112807,50
2024-08-29 14:00:00,1.112807,1.112990,1.112197,1.112380,50
2024-08-29 15:00:00,1.112380,1.112566,1.111053,1.111239,50
2024-08-29 16:00:00,1.111239,1.111523,1.109938,1.110222,50
2024-08-29 17:00:00,1.110222,1.111286,1.110089,1.111152,50
2024-08-29 18:00:00,1.111152,1.111721,1.111102,1.111671,50
2024-08-29 19:00:00,1.111671,1.111900,1.111416,1.111644,50
2024-08-29 20:00:00,1.111644,1.111832,1.109818,1.110006,50
2024-08-29 21:00:00,1.110006,1.110030,1.109409,1.109434,50
2024-08-29 22:00:00,1.109434,1.109444,1.107823,1.107833,50
2024-08-29 23:00:00,1.107833,1.108967,1.107514,1.108647,50
2024-08-30 00:00:00,1.108647,1.108679,1.107438,1.107470,50
2024-08-30 01:00:00,1.107470,1.107846,1.107288,1.107664,50
2024-08-30 02:00:00,1.107664,1.107717,1.107050,1.107103,50
2024-08-30 03:00:00,1.107103,1.107170,1.106784,1.106852,50
2024-08-30 04:00:00,1.106852,1.107555,1.106779,1.107482,50
2024-08-30 05:00:00,1.107482,1.107516,1.107299,1.107333,50
2024-08-30 06:00:00,1.107333,1.107336,1.107307,1.107310,50
2024-08-30 07:00:00,1.107310,1.107330,1.106600,1.106619,50
2024-08-30 08:00:00,1.106619,1.106756,1.105683,1.105819,50
2024-08-30 09:00:00,1.105819,1.105956,1.105274,1.105411,50
2024-08-30 10:00:00,1.105411,1.106572,1.105330,1.106491,50
2024-08-30 11:00:00,1.106491,1.107898,1.106444,1.107850,50
2024-08-30 12:00:00,1.107850,1.108212,1.107668,1.108030,50
2024-08-30 13:00:00,1.108030,1.108251,1.106687,1.106908,50
2024-08-30 14:00:00,1.106908,1.107008,1.106158,1.106257,50
2024-08-30 15:00:00,1.106257,1.107872,1.106158,1.107773,50
2024-08-30 16:00:00,1.107773,1.108388,1.107583,1.108199,50
2024-08-30 17:00:00,1.108199,1.108361,1.107752,1.107913,50
2024-08-30 18:00:00,1.107913,1.108321,1.107831,1.108239,50
2024-08-30 19:00:00,1.108239,1.108280,1.107806,1.107846,50
2024-08-30 20:00:00,1.107846,1.108072,1.106874,1.107099,50
2024-08-30 21:00:00,1.107099,1.107178,1.106859,1.106937,50
2024-08-30 22:00:00,1.106937,1.107108,1.106345,1.106516,50
2024-08-30 23:00:00,1.106516,1.106534,1.105932,1.105950,50
2024-09-03 00:00:00,1.105950,1.106343,1.105900,1.106292,50
2024-09-03 01:00:00,1.106292,1.106732,1.106262,1.106702,50
2024-09-03 02:00:00,1.106702,1.106807,1.106317,1.106422,50
2024-09-03 03:00:00,1.106422,1.106602,1.106263,1.106443,50
2024-09-03 04:00:00,1.106443,1.106665,1.106279,1.106501,50
2024-09-03 05:00:00,1.106501,1.106661,1.106452,1.106611,50
2024-09-03 06:00:00,1.106611,1.106762,1.105974,1.106125,50
2024-09-03 07:00:00,1.106125,1.106335,1.106011,1.106220,50
2024-09-03 08:00:00,1.106220,1.106380,1.105715,1.105874,50
2024-09-03 09:00:00,1.105874,1.105886,1.105470,1.105482,50
2024-09-03 10:00:00,1.105482,1.105620,1.105367,1.105505,50
2024-09-03 11:00:00,1.105505,1.105681,1.105255,1.105431,50
2024-09-03 12:00:00,1.105431,1.105692,1.105237,1.105498,50
2024-09-03 13:00:00,1.105498,1.105511,1.105264,1.105277,50
2024-09-03 14:00:00,1.105277,1.105453,1.104771,1.104947,50
2024-09-03 15:00:00,1.104947,1.105066,1.104551,1.104669,50
2024-09-03 16:00:00,1.104669,1.104763,1.104650,1.104744,50
2024-09-03 17:00:00,1.104744,1.104843,1.104621,1.104720,50
2024-09-03 18:00:00,1.104720,1.104832,1.104489,1.104601,50
2024-09-03 19:00:00,1.104601,1.104650,1.104066,1.104116,50
2024-09-03 20:00:00,1.104116,1.104243,1.103953,1.104080,50
2024-09-03 21:00:00,1.104080,1.104275,1.103644,1.103839,50
2024-09-03 22:00:00,1.103839,1.103912,1.103365,1.103439,50
2024-09-03 23:00:00,1.103439,1.104316,1.103363,1.104240,50
2024-09-04 00:00:00,1.104240,1.109061,1.104014,1.108835,50
2024-09-04 01:00:00,1.108835,1.109119,1.108121,1.108406,50
2024-09-04 02:00:00,1.108406,1.108991,1.108332,1.108917,50
2024-09-04 03:00:00,1.108917,1.109166,1.108142,1.108390,50
2024-09-04 04:00:00,1.108390,1.108468,1.107673,1.107750,50
2024-09-04 05:00:00,1.107750,1.108878,1.107670,1.108797,50
2024-09-04 06:00:00,1.108797,1.108871,1.107535,1.107609,50
2024-09-04 07:00:00,1.107609,1.107744,1.105885,1.106021,50
2024-09-04 08:00:00,1.106021,1.106201,1.103276,1.103457,50
2024-09-04 09:00:00,1.103457,1.105667,1.103189,1.105399,50
2024-09-04 10:00:00,1.105399,1.106362,1.105091,1.106054,50
2024-09-04 11:00:00,1.106054,1.106183,1.104455,1.104585,50
2024-09-04 12:00:00,1.104585,1.106481,1.104566,1.106463,50
2024-09-04 13:00:00,1.106463,1.106649,1.105923,1.106109,50
2024-09-04 14:00:00,1.106109,1.106686,1.105937,1.106514,50
2024-09-04 15:00:00,1.106514,1.107956,1.106451,1.107894,50
2024-09-04 16:00:00,1.107894,1.108014,1.107466,1.107585,50
2024-09-04 17:00:00,1.107585,1.107617,1.107107,1.107138,50
2024-09-04 18:00:00,1.107138,1.107291,1.104924,1.105076,50
2024-09-04 19:00:00,1.105076,1.106333,1.104921,1.106178,50
2024-09-04 20:00:00,1.106178,1.106434,1.105047,1.105303,50
2024-09-04 21:00:00,1.105303,1.106210,1.105230,1.106137,50
2024-09-04 22:00:00,1.106137,1.108888,1.105958,1.108709,50
2024-09-04 23:00:00,1.108709,1.108770,1.108095,1.108156,50
2024-09-05 00:00:00,1.108156,1.108347,1.107230,1.107421,50
2024-09-05 01:00:00,1.107421,1.107559,1.107372,1.107510,50
2024-09-05 02:00:00,1.107510,1.107882,1.107504,1.107875,50
2024-09-05 03:00:00,1.107875,1.107884,1.107857,1.107865,50
2024-09-05 04:00:00,1.107865,1.108453,1.107840,1.108428,50
2024-09-05 05:00:00,1.108428,1.108508,1.108058,1.108138,50
2024-09-05 06:00:00,1.108138,1.108299,1.107666,1.107827,50
2024-09-05 07:00:00,1.107827,1.108242,1.107744,1.108159,50
2024-09-05 08:00:00,1.108159,1.108579,1.108120,1.108540,50
2024-09-05 09:00:00,1.108540,1.108890,1.108388,1.108738,50
2024-09-05 10:00:00,1.108738,1.109629,1.108628,1.109518,50
2024-09-05 11:00:00,1.109518,1.109857,1.109359,1.109699,50
2024-09-05 12:00:00,1.109699,1.110653,1.109604,1.110558,50
2024-09-05 13:00:00,1.110558,1.110585,1.109795,1.109822,50
2024-09-05 14:00:00,1.109822,1.109927,1.109106,1.109210,50
2024-09-05 15:00:00,1.109210,1.109675,1.109115,1.109579,50
2024-09-05 16:00:00,1.109579,1.109644,1.109026,1.109090,50
2024-09-05 17:00:00,1.109090,1.109974,1.109069,1.109952,50
2024-09-05 18:00:00,1.109952,1.110416,1.109943,1.110407,50
2024-09-05 19:00:00,1.110407,1.110521,1.109265,1.109380,50
2024-09-05 20:00:00,1.109380,1.109393,1.108922,1.108936,50
2024-09-05 21:00:00,1.108936,1.109005,1.108343,1.108413,50
2024-09-05 22:00:00,1.108413,1.108421,1.107945,1.107953,50
2024-09-05 23:00:00,1.107953,1.109725,1.107860,1.109632,50
2024-09-06 00:00:00,1.109632,1.109646,1.109619,1.109633,50
2024-09-06 01:00:00,1.109633,1.109685,1.109547,1.109599,50
2024-09-06 02:00:00,1.109599,1.109847,1.109597,1.109845,50
2024-09-06 03:00:00,1.109845,1.109997,1.108992,1.109144,50
2024-09-06 04:00:00,1.109144,1.109298,1.107323,1.107477,50
2024-09-06 05:00:00,1.107477,1.108167,1.107428,1.108118,50
2024-09-06 06:00:00,1.108118,1.108655,1.108069,1.108606,50
2024-09-06 07:00:00,1.108606,1.108685,1.108372,1.108451,50
2024-09-06 08:00:00,1.108451,1.108744,1.108441,1.108734,50
2024-09-06 09:00:00,1.108734,1.108902,1.108564,1.108732,50
2024-09-06 10:00:00,1.108732,1.108732,1.107534,1.107534,50
2024-09-06 11:00:00,1.107534,1.107940,1.107440,1.107846,50
2024-09-06 12:00:00,1.107846,1.108027,1.107404,1.107585,50
2024-09-06 13:00:00,1.107585,1.107984,1.107462,1.107860,50
2024-09-06 14:00:00,1.107860,1.107892,1.107671,1.107702,50
2024-09-06 15:00:00,1.107702,1.108806,1.107524,1.108627,50
2024-09-06 16:00:00,1.108627,1.109133,1.108455,1.108960,50
2024-09-06 17:00:00,1.108960,1.109070,1.108853,1.108963,50
2024-09-06 18:00:00,1.108963,1.109781,1.108791,1.109609,50
2024-09-06 19:00:00,1.109609,1.110274,1.109607,1.110272,50
2024-09-06 20:00:00,1.110272,1.110962,1.110113,1.110802,50
2024-09-06 21:00:00,1.110802,1.110988,1.109845,1.110031,50
2024-09-06 22:00:00,1.110031,1.110156,1.109372,1.109497,50
2024-09-06 23:00:00,1.109497,1.109553,1.108591,1.108647,50
2024-09-09 00:00:00,1.108647,1.108893,1.106491,1.106736,50
2024-09-09 01:00:00,1.106736,1.106901,1.106593,1.106758,50
2024-09-09 02:00:00,1.106758,1.108541,1.106629,1.108411,50
2024-09-09 03:00:00,1.108411,1.108518,1.107924,1.108031,50
2024-09-09 04:00:00,1.108031,1.109848,1.107712,1.109529,50
2024-09-09 05:00:00,1.109529,1.109570,1.107387,1.107428,50
2024-09-09 06:00:00,1.107428,1.107445,1.106762,1.106779,50
2024-09-09 07:00:00,1.106779,1.106960,1.104280,1.104461,50
2024-09-09 08:00:00,1.104461,1.105000,1.104116,1.104655,50
2024-09-09 09:00:00,1.104655,1.106948,1.104383,1.106677,50
2024-09-09 10:00:00,1.106677,1.107999,1.106387,1.107709,50
2024-09-09 11:00:00,1.107709,1.107943,1.105677,1.105910,50
2024-09-09 12:00:00,1.105910,1.106887,1.105841,1.106818,50
2024-09-09 13:00:00,1.106818,1.108149,1.106451,1.107781,50
2024-09-09 14:00:00,1.107781,1.108053,1.107647,1.107918,50
2024-09-09 15:00:00,1.107918,1.108697,1.107582,1.108360,50
2024-09-09 16:00:00,1.108360,1.108728,1.107742,1.108109,50
2024-09-09 17:00:00,1.108109,1.109404,1.107988,1.109283,50
2024-09-09 18:00:00,1.109283,1.109426,1.107575,1.107718,50
2024-09-09 19:00:00,1.107718,1.108009,1.105202,1.105493,50
2024-09-09 20:00:00,1.105493,1.105758,1.103709,1.103974,50
2024-09-09 21:00:00,1.103974,1.105766,1.103670,1.105462,50
2024-09-09 22:00:00,1.105462,1.105478,1.105118,1.105133,50
2024-09-09 23:00:00,1.105133,1.105251,1.104123,1.104240,50
2024-09-10 00:00:00,1.104240,1.104381,1.104096,1.104237,50
2024-09-10 01:00:00,1.104237,1.104650,1.104188,1.104602,50
2024-09-10 02:00:00,1.104602,1.104735,1.104520,1.104653,50
2024-09-10 03:00:00,1.104653,1.104718,1.104440,1.104505,50
2024-09-10 04:00:00,1.104505,1.104906,1.104397,1.104798,50
2024-09-10 05:00:00,1.104798,1.105148,1.104611,1.104961,50
2024-09-10 06:00:00,1.104961,1.105017,1.104944,1.105000,50
2024-09-10 07:00:00,1.105000,1.105135,1.104907,1.105042,50
2024-09-10 08:00:00,1.105042,1.105142,1.104830,1.104930,50
2024-09-10 09:00:00,1.104930,1.104985,1.104646,1.104702,50
2024-09-10 10:00:00,1.104702,1.104847,1.104070,1.104216,50
2024-09-10 11:00:00,1.104216,1.104300,1.103759,1.103843,50
2024-09-10 12:00:00,1.103843,1.103953,1.103640,1.103750,50
2024-09-10 13:00:00,1.103750,1.103837,1.103117,1.103204,50
2024-09-10 14:00:00,1.103204,1.103276,1.102933,1.103005,50
2024-09-10 15:00:00,1.103005,1.103075,1.102768,1.102838,50
2024-09-10 16:00:00,1.102838,1.102892,1.102282,1.102336,50
2024-09-10 17:00:00,1.102336,1.102523,1.102187,1.102374,50
2024-09-10 18:00:00,1.102374,1.102700,1.102297,1.102623,50
2024-09-10 19:00:00,1.102623,1.102691,1.102436,1.102503,50
2024-09-10 20:00:00,1.102503,1.102599,1.102250,1.102346,50
2024-09-10 21:00:00,1.102346,1.102509,1.101774,1.101937,50
2024-09-10 22:00:00,1.101937,1.101955,1.101717,1.101734,50
2024-09-10 23:00:00,1.101734,1.102561,1.101709,1.102536,50
2024-09-11 00:00:00,1.102536,1.103599,1.102456,1.103520,50
2024-09-11 01:00:00,1.103520,1.103663,1.103034,1.103177,50
2024-09-11 02:00:00,1.103177,1.103311,1.103169,1.103303,50
2024-09-11 03:00:00,1.103303,1.103423,1.103293,1.103414,50
2024-09-11 04:00:00,1.103414,1.103476,1.103120,1.103182,50
2024-09-11 05:00:00,1.103182,1.103412,1.103142,1.103371,50
2024-09-11 06:00:00,1.103371,1.103568,1.101624,1.101821,50
2024-09-11 07:00:00,1.101821,1.101996,1.101073,1.101248,50
2024-09-11 08:00:00,1.101248,1.102025,1.101189,1.101967,50
2024-09-11 09:00:00,1.101967,1.102057,1.101172,1.101262,50
2024-09-11 10:00:00,1.101262,1.101280,1.101256,1.101274,50
2024-09-11 11:00:00,1.101274,1.101412,1.101097,1.101236,50
2024-09-11 12:00:00,1.101236,1.101347,1.100887,1.100998,50
2024-09-11 13:00:00,1.100998,1.101838,1.100859,1.101699,50
2024-09-11 14:00:00,1.101699,1.101711,1.100818,1.100830,50
2024-09-11 15:00:00,1.100830,1.100937,1.100629,1.100737,50
2024-09-11 16:00:00,1.100737,1.100843,1.100717,1.100823,50
2024-09-11 17:00:00,1.100823,1.101413,1.100739,1.101330,50
2024-09-11 18:00:00,1.101330,1.101496,1.100966,1.101132,50
2024-09-11 19:00:00,1.101132,1.101307,1.100042,1.100216,50
2024-09-11 20:00:00,1.100216,1.100592,1.100113,1.100489,50
2024-09-11 21:00:00,1.100489,1.100946,1.100298,1.100754,50
2024-09-11 22:00:00,1.100754,1.101842,1.100719,1.101806,50
2024-09-11 23:00:00,1.101806,1.101869,1.101138,1.101200,50
2024-09-12 00:00:00,1.101200,1.101367,1.100450,1.100617,50
2024-09-12 01:00:00,1.100617,1.101162,1.100545,1.101090,50
2024-09-12 02:00:00,1.101090,1.101850,1.100866,1.101626,50
2024-09-12 03:00:00,1.101626,1.101940,1.101466,1.101780,50
2024-09-12 04:00:00,1.101780,1.102402,1.101631,1.102253,50
2024-09-12 05:00:00,1.102253,1.103075,1.102050,1.102873,50
2024-09-12 06:00:00,1.102873,1.103678,1.102857,1.103662,50
2024-09-12 07:00:00,1.103662,1.103909,1.103599,1.103846,50
2024-09-12 08:00:00,1.103846,1.104126,1.103835,1.104115,50
2024-09-12 09:00:00,1.104115,1.104250,1.104030,1.104166,50
2024-09-12 10:00:00,1.104166,1.104367,1.103127,1.103328,50
2024-09-12 11:00:00,1.103328,1.103331,1.102855,1.102858,50
2024-09-12 12:00:00,1.102858,1.102958,1.102449,1.102549,50
2024-09-12 13:00:00,1.102549,1.102578,1.101913,1.101941,50
2024-09-12 14:00:00,1.101941,1.102624,1.101893,1.102576,50
2024-09-12 15:00:00,1.102576,1.103177,1.102538,1.103140,50
2024-09-12 16:00:00,1.103140,1.103569,1.102987,1.103416,50
2024-09-12 17:00:00,1.103416,1.103846,1.103279,1.103709,50
2024-09-12 18:00:00,1.103709,1.103867,1.103700,1.103858,50
2024-09-12 19:00:00,1.103858,1.104710,1.103850,1.104702,50
2024-09-12 20:00:00,1.104702,1.104837,1.104144,1.104279,50
2024-09-12 21:00:00,1.104279,1.104521,1.104061,1.104302,50
2024-09-12 22:00:00,1.104302,1.104477,1.102965,1.103140,50
2024-09-12 23:00:00,1.103140,1.104165,1.103094,1.104118,50
2024-09-13 00:00:00,1.104118,1.104378,1.102978,1.103237,50
2024-09-13 01:00:00,1.103237,1.104415,1.103022,1.104199,50
2024-09-13 02:00:00,1.104199,1.104230,1.103870,1.103901,50
2024-09-13 03:00:00,1.103901,1.105326,1.103611,1.105036,50
2024-09-13 04:00:00,1.105036,1.105167,1.103647,1.103778,50
2024-09-13 05:00:00,1.103778,1.104353,1.103559,1.104135,50
2024-09-13 06:00:00,1.104135,1.104943,1.103977,1.104785,50
2024-09-13 07:00:00,1.104785,1.105002,1.104360,1.104578,50
2024-09-13 08:00:00,1.104578,1.106110,1.104322,1.105854,50
2024-09-13 09:00:00,1.105854,1.106769,1.105771,1.106686,50
2024-09-13 10:00:00,1.106686,1.107073,1.106677,1.107064,50
2024-09-13 11:00:00,1.107064,1.107202,1.106826,1.106964,50
2024-09-13 12:00:00,1.106964,1.107097,1.106810,1.106943,50
2024-09-13 13:00:00,1.106943,1.107641,1.106663,1.107361,50
2024-09-13 14:00:00,1.107361,1.108277,1.107142,1.108059,50
2024-09-13 15:00:00,1.108059,1.108249,1.107743,1.107932,50
2024-09-13 16:00:00,1.107932,1.108226,1.107586,1.107879,50
2024-09-13 17:00:00,1.107879,1.108656,1.107525,1.108301,50
2024-09-13 18:00:00,1.108301,1.108341,1.107317,1.107357,50
2024-09-13 19:00:00,1.107357,1.108336,1.107326,1.108305,50
2024-09-13 20:00:00,1.108305,1.109431,1.108279,1.109406,50
2024-09-13 21:00:00,1.109406,1.109663,1.108609,1.108866,50
2024-09-13 22:00:00,1.108866,1.109205,1.107541,1.107880,50
2024-09-13 23:00:00,1.107880,1.108632,1.107773,1.108525,50
2024-09-16 00:00:00,1.108525,1.110126,1.108497,1.110098,50
2024-09-16 01:00:00,1.110098,1.110251,1.109102,1.109255,50
2024-09-16 02:00:00,1.109255,1.109314,1.108792,1.108851,50
2024-09-16 03:00:00,1.108851,1.109154,1.108755,1.109057,50
2024-09-16 04:00:00,1.109057,1.109109,1.108425,1.108476,50
2024-09-16 05:00:00,1.108476,1.108636,1.107600,1.107760,50
2024-09-16 06:00:00,1.107760,1.108055,1.107612,1.107907,50
2024-09-16 07:00:00,1.107907,1.108515,1.107692,1.108301,50
2024-09-16 08:00:00,1.108301,1.108421,1.107876,1.107996,50
2024-09-16 09:00:00,1.107996,1.109574,1.107859,1.109436,50
2024-09-16 10:00:00,1.109436,1.110048,1.109351,1.109962,50
2024-09-16 11:00:00,1.109962,1.110598,1.109663,1.110299,50
2024-09-16 12:00:00,1.110299,1.110543,1.109464,1.109708,50
2024-09-16 13:00:00,1.109708,1.111302,1.109580,1.111174,50
2024-09-16 14:00:00,1.111174,1.111248,1.111049,1.111123,50
2024-09-16 15:00:00,1.111123,1.111749,1.111019,1.111645,50
2024-09-16 16:00:00,1.111645,1.111936,1.111497,1.111788,50
2024-09-16 17:00:00,1.111788,1.111913,1.111650,1.111775,50
2024-09-16 18:00:00,1.111775,1.111950,1.111104,1.111279,50
2024-09-16 19:00:00,1.111279,1.111533,1.111108,1.111362,50
2024-09-16 20:00:00,1.111362,1.111567,1.111289,1.111495,50
2024-09-16 21:00:00,1.111495,1.112080,1.111227,1.111812,50
2024-09-16 22:00:00,1.111812,1.112014,1.111428,1.111630,50
2024-09-16 23:00:00,1.111630,1.112583,1.111394,1.112347,50
2024-09-17 00:00:00,1.112347,1.112934,1.112291,1.112879,50
2024-09-17 01:00:00,1.112879,1.113010,1.112696,1.112827,50
2024-09-17 02:00:00,1.112827,1.112942,1.111971,1.112086,50
2024-09-17 03:00:00,1.112086,1.112697,1.111897,1.112508,50
2024-09-17 04:00:00,1.112508,1.112632,1.111716,1.111840,50
2024-09-17 05:00:00,1.111840,1.111912,1.111632,1.111704,50
2024-09-17 06:00:00,1.111704,1.111708,1.110706,1.110710,50
2024-09-17 07:00:00,1.110710,1.110856,1.110289,1.110435,50
2024-09-17 08:00:00,1.110435,1.110537,1.110331,1.110432,50
2024-09-17 09:00:00,1.110432,1.111552,1.110292,1.111413,50
2024-09-17 10:00:00,1.111413,1.111533,1.111400,1.111520,50
2024-09-17 11:00:00,1.111520,1.112259,1.111511,1.112249,50
2024-09-17 12:00:00,1.112249,1.112822,1.112182,1.112756,50
2024-09-17 13:00:00,1.112756,1.112999,1.112669,1.112913,50
2024-09-17 14:00:00,1.112913,1.113504,1.112900,1.113491,50
2024-09-17 15:00:00,1.113491,1.113597,1.113416,1.113522,50
2024-09-17 16:00:00,1.113522,1.113679,1.113189,1.113346,50
2024-09-17 17:00:00,1.113346,1.113915,1.113199,1.113767,50
2024-09-17 18:00:00,1.113767,1.113899,1.113210,1.113342,50
2024-09-17 19:00:00,1.113342,1.113424,1.113010,1.113092,50
2024-09-17 20:00:00,1.113092,1.113290,1.112274,1.112472,50
2024-09-17 21:00:00,1.112472,1.112659,1.111967,1.112154,50
2024-09-17 22:00:00,1.112154,1.112257,1.111391,1.111494,50
2024-09-17 23:00:00,1.111494,1.111968,1.111379,1.111852,50
2024-09-18 00:00:00,1.111852,1.113363,1.111693,1.113204,50
2024-09-18 01:00:00,1.113204,1.113347,1.113191,1.113333,50
2024-09-18 02:00:00,1.113333,1.113419,1.113310,1.113396,50
2024-09-18 03:00:00,1.113396,1.113527,1.113120,1.113250,50
2024-09-18 04:00:00,1.113250,1.113342,1.112081,1.112173,50
2024-09-18 05:00:00,1.112173,1.112238,1.111804,1.111869,50
2024-09-18 06:00:00,1.111869,1.112327,1.111686,1.112144,50
2024-09-18 07:00:00,1.112144,1.112421,1.112093,1.112370,50
2024-09-18 08:00:00,1.112370,1.112541,1.112099,1.112270,50
2024-09-18 09:00:00,1.112270,1.112273,1.111698,1.111701,50
2024-09-18 10:00:00,1.111701,1.111795,1.111271,1.111365,50
2024-09-18 11:00:00,1.111365,1.111497,1.110926,1.111059,50
2024-09-18 12:00:00,1.111059,1.111109,1.110860,1.110910,50
2024-09-18 13:00:00,1.110910,1.111062,1.110616,1.110769,50
2024-09-18 14:00:00,1.110769,1.110859,1.110695,1.110786,50
2024-09-18 15:00:00,1.110786,1.110805,1.110103,1.110123,50
2024-09-18 16:00:00,1.110123,1.110256,1.109929,1.110061,50
2024-09-18 17:00:00,1.110061,1.110860,1.109976,1.110774,50
2024-09-18 18:00:00,1.110774,1.110787,1.110582,1.110594,50
2024-09-18 19:00:00,1.110594,1.111354,1.110456,1.111215,50
2024-09-18 20:00:00,1.111215,1.111997,1.111084,1.111866,50
2024-09-18 21:00:00,1.111866,1.111893,1.111501,1.111527,50
2024-09-18 22:00:00,1.111527,1.111603,1.110783,1.110858,50
2024-09-18 23:00:00,1.110858,1.111705,1.110759,1.111605,50
2024-09-19 00:00:00,1.111605,1.111702,1.111324,1.111420,50
2024-09-19 01:00:00,1.111420,1.111866,1.111185,1.111631,50
2024-09-19 02:00:00,1.111631,1.111769,1.111300,1.111438,50
2024-09-19 03:00:00,1.111438,1.111595,1.111230,1.111387,50
2024-09-19 04:00:00,1.111387,1.111447,1.111321,1.111381,50
2024-09-19 05:00:00,1.111381,1.111479,1.111064,1.111163,50
2024-09-19 06:00:00,1.111163,1.111487,1.111160,1.111483,50
2024-09-19 07:00:00,1.111483,1.112254,1.111242,1.112013,50
2024-09-19 08:00:00,1.112013,1.112222,1.111830,1.112039,50
2024-09-19 09:00:00,1.112039,1.112590,1.111921,1.112472,50
2024-09-19 10:00:00,1.112472,1.112651,1.112218,1.112397,50
2024-09-19 11:00:00,1.112397,1.112841,1.112350,1.112794,50
2024-09-19 12:00:00,1.112794,1.113512,1.112574,1.113292,50
2024-09-19 13:00:00,1.113292,1.113385,1.112848,1.112940,50
2024-09-19 14:00:00,1.112940,1.114295,1.112684,1.114039,50
2024-09-19 15:00:00,1.114039,1.114437,1.113941,1.114339,50
2024-09-19 16:00:00,1.114339,1.114834,1.114290,1.114785,50
2024-09-19 17:00:00,1.114785,1.114998,1.113787,1.114000,50
2024-09-19 18:00:00,1.114000,1.115035,1.113984,1.115019,50
2024-09-19 19:00:00,1.115019,1.115370,1.114955,1.115305,50
2024-09-19 20:00:00,1.115305,1.115448,1.114297,1.114439,50
2024-09-19 21:00:00,1.114439,1.114986,1.114223,1.114770,50
2024-09-19 22:00:00,1.114770,1.114876,1.114465,1.114571,50
2024-09-19 23:00:00,1.114571,1.114756,1.114518,1.114703,50
2024-09-20 00:00:00,1.114703,1.114808,1.114149,1.114254,50
2024-09-20 01:00:00,1.114254,1.114375,1.113530,1.113651,50
2024-09-20 02:00:00,1.113651,1.114248,1.113475,1.114072,50
2024-09-20 03:00:00,1.114072,1.114147,1.113952,1.114028,50
2024-09-20 04:00:00,1.114028,1.115012,1.114019,1.115003,50
2024-09-20 05:00:00,1.115003,1.115066,1.114115,1.114178,50
2024-09-20 06:00:00,1.114178,1.114336,1.113657,1.113815,50
2024-09-20 07:00:00,1.113815,1.114535,1.113771,1.114492,50
2024-09-20 08:00:00,1.114492,1.114918,1.114423,1.114849,50
2024-09-20 09:00:00,1.114849,1.115158,1.114756,1.115064,50
2024-09-20 10:00:00,1.115064,1.115980,1.114996,1.115912,50
2024-09-20 11:00:00,1.115912,1.116303,1.115713,1.116103,50
2024-09-20 12:00:00,1.116103,1.116292,1.115873,1.116062,50
2024-09-20 13:00:00,1.116062,1.116234,1.115471,1.115644,50
2024-09-20 14:00:00,1.115644,1.115670,1.115575,1.115601,50
2024-09-20 15:00:00,1.115601,1.115647,1.115203,1.115248,50
2024-09-20 16:00:00,1.115248,1.115359,1.114901,1.115012,50
2024-09-20 17:00:00,1.115012,1.115030,1.114801,1.114818,50
2024-09-20 18:00:00,1.114818,1.115568,1.114704,1.115453,50
2024-09-20 19:00:00,1.115453,1.116254,1.115345,1.116146,50
2024-09-20 20:00:00,1.116146,1.116907,1.116102,1.116863,50
2024-09-20 21:00:00,1.116863,1.117183,1.116678,1.116999,50
2024-09-20 22:00:00,1.116999,1.117182,1.116327,1.116510,50
2024-09-20 23:00:00,1.116510,1.116691,1.115766,1.115947,50
2024-09-23 00:00:00,1.115947,1.116563,1.115706,1.116321,50
2024-09-23 01:00:00,1.116321,1.116376,1.115849,1.115903,50
2024-09-23 02:00:00,1.115903,1.115906,1.115490,1.115493,50
2024-09-23 03:00:00,1.115493,1.115685,1.114436,1.114629,50
2024-09-23 04:00:00,1.114629,1.114983,1.114406,1.114761,50
2024-09-23 05:00:00,1.114761,1.114877,1.114265,1.114381,50
2024-09-23 06:00:00,1.114381,1.114819,1.114290,1.114728,50
2024-09-23 07:00:00,1.114728,1.114898,1.113636,1.113806,50
2024-09-23 08:00:00,1.113806,1.113875,1.113110,1.113178,50
2024-09-23 09:00:00,1.113178,1.113267,1.112741,1.112829,50
2024-09-23 10:00:00,1.112829,1.112862,1.112679,1.112712,50
2024-09-23 11:00:00,1.112712,1.113098,1.112653,1.113039,50
2024-09-23 12:00:00,1.113039,1.113266,1.112641,1.112868,50
2024-09-23 13:00:00,1.112868,1.113007,1.112481,1.112621,50
2024-09-23 14:00:00,1.112621,1.112917,1.112615,1.112911,50
2024-09-23 15:00:00,1.112911,1.113128,1.112153,1.112370,50
2024-09-23 16:00:00,1.112370,1.113101,1.112286,1.113017,50
2024-09-23 17:00:00,1.113017,1.113630,1.112851,1.113464,50
2024-09-23 18:00:00,1.113464,1.114033,1.113224,1.113792,50
2024-09-23 19:00:00,1.113792,1.114211,1.113679,1.114098,50
2024-09-23 20:00:00,1.114098,1.114101,1.113806,1.113810,50
2024-09-23 21:00:00,1.113810,1.113822,1.113068,1.113080,50
2024-09-23 22:00:00,1.113080,1.113121,1.112990,1.113031,50
2024-09-23 23:00:00,1.113031,1.113102,1.112895,1.112966,50
2024-09-24 00:00:00,1.112966,1.114357,1.112871,1.114262,50
2024-09-24 01:00:00,1.114262,1.114422,1.113313,1.113473,50
2024-09-24 02:00:00,1.113473,1.113474,1.113160,1.113160,50
2024-09-24 03:00:00,1.113160,1.113243,1.112842,1.112924,50
2024-09-24 04:00:00,1.112924,1.113376,1.112737,1.113190,50
2024-09-24 05:00:00,1.113190,1.113205,1.113059,1.113074,50
2024-09-24 06:00:00,1.113074,1.113253,1.112902,1.113080,50
2024-09-24 07:00:00,1.113080,1.113220,1.112371,1.112511,50
2024-09-24 08:00:00,1.112511,1.112843,1.112328,1.112660,50
2024-09-24 09:00:00,1.112660,1.112779,1.112167,1.112286,50
2024-09-24 10:00:00,1.112286,1.112870,1.112164,1.112748,50
2024-09-24 11:00:00,1.112748,1.112905,1.112355,1.112513,50
2024-09-24 12:00:00,1.112513,1.112522,1.112385,1.112394,50
2024-09-24 13:00:00,1.112394,1.112731,1.112347,1.112684,50
2024-09-24 14:00:00,1.112684,1.113623,1.112504,1.113444,50
2024-09-24 15:00:00,1.113444,1.114084,1.113261,1.113902,50
2024-09-24 16:00:00,1.113902,1.114162,1.113826,1.114086,50
2024-09-24 17:00:00,1.114086,1.114452,1.114000,1.114366,50
2024-09-24 18:00:00,1.114366,1.114378,1.114195,1.114207,50
2024-09-24 19:00:00,1.114207,1.115116,1.114031,1.114940,50
2024-09-24 20:00:00,1.114940,1.115183,1.114853,1.115097,50
2024-09-24 21:00:00,1.115097,1.115830,1.114898,1.115631,50
2024-09-24 22:00:00,1.115631,1.115763,1.115489,1.115621,50
2024-09-24 23:00:00,1.115621,1.115800,1.114772,1.114951,50
2024-09-25 00:00:00,1.114951,1.114970,1.114123,1.114141,50
2024-09-25 01:00:00,1.114141,1.114155,1.113494,1.113507,50
2024-09-25 02:00:00,1.113507,1.113696,1.112780,1.112969,50
2024-09-25 03:00:00,1.112969,1.113632,1.112819,1.113482,50
2024-09-25 04:00:00,1.113482,1.114113,1.113338,1.113969,50
2024-09-25 05:00:00,1.113969,1.114151,1.113894,1.114076,50
2024-09-25 06:00:00,1.114076,1.114521,1.114036,1.114482,50
2024-09-25 07:00:00,1.114482,1.114646,1.113912,1.114076,50
2024-09-25 08:00:00,1.114076,1.115270,1.113980,1.115174,50
2024-09-25 09:00:00,1.115174,1.115321,1.114896,1.115044,50
2024-09-25 10:00:00,1.115044,1.115456,1.114990,1.115402,50
2024-09-25 11:00:00,1.115402,1.116032,1.115353,1.115983,50
2024-09-25 12:00:00,1.115983,1.116458,1.115807,1.116282,50
2024-09-25 13:00:00,1.116282,1.116477,1.115181,1.115376,50
2024-09-25 14:00:00,1.115376,1.116431,1.115215,1.116269,50
2024-09-25 15:00:00,1.116269,1.116471,1.116111,1.116312,50
2024-09-25 16:00:00,1.116312,1.116459,1.115541,1.115688,50
2024-09-25 17:00:00,1.115688,1.115722,1.114985,1.115020,50
2024-09-25 18:00:00,1.115020,1.115764,1.114961,1.115705,50
2024-09-25 19:00:00,1.115705,1.115797,1.114816,1.114908,50
2024-09-25 20:00:00,1.114908,1.115067,1.114258,1.114418,50
2024-09-25 21:00:00,1.114418,1.114418,1.113899,1.113900,50
2024-09-25 22:00:00,1.113900,1.113986,1.113560,1.113646,50
2024-09-25 23:00:00,1.113646,1.114368,1.113609,1.114330,50
2024-09-26 00:00:00,1.114330,1.114331,1.114041,1.114042,50
2024-09-26 01:00:00,1.114042,1.114476,1.113910,1.114344,50
2024-09-26 02:00:00,1.114344,1.116962,1.114169,1.116786,50
2024-09-26 03:00:00,1.116786,1.117126,1.115339,1.115678,50
2024-09-26 04:00:00,1.115678,1.115705,1.114275,1.114301,50
2024-09-26 05:00:00,1.114301,1.116631,1.114233,1.116563,50
2024-09-26 06:00:00,1.116563,1.119370,1.116459,1.119266,50
2024-09-26 07:00:00,1.119266,1.119479,1.117674,1.117888,50
2024-09-26 08:00:00,1.117888,1.117895,1.116696,1.116703,50
2024-09-26 09:00:00,1.116703,1.116786,1.116218,1.116301,50
2024-09-26 10:00:00,1.116301,1.116307,1.113502,1.113508,50
2024-09-26 11:00:00,1.113508,1.114733,1.113209,1.114434,50
2024-09-26 12:00:00,1.114434,1.114763,1.114067,1.114395,50
2024-09-26 13:00:00,1.114395,1.115598,1.114082,1.115285,50
2024-09-26 14:00:00,1.115285,1.115623,1.114649,1.114987,50
2024-09-26 15:00:00,1.114987,1.115202,1.114345,1.114559,50
2024-09-26 16:00:00,1.114559,1.114562,1.113946,1.113948,50
2024-09-26 17:00:00,1.113948,1.117865,1.113887,1.117804,50
2024-09-26 18:00:00,1.117804,1.118066,1.116079,1.116342,50
2024-09-26 19:00:00,1.116342,1.118182,1.116214,1.118054,50
2024-09-26 20:00:00,1.118054,1.118153,1.117286,1.117385,50
2024-09-26 21:00:00,1.117385,1.117977,1.117370,1.117962,50
2024-09-26 22:00:00,1.117962,1.117974,1.116580,1.116592,50
2024-09-26 23:00:00,1.116592,1.118490,1.116545,1.118443,50
2024-09-27 00:00:00,1.118443,1.118555,1.117520,1.117632,50
2024-09-27 01:00:00,1.117632,1.118120,1.117567,1.118056,50
2024-09-27 02:00:00,1.118056,1.118948,1.117993,1.118885,50
2024-09-27 03:00:00,1.118885,1.118892,1.118741,1.118748,50
2024-09-27 04:00:00,1.118748,1.118823,1.118017,1.118092,50
2024-09-27 05:00:00,1.118092,1.119136,1.117898,1.118942,50
2024-09-27 06:00:00,1.118942,1.118990,1.118450,1.118498,50
2024-09-27 07:00:00,1.118498,1.118925,1.118386,1.118813,50
2024-09-27 08:00:00,1.118813,1.118857,1.118740,1.118784,50
2024-09-27 09:00:00,1.118784,1.118975,1.117276,1.117468,50
2024-09-27 10:00:00,1.117468,1.117992,1.117276,1.117801,50
2024-09-27 11:00:00,1.117801,1.117980,1.117049,1.117228,50
2024-09-27 12:00:00,1.117228,1.117299,1.116491,1.116562,50
2024-09-27 13:00:00,1.116562,1.116975,1.116363,1.116776,50
2024-09-27 14:00:00,1.116776,1.117165,1.116599,1.116989,50
2024-09-27 15:00:00,1.116989,1.117167,1.116773,1.116951,50
2024-09-27 16:00:00,1.116951,1.117101,1.116228,1.116379,50
2024-09-27 17:00:00,1.116379,1.116423,1.115403,1.115448,50
2024-09-27 18:00:00,1.115448,1.115658,1.115432,1.115643,50
2024-09-27 19:00:00,1.115643,1.115909,1.115554,1.115820,50
2024-09-27 20:00:00,1.115820,1.116844,1.115612,1.116637,50
2024-09-27 21:00:00,1.116637,1.118001,1.116454,1.117818,50
2024-09-27 22:00:00,1.117818,1.118597,1.117617,1.118396,50
2024-09-27 23:00:00,1.118396,1.118410,1.115933,1.115947,50
2024-09-30 00:00:00,1.115947,1.116407,1.115844,1.116303,50
2024-09-30 01:00:00,1.116303,1.116494,1.116106,1.116296,50
2024-09-30 02:00:00,1.116296,1.116337,1.116096,1.116138,50
2024-09-30 03:00:00,1.116138,1.116629,1.115956,1.116447,50
2024-09-30 04:00:00,1.116447,1.116883,1.116292,1.116728,50
2024-09-30 05:00:00,1.116728,1.117036,1.116564,1.116872,50
2024-09-30 06:00:00,1.116872,1.117011,1.116477,1.116616,50
2024-09-30 07:00:00,1.116616,1.116741,1.116087,1.116212,50
2024-09-30 08:00:00,1.116212,1.116260,1.116140,1.116188,50
2024-09-30 09:00:00,1.116188,1.116292,1.115566,1.115671,50
2024-09-30 10:00:00,1.115671,1.115852,1.115412,1.115593,50
2024-09-30 11:00:00,1.115593,1.115661,1.115038,1.115106,50
2024-09-30 12:00:00,1.115106,1.115180,1.114423,1.114498,50
2024-09-30 13:00:00,1.114498,1.114684,1.114029,1.114216,50
2024-09-30 14:00:00,1.114216,1.114570,1.114031,1.114385,50
2024-09-30 15:00:00,1.114385,1.114407,1.114123,1.114145,50
2024-09-30 16:00:00,1.114145,1.114309,1.113851,1.114016,50
2024-09-30 17:00:00,1.114016,1.114188,1.113784,1.113956,50
2024-09-30 18:00:00,1.113956,1.114149,1.113336,1.113529,50
2024-09-30 19:00:00,1.113529,1.114016,1.113408,1.113896,50
2024-09-30 20:00:00,1.113896,1.114471,1.113749,1.114325,50
2024-09-30 21:00:00,1.114325,1.114731,1.114173,1.114579,50
2024-09-30 22:00:00,1.114579,1.114590,1.114377,1.114388,50
2024-09-30 23:00:00,1.114388,1.114519,1.114324,1.114454,50
2024-10-01 00:00:00,1.114454,1.115047,1.112959,1.113551,50
2024-10-01 01:00:00,1.113551,1.116028,1.113389,1.115866,50
2024-10-01 02:00:00,1.115866,1.116485,1.112959,1.113579,50
2024-10-01 03:00:00,1.113579,1.116383,1.113204,1.116008,50
2024-10-01 04:00:00,1.116008,1.116583,1.113466,1.114041,50
2024-10-01 05:00:00,1.114041,1.114657,1.113035,1.113651,50
2024-10-01 06:00:00,1.113651,1.114247,1.112594,1.113190,50
2024-10-01 07:00:00,1.113190,1.113382,1.112275,1.112467,50
2024-10-01 08:00:00,1.112467,1.113057,1.110380,1.110971,50
2024-10-01 09:00:00,1.110971,1.111614,1.109036,1.109679,50
2024-10-01 10:00:00,1.109679,1.109908,1.108647,1.108876,50
2024-10-01 11:00:00,1.108876,1.109779,1.108758,1.109661,50
2024-10-01 12:00:00,1.109661,1.114849,1.109456,1.114644,50
2024-10-01 13:00:00,1.114644,1.115278,1.113790,1.114424,50
2024-10-01 14:00:00,1.114424,1.114481,1.113221,1.113278,50
2024-10-01 15:00:00,1.113278,1.113545,1.113107,1.113374,50
2024-10-01 16:00:00,1.113374,1.113828,1.112878,1.113332,50
2024-10-01 17:00:00,1.113332,1.113663,1.110631,1.110962,50
2024-10-01 18:00:00,1.110962,1.111190,1.108347,1.108575,50
2024-10-01 19:00:00,1.108575,1.109091,1.107088,1.107604,50
2024-10-01 20:00:00,1.107604,1.107766,1.107001,1.107163,50
2024-10-01 21:00:00,1.107163,1.107203,1.105091,1.105130,50
2024-10-01 22:00:00,1.105130,1.106742,1.104736,1.106347,50
2024-10-01 23:00:00,1.106347,1.106691,1.106341,1.106684,50
2024-10-02 00:00:00,1.106684,1.106872,1.105698,1.105885,50
2024-10-02 01:00:00,1.105885,1.106805,1.105753,1.106672,50
2024-10-02 02:00:00,1.106672,1.106817,1.105811,1.105955,50
2024-10-02 03:00:00,1.105955,1.106246,1.105788,1.106079,50
2024-10-02 04:00:00,1.106079,1.106246,1.105962,1.106129,50
2024-10-02 05:00:00,1.106129,1.106323,1.104916,1.105110,50
2024-10-02 06:00:00,1.105110,1.105812,1.104990,1.105693,50
2024-10-02 07:00:00,1.105693,1.106341,1.105568,1.106216,50
2024-10-02 08:00:00,1.106216,1.107531,1.106171,1.107486,50
2024-10-02 09:00:00,1.107486,1.107636,1.107302,1.107452,50
2024-10-02 10:00:00,1.107452,1.107542,1.104974,1.105064,50
2024-10-02 11:00:00,1.105064,1.105687,1.104992,1.105615,50
2024-10-02 12:00:00,1.105615,1.106274,1.105469,1.106127,50
2024-10-02 13:00:00,1.106127,1.106783,1.105957,1.106613,50
2024-10-02 14:00:00,1.106613,1.106636,1.105657,1.105680,50
2024-10-02 15:00:00,1.105680,1.106130,1.105661,1.106111,50
2024-10-02 16:00:00,1.106111,1.107218,1.106066,1.107172,50
2024-10-02 17:00:00,1.107172,1.107297,1.106570,1.106694,50
2024-10-02 18:00:00,1.106694,1.106868,1.106093,1.106267,50
2024-10-02 19:00:00,1.106267,1.106392,1.105550,1.105675,50
2024-10-02 20:00:00,1.105675,1.105710,1.105601,1.105636,50
2024-10-02 21:00:00,1.105636,1.105796,1.105181,1.105341,50
2024-10-02 22:00:00,1.105341,1.105529,1.104131,1.104320,50
2024-10-02 23:00:00,1.104320,1.104994,1.104298,1.104972,50
2024-10-03 00:00:00,1.104972,1.105202,1.104294,1.104524,50
2024-10-03 01:00:00,1.104524,1.104738,1.103260,1.103474,50
2024-10-03 02:00:00,1.103474,1.103754,1.101910,1.102191,50
2024-10-03 03:00:00,1.102191,1.102236,1.100692,1.100737,50
2024-10-03 04:00:00,1.100737,1.103431,1.100638,1.103333,50
2024-10-03 05:00:00,1.103333,1.103764,1.103219,1.103650,50
2024-10-03 06:00:00,1.103650,1.103889,1.102939,1.103178,50
2024-10-03 07:00:00,1.103178,1.103318,1.102443,1.102583,50
2024-10-03 08:00:00,1.102583,1.102661,1.102344,1.102422,50
2024-10-03 09:00:00,1.102422,1.103518,1.102258,1.103354,50
2024-10-03 10:00:00,1.103354,1.103947,1.103163,1.103755,50
2024-10-03 11:00:00,1.103755,1.103885,1.103129,1.103259,50
2024-10-03 12:00:00,1.103259,1.103339,1.102419,1.102499,50
2024-10-03 13:00:00,1.102499,1.103198,1.102374,1.103073,50
2024-10-03 14:00:00,1.103073,1.103310,1.101816,1.102053,50
2024-10-03 15:00:00,1.102053,1.102199,1.101680,1.101826,50
2024-10-03 16:00:00,1.101826,1.102017,1.100791,1.100982,50
2024-10-03 17:00:00,1.100982,1.101858,1.100695,1.101570,50
2024-10-03 18:00:00,1.101570,1.101600,1.100938,1.100968,50
2024-10-03 19:00:00,1.100968,1.101730,1.100866,1.101628,50
2024-10-03 20:00:00,1.101628,1.102569,1.101424,1.102366,50
2024-10-03 21:00:00,1.102366,1.103480,1.102340,1.103454,50
2024-10-03 22:00:00,1.103454,1.105771,1.103361,1.105678,50
2024-10-03 23:00:00,1.105678,1.105880,1.101241,1.101443,50
2024-10-04 00:00:00,1.101443,1.102458,1.101067,1.102083,50
2024-10-04 01:00:00,1.102083,1.102302,1.100895,1.101115,50
2024-10-04 02:00:00,1.101115,1.101544,1.096573,1.097002,50
2024-10-04 03:00:00,1.097002,1.097188,1.095904,1.096090,50
2024-10-04 04:00:00,1.096090,1.096938,1.095914,1.096762,50
2024-10-04 05:00:00,1.096762,1.099161,1.096593,1.098992,50
2024-10-04 06:00:00,1.098992,1.099073,1.097645,1.097726,50
2024-10-04 07:00:00,1.097726,1.097858,1.096706,1.096838,50
2024-10-04 08:00:00,1.096838,1.097063,1.096688,1.096914,50
2024-10-04 09:00:00,1.096914,1.097148,1.095615,1.095849,50
2024-10-04 10:00:00,1.095849,1.096982,1.095800,1.096933,50
2024-10-04 11:00:00,1.096933,1.099634,1.096787,1.099488,50
2024-10-04 12:00:00,1.099488,1.100905,1.099257,1.100674,50
2024-10-04 13:00:00,1.100674,1.100721,1.096400,1.096446,50
2024-10-04 14:00:00,1.096446,1.096661,1.095273,1.095488,50
2024-10-04 15:00:00,1.095488,1.095604,1.094953,1.095068,50
2024-10-04 16:00:00,1.095068,1.095767,1.094879,1.095577,50
2024-10-04 17:00:00,1.095577,1.096865,1.095491,1.096779,50
2024-10-04 18:00:00,1.096779,1.099284,1.096581,1.099086,50
2024-10-04 19:00:00,1.099086,1.100100,1.098835,1.099850,50
2024-10-04 20:00:00,1.099850,1.100962,1.099484,1.100596,50
2024-10-04 21:00:00,1.100596,1.100889,1.096544,1.096838,50
2024-10-04 22:00:00,1.096838,1.096884,1.095134,1.095181,50
2024-10-04 23:00:00,1.095181,1.096165,1.095146,1.096131,50
2024-10-07 00:00:00,1.096131,1.096289,1.095993,1.096151,50
2024-10-07 01:00:00,1.096151,1.097037,1.095991,1.096877,50
2024-10-07 02:00:00,1.096877,1.097024,1.095872,1.096020,50
2024-10-07 03:00:00,1.096020,1.096126,1.095100,1.095206,50
2024-10-07 04:00:00,1.095206,1.095981,1.095169,1.095944,50
2024-10-07 05:00:00,1.095944,1.096997,1.095747,1.096799,50
2024-10-07 06:00:00,1.096799,1.096843,1.096370,1.096414,50
2024-10-07 07:00:00,1.096414,1.096666,1.096323,1.096575,50
2024-10-07 08:00:00,1.096575,1.097023,1.096498,1.096946,50
2024-10-07 09:00:00,1.096946,1.097421,1.096764,1.097238,50
2024-10-07 10:00:00,1.097238,1.097317,1.096754,1.096833,50
2024-10-07 11:00:00,1.096833,1.097682,1.096673,1.097523,50
2024-10-07 12:00:00,1.097523,1.097566,1.096980,1.097023,50
2024-10-07 13:00:00,1.097023,1.097436,1.096925,1.097338,50
2024-10-07 14:00:00,1.097338,1.098426,1.097181,1.098269,50
2024-10-07 15:00:00,1.098269,1.098298,1.097797,1.097826,50
2024-10-07 16:00:00,1.097826,1.098019,1.097371,1.097564,50
2024-10-07 17:00:00,1.097564,1.098150,1.097385,1.097971,50
2024-10-07 18:00:00,1.097971,1.098095,1.097818,1.097941,50
2024-10-07 19:00:00,1.097941,1.098606,1.097834,1.098499,50
2024-10-07 20:00:00,1.098499,1.098625,1.098154,1.098280,50
2024-10-07 21:00:00,1.098280,1.098364,1.097771,1.097855,50
2024-10-07 22:00:00,1.097855,1.098026,1.097049,1.097220,50
2024-10-07 23:00:00,1.097220,1.097707,1.097087,1.097574,50
2024-10-08 00:00:00,1.097574,1.098938,1.097555,1.098919,50
2024-10-08 01:00:00,1.098919,1.099052,1.096624,1.096757,50
2024-10-08 02:00:00,1.096757,1.096906,1.096220,1.096369,50
2024-10-08 03:00:00,1.096369,1.097109,1.096303,1.097043,50
2024-10-08 04:00:00,1.097043,1.097315,1.097035,1.097307,50
2024-10-08 05:00:00,1.097307,1.097310,1.096085,1.096088,50
2024-10-08 06:00:00,1.096088,1.096235,1.095664,1.095811,50
2024-10-08 07:00:00,1.095811,1.096005,1.095434,1.095628,50
2024-10-08 08:00:00,1.095628,1.097126,1.095505,1.097004,50
2024-10-08 09:00:00,1.097004,1.097162,1.096858,1.097016,50
2024-10-08 10:00:00,1.097016,1.097335,1.096873,1.097191,50
2024-10-08 11:00:00,1.097191,1.097193,1.096822,1.096824,50
2024-10-08 12:00:00,1.096824,1.097112,1.096696,1.096985,50
2024-10-08 13:00:00,1.096985,1.097754,1.096905,1.097675,50
2024-10-08 14:00:00,1.097675,1.097704,1.097503,1.097533,50
2024-10-08 15:00:00,1.097533,1.097924,1.097349,1.097740,50
2024-10-08 16:00:00,1.097740,1.098131,1.097684,1.098074,50
2024-10-08 17:00:00,1.098074,1.098510,1.098065,1.098501,50
2024-10-08 18:00:00,1.098501,1.098601,1.097616,1.097716,50
2024-10-08 19:00:00,1.097716,1.097866,1.097324,1.097473,50
2024-10-08 20:00:00,1.097473,1.097967,1.097394,1.097888,50
2024-10-08 21:00:00,1.097888,1.099020,1.097722,1.098854,50
2024-10-08 22:00:00,1.098854,1.098975,1.098686,1.098808,50
2024-10-08 23:00:00,1.098808,1.098873,1.096908,1.096972,50
2024-10-09 00:00:00,1.096972,1.096986,1.095988,1.096002,50
2024-10-09 01:00:00,1.096002,1.096042,1.095851,1.095891,50
2024-10-09 02:00:00,1.095891,1.095999,1.095773,1.095881,50
2024-10-09 03:00:00,1.095881,1.095951,1.095126,1.095196,50
2024-10-09 04:00:00,1.095196,1.096054,1.095046,1.095904,50
2024-10-09 05:00:00,1.095904,1.095971,1.095181,1.095248,50
2024-10-09 06:00:00,1.095248,1.095308,1.094669,1.094729,50
2024-10-09 07:00:00,1.094729,1.095015,1.094646,1.094932,50
2024-10-09 08:00:00,1.094932,1.095083,1.094597,1.094749,50
2024-10-09 09:00:00,1.094749,1.095207,1.094616,1.095075,50
2024-10-09 10:00:00,1.095075,1.095837,1.094995,1.095757,50
2024-10-09 11:00:00,1.095757,1.096503,1.095590,1.096337,50
2024-10-09 12:00:00,1.096337,1.097130,1.096318,1.097110,50
2024-10-09 13:00:00,1.097110,1.097158,1.096813,1.096860,50
2024-10-09 14:00:00,1.096860,1.097669,1.096844,1.097654,50
2024-10-09 15:00:00,1.097654,1.097682,1.096671,1.096699,50
2024-10-09 16:00:00,1.096699,1.096835,1.095671,1.095807,50
2024-10-09 17:00:00,1.095807,1.095960,1.094311,1.094463,50
2024-10-09 18:00:00,1.094463,1.095219,1.094451,1.095207,50
2024-10-09 19:00:00,1.095207,1.095289,1.094621,1.094702,50
2024-10-09 20:00:00,1.094702,1.095302,1.094584,1.095183,50
2024-10-09 21:00:00,1.095183,1.095471,1.095055,1.095343,50
2024-10-09 22:00:00,1.095343,1.095419,1.095192,1.095268,50
2024-10-09 23:00:00,1.095268,1.095409,1.094909,1.095050,50
2024-10-10 00:00:00,1.095050,1.095130,1.094629,1.094708,50
2024-10-10 01:00:00,1.094708,1.095646,1.094586,1.095523,50
2024-10-10 02:00:00,1.095523,1.095564,1.094492,1.094532,50
2024-10-10 03:00:00,1.094532,1.094719,1.094347,1.094534,50
2024-10-10 04:00:00,1.094534,1.094611,1.094407,1.094484,50
2024-10-10 05:00:00,1.094484,1.094895,1.094446,1.094857,50
2024-10-10 06:00:00,1.094857,1.094972,1.094708,1.094822,50
2024-10-10 07:00:00,1.094822,1.094921,1.094453,1.094552,50
2024-10-10 08:00:00,1.094552,1.094630,1.093922,1.094001,50
2024-10-10 09:00:00,1.094001,1.094289,1.093988,1.094277,50
2024-10-10 10:00:00,1.094277,1.095694,1.094136,1.095553,50
2024-10-10 11:00:00,1.095553,1.095668,1.095370,1.095485,50
2024-10-10 12:00:00,1.095485,1.095540,1.095314,1.095369,50
2024-10-10 13:00:00,1.095369,1.095411,1.093274,1.093315,50
2024-10-10 14:00:00,1.093315,1.093360,1.091990,1.092035,50
2024-10-10 15:00:00,1.092035,1.092621,1.091905,1.092490,50
2024-10-10 16:00:00,1.092490,1.092670,1.092031,1.092211,50
2024-10-10 17:00:00,1.092211,1.093032,1.092072,1.092893,50
2024-10-10 18:00:00,1.092893,1.093823,1.092865,1.093795,50
2024-10-10 19:00:00,1.093795,1.093869,1.093139,1.093213,50
2024-10-10 20:00:00,1.093213,1.093578,1.093015,1.093381,50
2024-10-10 21:00:00,1.093381,1.093506,1.092980,1.093105,50
2024-10-10 22:00:00,1.093105,1.093287,1.092997,1.093179,50
2024-10-10 23:00:00,1.093179,1.093262,1.092455,1.092538,50
2024-10-11 00:00:00,1.092538,1.092604,1.091667,1.091733,50
2024-10-11 01:00:00,1.091733,1.092827,1.091698,1.092791,50
2024-10-11 02:00:00,1.092791,1.093113,1.092775,1.093098,50
2024-10-11 03:00:00,1.093098,1.093264,1.093096,1.093262,50
2024-10-11 04:00:00,1.093262,1.093413,1.093095,1.093246,50
2024-10-11 05:00:00,1.093246,1.093861,1.093070,1.093685,50
2024-10-11 06:00:00,1.093685,1.093871,1.093369,1.093554,50
2024-10-11 07:00:00,1.093554,1.094088,1.093412,1.093946,50
2024-10-11 08:00:00,1.093946,1.094844,1.093772,1.094670,50
2024-10-11 09:00:00,1.094670,1.095134,1.094552,1.095016,50
2024-10-11 10:00:00,1.095016,1.095110,1.094519,1.094613,50
2024-10-11 11:00:00,1.094613,1.094799,1.094380,1.094567,50
2024-10-11 12:00:00,1.094567,1.094979,1.094458,1.094871,50
2024-10-11 13:00:00,1.094871,1.094905,1.094610,1.094644,50
2024-10-11 14:00:00,1.094644,1.094757,1.094381,1.094494,50
2024-10-11 15:00:00,1.094494,1.094750,1.094322,1.094578,50
2024-10-11 16:00:00,1.094578,1.095095,1.094429,1.094946,50
2024-10-11 17:00:00,1.094946,1.095050,1.094718,1.094822,50
2024-10-11 18:00:00,1.094822,1.094967,1.094526,1.094671,50
2024-10-11 19:00:00,1.094671,1.094726,1.094448,1.094503,50
2024-10-11 20:00:00,1.094503,1.094636,1.094034,1.094168,50
2024-10-11 21:00:00,1.094168,1.094566,1.094048,1.094446,50
2024-10-11 22:00:00,1.094446,1.094458,1.094048,1.094060,50
2024-10-11 23:00:00,1.094060,1.094398,1.093874,1.094212,50
2024-10-15 00:00:00,1.094212,1.094253,1.093562,1.093603,50
2024-10-15 01:00:00,1.093603,1.093783,1.092053,1.092233,50
2024-10-15 02:00:00,1.092233,1.092418,1.092179,1.092364,50
2024-10-15 03:00:00,1.092364,1.094947,1.092078,1.094660,50
2024-10-15 04:00:00,1.094660,1.094673,1.094023,1.094036,50
2024-10-15 05:00:00,1.094036,1.095350,1.093756,1.095070,50
2024-10-15 06:00:00,1.095070,1.095407,1.094497,1.094834,50
2024-10-15 07:00:00,1.094834,1.095176,1.093334,1.093675,50
2024-10-15 08:00:00,1.093675,1.095174,1.093507,1.095006,50
2024-10-15 09:00:00,1.095006,1.095298,1.094253,1.094545,50
2024-10-15 10:00:00,1.094545,1.094607,1.094305,1.094367,50
2024-10-15 11:00:00,1.094367,1.094896,1.094021,1.094550,50
2024-10-15 12:00:00,1.094550,1.094941,1.094198,1.094589,50
2024-10-15 13:00:00,1.094589,1.094848,1.093450,1.093709,50
2024-10-15 14:00:00,1.093709,1.094058,1.091530,1.091879,50
2024-10-15 15:00:00,1.091879,1.092615,1.091654,1.092390,50
2024-10-15 16:00:00,1.092390,1.092740,1.088999,1.089350,50
2024-10-15 17:00:00,1.089350,1.090132,1.089210,1.089992,50
2024-10-15 18:00:00,1.089992,1.090022,1.089030,1.089060,50
2024-10-15 19:00:00,1.089060,1.089867,1.088985,1.089792,50
2024-10-15 20:00:00,1.089792,1.090347,1.089480,1.090035,50
2024-10-15 21:00:00,1.090035,1.090523,1.089731,1.090219,50
2024-10-15 22:00:00,1.090219,1.091568,1.090081,1.091430,50
2024-10-15 23:00:00,1.091430,1.091687,1.089661,1.089918,50
2024-10-16 00:00:00,1.089918,1.089956,1.089601,1.089640,50
2024-10-16 01:00:00,1.089640,1.089770,1.089525,1.089655,50
2024-10-16 02:00:00,1.089655,1.090636,1.089458,1.090440,50
2024-10-16 03:00:00,1.090440,1.090569,1.089256,1.089385,50
2024-10-16 04:00:00,1.089385,1.089625,1.089288,1.089528,50
2024-10-16 05:00:00,1.089528,1.089968,1.089506,1.089946,50
2024-10-16 06:00:00,1.089946,1.089974,1.088831,1.088859,50
2024-10-16 07:00:00,1.088859,1.089855,1.088804,1.089801,50
2024-10-16 08:00:00,1.089801,1.090010,1.088585,1.088794,50
2024-10-16 09:00:00,1.088794,1.088959,1.088364,1.088529,50
2024-10-16 10:00:00,1.088529,1.088777,1.088492,1.088740,50
2024-10-16 11:00:00,1.088740,1.088750,1.088529,1.088539,50
2024-10-16 12:00:00,1.088539,1.089190,1.088326,1.088977,50
2024-10-16 13:00:00,1.088977,1.089189,1.087821,1.088032,50
2024-10-16 14:00:00,1.088032,1.088149,1.087421,1.087537,50
2024-10-16 15:00:00,1.087537,1.087597,1.087077,1.087137,50
2024-10-16 16:00:00,1.087137,1.087454,1.087019,1.087337,50
2024-10-16 17:00:00,1.087337,1.088021,1.087140,1.087825,50
2024-10-16 18:00:00,1.087825,1.087880,1.087105,1.087160,50
2024-10-16 19:00:00,1.087160,1.088000,1.086989,1.087829,50
2024-10-16 20:00:00,1.087829,1.088074,1.087720,1.087965,50
2024-10-16 21:00:00,1.087965,1.088232,1.087845,1.088112,50
2024-10-16 22:00:00,1.088112,1.088318,1.087004,1.087210,50
2024-10-16 23:00:00,1.087210,1.087314,1.087207,1.087311,50
2024-10-17 00:00:00,1.087311,1.087529,1.086756,1.086975,50
2024-10-17 01:00:00,1.086975,1.087619,1.086705,1.087350,50
2024-10-17 02:00:00,1.087350,1.087531,1.087308,1.087490,50
2024-10-17 03:00:00,1.087490,1.088112,1.087237,1.087858,50
2024-10-17 04:00:00,1.087858,1.088208,1.087579,1.087928,50
2024-10-17 05:00:00,1.087928,1.087951,1.087851,1.087874,50
2024-10-17 06:00:00,1.087874,1.088109,1.087806,1.088042,50
2024-10-17 07:00:00,1.088042,1.088204,1.087191,1.087353,50
2024-10-17 08:00:00,1.087353,1.087604,1.087221,1.087472,50
2024-10-17 09:00:00,1.087472,1.087768,1.087199,1.087494,50
2024-10-17 10:00:00,1.087494,1.087514,1.086562,1.086582,50
2024-10-17 11:00:00,1.086582,1.086587,1.086234,1.086239,50
2024-10-17 12:00:00,1.086239,1.086501,1.085332,1.085594,50
2024-10-17 13:00:00,1.085594,1.086160,1.085380,1.085947,50
2024-10-17 14:00:00,1.085947,1.086780,1.085800,1.086633,50
2024-10-17 15:00:00,1.086633,1.086724,1.085343,1.085433,50
2024-10-17 16:00:00,1.085433,1.085598,1.084994,1.085159,50
2024-10-17 17:00:00,1.085159,1.085434,1.084539,1.084815,50
2024-10-17 18:00:00,1.084815,1.085053,1.084587,1.084825,50
2024-10-17 19:00:00,1.084825,1.084974,1.084063,1.084212,50
2024-10-17 20:00:00,1.084212,1.084255,1.083317,1.083360,50
2024-10-17 21:00:00,1.083360,1.083608,1.083256,1.083503,50
2024-10-17 22:00:00,1.083503,1.083646,1.082786,1.082928,50
2024-10-17 23:00:00,1.082928,1.083884,1.082702,1.083658,50
2024-10-18 00:00:00,1.083658,1.083790,1.083244,1.083375,50
2024-10-18 01:00:00,1.083375,1.083407,1.083233,1.083265,50
2024-10-18 02:00:00,1.083265,1.083306,1.083015,1.083056,50
2024-10-18 03:00:00,1.083056,1.083810,1.082876,1.083630,50
2024-10-18 04:00:00,1.083630,1.083814,1.083370,1.083554,50
2024-10-18 05:00:00,1.083554,1.083568,1.083344,1.083358,50
2024-10-18 06:00:00,1.083358,1.083392,1.083339,1.083373,50
2024-10-18 07:00:00,1.083373,1.084009,1.083294,1.083930,50
2024-10-18 08:00:00,1.083930,1.084731,1.083897,1.084697,50
2024-10-18 09:00:00,1.084697,1.085520,1.084553,1.085376,50
2024-10-18 10:00:00,1.085376,1.085691,1.085358,1.085673,50
2024-10-18 11:00:00,1.085673,1.085810,1.085624,1.085761,50
2024-10-18 12:00:00,1.085761,1.085939,1.085628,1.085806,50
2024-10-18 13:00:00,1.085806,1.085893,1.085638,1.085724,50
2024-10-18 14:00:00,1.085724,1.085852,1.085467,1.085595,50
2024-10-18 15:00:00,1.085595,1.086000,1.085540,1.085946,50
2024-10-18 16:00:00,1.085946,1.086322,1.085774,1.086151,50
2024-10-18 17:00:00,1.086151,1.086308,1.086011,1.086169,50
2024-10-18 18:00:00,1.086169,1.086256,1.085747,1.085834,50
2024-10-18 19:00:00,1.085834,1.086142,1.085706,1.086013,50
2024-10-18 20:00:00,1.086013,1.086133,1.085341,1.085461,50
2024-10-18 21:00:00,1.085461,1.085555,1.085161,1.085255,50
2024-10-18 22:00:00,1.085255,1.085446,1.085054,1.085245,50
2024-10-18 23:00:00,1.085245,1.085578,1.085089,1.085423,50
2024-10-21 00:00:00,1.085423,1.085668,1.085048,1.085293,50
2024-10-21 01:00:00,1.085293,1.085516,1.083962,1.084185,50
2024-10-21 02:00:00,1.084185,1.084679,1.083901,1.084395,50
2024-10-21 03:00:00,1.084395,1.084608,1.083097,1.083309,50
2024-10-21 04:00:00,1.083309,1.083763,1.083200,1.083654,50
2024-10-21 05:00:00,1.083654,1.083882,1.082209,1.082437,50
2024-10-21 06:00:00,1.082437,1.082826,1.082202,1.082591,50
2024-10-21 07:00:00,1.082591,1.082878,1.082502,1.082789,50
2024-10-21 08:00:00,1.082789,1.082859,1.081397,1.081468,50
2024-10-21 09:00:00,1.081468,1.081867,1.081415,1.081814,50
2024-10-21 10:00:00,1.081814,1.082560,1.081794,1.082540,50
2024-10-21 11:00:00,1.082540,1.082749,1.081834,1.082043,50
2024-10-21 12:00:00,1.082043,1.082535,1.081758,1.082250,50
2024-10-21 13:00:00,1.082250,1.083638,1.082020,1.083408,50
2024-10-21 14:00:00,1.083408,1.083574,1.082227,1.082394,50
2024-10-21 15:00:00,1.082394,1.084218,1.082134,1.083958,50
2024-10-21 16:00:00,1.083958,1.084074,1.083352,1.083467,50
2024-10-21 17:00:00,1.083467,1.083795,1.083361,1.083688,50
2024-10-21 18:00:00,1.083688,1.083690,1.083114,1.083116,50
2024-10-21 19:00:00,1.083116,1.083165,1.082995,1.083044,50
2024-10-21 20:00:00,1.083044,1.083238,1.082573,1.082766,50
2024-10-21 21:00:00,1.082766,1.082886,1.081474,1.081594,50
2024-10-21 22:00:00,1.081594,1.081871,1.081059,1.081336,50
2024-10-21 23:00:00,1.081336,1.082020,1.081333,1.082017,50
2024-10-22 00:00:00,1.082017,1.082175,1.080123,1.080280,50
2024-10-22 01:00:00,1.080280,1.081205,1.080191,1.081115,50
2024-10-22 02:00:00,1.081115,1.081846,1.080937,1.081669,50
2024-10-22 03:00:00,1.081669,1.081688,1.081152,1.081170,50
2024-10-22 04:00:00,1.081170,1.081333,1.081074,1.081236,50
2024-10-22 05:00:00,1.081236,1.081259,1.080689,1.080712,50
2024-10-22 06:00:00,1.080712,1.081968,1.080563,1.081819,50
2024-10-22 07:00:00,1.081819,1.082162,1.081650,1.081993,50
2024-10-22 08:00:00,1.081993,1.082095,1.081681,1.081783,50
2024-10-22 09:00:00,1.081783,1.082659,1.081636,1.082513,50
2024-10-22 10:00:00,1.082513,1.082520,1.082121,1.082128,50
2024-10-22 11:00:00,1.082128,1.082268,1.082094,1.082233,50
2024-10-22 12:00:00,1.082233,1.082251,1.080929,1.080947,50
2024-10-22 13:00:00,1.080947,1.081067,1.080862,1.080982,50
2024-10-22 14:00:00,1.080982,1.081106,1.080624,1.080748,50
2024-10-22 15:00:00,1.080748,1.081217,1.080574,1.081043,50
2024-10-22 16:00:00,1.081043,1.081940,1.080973,1.081871,50
2024-10-22 17:00:00,1.081871,1.082770,1.081771,1.082670,50
2024-10-22 18:00:00,1.082670,1.082809,1.081788,1.081926,50
2024-10-22 19:00:00,1.081926,1.082928,1.081876,1.082878,50
2024-10-22 20:00:00,1.082878,1.082974,1.081840,1.081936,50
2024-10-22 21:00:00,1.081936,1.081993,1.081700,1.081757,50
2024-10-22 22:00:00,1.081757,1.081830,1.080533,1.080606,50
2024-10-22 23:00:00,1.080606,1.080722,1.080382,1.080497,50
2024-10-23 00:00:00,1.080497,1.080996,1.080413,1.080912,50
2024-10-23 01:00:00,1.080912,1.080958,1.080775,1.080821,50
2024-10-23 02:00:00,1.080821,1.081000,1.080002,1.080182,50
2024-10-23 03:00:00,1.080182,1.080554,1.080034,1.080407,50
2024-10-23 04:00:00,1.080407,1.080435,1.080351,1.080380,50
2024-10-23 05:00:00,1.080380,1.080418,1.079787,1.079825,50
2024-10-23 06:00:00,1.079825,1.079831,1.079034,1.079040,50
2024-10-23 07:00:00,1.079040,1.079464,1.078945,1.079369,50
2024-10-23 08:00:00,1.079369,1.079515,1.078791,1.078937,50
2024-10-23 09:00:00,1.078937,1.079405,1.078833,1.079300,50
2024-10-23 10:00:00,1.079300,1.079772,1.079257,1.079729,50
2024-10-23 11:00:00,1.079729,1.081140,1.079599,1.081009,50
2024-10-23 12:00:00,1.081009,1.081167,1.080082,1.080239,50
2024-10-23 13:00:00,1.080239,1.080243,1.079490,1.079494,50
2024-10-23 14:00:00,1.079494,1.079526,1.078203,1.078235,50
2024-10-23 15:00:00,1.078235,1.079163,1.078153,1.079081,50
2024-10-23 16:00:00,1.079081,1.079168,1.078748,1.078835,50
2024-10-23 17:00:00,1.078835,1.078950,1.078427,1.078543,50
2024-10-23 18:00:00,1.078543,1.078669,1.077897,1.078023,50
2024-10-23 19:00:00,1.078023,1.078405,1.077944,1.078326,50
2024-10-23 20:00:00,1.078326,1.078621,1.078199,1.078494,50
2024-10-23 21:00:00,1.078494,1.078601,1.077547,1.077654,50
2024-10-23 22:00:00,1.077654,1.077927,1.077641,1.077914,50
2024-10-23 23:00:00,1.077914,1.077969,1.077879,1.077935,50
2024-10-24 00:00:00,1.077935,1.078095,1.077886,1.078046,50
2024-10-24 01:00:00,1.078046,1.078399,1.077867,1.078220,50
2024-10-24 02:00:00,1.078220,1.078554,1.078096,1.078430,50
2024-10-24 03:00:00,1.078430,1.078552,1.078301,1.078423,50
2024-10-24 04:00:00,1.078423,1.078615,1.078355,1.078547,50
2024-10-24 05:00:00,1.078547,1.078607,1.078349,1.078409,50
2024-10-24 06:00:00,1.078409,1.078846,1.078257,1.078694,50
2024-10-24 07:00:00,1.078694,1.079035,1.078683,1.079024,50
2024-10-24 08:00:00,1.079024,1.079094,1.078447,1.078517,50
2024-10-24 09:00:00,1.078517,1.078925,1.078402,1.078810,50
2024-10-24 10:00:00,1.078810,1.079049,1.078615,1.078853,50
2024-10-24 11:00:00,1.078853,1.079290,1.078835,1.079272,50
2024-10-24 12:00:00,1.079272,1.080142,1.079251,1.080122,50
2024-10-24 13:00:00,1.080122,1.080590,1.080044,1.080513,50
2024-10-24 14:00:00,1.080513,1.081351,1.080312,1.081150,50
2024-10-24 15:00:00,1.081150,1.081172,1.080464,1.080487,50
2024-10-24 16:00:00,1.080487,1.080662,1.079924,1.080099,50
2024-10-24 17:00:00,1.080099,1.080419,1.079895,1.080214,50
2024-10-24 18:00:00,1.080214,1.080397,1.080086,1.080269,50
2024-10-24 19:00:00,1.080269,1.080603,1.080204,1.080538,50
2024-10-24 20:00:00,1.080538,1.080753,1.079590,1.079805,50
2024-10-24 21:00:00,1.079805,1.080163,1.079704,1.080062,50
2024-10-24 22:00:00,1.080062,1.080092,1.079374,1.079404,50
2024-10-24 23:00:00,1.079404,1.080813,1.079204,1.080614,50
2024-10-25 00:00:00,1.080614,1.080734,1.079715,1.079835,50
2024-10-25 01:00:00,1.079835,1.081669,1.079687,1.081521,50
2024-10-25 02:00:00,1.081521,1.081716,1.081210,1.081404,50
2024-10-25 03:00:00,1.081404,1.081444,1.080906,1.080946,50
2024-10-25 04:00:00,1.080946,1.081054,1.080145,1.080253,50
2024-10-25 05:00:00,1.080253,1.080285,1.079442,1.079475,50
2024-10-25 06:00:00,1.079475,1.080610,1.079466,1.080601,50
2024-10-25 07:00:00,1.080601,1.081081,1.080569,1.081048,50
2024-10-25 08:00:00,1.081048,1.081472,1.080987,1.081411,50
2024-10-25 09:00:00,1.081411,1.082122,1.081274,1.081984,50
2024-10-25 10:00:00,1.081984,1.082764,1.081806,1.082586,50
2024-10-25 11:00:00,1.082586,1.082661,1.080947,1.081021,50
2024-10-25 12:00:00,1.081021,1.081293,1.080883,1.081155,50
2024-10-25 13:00:00,1.081155,1.081315,1.081085,1.081244,50
2024-10-25 14:00:00,1.081244,1.081510,1.081200,1.081465,50
2024-10-25 15:00:00,1.081465,1.081508,1.080909,1.080952,50
2024-10-25 16:00:00,1.080952,1.081684,1.080779,1.081512,50
2024-10-25 17:00:00,1.081512,1.081555,1.081180,1.081223,50
2024-10-25 18:00:00,1.081223,1.081335,1.080649,1.080761,50
2024-10-25 19:00:00,1.080761,1.080942,1.080493,1.080673,50
2024-10-25 20:00:00,1.080673,1.081682,1.080594,1.081602,50
2024-10-25 21:00:00,1.081602,1.081736,1.081467,1.081601,50
2024-10-25 22:00:00,1.081601,1.082654,1.081428,1.082481,50
2024-10-25 23:00:00,1.082481,1.082563,1.081233,1.081315,50
2024-10-28 00:00:00,1.081315,1.081420,1.080199,1.080304,50
2024-10-28 01:00:00,1.080304,1.081167,1.080175,1.081038,50
2024-10-28 02:00:00,1.081038,1.081190,1.080830,1.080982,50
2024-10-28 03:00:00,1.080982,1.081800,1.080809,1.081626,50
2024-10-28 04:00:00,1.081626,1.081752,1.081427,1.081552,50
2024-10-28 05:00:00,1.081552,1.082017,1.081448,1.081912,50
2024-10-28 06:00:00,1.081912,1.082021,1.080937,1.081046,50
2024-10-28 07:00:00,1.081046,1.082194,1.080941,1.082089,50
2024-10-28 08:00:00,1.082089,1.082712,1.082002,1.082624,50
2024-10-28 09:00:00,1.082624,1.083361,1.082488,1.083225,50
2024-10-28 10:00:00,1.083225,1.083280,1.082615,1.082670,50
2024-10-28 11:00:00,1.082670,1.082675,1.081818,1.081823,50
2024-10-28 12:00:00,1.081823,1.081859,1.080522,1.080557,50
2024-10-28 13:00:00,1.080557,1.081858,1.080517,1.081817,50
2024-10-28 14:00:00,1.081817,1.082259,1.081786,1.082227,50
2024-10-28 15:00:00,1.082227,1.082267,1.081958,1.081998,50
2024-10-28 16:00:00,1.081998,1.082026,1.081715,1.081744,50
2024-10-28 17:00:00,1.081744,1.082468,1.081729,1.082453,50
2024-10-28 18:00:00,1.082453,1.083377,1.082306,1.083230,50
2024-10-28 19:00:00,1.083230,1.083314,1.082822,1.082906,50
2024-10-28 20:00:00,1.082906,1.082907,1.081969,1.081971,50
2024-10-28 21:00:00,1.081971,1.082021,1.081299,1.081349,50
2024-10-28 22:00:00,1.081349,1.081449,1.080851,1.080951,50
2024-10-28 23:00:00,1.080951,1.081921,1.080930,1.081900,50
2024-10-29 00:00:00,1.081900,1.081917,1.079644,1.079660,50
2024-10-29 01:00:00,1.079660,1.079825,1.079647,1.079812,50
2024-10-29 02:00:00,1.079812,1.079858,1.079797,1.079843,50
2024-10-29 03:00:00,1.079843,1.080677,1.079788,1.080622,50
2024-10-29 04:00:00,1.080622,1.080790,1.080547,1.080715,50
2024-10-29 05:00:00,1.080715,1.081133,1.080666,1.081085,50
2024-10-29 06:00:00,1.081085,1.081333,1.080977,1.081226,50
2024-10-29 07:00:00,1.081226,1.081328,1.080916,1.081018,50
2024-10-29 08:00:00,1.081018,1.081157,1.080075,1.080214,50
2024-10-29 09:00:00,1.080214,1.080405,1.079704,1.079895,50
2024-10-29 10:00:00,1.079895,1.079918,1.079806,1.079829,50
2024-10-29 11:00:00,1.079829,1.080081,1.079760,1.080012,50
2024-10-29 12:00:00,1.080012,1.080945,1.079843,1.080776,50
2024-10-29 13:00:00,1.080776,1.081185,1.080754,1.081163,50
2024-10-29 14:00:00,1.081163,1.081166,1.080974,1.080977,50
2024-10-29 15:00:00,1.080977,1.081243,1.080826,1.081091,50
2024-10-29 16:00:00,1.081091,1.082120,1.081021,1.082049,50
2024-10-29 17:00:00,1.082049,1.082279,1.082035,1.082266,50
2024-10-29 18:00:00,1.082266,1.082479,1.082254,1.082468,50
2024-10-29 19:00:00,1.082468,1.082654,1.080864,1.081050,50
2024-10-29 20:00:00,1.081050,1.081179,1.080294,1.080423,50
2024-10-29 21:00:00,1.080423,1.080455,1.079838,1.079870,50
2024-10-29 22:00:00,1.079870,1.080057,1.079308,1.079495,50
2024-10-29 23:00:00,1.079495,1.079900,1.079392,1.079797,50
2024-10-30 00:00:00,1.079797,1.080778,1.079549,1.080530,50
2024-10-30 01:00:00,1.080530,1.081048,1.080258,1.080776,50
2024-10-30 02:00:00,1.080776,1.081107,1.079487,1.079818,50
2024-10-30 03:00:00,1.079818,1.081560,1.079806,1.081548,50
2024-10-30 04:00:00,1.081548,1.083770,1.081086,1.083307,50
2024-10-30 05:00:00,1.083307,1.083773,1.081979,1.082445,50
2024-10-30 06:00:00,1.082445,1.083561,1.082019,1.083136,50
2024-10-30 07:00:00,1.083136,1.084634,1.082889,1.084386,50
2024-10-30 08:00:00,1.084386,1.088005,1.083970,1.087588,50
2024-10-30 09:00:00,1.087588,1.087968,1.087301,1.087680,50
2024-10-30 10:00:00,1.087680,1.087913,1.085465,1.085698,50
2024-10-30 11:00:00,1.085698,1.086242,1.085166,1.085710,50
2024-10-30 12:00:00,1.085710,1.085831,1.082580,1.082701,50
2024-10-30 13:00:00,1.082701,1.082792,1.082211,1.082302,50
2024-10-30 14:00:00,1.082302,1.083741,1.082042,1.083481,50
2024-10-30 15:00:00,1.083481,1.083524,1.082505,1.082548,50
2024-10-30 16:00:00,1.082548,1.083040,1.082507,1.082998,50
2024-10-30 17:00:00,1.082998,1.083192,1.082073,1.082266,50
2024-10-30 18:00:00,1.082266,1.084472,1.081779,1.083985,50
2024-10-30 19:00:00,1.083985,1.084344,1.081357,1.081717,50
2024-10-30 20:00:00,1.081717,1.082519,1.081629,1.082431,50
2024-10-30 21:00:00,1.082431,1.082993,1.081965,1.082527,50
2024-10-30 22:00:00,1.082527,1.083839,1.082006,1.083318,50
2024-10-30 23:00:00,1.083318,1.086836,1.082849,1.086366,50
2024-10-31 00:00:00,1.086366,1.087678,1.086251,1.087564,50
2024-10-31 01:00:00,1.087564,1.087686,1.087459,1.087582,50
2024-10-31 02:00:00,1.087582,1.087720,1.087084,1.087223,50
2024-10-31 03:00:00,1.087223,1.087250,1.086868,1.086895,50
2024-10-31 04:00:00,1.086895,1.087062,1.086501,1.086667,50
2024-10-31 05:00:00,1.086667,1.086744,1.086445,1.086521,50
2024-10-31 06:00:00,1.086521,1.086626,1.086429,1.086533,50
2024-10-31 07:00:00,1.086533,1.086582,1.086482,1.086530,50
2024-10-31 08:00:00,1.086530,1.086714,1.086200,1.086384,50
2024-10-31 09:00:00,1.086384,1.086459,1.085763,1.085838,50
2024-10-31 10:00:00,1.085838,1.086001,1.085392,1.085554,50
2024-10-31 11:00:00,1.085554,1.085558,1.084811,1.084815,50
2024-10-31 12:00:00,1.084815,1.084892,1.084365,1.084442,50
2024-10-31 13:00:00,1.084442,1.084464,1.084304,1.084325,50
2024-10-31 14:00:00,1.084325,1.084824,1.084130,1.084629,50
2024-10-31 15:00:00,1.084629,1.084647,1.084533,1.084552,50
2024-10-31 16:00:00,1.084552,1.084980,1.084392,1.084820,50
2024-10-31 17:00:00,1.084820,1.084904,1.084325,1.084410,50
2024-10-31 18:00:00,1.084410,1.084532,1.084350,1.084473,50
2024-10-31 19:00:00,1.084473,1.084734,1.084296,1.084557,50
2024-10-31 20:00:00,1.084557,1.084892,1.084434,1.084769,50
2024-10-31 21:00:00,1.084769,1.085025,1.084608,1.084863,50
2024-10-31 22:00:00,1.084863,1.085194,1.084758,1.085089,50
2024-10-31 23:00:00,1.085089,1.085674,1.084955,1.085541,50
2024-11-01 00:00:00,1.085541,1.086410,1.085506,1.086375,50
2024-11-01 01:00:00,1.086375,1.086424,1.085911,1.085960,50
2024-11-01 02:00:00,1.085960,1.086052,1.085766,1.085859,50
2024-11-01 03:00:00,1.085859,1.086049,1.085292,1.085483,50
2024-11-01 04:00:00,1.085483,1.085760,1.085447,1.085724,50
2024-11-01 05:00:00,1.085724,1.086071,1.085697,1.086044,50
2024-11-01 06:00:00,1.086044,1.086513,1.085872,1.086341,50
2024-11-01 07:00:00,1.086341,1.086553,1.086270,1.086482,50
2024-11-01 08:00:00,1.086482,1.086974,1.086323,1.086815,50
2024-11-01 09:00:00,1.086815,1.086910,1.086054,1.086149,50
2024-11-01 10:00:00,1.086149,1.086328,1.085407,1.085585,50
2024-11-01 11:00:00,1.085585,1.085710,1.085424,1.085549,50
2024-11-01 12:00:00,1.085549,1.085698,1.084859,1.085008,50
2024-11-01 13:00:00,1.085008,1.085145,1.084404,1.084540,50
2024-11-01 14:00:00,1.084540,1.084958,1.084368,1.084785,50
2024-11-01 15:00:00,1.084785,1.084812,1.084485,1.084512,50
2024-11-01 16:00:00,1.084512,1.084597,1.084314,1.084399,50
2024-11-01 17:00:00,1.084399,1.084412,1.084015,1.084028,50
2024-11-01 18:00:00,1.084028,1.084845,1.083866,1.084683,50
2024-11-01 19:00:00,1.084683,1.084711,1.084110,1.084139,50
2024-11-01 20:00:00,1.084139,1.084153,1.083546,1.083560,50
2024-11-01 21:00:00,1.083560,1.083785,1.083399,1.083624,50
2024-11-01 22:00:00,1.083624,1.084417,1.083603,1.084396,50
2024-11-01 23:00:00,1.084396,1.084892,1.084338,1.084834,50
2024-11-04 00:00:00,1.084834,1.084916,1.084723,1.084805,50
2024-11-04 01:00:00,1.084805,1.086187,1.084570,1.085951,50
2024-11-04 02:00:00,1.085951,1.086348,1.085761,1.086158,50
2024-11-04 03:00:00,1.086158,1.086189,1.086010,1.086041,50
2024-11-04 04:00:00,1.086041,1.086746,1.085879,1.086584,50
2024-11-04 05:00:00,1.086584,1.086828,1.086095,1.086339,50
2024-11-04 06:00:00,1.086339,1.086343,1.086191,1.086195,50
2024-11-04 07:00:00,1.086195,1.087135,1.086191,1.087131,50
2024-11-04 08:00:00,1.087131,1.087431,1.086922,1.087222,50
2024-11-04 09:00:00,1.087222,1.087276,1.087033,1.087087,50
2024-11-04 10:00:00,1.087087,1.087315,1.087052,1.087281,50
2024-11-04 11:00:00,1.087281,1.087630,1.087272,1.087621,50
2024-11-04 12:00:00,1.087621,1.087884,1.087065,1.087327,50
2024-11-04 13:00:00,1.087327,1.088118,1.087063,1.087854,50
2024-11-04 14:00:00,1.087854,1.088098,1.087281,1.087524,50
2024-11-04 15:00:00,1.087524,1.087737,1.086629,1.086842,50
2024-11-04 16:00:00,1.086842,1.087626,1.086610,1.087394,50
2024-11-04 17:00:00,1.087394,1.087563,1.087176,1.087345,50
2024-11-04 18:00:00,1.087345,1.087691,1.087124,1.087470,50
2024-11-04 19:00:00,1.087470,1.088743,1.087186,1.088459,50
2024-11-04 20:00:00,1.088459,1.089299,1.088245,1.089085,50
2024-11-04 21:00:00,1.089085,1.089195,1.088907,1.089017,50
2024-11-04 22:00:00,1.089017,1.089190,1.087855,1.088027,50
2024-11-04 23:00:00,1.088027,1.088511,1.087893,1.088376,50
2024-11-05 00:00:00,1.088376,1.088523,1.087516,1.087663,50
2024-11-05 01:00:00,1.087663,1.090178,1.087444,1.089958,50
2024-11-05 02:00:00,1.089958,1.092383,1.089676,1.092101,50
2024-11-05 03:00:00,1.092101,1.092920,1.091836,1.092655,50
2024-11-05 04:00:00,1.092655,1.092659,1.091056,1.091060,50
2024-11-05 05:00:00,1.091060,1.092112,1.090925,1.091976,50
2024-11-05 06:00:00,1.091976,1.092097,1.090642,1.090762,50
2024-11-05 07:00:00,1.090762,1.091029,1.090375,1.090642,50
2024-11-05 08:00:00,1.090642,1.091157,1.090549,1.091064,50
2024-11-05 09:00:00,1.091064,1.091210,1.088386,1.088532,50
2024-11-05 10:00:00,1.088532,1.088543,1.087963,1.087974,50
2024-11-05 11:00:00,1.087974,1.089510,1.087858,1.089394,50
2024-11-05 12:00:00,1.089394,1.090691,1.089101,1.090398,50
2024-11-05 13:00:00,1.090398,1.090753,1.090151,1.090506,50
2024-11-05 14:00:00,1.090506,1.090586,1.090479,1.090560,50
2024-11-05 15:00:00,1.090560,1.091895,1.090308,1.091643,50
2024-11-05 16:00:00,1.091643,1.091763,1.091057,1.091177,50
2024-11-05 17:00:00,1.091177,1.091468,1.090333,1.090624,50
2024-11-05 18:00:00,1.090624,1.090751,1.089420,1.089547,50
2024-11-05 19:00:00,1.089547,1.090584,1.089316,1.090353,50
2024-11-05 20:00:00,1.090353,1.090357,1.088718,1.088722,50
2024-11-05 21:00:00,1.088722,1.090083,1.088695,1.090057,50
2024-11-05 22:00:00,1.090057,1.090530,1.089765,1.090238,50
2024-11-05 23:00:00,1.090238,1.092126,1.090054,1.091941,50
2024-11-06 00:00:00,1.091941,1.091970,1.089127,1.089155,50
2024-11-06 01:00:00,1.089155,1.096729,1.088117,1.095691,50
2024-11-06 02:00:00,1.095691,1.097054,1.091501,1.092863,50
2024-11-06 03:00:00,1.092863,1.094680,1.091297,1.093113,50
2024-11-06 04:00:00,1.093113,1.093778,1.091502,1.092167,50
2024-11-06 05:00:00,1.092167,1.092846,1.088694,1.089372,50
2024-11-06 06:00:00,1.089372,1.090386,1.085904,1.086917,50
2024-11-06 07:00:00,1.086917,1.087817,1.081396,1.082296,50
2024-11-06 08:00:00,1.082296,1.083986,1.081082,1.082772,50
2024-11-06 09:00:00,1.082772,1.083670,1.080549,1.081447,50
2024-11-06 10:00:00,1.081447,1.081553,1.078029,1.078134,50
2024-11-06 11:00:00,1.078134,1.079310,1.072453,1.073628,50
2024-11-06 12:00:00,1.073628,1.079080,1.072283,1.077735,50
2024-11-06 13:00:00,1.077735,1.079154,1.073543,1.074963,50
2024-11-06 14:00:00,1.074963,1.076296,1.068582,1.069915,50
2024-11-06 15:00:00,1.069915,1.073066,1.069548,1.072699,50
2024-11-06 16:00:00,1.072699,1.075809,1.072044,1.075154,50
2024-11-06 17:00:00,1.075154,1.075321,1.069275,1.069442,50
2024-11-06 18:00:00,1.069442,1.072874,1.069170,1.072602,50
2024-11-06 19:00:00,1.072602,1.078295,1.071242,1.076934,50
2024-11-06 20:00:00,1.076934,1.080315,1.076141,1.079522,50
2024-11-06 21:00:00,1.079522,1.083804,1.078190,1.082472,50
2024-11-06 22:00:00,1.082472,1.084318,1.081277,1.083123,50
2024-11-06 23:00:00,1.083123,1.084561,1.071754,1.073192,50
2024-11-07 00:00:00,1.073192,1.076061,1.073110,1.075980,50
2024-11-07 01:00:00,1.075980,1.076342,1.074010,1.074372,50
2024-11-07 02:00:00,1.074372,1.074811,1.072178,1.072617,50
2024-11-07 03:00:00,1.072617,1.072677,1.072323,1.072383,50
2024-11-07 04:00:00,1.072383,1.072857,1.071734,1.072208,50
2024-11-07 05:00:00,1.072208,1.076367,1.072123,1.076282,50
2024-11-07 06:00:00,1.076282,1.079432,1.076082,1.079233,50
2024-11-07 07:00:00,1.079233,1.079509,1.076692,1.076968,50
2024-11-07 08:00:00,1.076968,1.078340,1.076876,1.078247,50
2024-11-07 09:00:00,1.078247,1.078371,1.074115,1.074240,50
2024-11-07 10:00:00,1.074240,1.076823,1.074147,1.076731,50
2024-11-07 11:00:00,1.076731,1.077433,1.076292,1.076995,50
2024-11-07 12:00:00,1.076995,1.079036,1.076973,1.079014,50
2024-11-07 13:00:00,1.079014,1.079310,1.078015,1.078311,50
2024-11-07 14:00:00,1.078311,1.079629,1.077965,1.079283,50
2024-11-07 15:00:00,1.079283,1.080550,1.079152,1.080419,50
2024-11-07 16:00:00,1.080419,1.080682,1.077734,1.077998,50
2024-11-07 17:00:00,1.077998,1.078466,1.076954,1.077423,50
2024-11-07 18:00:00,1.077423,1.077758,1.077202,1.077537,50
2024-11-07 19:00:00,1.077537,1.077882,1.073918,1.074263,50
2024-11-07 20:00:00,1.074263,1.075820,1.073903,1.075460,50
2024-11-07 21:00:00,1.075460,1.075606,1.075132,1.075277,50
2024-11-07 22:00:00,1.075277,1.076702,1.074778,1.076204,50
2024-11-07 23:00:00,1.076204,1.079417,1.076001,1.079214,50
2024-11-08 00:00:00,1.079214,1.079425,1.077840,1.078051,50
2024-11-08 01:00:00,1.078051,1.078147,1.077646,1.077743,50
2024-11-08 02:00:00,1.077743,1.077951,1.076994,1.077203,50
2024-11-08 03:00:00,1.077203,1.078571,1.076814,1.078181,50
2024-11-08 04:00:00,1.078181,1.081136,1.077901,1.080856,50
2024-11-08 05:00:00,1.080856,1.081059,1.080116,1.080320,50
2024-11-08 06:00:00,1.080320,1.080894,1.077440,1.078014,50
2024-11-08 07:00:00,1.078014,1.078206,1.076031,1.076222,50
2024-11-08 08:00:00,1.076222,1.076282,1.075472,1.075532,50
2024-11-08 09:00:00,1.075532,1.075624,1.074481,1.074573,50
2024-11-08 10:00:00,1.074573,1.075024,1.073925,1.074376,50
2024-11-08 11:00:00,1.074376,1.074407,1.070287,1.070319,50
2024-11-08 12:00:00,1.070319,1.075027,1.069969,1.074678,50
2024-11-08 13:00:00,1.074678,1.075309,1.074572,1.075203,50
2024-11-08 14:00:00,1.075203,1.075529,1.073354,1.073679,50
2024-11-08 15:00:00,1.073679,1.074740,1.073577,1.074637,50
2024-11-08 16:00:00,1.074637,1.075295,1.070971,1.071629,50
2024-11-08 17:00:00,1.071629,1.072090,1.069901,1.070362,50
2024-11-08 18:00:00,1.070362,1.071609,1.069967,1.071215,50
2024-11-08 19:00:00,1.071215,1.071650,1.070367,1.070802,50
2024-11-08 20:00:00,1.070802,1.071272,1.068896,1.069367,50
2024-11-08 21:00:00,1.069367,1.070670,1.069280,1.070584,50
2024-11-08 22:00:00,1.070584,1.071102,1.069844,1.070362,50
2024-11-08 23:00:00,1.070362,1.071363,1.070007,1.071008,50
2024-11-12 00:00:00,1.071008,1.071253,1.070563,1.070809,50
2024-11-12 01:00:00,1.070809,1.071613,1.069939,1.070744,50
2024-11-12 02:00:00,1.070744,1.072772,1.069817,1.071845,50
2024-11-12 03:00:00,1.071845,1.071977,1.070435,1.070567,50
2024-11-12 04:00:00,1.070567,1.072118,1.070170,1.071722,50
2024-11-12 05:00:00,1.071722,1.073841,1.070953,1.073072,50
2024-11-12 06:00:00,1.073072,1.073909,1.072418,1.073255,50
2024-11-12 07:00:00,1.073255,1.074186,1.068868,1.069799,50
2024-11-12 08:00:00,1.069799,1.070437,1.069200,1.069838,50
2024-11-12 09:00:00,1.069838,1.072269,1.069131,1.071562,50
2024-11-12 10:00:00,1.071562,1.071893,1.067485,1.067815,50
2024-11-12 11:00:00,1.067815,1.068520,1.064305,1.065009,50
2024-11-12 12:00:00,1.065009,1.065928,1.064909,1.065827,50
2024-11-12 13:00:00,1.065827,1.065931,1.065640,1.065744,50
2024-11-12 14:00:00,1.065744,1.066650,1.064312,1.065218,50
2024-11-12 15:00:00,1.065218,1.066646,1.064808,1.066236,50
2024-11-12 16:00:00,1.066236,1.066360,1.065336,1.065459,50
2024-11-12 17:00:00,1.065459,1.066683,1.064959,1.066183,50
2024-11-12 18:00:00,1.066183,1.066828,1.061575,1.062221,50
2024-11-12 19:00:00,1.062221,1.062885,1.061589,1.062254,50
2024-11-12 20:00:00,1.062254,1.062860,1.061288,1.061895,50
2024-11-12 21:00:00,1.061895,1.062457,1.060609,1.061172,50
2024-11-12 22:00:00,1.061172,1.061896,1.059492,1.060217,50
2024-11-12 23:00:00,1.060217,1.061142,1.058846,1.059771,50
2024-11-13 00:00:00,1.059771,1.059912,1.059406,1.059546,50
2024-11-13 01:00:00,1.059546,1.059558,1.058934,1.058945,50
2024-11-13 02:00:00,1.058945,1.059101,1.058797,1.058953,50
2024-11-13 03:00:00,1.058953,1.059162,1.057822,1.058031,50
2024-11-13 04:00:00,1.058031,1.058244,1.057599,1.057812,50
2024-11-13 05:00:00,1.057812,1.059359,1.057688,1.059235,50
2024-11-13 06:00:00,1.059235,1.059429,1.058658,1.058852,50
2024-11-13 07:00:00,1.058852,1.060014,1.058659,1.059821,50
2024-11-13 08:00:00,1.059821,1.059957,1.058737,1.058873,50
2024-11-13 09:00:00,1.058873,1.059070,1.058857,1.059054,50
2024-11-13 10:00:00,1.059054,1.059378,1.058924,1.059248,50
2024-11-13 11:00:00,1.059248,1.059407,1.058688,1.058847,50
2024-11-13 12:00:00,1.058847,1.059038,1.058281,1.058472,50
2024-11-13 13:00:00,1.058472,1.058644,1.057911,1.058082,50
2024-11-13 14:00:00,1.058082,1.058329,1.057480,1.057727,50
2024-11-13 15:00:00,1.057727,1.057766,1.057001,1.057041,50
2024-11-13 16:00:00,1.057041,1.057051,1.056578,1.056588,50
2024-11-13 17:00:00,1.056588,1.056603,1.056329,1.056344,50
2024-11-13 18:00:00,1.056344,1.056387,1.056100,1.056143,50
2024-11-13 19:00:00,1.056143,1.057099,1.055999,1.056956,50
2024-11-13 20:00:00,1.056956,1.057191,1.056512,1.056747,50
2024-11-13 21:00:00,1.056747,1.056838,1.056651,1.056742,50
2024-11-13 22:00:00,1.056742,1.056936,1.056644,1.056838,50
2024-11-13 23:00:00,1.056838,1.057015,1.056571,1.056747,50
2024-11-14 00:00:00,1.056747,1.057067,1.056661,1.056980,50
2024-11-14 01:00:00,1.056980,1.057248,1.056953,1.057220,50
2024-11-14 02:00:00,1.057220,1.057739,1.057146,1.057665,50
2024-11-14 03:00:00,1.057665,1.057792,1.056969,1.057097,50
2024-11-14 04:00:00,1.057097,1.058124,1.056913,1.057940,50
2024-11-14 05:00:00,1.057940,1.058184,1.057809,1.058053,50
2024-11-14 06:00:00,1.058053,1.058223,1.056845,1.057016,50
2024-11-14 07:00:00,1.057016,1.057085,1.056738,1.056808,50
2024-11-14 08:00:00,1.056808,1.057027,1.056712,1.056932,50
2024-11-14 09:00:00,1.056932,1.056937,1.056612,1.056617,50
2024-11-14 10:00:00,1.056617,1.056861,1.056472,1.056716,50
2024-11-14 11:00:00,1.056716,1.056951,1.056599,1.056834,50
2024-11-14 12:00:00,1.056834,1.056983,1.056131,1.056280,50
2024-11-14 13:00:00,1.056280,1.056305,1.056137,1.056162,50
2024-11-14 14:00:00,1.056162,1.056309,1.055456,1.055603,50
2024-11-14 15:00:00,1.055603,1.055642,1.055292,1.055331,50
2024-11-14 16:00:00,1.055331,1.055788,1.055258,1.055714,50
2024-11-14 17:00:00,1.055714,1.055817,1.055524,1.055626,50
2024-11-14 18:00:00,1.055626,1.055813,1.055265,1.055452,50
2024-11-14 19:00:00,1.055452,1.055631,1.054705,1.054884,50
2024-11-14 20:00:00,1.054884,1.055517,1.054785,1.055418,50
2024-11-14 21:00:00,1.055418,1.055451,1.055418,1.055451,50
2024-11-14 22:00:00,1.055451,1.055734,1.055267,1.055551,50
2024-11-14 23:00:00,1.055551,1.056275,1.055466,1.056189,50
2024-11-15 00:00:00,1.056189,1.056246,1.055068,1.055125,50
2024-11-15 01:00:00,1.055125,1.055272,1.055085,1.055231,50
2024-11-15 02:00:00,1.055231,1.055413,1.055185,1.055366,50
2024-11-15 03:00:00,1.055366,1.055481,1.054677,1.054791,50
2024-11-15 04:00:00,1.054791,1.054967,1.054452,1.054628,50
2024-11-15 05:00:00,1.054628,1.054763,1.054246,1.054380,50
2024-11-15 06:00:00,1.054380,1.054497,1.053989,1.054105,50
2024-11-15 07:00:00,1.054105,1.054827,1.053952,1.054674,50
2024-11-15 08:00:00,1.054674,1.054852,1.054560,1.054738,50
2024-11-15 09:00:00,1.054738,1.054811,1.054679,1.054752,50
2024-11-15 10:00:00,1.054752,1.054865,1.054733,1.054846,50
2024-11-15 11:00:00,1.054846,1.055892,1.054839,1.055886,50
2024-11-15 12:00:00,1.055886,1.055998,1.055711,1.055823,50
2024-11-15 13:00:00,1.055823,1.056415,1.055688,1.056279,50
2024-11-15 14:00:00,1.056279,1.056348,1.055868,1.055936,50
2024-11-15 15:00:00,1.055936,1.056512,1.055790,1.056367,50
2024-11-15 16:00:00,1.056367,1.057382,1.056234,1.057249,50
2024-11-15 17:00:00,1.057249,1.057329,1.057177,1.057257,50
2024-11-15 18:00:00,1.057257,1.057413,1.057114,1.057271,50
2024-11-15 19:00:00,1.057271,1.057409,1.056384,1.056523,50
2024-11-15 20:00:00,1.056523,1.056577,1.056221,1.056275,50
2024-11-15 21:00:00,1.056275,1.056369,1.055356,1.055450,50
2024-11-15 22:00:00,1.055450,1.055629,1.055290,1.055469,50
2024-11-15 23:00:00,1.055469,1.055490,1.055165,1.055186,50
2024-11-18 00:00:00,1.055186,1.058091,1.055031,1.057936,50
2024-11-18 01:00:00,1.057936,1.058096,1.057567,1.057727,50
2024-11-18 02:00:00,1.057727,1.057907,1.057708,1.057887,50
2024-11-18 03:00:00,1.057887,1.057999,1.056507,1.056618,50
2024-11-18 04:00:00,1.056618,1.056721,1.055336,1.055439,50
2024-11-18 05:00:00,1.055439,1.055952,1.055175,1.055688,50
2024-11-18 06:00:00,1.055688,1.055876,1.055185,1.055373,50
2024-11-18 07:00:00,1.055373,1.055517,1.054713,1.054857,50
2024-11-18 08:00:00,1.054857,1.054920,1.054671,1.054734,50
2024-11-18 09:00:00,1.054734,1.055304,1.054695,1.055265,50
2024-11-18 10:00:00,1.055265,1.055323,1.054437,1.054494,50
2024-11-18 11:00:00,1.054494,1.055215,1.054477,1.055198,50
2024-11-18 12:00:00,1.055198,1.055294,1.054855,1.054951,50
2024-11-18 13:00:00,1.054951,1.056810,1.054901,1.056760,50
2024-11-18 14:00:00,1.056760,1.056855,1.055484,1.055579,50
2024-11-18 15:00:00,1.055579,1.055761,1.055390,1.055572,50
2024-11-18 16:00:00,1.055572,1.055764,1.054634,1.054825,50
2024-11-18 17:00:00,1.054825,1.055058,1.054614,1.054846,50
2024-11-18 18:00:00,1.054846,1.056407,1.054773,1.056333,50
2024-11-18 19:00:00,1.056333,1.056524,1.055369,1.055559,50
2024-11-18 20:00:00,1.055559,1.056575,1.055340,1.056356,50
2024-11-18 21:00:00,1.056356,1.056798,1.056272,1.056715,50
2024-11-18 22:00:00,1.056715,1.058539,1.056492,1.058317,50
2024-11-18 23:00:00,1.058317,1.058931,1.058035,1.058649,50
2024-11-19 00:00:00,1.058649,1.059805,1.058632,1.059788,50
2024-11-19 01:00:00,1.059788,1.059845,1.058399,1.058456,50
2024-11-19 02:00:00,1.058456,1.058563,1.057360,1.057467,50
2024-11-19 03:00:00,1.057467,1.057788,1.057305,1.057626,50
2024-11-19 04:00:00,1.057626,1.057801,1.057128,1.057303,50
2024-11-19 05:00:00,1.057303,1.057449,1.056485,1.056630,50
2024-11-19 06:00:00,1.056630,1.056920,1.056616,1.056906,50
2024-11-19 07:00:00,1.056906,1.057353,1.056810,1.057257,50
2024-11-19 08:00:00,1.057257,1.057389,1.056483,1.056615,50
2024-11-19 09:00:00,1.056615,1.056928,1.056553,1.056867,50
2024-11-19 10:00:00,1.056867,1.057300,1.056806,1.057239,50
2024-11-19 11:00:00,1.057239,1.057376,1.057182,1.057320,50
2024-11-19 12:00:00,1.057320,1.058097,1.057143,1.057920,50
2024-11-19 13:00:00,1.057920,1.057926,1.057172,1.057178,50
2024-11-19 14:00:00,1.057178,1.057529,1.057158,1.057509,50
2024-11-19 15:00:00,1.057509,1.057547,1.057335,1.057373,50
2024-11-19 16:00:00,1.057373,1.057442,1.057035,1.057104,50
2024-11-19 17:00:00,1.057104,1.057356,1.056951,1.057203,50
2024-11-19 18:00:00,1.057203,1.057222,1.057077,1.057096,50
2024-11-19 19:00:00,1.057096,1.057905,1.056998,1.057807,50
2024-11-19 20:00:00,1.057807,1.058680,1.057651,1.058524,50
2024-11-19 21:00:00,1.058524,1.058671,1.058413,1.058560,50
2024-11-19 22:00:00,1.058560,1.059449,1.058432,1.059321,50
2024-11-19 23:00:00,1.059321,1.059415,1.057659,1.057753,50
2024-11-20 00:00:00,1.057753,1.058235,1.057363,1.057844,50
2024-11-20 01:00:00,1.057844,1.057997,1.057704,1.057856,50
2024-11-20 02:00:00,1.057856,1.058068,1.056253,1.056465,50
2024-11-20 03:00:00,1.056465,1.056894,1.055526,1.055955,50
2024-11-20 04:00:00,1.055955,1.058646,1.055709,1.058401,50
2024-11-20 05:00:00,1.058401,1.058630,1.056366,1.056595,50
2024-11-20 06:00:00,1.056595,1.056704,1.054099,1.054209,50
2024-11-20 07:00:00,1.054209,1.055460,1.053950,1.055201,50
2024-11-20 08:00:00,1.055201,1.055240,1.053064,1.053104,50
2024-11-20 09:00:00,1.053104,1.053150,1.052580,1.052626,50
2024-11-20 10:00:00,1.052626,1.052862,1.052548,1.052783,50
2024-11-20 11:00:00,1.052783,1.054114,1.052405,1.053735,50
2024-11-20 12:00:00,1.053735,1.054307,1.053388,1.053960,50
2024-11-20 13:00:00,1.053960,1.054017,1.050885,1.050943,50
2024-11-20 14:00:00,1.050943,1.052629,1.050541,1.052228,50
2024-11-20 15:00:00,1.052228,1.052694,1.052213,1.052679,50
2024-11-20 16:00:00,1.052679,1.053204,1.052325,1.052850,50
2024-11-20 17:00:00,1.052850,1.053531,1.052427,1.053107,50
2024-11-20 18:00:00,1.053107,1.053846,1.052766,1.053505,50
2024-11-20 19:00:00,1.053505,1.055020,1.053489,1.055005,50
2024-11-20 20:00:00,1.055005,1.055354,1.054265,1.054614,50
2024-11-20 21:00:00,1.054614,1.057262,1.054565,1.057213,50
2024-11-20 22:00:00,1.057213,1.057394,1.056208,1.056390,50
2024-11-20 23:00:00,1.056390,1.056861,1.051606,1.052078,50
2024-11-21 00:00:00,1.052078,1.052987,1.052072,1.052982,50
2024-11-21 01:00:00,1.052982,1.053132,1.052547,1.052697,50
2024-11-21 02:00:00,1.052697,1.053137,1.052564,1.053004,50
2024-11-21 03:00:00,1.053004,1.053060,1.051659,1.051716,50
2024-11-21 04:00:00,1.051716,1.051887,1.051301,1.051473,50
2024-11-21 05:00:00,1.051473,1.051553,1.050930,1.051010,50
2024-11-21 06:00:00,1.051010,1.051504,1.050626,1.051119,50
2024-11-21 07:00:00,1.051119,1.051261,1.050224,1.050366,50
2024-11-21 08:00:00,1.050366,1.050528,1.050211,1.050373,50
2024-11-21 09:00:00,1.050373,1.050384,1.050230,1.050241,50
2024-11-21 10:00:00,1.050241,1.050602,1.050240,1.050601,50
2024-11-21 11:00:00,1.050601,1.051450,1.050371,1.051221,50
2024-11-21 12:00:00,1.051221,1.051585,1.048384,1.048748,50
2024-11-21 13:00:00,1.048748,1.049402,1.048506,1.049160,50
2024-11-21 14:00:00,1.049160,1.050550,1.048863,1.050254,50
2024-11-21 15:00:00,1.050254,1.050266,1.048427,1.048438,50
2024-11-21 16:00:00,1.048438,1.048550,1.047325,1.047437,50
2024-11-21 17:00:00,1.047437,1.048722,1.047142,1.048427,50
2024-11-21 18:00:00,1.048427,1.048430,1.048339,1.048342,50
2024-11-21 19:00:00,1.048342,1.048413,1.047461,1.047533,50
2024-11-21 20:00:00,1.047533,1.048634,1.047363,1.048465,50
2024-11-21 21:00:00,1.048465,1.048509,1.047714,1.047759,50
2024-11-21 22:00:00,1.047759,1.048058,1.046224,1.046524,50
2024-11-21 23:00:00,1.046524,1.047542,1.046432,1.047449,50
2024-11-22 00:00:00,1.047449,1.049436,1.046966,1.048953,50
2024-11-22 01:00:00,1.048953,1.048972,1.045619,1.045639,50
2024-11-22 02:00:00,1.045639,1.046023,1.044509,1.044893,50
2024-11-22 03:00:00,1.044893,1.044901,1.044549,1.044557,50
2024-11-22 04:00:00,1.044557,1.044795,1.041506,1.041745,50
2024-11-22 05:00:00,1.041745,1.042787,1.041256,1.042299,50
2024-11-22 06:00:00,1.042299,1.042324,1.039928,1.039953,50
2024-11-22 07:00:00,1.039953,1.040499,1.037884,1.038430,50
2024-11-22 08:00:00,1.038430,1.038609,1.038266,1.038445,50
2024-11-22 09:00:00,1.038445,1.039806,1.038216,1.039577,50
2024-11-22 10:00:00,1.039577,1.039934,1.038271,1.038628,50
2024-11-22 11:00:00,1.038628,1.039615,1.038350,1.039337,50
2024-11-22 12:00:00,1.039337,1.040926,1.039302,1.040891,50
2024-11-22 13:00:00,1.040891,1.042905,1.040625,1.042639,50
2024-11-22 14:00:00,1.042639,1.042683,1.042250,1.042294,50
2024-11-22 15:00:00,1.042294,1.042726,1.041673,1.042104,50
2024-11-22 16:00:00,1.042104,1.042788,1.041596,1.042279,50
2024-11-22 17:00:00,1.042279,1.042305,1.041536,1.041561,50
2024-11-22 18:00:00,1.041561,1.041681,1.040788,1.040908,50
2024-11-22 19:00:00,1.040908,1.041025,1.039424,1.039541,50
2024-11-22 20:00:00,1.039541,1.040196,1.039370,1.040025,50
2024-11-22 21:00:00,1.040025,1.042311,1.039587,1.041873,50
2024-11-22 22:00:00,1.041873,1.042860,1.041315,1.042302,50
2024-11-22 23:00:00,1.042302,1.042715,1.039521,1.039933,50
2024-11-25 00:00:00,1.039933,1.043071,1.039278,1.042415,50
2024-11-25 01:00:00,1.042415,1.042721,1.041311,1.041618,50
2024-11-25 02:00:00,1.041618,1.041916,1.041506,1.041804,50
2024-11-25 03:00:00,1.041804,1.042090,1.040274,1.040559,50
2024-11-25 04:00:00,1.040559,1.041169,1.039625,1.040235,50
2024-11-25 05:00:00,1.040235,1.040702,1.037897,1.038364,50
2024-11-25 06:00:00,1.038364,1.039349,1.037728,1.038712,50
2024-11-25 07:00:00,1.038712,1.040458,1.038135,1.039881,50
2024-11-25 08:00:00,1.039881,1.041618,1.039796,1.041533,50
2024-11-25 09:00:00,1.041533,1.041656,1.041088,1.041211,50
2024-11-25 10:00:00,1.041211,1.043576,1.040561,1.042927,50
2024-11-25 11:00:00,1.042927,1.044974,1.042358,1.044406,50
2024-11-25 12:00:00,1.044406,1.044746,1.043352,1.043692,50
2024-11-25 13:00:00,1.043692,1.043810,1.042857,1.042974,50
2024-11-25 14:00:00,1.042974,1.043342,1.040802,1.041169,50
2024-11-25 15:00:00,1.041169,1.042564,1.040939,1.042334,50
2024-11-25 16:00:00,1.042334,1.043296,1.042202,1.043163,50
2024-11-25 17:00:00,1.043163,1.043350,1.041708,1.041895,50
2024-11-25 18:00:00,1.041895,1.042860,1.041490,1.042455,50
2024-11-25 19:00:00,1.042455,1.045749,1.041845,1.045139,50
2024-11-25 20:00:00,1.045139,1.047514,1.044659,1.047034,50
2024-11-25 21:00:00,1.047034,1.047588,1.044026,1.044580,50
2024-11-25 22:00:00,1.044580,1.047056,1.044553,1.047030,50
2024-11-25 23:00:00,1.047030,1.048030,1.046779,1.047779,50
2024-11-26 00:00:00,1.047779,1.047988,1.047615,1.047825,50
2024-11-26 01:00:00,1.047825,1.047963,1.047550,1.047688,50
2024-11-26 02:00:00,1.047688,1.048019,1.047650,1.047980,50
2024-11-26 03:00:00,1.047980,1.047983,1.047240,1.047242,50
2024-11-26 04:00:00,1.047242,1.047534,1.047075,1.047367,50
2024-11-26 05:00:00,1.047367,1.047482,1.046782,1.046898,50
2024-11-26 06:00:00,1.046898,1.046932,1.046471,1.046504,50
2024-11-26 07:00:00,1.046504,1.046589,1.046286,1.046371,50
2024-11-26 08:00:00,1.046371,1.047067,1.046257,1.046952,50
2024-11-26 09:00:00,1.046952,1.047250,1.046779,1.047077,50
2024-11-26 10:00:00,1.047077,1.047597,1.046982,1.047502,50
2024-11-26 11:00:00,1.047502,1.047546,1.047201,1.047245,50
2024-11-26 12:00:00,1.047245,1.047267,1.047074,1.047096,50
2024-11-26 13:00:00,1.047096,1.047928,1.046937,1.047768,50
2024-11-26 14:00:00,1.047768,1.047914,1.047432,1.047578,50
2024-11-26 15:00:00,1.047578,1.048348,1.047509,1.048278,50
2024-11-26 16:00:00,1.048278,1.049287,1.048159,1.049168,50
2024-11-26 17:00:00,1.049168,1.049311,1.048872,1.049016,50
2024-11-26 18:00:00,1.049016,1.049296,1.048856,1.049137,50
2024-11-26 19:00:00,1.049137,1.049307,1.048985,1.049156,50
2024-11-26 20:00:00,1.049156,1.049468,1.049015,1.049327,50
2024-11-26 21:00:00,1.049327,1.049656,1.049187,1.049516,50
2024-11-26 22:00:00,1.049516,1.049572,1.049269,1.049325,50
2024-11-26 23:00:00,1.049325,1.049425,1.048009,1.048108,50
2024-11-27 00:00:00,1.048108,1.049268,1.047581,1.048741,50
2024-11-27 01:00:00,1.048741,1.050926,1.048637,1.050822,50
2024-11-27 02:00:00,1.050822,1.051066,1.048004,1.048248,50
2024-11-27 03:00:00,1.048248,1.048486,1.048111,1.048349,50
2024-11-27 04:00:00,1.048349,1.050307,1.048142,1.050100,50
2024-11-27 05:00:00,1.050100,1.050426,1.047405,1.047732,50
2024-11-27 06:00:00,1.047732,1.048071,1.047698,1.048037,50
2024-11-27 07:00:00,1.048037,1.048996,1.047751,1.048709,50
2024-11-27 08:00:00,1.048709,1.048800,1.047369,1.047460,50
2024-11-27 09:00:00,1.047460,1.048069,1.045615,1.046224,50
2024-11-27 10:00:00,1.046224,1.047273,1.045965,1.047014,50
2024-11-27 11:00:00,1.047014,1.048202,1.046508,1.047696,50
2024-11-27 12:00:00,1.047696,1.049307,1.046943,1.048554,50
2024-11-27 13:00:00,1.048554,1.049761,1.048381,1.049588,50
2024-11-27 14:00:00,1.049588,1.049812,1.049476,1.049700,50
2024-11-27 15:00:00,1.049700,1.051053,1.049067,1.050420,50
2024-11-27 16:00:00,1.050420,1.050512,1.049956,1.050047,50
2024-11-27 17:00:00,1.050047,1.050458,1.047273,1.047684,50
2024-11-27 18:00:00,1.047684,1.053885,1.047220,1.053422,50
2024-11-27 19:00:00,1.053422,1.053581,1.052993,1.053153,50
2024-11-27 20:00:00,1.053153,1.053459,1.048081,1.048387,50
2024-11-27 21:00:00,1.048387,1.051749,1.047806,1.051169,50
2024-11-27 22:00:00,1.051169,1.054921,1.051150,1.054902,50
2024-11-27 23:00:00,1.054902,1.058193,1.054239,1.057530,50
2024-11-29 00:00:00,1.057530,1.057851,1.057509,1.057830,50
2024-11-29 01:00:00,1.057830,1.058003,1.056922,1.057095,50
2024-11-29 02:00:00,1.057095,1.057113,1.056551,1.056569,50
2024-11-29 03:00:00,1.056569,1.056782,1.056005,1.056218,50
2024-11-29 04:00:00,1.056218,1.056535,1.056178,1.056495,50
2024-11-29 05:00:00,1.056495,1.057818,1.056347,1.057670,50
2024-11-29 06:00:00,1.057670,1.058070,1.057443,1.057842,50
2024-11-29 07:00:00,1.057842,1.058144,1.057785,1.058087,50
2024-11-29 08:00:00,1.058087,1.058282,1.056853,1.057048,50
2024-11-29 09:00:00,1.057048,1.057300,1.056838,1.057091,50
2024-11-29 10:00:00,1.057091,1.057111,1.057084,1.057105,50
2024-11-29 11:00:00,1.057105,1.057250,1.056443,1.056588,50
2024-11-29 12:00:00,1.056588,1.057034,1.056586,1.057032,50
2024-11-29 13:00:00,1.057032,1.057392,1.056952,1.057312,50
2024-11-29 14:00:00,1.057312,1.057457,1.057002,1.057146,50
2024-11-29 15:00:00,1.057146,1.057242,1.056628,1.056723,50
2024-11-29 16:00:00,1.056723,1.056917,1.055758,1.055951,50
2024-11-29 17:00:00,1.055951,1.056550,1.055947,1.056546,50
2024-11-29 18:00:00,1.056546,1.056811,1.056369,1.056634,50
2024-11-29 19:00:00,1.056634,1.056818,1.055549,1.055733,50
2024-11-29 20:00:00,1.055733,1.055843,1.054904,1.055014,50
2024-11-29 21:00:00,1.055014,1.055115,1.054312,1.054413,50
2024-11-29 22:00:00,1.054413,1.054420,1.054176,1.054183,50
2024-11-29 23:00:00,1.054183,1.054885,1.054040,1.054741,50
2024-12-02 00:00:00,1.054741,1.056341,1.054401,1.056002,50
2024-12-02 01:00:00,1.056002,1.056449,1.054826,1.055273,50
2024-12-02 02:00:00,1.055273,1.055653,1.054933,1.055313,50
2024-12-02 03:00:00,1.055313,1.055318,1.054604,1.054609,50
2024-12-02 04:00:00,1.054609,1.055029,1.053580,1.054000,50
2024-12-02 05:00:00,1.054000,1.054009,1.053792,1.053801,50
2024-12-02 06:00:00,1.053801,1.054160,1.053184,1.053544,50
2024-12-02 07:00:00,1.053544,1.053796,1.052674,1.052926,50
2024-12-02 08:00:00,1.052926,1.054753,1.052497,1.054324,50
2024-12-02 09:00:00,1.054324,1.055321,1.054263,1.055260,50
2024-12-02 10:00:00,1.055260,1.055440,1.053765,1.053945,50
2024-12-02 11:00:00,1.053945,1.054383,1.052386,1.052824,50
2024-12-02 12:00:00,1.052824,1.053532,1.052445,1.053154,50
2024-12-02 13:00:00,1.053154,1.053268,1.052028,1.052142,50
2024-12-02 14:00:00,1.052142,1.052280,1.051784,1.051922,50
2024-12-02 15:00:00,1.051922,1.052228,1.050843,1.051149,50
2024-12-02 16:00:00,1.051149,1.051421,1.049926,1.050198,50
2024-12-02 17:00:00,1.050198,1.050562,1.048605,1.048969,50
2024-12-02 18:00:00,1.048969,1.049182,1.047850,1.048063,50
2024-12-02 19:00:00,1.048063,1.048968,1.047823,1.048728,50
2024-12-02 20:00:00,1.048728,1.048801,1.048356,1.048429,50
2024-12-02 21:00:00,1.048429,1.048746,1.047900,1.048217,50
2024-12-02 22:00:00,1.048217,1.048472,1.046931,1.047187,50
2024-12-02 23:00:00,1.047187,1.048483,1.047142,1.048438,50
2024-12-03 00:00:00,1.048438,1.048512,1.048055,1.048129,50
2024-12-03 01:00:00,1.048129,1.048778,1.047926,1.048576,50
2024-12-03 02:00:00,1.048576,1.048790,1.047939,1.048153,50
2024-12-03 03:00:00,1.048153,1.048390,1.048028,1.048265,50
2024-12-03 04:00:00,1.048265,1.048322,1.047720,1.047776,50
2024-12-03 05:00:00,1.047776,1.048582,1.047596,1.048402,50
2024-12-03 06:00:00,1.048402,1.048822,1.048290,1.048709,50
2024-12-03 07:00:00,1.048709,1.049214,1.048565,1.049070,50
2024-12-03 08:00:00,1.049070,1.049332,1.048197,1.048460,50
2024-12-03 09:00:00,1.048460,1.048520,1.048357,1.048417,50
2024-12-03 10:00:00,1.048417,1.048991,1.048303,1.048877,50
2024-12-03 11:00:00,1.048877,1.048969,1.048716,1.048807,50
2024-12-03 12:00:00,1.048807,1.048947,1.048316,1.048455,50
2024-12-03 13:00:00,1.048455,1.049681,1.048224,1.049449,50
2024-12-03 14:00:00,1.049449,1.049482,1.049382,1.049414,50
2024-12-03 15:00:00,1.049414,1.049557,1.048703,1.048845,50
2024-12-03 16:00:00,1.048845,1.049813,1.048626,1.049593,50
2024-12-03 17:00:00,1.049593,1.050563,1.049352,1.050322,50
2024-12-03 18:00:00,1.050322,1.051659,1.050125,1.051463,50
2024-12-03 19:00:00,1.051463,1.051741,1.051316,1.051594,50
2024-12-03 20:00:00,1.051594,1.052466,1.051440,1.052313,50
2024-12-03 21:00:00,1.052313,1.052337,1.052312,1.052336,50
2024-12-03 22:00:00,1.052336,1.052389,1.052058,1.052110,50
2024-12-03 23:00:00,1.052110,1.052125,1.051731,1.051746,50
2024-12-04 00:00:00,1.051746,1.051881,1.050911,1.051046,50
2024-12-04 01:00:00,1.051046,1.051194,1.050517,1.050665,50
2024-12-04 02:00:00,1.050665,1.050895,1.050659,1.050889,50
2024-12-04 03:00:00,1.050889,1.051572,1.050794,1.051477,50
2024-12-04 04:00:00,1.051477,1.051739,1.051414,1.051676,50
2024-12-04 05:00:00,1.051676,1.051711,1.051505,1.051539,50
2024-12-04 06:00:00,1.051539,1.051630,1.051424,1.051515,50
2024-12-04 07:00:00,1.051515,1.051550,1.051256,1.051290,50
2024-12-04 08:00:00,1.051290,1.051394,1.050921,1.051024,50
2024-12-04 09:00:00,1.051024,1.051668,1.050839,1.051482,50
2024-12-04 10:00:00,1.051482,1.051718,1.051478,1.051714,50
2024-12-04 11:00:00,1.051714,1.051975,1.051650,1.051911,50
2024-12-04 12:00:00,1.051911,1.053137,1.051746,1.052972,50
2024-12-04 13:00:00,1.052972,1.053110,1.052815,1.052953,50
2024-12-04 14:00:00,1.052953,1.053048,1.052500,1.052595,50
2024-12-04 15:00:00,1.052595,1.053424,1.052424,1.053253,50
2024-12-04 16:00:00,1.053253,1.053442,1.052660,1.052849,50
2024-12-04 17:00:00,1.052849,1.053886,1.052786,1.053823,50
2024-12-04 18:00:00,1.053823,1.053930,1.053160,1.053267,50
2024-12-04 19:00:00,1.053267,1.053435,1.053026,1.053195,50
2024-12-04 20:00:00,1.053195,1.053997,1.053020,1.053822,50
2024-12-04 21:00:00,1.053822,1.053881,1.053521,1.053580,50
2024-12-04 22:00:00,1.053580,1.053655,1.052958,1.053032,50
2024-12-04 23:00:00,1.053032,1.053134,1.052640,1.052742,50
2024-12-05 00:00:00,1.052742,1.052970,1.051689,1.051916,50
2024-12-05 01:00:00,1.051916,1.053312,1.051579,1.052976,50
2024-12-05 02:00:00,1.052976,1.054291,1.052905,1.054221,50
2024-12-05 03:00:00,1.054221,1.054942,1.053978,1.054700,50
2024-12-05 04:00:00,1.054700,1.055722,1.054368,1.055390,50
2024-12-05 05:00:00,1.055390,1.055931,1.055096,1.055636,50
2024-12-05 06:00:00,1.055636,1.056454,1.055633,1.056451,50
2024-12-05 07:00:00,1.056451,1.057520,1.056279,1.057348,50
2024-12-05 08:00:00,1.057348,1.057596,1.056834,1.057082,50
2024-12-05 09:00:00,1.057082,1.057141,1.056397,1.056455,50
2024-12-05 10:00:00,1.056455,1.056691,1.055653,1.055890,50
2024-12-05 11:00:00,1.055890,1.056253,1.055365,1.055728,50
2024-12-05 12:00:00,1.055728,1.055964,1.055035,1.055271,50
2024-12-05 13:00:00,1.055271,1.055631,1.054614,1.054974,50
2024-12-05 14:00:00,1.054974,1.055947,1.054911,1.055884,50
2024-12-05 15:00:00,1.055884,1.057466,1.055715,1.057297,50
2024-12-05 16:00:00,1.057297,1.058030,1.057217,1.057950,50
2024-12-05 17:00:00,1.057950,1.058176,1.057021,1.057246,50
2024-12-05 18:00:00,1.057246,1.057534,1.056712,1.057000,50
2024-12-05 19:00:00,1.057000,1.057140,1.056963,1.057104,50
2024-12-05 20:00:00,1.057104,1.057157,1.055904,1.055957,50
2024-12-05 21:00:00,1.055957,1.056316,1.054954,1.055313,50
2024-12-05 22:00:00,1.055313,1.055406,1.053895,1.053987,50
2024-12-05 23:00:00,1.053987,1.057245,1.053825,1.057082,50
2024-12-06 00:00:00,1.057082,1.058162,1.057043,1.058122,50
2024-12-06 01:00:00,1.058122,1.058199,1.056999,1.057075,50
2024-12-06 02:00:00,1.057075,1.057233,1.056981,1.057139,50
2024-12-06 03:00:00,1.057139,1.057572,1.057076,1.057509,50
2024-12-06 04:00:00,1.057509,1.057549,1.057433,1.057472,50
2024-12-06 05:00:00,1.057472,1.057655,1.057108,1.057291,50
2024-12-06 06:00:00,1.057291,1.057324,1.056968,1.057002,50
2024-12-06 07:00:00,1.057002,1.057046,1.056897,1.056942,50
2024-12-06 08:00:00,1.056942,1.057065,1.056256,1.056380,50
2024-12-06 09:00:00,1.056380,1.056388,1.055539,1.055547,50
2024-12-06 10:00:00,1.055547,1.055848,1.055362,1.055663,50
2024-12-06 11:00:00,1.055663,1.055671,1.055653,1.055661,50
2024-12-06 12:00:00,1.055661,1.055808,1.055246,1.055394,50
2024-12-06 13:00:00,1.055394,1.055543,1.055036,1.055186,50
2024-12-06 14:00:00,1.055186,1.055224,1.055069,1.055107,50
2024-12-06 15:00:00,1.055107,1.055293,1.055023,1.055209,50
2024-12-06 16:00:00,1.055209,1.055246,1.055110,1.055147,50
2024-12-06 17:00:00,1.055147,1.055745,1.055119,1.055717,50
2024-12-06 18:00:00,1.055717,1.055894,1.055581,1.055758,50
2024-12-06 19:00:00,1.055758,1.055767,1.055506,1.055516,50
2024-12-06 20:00:00,1.055516,1.055934,1.055382,1.055800,50
2024-12-06 21:00:00,1.055800,1.055967,1.055620,1.055787,50
2024-12-06 22:00:00,1.055787,1.055820,1.055256,1.055289,50
2024-12-06 23:00:00,1.055289,1.056332,1.055258,1.056301,50
2024-12-09 00:00:00,1.056301,1.056700,1.056124,1.056523,50
2024-12-09 01:00:00,1.056523,1.056558,1.056332,1.056367,50
2024-12-09 02:00:00,1.056367,1.056761,1.056216,1.056609,50
2024-12-09 03:00:00,1.056609,1.056785,1.056257,1.056432,50
2024-12-09 04:00:00,1.056432,1.056979,1.056363,1.056909,50
2024-12-09 05:00:00,1.056909,1.056969,1.055878,1.055938,50
2024-12-09 06:00:00,1.055938,1.055981,1.055220,1.055263,50
2024-12-09 07:00:00,1.055263,1.056039,1.055112,1.055888,50
2024-12-09 08:00:00,1.055888,1.055905,1.055033,1.055050,50
2024-12-09 09:00:00,1.055050,1.055323,1.054986,1.055258,50
2024-12-09 10:00:00,1.055258,1.055404,1.055183,1.055329,50
2024-12-09 11:00:00,1.055329,1.055385,1.055211,1.055267,50
2024-12-09 12:00:00,1.055267,1.055950,1.055082,1.055765,50
2024-12-09 13:00:00,1.055765,1.055919,1.055465,1.055619,50
2024-12-09 14:00:00,1.055619,1.055758,1.055360,1.055499,50
2024-12-09 15:00:00,1.055499,1.056700,1.055436,1.056637,50
2024-12-09 16:00:00,1.056637,1.056887,1.056488,1.056738,50
2024-12-09 17:00:00,1.056738,1.056873,1.056233,1.056368,50
2024-12-09 18:00:00,1.056368,1.057647,1.056234,1.057513,50
2024-12-09 19:00:00,1.057513,1.057636,1.057176,1.057298,50
2024-12-09 20:00:00,1.057298,1.058395,1.057124,1.058221,50
2024-12-09 21:00:00,1.058221,1.058340,1.057835,1.057953,50
2024-12-09 22:00:00,1.057953,1.058344,1.057783,1.058173,50
2024-12-09 23:00:00,1.058173,1.058275,1.056869,1.056971,50
2024-12-10 00:00:00,1.056971,1.058436,1.056661,1.058126,50
2024-12-10 01:00:00,1.058126,1.058570,1.054814,1.055258,50
2024-12-10 02:00:00,1.055258,1.055726,1.051943,1.052411,50
2024-12-10 03:00:00,1.052411,1.052797,1.052152,1.052537,50
2024-12-10 04:00:00,1.052537,1.052605,1.050565,1.050632,50
2024-12-10 05:00:00,1.050632,1.053702,1.050346,1.053415,50
2024-12-10 06:00:00,1.053415,1.054024,1.053261,1.053870,50
2024-12-10 07:00:00,1.053870,1.053936,1.053321,1.053387,50
2024-12-10 08:00:00,1.053387,1.053827,1.051549,1.051989,50
2024-12-10 09:00:00,1.051989,1.052105,1.051234,1.051351,50
2024-12-10 10:00:00,1.051351,1.053388,1.051125,1.053163,50
2024-12-10 11:00:00,1.053163,1.053589,1.053096,1.053522,50
2024-12-10 12:00:00,1.053522,1.055101,1.053161,1.054740,50
2024-12-10 13:00:00,1.054740,1.057707,1.054398,1.057364,50
2024-12-10 14:00:00,1.057364,1.057385,1.056339,1.056361,50
2024-12-10 15:00:00,1.056361,1.056598,1.056039,1.056276,50
2024-12-10 16:00:00,1.056276,1.056355,1.053556,1.053635,50
2024-12-10 17:00:00,1.053635,1.053735,1.052868,1.052968,50
2024-12-10 18:00:00,1.052968,1.053189,1.049856,1.050077,50
2024-12-10 19:00:00,1.050077,1.050549,1.049565,1.050038,50
2024-12-10 20:00:00,1.050038,1.051059,1.049981,1.051002,50
2024-12-10 21:00:00,1.051002,1.053065,1.050576,1.052640,50
2024-12-10 22:00:00,1.052640,1.052746,1.052296,1.052402,50
2024-12-10 23:00:00,1.052402,1.052649,1.050946,1.051193,50
2024-12-11 00:00:00,1.051193,1.052008,1.051172,1.051987,50
2024-12-11 01:00:00,1.051987,1.052596,1.051938,1.052548,50
2024-12-11 02:00:00,1.052548,1.052564,1.052034,1.052050,50
2024-12-11 03:00:00,1.052050,1.052097,1.051912,1.051958,50
2024-12-11 04:00:00,1.051958,1.052587,1.051891,1.052519,50
2024-12-11 05:00:00,1.052519,1.052559,1.052310,1.052350,50
2024-12-11 06:00:00,1.052350,1.052598,1.052206,1.052454,50
2024-12-11 07:00:00,1.052454,1.052546,1.051077,1.051168,50
2024-12-11 08:00:00,1.051168,1.051211,1.050474,1.050516,50
2024-12-11 09:00:00,1.050516,1.050663,1.050115,1.050262,50
2024-12-11 10:00:00,1.050262,1.050305,1.049621,1.049664,50
2024-12-11 11:00:00,1.049664,1.050101,1.049522,1.049959,50
2024-12-11 12:00:00,1.049959,1.050409,1.049890,1.050341,50
2024-12-11 13:00:00,1.050341,1.050632,1.050264,1.050555,50
2024-12-11 14:00:00,1.050555,1.050613,1.050018,1.050076,50
2024-12-11 15:00:00,1.050076,1.050189,1.049283,1.049396,50
2024-12-11 16:00:00,1.049396,1.050387,1.049286,1.050277,50
2024-12-11 17:00:00,1.050277,1.050416,1.049486,1.049626,50
2024-12-11 18:00:00,1.049626,1.050542,1.049506,1.050422,50
2024-12-11 19:00:00,1.050422,1.050870,1.050347,1.050795,50
2024-12-11 20:00:00,1.050795,1.050947,1.050656,1.050809,50
2024-12-11 21:00:00,1.050809,1.050926,1.050500,1.050617,50
2024-12-11 22:00:00,1.050617,1.051031,1.050456,1.050871,50
2024-12-11 23:00:00,1.050871,1.050941,1.050681,1.050751,50
2024-12-12 00:00:00,1.050751,1.050925,1.050569,1.050743,50
2024-12-12 01:00:00,1.050743,1.050861,1.050213,1.050332,50
2024-12-12 02:00:00,1.050332,1.050417,1.050071,1.050157,50
2024-12-12 03:00:00,1.050157,1.050324,1.049763,1.049930,50
2024-12-12 04:00:00,1.049930,1.050349,1.049805,1.050224,50
2024-12-12 05:00:00,1.050224,1.050294,1.049731,1.049801,50
2024-12-12 06:00:00,1.049801,1.049889,1.049584,1.049672,50
2024-12-12 07:00:00,1.049672,1.049714,1.049548,1.049590,50
2024-12-12 08:00:00,1.049590,1.049819,1.049444,1.049673,50
2024-12-12 09:00:00,1.049673,1.050702,1.049501,1.050530,50
2024-12-12 10:00:00,1.050530,1.050532,1.049580,1.049582,50
2024-12-12 11:00:00,1.049582,1.049687,1.049401,1.049506,50
2024-12-12 12:00:00,1.049506,1.049816,1.049367,1.049677,50
2024-12-12 13:00:00,1.049677,1.049903,1.049581,1.049806,50
2024-12-12 14:00:00,1.049806,1.050242,1.049801,1.050237,50
2024-12-12 15:00:00,1.050237,1.050900,1.050190,1.050854,50
2024-12-12 16:00:00,1.050854,1.050947,1.050473,1.050567,50
2024-12-12 17:00:00,1.050567,1.050763,1.050542,1.050738,50
2024-12-12 18:00:00,1.050738,1.051448,1.050735,1.051445,50
2024-12-12 19:00:00,1.051445,1.051947,1.051419,1.051920,50
2024-12-12 20:00:00,1.051920,1.052670,1.051910,1.052660,50
2024-12-12 21:00:00,1.052660,1.052764,1.051692,1.051796,50
2024-12-12 22:00:00,1.051796,1.051913,1.050919,1.051035,50
2024-12-12 23:00:00,1.051035,1.051479,1.050970,1.051414,50
2024-12-13 00:00:00,1.051414,1.052237,1.051338,1.052161,50
2024-12-13 01:00:00,1.052161,1.052216,1.052080,1.052135,50
2024-12-13 02:00:00,1.052135,1.052201,1.051924,1.051989,50
2024-12-13 03:00:00,1.051989,1.052032,1.051588,1.051630,50
2024-12-13 04:00:00,1.051630,1.052193,1.051576,1.052139,50
2024-12-13 05:00:00,1.052139,1.052304,1.051398,1.051562,50
2024-12-13 06:00:00,1.051562,1.051590,1.051521,1.051549,50
2024-12-13 07:00:00,1.051549,1.051558,1.051504,1.051513,50
2024-12-13 08:00:00,1.051513,1.051681,1.050727,1.050895,50
2024-12-13 09:00:00,1.050895,1.051390,1.050803,1.051297,50
2024-12-13 10:00:00,1.051297,1.051335,1.050900,1.050938,50
2024-12-13 11:00:00,1.050938,1.050985,1.050055,1.050102,50
2024-12-13 12:00:00,1.050102,1.050275,1.049543,1.049716,50
2024-12-13 13:00:00,1.049716,1.049795,1.049338,1.049418,50
2024-12-13 14:00:00,1.049418,1.049535,1.048894,1.049012,50
2024-12-13 15:00:00,1.049012,1.049532,1.048988,1.049508,50
2024-12-13 16:00:00,1.049508,1.049998,1.049380,1.049870,50
2024-12-13 17:00:00,1.049870,1.049984,1.049610,1.049724,50
2024-12-13 18:00:00,1.049724,1.050487,1.049714,1.050477,50
2024-12-13 19:00:00,1.050477,1.050525,1.049821,1.049869,50
2024-12-13 20:00:00,1.049869,1.050056,1.049381,1.049569,50
2024-12-13 21:00:00,1.049569,1.050118,1.049543,1.050093,50
2024-12-13 22:00:00,1.050093,1.050254,1.049776,1.049937,50
2024-12-13 23:00:00,1.049937,1.050100,1.049596,1.049759,50
2024-12-16 00:00:00,1.049759,1.049866,1.048792,1.048899,50
2024-12-16 01:00:00,1.048899,1.049915,1.048785,1.049801,50
2024-12-16 02:00:00,1.049801,1.049940,1.049505,1.049644,50
2024-12-16 03:00:00,1.049644,1.049843,1.049507,1.049706,50
2024-12-16 04:00:00,1.049706,1.049748,1.049564,1.049606,50
2024-12-16 05:00:00,1.049606,1.050146,1.049580,1.050119,50
2024-12-16 06:00:00,1.050119,1.050139,1.049761,1.049780,50
2024-12-16 07:00:00,1.049780,1.050704,1.049669,1.050593,50
2024-12-16 08:00:00,1.050593,1.050626,1.050431,1.050464,50
2024-12-16 09:00:00,1.050464,1.050549,1.050304,1.050389,50
2024-12-16 10:00:00,1.050389,1.050433,1.049844,1.049889,50
2024-12-16 11:00:00,1.049889,1.050218,1.049753,1.050082,50
2024-12-16 12:00:00,1.050082,1.050229,1.049201,1.049348,50
2024-12-16 13:00:00,1.049348,1.049652,1.049326,1.049631,50
2024-12-16 14:00:00,1.049631,1.049936,1.049441,1.049747,50
2024-12-16 15:00:00,1.049747,1.050599,1.049650,1.050502,50
2024-12-16 16:00:00,1.050502,1.050761,1.050322,1.050581,50
2024-12-16 17:00:00,1.050581,1.050904,1.050431,1.050754,50
2024-12-16 18:00:00,1.050754,1.051106,1.050653,1.051005,50
2024-12-16 19:00:00,1.051005,1.051225,1.050973,1.051193,50
2024-12-16 20:00:00,1.051193,1.051715,1.051036,1.051558,50
2024-12-16 21:00:00,1.051558,1.051986,1.051508,1.051936,50
2024-12-16 22:00:00,1.051936,1.052215,1.051774,1.052053,50
2024-12-16 23:00:00,1.052053,1.052095,1.051151,1.051193,50
2024-12-17 00:00:00,1.051193,1.051516,1.051032,1.051355,50
2024-12-17 01:00:00,1.051355,1.052153,1.051239,1.052036,50
2024-12-17 02:00:00,1.052036,1.052618,1.051911,1.052493,50
2024-12-17 03:00:00,1.052493,1.052666,1.051154,1.051328,50
2024-12-17 04:00:00,1.051328,1.051437,1.049788,1.049897,50
2024-12-17 05:00:00,1.049897,1.050559,1.049737,1.050399,50
2024-12-17 06:00:00,1.050399,1.050459,1.050292,1.050352,50
2024-12-17 07:00:00,1.050352,1.050731,1.050169,1.050548,50
2024-12-17 08:00:00,1.050548,1.051480,1.050484,1.051416,50
2024-12-17 09:00:00,1.051416,1.051458,1.050698,1.050740,50
2024-12-17 10:00:00,1.050740,1.050909,1.049746,1.049915,50
2024-12-17 11:00:00,1.049915,1.049950,1.049628,1.049663,50
2024-12-17 12:00:00,1.049663,1.050043,1.049520,1.049900,50
2024-12-17 13:00:00,1.049900,1.050391,1.049750,1.050241,50
2024-12-17 14:00:00,1.050241,1.050405,1.049539,1.049703,50
2024-12-17 15:00:00,1.049703,1.050034,1.049680,1.050011,50
2024-12-17 16:00:00,1.050011,1.050390,1.049887,1.050266,50
2024-12-17 17:00:00,1.050266,1.050406,1.049201,1.049341,50
2024-12-17 18:00:00,1.049341,1.049666,1.049173,1.049497,50
2024-12-17 19:00:00,1.049497,1.049562,1.049285,1.049350,50
2024-12-17 20:00:00,1.049350,1.050574,1.049172,1.050396,50
2024-12-17 21:00:00,1.050396,1.050396,1.049904,1.049904,50
2024-12-17 22:00:00,1.049904,1.051372,1.049817,1.051284,50
2024-12-17 23:00:00,1.051284,1.051367,1.050559,1.050641,50
2024-12-18 00:00:00,1.050641,1.051014,1.050629,1.051002,50
2024-12-18 01:00:00,1.051002,1.051270,1.049011,1.049280,50
2024-12-18 02:00:00,1.049280,1.049561,1.048099,1.048380,50
2024-12-18 03:00:00,1.048380,1.049234,1.048311,1.049165,50
2024-12-18 04:00:00,1.049165,1.049281,1.048444,1.048561,50
2024-12-18 05:00:00,1.048561,1.048850,1.048281,1.048570,50
2024-12-18 06:00:00,1.048570,1.048852,1.047600,1.047882,50
2024-12-18 07:00:00,1.047882,1.048113,1.047284,1.047515,50
2024-12-18 08:00:00,1.047515,1.047914,1.047407,1.047806,50
2024-12-18 09:00:00,1.047806,1.048842,1.047754,1.048790,50
2024-12-18 10:00:00,1.048790,1.049088,1.048291,1.048589,50
2024-12-18 11:00:00,1.048589,1.048835,1.046834,1.047080,50
2024-12-18 12:00:00,1.047080,1.047227,1.046449,1.046596,50
2024-12-18 13:00:00,1.046596,1.046801,1.045948,1.046153,50
2024-12-18 14:00:00,1.046153,1.047153,1.045858,1.046857,50
2024-12-18 15:00:00,1.046857,1.048974,1.046635,1.048752,50
2024-12-18 16:00:00,1.048752,1.048778,1.048461,1.048487,50
2024-12-18 17:00:00,1.048487,1.048617,1.047759,1.047889,50
2024-12-18 18:00:00,1.047889,1.048051,1.047625,1.047786,50
2024-12-18 19:00:00,1.047786,1.048886,1.047527,1.048627,50
2024-12-18 20:00:00,1.048627,1.048921,1.048118,1.048411,50
2024-12-18 21:00:00,1.048411,1.048745,1.048308,1.048642,50
2024-12-18 22:00:00,1.048642,1.048973,1.048489,1.048820,50
2024-12-18 23:00:00,1.048820,1.048881,1.046840,1.046901,50
2024-12-19 00:00:00,1.046901,1.047155,1.046565,1.046819,50
2024-12-19 01:00:00,1.046819,1.047104,1.046328,1.046613,50
2024-12-19 02:00:00,1.046613,1.046689,1.043543,1.043619,50
2024-12-19 03:00:00,1.043619,1.046325,1.043272,1.045977,50
2024-12-19 04:00:00,1.045977,1.047650,1.045278,1.046950,50
2024-12-19 05:00:00,1.046950,1.047181,1.045837,1.046068,50
2024-12-19 06:00:00,1.046068,1.046272,1.041665,1.041870,50
2024-12-19 07:00:00,1.041870,1.041878,1.037426,1.037435,50
2024-12-19 08:00:00,1.037435,1.038246,1.034425,1.035236,50
2024-12-19 09:00:00,1.035236,1.035794,1.034941,1.035499,50
2024-12-19 10:00:00,1.035499,1.035974,1.034322,1.034798,50
2024-12-19 11:00:00,1.034798,1.035354,1.033954,1.034511,50
2024-12-19 12:00:00,1.034511,1.035291,1.032718,1.033499,50
2024-12-19 13:00:00,1.033499,1.035833,1.033101,1.035435,50
2024-12-19 14:00:00,1.035435,1.037142,1.035377,1.037085,50
2024-12-19 15:00:00,1.037085,1.038135,1.036930,1.037980,50
2024-12-19 16:00:00,1.037980,1.038232,1.037196,1.037448,50
2024-12-19 17:00:00,1.037448,1.038256,1.037260,1.038069,50
2024-12-19 18:00:00,1.038069,1.039594,1.037974,1.039500,50
2024-12-19 19:00:00,1.039500,1.039727,1.038496,1.038723,50
2024-12-19 20:00:00,1.038723,1.038980,1.037023,1.037280,50
2024-12-19 21:00:00,1.037280,1.037587,1.035628,1.035935,50
2024-12-19 22:00:00,1.035935,1.039608,1.035194,1.038867,50
2024-12-19 23:00:00,1.038867,1.039434,1.035166,1.035733,50
2024-12-20 00:00:00,1.035733,1.041248,1.035370,1.040886,50
2024-12-20 01:00:00,1.040886,1.041825,1.040826,1.041765,50
2024-12-20 02:00:00,1.041765,1.042187,1.040429,1.040850,50
2024-12-20 03:00:00,1.040850,1.043116,1.040723,1.042988,50
2024-12-20 04:00:00,1.042988,1.043411,1.040284,1.040707,50
2024-12-20 05:00:00,1.040707,1.041965,1.040642,1.041899,50
2024-12-20 06:00:00,1.041899,1.042313,1.039862,1.040275,50
2024-12-20 07:00:00,1.040275,1.041311,1.039678,1.040713,50
2024-12-20 08:00:00,1.040713,1.043116,1.040230,1.042633,50
2024-12-20 09:00:00,1.042633,1.042902,1.040020,1.040289,50
2024-12-20 10:00:00,1.040289,1.040771,1.039309,1.039792,50
2024-12-20 11:00:00,1.039792,1.039798,1.036489,1.036496,50
2024-12-20 12:00:00,1.036496,1.037433,1.036064,1.037001,50
2024-12-20 13:00:00,1.037001,1.037387,1.033899,1.034285,50
2024-12-20 14:00:00,1.034285,1.037337,1.033843,1.036894,50
2024-12-20 15:00:00,1.036894,1.037873,1.036600,1.037579,50
2024-12-20 16:00:00,1.037579,1.041220,1.037287,1.040929,50
2024-12-20 17:00:00,1.040929,1.040964,1.040370,1.040406,50
2024-12-20 18:00:00,1.040406,1.041223,1.039849,1.040666,50
2024-12-20 19:00:00,1.040666,1.041256,1.038774,1.039364,50
2024-12-20 20:00:00,1.039364,1.039601,1.038778,1.039015,50
2024-12-20 21:00:00,1.039015,1.040222,1.038667,1.039874,50
2024-12-20 22:00:00,1.039874,1.044884,1.039408,1.044418,50
2024-12-20 23:00:00,1.044418,1.044766,1.042623,1.042970,50
2024-12-23 00:00:00,1.042970,1.043050,1.040988,1.041067,50
2024-12-23 01:00:00,1.041067,1.041196,1.040744,1.040873,50
2024-12-23 02:00:00,1.040873,1.041018,1.040512,1.040657,50
2024-12-23 03:00:00,1.040657,1.040728,1.040579,1.040650,50
2024-12-23 04:00:00,1.040650,1.041050,1.040586,1.040986,50
2024-12-23 05:00:00,1.040986,1.041312,1.040844,1.041171,50
2024-12-23 06:00:00,1.041171,1.041860,1.041024,1.041714,50
2024-12-23 07:00:00,1.041714,1.041894,1.041410,1.041590,50
2024-12-23 08:00:00,1.041590,1.042624,1.041417,1.042451,50
2024-12-23 09:00:00,1.042451,1.042527,1.042103,1.042179,50
2024-12-23 10:00:00,1.042179,1.042322,1.041927,1.042070,50
2024-12-23 11:00:00,1.042070,1.043033,1.041930,1.042893,50
2024-12-23 12:00:00,1.042893,1.043165,1.042805,1.043077,50
2024-12-23 13:00:00,1.043077,1.043663,1.042914,1.043500,50
2024-12-23 14:00:00,1.043500,1.043667,1.042601,1.042768,50
2024-12-23 15:00:00,1.042768,1.042920,1.042092,1.042244,50
2024-12-23 16:00:00,1.042244,1.042405,1.042134,1.042295,50
2024-12-23 17:00:00,1.042295,1.042382,1.042212,1.042299,50
2024-12-23 18:00:00,1.042299,1.042390,1.041400,1.041491,50
2024-12-23 19:00:00,1.041491,1.041582,1.040884,1.040975,50
2024-12-23 20:00:00,1.040975,1.041244,1.040834,1.041103,50
2024-12-23 21:00:00,1.041103,1.041130,1.040717,1.040745,50
2024-12-23 22:00:00,1.040745,1.040846,1.040473,1.040575,50
2024-12-23 23:00:00,1.040575,1.041043,1.040439,1.040908,50
2024-12-24 00:00:00,1.040908,1.041312,1.040746,1.041151,50
2024-12-24 01:00:00,1.041151,1.041393,1.041053,1.041295,50
2024-12-24 02:00:00,1.041295,1.041391,1.040813,1.040908,50
2024-12-24 03:00:00,1.040908,1.040914,1.040267,1.040273,50
2024-12-24 04:00:00,1.040273,1.040792,1.040147,1.040666,50
2024-12-24 05:00:00,1.040666,1.040674,1.040624,1.040632,50
2024-12-24 06:00:00,1.040632,1.041428,1.040553,1.041349,50
2024-12-24 07:00:00,1.041349,1.041437,1.040637,1.040725,50
2024-12-24 08:00:00,1.040725,1.041139,1.040613,1.041027,50
2024-12-24 09:00:00,1.041027,1.041153,1.040265,1.040391,50
2024-12-24 10:00:00,1.040391,1.040484,1.039182,1.039275,50
2024-12-24 11:00:00,1.039275,1.039330,1.038647,1.038702,50
2024-12-24 12:00:00,1.038702,1.038707,1.038600,1.038606,50
2024-12-24 13:00:00,1.038606,1.038639,1.038289,1.038322,50
2024-12-24 14:00:00,1.038322,1.038562,1.038275,1.038515,50
2024-12-24 15:00:00,1.038515,1.039267,1.038442,1.039194,50
2024-12-24 16:00:00,1.039194,1.039436,1.039009,1.039252,50
2024-12-24 17:00:00,1.039252,1.039458,1.039198,1.039404,50
2024-12-24 18:00:00,1.039404,1.039774,1.039365,1.039735,50
2024-12-24 19:00:00,1.039735,1.039903,1.039387,1.039555,50
2024-12-24 20:00:00,1.039555,1.039647,1.039428,1.039520,50
2024-12-24 21:00:00,1.039520,1.039627,1.039012,1.039119,50
2024-12-24 22:00:00,1.039119,1.039750,1.039006,1.039637,50
2024-12-24 23:00:00,1.039637,1.039738,1.038752,1.038853,50
2024-12-26 00:00:00,1.038853,1.038978,1.038035,1.038160,50
2024-12-26 01:00:00,1.038160,1.039043,1.038132,1.039015,50
2024-12-26 02:00:00,1.039015,1.039333,1.038768,1.039085,50
2024-12-26 03:00:00,1.039085,1.039340,1.039074,1.039329,50
2024-12-26 04:00:00,1.039329,1.039475,1.038658,1.038804,50
2024-12-26 05:00:00,1.038804,1.039757,1.038643,1.039596,50
2024-12-26 06:00:00,1.039596,1.040158,1.039365,1.039927,50
2024-12-26 07:00:00,1.039927,1.040363,1.039783,1.040220,50
2024-12-26 08:00:00,1.040220,1.040360,1.039935,1.040075,50
2024-12-26 09:00:00,1.040075,1.040292,1.039730,1.039946,50
2024-12-26 10:00:00,1.039946,1.040498,1.039933,1.040485,50
2024-12-26 11:00:00,1.040485,1.041990,1.040461,1.041967,50
2024-12-26 12:00:00,1.041967,1.042200,1.040536,1.040769,50
2024-12-26 13:00:00,1.040769,1.040910,1.040045,1.040185,50
2024-12-26 14:00:00,1.040185,1.041169,1.040021,1.041005,50
2024-12-26 15:00:00,1.041005,1.041698,1.040904,1.041596,50
2024-12-26 16:00:00,1.041596,1.041897,1.041390,1.041691,50
2024-12-26 17:00:00,1.041691,1.041861,1.041151,1.041321,50
2024-12-26 18:00:00,1.041321,1.043098,1.041235,1.043011,50
2024-12-26 19:00:00,1.043011,1.043289,1.042364,1.042642,50
2024-12-26 20:00:00,1.042642,1.043077,1.042462,1.042897,50
2024-12-26 21:00:00,1.042897,1.043065,1.042167,1.042335,50
2024-12-26 22:00:00,1.042335,1.042386,1.042045,1.042096,50
2024-12-26 23:00:00,1.042096,1.042353,1.042061,1.042318,50
2024-12-27 00:00:00,1.042318,1.042454,1.042182,1.042318,50
2024-12-27 01:00:00,1.042318,1.042419,1.042217,1.042318,50
2024-12-27 02:00:00,1.042318,1.042407,1.042229,1.042318,50
2024-12-27 03:00:00,1.042318,1.042363,1.042273,1.042318,50
2024-12-27 04:00:00,1.042318,1.042462,1.042175,1.042318,50
2024-12-27 05:00:00,1.042318,1.042368,1.042269,1.042318,50
2024-12-27 06:00:00,1.042318,1.042426,1.042210,1.042318,50
2024-12-27 07:00:00,1.042318,1.042341,1.042296,1.042318,50
2024-12-27 08:00:00,1.042318,1.042403,1.042234,1.042318,50
2024-12-27 09:00:00,1.042318,1.042336,1.042300,1.042318,50
2024-12-27 10:00:00,1.042318,1.042437,1.042199,1.042318,50
2024-12-27 11:00:00,1.042318,1.042319,1.042318,1.042318,50
2024-12-27 12:00:00,1.042318,1.042414,1.042222,1.042318,50
2024-12-27 13:00:00,1.042318,1.042468,1.042169,1.042318,50
2024-12-27 14:00:00,1.042318,1.042498,1.042138,1.042318,50
2024-12-27 15:00:00,1.042318,1.042329,1.042307,1.042318,50
2024-12-27 16:00:00,1.042318,1.042425,1.042211,1.042318,50
2024-12-27 17:00:00,1.042318,1.042368,1.042268,1.042318,50
2024-12-27 18:00:00,1.042318,1.042326,1.042310,1.042318,50
2024-12-27 19:00:00,1.042318,1.042409,1.042227,1.042318,50
2024-12-27 20:00:00,1.042318,1.042475,1.042161,1.042318,50
2024-12-27 21:00:00,1.042318,1.042441,1.042195,1.042318,50
2024-12-27 22:00:00,1.042318,1.042501,1.042135,1.042318,50
2024-12-27 23:00:00,1.042318,1.042476,1.042160,1.042318,50
2024-12-30 00:00:00,1.042318,1.043123,1.042216,1.043021,50
2024-12-30 01:00:00,1.043021,1.043329,1.042746,1.043054,50
2024-12-30 02:00:00,1.043054,1.043357,1.041697,1.042000,50
2024-12-30 03:00:00,1.042000,1.042133,1.041862,1.041995,50
2024-12-30 04:00:00,1.041995,1.042062,1.041581,1.041647,50
2024-12-30 05:00:00,1.041647,1.041942,1.040435,1.040730,50
2024-12-30 06:00:00,1.040730,1.040800,1.040725,1.040795,50
2024-12-30 07:00:00,1.040795,1.041607,1.040599,1.041411,50
2024-12-30 08:00:00,1.041411,1.041653,1.040516,1.040758,50
2024-12-30 09:00:00,1.040758,1.040881,1.040335,1.040459,50
2024-12-30 10:00:00,1.040459,1.040866,1.040345,1.040752,50
2024-12-30 11:00:00,1.040752,1.041001,1.040441,1.040689,50
2024-12-30 12:00:00,1.040689,1.040974,1.039550,1.039834,50
2024-12-30 13:00:00,1.039834,1.039854,1.039744,1.039763,50
2024-12-30 14:00:00,1.039763,1.040527,1.039519,1.040283,50
2024-12-30 15:00:00,1.040283,1.040342,1.039931,1.039991,50
2024-12-30 16:00:00,1.039991,1.040218,1.039220,1.039447,50
2024-12-30 17:00:00,1.039447,1.039545,1.037803,1.037901,50
2024-12-30 18:00:00,1.037901,1.038548,1.037721,1.038368,50
2024-12-30 19:00:00,1.038368,1.038967,1.038191,1.038791,50
2024-12-30 20:00:00,1.038791,1.038886,1.038723,1.038819,50
2024-12-30 21:00:00,1.038819,1.038953,1.038637,1.038772,50
2024-12-30 22:00:00,1.038772,1.039556,1.038655,1.039439,50
2024-12-30 23:00:00,1.039439,1.039658,1.038418,1.038637,50
2024-12-31 00:00:00,1.038637,1.038893,1.037769,1.038024,50
2024-12-31 01:00:00,1.038024,1.038328,1.037957,1.038260,50
2024-12-31 02:00:00,1.038260,1.038322,1.037002,1.037064,50
2024-12-31 03:00:00,1.037064,1.037590,1.036903,1.037430,50
2024-12-31 04:00:00,1.037430,1.038774,1.037415,1.038759,50
2024-12-31 05:00:00,1.038759,1.038835,1.038024,1.038100,50
2024-12-31 06:00:00,1.038100,1.038291,1.036946,1.037138,50
2024-12-31 07:00:00,1.037138,1.037207,1.035355,1.035424,50
2024-12-31 08:00:00,1.035424,1.036196,1.035227,1.035999,50
2024-12-31 09:00:00,1.035999,1.036263,1.035250,1.035514,50
2024-12-31 10:00:00,1.035514,1.036433,1.035355,1.036274,50
2024-12-31 11:00:00,1.036274,1.036420,1.034619,1.034765,50
2024-12-31 12:00:00,1.034765,1.034853,1.034417,1.034505,50
2024-12-31 13:00:00,1.034505,1.034591,1.034293,1.034380,50
2024-12-31 14:00:00,1.034380,1.035421,1.034149,1.035190,50
2024-12-31 15:00:00,1.035190,1.036980,1.035063,1.036853,50
2024-12-31 16:00:00,1.036853,1.037149,1.035318,1.035615,50
2024-12-31 17:00:00,1.035615,1.035791,1.035111,1.035288,50
2024-12-31 18:00:00,1.035288,1.035569,1.034467,1.034748,50
2024-12-31 19:00:00,1.034748,1.035849,1.034455,1.035556,50
2024-12-31 20:00:00,1.035556,1.037458,1.035426,1.037328,50
2024-12-31 21:00:00,1.037328,1.037617,1.036247,1.036536,50
2024-12-31 22:00:00,1.036536,1.037551,1.036267,1.037282,50
2024-12-31 23:00:00,1.037282,1.037384,1.034987,1.035090,50
